ProjectId,ProjectName,SectorName,StateName,LineMinistry,COMPANYNAME,AgencyId,AgencyName,OriginalCost,RevisedCost,RevisedCostReason,Expenditure,SanctionDate,StartDate,OriginalEndDate,RevisedDate,RevisedDateReason,DELAYED_TIME,COST_OVERRUN,COST_OVERRUN_PERC,COR_PERC,TOR_PERC,PhysicalProgress,OnboardingDelay,Remarks,Sanction_Year,Delay_Months,Overrun_Cr,Overrun_Pct,Has_Overrun,Has_Delay,WPI_Inflation_At_Sanction,State_Election_Timing,Avg_Monsoon_Anomaly_Active_Period,RBI_Repo_Rate_At_Sanction,Lending_Rate_WALR_At_Sanction,Land_Cost_Per_Ha_At_Sanction,Land_Act_Regime,Labor_Wage_INR_At_Sanction,Labor_Wage_Inflation_At_Sanction
706718,C/o NITB Imphal Airport,Aviation & Aviation Infrastructure,,Ministry of Civil Aviation,Airport Authority of India [AAI],0,,499,499.0,,154.43,2021-01-11,,2024-07-13,2026-12-31,,0,0,0,,,41,0,,2021.0,29.6,0.0,0.0,0,1,26.733988838692536,Unknown / Multi-State,,4.0,7.5,290.0,Post-RFCTLARR 2013 (High Compensation),665.0,7.258064516129026
701121,Construction of New  Domestic Terminal Building  at Rajahmundry Airport.,Aviation & Aviation Infrastructure,,Ministry of Civil Aviation,Airport Authority of India [AAI],0,,347,,,165.11,,,2025-08-13,2026-04-30,,0,0,0,,,86,0,,,8.5,,,0,1,10.80589921017685,Unknown / Multi-State,,,,,Unknown,,
701101,"Construction of New Domestic Terminal Building [Phase-I and II] and other allied structures at JPNI Airport, Patna",Aviation & Aviation Infrastructure,,Ministry of Civil Aviation,Airport Authority of India [AAI],0,,1217,1216.9,,1182.02,,,2026-05-31,2026-05-31,,0,0,0,,,97,0,,,0.0,-0.09999999999990905,-0.00821692686934339,0,0,10.974572265809623,Unknown / Multi-State,,,,,Unknown,,
612788,Construction of New Domestic Terminal Building and Miscellaneous Works at Belagavi Airport.,Aviation & Aviation Infrastructure,,Ministry of Civil Aviation,Airport Authority of India [AAI],0,,322,,,170.49,2023-02-06,,2026-02-01,2026-04-30,,0,0,0,,,74,0,,2023.0,2.9,,,0,1,-5.897937298933953,Unknown / Multi-State,,6.5,9.8,375.0,Post-RFCTLARR 2013 (High Compensation),780.0,8.333333333333325
612787,Construction of New Domestic Terminal Building and Miscellaneous works at Hubli Airport,Aviation & Aviation Infrastructure,,Ministry of Civil Aviation,Airport Authority of India [AAI],0,,320,,,112.06,2023-02-06,,2026-01-21,2026-06-30,,0,0,0,,,64,0,,2023.0,5.3,,,0,1,-5.897937298933953,Unknown / Multi-State,,6.5,9.8,375.0,Post-RFCTLARR 2013 (High Compensation),780.0,8.333333333333325
612786,"Construction of New Domestic Terminal Building Building and miscellaneous works including maintenance, operations and AICMC at Kadapa Airport",Aviation & Aviation Infrastructure,,Ministry of Civil Aviation,Airport Authority of India [AAI],0,,266,,,129.07,2023-10-03,,2026-01-27,2026-07-15,,0,0,0,,,65,0,,2023.0,5.6,,,0,1,-5.897937298933953,Unknown / Multi-State,,6.5,9.8,375.0,Post-RFCTLARR 2013 (High Compensation),780.0,8.333333333333325
701128,Construction of New Integrated Passenger Terminal Building at Udaipur Airport,Aviation & Aviation Infrastructure,,Ministry of Civil Aviation,Airport Authority of India [AAI],0,,887,887.0,,312.4,2023-01-06,,2026-03-10,2026-10-03,,0,0,0,,,44,0,,2023.0,6.8,0.0,0.0,0,1,-5.897937298933953,Unknown / Multi-State,,6.5,9.8,375.0,Post-RFCTLARR 2013 (High Compensation),780.0,8.333333333333325
701107,Construction of New Integrated Terminal Building and associated works including apron to park 3 code E type of aircraft or 6 code C type of aircraft at Vijayawada Airport.,Aviation & Aviation Infrastructure,,Ministry of Civil Aviation,Airport Authority of India [AAI],0,,612,611.8,,523.14,,,2022-09-04,2026-07-31,,0,0,0,,,87,0,,,46.8,-0.20000000000004547,-0.03267973856209894,0,1,-0.5724854676765867,Unknown / Multi-State,,,,,Unknown,,
701127,Construction of New Passenger Terminal Building for Domestic Operations at Jodhpur Airport.,Aviation & Aviation Infrastructure,,Ministry of Civil Aviation,Airport Authority of India [AAI],0,,480,480.0,,317.88,2022-01-05,,2024-11-18,2025-11-30,,0,0,0,,,96,0,,2022.0,12.4,0.0,0.0,0,1,10.80589921017685,Unknown / Multi-State,,6.25,9.2,330.0,Post-RFCTLARR 2013 (High Compensation),720.0,8.270676691729317
612063,"Construction of New Terminal Building, Second Link Taxi Track, Apron Expansion, and associated works at Prayagraj Airport- On Design & Build Basis.",Aviation & Aviation Infrastructure,,Ministry of Civil Aviation,Airport Authority of India [AAI],0,,219,274.38,,215.51,,,2024-11-19,2025-10-15,,0,0,0,,,100,0,,,10.8,55.379999999999995,25.28767123287671,1,1,,Unknown / Multi-State,,,,,Unknown,,
611047,"Construction of NTB complex including apron, taxi track and other associated civil works and electrical & mechanical installations towards Tawi River side at CA Jammu.",Aviation & Aviation Infrastructure,,Ministry of Civil Aviation,Airport Authority of India [AAI],0,,861,861.37,,154.3,2022-01-07,,2026-06-21,2026-06-21,,0,0,0,,,30,0,,2022.0,0.0,0.37000000000000455,0.04297328687572643,1,0,10.80589921017685,Unknown / Multi-State,,6.25,9.2,330.0,Post-RFCTLARR 2013 (High Compensation),720.0,8.270676691729317
400010,"Construction of Terminal Building & Associated works at Leh Airport, Ladakh",Aviation & Aviation Infrastructure,,Ministry of Civil Aviation,Airport Authority of India [AAI],0,,480,640.0,,483.12,,,2021-09-14,2026-07-31,,0,0,0,,,78,0,,,58.5,160.0,33.33333333333333,1,1,10.974572265809623,Unknown / Multi-State,,,,,Unknown,,
612789,"Development of additional RESA on either end on Runway 10-28  at Calicut Airport.  Construction of embankment with slope protection, drainage system and associated works for additional RESA on either end on Runway 10-28",Aviation & Aviation Infrastructure,,Ministry of Civil Aviation,Airport Authority of India [AAI],0,,485,,,74.67,2023-01-06,,2025-09-28,2026-03-16,,0,0,0,,,19,0,,2023.0,5.6,,,0,1,-5.897937298933953,Unknown / Multi-State,,6.5,9.8,375.0,Post-RFCTLARR 2013 (High Compensation),780.0,8.333333333333325
701126,"Development of Dholera International Greenfield Airport , Gujarat",Aviation & Aviation Infrastructure,,Ministry of Civil Aviation,Airport Authority of India [AAI],0,,1305,1551.0,,1348.78,,,2026-06-30,2026-06-30,,0,0,0,,,64,0,,,0.0,246.0,18.850574712643677,1,0,10.80589921017685,Unknown / Multi-State,,,,,Unknown,,
619054,Development of Keshod Airport.,Aviation & Aviation Infrastructure,,Ministry of Civil Aviation,Airport Authority of India [AAI],0,,363,,,102.3,2024-12-01,,2027-01-31,,,0,0,0,,,42,0,,2024.0,0.0,,,0,0,0.7306609465075553,Unknown / Multi-State,,6.5,9.85,420.0,Post-RFCTLARR 2013 (High Compensation),840.0,7.692307692307687
701113,"Development of Lal Bahadur Shastri International airport, Varanasi including C/o New Terminal Building, Apron Extension, Runway Extension, PTT and allied works.",Aviation & Aviation Infrastructure,,Ministry of Civil Aviation,Airport Authority of India [AAI],0,,2870,,,302.3,2024-01-07,,2027-07-20,2027-07-20,,0,0,0,,,14,0,,2024.0,0.0,,,0,0,0.7306609465075553,Unknown / Multi-State,,6.5,9.85,420.0,Post-RFCTLARR 2013 (High Compensation),840.0,7.692307692307687
612194,Development of New Civil Enclave and associated works at Darbhanga Airport,Aviation & Aviation Infrastructure,,Ministry of Civil Aviation,Airport Authority of India [AAI],0,,912,,,374.49,2024-03-07,,2026-07-11,2026-11-30,,0,0,0,,,65,0,,2024.0,4.7,,,0,1,0.7306609465075553,Unknown / Multi-State,,6.5,9.85,420.0,Post-RFCTLARR 2013 (High Compensation),840.0,7.692307692307687
611495,Development of New Civil Enclave at Bagdogra Airport,Aviation & Aviation Infrastructure,,Ministry of Civil Aviation,Airport Authority of India [AAI],0,,1549,1549.0,,262.41,2024-01-08,,2027-01-03,2027-01-03,,0,0,0,,,10,0,,2024.0,0.0,0.0,0.0,0,0,0.7306609465075553,Unknown / Multi-State,,6.5,9.85,420.0,Post-RFCTLARR 2013 (High Compensation),840.0,7.692307692307687
612183,Development of New Civil Enclave at Bihta,Aviation & Aviation Infrastructure,,Ministry of Civil Aviation,Airport Authority of India [AAI],0,,1413,,,0.0,,,2027-09-30,,,0,0,0,,,1,0,,,0.0,,,0,0,0.7306609465075553,Unknown / Multi-State,,,,,Unknown,,
618977,"Development of New Greenfield Airport at Bundi, Kota Rajasthan.",Aviation & Aviation Infrastructure,,Ministry of Civil Aviation,Airport Authority of India [AAI],0,,1507,,,40.4,,,2027-10-19,2027-11-13,,0,0,0,,,13,0,,,0.8,,,0,1,1.889931456711258,Unknown / Multi-State,,,,,Unknown,,
701122,Development of New Integrated Civil Enclave at Agra Airport,Aviation & Aviation Infrastructure,,Ministry of Civil Aviation,Airport Authority of India [AAI],0,,579,,,193.18,,,2026-07-04,2026-11-30,,0,0,0,,,38,0,,,4.9,,,0,1,0.7306609465075553,Unknown / Multi-State,,,,,Unknown,,
701105,Goa Airport Terminal Building Extension Project,Aviation & Aviation Infrastructure,,Ministry of Civil Aviation,Airport Authority of India [AAI],0,,256,255.69,,154.3,2017-01-11,,2021-12-09,2026-01-15,,0,0,0,,,97,0,,2017.0,49.2,-0.3100000000000023,-0.12109375000000089,0,1,10.26683343756516,Unknown / Multi-State,,6.0,10.1,165.0,Post-RFCTLARR 2013 (High Compensation),505.0,8.602150537634401
706724,Guwahati Airport New Integrated Terminal Building Construction Project,Aviation & Aviation Infrastructure,,Ministry of Civil Aviation,Adani Airport Holdings Limited,0,,1712,2520.0,,2602.19,2016-01-12,,2025-03-31,2026-06-30,,0,0,0,,,97,0,,2016.0,15.0,808.0,47.19626168224299,1,1,0.6082214765100735,Unknown / Multi-State,,6.25,10.4,138.0,Post-RFCTLARR 2013 (High Compensation),465.0,9.411764705882364
701091,Lucknow Airport-Terminal 3- Phase 1 & Other Associated Works,Aviation & Aviation Infrastructure,,Ministry of Civil Aviation,Adani Airport Holdings Limited,0,,3100,,,0.0,2018-01-06,,2026-03-31,,,0,0,0,,,100,0,,2018.0,0.0,,,0,0,10.974572265809623,Unknown / Multi-State,,6.5,10.35,195.0,Post-RFCTLARR 2013 (High Compensation),545.0,7.920792079207928
611602,"Modernization of Chennai Airport, Phase II, Part 2",Aviation & Aviation Infrastructure,,Ministry of Civil Aviation,Airport Authority of India [AAI],0,,1207,,,164.13,,,2025-07-31,2026-06-30,,0,0,0,,,24,0,,,11.0,,,0,1,10.974572265809623,Unknown / Multi-State,,,,,Unknown,,
611440,Procurment of 30 Nos ACFTs of WT Capacity 10KL at Various Airports,Aviation & Aviation Infrastructure,,Ministry of Civil Aviation,Airport Authority of India [AAI],0,,215,,,104.92,,,2025-06-30,,,0,0,0,,,53,0,,,0.0,,,0,0,,Unknown / Multi-State,,,,,Unknown,,
612791,"Re-Construction of Rigid portions of Secondary Runway, K and  A Taxiway and Strengthening of C Taxiway at NSCBI Airport Kolkata.",Aviation & Aviation Infrastructure,,Ministry of Civil Aviation,Airport Authority of India [AAI],0,,328,,,115.65,2023-04-03,,2025-10-02,2026-08-31,,0,0,0,,,49,0,,2023.0,10.9,,,0,1,-5.897937298933953,Unknown / Multi-State,,6.5,9.8,375.0,Post-RFCTLARR 2013 (High Compensation),780.0,8.333333333333325
611570,"SITC of ATM Automation System and ASMGCS [Including SMR & MLAT] for Mumbai, Navi Mumbai, Jewar [earlier MOPA, without ASMGCS], HIAL & BIAL",Aviation & Aviation Infrastructure,,Ministry of Civil Aviation,Airport Authority of India [AAI],0,,500,,,339.1,,,2025-09-11,2026-08-31,,0,0,0,,,75,0,,,11.6,,,0,1,-0.5724854676765867,Unknown / Multi-State,,,,,Unknown,,
612793,"Widening of basic strip at Western Side of Runway Chainage 80m to 920m i/c slope stabilization Measures [Balance work] of uphill and Improvement of Storm Water Drainage System at Pakyong Airport, Sikkim on design & build basis [EPC] with integrated 10 years maintenance.",Aviation & Aviation Infrastructure,,Ministry of Civil Aviation,Airport Authority of India [AAI],0,,323,,,80.84,,,2026-06-02,2027-06-30,,0,0,0,,,34,0,,,12.9,,,0,1,-5.897937298933953,Unknown / Multi-State,,,,,Unknown,,
613800, JAGANNATHPUR OC RCE PROJECT,Coal,,Ministry of Coal,SECL - CIL,0,,459,,,278.71,,,2025-03-31,2027-03-31,,0,0,0,,,96,0,,,24.0,,,0,1,0.6082214765100735,Unknown / Multi-State,,,,,Unknown,,
400142, Pachwara South Coal Block,Coal,,Ministry of Coal,NLC India Limited,0,,2243,,,1422.51,2016-10-03,,2028-09-30,,,0,0,0,,,87,0,,2016.0,0.0,,,0,0,0.6082214765100735,Unknown / Multi-State,,6.25,10.4,138.0,Post-RFCTLARR 2013 (High Compensation),465.0,9.411764705882364
611016,2.0 MTPA BHOJUDIH NLW WASHERY,Coal,,Ministry of Coal,Ministry of Coal,0,,385,,,359.08,2015-08-12,,2020-09-30,2026-02-28,,0,0,0,,,97,0,,2015.0,64.9,,,0,1,-12.69797674631511,Unknown / Multi-State,,6.75,11.1,115.0,Post-RFCTLARR 2013 (High Compensation),425.0,10.389610389610393
611017,2.5 MTPA PATHERDIH NLW WASHERY,Coal,,Ministry of Coal,Ministry of Coal,0,,334,,,138.69,,,2018-04-30,2026-03-31,,0,0,0,,,48,0,,,95.0,,,0,1,-12.69797674631511,Unknown / Multi-State,,,,,Unknown,,
616223,ADASA UG TO OC MINE,Coal,,Ministry of Coal,WCL - CIL,0,,316,,,209.29,,,2024-03-31,2027-03-31,,0,0,0,,,86,0,,,36.0,,,0,1,10.974572265809623,Unknown / Multi-State,,,,,Unknown,,
400148,AMADAND OCP[4.0MTY],Coal,,Ministry of Coal,South Eastern Coalfields Limited [SECL],0,,869,,,273.45,2016-05-03,,2021-03-31,2027-03-31,,0,0,0,,,75,0,,2016.0,72.0,,,0,1,0.6082214765100735,Unknown / Multi-State,,6.25,10.4,138.0,Post-RFCTLARR 2013 (High Compensation),465.0,9.411764705882364
616229,AMAL GONDEGAON GHATROHANA EXPN,Coal,,Ministry of Coal,WCL - CIL,0,,669,,,2.95,2024-10-09,,2029-03-31,,,0,0,0,,,3,0,,2024.0,0.0,,,0,0,0.7306609465075553,Unknown / Multi-State,,6.5,9.85,420.0,Post-RFCTLARR 2013 (High Compensation),840.0,7.692307692307687
611864,AMALAGAMATED NTST KUJAMA OCP 8.5MTY,Coal,,Ministry of Coal,Ministry of Coal,0,,4012,,,398.5,2023-04-01,,2030-03-31,,,0,0,0,,,28,0,,2023.0,0.0,,,0,0,-5.897937298933953,Unknown / Multi-State,,6.5,9.8,375.0,Post-RFCTLARR 2013 (High Compensation),780.0,8.333333333333325
615185,AMALGAMATED DHANKASA & JAMUNIA,Coal,,Ministry of Coal,WCL - CIL,0,,399,,,117.0,,,2027-03-31,,,0,0,0,,,67,0,,,0.0,,,0,0,10.80589921017685,Unknown / Multi-State,,,,,Unknown,,
616050,AMALGAMATED INDER-KAMPTEE DEEP,Coal,,Ministry of Coal,Western Coalfields Limited [WCL],0,,236,,,127.21,,,2024-03-31,2026-03-31,,0,0,0,,,99,0,,,24.0,,,0,1,10.974572265809623,Unknown / Multi-State,,,,,Unknown,,
400177,AMALGAMATED YEKONA I & YEKONA,Coal,,Ministry of Coal,WCL - CIL,0,,727,,,564.25,2015-12-08,,2025-03-31,2027-03-31,,0,0,0,,,81,0,,2015.0,24.0,,,0,1,-12.69797674631511,Unknown / Multi-State,,6.75,11.1,115.0,Post-RFCTLARR 2013 (High Compensation),425.0,10.389610389610393
613798,AMERA OC RCE [1.0 MTY],Coal,,Ministry of Coal,South Eastern Coalfields Limited [SECL],0,,336,,,87.47,2015-04-02,,2026-03-31,,,0,0,0,,,42,0,,2015.0,0.0,,,0,0,-12.69797674631511,Unknown / Multi-State,,6.75,11.1,115.0,Post-RFCTLARR 2013 (High Compensation),425.0,10.389610389610393
613799,AMGAON OC RCE [1.0 MTY],Coal,,Ministry of Coal,SECL - CIL,0,,316,,,192.9,,,2026-03-31,,,0,0,0,,,79,0,,,0.0,,,0,0,-12.69797674631511,Unknown / Multi-State,,,,,Unknown,,
615916,AMLG GAURI PAUNI EXPANSION OC,Coal,,Ministry of Coal,WCL - CIL,0,,1225,,,91.83,,,2030-03-31,,,0,0,0,,,4,0,,,0.0,,,0,0,0.7306609465075553,Unknown / Multi-State,,,,,Unknown,,
616233,BALABHADRA OCP,Coal,,Ministry of Coal,MCL - CIL,0,,978,,,211.37,,,2030-03-31,,,0,0,0,,,11,0,,,0.0,,,0,0,-5.897937298933953,Unknown / Multi-State,,,,,Unknown,,
400183,BALARAM EXPANSION OCP,Coal,,Ministry of Coal,Mahanadi Coalfields Limited (MCL),0,,3504,,,1027.23,2020-12-06,,2029-03-31,,,0,0,0,,,52,0,,2020.0,0.0,,,0,0,-0.5724854676765867,Unknown / Multi-State,,4.0,7.8,260.0,Post-RFCTLARR 2013 (High Compensation),620.0,5.982905982905984
615330,BALLARPUR NORTH WEST OC MINE,Coal,,Ministry of Coal,Western Coalfields Limited [WCL],0,,361,,,0.02,,,2029-03-31,,,0,0,0,,,4,0,,,0.0,,,0,0,10.80589921017685,Unknown / Multi-State,,,,,Unknown,,
400149,BAROUD OC EXPANSION [3.0-10.0M,Coal,,Ministry of Coal,South Eastern Coalfields Limited [SECL],0,,2310,,,1007.09,2020-04-08,,2029-03-31,,,0,0,0,,,56,0,,2020.0,0.0,,,0,0,-0.5724854676765867,Unknown / Multi-State,,4.0,7.8,260.0,Post-RFCTLARR 2013 (High Compensation),620.0,5.982905982905984
615193,BASUNDHARA WEST EXTENSION OPEN,Coal,,Ministry of Coal,MCL - CIL,0,,479,,,273.75,2014-07-05,,2019-03-31,2029-03-31,,0,0,0,,,64,0,,2014.0,120.0,,,0,1,-0.6909719065369746,Unknown / Multi-State,,8.0,12.0,92.0,Post-RFCTLARR 2013 (High Compensation),385.0,13.235294117647056
400392,BHARATPUR RE-ORGANIZATION OCP,Coal,,Ministry of Coal,Mahanadi Coalfields Limited (MCL),0,,2839,,,1672.82,2018-12-11,,2029-03-31,,,0,0,0,,,47,0,,2018.0,0.0,,,0,0,10.974572265809623,Unknown / Multi-State,,6.5,10.35,195.0,Post-RFCTLARR 2013 (High Compensation),545.0,7.920792079207928
400033,BHATADI EXPANSION OC,Coal,,Ministry of Coal,WCL - CIL,0,,581,,,112.17,2020-11-02,,2028-03-31,,,0,0,0,,,34,0,,2020.0,0.0,,,0,0,-0.5724854676765867,Unknown / Multi-State,,4.0,7.8,260.0,Post-RFCTLARR 2013 (High Compensation),620.0,5.982905982905984
400179,BHUBANESWARI EXPANSION OCP,Coal,,Ministry of Coal,Mahanadi Coalfields Limited (MCL),0,,3145,6321.73,,1250.66,2023-04-01,,2031-03-31,,,0,0,0,,,21,0,,2023.0,0.0,3176.7299999999996,101.00890302066772,1,0,-5.897937298933953,Unknown / Multi-State,,6.5,9.8,375.0,Post-RFCTLARR 2013 (High Compensation),780.0,8.333333333333325
616231,BHUBANESWARI EXPN OCP 50 MTY,Coal,,Ministry of Coal,MCL - CIL,0,,5366,,,465.31,,,2033-03-31,,,0,0,0,,,14,0,,,0.0,,,0,0,0.7306609465075553,Unknown / Multi-State,,,,,Unknown,,
400369,BINA KAKRI AMALGAMATION EXPANS,Coal,,Ministry of Coal,NCL - CIL,0,,836,,,914.9,,,2024-03-31,2027-03-31,,0,0,0,,,92,0,,,36.0,,,0,1,-0.5724854676765867,Unknown / Multi-State,,,,,Unknown,,
400162,BLOCK B EXPANSION  [3.5 TO 8.0,Coal,,Ministry of Coal,NCL - CIL,0,,999,,,684.46,,,2023-03-31,2027-03-31,,0,0,0,,,51,0,,,48.0,,,0,1,-3.287904599659297,Unknown / Multi-State,,,,,Unknown,,
616253,BLOCK E OCP,Coal,,Ministry of Coal,Ministry of Coal,0,,5851,,,0.0,,,2029-03-31,,,0,0,0,,,2,0,,,0.0,,,0,0,0.7306609465075553,Unknown / Multi-State,,,,,Unknown,,
400180,BONJEMEHARI EXPANSION OCP,Coal,,Ministry of Coal,Eastern Coal Fields Limited [ECL],0,,570,570.11,,81.29,2021-10-08,,2026-03-31,2026-03-31,,0,0,0,,,16,0,,2021.0,0.0,0.11000000000001364,0.019298245614037483,1,0,26.733988838692536,Unknown / Multi-State,,4.0,7.5,290.0,Post-RFCTLARR 2013 (High Compensation),665.0,7.258064516129026
400138,CHANDRAGUPT OCP,Coal,,Ministry of Coal,CCL - CIL,0,,974,,,772.12,2020-04-08,,2032-03-31,,,0,0,0,,,25,0,,2020.0,0.0,,,0,0,-0.5724854676765867,Unknown / Multi-State,,4.0,7.8,260.0,Post-RFCTLARR 2013 (High Compensation),620.0,5.982905982905984
400145,CHHAL OC SEAM III [6 MTY],Coal,,Ministry of Coal,South Eastern Coalfields Limited [SECL],0,,611,,,577.46,,,2022-03-31,2025-09-30,,0,0,0,,,85,0,,,42.0,,,0,1,2.5739065560011376,Unknown / Multi-State,,,,,Unknown,,
400172,CHITRA EAST OC,Coal,,Ministry of Coal,Eastern Coal Fields Limited [ECL],0,,514,,,229.86,2018-11-08,,2026-03-31,2028-03-31,,0,0,0,,,51,0,,2018.0,24.0,,,0,1,10.974572265809623,Unknown / Multi-State,,6.5,10.35,195.0,Post-RFCTLARR 2013 (High Compensation),545.0,7.920792079207928
616225,CHUPERBHITA SIMLONG OCP MDO 6,Coal,,Ministry of Coal,ECL - CIL,0,,979,,,0.0,,,2037-03-31,,,0,0,0,,,0,0,,,0.0,,,0,0,-5.897937298933953,Unknown / Multi-State,,,,,Unknown,,
400353,DHUPTALA OC [SASTI UG TO OC ],Coal,,Ministry of Coal,WCL - CIL,0,,711,,,174.66,2019-12-02,,2028-03-31,,,0,0,0,,,19,0,,2019.0,0.0,,,0,0,-3.287904599659297,Unknown / Multi-State,,5.15,9.2,230.0,Post-RFCTLARR 2013 (High Compensation),585.0,7.339449541284404
400178,DINESH[MAKARDHOKRA-III] OC,Coal,,Ministry of Coal,Western Coalfields Limited [WCL],0,,823,822.88,,621.73,2020-11-02,,2027-03-31,,,0,0,0,,,35,0,,2020.0,0.0,-0.12000000000000455,-0.014580801944107479,0,0,-0.5724854676765867,Unknown / Multi-State,,4.0,7.8,260.0,Post-RFCTLARR 2013 (High Compensation),620.0,5.982905982905984
400354,DIPKA EXPANSION OCP [40 MTY],Coal,,Ministry of Coal,South Eastern Coalfields Limited [SECL],0,,5241,,,2675.0,,,2029-03-31,,,0,0,0,,,37,0,,,0.0,,,0,0,-0.5724854676765867,Unknown / Multi-State,,,,,Unknown,,
612838,DIPKA OC,Coal,,Ministry of Coal,SECL - CIL,0,,7580,,,3091.0,,,2025-03-31,,,0,0,0,,,65,0,,,0.0,,,0,0,,Unknown / Multi-State,,,,,Unknown,,
400156,EPR AMRAPALI OCP,Coal,,Ministry of Coal,Ministry of Coal,0,,5136,,,1125.18,2020-11-02,,2028-03-31,,,0,0,0,,,43,0,,2020.0,0.0,,,0,0,-0.5724854676765867,Unknown / Multi-State,,4.0,7.8,260.0,Post-RFCTLARR 2013 (High Compensation),620.0,5.982905982905984
400155,EPR ASHOK OC,Coal,,Ministry of Coal,Ministry of Coal,0,,2821,,,186.02,2021-10-05,,2031-03-31,,,0,0,0,,,28,0,,2021.0,0.0,,,0,0,26.733988838692536,Unknown / Multi-State,,4.0,7.5,290.0,Post-RFCTLARR 2013 (High Compensation),665.0,7.258064516129026
400154,EPR PUNDI OCP,Coal,,Ministry of Coal,Ministry of Coal,0,,640,,,236.58,2020-11-11,,2027-03-31,,,0,0,0,,,11,0,,2020.0,0.0,,,0,0,-0.5724854676765867,Unknown / Multi-State,,4.0,7.8,260.0,Post-RFCTLARR 2013 (High Compensation),620.0,5.982905982905984
400153,EPR ROHINI - KARKETTA OCP,Coal,,Ministry of Coal,Ministry of Coal,0,,996,,,85.34,,,2028-03-31,,,0,0,0,,,24,0,,,0.0,,,0,0,26.733988838692536,Unknown / Multi-State,,,,,Unknown,,
615331,GADEGAON OC 3 MTY,Coal,,Ministry of Coal,WCL - CIL,0,,497,,,86.72,,,2030-03-31,,,0,0,0,,,2,0,,,0.0,,,0,0,-5.897937298933953,Unknown / Multi-State,,,,,Unknown,,
615206,GANDHIGRAM UG MINE,Coal,,Ministry of Coal,WCL - CIL,0,,414,,,22.16,,,2026-03-31,2027-03-31,,0,0,0,,,57,0,,,12.0,,,0,1,-3.287904599659297,Unknown / Multi-State,,,,,Unknown,,
615917,GAURIDEEP/GAURI CENTRAL OCP 7.,Coal,,Ministry of Coal,WCL - CIL,0,,973,,,1.55,2023-08-08,,2030-03-31,,,0,0,0,,,2,0,,2023.0,0.0,,,0,0,-5.897937298933953,Unknown / Multi-State,,6.5,9.8,375.0,Post-RFCTLARR 2013 (High Compensation),780.0,8.333333333333325
400424,GEVRA OC [70 MTY],Coal,,Ministry of Coal,South Eastern Coalfields Limited [SECL],0,,11816,,,5328.96,2016-05-03,,2023-03-31,2026-03-31,,0,0,0,,,77,0,,2016.0,36.0,,,0,1,0.6082214765100735,Unknown / Multi-State,,6.25,10.4,138.0,Post-RFCTLARR 2013 (High Compensation),465.0,9.411764705882364
615914,GHONSA EXPANSION DEEP OC MINE,Coal,,Ministry of Coal,WCL - CIL,0,,185,,,15.72,,,2029-03-31,,,0,0,0,,,13,0,,,0.0,,,0,0,26.733988838692536,Unknown / Multi-State,,,,,Unknown,,
615860,Godavarikhani Coal Mine - 5,Coal,,Ministry of Coal,Singareni Collieries Company Limited [SCCL],0,,607,,,178.82,2019-01-07,,2025-03-31,2026-03-31,,0,0,0,,,71,0,,2019.0,12.0,,,0,1,-3.287904599659297,Unknown / Multi-State,,5.15,9.2,230.0,Post-RFCTLARR 2013 (High Compensation),585.0,7.339449541284404
615192,GOKUL EXTENSION OC MINE,Coal,,Ministry of Coal,WCL - CIL,0,,310,,,62.31,,,2026-03-31,2027-03-31,,0,0,0,,,8,0,,,12.0,,,0,1,26.733988838692536,Unknown / Multi-State,,,,,Unknown,,
615862,Goleti Opencast Mine,Coal,,Ministry of Coal,Singareni Collieries Company Limited [SCCL],0,,346,,,100.22,2021-01-07,,2026-03-31,,,0,0,0,,,29,0,,2021.0,0.0,,,0,0,26.733988838692536,Unknown / Multi-State,,4.0,7.5,290.0,Post-RFCTLARR 2013 (High Compensation),665.0,7.258064516129026
400185,GOPALJI KANIHA OCP [10 TO 30 M,Coal,,Ministry of Coal,MCL - CIL,0,,8416,6107.87,,1708.88,,,2030-03-31,,,0,0,0,,,17,0,,,0.0,-2308.13,-27.425499049429657,0,0,10.80589921017685,Unknown / Multi-State,,,,,Unknown,,
616232,HINGULA II OC EXPN PH III 15 M,Coal,,Ministry of Coal,MCL - CIL,0,,1562,,,269.61,2022-07-11,,2029-03-31,,,0,0,0,,,23,0,,2022.0,0.0,,,0,0,10.80589921017685,Unknown / Multi-State,,6.25,9.2,330.0,Post-RFCTLARR 2013 (High Compensation),720.0,8.270676691729317
400018,HURA C OCP,Coal,,Ministry of Coal,ECL - CIL,0,,859,,,450.47,2022-10-08,,2029-03-31,,,0,0,0,,,62,0,,2022.0,0.0,,,0,0,10.80589921017685,Unknown / Multi-State,,6.25,9.2,330.0,Post-RFCTLARR 2013 (High Compensation),720.0,8.270676691729317
615861,Indaram Opencast Project,Coal,,Ministry of Coal,Singareni Collieries Company Limited [SCCL],0,,425,,,402.64,2017-01-08,,2025-03-31,2026-03-31,,0,0,0,,,80,0,,2017.0,12.0,,,0,1,10.26683343756516,Unknown / Multi-State,,6.0,10.1,165.0,Post-RFCTLARR 2013 (High Compensation),505.0,8.602150537634401
616226,INTEGRATED KULDA GARJANBAHAL O,Coal,,Ministry of Coal,Mahanadi Coalfields Limited (MCL),0,,3564,,,540.62,,,2033-03-31,,,0,0,0,,,4,0,,,0.0,,,0,0,-5.897937298933953,Unknown / Multi-State,,,,,Unknown,,
400187,INTEGRATED LAKHANPUR-BELPAHAR-,Coal,,Ministry of Coal,Mahanadi Coalfields Limited [MCL],0,,2435,,,1813.26,,,2027-03-31,,,0,0,0,,,69,0,,,0.0,,,0,0,10.974572265809623,Unknown / Multi-State,,,,,Unknown,,
612816,ITAPARA OCP,Coal,,Ministry of Coal,ECL - CIL,0,,929,,,132.43,,,2030-03-31,,,0,0,0,,,8,0,,,0.0,,,0,0,-5.897937298933953,Unknown / Multi-State,,,,,Unknown,,
613795,JAMPALI OC RCE [2.0 MTY],Coal,,Ministry of Coal,SECL - CIL,0,,279,,,210.07,,,2025-03-31,2025-06-30,,0,0,0,,,82,0,,,3.0,,,0,1,-0.5724854676765867,Unknown / Multi-State,,,,,Unknown,,
616236,JARANGDIH EXPN. OCP 1.5 MTY,Coal,,Ministry of Coal,CCL - CIL,0,,414,,,85.6,2020-03-02,,2029-03-31,,,0,0,0,,,26,0,,2020.0,0.0,,,0,0,-0.5724854676765867,Unknown / Multi-State,,4.0,7.8,260.0,Post-RFCTLARR 2013 (High Compensation),620.0,5.982905982905984
615818,Jawahar Khani Open Cast Mine,Coal,,Ministry of Coal,Singareni Collieries Company Limited [SCCL],0,,298,,,46.39,2021-01-12,,2025-03-31,2027-03-31,,0,0,0,,,20,0,,2021.0,24.0,,,0,1,26.733988838692536,Unknown / Multi-State,,4.0,7.5,290.0,Post-RFCTLARR 2013 (High Compensation),665.0,7.258064516129026
619032,JAYANT EXPN. [20 TO 38 MTPA],Coal,,Ministry of Coal,NCL - CIL,0,,25560,,,256.7,,,2032-03-31,,,0,0,0,,,2,0,,,0.0,,,0,0,1.889931456711258,Unknown / Multi-State,,,,,Unknown,,
400312,JHANJRA EXPANSION UG,Coal,,Ministry of Coal,Eastern Coal Fields Limited [ECL],0,,1210,,,514.93,,,2029-03-31,,,0,0,0,,,40,0,,,0.0,,,0,0,-0.5724854676765867,Unknown / Multi-State,,,,,Unknown,,
400352,JHARKHAND-LAIYO OCP,Coal,,Ministry of Coal,Ministry of Coal,0,,655,,,0.43,,,2031-03-31,,,0,0,0,,,32,0,,,0.0,,,0,0,-0.5724854676765867,Unknown / Multi-State,,,,,Unknown,,
613803,JHIRIA WEST OCP [1.5 MTY],Coal,,Ministry of Coal,SECL - CIL,0,,367,,,36.68,,,2029-03-31,,,0,0,0,,,41,0,,,0.0,,,0,0,0.7306609465075553,Unknown / Multi-State,,,,,Unknown,,
615859,Kakathiya Khani Opencast - III Project Phase - I,Coal,,Ministry of Coal,Singareni Collieries Company Limited [SCCL],0,,414,,,397.55,2017-01-03,,2026-03-31,,,0,0,0,,,79,0,,2017.0,0.0,,,0,0,10.26683343756516,Unknown / Multi-State,,6.0,10.1,165.0,Post-RFCTLARR 2013 (High Compensation),505.0,8.602150537634401
615865,Kakatiyakhani OC - 2 Project,Coal,,Ministry of Coal,Singareni Collieries Company Limited [SCCL],0,,442,,,203.15,,,2025-03-31,2026-03-31,,0,0,0,,,63,0,,,12.0,,,0,1,10.26683343756516,Unknown / Multi-State,,,,,Unknown,,
615858,Kalyanikhani Opencast Project,Coal,,Ministry of Coal,Singareni Collieries Company Limited [SCCL],0,,384,,,281.83,2016-01-03,,2026-03-31,,,0,0,0,,,75,0,,2016.0,0.0,,,0,0,0.6082214765100735,Unknown / Multi-State,,6.25,10.4,138.0,Post-RFCTLARR 2013 (High Compensation),465.0,9.411764705882364
613802,KANCHAN OC EXP,Coal,,Ministry of Coal,South Eastern Coalfields Limited [SECL],0,,371,,,144.61,,,2026-03-31,2028-03-31,,0,0,0,,,58,0,,,24.0,,,0,1,-0.6909719065369746,Unknown / Multi-State,,,,,Unknown,,
400074,KARO EXPANSION OCP,Coal,,Ministry of Coal,Ministry of Coal,0,,849,,,289.45,,,2029-03-31,,,0,0,0,,,22,0,,,0.0,,,0,0,10.80589921017685,Unknown / Multi-State,,,,,Unknown,,
615191,KATKONA RO UG MINE,Coal,,Ministry of Coal,SECL - CIL,0,,329,,,62.01,,,2029-03-31,,,0,0,0,,,2,0,,,0.0,,,0,0,-5.897937298933953,Unknown / Multi-State,,,,,Unknown,,
615183,KHADIA EXPANSION [10 TO 16 MTP,Coal,,Ministry of Coal,NCL - CIL,0,,492,,,379.69,,,2025-03-31,2027-03-31,,0,0,0,,,57,0,,,24.0,,,0,1,26.733988838692536,Unknown / Multi-State,,,,,Unknown,,
617278,KOLARPIMPRI EXPANSION OC [2.5,Coal,,Ministry of Coal,WCL - CIL,0,,630,,,0.61,2024-05-06,,2030-03-31,,,0,0,0,,,0,0,,2024.0,0.0,,,0,0,0.7306609465075553,Unknown / Multi-State,,6.5,9.85,420.0,Post-RFCTLARR 2013 (High Compensation),840.0,7.692307692307687
615199,KOLGAON EXPANSION DEEP OC MINE,Coal,,Ministry of Coal,Western Coalfields Limited [WCL],0,,199,,,0.76,,,2027-03-31,,,0,0,0,,,2,0,,,0.0,,,0,0,-5.897937298933953,Unknown / Multi-State,,,,,Unknown,,
400073,KONAR EXPANSION OCP,Coal,,Ministry of Coal,Ministry of Coal,0,,675,,,433.64,,,2032-03-31,,,0,0,0,,,46,0,,,0.0,,,0,0,10.80589921017685,Unknown / Multi-State,,,,,Unknown,,
400139,KOTRE BASANTPUR PACHMO OCP,Coal,,Ministry of Coal,Ministry of Coal,0,,861,625.4,,441.05,2020-04-08,,2032-03-31,,,0,0,0,,,41,0,,2020.0,0.0,-235.60000000000002,-27.36353077816493,0,0,-0.5724854676765867,Unknown / Multi-State,,4.0,7.8,260.0,Post-RFCTLARR 2013 (High Compensation),620.0,5.982905982905984
400147,KUSMUNDA OC EXPANSION [15 TO 50 MTY],Coal,,Ministry of Coal,South Eastern Coalfields Limited [SECL],0,,7612,,,4697.95,2013-03-08,,2023-03-31,2030-03-31,,0,0,0,,,81,0,,2013.0,84.0,,,0,1,2.5739065560011376,Unknown / Multi-State,,7.75,11.9,55.0,Pre-RFCTLARR 2013 (Old 1894 Act),340.0,15.254237288135597
617287,KUSMUNDA OC EXPANSION PROJECT,Coal,,Ministry of Coal,SECL - CIL,0,,4517,,,774.91,,,2030-03-31,,,0,0,0,,,21,0,,,0.0,,,0,0,0.7306609465075553,Unknown / Multi-State,,,,,Unknown,,
619172,MADANNAGAR OCP 12 MTY - MDO,Coal,,Ministry of Coal,SECL - CIL,0,,1859,,,0.45,,,2029-03-31,,,0,0,0,,,0,0,,,0.0,,,0,0,0.7306609465075553,Unknown / Multi-State,,,,,Unknown,,
613801,MAHAMAYA OCP [1.50 MTY],Coal,,Ministry of Coal,SECL - CIL,0,,410,,,188.6,,,2026-03-31,2028-03-31,,0,0,0,,,55,0,,,24.0,,,0,1,10.974572265809623,Unknown / Multi-State,,,,,Unknown,,
615189,MAKARDHOKRA EXPN OC 4.9 MTY,Coal,,Ministry of Coal,WCL - CIL,0,,362,,,104.17,,,2026-03-31,2027-03-31,,0,0,0,,,12,0,,,12.0,,,0,1,10.80589921017685,Unknown / Multi-State,,,,,Unknown,,
617288,MANIKPUR OC EXPANSION PROJECT,Coal,,Ministry of Coal,South Eastern Coalfields Limited [SECL],0,,383,,,112.87,,,2029-03-31,,,0,0,0,,,21,0,,,0.0,,,0,0,1.889931456711258,Unknown / Multi-State,,,,,Unknown,,
400313,Master Plan for Jharia and Raniganj Coalfields,Coal,,Ministry of Coal,Bharat Coking Coal Limited [BCCL],0,,2662,,,787.75,2009-12-08,,2019-08-11,2028-12-31,,0,0,0,,,43,0,,2009.0,112.7,,,0,1,-3.3825944170771782,Unknown / Multi-State,,4.75,9.8,26.5,Pre-RFCTLARR 2013 (Old 1894 Act),190.0,15.15151515151516
400173,MOHANPUR EXPANSION OC -PHASE I,Coal,,Ministry of Coal,Eastern Coal Fields Limited [ECL],0,,889,,,115.8,2020-11-11,,2026-03-31,2030-03-31,,0,0,0,,,30,0,,2020.0,48.0,,,0,1,-0.5724854676765867,Unknown / Multi-State,,4.0,7.8,260.0,Post-RFCTLARR 2013 (High Compensation),620.0,5.982905982905984
400425,MOONIDIH XV SEAM UG,Coal,,Ministry of Coal,Bharat Coking Coal Limited (BCCL),0,,1230,,,709.81,2011-12-08,,2019-03-31,2026-08-31,,0,0,0,,,82,0,,2011.0,89.0,,,0,1,4.2752867570385655,Unknown / Multi-State,,8.5,12.5,38.5,Pre-RFCTLARR 2013 (Old 1894 Act),255.0,15.909090909090917
613808,MURAIDIH UG PROJECT,Coal,,Ministry of Coal,Ministry of Coal,0,,340,,,190.65,,,2014-04-30,2026-12-31,,0,0,0,,,70,0,,,152.0,,,0,1,4.2752867570385655,Unknown / Multi-State,,,,,Unknown,,
615919,N. EXTN. MUNGOLI NIRGUDA D OCP,Coal,,Ministry of Coal,WCL - CIL,0,,1025,,,218.36,2024-05-06,,2029-03-31,,,0,0,0,,,28,0,,2024.0,0.0,,,0,0,0.7306609465075553,Unknown / Multi-State,,6.5,9.85,420.0,Post-RFCTLARR 2013 (High Compensation),840.0,7.692307692307687
615857,Naini Coal Mine,Coal,,Ministry of Coal,Singareni Collieries Company Limited [SCCL],0,,494,,,491.33,2020-01-03,,2026-03-31,,,0,0,0,,,80,0,,2020.0,0.0,,,0,0,-0.5724854676765867,Unknown / Multi-State,,4.0,7.8,260.0,Post-RFCTLARR 2013 (High Compensation),620.0,5.982905982905984
400181,NAKRAKONDA KUMARDIH- B OCP,Coal,,Ministry of Coal,Eastern Coal Fields Limited [ECL],0,,503,502.67,,67.61,2018-11-08,,2029-03-31,,,0,0,0,,,26,0,,2018.0,0.0,-0.3299999999999841,-0.06560636182902267,0,0,10.974572265809623,Unknown / Multi-State,,6.5,10.35,195.0,Post-RFCTLARR 2013 (High Compensation),545.0,7.920792079207928
615188,NEW MAJRI UG TO OC 3 MTY COST,Coal,,Ministry of Coal,WCL - CIL,0,,402,,,67.81,,,2027-03-31,,,0,0,0,,,24,0,,,0.0,,,0,0,-3.287904599659297,Unknown / Multi-State,,,,,Unknown,,
400321,NIGAHI EXPANSION [15 TO 25 MTP,Coal,,Ministry of Coal,NCL - CIL,0,,1730,,,968.37,2020-11-11,,2025-03-31,2028-03-31,,0,0,0,,,54,0,,2020.0,36.0,,,0,1,-0.5724854676765867,Unknown / Multi-State,,4.0,7.8,260.0,Post-RFCTLARR 2013 (High Compensation),620.0,5.982905982905984
615982,NILJAI EXPANSION DEEP  OCP,Coal,,Ministry of Coal,WCL - CIL,0,,320,,,196.82,,,2022-03-31,2027-03-31,,0,0,0,,,80,0,,,60.0,,,0,1,0.6082214765100735,Unknown / Multi-State,,,,,Unknown,,
617764,North Dhadu Western Part OCP,Coal,,Ministry of Coal,NLC India Limited [NLCIL],0,,1354,,,141.98,2023-06-10,,2029-03-31,,,0,0,0,,,40,0,,2023.0,0.0,,,0,0,-5.897937298933953,Unknown / Multi-State,,6.5,9.8,375.0,Post-RFCTLARR 2013 (High Compensation),780.0,8.333333333333325
400151,NORTH URIMARI EXPANSION OCP,Coal,,Ministry of Coal,Ministry of Coal,0,,634,,,598.32,2021-12-07,,2029-03-31,,,0,0,0,,,69,0,,2021.0,0.0,,,0,0,26.733988838692536,Unknown / Multi-State,,4.0,7.5,290.0,Post-RFCTLARR 2013 (High Compensation),665.0,7.258064516129026
616230,PARASCOLE JAMBAD OCP,Coal,,Ministry of Coal,Eastern Coal Fields Limited [ECL],0,,1194,,,10.9,,,2037-03-31,,,0,0,0,,,0,0,,,0.0,,,0,0,0.7306609465075553,Unknown / Multi-State,,,,,Unknown,,
613794,PARASEA-BELBAID UG PROJECT,Coal,,Ministry of Coal,ECL - CIL,0,,389,,,132.48,,,2028-03-31,,,0,0,0,,,22,0,,,0.0,,,0,0,-5.897937298933953,Unknown / Multi-State,,,,,Unknown,,
616234,PELMA OC MDO,Coal,,Ministry of Coal,SECL - CIL,0,,1725,,,16.71,,,2033-03-31,,,0,0,0,,,40,0,,,0.0,,,0,0,10.80589921017685,Unknown / Multi-State,,,,,Unknown,,
400144,PORDA CHIMTAPANI OCP [10 MTY],Coal,,Ministry of Coal,South Eastern Coalfields Limited [SECL],0,,2310,,,113.45,,,2029-03-31,,,0,0,0,,,10,0,,,0.0,,,0,0,-0.5724854676765867,Unknown / Multi-State,,,,,Unknown,,
400160,RAJRAPPA RCE OCP,Coal,,Ministry of Coal,Ministry of Coal,0,,511,,,488.57,,,2016-03-31,2027-03-31,,0,0,0,,,76,0,,,132.0,,,0,1,-3.3825944170771782,Unknown / Multi-State,,,,,Unknown,,
615864,Ramagundam OC-II Extension Project,Coal,,Ministry of Coal,Singareni Collieries Company Limited [SCCL],0,,490,,,405.54,2015-01-11,,2026-03-31,,,0,0,0,,,77,0,,2015.0,0.0,,,0,0,-12.69797674631511,Unknown / Multi-State,,6.75,11.1,115.0,Post-RFCTLARR 2013 (High Compensation),425.0,10.389610389610393
400152,RAMPUR BATURA OCP [4.0MTY],Coal,,Ministry of Coal,South Eastern Coalfields Limited [SECL],0,,1249,,,495.4,,,2026-03-31,,,0,0,0,,,44,0,,,0.0,,,0,0,-3.287904599659297,Unknown / Multi-State,,,,,Unknown,,
617416,"Revised Jharia Master Plan for Dealing with Fire, Subsidence & Rehabilitation of affected families in Jharia Coalfield- Reg.",Coal,,Ministry of Coal,Bharat Coking Coal Limited (BCCL),0,,5940,,,1.31,,,2028-12-31,,,0,0,0,,,12,0,,,0.0,,,0,0,1.889931456711258,Unknown / Multi-State,,,,,Unknown,,
619171,RPR FOR DURGAPUR OCP 10 MTY,Coal,,Ministry of Coal,SECL - CIL,0,,2416,,,1.66,2025-01-09,,2032-03-31,,,0,0,0,,,0,0,,2025.0,0.0,,,0,0,1.889931456711258,Unknown / Multi-State,,6.25,9.5,465.0,Post-RFCTLARR 2013 (High Compensation),895.0,6.547619047619047
619053,RPR FOR RAMPUR BATURA OCP,Coal,,Ministry of Coal,SECL - CIL,0,,1605,,,62.52,,,2030-03-31,,,0,0,0,,,0,0,,,0.0,,,0,0,1.889931456711258,Unknown / Multi-State,,,,,Unknown,,
400150,RPR MAGADH EXP OCP,Coal,,Ministry of Coal,Ministry of Coal,0,,6964,,,2298.45,2020-04-08,,2028-03-31,,,0,0,0,,,39,0,,2020.0,0.0,,,0,0,-0.5724854676765867,Unknown / Multi-State,,4.0,7.8,260.0,Post-RFCTLARR 2013 (High Compensation),620.0,5.982905982905984
615918,RPR OF BHANEGAON OC,Coal,,Ministry of Coal,WCL - CIL,0,,405,,,43.1,2017-02-02,,2028-03-31,,,0,0,0,,,16,0,,2017.0,0.0,,,0,0,10.26683343756516,Unknown / Multi-State,,6.0,10.1,165.0,Post-RFCTLARR 2013 (High Compensation),505.0,8.602150537634401
615187,RPR OF VISHNUPURI UG TO OC,Coal,,Ministry of Coal,WCL - CIL,0,,221,,,0.0,2022-04-11,,2029-03-31,,,0,0,0,,,11,0,,2022.0,0.0,,,0,0,10.80589921017685,Unknown / Multi-State,,6.25,9.2,330.0,Post-RFCTLARR 2013 (High Compensation),720.0,8.270676691729317
613804,RPR TAWA-III UG 0.84 MTY,Coal,,Ministry of Coal,WCL - CIL,0,,314,,,17.9,,,2027-03-31,,,0,0,0,,,18,0,,,0.0,,,0,0,26.733988838692536,Unknown / Multi-State,,,,,Unknown,,
400136,SANGHMITRA OC,Coal,,Ministry of Coal,Ministry of Coal,0,,2660,,,16.1,,,2032-03-31,,,0,0,0,,,17,0,,,0.0,,,0,0,0.7306609465075553,Unknown / Multi-State,,,,,Unknown,,
615184,SAONER UG MINE -1 EXPANSION 1.,Coal,,Ministry of Coal,Western Coalfields Limited [WCL],0,,229,,,141.21,,,2028-03-31,,,0,0,0,,,68,0,,,0.0,,,0,0,10.80589921017685,Unknown / Multi-State,,,,,Unknown,,
619055,SAONER-III EXPN UG MINE 1.54,Coal,,Ministry of Coal,WCL - CIL,0,,444,,,,,,2032-03-31,,,0,0,0,,,0,0,,,0.0,,,0,0,1.889931456711258,Unknown / Multi-State,,,,,Unknown,,
615186,SASTI  EXPANSION OPENCAST,Coal,,Ministry of Coal,WCL - CIL,0,,319,,,153.78,2020-04-08,,2026-03-31,2027-03-31,,0,0,0,,,32,0,,2020.0,12.0,,,0,1,-0.5724854676765867,Unknown / Multi-State,,4.0,7.8,260.0,Post-RFCTLARR 2013 (High Compensation),620.0,5.982905982905984
615195,SHARDA UG MINE,Coal,,Ministry of Coal,WCL - CIL,0,,166,,,5.93,,,2028-03-31,,,0,0,0,,,9,0,,,0.0,,,0,0,10.80589921017685,Unknown / Multi-State,,,,,Unknown,,
613793,SHYAMSUNDARPUR UG INCLUDING SA,Coal,,Ministry of Coal,Eastern Coal Fields Limited [ECL],0,,484,,,60.46,,,2026-03-31,2028-03-31,,0,0,0,,,12,0,,,24.0,,,0,1,-0.5724854676765867,Unknown / Multi-State,,,,,Unknown,,
400166,SIARMAL OCP,Coal,,Ministry of Coal,Mahanadi Coalfields Limited (MCL),0,,5195,,,3455.65,2021-02-02,,2029-03-31,2028-03-31,,0,0,0,,,54,0,,2021.0,0.0,,,0,0,26.733988838692536,Unknown / Multi-State,,4.0,7.5,290.0,Post-RFCTLARR 2013 (High Compensation),665.0,7.258064516129026
400182,SIDULI [OC & UG],Coal,,Ministry of Coal,ECL - CIL,0,,535,535.17,,5.28,,,2027-03-31,2030-03-31,,0,0,0,,,14,0,,,36.0,0.16999999999995907,0.031775700934571785,1,1,10.974572265809623,Unknown / Multi-State,,,,,Unknown,,
615190,SINGHORI DEEP OC MIN 2.0 MTY,Coal,,Ministry of Coal,WCL - CIL,0,,336,,,53.34,2022-05-05,,2029-03-31,,,0,0,0,,,10,0,,2022.0,0.0,,,0,0,10.80589921017685,Unknown / Multi-State,,6.25,9.2,330.0,Post-RFCTLARR 2013 (High Compensation),720.0,8.270676691729317
615822,SIRKA OC,Coal,,Ministry of Coal,CCL - CIL,0,,223,,,280.03,2020-04-05,,2028-03-31,,,0,0,0,,,56,0,,2020.0,0.0,,,0,0,-0.5724854676765867,Unknown / Multi-State,,4.0,7.8,260.0,Post-RFCTLARR 2013 (High Compensation),620.0,5.982905982905984
400315,SONEPUR BAZARI EXPANSION OCP [,Coal,,Ministry of Coal,Eastern Coal Fields Limited [ECL],0,,5366,,,583.82,,,2029-03-31,,,0,0,0,,,17,0,,,0.0,,,0,0,26.733988838692536,Unknown / Multi-State,,,,,Unknown,,
400165,SUBHADRA OCP,Coal,,Ministry of Coal,Mahanadi Coalfields Limited (MCL),0,,1694,,,1278.66,,,2029-03-31,2029-03-31,,0,0,0,,,42,0,,,0.0,,,0,0,26.733988838692536,Unknown / Multi-State,,,,,Unknown,,
618982,Talabira II & III OCP - FMC,Coal,,Ministry of Coal,NLC India Limited [NLCIL],0,,522,,,324.74,,,2026-06-10,2026-12-31,,0,0,0,,,74,0,,,6.7,,,0,1,10.80589921017685,Unknown / Multi-State,,,,,Unknown,,
615349,TAPIN SOUTH EXPN,Coal,,Ministry of Coal,Ministry of Coal,0,,230,,,21.0,2020-04-11,,2028-03-31,,,0,0,0,,,20,0,,2020.0,0.0,,,0,0,-0.5724854676765867,Unknown / Multi-State,,4.0,7.8,260.0,Post-RFCTLARR 2013 (High Compensation),620.0,5.982905982905984
615843,TETARIAKHAR OC,Coal,,Ministry of Coal,CCL - CIL,0,,244,,,50.82,2019-04-11,,2025-03-31,2027-03-31,,0,0,0,,,30,0,,2019.0,24.0,,,0,1,-3.287904599659297,Unknown / Multi-State,,5.15,9.2,230.0,Post-RFCTLARR 2013 (High Compensation),585.0,7.339449541284404
615820,TIKAK EXTENSION OCP,Coal,,Ministry of Coal,MIS MoCoal Integration Logins,0,,160,,,111.47,2022-05-07,,2031-07-04,,,0,0,0,,,88,0,,2022.0,0.0,,,0,0,10.80589921017685,Unknown / Multi-State,,6.25,9.2,330.0,Post-RFCTLARR 2013 (High Compensation),720.0,8.270676691729317
400186,TILABONI UG,Coal,,Ministry of Coal,ECL - CIL,0,,749,749.07,,53.97,,,2029-03-31,,,0,0,0,,,12,0,,,0.0,0.07000000000005002,0.009345794392530042,1,0,-5.897937298933953,Unknown / Multi-State,,,,,Unknown,,
615821,TIRAP OCP,Coal,,Ministry of Coal,INVALID CO.,0,,289,,,105.66,,,2030-11-27,,,0,0,0,,,5,0,,,0.0,,,0,0,10.80589921017685,Unknown / Multi-State,,,,,Unknown,,
616044,UKNI DEEP OC MINE -COST PLUS,Coal,,Ministry of Coal,WCL - CIL,0,,237,,,168.2,,,2021-03-31,2027-03-31,,0,0,0,,,95,0,,,72.0,,,0,1,10.974572265809623,Unknown / Multi-State,,,,,Unknown,,
615194,URDHAN EXPANSION OC COST PLUS,Coal,,Ministry of Coal,WCL - CIL,0,,207,,,50.69,,,2031-03-31,,,0,0,0,,,2,0,,,0.0,,,0,0,10.80589921017685,Unknown / Multi-State,,,,,Unknown,,
615863,Venkatesh Khani Coal Mine,Coal,,Ministry of Coal,Singareni Collieries Company Limited [SCCL],0,,484,,,434.44,2020-01-10,,2026-03-31,,,0,0,0,,,75,0,,2020.0,0.0,,,0,0,-0.5724854676765867,Unknown / Multi-State,,4.0,7.8,260.0,Post-RFCTLARR 2013 (High Compensation),620.0,5.982905982905984
617233,WAGHODA UG MINE [1.02 MTY],Coal,,Ministry of Coal,WCL - CIL,0,,379,,,0.0,,,2030-03-31,,,0,0,0,,,0,0,,,0.0,,,0,0,0.7306609465075553,Unknown / Multi-State,,,,,Unknown,,
603293,Badam Coal Mining project of NTPC,Coal,,Ministry of Power,National Thermal Power Corporation [NTPC],0,,502,784.0,,302.2,2019-01-02,,2056-12-31,2027-04-01,,0,0,0,,,59,0,,2019.0,0.0,282.0,56.17529880478087,1,0,-3.287904599659297,Unknown / Multi-State,,5.15,9.2,230.0,Post-RFCTLARR 2013 (High Compensation),585.0,7.339449541284404
400192,Tubed Coal Mine,Coal,,Ministry of Power,Damodar Valley Corporation,0,,1581,,,597.5,2016-10-07,,2026-05-31,2026-05-31,,0,0,0,,,35,0,,2016.0,0.0,,,0,0,0.6082214765100735,Unknown / Multi-State,,6.25,10.4,138.0,Post-RFCTLARR 2013 (High Compensation),465.0,9.411764705882364
617282,"C/o 184 MS Flats for Hon'ble MPs at BKS Marg, New Delhi",Construction ,,Ministry of Housing & Urban Affairs,Central Public Works Department [CPWD],0,,647,646.52,,540.04,,,2025-05-20,2025-09-30,,0,0,0,,,100,0,,,4.4,-0.4800000000000182,-0.0741885625966025,0,1,10.80589921017685,Unknown / Multi-State,,,,,Unknown,,
617412,"Construction of One Tower of Office Complex  and another Tower of Residential quarters  consisting of 10Nos. Type-V, 10Nos. Type-VI & 1No.Type-VII Quarters i/c internal water supply, sanitary installation and all development and bulk services, Horticulture works on EPC Mode-I basis i/c comprehensive operation  and maintenance of Civil, E&M services for 7 years after completion of original construction work for Ranga Reddy, Secunderabad, Medchal, AuditI, Audit-II Commissionerates of Central Tax at Khajaguda, Serilingampally, Hyderabad.",Construction ,,Ministry of Housing & Urban Affairs,Central Public Works Department - CPWD,0,,644,,,108.53,,,2027-09-27,,,0,0,0,,,9,0,,,0.0,,,0,0,0.7306609465075553,Unknown / Multi-State,,,,,Unknown,,
617280,"Construction of Basement + Ground Floor+ 10 Storeyed building for State of the Art Director General, GSI Building at plot No.GN-40, Sector-V, Salt Lake, Kolkata",Construction ,,Ministry of Mines,Central Public Works Department (CPWD),0,,255,,,78.34,,,2026-08-31,,,0,0,0,,,35,0,,,0.0,,,0,0,-3.287904599659297,Unknown / Multi-State,,,,,Unknown,,
619033,"1000 seater Boys hostel, 500 seater Girls hostel, 1.5 MLD Sewage Treatment Plant and Faculty Residence - 72 nos. Flats",Education,,Department of Higher Education,NIT Rourkela,0,,199,,,39.24,2023-02-09,,2026-06-30,,,0,0,0,,,36,0,,2023.0,0.0,,,0,0,-5.897937298933953,Unknown / Multi-State,,6.5,9.8,375.0,Post-RFCTLARR 2013 (High Compensation),780.0,8.333333333333325
612203,Academic Block 1 & 2,Education,,Department of Higher Education,"Indian Institute of Technology, Bombay",0,,68,263.93,,24.18,,,2026-07-31,2027-03-31,,0,0,0,,,19,0,,,8.0,195.93,288.13235294117646,1,1,10.80589921017685,Unknown / Multi-State,,,,,Unknown,,
606013,Additional Campus  of NITPatna,Education,,Department of Higher Education,NIT Patna,0,,499,,,425.47,,,2024-07-31,2026-01-31,,0,0,0,,,91,0,,,18.0,,,0,1,10.80589921017685,Unknown / Multi-State,,,,,Unknown,,
610940,"Additional Infrastructure at IISc Bangalore-RCC Monolithic for Men Hostel S14, Women Hostel S11 , Postdoctoral Hostel S12 2 Block , International Hostel S 12 , D&E Block S 12  2 Block FR.",Education,,Department of Higher Education,IISC Bangalore,0,,420,420.41,,360.72,2021-01-08,,2024-03-31,2025-09-30,,0,0,0,,,99,0,,2021.0,18.0,0.410000000000025,0.09761904761905357,1,1,26.733988838692536,Unknown / Multi-State,,4.0,7.5,290.0,Post-RFCTLARR 2013 (High Compensation),665.0,7.258064516129026
606479,Banaras Hindu University [ Kayakalp of Institute of Medical Sciences],Education,,Department of Higher Education,Banaras Hindu University,0,,246,,,194.14,,,2022-09-30,2026-03-31,,0,0,0,,,95,0,,,42.0,,,0,1,-0.5724854676765867,Unknown / Multi-State,,,,,Unknown,,
611963,"Construction & Development of Infrastructural Facilities in the main campus of NIT Uttarakhand at Sumari, Pauri Garhwal",Education,,Department of Higher Education,National Institute of Technology Uttarakhand,0,,651,,,130.0,,,2027-09-30,,,0,0,0,,,24,0,,,0.0,,,0,0,-0.5724854676765867,Unknown / Multi-State,,,,,Unknown,,
612885,Construction and Developement of National Institute of Technology Meghalaya Permanent Campus at Sohra,Education,,Department of Higher Education,"National Institute of Technology, Meghalaya",0,,495,429.7,,362.48,,,2022-03-31,2026-10-31,,0,0,0,,,92,0,,,55.0,-65.30000000000001,-13.191919191919194,0,1,-3.3825944170771782,Unknown / Multi-State,,,,,Unknown,,
617221,"Construction of Girls Hostel 400 seater, Boys Hostel 600 seater, Academic Block, International Hostel 100 seater, VC Residence and Purchase of Equipment",Education,,Department of Higher Education,Central University of Punjab,0,,211,,,0.0,2024-01-08,,2027-10-03,,,0,0,0,,,0,0,,2024.0,0.0,,,0,0,0.7306609465075553,Unknown / Multi-State,,6.5,9.85,420.0,Post-RFCTLARR 2013 (High Compensation),840.0,7.692307692307687
611961,Construction of IIT Bhubaneswar -Phase III,Education,,Department of Higher Education,"Indian Institute of Technology, Bhubaneshwar",0,,454,,,100.77,2024-01-02,,2026-11-20,,,0,0,0,,,7,0,,2024.0,0.0,,,0,0,0.7306609465075553,Unknown / Multi-State,,6.5,9.85,420.0,Post-RFCTLARR 2013 (High Compensation),840.0,7.692307692307687
602098,"Construction of Permanent Campus for IIM Jammu Phase-1 at Jagti, Nagrota, Jammu, J&K",Education,,Department of Higher Education,"Indian Institute of Management, Jammu",0,,425,500.91,,484.52,2019-01-03,,2023-06-30,2025-09-30,,0,0,0,,,96,0,,2019.0,27.0,75.91000000000003,17.86117647058824,1,1,-3.287904599659297,Unknown / Multi-State,,5.15,9.2,230.0,Post-RFCTLARR 2013 (High Compensation),585.0,7.339449541284404
606431,CONSTRUCTION OF PERMANENT CAMPUS FOR IIT PALAKKAD UNDER PHASE 1A,Education,,Department of Higher Education,INDIAN INSTITUTE OF TECHNOLOGY PALAKKAD,0,,1006,1217.4,,652.05,2017-01-07,,2022-06-07,2026-06-30,,0,0,0,,,76,0,,2017.0,48.8,211.4000000000001,21.013916500994046,1,1,10.26683343756516,Unknown / Multi-State,,6.0,10.1,165.0,Post-RFCTLARR 2013 (High Compensation),505.0,8.602150537634401
612876,"Construction of Permanent Campus for NIT Mizoram at Lengpui, Aizawl",Education,,Department of Higher Education,Ministry of Education,0,,474,474.23,,167.55,2020-04-03,,2029-12-31,2029-12-31,,0,0,0,,,4,0,,2020.0,0.0,0.2300000000000182,0.04852320675105869,1,0,-0.5724854676765867,Unknown / Multi-State,,4.0,7.8,260.0,Post-RFCTLARR 2013 (High Compensation),620.0,5.982905982905984
613008,Construction of Permanent Campus of Central Tribal University of Andhra Pradesh Phase-1,Education,,Department of Higher Education,Central Tribal University of Andhra Pradesh,0,,305,,,19.96,,,2027-06-26,,,0,0,0,,,32,0,,,0.0,,,0,0,-3.287904599659297,Unknown / Multi-State,,,,,Unknown,,
612916,"Construction of permanent campus of Central University of Gujarat at Village kundhela, Dist. Vadodara, Gujarat.",Education,,Department of Higher Education,Central University of Gujarat,0,,491,,,312.06,,,2025-03-31,2026-03-31,,0,0,0,,,80,0,,,12.0,,,0,1,-0.5724854676765867,Unknown / Multi-State,,,,,Unknown,,
612894,"Construction of Permanent Campus of Central University of Himachal Pradesh at Dehra, District - Kangra, [H.P.] on Engineering. Procurement and Construction [EPC Mode 1] Basis.",Education,,Department of Higher Education,"Central University, Himachal Pradesh",0,,252,300.45,,221.2,2021-10-03,,2024-11-18,2026-03-25,,0,0,0,,,82,0,,2021.0,16.2,48.44999999999999,19.22619047619047,1,1,26.733988838692536,Unknown / Multi-State,,4.0,7.5,290.0,Post-RFCTLARR 2013 (High Compensation),665.0,7.258064516129026
605292,"Construction of Permanent Campus of Indian Institute of Management [IIM] Amritsar, Punjab, Phase-I",Education,,Department of Higher Education,"Indian intitue of Management, Amritsar",0,,348,,,293.1,2019-01-10,,2023-06-30,2026-11-20,,0,0,0,,,92,0,,2019.0,40.7,,,0,1,-3.287904599659297,Unknown / Multi-State,,5.15,9.2,230.0,Post-RFCTLARR 2013 (High Compensation),585.0,7.339449541284404
612898,Construction of Permanent Campus of National Institute of Technology Arunachal Pradesh,Education,,Department of Higher Education,"National Institute of Technology, Arunachal Pradesh",0,,593,,,550.61,,,2026-08-31,2024-08-31,,0,0,0,,,80,0,,,0.0,,,0,0,-3.3825944170771782,Unknown / Multi-State,,,,,Unknown,,
609996,Construction of Precast housing and hostels at IIT Hyderabad,Education,,Department of Higher Education,"Indian Institute of Technology, Hyderabad",0,,262,,,178.17,,,2024-10-23,2026-01-01,,0,0,0,,,76,0,,,14.3,,,0,1,10.80589921017685,Unknown / Multi-State,,,,,Unknown,,
609736,"Construction of Sikkim University Campus Phase-I Package-II at Yangang, South Sikkim",Education,,Department of Higher Education,Sikkim University,0,,314,351.74,,292.0,2020-01-08,,2025-01-04,2026-03-31,,0,0,0,,,96,0,,2020.0,14.8,37.74000000000001,12.01910828025478,1,1,-0.5724854676765867,Unknown / Multi-State,,4.0,7.8,260.0,Post-RFCTLARR 2013 (High Compensation),620.0,5.982905982905984
616886,Delhi University Eastern Campus at Surajmal Vihar,Education,,Department of Higher Education,Delhi University,0,,373,,,21.13,,,2026-10-31,,,0,0,0,,,15,0,,,0.0,,,0,0,0.7306609465075553,Unknown / Multi-State,,,,,Unknown,,
613013,Establishment of NIT Nagaland,Education,,Department of Higher Education,NIT Nagaland,0,,276,,,261.24,,,2025-12-31,,,0,0,0,,,97,0,,,0.0,,,0,0,-3.3825944170771782,Unknown / Multi-State,,,,,Unknown,,
612877,Establishment of NIT Puducherry Permanent Campus [Phase-I and Phase-II],Education,,Department of Higher Education,"National Institute of Technology, Puducherry",0,,618,544.34,,530.88,,,2024-12-31,2026-05-31,,0,0,0,,,98,0,,,17.0,-73.65999999999997,-11.919093851132681,0,1,-3.3825944170771782,Unknown / Multi-State,,,,,Unknown,,
612883,Establishment of Permanent Campus of NIT SIkkim at Khamdong-Gangtok District,Education,,Department of Higher Education,Ministry of Education,0,,686,610.76,,121.56,2024-12-02,,2028-02-12,2026-12-31,,0,0,0,,,7,0,,2024.0,0.0,-75.24000000000001,-10.96793002915452,0,0,0.7306609465075553,Unknown / Multi-State,,6.5,9.85,420.0,Post-RFCTLARR 2013 (High Compensation),840.0,7.692307692307687
602099,Establishment of Permanent campus Phase 1 of IIM Sirmaur,Education,,Department of Higher Education,"Indian Institute of Management, Sirmaur",0,,393,454.78,,320.75,,,2023-10-31,2026-02-28,,0,0,0,,,92,0,,,28.0,61.77999999999997,15.720101781170476,1,1,10.974572265809623,Unknown / Multi-State,,,,,Unknown,,
609019,"HEFA projects on development of student hostels, playgrounds, departmental buildings, class room complex and other campus facilities in IIT Kharagpur",Education,,Department of Higher Education,"Indian Institute of Technology, Kharagpur",0,,500,442.0,,382.6,,,2023-03-31,2026-03-31,,0,0,0,,,87,0,,,36.0,-58.0,-11.600000000000001,0,1,10.974572265809623,Unknown / Multi-State,,,,,Unknown,,
612135,Hostel 4 -Earlier Known as Hostel 20,Education,,Department of Higher Education,"Indian Institute of Technology, Bombay",0,,182,,,156.51,,,2025-09-30,2025-12-31,,0,0,0,,,98,0,,,3.0,,,0,1,10.80589921017685,Unknown / Multi-State,,,,,Unknown,,
612128,Hostel blocks & dining hall block,Education,,Department of Higher Education,"Indian Institute of Technology, Mandi",0,,167,,,102.52,,,2026-03-26,2026-03-26,,0,0,0,,,76,0,,,0.0,,,0,0,-5.897937298933953,Unknown / Multi-State,,,,,Unknown,,
610315,IISER BERHAMPUR,Education,,Department of Higher Education,"Indian Institutes of Science Education and Research, Behrampur",0,,1229,773.76,,835.55,,,2021-03-31,2025-11-30,,0,0,0,,,97,0,,,56.0,-455.24,-37.041497152156225,0,1,10.974572265809623,Unknown / Multi-State,,,,,Unknown,,
609041,"IoE Projects [Civil Works], IIT Kharagpur",Education,,Department of Higher Education,"Indian Institute of Technology, Kharagpur",0,,287,,,310.0,,,2023-03-31,2026-12-31,,0,0,0,,,86,0,,,45.0,,,0,1,,Unknown / Multi-State,,,,,Unknown,,
612851,"Phase 1B - Construction of Academic Block, Hostel, Residential Tower, Directors Residence and External Development works at National Institute of Technology, Delhi Campus on Engineering, Procurement and Construction basis",Education,,Department of Higher Education,National Institute of Technology Delhi,0,,333,336.42,,296.45,,,2025-09-30,2026-01-31,,0,0,0,,,97,0,,,4.0,3.420000000000016,1.0270270270270319,1,1,-3.3825944170771782,Unknown / Multi-State,,,,,Unknown,,
617877,Phase B Construction of Permanent Campus of IIT Bhilai,Education,,Department of Higher Education,"Indian Institute of Technology, Bhilai",0,,1189,,,0.0,,,2028-10-31,,,0,0,0,,,0,0,,,0.0,,,0,0,1.889931456711258,Unknown / Multi-State,,,,,Unknown,,
617878,Phase B of Construction of Permanent Campus of IIT Palakkad,Education,,Department of Higher Education,INDIAN INSTITUTE OF TECHNOLOGY PALAKKAD,0,,1527,,,9.8,,,2028-10-31,,,0,0,0,,,0,0,,,0.0,,,0,0,1.889931456711258,Unknown / Multi-State,,,,,Unknown,,
611957,"Phase III A works at IIT Indore [03 Hostels, 01 Studio Apartment, 01 Housing, Heavy & Sophisticated lab complex, Academic POD and  Infrastructure for center of excellence]",Education,,Department of Higher Education,"Indian Institute of Technology, Indore",0,,496,,,38.62,,,2027-02-19,,,0,0,0,,,36,0,,,0.0,,,0,0,-5.897937298933953,Unknown / Multi-State,,,,,Unknown,,
606112,Tezpur University Projects,Education,,Department of Higher Education,Tezpur University,0,,154,,,288.87,,,2023-11-08,2025-08-31,,0,0,0,,,93,0,,,21.7,,,0,1,-3.287904599659297,Unknown / Multi-State,,,,,Unknown,,
400081,"National Sports University [NSU], Imphal [Manipur]",Education,,Department of Sports,Department of Sports & Youth Affairs,0,,906,611.74,,576.37,,,2024-08-26,2026-08-08,,0,0,0,,,97,0,,,23.4,-294.26,-32.47902869757174,0,1,10.80589921017685,Unknown / Multi-State,,,,,Unknown,,
618992,100 MW SPP part of SECI 150 MW Hybrid,Electricity Generation,,Ministry of Coal,NLC India Limited [NLCIL],0,,481,,,2.52,,,2026-12-31,,,0,0,0,,,1,0,,,0.0,,,0,0,10.80589921017685,Unknown / Multi-State,,,,,Unknown,,
618991,200 MW SPP part of 510 MW CPSU scheme,Electricity Generation,,Ministry of Coal,NLC India Limited [NLCIL],0,,1221,,,61.81,,,2026-12-31,,,0,0,0,,,0,0,,,0.0,,,0,0,10.80589921017685,Unknown / Multi-State,,,,,Unknown,,
612819,300 MW SPP part of 510 MW CPSU scheme,Electricity Generation,,Ministry of Coal,NLC India Limited [NLCIL],0,,1813,1813.0,,1038.13,,,2024-09-27,2025-12-31,,0,0,0,,,79,0,,,15.1,0.0,0.0,0,1,10.80589921017685,Unknown / Multi-State,,,,,Unknown,,
615327,50 MW Solar PP Minedout Area,Electricity Generation,,Ministry of Coal,NLC India Limited [NLCIL],0,,218,,,161.73,2023-05-08,,2025-03-31,2025-12-31,,0,0,0,,,64,0,,2023.0,9.0,,,0,1,-5.897937298933953,Unknown / Multi-State,,6.5,9.8,375.0,Post-RFCTLARR 2013 (High Compensation),780.0,8.333333333333325
617299,50 MW Wind Power Project,Electricity Generation,,Ministry of Coal,NLC India Limited [NLCIL],0,,384,,,303.5,,,2025-06-30,2026-01-31,,0,0,0,,,41,0,,,7.1,,,0,1,10.80589921017685,Unknown / Multi-State,,,,,Unknown,,
617730,600 MW Khavda Solar Power Project,Electricity Generation,,Ministry of Coal,NLC India Limited [NLCIL],0,,3336,,,2000.62,2023-01-08,,2026-06-30,2026-12-31,,0,0,0,,,60,0,,2023.0,6.0,,,0,1,-5.897937298933953,Unknown / Multi-State,,6.5,9.8,375.0,Post-RFCTLARR 2013 (High Compensation),780.0,8.333333333333325
618981,810 MW Solar Power Project - Rajasthan,Electricity Generation,,Ministry of Coal,NLC India Limited [NLCIL],0,,4147,,,224.77,2024-10-10,,2028-03-25,,,0,0,0,,,0,0,,2024.0,0.0,,,0,0,0.7306609465075553,Unknown / Multi-State,,6.5,9.85,420.0,Post-RFCTLARR 2013 (High Compensation),840.0,7.692307692307687
400259,Ghatampur Thermal Power Plant 3 X 660 MW,Electricity Generation,,Ministry of Coal,NLC India Limited [NLCIL],0,,17238,21780.9,,20711.5,,,2020-11-26,2026-03-25,,0,0,0,,,93,0,,,63.9,4542.9000000000015,26.35398538113471,1,1,0.6082214765100735,Unknown / Multi-State,,,,,Unknown,,
400231,NLC Talabira Thermal Power Project,Electricity Generation,,Ministry of Coal,NLC India Limited [NLCIL],0,,27213,,,2517.13,,,2030-03-31,,,0,0,0,,,1,0,,,0.0,,,0,0,10.26683343756516,Unknown / Multi-State,,,,,Unknown,,
611699,186 MW Tato-I H E Project,Electricity Generation,,Ministry of Power,North Eastern Electric Power Corporation Limited,0,,1750,,,102.79,2024-11-12,,2029-07-29,,,0,0,0,,,2,0,,2024.0,0.0,,,0,0,0.7306609465075553,Unknown / Multi-State,,6.5,9.85,420.0,Post-RFCTLARR 2013 (High Compensation),840.0,7.692307692307687
611698,240MW Heo HE Project,Electricity Generation,,Ministry of Power,North Eastern Electric Power Corporation Limited,0,,1939,,,105.5,2024-11-12,,2029-07-29,,,0,0,0,,,5,0,,2024.0,0.0,,,0,0,0.7306609465075553,Unknown / Multi-State,,6.5,9.85,420.0,Post-RFCTLARR 2013 (High Compensation),840.0,7.692307692307687
602633,382 MW Sunni Dam HEP,Electricity Generation,,Ministry of Power,Satluj Jal Vidyut Nigam [SJVN] Thermal Limited,0,,2615,,,495.57,,,2027-03-31,,,0,0,0,,,0,0,,,0.0,,,0,0,,Unknown / Multi-State,,,,,Unknown,,
611716,700 MW Tato-II HE Project,Electricity Generation,,Ministry of Power,North Eastern Electric Power Corporation Limited,0,,8146,,,243.25,2025-04-09,,2031-09-03,,,0,0,0,,,6,0,,2025.0,0.0,,,0,0,1.889931456711258,Unknown / Multi-State,,6.25,9.5,465.0,Post-RFCTLARR 2013 (High Compensation),895.0,6.547619047619047
709747,Bagodara Solar Power Project,Electricity Generation,,Ministry of Power,Satluj Jal Vidyut Nigam [SJVN] Thermal Limited,0,,339,,,317.59,,,2025-12-31,2025-12-31,,0,0,0,,,51,0,,,0.0,,,0,0,26.733988838692536,Unknown / Multi-State,,,,,Unknown,,
709748,BIKANER SOLAR POWER PROJECT,Electricity Generation,,Ministry of Power,Satluj Jal Vidyut Nigam [SJVN] Thermal Limited,0,,5492,,,4606.84,2021-04-10,,2024-04-04,2025-12-31,,0,0,0,,,82,0,,2021.0,20.9,,,0,1,26.733988838692536,Unknown / Multi-State,,4.0,7.5,290.0,Post-RFCTLARR 2013 (High Compensation),665.0,7.258064516129026
602579,Buxar Thermal Power Project [1320 MW],Electricity Generation,,Ministry of Power,Satluj Jal Vidyut Nigam [SJVN] Thermal Limited,0,,10439,13756.6,,13253.0,2019-08-03,,2024-01-08,2026-05-30,,0,0,0,,,94,0,,2019.0,28.7,3317.6000000000004,31.780821917808222,1,1,-3.287904599659297,Unknown / Multi-State,,5.15,9.2,230.0,Post-RFCTLARR 2013 (High Compensation),585.0,7.339449541284404
619056,"Darlipali Super Thermal Power Project, Stage-II [1x800 MW]",Electricity Generation,,Ministry of Power,National Thermal Power Corporation [NTPC],0,,11131,,,472.8,2025-06-11,,2031-01-31,2031-05-31,,0,0,0,,,2,0,,2025.0,3.9,,,0,1,1.889931456711258,Unknown / Multi-State,,6.25,9.5,465.0,Post-RFCTLARR 2013 (High Compensation),895.0,6.547619047619047
602582,Dhaulasidh Hydro Electric Project [66 MW],Electricity Generation,,Ministry of Power,Satluj Jal Vidyut Nigam [SJVN] Thermal Limited,0,,688,1511.87,,908.65,2020-01-10,,2025-11-05,2027-03-31,,0,0,0,,,67,0,,2020.0,16.8,823.8699999999999,119.7485465116279,1,1,-0.5724854676765867,Unknown / Multi-State,,4.0,7.8,260.0,Post-RFCTLARR 2013 (High Compensation),620.0,5.982905982905984
602182,Dibang Multipurpose Project,Electricity Generation,,Ministry of Power,National Highways & Infrastructure Development Corporation Ltd. [NHIDCL],0,,31876,,,3436.38,,,2032-02-26,2032-02-26,,0,0,0,,,16,0,,,0.0,,,0,0,-5.897937298933953,Unknown / Multi-State,,,,,Unknown,,
618976,"Gadarwara Super Thermal Power Project, Stage-II [2x800 MW]",Electricity Generation,,Ministry of Power,National Thermal Power Corporation [NTPC],0,,20446,,,1945.1,2024-05-11,,2030-03-31,2030-05-31,,0,0,0,,,8,0,,2024.0,2.0,,,0,1,0.7306609465075553,Unknown / Multi-State,,6.5,9.85,420.0,Post-RFCTLARR 2013 (High Compensation),840.0,7.692307692307687
602538,Installation of FGD for 4x210 & 2x250 MW MTPS U 1-6,Electricity Generation,,Ministry of Power,Damodar Valley Corporation,0,,1037,1106.0,,1123.79,,,2024-01-22,2026-05-31,,0,0,0,,,94,0,,,28.3,69.0,6.653809064609451,1,1,-3.287904599659297,Unknown / Multi-State,,,,,Unknown,,
619311,Kalai-II Hydro Electric Project [1200 MW],Electricity Generation,,Ministry of Power,THDC India Limited,0,,14106,,,187.16,,,2032-10-22,,,0,0,0,,,0,0,,,0.0,,,0,0,1.6785317745412032,Unknown / Multi-State,,,,,Unknown,,
602194,Khurja super Thermal Power Plant [2X660 MW],Electricity Generation,,Ministry of Power,THDC India Limited,0,,11089,13276.2,,12772.2,2019-07-03,,2024-02-02,2025-09-30,,0,0,0,,,97,0,,2019.0,19.9,2187.2000000000007,19.724050861213822,1,1,-3.287904599659297,Unknown / Multi-State,,5.15,9.2,230.0,Post-RFCTLARR 2013 (High Compensation),585.0,7.339449541284404
602532,Kiru HE Project,Electricity Generation,,Ministry of Power,National Hydroelectric Power Corporation Limited [NHPC],0,,4288,5409.0,,3035.03,2019-08-03,,2023-09-07,2026-12-31,,0,0,0,,,70,0,,2019.0,39.8,1121.0,26.142723880597014,1,1,-3.287904599659297,Unknown / Multi-State,,5.15,9.2,230.0,Post-RFCTLARR 2013 (High Compensation),585.0,7.339449541284404
611509,"Koderma Thermal Power Station Phase II [2X800 MW] At Koderma, Jharkhand",Electricity Generation,,Ministry of Power,Damodar Valley Corporation,0,,14358,,,1255.79,,,2029-03-14,,,0,0,0,,,3,0,,,0.0,,,0,0,-5.897937298933953,Unknown / Multi-State,,,,,Unknown,,
605155,Kwar HE Project,Electricity Generation,,Ministry of Power,National Highways & Infrastructure Development Corporation Ltd. [NHIDCL],0,,4526,,,1119.59,2022-10-05,,2026-11-10,2028-03-31,,0,0,0,,,23,0,,2022.0,16.7,,,0,1,10.80589921017685,Unknown / Multi-State,,6.25,9.2,330.0,Post-RFCTLARR 2013 (High Compensation),720.0,8.270676691729317
611930,Lara Super Thermal Power Project Stage-II [2 x 800 MW],Electricity Generation,,Ministry of Power,National Thermal Power Corporation [NTPC],0,,15530,16106.0,,3498.35,,,2028-06-30,2028-09-30,,0,0,0,,,21,0,,,3.0,576.0,3.708950418544752,1,1,-5.897937298933953,Unknown / Multi-State,,,,,Unknown,,
602593,Luhri Stage-I Hydro Electric Project [210 MW],Electricity Generation,,Ministry of Power,Satluj Jal Vidyut Nigam [SJVN] Thermal Limited,0,,1811,3584.53,,1742.92,,,2026-01-19,2029-08-31,,0,0,0,,,51,0,,,43.4,1773.5300000000002,97.93097736057427,1,1,-0.5724854676765867,Unknown / Multi-State,,,,,Unknown,,
619051,"Nabinagar Super Thermal Power Project, Stage-II [3x800 MW]",Electricity Generation,,Ministry of Power,National Thermal Power Corporation [NTPC],0,,29948,,,2865.29,2024-05-11,,2030-07-31,2030-09-30,,0,0,0,,,11,0,,2024.0,2.0,,,0,1,0.7306609465075553,Unknown / Multi-State,,6.5,9.85,420.0,Post-RFCTLARR 2013 (High Compensation),840.0,7.692307692307687
709820,OMKARESHWAR FLOATING SOLAR POWER PROJECT [90 MW]    ,Electricity Generation,,Ministry of Power,Satluj Jal Vidyut Nigam [SJVN] Thermal Limited,0,,646,,,0.0,,,2024-08-31,,,0,0,0,,,0,0,,,0.0,,,0,0,,Unknown / Multi-State,,,,,Unknown,,
602525,"Pakal Dul [Drangdhuran] Hydroelectric Project, 1000 MW",Electricity Generation,,Ministry of Power,National Highways & Infrastructure Development Corporation Ltd. [NHIDCL],0,,8112,12728.0,,7238.73,,,2020-04-27,2026-12-31,,0,0,0,,,72,0,,,80.1,4616.0,56.90335305719921,1,1,-0.6909719065369746,Unknown / Multi-State,,,,,Unknown,,
400261,Patratu Thermal Power Station Expansion Project Phase-I [3x800 MW],Electricity Generation,,Ministry of Power,National Thermal Power Corporation [NTPC],0,,17112,20302.0,,17365.0,,,2023-03-31,2026-11-30,,0,0,0,,,81,0,,,44.0,3190.0,18.641888733052827,1,1,10.26683343756516,Unknown / Multi-State,,,,,Unknown,,
400062,"Raghunathpur Thermal Power Station Phase II [2X660 MW] at Raghunathpur, Purulia, West Bengal",Electricity Generation,,Ministry of Power,Damodar Valley Corporation,0,,17673,,,1372.17,,,2029-06-30,,,0,0,0,,,2,0,,,0.0,,,0,0,-5.897937298933953,Unknown / Multi-State,,,,,Unknown,,
602184,Rammam-III HEPP [3x40 MW],Electricity Generation,,Ministry of Power,National Thermal Power Corporation [NTPC],0,,1382,2865.56,,1393.94,2014-10-09,,2019-09-30,2029-03-31,,0,0,0,,,51,0,,2014.0,114.0,1483.56,107.34876989869753,1,1,-0.6909719065369746,Unknown / Multi-State,,8.0,12.0,92.0,Post-RFCTLARR 2013 (High Compensation),385.0,13.235294117647056
605156,Rangit-IV HE Project [120 MW]  executed by Jal Power Corporation Ltd. [JPCL] - A wholly owned subsidiary of NHPC Ltd. acquired through NCLT,Electricity Generation,,Ministry of Power,National Hydroelectric Power Corporation Limited [NHPC],0,,938,1828.11,,1488.78,,,2024-05-29,2025-12-28,,0,0,0,,,93,0,,,19.0,890.1099999999999,94.89445628997866,1,1,26.733988838692536,Unknown / Multi-State,,,,,Unknown,,
602535,"Ratle HE Project - 850 MW, Ratle Hydroelectric Power Corporation Limited.",Electricity Generation,,Ministry of Power,National Hydroelectric Power Corporation Limited [NHPC],0,,5282,,,1029.67,2021-11-02,,2026-02-10,2029-08-22,,0,0,0,,,24,0,,2021.0,42.3,,,0,1,26.733988838692536,Unknown / Multi-State,,4.0,7.5,290.0,Post-RFCTLARR 2013 (High Compensation),665.0,7.258064516129026
612142,"Singrauli Super Thermal Power Project, Stage-III [2x800 MW]",Electricity Generation,,Ministry of Power,National Thermal Power Corporation [NTPC],0,,17195,,,3492.41,2024-03-03,,2030-02-28,2030-04-30,,0,0,0,,,21,0,,2024.0,2.0,,,0,1,0.7306609465075553,Unknown / Multi-State,,6.5,9.85,420.0,Post-RFCTLARR 2013 (High Compensation),840.0,7.692307692307687
617188,"Sipat Super Thermal Power Project, Stage-III [1x800 MW]",Electricity Generation,,Ministry of Power,National Thermal Power Corporation [NTPC],0,,9791,,,1686.93,,,2029-09-30,2029-11-30,,0,0,0,,,20,0,,,2.0,,,0,1,0.7306609465075553,Unknown / Multi-State,,,,,Unknown,,
602096,Subansiri Lower HE Project [2000 MW],Electricity Generation,,Ministry of Power,National Hydroelectric Power Corporation Limited [NHPC],0,,6285,26075.5,,25058.8,2003-09-09,,2010-09-08,2026-05-31,,0,0,0,,,96,0,,2003.0,188.7,19790.5,314.884645982498,1,1,,Unknown / Multi-State,,6.0,10.25,,Pre-RFCTLARR 2013 (Old 1894 Act),,
611586,Sunni Dam Hydro Electric Project [382 MW],Electricity Generation,,Ministry of Power,Satluj Jal Vidyut Nigam [SJVN] Thermal Limited,0,,2615,4540.71,,956.76,2023-12-01,,2028-04-03,2028-12-31,,0,0,0,,,29,0,,2023.0,8.9,1925.71,73.64091778202678,1,1,-5.897937298933953,Unknown / Multi-State,,6.5,9.8,375.0,Post-RFCTLARR 2013 (High Compensation),780.0,8.333333333333325
602961,Talcher Thermal Power Station Stage III [2 x 660 MW] Expansion,Electricity Generation,,Ministry of Power,National Thermal Power Corporation [NTPC],0,,11844,12543.0,,3975.0,,,2027-05-31,2028-03-31,,0,0,0,,,26,0,,,10.0,699.0,5.9017223910840935,1,1,10.80589921017685,Unknown / Multi-State,,,,,Unknown,,
602185,Tapovan-Vishnugad HEP [4x130 MW],Electricity Generation,,Ministry of Power,National Thermal Power Corporation [NTPC],0,,2978,10907.3,,7260.25,,,2013-03-31,2029-04-30,,0,0,0,,,77,0,,,193.0,7929.299999999999,266.2625923438549,1,1,9.871434904684495,Unknown / Multi-State,,,,,Unknown,,
602181,"TEESTA-VI HE PROJECT, SIKKIM [500 MW], executed by LANCO TEESTA HYDRO POWER LIMITED [A wholly owned Subsidiary of NHPC LTD. acquired through NCLT]",Electricity Generation,,Ministry of Power,National Highways & Infrastructure Development Corporation Ltd. [NHIDCL],0,,5748,5748.04,,4495.28,2019-08-03,,2024-03-07,2027-12-31,,0,0,0,,,68,0,,2019.0,45.8,0.03999999999996362,0.0006958942240773072,1,1,-3.287904599659297,Unknown / Multi-State,,5.15,9.2,230.0,Post-RFCTLARR 2013 (High Compensation),585.0,7.339449541284404
602193,Tehri Pumped Storage Plant Project [4x250 MW],Electricity Generation,,Ministry of Power,THDC India Limited,0,,4826,8339.0,,7939.82,2006-08-07,,2022-06-16,2025-11-15,,0,0,0,,,98,0,,2006.0,41.0,3513.0,72.7932034811438,1,1,9.871434904684495,Unknown / Multi-State,,7.25,11.5,15.0,Pre-RFCTLARR 2013 (Old 1894 Act),125.0,13.636363636363647
619341,"Telangana Super Thermal Power Project , Stage-II [3 x 800 MW]",Electricity Generation,,Ministry of Power,National Thermal Power Corporation [NTPC],0,,29345,,,729.63,,,2032-01-31,,,0,0,0,,,0,0,,,0.0,,,0,0,1.6785317745412032,Unknown / Multi-State,,,,,Unknown,,
602195,Vishnugad Pipalkoti Hydro Electric Project [444 MW],Electricity Generation,,Ministry of Power,THDC India Limited,0,,3860,6405.08,,5608.58,,,2022-12-15,2028-06-30,,0,0,0,,,80,0,,,66.5,2545.08,65.93471502590673,1,1,11.44321093082834,Unknown / Multi-State,,,,,Unknown,,
604833,"Andheri Residential Towers, Mumbai",Energy Storage,,Ministry of Petroleum & Natural Gas,Ministry of Petroleum & Natural Gas,0,,281,389.67,,238.39,,,2025-05-31,2026-06-30,,0,0,0,,,51,0,,,13.0,108.67000000000002,38.67259786476869,1,1,10.26683343756516,Unknown / Multi-State,,,,,Unknown,,
617839,Capacity Augmentation of Kandla LPG Import Terminal [KLIT] from 0.6 MMTPA to 2.5 MMTPA,Energy Storage,,Ministry of Petroleum & Natural Gas,Ministry of Petroleum & Natural Gas,0,,357,304.4,,112.61,,,2026-07-31,2026-07-31,,0,0,0,,,63,0,,,0.0,-52.60000000000002,-14.733893557422975,0,0,-5.897937298933953,Unknown / Multi-State,,,,,Unknown,,
701269,"Construction of 80,000 MT LPG Cavern at Mangalore",Energy Storage,,Ministry of Petroleum & Natural Gas,Ministry of Petroleum & Natural Gas,0,,854,854.0,,712.3,,,2022-12-19,2025-08-31,,0,0,0,,,99,0,,,32.4,0.0,0.0,0,1,,Unknown / Multi-State,,,,,Unknown,,
616235,Construction of Aviation Fuel farm Facilities at Bhogapuram Airport,Energy Storage,,Ministry of Petroleum & Natural Gas,Ministry of Petroleum & Natural Gas,0,,240,240.0,,134.94,,,2026-03-31,2026-03-31,,0,0,0,,,89,0,,,0.0,0.0,0.0,0,0,0.7306609465075553,Unknown / Multi-State,,,,,Unknown,,
709754,"Construction of LPG Facilities at Kamardanga, Assam",Energy Storage,,Ministry of Petroleum & Natural Gas,Hindustan Petroleum Corporation Limited,0,,156,156.36,,102.07,,,2027-07-04,2027-07-04,,0,0,0,,,76,0,,,0.0,0.36000000000001364,0.2307692307692395,1,0,-5.897937298933953,Unknown / Multi-State,,,,,Unknown,,
400077,"Grass root POL Terminal at Vallur, Chennai",Energy Storage,,Ministry of Petroleum & Natural Gas,Indian Oil Corporation Limited [IOCL],0,,827,887.71,,638.71,,,2024-12-31,2026-03-31,,0,0,0,,,89,0,,,14.9,60.710000000000036,7.340991535671105,1,1,10.80589921017685,Unknown / Multi-State,,,,,Unknown,,
400035,"Grass Root Rail-fed Depot at Sekerkote, Agartala as resitement of existing Dharmanagar Depot",Energy Storage,,Ministry of Petroleum & Natural Gas,Indian Oil Corporation Limited [IOCL],0,,656,656.0,,500.52,,,2025-09-30,2026-06-30,,0,0,0,,,94,0,,,9.0,0.0,0.0,0,1,10.80589921017685,Unknown / Multi-State,,,,,Unknown,,
604852,"Grass-root Terminal at Mirzapur, Uttar Pradesh",Energy Storage,,Ministry of Petroleum & Natural Gas,Ministry of Petroleum & Natural Gas,0,,980,980.45,,227.04,,,2026-11-30,2026-11-30,,0,0,0,,,57,0,,,0.0,0.4500000000000455,0.04591836734694341,1,0,10.80589921017685,Unknown / Multi-State,,,,,Unknown,,
400012,Kandla Gorakhpur LPG Pipeline,Energy Storage,,Ministry of Petroleum & Natural Gas,Ministry of Petroleum & Natural Gas,0,,10088,10088.0,,8213.84,,,2021-12-30,2026-06-30,,0,0,0,,,95,0,,,54.0,0.0,0.0,0,1,10.974572265809623,Unknown / Multi-State,,,,,Unknown,,
400043,Laying of POL Pipelines in Common Corridor for proposed grass root terminal at Vallur [Chennai],Energy Storage,,Ministry of Petroleum & Natural Gas,Ministry of Petroleum & Natural Gas,0,,829,829.0,,378.18,,,2026-05-31,2027-03-31,,0,0,0,,,78,0,,,10.0,0.0,0.0,0,1,10.80589921017685,Unknown / Multi-State,,,,,Unknown,,
617829,LPG Bottling Plant at Mualkhang,Energy Storage,,Ministry of Petroleum & Natural Gas,Ministry of Petroleum & Natural Gas,0,,226,225.71,,12.81,2024-04-07,,2027-11-03,2027-11-03,,0,0,0,,,21,0,,2024.0,0.0,-0.28999999999999204,-0.12831858407079294,0,0,0.7306609465075553,Unknown / Multi-State,,6.5,9.85,420.0,Post-RFCTLARR 2013 (High Compensation),840.0,7.692307692307687
400301,Multi Product Pipeline from Irugur to Devangonthi,Energy Storage,,Ministry of Petroleum & Natural Gas,"Department of Water Resources, River Development & GR",0,,678,1732.0,,1087.93,2012-09-11,,2017-02-25,2026-09-30,,0,0,0,,,82,0,,2012.0,115.1,1054.0,155.45722713864308,1,1,7.229999999999981,Unknown / Multi-State,,8.0,12.1,46.0,Pre-RFCTLARR 2013 (Old 1894 Act),295.0,15.686274509803933
400078,New Mundra Panipat Crude Oil Pipeline,Energy Storage,,Ministry of Petroleum & Natural Gas,Ministry of Petroleum & Natural Gas,0,,9028,9028.0,,7132.48,,,2024-12-19,2026-06-30,,0,0,0,,,91,0,,,18.3,0.0,0.0,0,1,26.733988838692536,Unknown / Multi-State,,,,,Unknown,,
701349,Paradip-Numaligarh Crude Oil Pipeline [PNCPL] & Crude Oil Import Terminal [COIT] at Paradip,Energy Storage,,Ministry of Petroleum & Natural Gas,Ministry of Petroleum & Natural Gas,0,,10228,11407.0,,10270.2,,,2024-07-27,2026-06-30,,0,0,0,,,89,0,,,23.1,1179.0,11.527180289401642,1,1,-3.287904599659297,Unknown / Multi-State,,,,,Unknown,,
709759,"Petrochemical evacuation marketing terminal at Barmer, Rajasthan",Energy Storage,,Ministry of Petroleum & Natural Gas,Hindustan Petroleum Corporation Limited [HPCL],0,,461,461.05,,127.84,2023-07-12,,2026-12-06,2026-12-06,,0,0,0,,,60,0,,2023.0,0.0,0.05000000000001137,0.010845986984818085,1,0,-5.897937298933953,Unknown / Multi-State,,6.5,9.8,375.0,Post-RFCTLARR 2013 (High Compensation),780.0,8.333333333333325
701263,Rajasthan Refinery Project,Energy Storage,,Ministry of Petroleum & Natural Gas,MinistryofPetroleumNaturalGas,0,,43129,79459.0,,68837.7,2017-09-10,,2022-10-31,2026-06-30,,0,0,0,,,92,0,,2017.0,44.0,36330.0,84.23566509773006,1,1,10.26683343756516,Unknown / Multi-State,,6.0,10.1,165.0,Post-RFCTLARR 2013 (High Compensation),505.0,8.602150537634401
400235,"Setting up a common user Petroleum Terminal at Jammu, J&K for resitement of existing PSU OMC's Depots from Jammu City",Energy Storage,,Ministry of Petroleum & Natural Gas,Bharat Petroleum Corporation Limited [BPCL],0,,677,715.89,,535.94,2023-01-04,,2025-03-31,2026-01-31,,0,0,0,,,82,0,,2023.0,10.1,38.889999999999986,5.744460856720825,1,1,-5.897937298933953,Unknown / Multi-State,,6.5,9.8,375.0,Post-RFCTLARR 2013 (High Compensation),780.0,8.333333333333325
619313,Setting up of 50 MW [plus/minus 5 percent] Wind Power Plant for Captive Consumption at MR,Energy Storage,,Ministry of Petroleum & Natural Gas,MinistryofPetroleumNaturalGas,0,,483,483.14,,287.79,,,2027-04-30,2027-04-30,,0,0,0,,,58,0,,,0.0,0.13999999999998636,0.028985507246373988,1,0,-5.897937298933953,Unknown / Multi-State,,,,,Unknown,,
709755,"Setting up of new rail fed POL facility at Kamardanga, Assam",Energy Storage,,Ministry of Petroleum & Natural Gas,Hindustan Petroleum Corporation Limited [HPCL],0,,384,384.04,,129.97,,,2027-07-04,2027-07-04,,0,0,0,,,55,0,,,0.0,0.040000000000020464,0.010416666666671997,1,0,-5.897937298933953,Unknown / Multi-State,,,,,Unknown,,
701343,Srikakulam Angul Gas Pipeline Project,Energy Storage,,Ministry of Petroleum & Natural Gas,Ministry of Petroleum & Natural Gas,0,,2658,2810.0,,2282.98,2019-12-09,,2022-07-22,2026-06-30,,0,0,0,,,96,0,,2019.0,47.3,152.0,5.718585402558315,1,1,-3.287904599659297,Unknown / Multi-State,,5.15,9.2,230.0,Post-RFCTLARR 2013 (High Compensation),585.0,7.339449541284404
701171,AIIMS Bibinagar,Healthcare,,Ministry of Health & Family Welfare,Ministry of Health & Family Welfare,0,,1028,1365.95,,792.24,,,2022-09-30,2025-12-31,,0,0,0,,,83,0,,,39.0,337.95000000000005,32.87451361867705,1,1,10.974572265809623,Unknown / Multi-State,,,,,Unknown,,
701172,AIIMS Darbhanga,Healthcare,,Ministry of Health & Family Welfare,PMSSY AND Institute of NATIONAL Importance,0,,1264,,,0.0,,,2024-09-30,,,0,0,0,,,0,0,,,0.0,,,0,0,-0.5724854676765867,Unknown / Multi-State,,,,,Unknown,,
701167,AIIMS Kashmir at Awantipora Jammu & Kashmir,Healthcare,,Ministry of Health & Family Welfare,PMSSY AND Institute of NATIONAL Importance,0,,1828,1828.0,,1321.7,2019-10-01,,2025-01-31,2025-12-02,,0,0,0,,,68,0,,2019.0,10.0,0.0,0.0,0,1,-3.287904599659297,Unknown / Multi-State,,5.15,9.2,230.0,Post-RFCTLARR 2013 (High Compensation),585.0,7.339449541284404
701173,AIIMS Majra Rewari Haryana,Healthcare,,Ministry of Health & Family Welfare,PMSSY AND Institute of NATIONAL Importance,0,,1299,1646.43,,349.41,,,2026-12-31,2026-12-31,,0,0,0,,,45,0,,,0.0,347.43000000000006,26.745958429561206,1,0,-3.287904599659297,Unknown / Multi-State,,,,,Unknown,,
701170,AIIMS Rajkot,Healthcare,,Ministry of Health & Family Welfare,PMSSY AND Institute of NATIONAL Importance,0,,1195,,,774.6,2019-10-01,,2026-03-31,2026-03-31,,0,0,0,,,93,0,,2019.0,0.0,,,0,0,-3.287904599659297,Unknown / Multi-State,,5.15,9.2,230.0,Post-RFCTLARR 2013 (High Compensation),585.0,7.339449541284404
701168,ALL India Institute of Medical Sciences-AIIMS  Madurai,Healthcare,,Ministry of Health & Family Welfare,PMSSY AND Institute of NATIONAL Importance,0,,1264,2021.51,,366.59,,,2022-08-31,2026-10-31,,0,0,0,,,43,0,,,50.0,757.51,59.929588607594944,1,1,10.974572265809623,Unknown / Multi-State,,,,,Unknown,,
707019,Establishment of new GMC Buxar,Healthcare,,Ministry of Health & Family Welfare,"Medical Education, Ministry of Health and Family Welfare",0,,250,,,150.0,,,1900-01-01,,,0,0,0,,,0,0,,,0.0,,,0,0,,Unknown / Multi-State,,,,,Unknown,,
707022,Establishment of new GMC Chaibasa [Singhbhum],Healthcare,,Ministry of Health & Family Welfare,"Medical Education, Ministry of Health and Family Welfare",0,,250,454.1,,5.0,,,2025-09-09,,,0,0,0,,,42,0,,,0.0,204.10000000000002,81.64000000000001,1,0,10.974572265809623,Unknown / Multi-State,,,,,Unknown,,
707039,Establishment of new GMC Gangtok,Healthcare,,Ministry of Health & Family Welfare,"Medical Education, Ministry of Health and Family Welfare",0,,250,635.21,,645.21,2018-06-10,,2026-12-31,,,0,0,0,,,88,0,,2018.0,0.0,385.21000000000004,154.08400000000003,1,0,10.974572265809623,Unknown / Multi-State,,6.5,10.35,195.0,Post-RFCTLARR 2013 (High Compensation),545.0,7.920792079207928
706988,Establishment of new GMC Gondia,Healthcare,,Ministry of Health & Family Welfare,"Medical Education, Ministry of Health and Family Welfare",0,,189,,,113.4,,,1900-01-01,,,0,0,0,,,0,0,,,0.0,,,0,0,,Unknown / Multi-State,,,,,Unknown,,
707052,Establishment of new GMC Handwara [Distt. Kupwara],Healthcare,,Ministry of Health & Family Welfare,"Medical Education, Ministry of Health and Family Welfare",0,,325,,,173.0,,,1900-01-01,,,0,0,0,,,0,0,,,0.0,,,0,0,,Unknown / Multi-State,,,,,Unknown,,
707070,Establishment of new GMC Hoshiarpur,Healthcare,,Ministry of Health & Family Welfare,"Medical Education, Ministry of Health and Family Welfare",0,,325,374.75,,0.0,,,2028-12-31,,,0,0,0,,,0,0,,,0.0,49.75,15.307692307692308,1,0,-0.5724854676765867,Unknown / Multi-State,,,,,Unknown,,
707020,Establishment of new GMC Jamui,Healthcare,,Ministry of Health & Family Welfare,"Medical Education, Ministry of Health and Family Welfare",0,,250,500.0,,100.21,2019-07-03,,2025-10-06,,,0,0,0,,,32,0,,2019.0,0.0,250.0,100.0,1,0,-3.287904599659297,Unknown / Multi-State,,5.15,9.2,230.0,Post-RFCTLARR 2013 (High Compensation),585.0,7.339449541284404
707017,Establishment of new GMC Jhanjharpur,Healthcare,,Ministry of Health & Family Welfare,"Medical Education, Ministry of Health and Family Welfare",0,,250,,,150.0,,,1900-01-01,,,0,0,0,,,0,0,,,0.0,,,0,0,,Unknown / Multi-State,,,,,Unknown,,
707046,Establishment of new GMC Kanker,Healthcare,,Ministry of Health & Family Welfare,"Medical Education, Ministry of Health and Family Welfare",0,,325,325.0,,20.0,,,2027-03-31,,,0,0,0,,,48,0,,,0.0,0.0,0.0,0,0,-0.5724854676765867,Unknown / Multi-State,,,,,Unknown,,
707069,Establishment of new GMC Kapurthala,Healthcare,,Ministry of Health & Family Welfare,"Medical Education, Ministry of Health and Family Welfare",0,,325,550.0,,0.0,,,2028-12-31,,,0,0,0,,,0,0,,,0.0,225.0,69.23076923076923,1,0,-3.287904599659297,Unknown / Multi-State,,,,,Unknown,,
707021,Establishment of new GMC Koderma,Healthcare,,Ministry of Health & Family Welfare,"Medical Education, Ministry of Health and Family Welfare",0,,250,504.8,,255.0,2023-05-09,,2026-08-19,,,0,0,0,,,26,0,,2023.0,0.0,254.8,101.92000000000002,1,0,-5.897937298933953,Unknown / Multi-State,,6.5,9.8,375.0,Post-RFCTLARR 2013 (High Compensation),780.0,8.333333333333325
707044,Establishment of new GMC Korba,Healthcare,,Ministry of Health & Family Welfare,"Medical Education, Ministry of Health and Family Welfare",0,,325,322.85,,158.49,,,2026-12-31,,,0,0,0,,,45,0,,,0.0,-2.1499999999999773,-0.6615384615384545,0,0,-5.897937298933953,Unknown / Multi-State,,,,,Unknown,,
707057,Establishment of new GMC Leh,Healthcare,,Ministry of Health & Family Welfare,"Medical Education, Ministry of Health and Family Welfare",0,,325,,,127.0,,,1900-01-01,,,0,0,0,,,0,0,,,0.0,,,0,0,,Unknown / Multi-State,,,,,Unknown,,
707045,Establishment of new GMC Mahasamund,Healthcare,,Ministry of Health & Family Welfare,"Medical Education, Ministry of Health and Family Welfare",0,,325,,,302.5,,,2026-05-31,,,0,0,0,,,75,0,,,0.0,,,0,0,-5.897937298933953,Unknown / Multi-State,,,,,Unknown,,
707059,Establishment of new GMC Mandla,Healthcare,,Ministry of Health & Family Welfare,"Medical Education, Ministry of Health and Family Welfare",0,,325,,,63.41,2023-04-08,,2026-04-08,,,0,0,0,,,35,0,,2023.0,0.0,,,0,0,-5.897937298933953,Unknown / Multi-State,,6.5,9.8,375.0,Post-RFCTLARR 2013 (High Compensation),780.0,8.333333333333325
707067,Establishment of new GMC Mon,Healthcare,,Ministry of Health & Family Welfare,"Medical Education, Ministry of Health and Family Welfare",0,,325,,,155.0,,,1900-01-01,,,0,0,0,,,0,0,,,0.0,,,0,0,,Unknown / Multi-State,,,,,Unknown,,
707049,Establishment of new GMC Panchmahal,Healthcare,,Ministry of Health & Family Welfare,"Medical Education, Ministry of Health and Family Welfare",0,,325,663.5,,425.34,,,2026-03-31,,,0,0,0,,,33,0,,,0.0,338.5,104.15384615384615,1,0,10.80589921017685,Unknown / Multi-State,,,,,Unknown,,
707087,Establishment of new GMC Pithoragarh,Healthcare,,Ministry of Health & Family Welfare,"Medical Education, Ministry of Health and Family Welfare",0,,325,768.89,,313.08,,,2026-12-31,,,0,0,0,,,70,0,,,0.0,443.89,136.58153846153846,1,0,26.733988838692536,Unknown / Multi-State,,,,,Unknown,,
707050,Establishment of new GMC Porbandar,Healthcare,,Ministry of Health & Family Welfare,"Medical Education, Ministry of Health and Family Welfare",0,,325,618.98,,918.64,2022-05-04,,2024-09-30,,,0,0,0,,,62,0,,2022.0,0.0,293.98,90.45538461538463,1,0,10.80589921017685,Unknown / Multi-State,,6.25,9.2,330.0,Post-RFCTLARR 2013 (High Compensation),720.0,8.270676691729317
707058,Establishment of new GMC Rajgarh,Healthcare,,Ministry of Health & Family Welfare,"Medical Education, Ministry of Health and Family Welfare",0,,325,,,158.0,2021-08-12,,2024-04-19,,,0,0,0,,,62,0,,2021.0,0.0,,,0,0,26.733988838692536,Unknown / Multi-State,,4.0,7.5,290.0,Post-RFCTLARR 2013 (High Compensation),665.0,7.258064516129026
707086,Establishment of new GMC Rudrapur,Healthcare,,Ministry of Health & Family Welfare,"Medical Education, Ministry of Health and Family Welfare",0,,325,,,261.0,2022-04-10,,2026-12-31,,,0,0,0,,,30,0,,2022.0,0.0,,,0,0,10.80589921017685,Unknown / Multi-State,,6.25,9.2,330.0,Post-RFCTLARR 2013 (High Compensation),720.0,8.270676691729317
706966,Establishment of new GMC Samastipur,Healthcare,,Ministry of Health & Family Welfare,"Medical Education, Ministry of Health and Family Welfare",0,,189,,,113.4,,,1900-01-01,,,0,0,0,,,0,0,,,0.0,,,0,0,,Unknown / Multi-State,,,,,Unknown,,
706965,Establishment of new GMC Saran [Chhapara],Healthcare,,Ministry of Health & Family Welfare,"Medical Education, Ministry of Health and Family Welfare",0,,189,,,113.4,,,1900-01-01,,,0,0,0,,,0,0,,,0.0,,,0,0,,Unknown / Multi-State,,,,,Unknown,,
707016,Establishment of new GMC Sitamarhi,Healthcare,,Ministry of Health & Family Welfare,"Medical Education, Ministry of Health and Family Welfare",0,,250,,,150.0,,,1900-01-01,,,0,0,0,,,0,0,,,0.0,,,0,0,,Unknown / Multi-State,,,,,Unknown,,
707018,Establishment of new GMC Siwan,Healthcare,,Ministry of Health & Family Welfare,"Medical Education, Ministry of Health and Family Welfare",0,,250,,,150.0,,,1900-01-01,,,0,0,0,,,0,0,,,0.0,,,0,0,,Unknown / Multi-State,,,,,Unknown,,
707051,Establishment of new GMc Udhampur,Healthcare,,Ministry of Health & Family Welfare,"Medical Education, Ministry of Health and Family Welfare",0,,325,,,222.0,,,2027-03-31,,,0,0,0,,,75,0,,,0.0,,,0,0,-3.287904599659297,Unknown / Multi-State,,,,,Unknown,,
706989,Establishment of new GMC West Garo Hills [Tura],Healthcare,,Ministry of Health & Family Welfare,"Medical Education, Ministry of Health and Family Welfare",0,,189,,,170.1,,,1900-01-01,,,0,0,0,,,0,0,,,0.0,,,0,0,,Unknown / Multi-State,,,,,Unknown,,
617883,"Redevelopment of Residential colonies at Ayur Vigyan Nagar and West Ansari Nagar campuses of AIIMS, New Delhi",Healthcare,,Ministry of Health & Family Welfare,PMSSY AND Institute of NATIONAL Importance,0,,4441,,,24.68,,,2027-06-02,,,0,0,0,,,61,0,,,0.0,,,0,0,0.6082214765100735,Unknown / Multi-State,,,,,Unknown,,
617882,"Setting up IT Infrastructure including Network Security and Hosting at AIIMS, New Delhi",Healthcare,,Ministry of Health & Family Welfare,PMSSY AND Institute of NATIONAL Importance,0,,358,,,0.0,2025-11-09,,2026-09-10,,,0,0,0,,,0,0,,2025.0,0.0,,,0,0,1.889931456711258,Unknown / Multi-State,,6.25,9.5,465.0,Post-RFCTLARR 2013 (High Compensation),895.0,6.547619047619047
612186,350 Bedded [Upgradable to 500 beds] ESI Hospital at Sanand,Healthcare,,Ministry of Labour and Employment,Employee's State Insurance Company [ESIC],0,,558,,,55.81,,,2026-03-04,2027-05-08,,0,0,0,,,20,0,,,14.1,,,0,1,10.80589921017685,Unknown / Multi-State,,,,,Unknown,,
612185,C/o Construction of 200 bedded [Up-gradable to 300 bedded] ESI Hospital at Surat Gujarat.,Healthcare,,Ministry of Labour and Employment,Employee's State Insurance Company [ESIC],0,,209,,,185.96,,,2025-06-03,2026-01-15,,0,0,0,,,98,0,,,7.4,,,0,1,-3.287904599659297,Unknown / Multi-State,,,,,Unknown,,
612748,"Construction of 100 bed ESI Hospital and Staff Quarters [32 Nos.] at Harohalli, Karnataka",Healthcare,,Ministry of Labour and Employment,Employee's State Insurance Company [ESIC],0,,151,,,0.0,,,2027-02-28,,,0,0,0,,,0,0,,,0.0,,,0,0,-3.287904599659297,Unknown / Multi-State,,,,,Unknown,,
612513,"Construction of 100 Bedded ESI Hospital at Duburi, Odisha.",Healthcare,,Ministry of Labour and Employment,Employee's State Insurance Company [ESIC],0,,165,,,16.4,2010-10-12,,2027-06-09,,,0,0,0,,,1,0,,2010.0,0.0,,,0,0,8.65624291864946,Unknown / Multi-State,,6.25,10.5,32.0,Pre-RFCTLARR 2013 (Old 1894 Act),220.0,15.789473684210531
612239,Construction of 100 bedded ESIC Hospital & 32 nos. of Staff qtrs at OMPURA J&K.,Healthcare,,Ministry of Labour and Employment,Employee's State Insurance Company [ESIC],0,,131,164.93,,1747.76,,,2024-09-30,2025-05-31,,0,0,0,,,99,0,,,8.0,33.93000000000001,25.900763358778633,1,1,-3.287904599659297,Unknown / Multi-State,,,,,Unknown,,
612178,"Construction of 100 Bedded ESIC Hospital building and 32 Nos Residential Quarters at Vallam Vadangal, SIPCOT, Sriperumbudur",Healthcare,,Ministry of Labour and Employment,Employee's State Insurance Company [ESIC],0,,153,177.01,,119.22,,,2025-06-12,2026-02-28,,0,0,0,,,99,0,,,8.6,24.00999999999999,15.692810457516334,1,1,-12.69797674631511,Unknown / Multi-State,,,,,Unknown,,
612745,"Construction of 200 bed ESI Hospital at Bommasandra, Karnataka",Healthcare,,Ministry of Labour and Employment,Employee's State Insurance Company [ESIC],0,,278,,,228.61,,,2027-01-12,2027-05-28,,0,0,0,,,19,0,,,4.5,,,0,1,-12.69797674631511,Unknown / Multi-State,,,,,Unknown,,
612188,"Construction of 200 Bedded [Upgradable to 500 Bedded including 50 beds of SST] ESIC Hospital at Bibewadi, Pune",Healthcare,,Ministry of Labour and Employment,Employee's State Insurance Company [ESIC],0,,429,,,252.06,,,2025-09-19,2026-02-21,,0,0,0,,,68,0,,,5.1,,,0,1,10.974572265809623,Unknown / Multi-State,,,,,Unknown,,
612213,"Construction of 200 Bedded ESIC Hospital at Butibori, Nagpur, Maharashtra.",Healthcare,,Ministry of Labour and Employment,Employee's State Insurance Company [ESIC],0,,195,196.7,,114.39,,,2025-08-31,2026-09-30,,0,0,0,,,62,0,,,13.0,1.6999999999999886,0.871794871794866,1,1,2.5739065560011376,Unknown / Multi-State,,,,,Unknown,,
612201,"Construction of 200 bedded ESIC Hospital with 62 Nos Staff quarters , Beltola",Healthcare,,Ministry of Labour and Employment,Employee's State Insurance Company [ESIC],0,,143,154.75,,101.83,2017-06-12,,2025-04-12,2026-02-28,,0,0,0,,,94,0,,2017.0,10.6,11.75,8.216783216783217,1,1,10.26683343756516,Unknown / Multi-State,,6.0,10.1,165.0,Post-RFCTLARR 2013 (High Compensation),505.0,8.602150537634401
612259,CONSTRUCTION OF 300 BEDDED HOSPITAL AT HARIDWAR,Healthcare,,Ministry of Labour and Employment,Employee's State Insurance Company [ESIC],0,,102,297.63,,297.63,,,2024-10-30,2025-06-30,,0,0,0,,,68,0,,,8.0,195.63,191.79411764705884,1,1,26.733988838692536,Unknown / Multi-State,,,,,Unknown,,
612167,"Construction of 350 beds + 50 Super Specialty beds ESIC Hospital Sheelanagar, Visakhapatnam, Andhra Pradesh",Healthcare,,Ministry of Labour and Employment,Employee's State Insurance Company [ESIC],0,,384,,,105.0,,,2025-10-09,2026-01-09,,0,0,0,,,40,0,,,3.0,,,0,1,26.733988838692536,Unknown / Multi-State,,,,,Unknown,,
612688,"Construction of New OPD Block 200 Bed ward Basement + GF + 6 Floors at the location of old OPD block, at existing ESIC Hospital/ Medical college campus, Sanathnagar, Hyderabad",Healthcare,,Ministry of Labour and Employment,Employee's State Insurance Company [ESIC],0,,211,,,198.95,,,2024-06-30,2025-06-30,,0,0,0,,,100,0,,,12.0,,,0,1,10.26683343756516,Unknown / Multi-State,,,,,Unknown,,
612211,"Demolition, Construction and upgradation of ESI Hospital, Kalol, Gujarat from 50 beds to 150 beds.",Healthcare,,Ministry of Labour and Employment,Employee's State Insurance Company [ESIC],0,,206,,,24.06,,,2025-10-05,2026-06-30,,0,0,0,,,20,0,,,8.8,,,0,1,10.80589921017685,Unknown / Multi-State,,,,,Unknown,,
616691,"Upgradation & Extension of ESIC Hospital and Construction of PG Hostel / Staff Housing for ESIC Hospital at Andheri, Mumbai",Healthcare,,Ministry of Labour and Employment,Employee's State Insurance Company [ESIC],0,,260,,,210.12,,,2025-08-15,2026-09-30,,0,0,0,,,89,0,,,13.5,,,0,1,11.44321093082834,Unknown / Multi-State,,,,,Unknown,,
708662,Establishment of 600 bed super specialty hospital with optional development of Medical college and further expansion on PPP basis.,Healthcare,,"Ministry of Ports, Shipping and Waterways",Mumbai Port Trust [MPT],0,,693,693.0,,58.0,,,2026-06-30,2027-12-31,,0,0,0,,,0,0,,,18.0,0.0,0.0,0,1,-3.287904599659297,Unknown / Multi-State,,,,,Unknown,,
702668,Chennai Metro Rail Phase-II Development Project,Inland Waterways,,Ministry of Housing & Urban Affairs,Chennai Metro Rail Limited [CMRL],0,,63246,,,26410.2,,,2029-08-31,,,0,0,0,,,45,0,,,0.0,,,0,0,0.7306609465075553,Unknown / Multi-State,,,,,Unknown,,
609424,"Development of Container Terminal at Tuna-Tekra, Deendayal Port on BOT Basis Under PPP Mode",Shipping,,"Ministry of Ports, Shipping and Waterways",Deendayal Port Trust,0,,4244,,,1428.0,,,2027-03-13,2027-09-30,,0,0,0,,,49,0,,,6.6,,,0,1,10.80589921017685,Unknown / Multi-State,,,,,Unknown,,
611142,Fairway Development in West Bengal Farakka - Kahelgaon,Inland Waterways,,"Ministry of Ports, Shipping and Waterways",Inland Waterways Authority of India [IWAI],0,,177,197.0,,383.41,2018-01-01,,2023-07-31,2024-04-21,,0,0,0,,,100,0,,2018.0,8.7,20.0,11.299435028248588,1,1,10.974572265809623,Unknown / Multi-State,,6.5,10.35,195.0,Post-RFCTLARR 2013 (High Compensation),545.0,7.920792079207928
701565,Jal Marg Vikas Project,Inland Waterways,,"Ministry of Ports, Shipping and Waterways",Inland Waterways Authority of India [IWAI],0,,5369,5061.15,,3432.34,2018-03-01,,2023-12-31,2025-12-31,,0,0,0,,,70,0,,2018.0,24.0,-307.85000000000036,-5.73384242875769,0,1,10.974572265809623,Unknown / Multi-State,,6.5,10.35,195.0,Post-RFCTLARR 2013 (High Compensation),545.0,7.920792079207928
705515,3rd & 4th Railway Line Project from Salegaon to Budhapank via Rajathgarh.,Inland Waterways,,Ministry of Railways,East Coast Railway [ECoR] - II,0,,1173,2092.0,,1971.0,2013-11-07,,2026-03-31,2026-03-31,,0,0,0,,,80,0,,2013.0,0.0,919.0,78.3461210571185,1,0,2.5739065560011376,Unknown / Multi-State,,7.75,11.9,55.0,Pre-RFCTLARR 2013 (Old 1894 Act),340.0,15.254237288135597
705742,Jeypore-Malkanagiri New Railway Line Project,Inland Waterways,,Ministry of Railways,East Coast Railway [ECoR] - II,0,,2344,2344.0,,196.75,,,2033-07-31,2033-07-31,,0,0,0,,,8,0,,,0.0,0.0,0.0,0,0,10.974572265809623,Unknown / Multi-State,,,,,Unknown,,
705741,Jeypore-Navarangpur New  Rail Line Project,Inland Waterways,,Ministry of Railways,East Coast Railway [ECoR] - II,0,,748,748.0,,10.43,2017-04-07,,2028-07-31,2029-12-31,,0,0,0,,,1,0,,2017.0,17.0,0.0,0.0,0,1,10.26683343756516,Unknown / Multi-State,,6.0,10.1,165.0,Post-RFCTLARR 2013 (High Compensation),505.0,8.602150537634401
707410,Integrated Multi Modal Logistics Hub at Nangal Chaudhary in Haryana - Other Trunk Infrastructure Development Phase 1,Logistics Infrastructure,,Department for Promotion of Industry & Internal Trade,National Highways & Infrastructure Development Corporation Ltd. [NHIDCL],0,,763,,,430.0,,,2023-12-31,2028-05-15,,0,0,0,,,60,0,,,52.5,,,0,1,10.974572265809623,Unknown / Multi-State,,,,,Unknown,,
707414,Multi Modal Transport Hub [MMTH] Project at Boraki in Greater Noida - Infrastructure Development - Phase 1,Logistics Infrastructure,,Department for Promotion of Industry & Internal Trade,National Industrial Corridor Development Corporation,0,,1480,,,0.0,,,2030-03-15,,,0,0,0,,,0,0,,,0.0,,,0,0,-0.5724854676765867,Unknown / Multi-State,,,,,Unknown,,
701570,"Replacement and revamping of pipeline projects in oil jetty area, Kandla",Shipping,,"Ministry of Ports, Shipping and Waterways",Deendayal Port Trust [DPT],0,,171,211.61,,137.51,,,2023-09-30,2025-03-31,,0,0,0,,,71,0,,,18.0,40.610000000000014,23.748538011695913,1,1,26.733988838692536,Unknown / Multi-State,,,,,Unknown,,
709832,25.5 MW WIND POWER PROJECT AT KAYATHAR IN TAMILNADU,Metals & Mining,,Ministry of Mines,National Aluminium Company Limited [NALCO],0,,166,,,135.0,,,2025-03-31,2026-03-31,,0,0,0,,,65,0,,,12.0,,,0,1,10.26683343756516,Unknown / Multi-State,,,,,Unknown,,
709830,CONVERSION OF FLAT BOTTOM SETTLERS AND WASHERS WITH A SINGLE TRAIN OF HRDS AND DCWS IN STREAMS 1 AND,Metals & Mining,,Ministry of Mines,Ministry of Mines,0,,355,581.0,,0.0,,,2026-11-30,,,0,0,0,,,0,0,,,0.0,226.0,63.66197183098592,1,0,,Unknown / Multi-State,,,,,Unknown,,
400141,Expansion of Alumina Refinery Plant with addition of 5th Stream having capacity enhancement of 1.0 Million Tonee Per Annum,Metals & Mining,,Ministry of Mines,National Aluminium Company Limited [NALCO],0,,4103,5677.4,,4556.52,,,2022-12-31,2026-06-30,,0,0,0,,,81,0,,,42.0,1574.3999999999996,38.371922983183026,1,1,10.26683343756516,Unknown / Multi-State,,,,,Unknown,,
400426,Expansion of Malanjkhand Copper Project,Metals & Mining,,Ministry of Mines,Hindustan Copper Limited [HCL],0,,1856,3800.0,,1009.9,,,2020-04-30,2029-03-31,,0,0,0,,,26,0,,,107.0,1944.0,104.74137931034481,1,1,4.2752867570385655,Unknown / Multi-State,,,,,Unknown,,
400299,Pottangi Bauxite Mines Project,Metals & Mining,,Ministry of Mines,National Aluminium Company Limited [NALCO],0,,1381,1960.77,,770.23,,,2025-03-31,2026-11-30,,0,0,0,,,52,0,,,20.0,579.77,41.981897175959446,1,1,10.974572265809623,Unknown / Multi-State,,,,,Unknown,,
611798,Rakha Underground Mining Project,Metals & Mining,,Ministry of Mines,Hindustan Copper Limited [HCL],0,,2705,,,,,,2033-03-31,,,0,0,0,,,0,0,,,0.0,,,0,0,10.80589921017685,Unknown / Multi-State,,,,,Unknown,,
709831,SOURCING OF BAUXITE ARRANGEMENT FOR 5TH STREAM ALUMINA REFINERY FROM SOUTH BLOCK MINING LEASE OF PANCHPATMAILI MINES,Metals & Mining,,Ministry of Mines,National Aluminium Company Limited [NALCO],0,,483,,,402.67,2017-11-11,,2025-05-31,2026-06-30,,0,0,0,,,90,0,,2017.0,13.0,,,0,1,10.26683343756516,Unknown / Multi-State,,6.0,10.1,165.0,Post-RFCTLARR 2013 (High Compensation),505.0,8.602150537634401
611800,Surda Underground Copper Mining Project,Metals & Mining,,Ministry of Mines,Hindustan Copper Limited [HCL],0,,665,,,13.33,2022-12-02,,2028-03-31,,,0,0,0,,,1,0,,2022.0,0.0,,,0,0,10.80589921017685,Unknown / Multi-State,,6.25,9.2,330.0,Post-RFCTLARR 2013 (High Compensation),720.0,8.270676691729317
709829,UTKAL D AND E COAL BLOCK,Metals & Mining,,Ministry of Mines,National Aluminium Company Limited [NALCO],0,,1022,,,0.0,,,2025-03-31,,,0,0,0,,,0,0,,,0.0,,,0,0,,Unknown / Multi-State,,,,,Unknown,,
615202,Capacity expansion of Deposit-14 and 14 NMZ at Kirandul,Metals & Mining,,Ministry of Steel,National Mineral Development Corporation Limited [NMDC],0,,1700,1756.2,,124.9,2021-12-08,,2028-12-31,2028-03-27,,0,0,0,,,4,0,,2021.0,0.0,56.200000000000045,3.3058823529411794,1,0,26.733988838692536,Unknown / Multi-State,,4.0,7.5,290.0,Post-RFCTLARR 2013 (High Compensation),665.0,7.258064516129026
400171,2G Ethanol Biorefinery at Bathinda,Oil & Gas,,Ministry of Petroleum & Natural Gas,Hindustan Petroleum Corporation Limited [HPCL],0,,1421,1421.46,,1185.85,,,2023-02-18,2026-03-31,,0,0,0,,,95,0,,,37.4,0.4600000000000364,0.032371569317384684,1,1,-0.5724854676765867,Unknown / Multi-State,,,,,Unknown,,
400168,"500 KTA PDHPP Project, Usar",Oil & Gas,,Ministry of Petroleum & Natural Gas,Ministry of Petroleum & Natural Gas,0,,8797,11256.0,,7750.46,2021-08-04,,2025-04-08,2027-04-30,,0,0,0,,,89,0,,2021.0,24.7,2459.0,27.95271115152893,1,1,26.733988838692536,Unknown / Multi-State,,4.0,7.5,290.0,Post-RFCTLARR 2013 (High Compensation),665.0,7.258064516129026
709801,71 MWp [DC] Solar power project at Prayagraj,Oil & Gas,,Ministry of Petroleum & Natural Gas,Bharat Petroleum Corporation Limited [BPCL],0,,308,,,183.37,2024-02-02,,2025-08-02,,,0,0,0,,,95,0,,2024.0,0.0,,,0,0,0.7306609465075553,Unknown / Multi-State,,6.5,9.85,420.0,Post-RFCTLARR 2013 (High Compensation),840.0,7.692307692307687
604792,"Assam Bio Refinery, ABRPL",Oil & Gas,,Ministry of Petroleum & Natural Gas,Ministry of Petroleum & Natural Gas,0,,1750,4200.0,,4650.0,,,2021-09-30,2025-07-31,,0,0,0,,,99,0,,,46.0,2450.0,140.0,1,1,,Unknown / Multi-State,,,,,Unknown,,
617822,ATF Pipeline from BPCLs Malkapur POL Installation to  Hyderabad International airport,Oil & Gas,,Ministry of Petroleum & Natural Gas,MinistryofPetroleumNaturalGas,0,,215,215.0,,45.69,2025-06-03,,2027-09-24,2027-09-24,,0,0,0,,,25,0,,2025.0,0.0,0.0,0.0,0,0,1.889931456711258,Unknown / Multi-State,,6.25,9.5,465.0,Post-RFCTLARR 2013 (High Compensation),895.0,6.547619047619047
709782,ATF Pipeline from Jawaharlal Nehru Port Trust to Navi Mumbai International Airport ,Oil & Gas,,Ministry of Petroleum & Natural Gas,Indian Oil Corporation Limited [IOCL],0,,165,165.0,,101.62,,,2025-08-21,2026-06-30,,0,0,0,,,98,0,,,10.3,0.0,0.0,0,1,10.80589921017685,Unknown / Multi-State,,,,,Unknown,,
617838,Augmentation of CCKPL and IDPL Pipelines capacity along with setting up of Palakkad TOP,Oil & Gas,,Ministry of Petroleum & Natural Gas,Ministry of Petroleum & Natural Gas,0,,1130,1130.0,,173.9,2024-12-09,,2028-08-31,2028-08-31,,0,0,0,,,20,0,,2024.0,0.0,0.0,0.0,0,0,0.7306609465075553,Unknown / Multi-State,,6.5,9.85,420.0,Post-RFCTLARR 2013 (High Compensation),840.0,7.692307692307687
619224,Augmentation of DUPL-DPPL Pipeline,Oil & Gas,,Ministry of Petroleum & Natural Gas,Ministry of Petroleum & Natural Gas,0,,844,844.0,,0.61,,,2028-03-22,2028-03-22,,0,0,0,,,6,0,,,0.0,0.0,0.0,0,0,1.889931456711258,Unknown / Multi-State,,,,,Unknown,,
709786,"Augmentation/ Revamping of Dimapur Depot, Dimapur",Oil & Gas,,Ministry of Petroleum & Natural Gas,MinistryofPetroleumNaturalGas,0,,228,227.62,,10.8,,,2027-11-30,2027-11-30,,0,0,0,,,25,0,,,0.0,-0.37999999999999545,-0.1666666666666647,0,0,-5.897937298933953,Unknown / Multi-State,,,,,Unknown,,
709776,Augmentation/Revamping of Facilities at existing Guwahati Terminal at Betkuchi,Oil & Gas,,Ministry of Petroleum & Natural Gas,MinistryofPetroleumNaturalGas,0,,277,323.09,,188.04,2022-06-04,,2026-09-30,2026-09-30,,0,0,0,,,68,0,,2022.0,0.0,46.089999999999975,16.63898916967508,1,0,10.80589921017685,Unknown / Multi-State,,6.25,9.2,330.0,Post-RFCTLARR 2013 (High Compensation),720.0,8.270676691729317
701324,Barauni Refinery Capacity Expansion from 6.0 to 9.0 MMTPA,Oil & Gas,,Ministry of Petroleum & Natural Gas,Ministry of Petroleum & Natural Gas,0,,14810,16724.0,,12129.0,,,2023-04-30,2026-08-31,,0,0,0,,,89,0,,,40.0,1914.0,12.923700202565833,1,1,-0.5724854676765867,Unknown / Multi-State,,,,,Unknown,,
612998,Bathinda Sangrur Pipeline,Oil & Gas,,Ministry of Petroleum & Natural Gas,Ministry of Petroleum and Natural Gas,0,,367,397.0,,347.0,2021-02-11,,2024-05-01,2025-10-30,,0,0,0,,,94,0,,2021.0,18.0,30.0,8.174386920980927,1,1,26.733988838692536,Unknown / Multi-State,,4.0,7.5,290.0,Post-RFCTLARR 2013 (High Compensation),665.0,7.258064516129026
709850,Borholla GGS Life Extension Project [BLEP],Oil & Gas,,Ministry of Petroleum & Natural Gas,Ministry of Petroleum & Natural Gas,0,,199,198.7,,39.45,,,2026-05-16,2026-05-16,,0,0,0,,,36,0,,,0.0,-0.30000000000001137,-0.1507537688442268,0,0,-5.897937298933953,Unknown / Multi-State,,,,,Unknown,,
619312,Bulk Loading Hub- Kanpur,Oil & Gas,,Ministry of Petroleum & Natural Gas,MinistryofPetroleumNaturalGas,0,,186,186.0,,92.47,,,2027-09-30,2027-09-30,,0,0,0,,,54,0,,,0.0,0.0,0.0,0,0,1.889931456711258,Unknown / Multi-State,,,,,Unknown,,
617830,C2/C3 Vijaipur Pata Pipeline,Oil & Gas,,Ministry of Petroleum & Natural Gas,Ministry of Petroleum & Natural Gas,0,,1792,1792.0,,390.2,,,2027-01-15,2027-01-15,,0,0,0,,,46,0,,,0.0,0.0,0.0,0,0,0.7306609465075553,Unknown / Multi-State,,,,,Unknown,,
709779,Capacity Expansion of Digboi Refinery from 0.65 to 1.0 MMTPA,Oil & Gas,,Ministry of Petroleum & Natural Gas,MinistryofPetroleumNaturalGas,0,,768,740.0,,123.97,,,2026-03-08,2027-07-31,,0,0,0,,,44,0,,,16.8,-28.0,-3.6458333333333335,0,1,10.80589921017685,Unknown / Multi-State,,,,,Unknown,,
701289,Capacity Expansion of Panipat Refinery from 15 to 25 MMTPA,Oil & Gas,,Ministry of Petroleum & Natural Gas,Ministry of Petroleum & Natural Gas,0,,34627,36225.0,,26027.5,,,2024-09-30,2026-06-30,,0,0,0,,,92,0,,,21.0,1598.0,4.61489589049008,1,1,26.733988838692536,Unknown / Multi-State,,,,,Unknown,,
604795,CBR 9 MMTPA Project,Oil & Gas,,Ministry of Petroleum & Natural Gas,Chennai Petroleum Corporation Limited [CPCL],0,,31580,36354.0,,1342.27,2021-03-09,,2025-06-02,2028-10-31,,0,0,0,,,10,0,,2021.0,41.0,4774.0,15.117162761241293,1,1,26.733988838692536,Unknown / Multi-State,,4.0,7.5,290.0,Post-RFCTLARR 2013 (High Compensation),665.0,7.258064516129026
709757,"CGD Project in Banka, Dumka, Godda, Jamtara, Pakur, Sahibganj GA ID 11A.02",Oil & Gas,,Ministry of Petroleum & Natural Gas,Hindustan Petroleum Corporation Limited,0,,1377,1377.0,,335.79,,,2030-06-30,2030-06-30,,0,0,0,,,27,0,,,0.0,0.0,0.0,0,0,10.80589921017685,Unknown / Multi-State,,,,,Unknown,,
709758,"CGD Project in Malda, Birbhum, Murshidabad, Dakshin Dinajpur GA ID 11A.03",Oil & Gas,,Ministry of Petroleum & Natural Gas,Hindustan Petroleum Corporation Limited,0,,2628,2628.0,,340.69,,,2030-06-30,2030-06-30,,0,0,0,,,28,0,,,0.0,0.0,0.0,0,0,10.80589921017685,Unknown / Multi-State,,,,,Unknown,,
619196,Change of service of existing Mundra-Panipat Pipeline [Panipat - Churwa section] from Crude oil to Product,Oil & Gas,,Ministry of Petroleum & Natural Gas,IOCL,0,,359,359.0,,33.94,,,2027-04-30,2027-03-31,,0,0,0,,,38,0,,,0.0,0.0,0.0,0,0,1.889931456711258,Unknown / Multi-State,,,,,Unknown,,
617818,"City Gas Distribution [CGD] Project in Gajapati, Kandhamal, Boudh, & Sonepur GA",Oil & Gas,,Ministry of Petroleum & Natural Gas,GAIL Gas,0,,515,514.91,,19.92,,,2030-02-27,2030-02-28,,0,0,0,,,4,0,,,0.0,-0.09000000000003183,-0.01747572815534599,0,0,10.80589921017685,Unknown / Multi-State,,,,,Unknown,,
617819,"City Gas Distribution [CGD] Project in Kondagaon, Bastar, Sukma, Narayanpur, Bijapur & Dantewada GA",Oil & Gas,,Ministry of Petroleum & Natural Gas,Ministry of Petroleum & Natural Gas,0,,557,557.04,,10.33,,,2030-06-12,2030-06-12,,0,0,0,,,2,0,,,0.0,0.03999999999996362,0.0071813285457744385,1,0,10.80589921017685,Unknown / Multi-State,,,,,Unknown,,
701338,City Gas Distribution Maharashtra Natural Gas Limited,Oil & Gas,,Ministry of Petroleum & Natural Gas,Ministry of Petroleum & Natural Gas,0,,5535,5535.0,,3883.25,,,2031-06-08,2031-06-08,,0,0,0,,,0,0,,,0.0,0.0,0.0,0,0,9.871434904684495,Unknown / Multi-State,,,,,Unknown,,
709771,"City Gas Distribution Project at Beed, Jalgaon and Jalna Districts",Oil & Gas,,Ministry of Petroleum & Natural Gas,MinistryofPetroleumNaturalGas,0,,865,865.0,,69.15,,,2031-09-30,2031-09-30,,0,0,0,,,2,0,,,0.0,0.0,0.0,0,0,10.80589921017685,Unknown / Multi-State,,,,,Unknown,,
709768,City Gas Distribution Project at Dharmapuri and Krishnagiri Districts,Oil & Gas,,Ministry of Petroleum & Natural Gas,MinistryofPetroleumNaturalGas,0,,501,501.0,,111.55,,,2030-12-31,2030-12-31,,0,0,0,,,5,0,,,0.0,0.0,0.0,0,0,,Unknown / Multi-State,,,,,Unknown,,
709772,"City Gas Distribution Project at East Mednipore, West Mednipore & Jhargram Districts",Oil & Gas,,Ministry of Petroleum & Natural Gas,MinistryofPetroleumNaturalGas,0,,609,609.0,,56.58,,,2031-06-30,2031-06-30,,0,0,0,,,2,0,,,0.0,0.0,0.0,0,0,10.80589921017685,Unknown / Multi-State,,,,,Unknown,,
709773,"City Gas Distribution Project at Jammu, Udhampur, Reasi, Samba and Kathua Districts",Oil & Gas,,Ministry of Petroleum & Natural Gas,MinistryofPetroleumNaturalGas,0,,538,538.0,,4.3,,,2034-09-30,2034-09-30,,0,0,0,,,1,0,,,0.0,0.0,0.0,0,0,10.80589921017685,Unknown / Multi-State,,,,,Unknown,,
617303,"City Gas Distribution Project at Khagaria, Saharsa and Madhepura",Oil & Gas,,Ministry of Petroleum & Natural Gas,Ministry of Petroleum & Natural Gas,0,,163,163.0,,95.54,,,2030-03-31,2030-03-31,,0,0,0,,,40,0,,,0.0,0.0,0.0,0,0,,Unknown / Multi-State,,,,,Unknown,,
709766,"City Gas Distribution Project at Kurnool, Guntur & Prakasam Districts",Oil & Gas,,Ministry of Petroleum & Natural Gas,MinistryofPetroleumNaturalGas,0,,1420,1420.0,,163.46,,,2030-03-31,2030-03-31,,0,0,0,,,6,0,,,0.0,0.0,0.0,0,0,10.80589921017685,Unknown / Multi-State,,,,,Unknown,,
709770,City Gas Distribution Project at Pathankot District,Oil & Gas,,Ministry of Petroleum & Natural Gas,MinistryofPetroleumNaturalGas,0,,151,151.0,,8.74,,,2033-09-30,2033-09-30,,0,0,0,,,2,0,,,0.0,0.0,0.0,0,0,10.80589921017685,Unknown / Multi-State,,,,,Unknown,,
709791,City Gas Distribution Projects at Alipurduar and Cooch Behar,Oil & Gas,,Ministry of Petroleum & Natural Gas,Bharat Petroleum Corporation Limited [BPCL],0,,1017,1017.0,,194.33,,,2030-03-31,2030-03-31,,0,0,0,,,39,0,,,0.0,0.0,0.0,0,0,10.80589921017685,Unknown / Multi-State,,,,,Unknown,,
709792,"City Gas Distribution Projects at Darbhanga, Madhubani, Supaul, Sitamarhi and Sheohar districts",Oil & Gas,,Ministry of Petroleum & Natural Gas,Bharat Petroleum Corporation Limited [BPCL],0,,3638,3638.0,,414.14,,,2030-03-31,2030-03-31,,0,0,0,,,29,0,,,0.0,0.0,0.0,0,0,10.80589921017685,Unknown / Multi-State,,,,,Unknown,,
709794,"City Gas Distribution Projects at Fazilka [except area already authorized], Ganganagar and Hanumangarh districts",Oil & Gas,,Ministry of Petroleum & Natural Gas,Bharat Petroleum Corporation Limited [BPCL],0,,3207,3207.0,,345.1,,,2030-06-30,2030-06-30,,0,0,0,,,24,0,,,0.0,0.0,0.0,0,0,10.80589921017685,Unknown / Multi-State,,,,,Unknown,,
709793,"City Gas Distribution Projects at Gopalganj, Siwan, West Champaran, East Champaran and Deoria districts",Oil & Gas,,Ministry of Petroleum & Natural Gas,Bharat Petroleum Corporation Limited [BPCL],0,,3919,3919.0,,412.83,,,2030-06-30,2030-06-30,,0,0,0,,,19,0,,,0.0,0.0,0.0,0,0,10.80589921017685,Unknown / Multi-State,,,,,Unknown,,
709795,"City Gas Distribution Projects at Lakhimpur Kheri , Sitapur, Bahraich, Shravasti,Balrampur, Siddharth Nagar & Maharajganj districts",Oil & Gas,,Ministry of Petroleum & Natural Gas,Bharat Petroleum Corporation Limited [BPCL],0,,16654,16654.0,,590.67,,,2030-06-30,2030-06-30,,0,0,0,,,11,0,,,0.0,0.0,0.0,0,0,10.80589921017685,Unknown / Multi-State,,,,,Unknown,,
709796,City Gas Distribution Projects at the Nilgiris and Erode districts,Oil & Gas,,Ministry of Petroleum & Natural Gas,Bharat Petroleum Corporation Limited [BPCL],0,,3685,3685.0,,238.05,,,2030-03-31,2030-03-31,,0,0,0,,,18,0,,,0.0,0.0,0.0,0,0,10.80589921017685,Unknown / Multi-State,,,,,Unknown,,
617836,Coke Drum Structure Package,Oil & Gas,,Ministry of Petroleum & Natural Gas,Ministry of Petroleum & Natural Gas,0,,635,635.28,,171.47,,,2025-12-31,2026-09-30,,0,0,0,,,53,0,,,9.0,0.2799999999999727,0.04409448818897208,1,1,10.80589921017685,Unknown / Multi-State,,,,,Unknown,,
709838,Commercial Polymer Flooding Project in Bechraji field,Oil & Gas,,Ministry of Petroleum & Natural Gas,Oil and Natural Gas Corporation Limited [ONGC],0,,621,621.4,,137.72,,,2024-11-30,2025-11-30,,0,0,0,,,21,0,,,12.0,0.39999999999997726,0.06441223832527813,1,1,10.80589921017685,Unknown / Multi-State,,,,,Unknown,,
709780,Construction of Additional Tankages and Allied Facilities at JNPT Terminal,Oil & Gas,,Ministry of Petroleum & Natural Gas,MinistryofPetroleumNaturalGas,0,,341,436.14,,284.84,,,2026-08-31,2026-08-31,,0,0,0,,,57,0,,,0.0,95.13999999999999,27.90029325513196,1,0,10.80589921017685,Unknown / Multi-State,,,,,Unknown,,
616858,"Construction of Field Gas Gathering Station at Baghjan area for collection, processing & transportation of natural Gas to be produced from Baghjan Field",Oil & Gas,,Ministry of Petroleum & Natural Gas,Ministry of Petroleum & Natural Gas,0,,431,430.76,,346.88,,,2024-03-31,2026-06-30,,0,0,0,,,92,0,,,27.0,-0.2400000000000091,-0.055684454756382624,0,1,-0.5724854676765867,Unknown / Multi-State,,,,,Unknown,,
610985,Construction of lube oil blending plant at Rasayani,Oil & Gas,,Ministry of Petroleum & Natural Gas,Ministry of Petroleum & Natural Gas,0,,423,526.26,,305.71,,,2023-12-31,2025-12-31,,0,0,0,,,81,0,,,24.0,103.25999999999999,24.411347517730494,1,1,10.80589921017685,Unknown / Multi-State,,,,,Unknown,,
709837,"Creation of Gas Dehydration  Facilities, Tripura Asset",Oil & Gas,,Ministry of Petroleum & Natural Gas,Oil and Natural Gas Corporation Limited [ONGC],0,,209,131.51,,70.94,2022-08-03,,2024-05-31,2026-05-31,,0,0,0,,,66,0,,2022.0,24.0,-77.49000000000001,-37.076555023923454,0,1,10.80589921017685,Unknown / Multi-State,,6.25,9.2,330.0,Post-RFCTLARR 2013 (High Compensation),720.0,8.270676691729317
709800,"CUF POL Depot at Sadashibpur [Meramundali], Odisha",Oil & Gas,,Ministry of Petroleum & Natural Gas,MinistryofPetroleumNaturalGas,0,,394,393.54,,214.0,,,2026-03-31,2026-06-30,,0,0,0,,,77,0,,,3.0,-0.45999999999997954,-0.11675126903552781,0,1,26.733988838692536,Unknown / Multi-State,,,,,Unknown,,
709839,Daman Upside Development Project,Oil & Gas,,Ministry of Petroleum & Natural Gas,Oil and Natural Gas Corporation Limited [ONGC],0,,4144,6406.9,,4401.66,,,2025-10-31,2026-02-28,,0,0,0,,,87,0,,,3.9,2262.8999999999996,54.60666023166022,1,1,10.80589921017685,Unknown / Multi-State,,,,,Unknown,,
709864,DCU Revamp Project,Oil & Gas,,Ministry of Petroleum & Natural Gas,NRL,0,,370,370.0,,266.35,2021-05-08,,2024-07-17,2026-06-30,,0,0,0,,,64,0,,2021.0,23.4,0.0,0.0,0,1,26.733988838692536,Unknown / Multi-State,,4.0,7.5,290.0,Post-RFCTLARR 2013 (High Compensation),665.0,7.258064516129026
400158,Debottlenecking and Augmentation of Cryogenic facilities at Uran LPG Import Terminal,Oil & Gas,,Ministry of Petroleum & Natural Gas,"Department of Water Resources, River Development & GR",0,,1165,1629.86,,1012.27,,,2024-02-29,2025-12-31,,0,0,0,,,90,0,,,22.0,464.8599999999999,39.902145922746776,1,1,26.733988838692536,Unknown / Multi-State,,,,,Unknown,,
616879,Demo Bio-ATF Project,Oil & Gas,,Ministry of Petroleum & Natural Gas,Ministry of Petroleum & Natural Gas,0,,364,364.0,,32.59,,,2027-01-16,2027-01-16,,0,0,0,,,19,0,,,0.0,0.0,0.0,0,0,0.7306609465075553,Unknown / Multi-State,,,,,Unknown,,
610984,Development of Jharia CBM Block [Phase-1],Oil & Gas,,Ministry of Petroleum & Natural Gas,Oil and Natural Gas Corporation Limited [ONGC],0,,431,431.0,,217.93,,,2024-01-21,2025-11-30,,0,0,0,,,59,0,,,22.3,0.0,0.0,0,1,-3.287904599659297,Unknown / Multi-State,,,,,Unknown,,
604863,Development of Surface Facilities for production and evacuation of Crude Oil and Natural Gas from Nadua and East Khagorija,Oil & Gas,,Ministry of Petroleum & Natural Gas,Ministry of Petroleum & Natural Gas,0,,683,726.93,,493.53,2018-10-01,,2020-02-29,2026-06-30,,0,0,0,,,94,0,,2018.0,76.0,43.92999999999995,6.431918008784766,1,1,10.974572265809623,Unknown / Multi-State,,6.5,10.35,195.0,Post-RFCTLARR 2013 (High Compensation),545.0,7.920792079207928
701344,Dhamra Haldia Pipeline Project,Oil & Gas,,Ministry of Petroleum & Natural Gas,Ministry of Petroleum & Natural Gas,0,,1031,1125.0,,915.3,2020-03-03,,2022-11-07,2026-09-30,,0,0,0,,,94,0,,2020.0,46.7,94.0,9.117361784675072,1,1,-0.5724854676765867,Unknown / Multi-State,,4.0,7.8,260.0,Post-RFCTLARR 2013 (High Compensation),620.0,5.982905982905984
617302,Durgapur - Haldia Pipeline [Section-3B of JHBDPL Project],Oil & Gas,,Ministry of Petroleum & Natural Gas,Ministry of Petroleum & Natural Gas,0,,1740,2493.15,,2351.6,2017-01-03,,2020-12-31,2026-09-30,,0,0,0,,,94,0,,2017.0,69.0,753.1500000000001,43.2844827586207,1,1,10.26683343756516,Unknown / Multi-State,,6.0,10.1,165.0,Post-RFCTLARR 2013 (High Compensation),505.0,8.602150537634401
709798,Ethylene Cracker Project at Bina Refinery including downstream Petrochemical Plants and expansion of Refinery,Oil & Gas,,Ministry of Petroleum & Natural Gas,MinistryofPetroleumNaturalGas,0,,43367,43367.0,,1913.6,,,2028-05-31,2028-05-31,,0,0,0,,,15,0,,,0.0,0.0,0.0,0,0,-5.897937298933953,Unknown / Multi-State,,,,,Unknown,,
619316,"Group Gathering Station, Lakwagaon",Oil & Gas,,Ministry of Petroleum & Natural Gas,Ministry of Petroleum & Natural Gas,0,,496,495.59,,18.04,2025-09-10,,2027-10-23,2027-10-23,,0,0,0,,,6,0,,2025.0,0.0,-0.410000000000025,-0.08266129032258568,0,0,1.889931456711258,Unknown / Multi-State,,6.25,9.5,465.0,Post-RFCTLARR 2013 (High Compensation),895.0,6.547619047619047
612853,Gurdaspur Jammu Pipeline,Oil & Gas,,Ministry of Petroleum & Natural Gas,Gas Authority of India Limited [GAIL],0,,522,521.9,,206.0,2023-12-07,,2026-07-11,2026-07-11,,0,0,0,,,37,0,,2023.0,0.0,-0.10000000000002274,-0.01915708812260972,0,0,-5.897937298933953,Unknown / Multi-State,,6.5,9.8,375.0,Post-RFCTLARR 2013 (High Compensation),780.0,8.333333333333325
607701,"Guwahati Refinery Expansion [1.0 to 1.2 MMTPA] along with installation of CRU, Guwahati Refinery",Oil & Gas,,Ministry of Petroleum & Natural Gas,Ministry of Petroleum & Natural Gas,0,,412,577.0,,445.73,,,2023-10-31,2026-05-31,,0,0,0,,,87,0,,,31.0,165.0,40.04854368932039,1,1,26.733988838692536,Unknown / Multi-State,,,,,Unknown,,
709753,Haldia Panagarh Pipeline Project,Oil & Gas,,Ministry of Petroleum & Natural Gas,Hindustan Petroleum Corporation Limited,0,,1010,1010.0,,692.62,2022-09-11,,2025-11-08,2026-05-08,,0,0,0,,,84,0,,2022.0,5.9,0.0,0.0,0,1,10.80589921017685,Unknown / Multi-State,,6.25,9.2,330.0,Post-RFCTLARR 2013 (High Compensation),720.0,8.270676691729317
709760,HP TDAE Unit in Mumbai Refinery,Oil & Gas,,Ministry of Petroleum & Natural Gas,Hindustan Petroleum Corporation Limited,0,,240,240.0,,139.9,,,2026-04-19,2026-06-17,,0,0,0,,,80,0,,,1.9,0.0,0.0,0,1,0.7306609465075553,Unknown / Multi-State,,,,,Unknown,,
709761,HP Trijet Unit in Visakh Refinery,Oil & Gas,,Ministry of Petroleum & Natural Gas,Hindustan Petroleum Corporation Limited,0,,193,193.0,,0.43,,,2027-07-28,2027-07-28,,0,0,0,,,23,0,,,0.0,0.0,0.0,0,0,0.7306609465075553,Unknown / Multi-State,,,,,Unknown,,
709752,HP-COAT [Crude to Olefins and Aromatics Technology] demo unit at Visakh Refinery,Oil & Gas,,Ministry of Petroleum & Natural Gas,Hindustan Petroleum Corporation Limited,0,,160,220.0,,132.39,,,2024-06-30,2027-02-28,,0,0,0,,,91,0,,,32.0,60.0,37.5,1,1,26.733988838692536,Unknown / Multi-State,,,,,Unknown,,
604853,"Indian Oil Technology Development and Deployment Centre at R&D Campus-II, Faridabad",Oil & Gas,,Ministry of Petroleum & Natural Gas,Ministry of Petroleum & Natural Gas,0,,2282,3200.0,,1920.67,,,2022-12-31,2027-07-31,,0,0,0,,,65,0,,,55.0,918.0,40.22787028921998,1,1,-3.287904599659297,Unknown / Multi-State,,,,,Unknown,,
709777,Installation of Bitumen Manufacturing Unit along with allied facilities at Barauni Refinery,Oil & Gas,,Ministry of Petroleum & Natural Gas,MinistryofPetroleumNaturalGas,0,,389,340.0,,121.63,,,2025-04-30,2027-06-30,,0,0,0,,,63,0,,,26.0,-49.0,-12.596401028277635,0,1,10.80589921017685,Unknown / Multi-State,,,,,Unknown,,
619225,Installation of Compression facility at GAIL Usar,Oil & Gas,,Ministry of Petroleum & Natural Gas,Ministry of Petroleum & Natural Gas,0,,260,260.2,,0.0,2025-09-04,,2027-04-08,2027-04-08,,0,0,0,,,0,0,,2025.0,0.0,0.19999999999998863,0.07692307692307256,1,0,1.889931456711258,Unknown / Multi-State,,6.25,9.5,465.0,Post-RFCTLARR 2013 (High Compensation),895.0,6.547619047619047
709789,Installation of Independent De- Aromatized Solvents [DAS] production facilities at MR,Oil & Gas,,Ministry of Petroleum & Natural Gas,Bharat Petroleum Corporation Limited [BPCL],0,,405,343.0,,227.3,2023-01-03,,2025-07-31,2026-02-20,,0,0,0,,,95,0,,2023.0,6.7,-62.0,-15.308641975308642,0,1,-5.897937298933953,Unknown / Multi-State,,6.5,9.8,375.0,Post-RFCTLARR 2013 (High Compensation),780.0,8.333333333333325
709783,"Installation of Multiple Effect Evaporator [MEE] for ETP-1, 2 & 4 of Panipat Refinery and Petrochemical Complex.",Oil & Gas,,Ministry of Petroleum & Natural Gas,MinistryofPetroleumNaturalGas,0,,165,247.69,,138.41,,,2023-06-30,2026-06-30,,0,0,0,,,76,0,,,36.0,82.69,50.11515151515151,1,1,-0.5724854676765867,Unknown / Multi-State,,,,,Unknown,,
709778,Installation of new Biturox Unit along with allied facilities at Gujarat Refinery,Oil & Gas,,Ministry of Petroleum & Natural Gas,MinistryofPetroleumNaturalGas,0,,328,287.0,,163.55,,,2025-08-08,2026-09-30,,0,0,0,,,76,0,,,13.7,-41.0,-12.5,0,1,10.80589921017685,Unknown / Multi-State,,,,,Unknown,,
709851,Integrated Development of 4 Contract Areas under DSF-II,Oil & Gas,,Ministry of Petroleum & Natural Gas,Ministry of Petroleum & Natural Gas,0,,6184,6183.79,,1555.0,,,2027-04-30,2027-04-30,,0,0,0,,,36,0,,,0.0,-0.21000000000003638,-0.0033958602846060216,0,0,-5.897937298933953,Unknown / Multi-State,,,,,Unknown,,
604859,Integrated Para Xylene [PX] and Purified Terephthalic Acid [PTA] Project at Paradip Refinery,Oil & Gas,,Ministry of Petroleum & Natural Gas,Ministry of Petroleum & Natural Gas,0,,13805,11783.0,,70637.3,,,2024-01-31,2026-08-31,,0,0,0,,,94,0,,,31.0,-2022.0,-14.646867077145961,0,1,-0.5724854676765867,Unknown / Multi-State,,,,,Unknown,,
709842,"Kalol Redevelopment Project, Ahmedabad Asset",Oil & Gas,,Ministry of Petroleum & Natural Gas,Oil and Natural Gas Corporation Limited [ONGC],0,,1487,1487.41,,927.55,,,2027-03-31,2027-03-31,,0,0,0,,,62,0,,,0.0,0.41000000000008185,0.027572293207806447,1,0,10.80589921017685,Unknown / Multi-State,,,,,Unknown,,
619191,Kanpur LPG Bottling Plant,Oil & Gas,,Ministry of Petroleum & Natural Gas,MinistryofPetroleumNaturalGas,0,,202,202.0,,125.69,,,2027-09-30,2027-09-30,,0,0,0,,,54,0,,,0.0,0.0,0.0,0,0,1.889931456711258,Unknown / Multi-State,,,,,Unknown,,
400120,KG-DWN-98/2 Cluster - II Development Project - NELP Block,Oil & Gas,,Ministry of Petroleum & Natural Gas,Oil and Natural Gas Corporation Limited [ONGC],0,,34012,34012.0,,32184.0,,,2020-06-30,2026-06-30,,0,0,0,,,96,0,,,72.0,0.0,0.0,0,1,0.6082214765100735,Unknown / Multi-State,,,,,Unknown,,
701228,Kochi - Koottanad - Bangalore - Mangalore Pipeline Phase-II,Oil & Gas,,Ministry of Petroleum & Natural Gas,Ministry of Petroleum & Natural Gas,0,,2915,5909.0,,4623.3,,,2012-12-31,2026-09-30,,0,0,0,,,96,0,,,164.9,2994.0,102.71012006861065,1,1,-3.3825944170771782,Unknown / Multi-State,,,,,Unknown,,
709785,Laying of Natural Gas Pipeline from Hazaribagh to Ranchi [HRPL],Oil & Gas,,Ministry of Petroleum & Natural Gas,MinistryofPetroleumNaturalGas,0,,202,202.07,,60.23,2023-09-02,,2026-02-08,2026-02-08,,0,0,0,,,48,0,,2023.0,0.0,0.06999999999999318,0.03465346534653128,1,0,-5.897937298933953,Unknown / Multi-State,,6.5,9.8,375.0,Post-RFCTLARR 2013 (High Compensation),780.0,8.333333333333325
709750,Laying of new 28 inch Desal Water Pipeline and 10 inch Reject Water Pipeline between CPCL Manali Refinery and CPCL Desalination plant at Ennore,Oil & Gas,,Ministry of Petroleum & Natural Gas,Chennai Petroleum Corporation Limited [CPCL],0,,205,205.0,,56.22,,,2025-09-21,2025-12-31,,0,0,0,,,51,0,,,3.3,0.0,0.0,0,1,0.7306609465075553,Unknown / Multi-State,,,,,Unknown,,
400119,Life Extension of 48 well platforms of Mumbai High & Heera Fields,Oil & Gas,,Ministry of Petroleum & Natural Gas,Oil and Natural Gas Corporation Limited [ONGC],0,,3191,3375.9,,3122.39,,,2018-04-30,2026-03-31,,0,0,0,,,90,0,,,95.0,184.9000000000001,5.794421811344409,1,1,-12.69797674631511,Unknown / Multi-State,,,,,Unknown,,
616933,Lube Modernization & Bottom Upgradation Project at Mumbai Refinery,Oil & Gas,,Ministry of Petroleum & Natural Gas,Ministry of Petroleum and Natural Gas,0,,4679,4679.0,,200.79,,,2028-03-16,2028-03-16,,0,0,0,,,5,0,,,0.0,0.0,0.0,0,0,0.7306609465075553,Unknown / Multi-State,,,,,Unknown,,
701330,Mehsana-Bhatinda & Bhatinda-Jammu Natural Gas Pipeline,Oil & Gas,,Ministry of Petroleum & Natural Gas,Ministry of Petroleum & Natural Gas,0,,7392,7392.0,,6349.0,2011-07-07,,2024-06-30,2026-04-30,,0,0,0,,,90,0,,2011.0,22.0,0.0,0.0,0,1,4.2752867570385655,Unknown / Multi-State,,8.5,12.5,38.5,Pre-RFCTLARR 2013 (Old 1894 Act),255.0,15.909090909090917
709848,MHN TCPP PGC BGC Project [MTPBP],Oil & Gas,,Ministry of Petroleum & Natural Gas,Ministry of Petroleum & Natural Gas,0,,2329,2354.23,,1148.9,,,2026-05-19,2026-05-19,,0,0,0,,,56,0,,,0.0,25.230000000000018,1.0832975525976822,1,0,10.80589921017685,Unknown / Multi-State,,,,,Unknown,,
701341,Multi-product Pipeline from Krishnapatnam Coastal Installation to the proposed Installation at Hyderabad [Malkapur],Oil & Gas,,Ministry of Petroleum & Natural Gas,Ministry of Petroleum & Natural Gas,0,,1932,2208.0,,1552.37,,,2025-03-31,2025-08-31,,0,0,0,,,98,0,,,5.0,276.0,14.285714285714285,1,1,,Unknown / Multi-State,,,,,Unknown,,
701354,Mumbai Nagpur Jharsuguda Pipeline Project,Oil & Gas,,Ministry of Petroleum & Natural Gas,Ministry of Petroleum & Natural Gas,0,,7844,8255.0,,6857.3,,,2023-05-14,2026-02-28,,0,0,0,,,97,0,,,33.5,411.0,5.239673635900051,1,1,-0.5724854676765867,Unknown / Multi-State,,,,,Unknown,,
701346,North East Gas Grid,Oil & Gas,,Ministry of Petroleum & Natural Gas,Ministry of Petroleum & Natural Gas,0,,9265,9265.0,,6603.95,2020-01-04,,2024-03-31,2026-03-31,,0,0,0,,,86,0,,2020.0,24.0,0.0,0.0,0,1,-0.5724854676765867,Unknown / Multi-State,,4.0,7.8,260.0,Post-RFCTLARR 2013 (High Compensation),620.0,5.982905982905984
604791,Numaligarh Refinery Expansion Project,Oil & Gas,,Ministry of Petroleum & Natural Gas,Ministry of Petroleum & Natural Gas,0,,12366,22494.0,,18147.4,,,2024-07-27,2026-09-30,,0,0,0,,,80,0,,,26.1,10128.0,81.90198932557011,1,1,-0.5724854676765867,Unknown / Multi-State,,,,,Unknown,,
709841,Old Pipe Line Replacement [OPRP] Group-A,Oil & Gas,,Ministry of Petroleum & Natural Gas,Oil and Natural Gas Corporation Limited [ONGC],0,,173,169.84,,160.52,2021-01-07,,2025-07-18,2026-07-16,,0,0,0,,,93,0,,2021.0,11.9,-3.1599999999999966,-1.8265895953757205,0,1,26.733988838692536,Unknown / Multi-State,,4.0,7.5,290.0,Post-RFCTLARR 2013 (High Compensation),665.0,7.258064516129026
619328,ONGC-BP Redevelopment Phase-1 Scheme of Mumbai High Field,Oil & Gas,,Ministry of Petroleum & Natural Gas,Ministry of Petroleum & Natural Gas,0,,3713,3908.0,,1557.5,,,2027-03-31,2027-03-31,,0,0,0,,,53,0,,,0.0,195.0,5.251817936978185,1,0,1.889931456711258,Unknown / Multi-State,,,,,Unknown,,
709846,Part Replacement Pipeline Project  [PRPP],Oil & Gas,,Ministry of Petroleum & Natural Gas,Oil and Natural Gas Corporation Limited [ONGC],0,,1219,1145.1,,745.0,2022-10-11,,2024-05-15,2025-12-15,,0,0,0,,,90,0,,2022.0,19.0,-73.90000000000009,-6.062346185397875,0,1,10.80589921017685,Unknown / Multi-State,,6.25,9.2,330.0,Post-RFCTLARR 2013 (High Compensation),720.0,8.270676691729317
619223,Petro Resid Fluidized Catalytic Cracking [PRFCC] Unit and its associated facilities at Mumbai Refinery,Oil & Gas,,Ministry of Petroleum & Natural Gas,Ministry of Petroleum & Natural Gas,0,,13626,13626.0,,55.4,,,2029-09-30,2029-09-30,,0,0,0,,,4,0,,,0.0,0.0,0.0,0,0,1.889931456711258,Unknown / Multi-State,,,,,Unknown,,
701329,Petrochemical and Lube Integration Project at Gujarat Refinery,Oil & Gas,,Ministry of Petroleum & Natural Gas,Ministry of Petroleum & Natural Gas,0,,18936,17825.0,,12779.6,,,2024-08-31,2026-06-30,,0,0,0,,,84,0,,,21.9,-1111.0,-5.867131389945078,0,1,-0.5724854676765867,Unknown / Multi-State,,,,,Unknown,,
709847,Pipeline Network Project Rudrasagar,Oil & Gas,,Ministry of Petroleum & Natural Gas,Ministry of Petroleum & Natural Gas,0,,345,344.99,,211.1,,,2026-04-27,2026-04-27,,0,0,0,,,48,0,,,0.0,-0.009999999999990905,-0.002898550724635045,0,0,-5.897937298933953,Unknown / Multi-State,,,,,Unknown,,
617827,"Pipeline Rehabilitation Project, Phase-II",Oil & Gas,,Ministry of Petroleum & Natural Gas,Ministry of Petroleum & Natural Gas,0,,680,680.0,,12.65,,,2029-12-17,2029-12-17,,0,0,0,,,29,0,,,0.0,0.0,0.0,0,0,0.7306609465075553,Unknown / Multi-State,,,,,Unknown,,
619314,Pipeline Replacement Project- PRP-IX,Oil & Gas,,Ministry of Petroleum & Natural Gas,Ministry of Petroleum & Natural Gas,0,,6684,6175.0,,589.63,,,2027-05-15,2027-05-15,,0,0,0,,,14,0,,,0.0,-509.0,-7.615200478755237,0,0,1.889931456711258,Unknown / Multi-State,,,,,Unknown,,
709797,POL & LOBS Installations with Receipt Pipelines at Rasayani,Oil & Gas,,Ministry of Petroleum & Natural Gas,Bharat Petroleum Corporation Limited [BPCL],0,,2585,2585.0,,1349.7,,,2026-05-31,2026-09-30,,0,0,0,,,83,0,,,4.0,0.0,0.0,0,1,-5.897937298933953,Unknown / Multi-State,,,,,Unknown,,
611917,Poly Butadiene Rubber plant at Panipat,Oil & Gas,,Ministry of Petroleum & Natural Gas,Indian Oil Corporation Limited [IOCL],0,,1459,2531.44,,1381.16,,,2025-03-31,2026-06-30,,0,0,0,,,74,0,,,15.0,1072.44,73.50514050719671,1,1,10.80589921017685,Unknown / Multi-State,,,,,Unknown,,
709865,Power Recovery Turbine [PRT] in PFCCU unit as an Energy Conservation Scheme,Oil & Gas,,Ministry of Petroleum & Natural Gas,NRL,0,,294,293.5,,81.84,2023-12-04,,2024-12-31,2026-09-30,,0,0,0,,,99,0,,2023.0,21.0,-0.5,-0.17006802721088435,0,1,-5.897937298933953,Unknown / Multi-State,,6.5,9.8,375.0,Post-RFCTLARR 2013 (High Compensation),780.0,8.333333333333325
612790,Power System Upgradation Project,Oil & Gas,,Ministry of Petroleum & Natural Gas,Mangalore Refinary and Petrochemicals Limited,0,,385,385.0,,155.14,,,2025-11-17,2026-05-12,,0,0,0,,,69,0,,,5.8,0.0,0.0,0,1,-5.897937298933953,Unknown / Multi-State,,,,,Unknown,,
400161,"PP Project, Pata",Oil & Gas,,Ministry of Petroleum & Natural Gas,Gas Authority of India Limited [GAIL],0,,911,1299.02,,1073.0,2019-05-03,,2024-01-31,2026-02-15,,0,0,0,,,99,0,,2019.0,24.5,388.02,42.59275521405049,1,1,-3.287904599659297,Unknown / Multi-State,,5.15,9.2,230.0,Post-RFCTLARR 2013 (High Compensation),585.0,7.339449541284404
619226,Provision of four bitumen tanks with capacity of 5 TMT each at Visakh Refinery,Oil & Gas,,Ministry of Petroleum & Natural Gas,Ministry of Petroleum and Natural Gas,0,,258,258.34,,1.65,,,2028-03-24,2028-03-24,,0,0,0,,,10,0,,,0.0,0.339999999999975,0.1317829457364244,1,0,1.889931456711258,Unknown / Multi-State,,,,,Unknown,,
616950,PRP-VIII [Group-A],Oil & Gas,,Ministry of Petroleum & Natural Gas,Ministry of Petroleum & Natural Gas,0,,1486,1486.4,,272.3,2024-05-09,,2026-02-28,2026-05-15,,0,0,0,,,24,0,,2024.0,2.5,0.40000000000009095,0.026917900403774623,1,1,0.7306609465075553,Unknown / Multi-State,,6.5,9.85,420.0,Post-RFCTLARR 2013 (High Compensation),840.0,7.692307692307687
709849,PRP-VIII Group B [NH & BS Asset],Oil & Gas,,Ministry of Petroleum & Natural Gas,Ministry of Petroleum & Natural Gas,0,,2380,3165.53,,1806.9,,,2026-02-28,2026-05-15,,0,0,0,,,70,0,,,2.5,785.5300000000002,33.005462184873956,1,1,0.7306609465075553,Unknown / Multi-State,,,,,Unknown,,
400169,Redevelopment of Linch Field,Oil & Gas,,Ministry of Petroleum & Natural Gas,Oil and Natural Gas Corporation Limited [ONGC],0,,631,845.42,,612.97,,,2025-03-31,2026-07-25,,0,0,0,,,90,0,,,15.8,214.41999999999996,33.9809825673534,1,1,26.733988838692536,Unknown / Multi-State,,,,,Unknown,,
400167,Redevelopment of Santhal Field [Onshore-Mehsana Asset],Oil & Gas,,Ministry of Petroleum & Natural Gas,Oil and Natural Gas Corporation Limited [ONGC],0,,1163,1162.56,,1152.0,,,2026-03-31,2026-04-30,,0,0,0,,,96,0,,,1.0,-0.44000000000005457,-0.03783319002580005,0,1,10.26683343756516,Unknown / Multi-State,,,,,Unknown,,
400087,Redevelopment of Sobhasan Complex,Oil & Gas,,Ministry of Petroleum & Natural Gas,Oil and Natural Gas Corporation Limited [ONGC],0,,886,1286.67,,830.89,,,2026-02-28,2026-02-28,,0,0,0,,,79,0,,,0.0,400.6700000000001,45.22234762979685,1,0,26.733988838692536,Unknown / Multi-State,,,,,Unknown,,
709790,Replacement and Extension of Jetty Pipelines [REJP] at KR,Oil & Gas,,Ministry of Petroleum & Natural Gas,Bharat Petroleum Corporation Limited [BPCL],0,,622,372.0,,459.74,2023-01-03,,2026-03-31,2026-03-31,,0,0,0,,,93,0,,2023.0,0.0,-250.0,-40.19292604501607,0,0,-5.897937298933953,Unknown / Multi-State,,6.5,9.8,375.0,Post-RFCTLARR 2013 (High Compensation),780.0,8.333333333333325
709840,"Restoration of Gas Terminal, Phase-I [Part-A], Hazira",Oil & Gas,,Ministry of Petroleum & Natural Gas,Oil and Natural Gas Corporation Limited [ONGC],0,,249,249.43,,210.45,,,2025-02-10,2026-04-30,,0,0,0,,,95,0,,,14.6,0.4300000000000068,0.1726907630522116,1,1,10.80589921017685,Unknown / Multi-State,,,,,Unknown,,
709781,Revamping / Augmentation of Facilities at Mathura Bitumen Plant,Oil & Gas,,Ministry of Petroleum & Natural Gas,MinistryofPetroleumNaturalGas,0,,260,260.12,,10.38,,,2027-06-30,2026-12-31,,0,0,0,,,33,0,,,0.0,0.12000000000000455,0.046153846153847905,1,0,10.80589921017685,Unknown / Multi-State,,,,,Unknown,,
709845,"Revamping of SV Stations, Gas Terminal & Kribhco Terminal",Oil & Gas,,Ministry of Petroleum & Natural Gas,Oil and Natural Gas Corporation Limited [ONGC],0,,837,837.34,,257.06,,,2026-08-31,2026-08-31,,0,0,0,,,54,0,,,0.0,0.34000000000003183,0.04062126642772185,1,0,10.80589921017685,Unknown / Multi-State,,,,,Unknown,,
709774,Revamping/ Augmentation of facilities at existing port terminal at Mangalore,Oil & Gas,,Ministry of Petroleum & Natural Gas,Ministry of Petroleum & Natural Gas,0,,463,500.62,,290.86,,,2025-12-31,2027-06-30,,0,0,0,,,75,0,,,17.9,37.620000000000005,8.125269978401729,1,1,10.80589921017685,Unknown / Multi-State,,,,,Unknown,,
617304,"Setting up of LPG Plant with Rail Unloading Facility at Hathua, Dist. Gopalganj, Bihar",Oil & Gas,,Ministry of Petroleum & Natural Gas,MinistryofPetroleumNaturalGas,0,,340,340.15,,107.35,,,2027-03-01,2027-03-01,,0,0,0,,,29,0,,,0.0,0.14999999999997726,0.04411764705881684,1,0,-5.897937298933953,Unknown / Multi-State,,,,,Unknown,,
709799,Setting up Polypropylene Unit at Kochi Refinery,Oil & Gas,,Ministry of Petroleum & Natural Gas,MinistryofPetroleumNaturalGas,0,,4460,4460.0,,308.59,,,2027-10-31,2027-10-31,,0,0,0,,,17,0,,,0.0,0.0,0.0,0,0,-5.897937298933953,Unknown / Multi-State,,,,,Unknown,,
617837,Siliguri Marketing Terminal [SMT] Capacity Augmentation Project,Oil & Gas,,Ministry of Petroleum & Natural Gas,Ministry of Petroleum & Natural Gas,0,,484,484.0,,293.69,2021-08-11,,2025-12-31,2026-09-30,,0,0,0,,,82,0,,2021.0,9.0,0.0,0.0,0,1,26.733988838692536,Unknown / Multi-State,,4.0,7.5,290.0,Post-RFCTLARR 2013 (High Compensation),665.0,7.258064516129026
617828,Siliguri-Jhapa Pipeline Project,Oil & Gas,,Ministry of Petroleum & Natural Gas,Indian Oil Corporation Limited [IOCL],0,,267,267.0,,1.77,,,2029-03-29,2029-03-29,,0,0,0,,,8,0,,,0.0,0.0,0.0,0,0,0.7306609465075553,Unknown / Multi-State,,,,,Unknown,,
701350,Upgradation of Facilities of Numaligarh-Siliguri Product Pipeline [NSPL] for transportation of additional products from existing 1.72 MMTPA to 5.5 MMTPA,Oil & Gas,,Ministry of Petroleum & Natural Gas,Ministry of Petroleum & Natural Gas,0,,860,860.0,,636.92,,,2024-12-20,2026-03-31,,0,0,0,,,99,0,,,15.3,0.0,0.0,0,1,26.733988838692536,Unknown / Multi-State,,,,,Unknown,,
616254,Visakh Raipur Pipeline Project,Oil & Gas,,Ministry of Petroleum & Natural Gas,Ministry of Petroleum and Natural Gas,0,,2212,2212.0,,127.64,2024-11-09,,2027-09-10,2027-09-10,,0,0,0,,,21,0,,2024.0,0.0,0.0,0.0,0,0,0.7306609465075553,Unknown / Multi-State,,6.5,9.85,420.0,Post-RFCTLARR 2013 (High Compensation),840.0,7.692307692307687
701568,Construction of oil jetty No.8 at old kandla through internal resources,Shipping,,"Ministry of Ports, Shipping and Waterways",Deendayal Port Trust [DPT],0,,100,225.85,,186.47,2018-01-02,,2023-02-03,2024-07-31,,0,0,0,,,90,0,,2018.0,17.9,125.85,125.85,1,1,10.974572265809623,Unknown / Multi-State,,6.5,10.35,195.0,Post-RFCTLARR 2013 (High Compensation),545.0,7.920792079207928
400203,Dharamjaigarh-Korba,Railways,,Ministry of Coal,Railway,0,,1686,2438.53,,536.26,,,2026-12-31,2026-08-31,,0,0,0,,,42,0,,,0.0,752.5300000000002,44.63404507710559,1,0,10.974572265809623,Unknown / Multi-State,,,,,Unknown,,
400416,Shivpur-Kathautia New Rail [BG] Line [49 km] [Package II of Tori-Shivpur-Kathautia line],Railways,,Ministry of Coal,Ministry of Coal,0,,1800,2564.34,,1462.35,,,2025-06-30,2026-06-30,,0,0,0,,,61,0,,,12.0,764.3400000000001,42.46333333333334,1,1,10.974572265809623,Unknown / Multi-State,,,,,Unknown,,
612834,3rd & 4th line between Sarla - Sason [8 km] [PB 73/2023-24/NR],Railways,,Ministry of Railways,East Coast Railway [ECoR] - II,0,,252,,,105.68,,,2025-12-28,,,0,0,0,,,70,0,,,0.0,,,0,0,-5.897937298933953,Unknown / Multi-State,,,,,Unknown,,
616697,3rd & 4th line between Vadlapudi -Gate Jn. cabin and Tie line between Gate Junction to Gangavaram port,Railways,,Ministry of Railways,East Coast Railway [ECoR] - II,0,,154,,,15.92,2023-11-04,,2026-06-30,,,0,0,0,,,18,0,,2023.0,0.0,,,0,0,-5.897937298933953,Unknown / Multi-State,,6.5,9.8,375.0,Post-RFCTLARR 2013 (High Compensation),780.0,8.333333333333325
709819,3RD AND 4TH LINE - SARAGBUNDIA AND MADWARANI,Railways,,Ministry of Railways,SECR,0,,168,,,0.04,2022-12-09,,2026-12-31,2026-12-31,,0,0,0,,,3,0,,2022.0,0.0,,,0,0,10.80589921017685,Unknown / Multi-State,,6.25,9.2,330.0,Post-RFCTLARR 2013 (High Compensation),720.0,8.270676691729317
617216,3rd Line between Gudur Renigunta 83.17 Km,Railways,,Ministry of Railways,South Central Railway [SCR] - II,0,,877,,,151.89,2024-03-10,,2027-03-31,,,0,0,0,,,0,0,,2024.0,0.0,,,0,0,0.7306609465075553,Unknown / Multi-State,,6.5,9.85,420.0,Post-RFCTLARR 2013 (High Compensation),840.0,7.692307692307687
705498,3rd Line Kalyan - Kasara [67.35 Kilometres],Railways,,Ministry of Railways,Central Railway,0,,793,1395.79,,1024.34,,,2026-12-31,2026-12-31,,0,0,0,,,69,0,,,0.0,602.79,76.01387137452711,1,0,-12.69797674631511,Unknown / Multi-State,,,,,Unknown,,
705506,3rd Line Manmad - Jalgaon [160 Kilometres],Railways,,Ministry of Railways,Central Railway [CR] - II,0,,1035,1559.0,,1692.0,,,2024-12-31,2025-08-31,,0,0,0,,,97,0,,,8.0,524.0,50.6280193236715,1,1,10.26683343756516,Unknown / Multi-State,,,,,Unknown,,
705502,3rd Line Wardha - Ballarshah [132 Kilometres],Railways,,Ministry of Railways,Central Railway [CR] - II,0,,1385,2033.59,,1655.88,2016-07-03,,2025-12-31,2026-02-28,,0,0,0,,,68,0,,2016.0,1.9,648.5899999999999,46.82960288808663,1,1,0.6082214765100735,Unknown / Multi-State,,6.25,10.4,138.0,Post-RFCTLARR 2013 (High Compensation),465.0,9.411764705882364
705500,3rd Line Wardha - Sewagram - Nagpur,Railways,,Ministry of Railways,Central Railway [CR] - II,0,,540,698.0,,724.75,2015-04-09,,2025-12-31,2025-12-31,,0,0,0,,,80,0,,2015.0,0.0,158.0,29.259259259259256,1,0,-12.69797674631511,Unknown / Multi-State,,6.75,11.1,115.0,Post-RFCTLARR 2013 (High Compensation),425.0,10.389610389610393
709815,4TH LINE - BHATAPARA-HATHBAND [8.8 KM] [PB-72/NR/2022-23],Railways,,Ministry of Railways,SECR,0,,177,177.03,,12.3,,,2027-01-31,2027-12-31,,0,0,0,,,18,0,,,11.0,0.030000000000001137,0.016949152542373523,1,1,10.80589921017685,Unknown / Multi-State,,,,,Unknown,,
709816,4TH LINE - BHILAI-BHILAI NAGAR [8.8 KM] [PB-72/NR/2022-23],Railways,,Ministry of Railways,SECR,0,,177,177.34,,1.64,,,2027-02-28,2027-02-28,,0,0,0,,,4,0,,,0.0,0.3400000000000034,0.1920903954802279,1,0,10.80589921017685,Unknown / Multi-State,,,,,Unknown,,
709817,4TH LINE - DADHAPARA-BELHA [9.2 KM] [PB-72/NR/2022-23],Railways,,Ministry of Railways,SECR,0,,169,169.06,,15.58,,,2026-11-30,2026-11-26,,0,0,0,,,60,0,,,0.0,0.060000000000002274,0.035502958579883,1,0,10.80589921017685,Unknown / Multi-State,,,,,Unknown,,
612072,4th LINE BETWEEN BAREJADI NANDEJ-SANAND-AHMEDABAD BYPASS,Railways,,Ministry of Railways,Western Railway WR - II,0,,962,961.67,,359.61,2023-03-02,,2027-03-31,2028-07-31,,0,0,0,,,18,0,,2023.0,16.0,-0.3300000000000409,-0.03430353430353856,0,1,-5.897937298933953,Unknown / Multi-State,,6.5,9.8,375.0,Post-RFCTLARR 2013 (High Compensation),780.0,8.333333333333325
612815,4th line between Nipania Bhatapara 14.4 Km,Railways,,Ministry of Railways,South East Central Railway [SECR] - II,0,,170,,,1.34,2022-08-12,,2027-03-31,,,0,0,0,,,5,0,,2022.0,0.0,,,0,0,10.80589921017685,Unknown / Multi-State,,6.25,9.2,330.0,Post-RFCTLARR 2013 (High Compensation),720.0,8.270676691729317
709818,4TH LINE RAJNANDGAON-DONGARHGARH [31.2 KM] [PB-72/NR/2022-23],Railways,,Ministry of Railways,SECR,0,,328,328.34,,53.88,2022-12-09,,2027-01-31,2027-01-31,,0,0,0,,,25,0,,2022.0,0.0,0.339999999999975,0.10365853658535823,1,0,10.80589921017685,Unknown / Multi-State,,6.25,9.2,330.0,Post-RFCTLARR 2013 (High Compensation),720.0,8.270676691729317
705505,4th Line Wardha - Nagpur [78.7 Kilometres],Railways,,Ministry of Railways,Central Railway [CR] - II,0,,638,1214.69,,1031.75,,,2025-12-31,2026-10-31,,0,0,0,,,88,0,,,10.0,576.69,90.39028213166145,1,1,10.26683343756516,Unknown / Multi-State,,,,,Unknown,,
611937,Adraj Moti Vijapur 40 Kms,Railways,,Ministry of Railways,Western Railway (WR) - II,0,,418,417.53,,494.13,2022-01-05,,2026-05-31,2025-12-31,,0,0,0,,,90,0,,2022.0,0.0,-0.4700000000000273,-0.11244019138756635,0,0,10.80589921017685,Unknown / Multi-State,,6.25,9.2,330.0,Post-RFCTLARR 2013 (High Compensation),720.0,8.270676691729317
705919,Agra Fort-Bandikui Doubling Line Project,Railways,,Ministry of Railways,CAO/C/NCR,0,,1390,1390.0,,123.0,2022-01-06,,2027-06-30,2027-06-27,,0,0,0,,,25,0,,2022.0,0.0,0.0,0.0,0,0,10.80589921017685,Unknown / Multi-State,,6.25,9.2,330.0,Post-RFCTLARR 2013 (High Compensation),720.0,8.270676691729317
613788,AGTHORI KAMAKHYA SECTION WITH CONSTRUCTION OF NEW RAIL CUM-ROAD BRIDGE AT SARAIGHAT - 7.062KM,Railways,,Ministry of Railways,Northeast Frontier Railway [NFR],0,,1474,,,0.0,,,2029-12-31,,,0,0,0,,,0,0,,,0.0,,,0,0,0.7306609465075553,Unknown / Multi-State,,,,,Unknown,,
705356,Ahmednagar - Beed - Parli - Vaijnath  New Broad Gauge Line Railway Project [261.3 km],Railways,,Ministry of Railways,Central Railway [CR] - II,0,,2539,4957.27,,5015.05,1999-01-01,,2026-03-31,2026-03-31,,0,0,0,,,98,0,,1999.0,0.0,2418.2700000000004,95.24497833792833,1,0,,Unknown / Multi-State,,,,,Pre-RFCTLARR 2013 (Old 1894 Act),,
616843,AJMER- CHANDERIYA DOUBLING,Railways,,Ministry of Railways,North Western Railway [NWR],0,,1635,,,447.64,,,2027-06-30,2028-03-31,,0,0,0,,,22,0,,,9.0,,,0,1,0.7306609465075553,Unknown / Multi-State,,,,,Unknown,,
705774,Aligarh -Daud Khan Flyover Construction & 3rd Railway Line Project,Railways,,Ministry of Railways,CAO/C/NCR,0,,758,779.49,,315.37,2019-01-04,,2025-01-31,2027-03-31,,0,0,0,,,55,0,,2019.0,25.9,21.49000000000001,2.8350923482849613,1,1,-3.287904599659297,Unknown / Multi-State,,5.15,9.2,230.0,Post-RFCTLARR 2013 (High Compensation),585.0,7.339449541284404
705918,Allahabad division - Aligarh - Harduaganj Flyover,Railways,,Ministry of Railways,North Central Railway,0,,1457,1457.0,,50.0,,,2026-06-30,2027-03-31,,0,0,0,,,8,0,,,9.0,0.0,0.0,0,1,-0.5724854676765867,Unknown / Multi-State,,,,,Unknown,,
705771,Allahabad-Bamhrauli Flyover Construction & 4th Railway Line Project,Railways,,Ministry of Railways,North Central Railway,0,,494,494.0,,333.0,2019-01-04,,2026-03-31,2026-03-26,,0,0,0,,,70,0,,2019.0,0.0,0.0,0.0,0,0,-3.287904599659297,Unknown / Multi-State,,5.15,9.2,230.0,Post-RFCTLARR 2013 (High Compensation),585.0,7.339449541284404
705583,Anand Vihar-Tilak Bridge 3rd & 4th line,Railways,,Ministry of Railways,CAO/C/NR,0,,667,667.0,,285.44,,,2023-03-31,2027-12-31,,0,0,0,,,62,0,,,57.0,0.0,0.0,0,1,2.5739065560011376,Unknown / Multi-State,,,,,Unknown,,
617252,Anandnagar - Ghugli via Maharajganj 50 km,Railways,,Ministry of Railways,Construction NER,0,,958,,,432.01,,,2028-03-21,,,0,0,0,,,23,0,,,0.0,,,0,0,-5.897937298933953,Unknown / Multi-State,,,,,Unknown,,
705368,Araria Supaul New BG Line,Railways,,Ministry of Railways,East Central Railway [ECR] - I,0,,1605,2514.0,,1490.2,,,2024-03-31,2027-01-31,,0,0,0,,,35,0,,,34.0,909.0,56.63551401869159,1,1,10.974572265809623,Unknown / Multi-State,,,,,Unknown,,
611751,AURANGABAD-ANKAI - DOUBLING PROJECT 98.25 Km,Railways,,Ministry of Railways,South Central Railway [SCR] - II,0,,961,,,0.0,,,2027-03-31,,,0,0,0,,,0,0,,,0.0,,,0,0,-5.897937298933953,Unknown / Multi-State,,,,,Unknown,,
617361,Babupeth - Sasti New Rail Line [13.114 KMs],Railways,,Ministry of Railways,CentralRailway,0,,363,362.81,,0.47,,,2028-03-31,,,0,0,0,,,0,0,,,0.0,-0.18999999999999773,-0.05234159779614262,0,0,0.7306609465075553,Unknown / Multi-State,,,,,Unknown,,
616587,Badampahar-Kendujhargarh new line [82.06 km],Railways,,Ministry of Railways,CAO/C/SER,0,,1876,,,0.53,,,2029-12-31,,,0,0,0,,,0,0,,,0.0,,,0,0,0.7306609465075553,Unknown / Multi-State,,,,,Unknown,,
705495,Bagalkot-Kudachi New Railway Line [142 km],Railways,,Ministry of Railways,South Western Railway [SWR] - II,0,,1378,1649.0,,670.74,,,2027-03-31,2027-01-31,,0,0,0,,,35,0,,,0.0,271.0,19.666182873730044,1,0,26.733988838692536,Unknown / Multi-State,,,,,Unknown,,
705767,Baghuapal Flyover  Construction Project,Railways,,Ministry of Railways,CAO/C/ECoR,0,,258,258.0,,0.83,2019-01-08,,2028-03-31,2028-03-31,,0,0,0,,,0,0,,2019.0,0.0,0.0,0.0,0,0,-3.287904599659297,Unknown / Multi-State,,5.15,9.2,230.0,Post-RFCTLARR 2013 (High Compensation),585.0,7.339449541284404
705863,Bahraich - Nanpara - Nepalganj Road Gauge Conversion,Railways,,Ministry of Railways,North Eastern Railway [NER],0,,950,550.0,,507.02,2020-01-07,,2025-07-31,2025-09-30,,0,0,0,,,100,0,,2020.0,2.0,-400.0,-42.10526315789473,0,1,-0.5724854676765867,Unknown / Multi-State,,4.0,7.8,260.0,Post-RFCTLARR 2013 (High Compensation),620.0,5.982905982905984
400204,Bahraich-Shravasti-Balrampur-Siddharthnagar -Santkabir nagar,Railways,,Ministry of Railways,North Eastern Railway (NER) - II,0,,4940,4939.78,,1283.08,2018-03-10,,2030-10-30,2030-10-31,,0,0,0,,,8,0,,2018.0,0.0,-0.22000000000025466,-0.004453441295551714,0,0,10.974572265809623,Unknown / Multi-State,,6.5,10.35,195.0,Post-RFCTLARR 2013 (High Compensation),545.0,7.920792079207928
703586,Baiyyappanahalli - Hosur Doubling Project [48 km],Railways,,Ministry of Railways,Karnataka Rail Infrastructure Development Company Limited [K-RIDE],0,,499,748.7,,630.41,2019-01-04,,2024-03-31,2026-01-31,,0,0,0,,,86,0,,2019.0,22.0,249.70000000000005,50.040080160320656,1,1,-3.287904599659297,Unknown / Multi-State,,5.15,9.2,230.0,Post-RFCTLARR 2013 (High Compensation),585.0,7.339449541284404
617824,Bakhtiyarpur-Rajgir-Tilaiya [Single line section]104km,Railways,,Ministry of Railways,East Central Railway (ECR) - II,0,,2017,,,,2025-01-10,,2029-10-01,,,0,0,0,,,0,0,,2025.0,0.0,,,0,0,1.889931456711258,Unknown / Multi-State,,6.25,9.5,465.0,Post-RFCTLARR 2013 (High Compensation),895.0,6.547619047619047
705941,Bangalore Suburban Railway Project,Railways,,Ministry of Railways,Karnataka Rail Infrastructure Development Company Limited [K-RIDE],0,,15767,,,2320.86,,,2026-12-31,2030-03-31,,0,0,0,,,19,0,,,39.0,,,0,1,-0.5724854676765867,Unknown / Multi-State,,,,,Unknown,,
705464,Bangalore-Satyamanglam New Line Project [260 Km] - Part Hejjala - Chamarajanagar [142 Km],Railways,,Ministry of Railways,South Western Railway [SWR] - II,0,,1383,,,0.0,1999-04-02,,2031-12-31,,,0,0,0,,,0,0,,1999.0,0.0,,,0,0,,Unknown / Multi-State,,,,,Pre-RFCTLARR 2013 (Old 1894 Act),,
705663,Bangalore-Whitefield-Bangalore City-Krishnarajapuram [23.08 km] - Quadrupling,Railways,,Ministry of Railways,South Western Railway [SWR] - II,0,,493,493.0,,252.45,,,2026-02-28,2026-02-28,,0,0,0,,,82,0,,,0.0,0.0,0.0,0,0,10.974572265809623,Unknown / Multi-State,,,,,Unknown,,
616586,Bangriposi-Gorumahisani new line [ 85.60 km ],Railways,,Ministry of Railways,CAO/C/SER,0,,2269,,,2.31,,,2029-12-31,,,0,0,0,,,0,0,,,0.0,,,0,0,0.7306609465075553,Unknown / Multi-State,,,,,Unknown,,
705782,Barabanki-Malhaur 3rd & 4th Railway Line Project,Railways,,Ministry of Railways,CAO/C/NR,0,,407,407.0,,317.0,2019-01-01,,2025-03-31,2026-03-31,,0,0,0,,,75,0,,2019.0,12.0,0.0,0.0,0,1,-3.287904599659297,Unknown / Multi-State,,5.15,9.2,230.0,Post-RFCTLARR 2013 (High Compensation),585.0,7.339449541284404
705357,Baramati Lonand New Line Project,Railways,,Ministry of Railways,Central Railway [CR] - II,0,,138,1843.9,,735.33,,,2027-03-31,2027-03-31,,0,0,0,,,51,0,,,0.0,1705.9,1236.1594202898552,1,0,0.6082214765100735,Unknown / Multi-State,,,,,Unknown,,
706777,Baranagar-Barrackpore and Dakshineshwar- Construction of Metro Railway,Railways,,Ministry of Railways,RVNL - II,0,,2298,2734.0,,393.0,,,2026-12-31,2025-12-26,,0,0,0,,,17,0,,,0.0,436.0,18.97302001740644,1,0,8.65624291864946,Unknown / Multi-State,,,,,Unknown,,
706860,Barauni-Bachwara [16 km] - 3rd & 4th line incl. Barauni yard remodelling [32 km],Railways,,Ministry of Railways,East Central Railway [ECR] - I,0,,645,,,0.77,2022-07-10,,2025-08-01,2026-10-31,,0,0,0,,,55,0,,2022.0,15.0,,,0,1,10.80589921017685,Unknown / Multi-State,,6.25,9.2,330.0,Post-RFCTLARR 2013 (High Compensation),720.0,8.270676691729317
706835,Belgaum-Dharwad via Kittur [73.10Km],Railways,,Ministry of Railways,South Western Railway [SWR] - II,0,,1591,1591.0,,0.75,2020-07-09,,2027-12-31,2029-03-31,,0,0,0,,,0,0,,2020.0,15.0,0.0,0.0,0,1,-0.5724854676765867,Unknown / Multi-State,,4.0,7.8,260.0,Post-RFCTLARR 2013 (High Compensation),620.0,5.982905982905984
705510,Bhadrak-Nergundi Third Line,Railways,,Ministry of Railways,East Coast Railway [ECoR] - II,0,,1284,1284.0,,1298.0,2015-05-10,,2024-11-30,2026-01-31,,0,0,0,,,80,0,,2015.0,14.0,0.0,0.0,0,1,-12.69797674631511,Unknown / Multi-State,,6.75,11.1,115.0,Post-RFCTLARR 2013 (High Compensation),425.0,10.389610389610393
705777,Bhandai - Flyover for Etawah bound down train- 10 Km,Railways,,Ministry of Railways,North Central Railway (NCR) - II,0,,250,250.18,,113.94,2020-11-07,,2026-02-28,2027-02-28,,0,0,0,,,3,0,,2020.0,12.0,0.18000000000000682,0.07200000000000273,1,1,-0.5724854676765867,Unknown / Multi-State,,4.0,7.8,260.0,Post-RFCTLARR 2013 (High Compensation),620.0,5.982905982905984
705428,Bhanupalli-Bilaspur-Beri New Railway Line Project,Railways,,Ministry of Railways,RVNL - II,0,,13447,13447.0,,6391.15,,,2026-12-31,2027-12-30,,0,0,0,,,59,0,,,12.0,0.0,0.0,0,1,-3.3825944170771782,Unknown / Multi-State,,,,,Unknown,,
705780,Bhatni-Aurnihar with electrification excluding Indara-Mau,Railways,,Ministry of Railways,RVNL - I,0,,2529,2529.46,,2138.39,2018-01-03,,2024-12-31,2026-06-30,,0,0,0,,,96,0,,2018.0,17.9,0.4600000000000364,0.01818900751285237,1,1,10.974572265809623,Unknown / Multi-State,,6.5,10.35,195.0,Post-RFCTLARR 2013 (High Compensation),545.0,7.920792079207928
611884,Bhiwani - Dobh Bahali Doubling Project [42.30 Km],Railways,,Ministry of Railways,North Western Railway [NWR],0,,471,471.0,,187.33,2023-01-02,,2028-02-29,2028-02-28,,0,0,0,,,57,0,,2023.0,-0.0,0.0,0.0,0,0,-5.897937298933953,Unknown / Multi-State,,6.5,9.8,375.0,Post-RFCTLARR 2013 (High Compensation),780.0,8.333333333333325
706854,Boridand - Ambikapur Doubling Line Project,Railways,,Ministry of Railways,South East Central Railway [SECR] - II,0,,1376,1576.23,,139.49,2022-01-06,,2030-06-30,2030-06-30,,0,0,0,,,21,0,,2022.0,0.0,200.23000000000002,14.551598837209303,1,0,10.80589921017685,Unknown / Multi-State,,6.25,9.2,330.0,Post-RFCTLARR 2013 (High Compensation),720.0,8.270676691729317
705722,BRM Machine Procurement Project,Railways,,Ministry of Railways,EDTK[MC]/RB,0,,210,,,0.02,2019-01-09,,2024-06-30,2027-12-31,,0,0,0,,,0,0,,2019.0,42.0,,,0,1,-3.287904599659297,Unknown / Multi-State,,5.15,9.2,230.0,Post-RFCTLARR 2013 (High Compensation),585.0,7.339449541284404
400232,Brundamal-Jharsuguda- flyover connection for joining downline,Railways,,Ministry of Railways,East Coast Railway [ECoR] - II,0,,297,297.0,,209.57,,,2026-12-26,2026-12-26,,0,0,0,,,45,0,,,0.0,0.0,0.0,0,0,-0.6909719065369746,Unknown / Multi-State,,,,,Unknown,,
616588,Buramara-Chakulia new line [59.96 km],Railways,,Ministry of Railways,South Eastern Railway [SER] - I,0,,1459,,,2.11,,,2029-12-31,,,0,0,0,,,0,0,,,0.0,,,0,0,0.7306609465075553,Unknown / Multi-State,,,,,Unknown,,
705567,Burhwal Gonda 3rd line,Railways,,Ministry of Railways,North Eastern Railway [NER],0,,1016,1118.0,,1373.8,2017-10-11,,2025-03-25,2025-09-25,,0,0,0,,,73,0,,2017.0,6.0,102.0,10.039370078740157,1,1,10.26683343756516,Unknown / Multi-State,,6.0,10.1,165.0,Post-RFCTLARR 2013 (High Compensation),505.0,8.602150537634401
705396,Byrnihat-Shillong New Rail Line- 108 km,Railways,,Ministry of Railways,Northeast Frontier Railway [NFR],0,,8324,8342.28,,266.12,,,2021-03-31,2027-03-31,,0,0,0,,,2,0,,,72.0,18.280000000000655,0.2196059586737224,1,1,4.2752867570385655,Unknown / Multi-State,,,,,Unknown,,
706865,Chandargaon - Cansaulium Rail Flyover Project [16 Km],Railways,,Ministry of Railways,South Western Railway [SWR] - II,0,,1892,,,0.0,,,2031-03-31,,,0,0,0,,,0,0,,,0.0,,,0,0,,Unknown / Multi-State,,,,,Unknown,,
705424,Chandigarh-Baddi New Rail Line- 36 km,Railways,,Ministry of Railways,Northen Railway [NR],0,,1540,1540.0,,506.73,,,2026-12-31,2026-12-31,,0,0,0,,,31,0,,,0.0,0.0,0.0,0,0,10.974572265809623,Unknown / Multi-State,,,,,Unknown,,
616227,Chandil - Anara - Damodar - 3rd line [121.26 km],Railways,,Ministry of Railways,CAO/C/SER,0,,1932,,,0.3,2024-09-09,,2029-09-30,,,0,0,0,,,0,0,,2024.0,0.0,,,0,0,0.7306609465075553,Unknown / Multi-State,,6.5,9.85,420.0,Post-RFCTLARR 2013 (High Compensation),840.0,7.692307692307687
705562,Chhapra-Ballia Patch Doubling,Railways,,Ministry of Railways,North Eastern Railway [NER],0,,963,1046.0,,911.66,,,2025-02-25,2025-03-26,,0,0,0,,,95,0,,,1.0,83.0,8.618899273104882,1,1,2.5739065560011376,Unknown / Multi-State,,,,,Unknown,,
705454,Chhota Udaipur - Dhar New Line Project [157 km],Railways,,Ministry of Railways,Western Railway [WR] - II,0,,1794,1794.0,,1800.85,,,2025-12-27,2025-12-27,,0,0,0,,,80,0,,,0.0,0.0,0.0,0,0,11.44321093082834,Unknown / Multi-State,,,,,Unknown,,
705756,Chirimiri-Nagpur Halt New Railway Line Project,Railways,,Ministry of Railways,South East Central Railway [SECR] - II,0,,241,656.52,,71.0,2018-01-10,,2030-06-30,2030-06-30,,0,0,0,,,0,0,,2018.0,0.0,415.52,172.41493775933608,1,0,10.974572265809623,Unknown / Multi-State,,6.5,10.35,195.0,Post-RFCTLARR 2013 (High Compensation),545.0,7.920792079207928
611969,Choranda Motikoral 18 Kms,Railways,,Ministry of Railways,PCE/WR,0,,246,,,0.0,,,2026-10-30,,,0,0,0,,,0,0,,,0.0,,,0,0,,Unknown / Multi-State,,,,,Unknown,,
617284,Chunar-Chopan doubling project,Railways,,Ministry of Railways,North Central Railway,0,,1424,,,102.43,,,2028-03-31,,,0,0,0,,,15,0,,,0.0,,,0,0,-5.897937298933953,Unknown / Multi-State,,,,,Unknown,,
705244,Coach Production Factory Upgradation Project,Railways,,Ministry of Railways,CPM/ICF,0,,520,,,192.25,2017-05-12,,2021-12-31,,,0,0,0,,,0,0,,2017.0,0.0,,,0,0,10.26683343756516,Unknown / Multi-State,,6.0,10.1,165.0,Post-RFCTLARR 2013 (High Compensation),505.0,8.602150537634401
612096,Construction of Balurghat-Hilli new BG Line,Railways,,Ministry of Railways,Northeast Frontier Railway [NFR],0,,1209,1181.57,,405.31,,,2027-03-31,2027-03-31,,0,0,0,,,9,0,,,0.0,-27.430000000000064,-2.268817204301081,0,0,8.65624291864946,Unknown / Multi-State,,,,,Unknown,,
617231,Construction of Bulb line at Nabinagar  Ankorah of East Central Railway,Railways,,Ministry of Railways,East Central Railway [ECR] - I,0,,612,,,0.0,2024-07-06,,2028-06-30,,,0,0,0,,,0,0,,2024.0,0.0,,,0,0,0.7306609465075553,Unknown / Multi-State,,6.5,9.85,420.0,Post-RFCTLARR 2013 (High Compensation),840.0,7.692307692307687
705762,Construction of New BG line between Hassan [Alur] to Belur [ Km 27.34],Railways,,Ministry of Railways,CAOC/SWR SWR mor,0,,749,,,3.64,,,2027-04-30,2027-12-31,,0,0,0,,,0,0,,,8.0,,,0,1,-3.287904599659297,Unknown / Multi-State,,,,,Unknown,,
400023,Construction of New BG line between Hassan to Belur [27 Km],Railways,,Ministry of Railways,South Western Railway [SWR] - II,0,,749,,,0.94,2019-01-03,,2028-04-30,2030-03-30,,0,0,0,,,0,0,,2019.0,23.0,,,0,1,-3.287904599659297,Unknown / Multi-State,,5.15,9.2,230.0,Post-RFCTLARR 2013 (High Compensation),585.0,7.339449541284404
611977,Dahod Creation of Infrastructure facilities for 9000 HP Electric locomotives Manufacturing  at,Railways,,Ministry of Railways,PCE/WR,0,,487,,,108.69,,,2025-02-28,,,0,0,0,,,0,0,,,0.0,,,0,0,10.80589921017685,Unknown / Multi-State,,,,,Unknown,,
611978,Dahod Rolling Stock Workshop Provision of Infrastructure for CBS at,Railways,,Ministry of Railways,PCE/WR,0,,158,,,47.31,2022-11-11,,2025-03-31,,,0,0,0,,,0,0,,2022.0,0.0,,,0,0,10.80589921017685,Unknown / Multi-State,,6.25,9.2,330.0,Post-RFCTLARR 2013 (High Compensation),720.0,8.270676691729317
617374,"Dallirajhara - Rowghat New Rail Line Project, Phase-I",Railways,,Ministry of Railways,Rail Vikas Nigam Limited,0,,1516,1881.26,,2119.82,,,2025-03-31,2026-02-28,,0,0,0,,,98,0,,,11.0,365.26,24.093667546174142,1,1,-3.3825944170771782,Unknown / Multi-State,,,,,Unknown,,
705433,Dallirajhra- Rowghat New Railway Line - Phase I [95 km],Railways,,Ministry of Railways,Rail Vikas Nigam Limited,0,,1628,1628.0,,1440.85,,,2025-09-30,2025-12-31,,0,0,0,,,82,0,,,3.0,0.0,0.0,0,1,-3.3825944170771782,Unknown / Multi-State,,,,,Unknown,,
706836,Dedicated Test Track for RDSO /Phase-II Project,Railways,,Ministry of Railways,North Western Railway [NWR],0,,466,,,533.9,,,2026-03-31,,,0,0,0,,,98,0,,,0.0,,,0,0,26.733988838692536,Unknown / Multi-State,,,,,Unknown,,
611614,Dedicated Test Track for RDSO Phase II,Railways,,Ministry of Railways,North Western Railway [NWR],0,,819,967.06,,471.0,2021-01-11,,2026-11-30,2026-11-26,,0,0,0,,,86,0,,2021.0,0.0,148.05999999999995,18.07814407814407,1,0,26.733988838692536,Unknown / Multi-State,,4.0,7.5,290.0,Post-RFCTLARR 2013 (High Compensation),665.0,7.258064516129026
617880,Desalpar-Hajipir-Luna and Vayor-Lakhpat New Line,Railways,,Ministry of Railways,Western Railway [WR] - II,0,,2526,,,0.0,2025-03-09,,2028-09-02,,,0,0,0,,,0,0,,2025.0,0.0,,,0,0,1.889931456711258,Unknown / Multi-State,,6.25,9.5,465.0,Post-RFCTLARR 2013 (High Compensation),895.0,6.547619047619047
618972,Devbhumi Dwarka [Okha] - Kanalus Doubling,Railways,,Ministry of Railways,Western Railway [WR] - II,0,,1457,,,0.0,2025-05-12,,2028-12-04,,,0,0,0,,,0,0,,2025.0,0.0,,,0,0,1.889931456711258,Unknown / Multi-State,,6.25,9.5,465.0,Post-RFCTLARR 2013 (High Compensation),895.0,6.547619047619047
617379,Development of New Bijwasan Railway Terminal,Railways,,Ministry of Railways,Northern Railways,0,,446,,,521.74,,,2020-03-31,2025-12-31,,0,0,0,,,80,0,,,69.0,,,0,1,11.44321093082834,Unknown / Multi-State,,,,,Unknown,,
611849,Devgarh Madariya - Nathdwara Gauge Conversion [82.54 Km] part of Marwar - Mavli Gauge Conversion [152 Km],Railways,,Ministry of Railways,North Western Railway [NWR],0,,969,969.0,,411.0,2023-01-01,,2028-06-30,2028-06-28,,0,0,0,,,45,0,,2023.0,0.0,0.0,0.0,0,0,-5.897937298933953,Unknown / Multi-State,,6.5,9.8,375.0,Post-RFCTLARR 2013 (High Compensation),780.0,8.333333333333325
611855,Devgarh Madariya - Nathdwara Gauge Conversion [82.54 Km] part of Marwar - Mavli Gauge Conversion [152 Km],Railways,,Ministry of Railways,North Western Railway [NWR],0,,969,,,708.25,,,2027-01-31,,,0,0,0,,,73,0,,,0.0,,,0,0,-5.897937298933953,Unknown / Multi-State,,,,,Unknown,,
613003,Dharamjaigarh-Korba 63 km,Railways,,Ministry of Railways,CERL,0,,1686,,,288.83,,,2026-08-31,,,0,0,0,,,18,0,,,0.0,,,0,0,-5.897937298933953,Unknown / Multi-State,,,,,Unknown,,
705482,Dholpur - Sirmuttra Gauge Conversion,Railways,,Ministry of Railways,North Central Railway,0,,747,747.0,,355.13,,,2019-02-28,2027-02-28,,0,0,0,,,43,0,,,96.0,0.0,0.0,0,1,10.80589921017685,Unknown / Multi-State,,,,,Unknown,,
400019,DHULE [BORVIHIR] - NARDANA NEW LINE [50.60 KMS],Railways,,Ministry of Railways,Central Railway,0,,493,1170.83,,276.86,,,2026-12-31,2027-09-30,,0,0,0,,,16,0,,,9.0,677.8299999999999,137.49087221095334,1,1,-3.287904599659297,Unknown / Multi-State,,,,,Unknown,,
705392,Dimapur [Dhansiri]-Sukhobi Kohima [Zubza] NL [82.5 Km],Railways,,Ministry of Railways,Northeast Frontier Railway [NFR],0,,6663,6663.0,,5202.29,,,2025-03-26,2025-12-29,,0,0,0,,,79,0,,,9.1,0.0,0.0,0,1,-12.69797674631511,Unknown / Multi-State,,,,,Unknown,,
705566,Domingarh-Gorakhpur-Gorakhpur Cantt.-Kusumhi - 3rd Railway Line Project,Railways,,Ministry of Railways,North Eastern Railway [NER],0,,351,521.47,,494.0,,,2025-02-01,2025-09-30,,0,0,0,,,98,0,,,7.9,170.47000000000003,48.56695156695158,1,1,0.6082214765100735,Unknown / Multi-State,,,,,Unknown,,
617364,Double Chord line Between Nilaje-Kopar,Railways,,Ministry of Railways,CentralRailway,0,,338,205.0,,11.44,,,2028-07-26,,,0,0,0,,,24,0,,,0.0,-133.0,-39.349112426035504,0,0,1.889931456711258,Unknown / Multi-State,,,,,Unknown,,
616856,Doubling between Bhadrachalam Road and Dornakal,Railways,,Ministry of Railways,South Central Railway [SCR] - II,0,,770,,,16.34,,,2029-04-13,,,0,0,0,,,0,0,,,0.0,,,0,0,-5.897937298933953,Unknown / Multi-State,,,,,Unknown,,
617370,Doubling between Jaunpur Jn - Zaffarabad 6.28 km,Railways,,Ministry of Railways,M/S SRC company Infra Private Limited,0,,181,,,4.0,,,2027-01-30,,,0,0,0,,,10,0,,,0.0,,,0,0,-5.897937298933953,Unknown / Multi-State,,,,,Unknown,,
900872,DOUBLING BETWEEN JAUNPUR JN-ZAFFARABAD [6.28 KM],Railways,,Ministry of Railways,Northen Railway [NR],0,,177,177.0,,41.0,2023-03-01,,2027-01-31,2028-12-31,,0,0,0,,,10,0,,2023.0,23.0,0.0,0.0,0,1,-5.897937298933953,Unknown / Multi-State,,6.5,9.8,375.0,Post-RFCTLARR 2013 (High Compensation),780.0,8.333333333333325
616857,Doubling between Motumari  Vishnupuram - 88.81 Km and Rail over Rail - RoR at Motumari - 10.877 Km,Railways,,Ministry of Railways,South Central Railway [SCR] - II,0,,1596,,,100.88,,,2029-03-31,,,0,0,0,,,2,0,,,0.0,,,0,0,0.7306609465075553,Unknown / Multi-State,,,,,Unknown,,
617212,Doubling between Mudkhed  Medchal & Mahbubnagar  Dhone section 417.88 Km,Railways,,Ministry of Railways,South Central Railway [SCR] - II,0,,4686,,,640.06,,,2029-03-31,2029-08-31,,0,0,0,,,21,0,,,5.0,,,0,1,-5.897937298933953,Unknown / Multi-State,,,,,Unknown,,
617215,Doubling between Parbhani  Parli Vaijanath stations  64.71 Km,Railways,,Ministry of Railways,South Central Railway [SCR] - II,0,,770,,,0.0,2023-06-12,,2028-03-31,,,0,0,0,,,0,0,,2023.0,0.0,,,0,0,-5.897937298933953,Unknown / Multi-State,,6.5,9.8,375.0,Post-RFCTLARR 2013 (High Compensation),780.0,8.333333333333325
617372,Doubling between Pradhankunta-Patherih-Bhojudih of East Central Railway,Railways,,Ministry of Railways,East Central Railway [ECR] - I,0,,349,,,118.77,,,2025-12-31,2026-03-31,,0,0,0,,,71,0,,,3.0,,,0,1,10.80589921017685,Unknown / Multi-State,,,,,Unknown,,
705504,Doubling of Daund Manmad Line [247.6 km],Railways,,Ministry of Railways,Central Railway (CR) - II,0,,2081,3267.06,,2829.9,2017-04-10,,2025-12-01,2026-03-31,,0,0,0,,,88,0,,2017.0,3.9,1186.06,56.99471407976934,1,1,10.26683343756516,Unknown / Multi-State,,6.0,10.1,165.0,Post-RFCTLARR 2013 (High Compensation),505.0,8.602150537634401
617211,Doubling of Guntur Bibinagar 239 Km,Railways,,Ministry of Railways,South Central Railway [SCR] - II,0,,2853,,,107.06,,,2029-03-31,,,0,0,0,,,2,0,,,0.0,,,0,0,-5.897937298933953,Unknown / Multi-State,,,,,Unknown,,
705628,Doubling of Hatia [Ranchi]-Bondamunda Rail Line - 159 km,Railways,,Ministry of Railways,South Eastern Railway - JH,0,,3029,3029.0,,2458.15,,,2025-06-30,2026-06-30,,0,0,0,,,85,0,,,12.0,0.0,0.0,0,1,0.6082214765100735,Unknown / Multi-State,,,,,Unknown,,
705660,Doubling of Katni - Singrauli Railway Line [261 km],Railways,,Ministry of Railways,Indian Railway Construction International Limited [IRCON],0,,2445,4377.0,,3201.67,,,2025-12-26,2025-12-27,,0,0,0,,,100,0,,,0.0,1932.0,79.01840490797547,1,0,0.6082214765100735,Unknown / Multi-State,,,,,Unknown,,
400291,Doubling of Kirandul-Jagdalpur Line [150 km],Railways,,Ministry of Railways,East Coast Railway [ECoR] - II,0,,1589,1798.0,,1656.54,,,2020-03-31,2027-04-30,,0,0,0,,,98,0,,,85.0,209.0,13.152926368785401,1,1,2.5739065560011376,Unknown / Multi-State,,,,,Unknown,,
705512,Doubling of Kottavalasa-Koraput Rail Line [189 KM],Railways,,Ministry of Railways,East Coast Railway [ECoR] - II,0,,2500,2500.0,,1987.17,2015-08-12,,2022-03-31,2028-03-31,,0,0,0,,,70,0,,2015.0,72.0,0.0,0.0,0,1,-12.69797674631511,Unknown / Multi-State,,6.75,11.1,115.0,Post-RFCTLARR 2013 (High Compensation),425.0,10.389610389610393
400048,Doubling of lines connecting the loading spurs in Talcher Yard.,Railways,,Ministry of Railways,East Coast Railway [ECoR] - II,0,,186,,,93.02,2022-12-09,,2024-12-31,2026-04-30,,0,0,0,,,86,0,,2022.0,15.9,,,0,1,10.80589921017685,Unknown / Multi-State,,6.25,9.2,330.0,Post-RFCTLARR 2013 (High Compensation),720.0,8.270676691729317
400047,Doubling of Lingaraj SILO connectivity of NTPC line and augmentation of NTPC exchange yard and NTPC Block Cabin.,Railways,,Ministry of Railways,East Coast Railway [ECoR] - II,0,,210,,,13.17,,,2024-12-31,2024-07-31,,0,0,0,,,40,0,,,0.0,,,0,0,10.80589921017685,Unknown / Multi-State,,,,,Unknown,,
617239,Doubling of Narkatiaganj  Raxaul Sitamarhi Darbhanga & Sitamarhi  Muzaffarpur 256 KM,Railways,,Ministry of Railways,East Central Railway [ECR] - I,0,,4080,,,9.93,2024-05-11,,2029-11-05,2030-03-31,,0,0,0,,,0,0,,2024.0,4.8,,,0,1,0.7306609465075553,Unknown / Multi-State,,6.5,9.85,420.0,Post-RFCTLARR 2013 (High Compensation),840.0,7.692307692307687
705572,Doubling of New Bonggigaon to Kamakhya via Goalpara - 176 km,Railways,,Ministry of Railways,Northeast Frontier Railway [NFR],0,,4060,4961.0,,3683.75,2016-02-09,,2026-03-31,2026-03-31,,0,0,0,,,93,0,,2016.0,0.0,901.0,22.192118226600986,1,0,0.6082214765100735,Unknown / Multi-State,,6.25,10.4,138.0,Post-RFCTLARR 2013 (High Compensation),465.0,9.411764705882364
705721,DTS Machine Procurement Project,Railways,,Ministry of Railways,EDTK[MC]/RB,0,,448,,,,2019-01-12,,2024-12-31,2026-12-31,,0,0,0,,,0,0,,2019.0,24.0,,,0,1,-3.287904599659297,Unknown / Multi-State,,5.15,9.2,230.0,Post-RFCTLARR 2013 (High Compensation),585.0,7.339449541284404
400277,Dum Dum Airport-New Garia via Rajarhat-Construction of Metro Railway,Railways,,Ministry of Railways,RVNL - II,0,,8964,8964.0,,8097.47,,,2025-12-31,2026-03-31,,0,0,0,,,80,0,,,3.0,0.0,0.0,0,1,8.65624291864946,Unknown / Multi-State,,,,,Unknown,,
705639,Ernakulam-Kumbalam doubling project [7.71 Km],Railways,,Ministry of Railways,SR-ERS,0,,601,595.39,,289.52,2023-03-04,,2028-03-31,2027-02-28,,0,0,0,,,18,0,,2023.0,0.0,-5.610000000000014,-0.93344425956739,0,0,-5.897937298933953,Unknown / Multi-State,,6.5,9.8,375.0,Post-RFCTLARR 2013 (High Compensation),780.0,8.333333333333325
705373,"Fatuha-Islampur incl. MM for extn.of NL from Neora to Daniawan , Daniawan to  Biharsharif, Biharsharif to Barbigha , Barbigha to Shekhpura",Railways,,Ministry of Railways,East Central Railway [ECR] - I,0,,1473,2882.0,,2522.41,,,2023-03-31,2025-08-31,,0,0,0,,,94,0,,,29.0,1409.0,95.6551255940258,1,1,,Unknown / Multi-State,,,,,Unknown,,
612827,Flyover between Pendurthi and Simhachalam North to avoid surface crossing at Simhachalam  7.135 km    PB 73 of 2023  24 NR,Railways,,Ministry of Railways,East Coast Railway [ECoR] - II,0,,184,,,11.87,2023-11-04,,2027-04-30,,,0,0,0,,,13,0,,2023.0,0.0,,,0,0,-5.897937298933953,Unknown / Multi-State,,6.5,9.8,375.0,Post-RFCTLARR 2013 (High Compensation),780.0,8.333333333333325
616694,Flyover between Siju and Paradeep coaching Yard to avoid Surface crossing of trains,Railways,,Ministry of Railways,East Coast Railway [ECoR] - II,0,,201,,,30.0,,,2028-07-31,,,0,0,0,,,2,0,,,0.0,,,0,0,-5.897937298933953,Unknown / Multi-State,,,,,Unknown,,
618986,Furkating-New Tinsukia[194 Km],Railways,,Ministry of Railways,Northeast Frontier Railway [NFR],0,,3634,,,0.0,2025-02-09,,2029-06-30,,,0,0,0,,,0,0,,2025.0,0.0,,,0,0,1.889931456711258,Unknown / Multi-State,,6.25,9.5,465.0,Post-RFCTLARR 2013 (High Compensation),895.0,6.547619047619047
705490,Gadag-Wadi New Railway Line [257 km],Railways,,Ministry of Railways,South Western Railway [SWR] - II,0,,2842,6700.0,,1383.77,2013-01-04,,2027-03-31,2027-12-31,,0,0,0,,,30,0,,2013.0,9.0,3858.0,135.74947220267418,1,1,2.5739065560011376,Unknown / Multi-State,,7.75,11.9,55.0,Pre-RFCTLARR 2013 (Old 1894 Act),340.0,15.254237288135597
709811,GANDHAMARDAN IRON ORE MINES TO GOALDIH STATION/12.76kms,Railways,,Ministry of Railways,East Coast Railway [ECoR] - II,0,,190,189.93,,0.0,2022-09-09,,2027-09-30,2027-09-27,,0,0,0,,,0,0,,2022.0,0.0,-0.06999999999999318,-0.036842105263154304,0,0,10.80589921017685,Unknown / Multi-State,,6.25,9.2,330.0,Post-RFCTLARR 2013 (High Compensation),720.0,8.270676691729317
602792,Gauge Conversion of Kendri-Dhamtari  including Abhanpur - Rajim Branch line 67.20 Kms - 2nd Material Modification to Raipur Titlagarh doubling.,Railways,,Ministry of Railways,SECR,0,,1171,1171.0,,391.2,2011-01-07,,2025-02-28,2026-06-30,,0,0,0,,,100,0,,2011.0,16.0,0.0,0.0,0,1,4.2752867570385655,Unknown / Multi-State,,8.5,12.5,38.5,Pre-RFCTLARR 2013 (Old 1894 Act),255.0,15.909090909090917
612845,Gauge Conversion of Pachora-Jamner with Extension upto Malkapur [Bodwad] [84.34 Kms],Railways,,Ministry of Railways,Central Railway [CR] - II,0,,955,,,13.97,,,2028-07-22,,,0,0,0,,,10,0,,,0.0,,,0,0,10.80589921017685,Unknown / Multi-State,,,,,Unknown,,
705444,Gevra Road-Pendra Road New Railway Line [135 km],Railways,,Ministry of Railways,Indian Railway Construction International Limited [IRCON],0,,4970,7448.52,,4696.68,2014-05-04,,2022-03-31,2025-12-31,,0,0,0,,,75,0,,2014.0,45.0,2478.5200000000004,49.869617706237435,1,1,-0.6909719065369746,Unknown / Multi-State,,8.0,12.0,92.0,Post-RFCTLARR 2013 (High Compensation),385.0,13.235294117647056
617321,Godhani-Kalumna Chord 13.7 km,Railways,,Ministry of Railways,Ministry of Railways,0,,150000,,,1940.0,2018-01-07,,2028-07-31,,,0,0,0,,,11,0,,2018.0,0.0,,,0,0,10.974572265809623,Unknown / Multi-State,,6.5,10.35,195.0,Post-RFCTLARR 2013 (High Compensation),545.0,7.920792079207928
705765,Gomoh - Flyover for DN trains,Railways,,Ministry of Railways,East Central Railway [ECR] - II,0,,686,686.0,,536.04,,,2026-03-26,2026-03-26,,0,0,0,,,59,0,,,0.0,0.0,0.0,0,0,10.974572265809623,Unknown / Multi-State,,,,,Unknown,,
618978,Gondia - Dongargarh 4th line [84 Km],Railways,,Ministry of Railways,South Eastern Central Railway,0,,2223,,,0.0,,,2030-10-13,,,0,0,0,,,0,0,,,0.0,,,0,0,1.889931456711258,Unknown / Multi-State,,,,,Unknown,,
617201,Gondia-Balharshah [Chanda Fort] Doubling [240 Km],Railways,,Ministry of Railways,South East Central Railway,0,,4373,,,0.29,2025-09-04,,2031-03-31,,,0,0,0,,,0,0,,2025.0,0.0,,,0,0,1.889931456711258,Unknown / Multi-State,,6.25,9.5,465.0,Post-RFCTLARR 2013 (High Compensation),895.0,6.547619047619047
611752,GOOTY-PENDEKALLU DOUBLING  29.225 Km,Railways,,Ministry of Railways,South Central Railway [SCR] - II,0,,352,351.83,,18.0,2023-01-03,,2027-03-31,2027-03-27,,0,0,0,,,25,0,,2023.0,0.0,-0.17000000000001592,-0.04829545454545907,0,0,-5.897937298933953,Unknown / Multi-State,,6.5,9.8,375.0,Post-RFCTLARR 2013 (High Compensation),780.0,8.333333333333325
617224,Gorakhpur-Valmikinagar Doubling project,Railways,,Ministry of Railways,NER,0,,1120,,,220.18,,,2027-12-30,,,0,0,0,,,21,0,,,0.0,,,0,0,-5.897937298933953,Unknown / Multi-State,,,,,Unknown,,
705752,Gudha-Thatha Mithri Construction of Railway Track Project,Railways,,Ministry of Railways,North Western Railway [NWR],0,,819,967.06,,377.59,2019-01-04,,2026-11-30,2026-11-30,,0,0,0,,,99,0,,2019.0,0.0,148.05999999999995,18.07814407814407,1,0,-3.287904599659297,Unknown / Multi-State,,5.15,9.2,230.0,Post-RFCTLARR 2013 (High Compensation),585.0,7.339449541284404
611754,GUNTAKAL WEST-MALLAPPA GATE RAIL OVER RAIL - ROR TRACK,Railways,,Ministry of Railways,South Central Railway [SCR] - II,0,,293,,,0.0,,,2026-07-31,,,0,0,0,,,0,0,,,0.0,,,0,0,-5.897937298933953,Unknown / Multi-State,,,,,Unknown,,
705633,Guntur-Guntakal Doubling Project,Railways,,Ministry of Railways,South Central Railway [SCR] - II,0,,3733,4295.0,,4112.59,,,2025-12-31,2026-12-31,,0,0,0,,,92,0,,,12.0,562.0,15.054915617465845,1,1,10.26683343756516,Unknown / Multi-State,,,,,Unknown,,
706922,Guwahati-Dibrugarh via Tinsukia & Simaluguri-Dibrugarh,Railways,,Ministry of Railways,Central Organisation for Railway Electrification (CORE),0,,890,889.36,,391.73,,,2020-09-03,2024-06-30,,0,0,0,,,89,0,,,45.9,-0.6399999999999864,-0.07191011235954903,0,1,-0.5724854676765867,Unknown / Multi-State,,,,,Unknown,,
705419,Gwalior - Seopurkala with extension to Kota [Gauge Conversion],Railways,,Ministry of Railways,North Central Railway,0,,2913,2913.0,,2097.51,,,2025-03-31,2026-02-28,,0,0,0,,,78,0,,,11.0,0.0,0.0,0,1,4.2752867570385655,Unknown / Multi-State,,,,,Unknown,,
705366,Hajipur-Sagauli New line,Railways,,Ministry of Railways,East Central Railway [ECR] - I,0,,2067,2087.0,,2084.14,2007-05-10,,2020-03-31,2027-06-30,,0,0,0,,,75,0,,2007.0,87.0,20.0,0.9675858732462507,1,1,10.248823133826512,Unknown / Multi-State,,7.75,12.25,18.2,Pre-RFCTLARR 2013 (Old 1894 Act),142.0,13.59999999999999
706942,Harmuty-Murkongselek Branch Line Electrification Project,Railways,,Ministry of Railways,GM/C/ NFR,0,,238,,,0.0,,,2024-05-31,,,0,0,0,,,0,0,,,0.0,,,0,0,10.974572265809623,Unknown / Multi-State,,,,,Unknown,,
611939,Himatnagar Khedbrahma  55 km,Railways,,Ministry of Railways,Railway,0,,482,482.42,,461.0,2022-01-06,,2001-06-30,2026-06-30,,0,0,0,,,96,0,,2022.0,300.0,0.4200000000000159,0.08713692946058423,1,1,10.80589921017685,Unknown / Multi-State,,6.25,9.2,330.0,Post-RFCTLARR 2013 (High Compensation),720.0,8.270676691729317
705650,Hospet - Tinaighat - Vasco Rail Doubling Project,Railways,,Ministry of Railways,RVNL - II,0,,5060,5060.0,,5007.82,,,2027-03-31,2027-12-30,,0,0,0,,,86,0,,,9.0,0.0,0.0,0,1,8.65624291864946,Unknown / Multi-State,,,,,Unknown,,
706950,Hospet-Hubli-Vasco da Gama Line Electrification Project,Railways,,Ministry of Railways,RVNL,0,,744,1122.62,,1149.24,,,2023-03-31,2026-06-30,,0,0,0,,,99,0,,,39.0,378.6199999999999,50.889784946236546,1,1,-12.69797674631511,Unknown / Multi-State,,,,,Unknown,,
705662,Hotgi-Kudgi-Gadag Doubling Project,Railways,,Ministry of Railways,South Western Railway [SWR] - II,0,,1878,2459.0,,2628.8,2014-01-04,,2024-12-31,2026-03-31,,0,0,0,,,89,0,,2014.0,14.9,581.0,30.93716719914803,1,1,-0.6909719065369746,Unknown / Multi-State,,8.0,12.0,92.0,Post-RFCTLARR 2013 (High Compensation),385.0,13.235294117647056
705493,Hubli-Ankola New Line Project [164.44 km],Railways,,Ministry of Railways,South Western Railway [SWR] - II,0,,5174,,,178.42,1999-01-01,,2005-03-31,2030-03-31,,0,0,0,,,5,0,,1999.0,300.0,,,0,1,,Unknown / Multi-State,,,,,Pre-RFCTLARR 2013 (Old 1894 Act),,
705763,Indore - Budni New Railway Line [198 kms],Railways,,Ministry of Railways,RVNL - II,0,,7474,7474.0,,1658.03,,,2030-09-30,2030-09-30,,0,0,0,,,22,0,,,0.0,0.0,0.0,0,0,-3.287904599659297,Unknown / Multi-State,,,,,Unknown,,
705507,Itarsi - Nagpur Third Railway Line [280 km],Railways,,Ministry of Railways,Central Railway (CR) - II,0,,2450,2506.68,,1850.73,2016-02-09,,2027-03-31,2027-03-31,,0,0,0,,,51,0,,2016.0,0.0,56.679999999999836,2.313469387755095,1,0,0.6082214765100735,Unknown / Multi-State,,6.25,10.4,138.0,Post-RFCTLARR 2013 (High Compensation),465.0,9.411764705882364
705511,Jagdalpur-Koraput,Railways,,Ministry of Railways,East Coast Railway [ECoR] - II,0,,1547,1547.0,,1308.2,2015-08-12,,2024-03-31,2026-12-31,,0,0,0,,,90,0,,2015.0,33.0,0.0,0.0,0,1,-12.69797674631511,Unknown / Multi-State,,6.75,11.1,115.0,Post-RFCTLARR 2013 (High Compensation),425.0,10.389610389610393
611972,Jambusar Kavi 26 Kms,Railways,,Ministry of Railways,PCE/WR,0,,318,,,0.0,,,2026-12-30,,,0,0,0,,,0,0,,,0.0,,,0,0,,Unknown / Multi-State,,,,,Unknown,,
705784,Janghai-Phaphamau Doubling Rail Line Project,Railways,,Ministry of Railways,RVNL,0,,357,978.77,,579.0,2018-01-11,,2025-03-31,2025-03-31,,0,0,0,,,95,0,,2018.0,0.0,621.77,174.16526610644257,1,0,10.974572265809623,Unknown / Multi-State,,6.5,10.35,195.0,Post-RFCTLARR 2013 (High Compensation),545.0,7.920792079207928
705588,Janghai-Pratapgarh- Amethi,Railways,,Ministry of Railways,CAO/C/II/NR,0,,722,1194.0,,1100.0,2017-10-11,,2025-03-31,2026-03-31,,0,0,0,,,70,0,,2017.0,12.0,472.0,65.37396121883657,1,1,10.26683343756516,Unknown / Multi-State,,6.0,10.1,165.0,Post-RFCTLARR 2013 (High Compensation),505.0,8.602150537634401
705514,Jarapada- Budhapank with flyover at Talcher road 3rd and 4th Line,Railways,,Ministry of Railways,East Coast Railway [ECoR] - II,0,,1000,810.02,,406.76,,,2018-11-13,2026-03-31,,0,0,0,,,37,0,,,88.5,-189.98000000000002,-18.998,0,1,-12.69797674631511,Unknown / Multi-State,,,,,Unknown,,
705362,"Jaynagar-Bijalpura, incl. extn. Bet, Bijalpura-Bardibas [Nepal]",Railways,,Ministry of Railways,East Central Railway [ECR] - I,0,,819,819.0,,580.51,,,2022-03-31,2026-03-31,,0,0,0,,,75,0,,,48.0,0.0,0.0,0,1,-12.69797674631511,Unknown / Multi-State,,,,,Unknown,,
617290,Jeypore - Malkangiri New BG Line Project,Railways,,Ministry of Railways,Indian Railways,0,,2344,,,437.48,,,2030-12-31,,,0,0,0,,,2,0,,,0.0,,,0,0,,Unknown / Multi-State,,,,,Unknown,,
900874,JHAJHA - BATIA,Railways,,Ministry of Railways,East Central Railway [ECR] - I,0,,588,,,0.49,,,2028-03-31,2030-01-30,,0,0,0,,,0,0,,,22.0,,,0,1,-5.897937298933953,Unknown / Multi-State,,,,,Unknown,,
617373,Jhajha-Batai New Line Project,Railways,,Ministry of Railways,East Central Railway [ECR] - I,0,,588,,,2.74,,,2027-03-31,,,0,0,0,,,0,0,,,0.0,,,0,0,-5.897937298933953,Unknown / Multi-State,,,,,Unknown,,
705598,Jhansi - Bina Third Railway Line [153 Km],Railways,,Ministry of Railways,CAO/C/NCR,0,,2002,2002.0,,1795.86,,,2022-03-31,2026-03-31,,0,0,0,,,93,0,,,48.0,0.0,0.0,0,1,0.6082214765100735,Unknown / Multi-State,,,,,Unknown,,
705608,Jhansi-Khairar-Manikpur & Khirar-Bhimsen,Railways,,Ministry of Railways,North Central Railway,0,,4330,4330.0,,1989.0,2018-01-03,,2026-03-31,2026-03-31,,0,0,0,,,53,0,,2018.0,0.0,0.0,0.0,0,0,10.974572265809623,Unknown / Multi-State,,6.5,10.35,195.0,Post-RFCTLARR 2013 (High Compensation),545.0,7.920792079207928
400006,Jharsuguda-Barpali-Sardega Ph II Works- Rail Connectivity for Coal Loading Bulb at Barpali.,Railways,,Ministry of Railways,South Eastern Railway [SER] - I,0,,809,,,505.01,2021-05-10,,2025-10-31,2025-12-25,,0,0,0,,,31,0,,2021.0,1.8,,,0,1,26.733988838692536,Unknown / Multi-State,,4.0,7.5,290.0,Post-RFCTLARR 2013 (High Compensation),665.0,7.258064516129026
705616,Jharsuguda-Bilaspur Fourth Railway Line [206 km],Railways,,Ministry of Railways,SECR,0,,2140,2979.0,,2189.75,2016-08-09,,2024-10-31,2026-03-31,,0,0,0,,,93,0,,2016.0,17.0,839.0,39.205607476635514,1,1,0.6082214765100735,Unknown / Multi-State,,6.25,10.4,138.0,Post-RFCTLARR 2013 (High Compensation),465.0,9.411764705882364
705391,Jiribam-Imphal new line project,Railways,,Ministry of Railways,Northeast Frontier Railway [NFR],0,,14323,21885.9,,15598.1,,,2026-12-31,2029-06-30,,0,0,0,,,69,0,,,30.0,7562.9000000000015,52.80248551281157,1,1,2.5739065560011376,Unknown / Multi-State,,,,,Unknown,,
705450,Jogbani-Biratnagar New Rail Line project,Railways,,Ministry of Railways,Indian Railway Construction International Limited [IRCON],0,,402,486.0,,361.0,,,2022-03-31,2026-12-31,,0,0,0,,,86,0,,,57.0,84.0,20.8955223880597,1,1,8.65624291864946,Unknown / Multi-State,,,,,Unknown,,
611976,Jogeshwari AT Development of JOS-AT as Trainset Maintenance Depot for energy efficient Vande Bharat Sleeper Trains,Railways,,Ministry of Railways,PCE/WR,0,,221,,,0.0,,,2025-10-30,,,0,0,0,,,0,0,,,0.0,,,0,0,,Unknown / Multi-State,,,,,Unknown,,
705730,Joka-BBD Bag new metro project,Railways,,Ministry of Railways,RVNL - II,0,,4835,10362.0,,4361.23,2010-05-03,,2026-12-31,2028-12-31,,0,0,0,,,59,0,,2010.0,24.0,5527.0,114.31230610134438,1,1,8.65624291864946,Unknown / Multi-State,,6.25,10.5,32.0,Pre-RFCTLARR 2013 (Old 1894 Act),220.0,15.789473684210531
611980,Junagarh Visavadar 42 Kms,Railways,,Ministry of Railways,Railway,0,,493,492.83,,3.0,2022-02-06,,2028-09-30,2028-09-28,,0,0,0,,,1,0,,2022.0,0.0,-0.17000000000001592,-0.03448275862069288,0,0,10.80589921017685,Unknown / Multi-State,,6.25,9.2,330.0,Post-RFCTLARR 2013 (High Compensation),720.0,8.270676691729317
705492,Kadur - Chickamagalur - Sakleshpur [93km],Railways,,Ministry of Railways,South Western Railway [SWR] - II,0,,825,825.0,,699.12,,,2025-06-30,2025-12-31,,0,0,0,,,83,0,,,6.0,0.0,0.0,0,1,-0.6909719065369746,Unknown / Multi-State,,,,,Unknown,,
400247,Kalinarayanpur-Krishnanagar Doubling Alongwith Krishnanagar - Chapra New Line And Naihati-Ranaghat 3rd Line.,Railways,,Ministry of Railways,Eastern Railway [ER] - I,0,,1000,1000.0,,1029.97,,,2027-02-28,2027-02-28,,0,0,0,,,67,0,,,0.0,0.0,0.0,0,0,-12.69797674631511,Unknown / Multi-State,,,,,Unknown,,
617322,Kalipahari Bakhtarnagar 5th line,Railways,,Ministry of Railways,Eastern Railway [ER] - I,0,,350,350.46,,,2024-08-08,,2027-06-30,2027-06-27,,0,0,0,,,0,0,,2024.0,0.0,0.45999999999997954,0.1314285714285656,1,0,0.7306609465075553,Unknown / Multi-State,,6.5,9.85,420.0,Post-RFCTLARR 2013 (High Compensation),840.0,7.692307692307687
709809,KALYAN-MURBAD VIA ULHASNAGAR  [UMBRELLA WORK] ,Railways,,Ministry of Railways,Central Railway [CR] - II,0,,726,836.12,,9.29,,,2027-03-31,2027-03-27,,0,0,0,,,0,0,,,0.0,110.12,15.168044077134986,1,0,,Unknown / Multi-State,,,,,Unknown,,
706844,Katihar - Kumedpur Doubling Line Project,Railways,,Ministry of Railways,GM/C/ NFR,0,,942,942.0,,356.0,2022-01-08,,2027-08-31,2027-08-31,,0,0,0,,,45,0,,2022.0,0.0,0.0,0.0,0,0,10.80589921017685,Unknown / Multi-State,,6.25,9.2,330.0,Post-RFCTLARR 2013 (High Compensation),720.0,8.270676691729317
617245,Katihar Kumedpur & Katihar Mukuria BG Doubling Project,Railways,,Ministry of Railways,Northeast Frontier Railway [NFR],0,,943,,,461.36,,,2026-08-31,2027-02-28,,0,0,0,,,60,0,,,5.9,,,0,1,10.80589921017685,Unknown / Multi-State,,,,,Unknown,,
705651,Katni - Bina Third Railway Line [279 km],Railways,,Ministry of Railways,West Central Railway WCR I,0,,2478,4127.23,,3295.49,2016-02-06,,2022-03-31,2025-12-31,,0,0,0,,,90,0,,2016.0,45.0,1649.2299999999996,66.55488297013719,1,1,0.6082214765100735,Unknown / Multi-State,,6.25,10.4,138.0,Post-RFCTLARR 2013 (High Compensation),465.0,9.411764705882364
705661,Katni Grade Separator/Bye Pass,Railways,,Ministry of Railways,Indian Railway Construction International Limited [IRCON],0,,1248,1248.0,,1810.01,,,2024-09-30,2026-09-30,,0,0,0,,,95,0,,,24.0,0.0,0.0,0,1,0.6082214765100735,Unknown / Multi-State,,,,,Unknown,,
705252,Kazipet Wagon Overhauling Project,Railways,,Ministry of Railways,RVNL,0,,385,,,0.0,,,2023-12-01,,,0,0,0,,,0,0,,,0.0,,,0,0,10.26683343756516,Unknown / Multi-State,,,,,Unknown,,
705612,Kazipet-Vijayawada 3rd line with electrification [220 km],Railways,,Ministry of Railways,South Central Railway [SCR] - II,0,,1953,3363.0,,2915.49,,,2025-02-28,2025-12-31,,0,0,0,,,90,0,,,10.1,1410.0,72.19662058371735,1,1,2.5739065560011376,Unknown / Multi-State,,,,,Unknown,,
705364,Khagaria-Kusheshwar Asthan [42Km] new line project,Railways,,Ministry of Railways,East Central Railway [ECR] - I,0,,614,1384.0,,479.22,,,2024-12-31,2027-03-31,,0,0,0,,,55,0,,,26.9,770.0,125.4071661237785,1,1,-3.287904599659297,Unknown / Multi-State,,,,,Unknown,,
705668,KHARAGPUR-ADITYAPUR THIRD RAIL LINE- 132 KM,Railways,,Ministry of Railways,RVNL - II,0,,3250,3250.0,,3176.46,2016-05-09,,2025-03-31,2025-12-31,,0,0,0,,,97,0,,2016.0,9.0,0.0,0.0,0,1,0.6082214765100735,Unknown / Multi-State,,6.25,10.4,138.0,Post-RFCTLARR 2013 (High Compensation),465.0,9.411764705882364
617200,KHARSIA- NAYA RAIPUR-PARMALKASA 5th and 6th Line [278KM],Railways,,Ministry of Railways,CAO/C/SECR,0,,7854,,,0.0,2025-11-04,,2031-03-31,,,0,0,0,,,0,0,,2025.0,0.0,,,0,0,1.889931456711258,Unknown / Multi-State,,6.25,9.5,465.0,Post-RFCTLARR 2013 (High Compensation),895.0,6.547619047619047
400220,Kharsia-Dharamjaygarh with Spur line [East Corridor-Phase 1],Railways,,Ministry of Railways,Indian Railway Construction International Limited [IRCON],0,,3055,3407.09,,2609.75,2016-05-03,,2018-09-30,2026-03-31,,0,0,0,,,94,0,,2016.0,90.0,352.09000000000015,11.525040916530283,1,1,0.6082214765100735,Unknown / Multi-State,,6.25,10.4,138.0,Post-RFCTLARR 2013 (High Compensation),465.0,9.411764705882364
706898,Khurda Road - Balangir Electrification of Railway Track Project,Railways,,Ministry of Railways,Ministry of Railways,0,,268,,,0.0,,,2021-03-31,,,0,0,0,,,0,0,,,0.0,,,0,0,10.974572265809623,Unknown / Multi-State,,,,,Unknown,,
705358,Khurda-Bolangir New Broad Gauge Rail Link [301km],Railways,,Ministry of Railways,East Coast Railway [ECoR] - II,0,,3792,5089.0,,4983.45,,,2026-12-31,2026-12-31,,0,0,0,,,89,0,,,0.0,1297.0,34.20358649789029,1,0,,Unknown / Multi-State,,,,,Unknown,,
617832,Koderma-Arigada Doubling 133.38 Km of East Central Railway,Railways,,Ministry of Railways,East Central Railway [ECR] - I,0,,2887,,,0.0,,,2029-12-31,,,0,0,0,,,0,0,,,0.0,,,0,0,1.889931456711258,Unknown / Multi-State,,,,,Unknown,,
705375,Koderma-Tilaiya New Line,Railways,,Ministry of Railways,East Central Railway [ECR] - II,0,,1626,2020.0,,2060.97,2004-04-11,,2025-02-28,2026-02-28,,0,0,0,,,92,0,,2004.0,12.0,394.0,24.231242312423124,1,1,,Unknown / Multi-State,,6.0,10.25,,Pre-RFCTLARR 2013 (Old 1894 Act),,
709810,KODINGAMALI BAUXITE MINES TO SINGARAM RAILWAY STATION,Railways,,Ministry of Railways,Indian Railway,0,,191,,,,,,2027-08-31,2027-08-27,,0,0,0,,,0,0,,,0.0,,,0,0,10.80589921017685,Unknown / Multi-State,,,,,Unknown,,
705513,Koraput - Singapur Railway Doubling,Railways,,Ministry of Railways,East Coast Railway [ECoR] - II,0,,2362,2362.0,,1787.49,2015-08-12,,2027-12-01,2028-03-30,,0,0,0,,,68,0,,2015.0,3.9,0.0,0.0,0,1,-12.69797674631511,Unknown / Multi-State,,6.75,11.1,115.0,Post-RFCTLARR 2013 (High Compensation),425.0,10.389610389610393
611918,Kosamba Umarpada 70 Km,Railways,,Ministry of Railways,PCE/WR,0,,468,,,20.0,,,2027-03-30,,,0,0,0,,,8,0,,,0.0,,,0,0,-5.897937298933953,Unknown / Multi-State,,,,,Unknown,,
616983,Kosamba Umarpada GC PROJECT,Railways,,Ministry of Railways,Ministry of Railways-,0,,468,,,70.54,,,2027-06-30,,,0,0,0,,,16,0,,,0.0,,,0,0,-5.897937298933953,Unknown / Multi-State,,,,,Unknown,,
705436,Kotapalli - Narasapur New Line,Railways,,Ministry of Railways,South Central Railway [SCR] - II,0,,2501,2501.0,,1264.18,,,2028-03-31,2028-03-31,,0,0,0,,,29,0,,,0.0,0.0,0.0,0,0,-3.3825944170771782,Unknown / Multi-State,,,,,Unknown,,
705638,Kumbalam-Turavur doubling project [15.59 Km],Railways,,Ministry of Railways,Southern Railway [SR] - II,0,,813,802.8,,66.69,2023-03-04,,2027-03-31,2027-03-31,,0,0,0,,,17,0,,2023.0,0.0,-10.200000000000045,-1.254612546125467,0,0,-5.897937298933953,Unknown / Multi-State,,6.5,9.8,375.0,Post-RFCTLARR 2013 (High Compensation),780.0,8.333333333333325
611927,Kurnool - Setting up facilities for coach midlife rehabilitation workshop,Railways,,Ministry of Railways,WPO/Patna,0,,561,,,276.66,2014-01-01,,2023-12-31,,,0,0,0,,,65,0,,2014.0,0.0,,,0,0,-0.6909719065369746,Unknown / Multi-State,,8.0,12.0,92.0,Post-RFCTLARR 2013 (High Compensation),385.0,13.235294117647056
705253,Kurnool Coach Midlife Rehabilitation Project,Railways,,Ministry of Railways,South Central Railway [SCR] - II,0,,563,560.72,,949.34,,,2020-12-01,2026-12-31,,0,0,0,,,75,0,,,73.0,-2.2799999999999727,-0.404973357015981,0,1,0.6082214765100735,Unknown / Multi-State,,,,,Unknown,,
705766,Lalitpur-Birari with flyover at Lalitpur- 16 Km,Railways,,Ministry of Railways,North Central Railway,0,,304,356.0,,214.0,,,2024-12-31,2025-11-30,,0,0,0,,,65,0,,,11.0,52.0,17.105263157894736,1,1,10.26683343756516,Unknown / Multi-State,,,,,Unknown,,
705480,"Lalitpur-Satna, Rewa-Singrauli & Mahoba-Khajuraho",Railways,,Ministry of Railways,North Central Railway,0,,8914,8914.0,,4971.65,,,2027-03-31,2027-12-31,,0,0,0,,,70,0,,,9.0,0.0,0.0,0,1,10.248823133826512,Unknown / Multi-State,,,,,Unknown,,
705785,Lodhma - Piska - Link Line bypassing Hatia/Ranchi with Y connection,Railways,,Ministry of Railways,South Eastern Railway [SER] - I,0,,473,473.0,,284.26,,,2026-06-30,2027-05-31,,0,0,0,,,4,0,,,11.0,0.0,0.0,0,1,26.733988838692536,Unknown / Multi-State,,,,,Unknown,,
607653,Ludhiana Mullanpur 21Km Doubling Railway project,Railways,,Ministry of Railways,CAO/C/NR,0,,235,,,61.39,,,2024-06-30,2027-02-15,,0,0,0,,,99,0,,,31.5,,,0,1,,Unknown / Multi-State,,,,,Unknown,,
705783,Ludhiana- Killa Raipur Railway  Doubling Project,Railways,,Ministry of Railways,CAO/C/NR,0,,238,237.64,,118.0,2019-01-03,,2025-03-31,2026-03-31,,0,0,0,,,55,0,,2019.0,12.0,-0.36000000000001364,-0.1512605042016864,0,1,-3.287904599659297,Unknown / Multi-State,,5.15,9.2,230.0,Post-RFCTLARR 2013 (High Compensation),585.0,7.339449541284404
616701,Lumding Furkating Doubling Project 140 km,Railways,,Ministry of Railways,Northeast Frontier Railway [NFR],0,,2124,,,121.34,,,2028-02-29,,,0,0,0,,,10,0,,,0.0,,,0,0,0.7306609465075553,Unknown / Multi-State,,,,,Unknown,,
616842,LUNI- SAMDARI- BHILDI DOUBLING,Railways,,Ministry of Railways,North Western Railway [NWR],0,,3086,,,154.46,,,2027-07-31,,,0,0,0,,,7,0,,,0.0,,,0,0,0.7306609465075553,Unknown / Multi-State,,,,,Unknown,,
705489,Madurai- Tuticorin New Line,Railways,,Ministry of Railways,Ministry of Railways,0,,601,2084.48,,351.21,2011-01-04,,2021-07-31,2031-01-31,,0,0,0,,,14,0,,2011.0,114.0,1483.48,246.8352745424293,1,1,4.2752867570385655,Unknown / Multi-State,,8.5,12.5,38.5,Pre-RFCTLARR 2013 (Old 1894 Act),255.0,15.909090909090917
611929,Maintenance cum workshop depot for Vande Bharat Sleeper Trains as per conditions under WTA 527,Railways,,Ministry of Railways,WPO/Patna,0,,167,,,0.0,2022-12-09,,2024-12-29,,,0,0,0,,,0,0,,2022.0,0.0,,,0,0,10.80589921017685,Unknown / Multi-State,,6.25,9.2,330.0,Post-RFCTLARR 2013 (High Compensation),720.0,8.270676691729317
616702,Malkangiri Pandurangapuram new railway line project,Railways,,Ministry of Railways,Indian Railways,0,,3592,,,,,,2031-11-26,,,0,0,0,,,0,0,,,0.0,,,0,0,0.7306609465075553,Unknown / Multi-State,,,,,Unknown,,
611615,Malugur- Palasamudram New Line Project [17.975 Km],Railways,,Ministry of Railways,South Western Railway [SWR] - II,0,,342,342.14,,,2022-01-09,,2027-11-30,2027-12-31,,0,0,0,,,0,0,,2022.0,1.0,0.13999999999998636,0.04093567251461589,1,1,10.80589921017685,Unknown / Multi-State,,6.25,9.2,330.0,Post-RFCTLARR 2013 (High Compensation),720.0,8.270676691729317
705437,Manoharabad-Kothapalli New Rail Line [151 km],Railways,,Ministry of Railways,South Central Railway [SCR] - II,0,,1160,2781.0,,1713.38,,,2027-03-31,2027-12-31,,0,0,0,,,71,0,,,9.0,1621.0,139.74137931034483,1,1,0.6082214765100735,Unknown / Multi-State,,,,,Unknown,,
706940,"Mariani-Jorhat, Tinsukia-Dangri and Makum -TirapTrack Electrification Project",Railways,,Ministry of Railways,GM/C/ NFR,0,,184,,,0.0,,,2024-05-31,,,0,0,0,,,0,0,,,0.0,,,0,0,10.974572265809623,Unknown / Multi-State,,,,,Unknown,,
705491,Marikuppam - Kuppam New Line Project [23.70 Km],Railways,,Ministry of Railways,South Western Railway [SWR] - II,0,,297,297.0,,123.17,2012-01-04,,2026-06-30,2026-06-30,,0,0,0,,,15,0,,2012.0,0.0,0.0,0.0,0,0,7.229999999999981,Unknown / Multi-State,,8.0,12.1,46.0,Pre-RFCTLARR 2013 (Old 1894 Act),295.0,15.686274509803933
705667,Mathura-Jhansi Third Railway Line [274 Km],Railways,,Ministry of Railways,RVNL - II,0,,5961,5961.0,,4928.62,2015-11-12,,2024-12-31,2026-12-31,,0,0,0,,,94,0,,2015.0,24.0,0.0,0.0,0,1,-12.69797674631511,Unknown / Multi-State,,6.75,11.1,115.0,Post-RFCTLARR 2013 (High Compensation),425.0,10.389610389610393
611973,miyagam karjan Choranda maalsar 37 kms,Railways,,Ministry of Railways,PCE/WR,0,,450,,,0.0,,,2026-12-25,,,0,0,0,,,0,0,,,0.0,,,0,0,,Unknown / Multi-State,,,,,Unknown,,
705458,Miyagam-Karjan-Dabhoi-Samlaya [GC],Railways,,Ministry of Railways,Western Railway [WR] - II,0,,484,1039.13,,621.37,,,2021-03-31,2026-12-31,,0,0,0,,,41,0,,,69.0,555.1300000000001,114.69628099173556,1,1,10.26683343756516,Unknown / Multi-State,,,,,Unknown,,
706757,Modasa-Shamlaji Road Railway Line Project,Railways,,Ministry of Railways,Western Railway (WR) - II,0,,262,262.0,,342.95,2012-01-09,,2025-03-31,2026-03-31,,0,0,0,,,63,0,,2012.0,12.0,0.0,0.0,0,1,7.229999999999981,Unknown / Multi-State,,8.0,12.1,46.0,Pre-RFCTLARR 2013 (Old 1894 Act),295.0,15.686274509803933
705755,Morappur - Dharmpuri New Railway Line Project,Railways,,Ministry of Railways,Southern Railway [SR] - I,0,,359,359.0,,40.0,,,2028-03-31,2028-03-28,,0,0,0,,,1,0,,,0.0,0.0,0.0,0,0,-3.287904599659297,Unknown / Multi-State,,,,,Unknown,,
705772,"Mughalsarai-Allahabad, 3rd line",Railways,,Ministry of Railways,North Central Railway,0,,2649,2649.0,,1399.0,2015-08-12,,2026-12-31,2027-03-31,,0,0,0,,,62,0,,2015.0,3.0,0.0,0.0,0,1,-12.69797674631511,Unknown / Multi-State,,6.75,11.1,115.0,Post-RFCTLARR 2013 (High Compensation),425.0,10.389610389610393
616699,Multi tracking of Son Nagar-Andal [374.53 rkm & 814.38 tkm],Railways,,Ministry of Railways,East Central Railway [ECR] - I,0,,12334,,,444.74,,,2028-03-31,,,0,0,0,,,10,0,,,0.0,,,0,0,-5.897937298933953,Unknown / Multi-State,,,,,Unknown,,
611452,MUMBAI CENTRAL VIRAR VADODARA AHMEDABAAD TRAIN PROTECTION SYSTEM 500 RKM,Railways,,Ministry of Railways,Western Railway,0,,311,311.0,,208.0,,,2025-12-31,2025-06-26,,0,0,0,,,92,0,,,0.0,0.0,0.0,0,0,-3.287904599659297,Unknown / Multi-State,,,,,Unknown,,
706780,Mumbai Urban Transport Project [MUTP]  Phase-IIIA,Railways,,Ministry of Railways,Mumbai Rail Vikas Corporation Ltd.[MRVC],0,,33690,33690.0,,2246.15,2019-01-04,,2027-12-31,2027-12-31,,0,0,0,,,16,0,,2019.0,0.0,0.0,0.0,0,0,-3.287904599659297,Unknown / Multi-State,,5.15,9.2,230.0,Post-RFCTLARR 2013 (High Compensation),585.0,7.339449541284404
706779,Mumbai Urban Transport Project [MUTP] - PHASE II,Railways,,Ministry of Railways,Mumbai Rail Vikas Corporation Ltd.[MRVC],0,,8087,8087.0,,7364.0,2008-09-05,,2014-03-31,2027-12-31,,0,0,0,,,87,0,,2008.0,165.0,0.0,0.0,0,1,11.44321093082834,Unknown / Multi-State,,7.5,12.0,22.0,Pre-RFCTLARR 2013 (Old 1894 Act),165.0,16.19718309859155
706781,Mumbai Urban Transport Project Phase-III,Railways,,Ministry of Railways,Mumbai Rail Vikas Corporation Ltd.[MRVC],0,,10947,10947.0,,5057.67,,,2022-03-31,2026-12-31,,0,0,0,,,60,0,,,57.0,0.0,0.0,0,1,0.6082214765100735,Unknown / Multi-State,,,,,Unknown,,
705728,Mumbai-Ahmedabad High Speed Rail Project- 508 km,Railways,,Ministry of Railways,National High Speed Rail Corporation [NHSRC],0,,108000,108000.0,,78690.9,,,2027-08-31,2029-12-31,,0,0,0,,,53,0,,,28.0,0.0,0.0,0,1,-12.69797674631511,Unknown / Multi-State,,,,,Unknown,,
617240,Murarai - Barharwa 3rd line,Railways,,Ministry of Railways,Eastern Railway [ER] - II ,0,,935,,,,2025-07-05,,2028-05-06,,,0,0,0,,,0,0,,2025.0,0.0,,,0,0,1.889931456711258,Unknown / Multi-State,,6.25,9.5,465.0,Post-RFCTLARR 2013 (High Compensation),895.0,6.547619047619047
705401,Murkongselek-Pasighat,Railways,,Ministry of Railways,Northeast Frontier Railway (NFR) - II,0,,435,1250.0,,540.27,2011-09-02,,2025-03-31,2026-05-31,,0,0,0,,,60,0,,2011.0,14.0,815.0,187.35632183908046,1,1,4.2752867570385655,Unknown / Multi-State,,8.5,12.5,38.5,Pre-RFCTLARR 2013 (Old 1894 Act),255.0,15.909090909090917
705528,Muzaffarpur-Sugauli,Railways,,Ministry of Railways,East Central Railway [ECR] - II,0,,1586,1586.0,,1586.82,2018-01-03,,2024-06-30,2025-08-31,,0,0,0,,,99,0,,2018.0,14.0,0.0,0.0,0,1,10.974572265809623,Unknown / Multi-State,,6.5,10.35,195.0,Post-RFCTLARR 2013 (High Compensation),545.0,7.920792079207928
709812,NADIAD-PETLAD [37.26 KM],Railways,,Ministry of Railways,Railway,0,,462,461.91,,75.0,,,2030-06-30,2030-06-30,,0,0,0,,,7,0,,,0.0,-0.08999999999997499,-0.019480519480514068,0,0,10.80589921017685,Unknown / Multi-State,,,,,Unknown,,
400298,Nadikudi - Srikalahasti New Line,Railways,,Ministry of Railways,South Central Railway [SCR] - II,0,,2312,5200.0,,2179.0,,,2027-05-31,2028-03-31,,0,0,0,,,54,0,,,10.0,2888.0,124.91349480968859,1,1,7.229999999999981,Unknown / Multi-State,,,,,Unknown,,
400223,Nagapattinam-Tiruturaipundi and Karaikal-Peralam New Line,Railways,,Ministry of Railways,Southern Railway [SR] - II,0,,713,981.0,,598.38,,,2026-03-31,2027-03-31,,0,0,0,,,80,0,,,12.0,268.0,37.58765778401122,1,1,11.44321093082834,Unknown / Multi-State,,,,,Unknown,,
705799,Nagpur- Nagbhir Railway Line Gauge Conversion Project,Railways,,Ministry of Railways,MRIDC,0,,1400,1400.0,,1472.0,2019-01-10,,2025-12-31,2025-12-25,,0,0,0,,,80,0,,2019.0,0.0,0.0,0.0,0,0,-3.287904599659297,Unknown / Multi-State,,5.15,9.2,230.0,Post-RFCTLARR 2013 (High Compensation),585.0,7.339449541284404
705410,Nangal Dam-Talwara New Broad Gauge Line [84 KM] and Taking Over Siding Mukerian-Talwara [29 KM],Railways,,Ministry of Railways,Northen Railway [NR],0,,2018,2018.0,,1848.0,,,2025-12-31,2027-01-31,,0,0,0,,,74,0,,,13.0,0.0,0.0,0,1,,Unknown / Multi-State,,,,,Unknown,,
705629,Narayangarh-Bhadrak 3rd line,Railways,,Ministry of Railways,South Eastern Railway [SER] - I,0,,2400,2400.0,,2188.0,2019-07-03,,2025-12-31,2026-06-30,,0,0,0,,,65,0,,2019.0,5.9,0.0,0.0,0,1,-3.287904599659297,Unknown / Multi-State,,5.15,9.2,230.0,Post-RFCTLARR 2013 (High Compensation),585.0,7.339449541284404
617408,NATHDWARA- NATHDWARA TOWN NL,Railways,,Ministry of Railways,North Western Railway [NWR],0,,166,,,101.49,2019-10-03,,2027-03-31,,,0,0,0,,,13,0,,2019.0,0.0,,,0,0,-3.287904599659297,Unknown / Multi-State,,5.15,9.2,230.0,Post-RFCTLARR 2013 (High Compensation),585.0,7.339449541284404
616839,Naupada-Gunupur - New line upto Theruvali [73.62 km],Railways,,Ministry of Railways,Indian Railway,0,,1166,,,0.0,,,2029-12-31,,,0,0,0,,,0,0,,,0.0,,,0,0,0.7306609465075553,Unknown / Multi-State,,,,,Unknown,,
611669,NER Provision of Automatic Block Signalling on Gorakhpur Cantt[Excl]  Chhapra Gramin & Burhwal Jn [Excl]  Sitapur Jn section of high density routes,Railways,,Ministry of Railways,North Eastern Railway [NER],0,,380,,,248.51,,,2027-03-31,2028-03-31,,0,0,0,,,20,0,,,12.0,,,0,1,10.80589921017685,Unknown / Multi-State,,,,,Unknown,,
617320,New B.G Railway Line between Jeypore & Navarangpur [38 Km] with Electrification,Railways,,Ministry of Railways,Indian Railway and Govt of Odisha,0,,748,,,5.71,2017-04-07,,2025-09-20,,,0,0,0,,,0,0,,2017.0,0.0,,,0,0,10.26683343756516,Unknown / Multi-State,,6.0,10.1,165.0,Post-RFCTLARR 2013 (High Compensation),505.0,8.602150537634401
705400,New B.G. Railway Line- Araria to Galgalia  [Thakurgunj],Railways,,Ministry of Railways,Northeast Frontier Railway [NFR],0,,2650,4412.0,,4152.4,,,2024-12-31,2025-07-11,,0,0,0,,,96,0,,,6.3,1762.0,66.49056603773586,1,1,,Unknown / Multi-State,,,,,Unknown,,
709813,NEW BG LINE INTERSECTION [5 NOS] BETWEEN GERATPUR-SANAND & BOTAD-AHMEDABAD [16.51 KM]  [PB#29/NR/202,Railways,,Ministry of Railways,SECR,0,,437,437.21,,43.0,,,2027-10-31,2027-10-27,,0,0,0,,,15,0,,,0.0,0.20999999999997954,0.04805491990846214,1,0,10.80589921017685,Unknown / Multi-State,,,,,Unknown,,
611943,New broad gauge line between Naliya Jakhau Port 25 Kms,Railways,,Ministry of Railways,PCE/WR,0,,410,410.26,,6.0,2023-01-02,,2028-01-31,2028-01-28,,0,0,0,,,4,0,,2023.0,0.0,0.2599999999999909,0.06341463414633924,1,0,-5.897937298933953,Unknown / Multi-State,,6.5,9.8,375.0,Post-RFCTLARR 2013 (High Compensation),780.0,8.333333333333325
705794,New Delhi- Howrah Speed Booster[160Kmph] Project,Railways,,Ministry of Railways,PCE/NCR,0,,6685,,,127.03,2019-01-09,,2024-03-31,,,0,0,0,,,0,0,,2019.0,0.0,,,0,0,-3.287904599659297,Unknown / Multi-State,,5.15,9.2,230.0,Post-RFCTLARR 2013 (High Compensation),585.0,7.339449541284404
705793,Raising of speed to 160 kmph/200 kmph on existing New Delhi-Mumbai route incl. Vadodara-Ahmedabad,Railways,,Ministry of Railways,PCE/WR,0,,6806,8095.12,,9341.42,2019-01-09,,2024-03-31,2026-03-31,,0,0,0,,,64,0,,2019.0,24.0,1289.12,18.940934469585656,1,1,-3.287904599659297,Unknown / Multi-State,,5.15,9.2,230.0,Post-RFCTLARR 2013 (High Compensation),585.0,7.339449541284404
618995,New Line between Junagarh - Nabarangpur [116.21 Km],Railways,,Ministry of Railways,Indian Railway,0,,2865,,,0.0,,,2030-08-18,,,0,0,0,,,0,0,,,0.0,,,0,0,0.7306609465075553,Unknown / Multi-State,,,,,Unknown,,
705453,"New line Dahod-Indore via Sardarpur, Jabuwa and Dhar",Railways,,Ministry of Railways,Western Railway [WR] - II,0,,456,1873.1,,3412.33,,,2027-02-28,2027-02-28,,0,0,0,,,46,0,,,0.0,1417.1,310.7675438596491,1,0,7.229999999999981,Unknown / Multi-State,,,,,Unknown,,
705434,New Railway Line between Ginigera and Raichur [165.57 km],Railways,,Ministry of Railways,South Western Railway [SWR] - II,0,,2565,3034.98,,2063.57,,,2019-03-31,2027-03-31,,0,0,0,,,66,0,,,96.0,469.98,18.32280701754386,1,1,11.44321093082834,Unknown / Multi-State,,,,,Unknown,,
619326,Nidadavolu-Duvvada 3rd & 4th Lines,Railways,,Ministry of Railways,South Central Railway [SCR] - II,0,,9889,,,0.01,,,2032-01-24,,,0,0,0,,,0,0,,,0.0,,,0,0,1.6785317745412032,Unknown / Multi-State,,,,,Unknown,,
705764,Nimach-Badi Sadri  New Rail Line Project,Railways,,Ministry of Railways,Western Railway [WR] - II,0,,495,825.0,,306.0,2017-01-04,,2026-03-31,2025-12-26,,0,0,0,,,46,0,,2017.0,0.0,330.0,66.66666666666666,1,0,10.26683343756516,Unknown / Multi-State,,6.0,10.1,165.0,Post-RFCTLARR 2013 (High Compensation),505.0,8.602150537634401
705933,Nimach-Ratlam Doubling [133 Km],Railways,,Ministry of Railways,Western Railway [WR] - II,0,,1096,1095.88,,1056.18,2021-07-10,,2027-10-31,2027-10-31,,0,0,0,,,89,0,,2021.0,0.0,-0.11999999999989086,-0.010948905109479094,0,0,26.733988838692536,Unknown / Multi-State,,4.0,7.5,290.0,Post-RFCTLARR 2013 (High Compensation),665.0,7.258064516129026
709814,NIPANIA-BHATAPRA [14.4 KM] 4TH LINE [PB-72/NR/2022-23],Railways,,Ministry of Railways,SECR,0,,170,184.0,,,2022-08-12,,2026-12-31,2026-12-31,,0,0,0,,,2,0,,2022.0,0.0,14.0,8.235294117647058,1,0,10.80589921017685,Unknown / Multi-State,,6.25,9.2,330.0,Post-RFCTLARR 2013 (High Compensation),720.0,8.270676691729317
706776,Noapara-Barasat via Bimanbandar - Construction of Metro railway [18 km],Railways,,Ministry of Railways,"Metro Railway, Kolkata",0,,4830,4830.0,,2764.13,2010-02-11,,2026-08-31,2029-03-31,,0,0,0,,,32,0,,2010.0,31.0,0.0,0.0,0,1,8.65624291864946,Unknown / Multi-State,,6.25,10.5,32.0,Pre-RFCTLARR 2013 (Old 1894 Act),220.0,15.789473684210531
705298,North Region Video Surveillance Project,Railways,,Ministry of Railways,RCIL,0,,274,,,0.0,2020-01-06,,2024-03-31,,,0,0,0,,,0,0,,2020.0,0.0,,,0,0,-0.5724854676765867,Unknown / Multi-State,,4.0,7.8,260.0,Post-RFCTLARR 2013 (High Compensation),620.0,5.982905982905984
709808,PACHORA-JAMNER WITH EXTENSION UPTO MALKAPUR NG TO BG,Railways,,Ministry of Railways,CR,0,,955,2093.82,,130.42,,,2027-08-31,2028-03-28,,0,0,0,,,11,0,,,6.9,1138.8200000000002,119.24816753926703,1,1,10.80589921017685,Unknown / Multi-State,,,,,Unknown,,
616695,Paradeep - Badabandha 3rd & 4th Line / 18.51kms,Railways,,Ministry of Railways,East Coast Railway [ECoR] - II,0,,300,,,0.01,,,2028-11-30,,,0,0,0,,,0,0,,,0.0,,,0,0,-5.897937298933953,Unknown / Multi-State,,,,,Unknown,,
705747,Parasnath-Madhuban-Giridih new line,Railways,,Ministry of Railways,East Central Railway [ECR] - I,0,,903,,,0.0,2019-01-03,,2024-03-31,2026-03-31,,0,0,0,,,0,0,,2019.0,24.0,,,0,1,-3.287904599659297,Unknown / Multi-State,,5.15,9.2,230.0,Post-RFCTLARR 2013 (High Compensation),585.0,7.339449541284404
705710,PCT Machine Procurement Project,Railways,,Ministry of Railways,EDTK[MC]/RB,0,,336,,,74.32,2019-01-04,,2024-04-01,2027-06-30,,0,0,0,,,85,0,,2019.0,38.9,,,0,1,-3.287904599659297,Unknown / Multi-State,,5.15,9.2,230.0,Post-RFCTLARR 2013 (High Compensation),585.0,7.339449541284404
705789,Penukonda - Dharmavaram Doubling Project [41.5 Km],Railways,,Ministry of Railways,South Western Railway [SWR] - II,0,,308,307.66,,259.52,,,2026-03-31,2026-03-31,,0,0,0,,,65,0,,,0.0,-0.339999999999975,-0.11038961038960227,0,0,10.974572265809623,Unknown / Multi-State,,,,,Unknown,,
611945,Petlad Bhadran 23 Kms,Railways,,Ministry of Railways,Western Railway,0,,307,307.11,,13.58,2022-01-05,,2030-05-31,2030-05-30,,0,0,0,,,17,0,,2022.0,-0.0,0.11000000000001364,0.035830618892512586,1,0,10.80589921017685,Unknown / Multi-State,,6.25,9.2,330.0,Post-RFCTLARR 2013 (High Compensation),720.0,8.270676691729317
400280,Ph II extension of MRTS from Velachery to St Thomas Mount,Railways,,Ministry of Railways,Ministry of Railways,0,,734,734.01,,475.73,,,2025-07-24,2025-09-30,,0,0,0,,,99,0,,,2.2,0.009999999999990905,0.0013623978201622487,1,1,10.248823133826512,Unknown / Multi-State,,,,,Unknown,,
705779,"Phephna-Indara, Mau-Shahganj doubling excluding Indara-Mau",Railways,,Ministry of Railways,RVNL - I,0,,1178,1777.0,,1489.5,,,2024-12-31,2026-03-31,,0,0,0,,,85,0,,,14.9,599.0,50.84889643463497,1,1,10.26683343756516,Unknown / Multi-State,,,,,Unknown,,
705385,Pirpainti - Jasidih [100.52 Km] New BG line,Railways,,Ministry of Railways,Eastern Railway [ER] - I,0,,2555,2555.0,,1105.03,,,2028-03-31,2028-03-31,,0,0,0,,,61,0,,,0.0,0.0,0.0,0,0,-0.6909719065369746,Unknown / Multi-State,,,,,Unknown,,
617404,POKHRAN - RAMDEVRA New Line,Railways,,Ministry of Railways,North Western Railway [NWR],0,,189,,,0.0,2025-08-04,,2028-03-31,,,0,0,0,,,0,0,,2025.0,0.0,,,0,0,1.889931456711258,Unknown / Multi-State,,6.25,9.5,465.0,Post-RFCTLARR 2013 (High Compensation),895.0,6.547619047619047
706837,Pradhan Kuntha Jn Line Doubling Project,Railways,,Ministry of Railways,East Central Railway [ECR] - I,0,,349,349.22,,100.96,,,2027-11-30,2027-11-27,,0,0,0,,,62,0,,,0.0,0.22000000000002728,0.06303724928367543,1,0,10.80589921017685,Unknown / Multi-State,,,,,Unknown,,
400045,Proposed 6 nos Road Over Bridge [ROB] at different locations under MCL Talcher Under Deposit Scheme.,Railways,,Ministry of Railways,East Coast Railway [ECoR] - II,0,,168,,,69.85,2022-08-08,,2025-03-31,2025-01-31,,0,0,0,,,82,0,,2022.0,0.0,,,0,0,10.80589921017685,Unknown / Multi-State,,6.25,9.2,330.0,Post-RFCTLARR 2013 (High Compensation),720.0,8.270676691729317
705694,Provision of Work-site Tampers [WST] Railway Project,Railways,,Ministry of Railways,EDTK[MC]/RB,0,,188,,,141.91,2016-01-01,,2023-12-31,2026-01-31,,0,0,0,,,100,0,,2016.0,25.0,,,0,1,0.6082214765100735,Unknown / Multi-State,,6.25,10.4,138.0,Post-RFCTLARR 2013 (High Compensation),465.0,9.411764705882364
705503,Pune - Miraj-Londa  [467 Kilometres],Railways,,Ministry of Railways,Central Railway,0,,4028,4872.52,,4924.05,2016-10-06,,2025-02-28,2025-08-31,,0,0,0,,,85,0,,2016.0,6.0,844.5200000000004,20.966236345580942,1,1,0.6082214765100735,Unknown / Multi-State,,6.25,10.4,138.0,Post-RFCTLARR 2013 (High Compensation),465.0,9.411764705882364
616841,PUSHKAR- MERTA CITY NEW LINE,Railways,,Ministry of Railways,North Western Railway [NWR],0,,800,,,211.61,,,2026-12-31,2028-12-31,,0,0,0,,,8,0,,,24.0,,,0,1,0.7306609465075553,Unknown / Multi-State,,,,,Unknown,,
611944,Quadrupling between Gandhidham Adipur with Y connection at Adipur for providing direct entry towards Mundra Port and Bhuj and high level platform at Gopalpur 11Kms,Railways,,Ministry of Railways,PCE/WR,0,,152,152.44,,20.0,2023-01-02,,2026-03-31,2026-03-26,,0,0,0,,,68,0,,2023.0,0.0,0.4399999999999977,0.28947368421052483,1,0,-5.897937298933953,Unknown / Multi-State,,6.5,9.8,375.0,Post-RFCTLARR 2013 (High Compensation),780.0,8.333333333333325
617214,Rail Connectivity to Errupalem Amravati Namburu 57 Km,Railways,,Ministry of Railways,South Central Railway [SCR] - II,0,,2047,,,0.0,,,2027-03-31,,,0,0,0,,,0,0,,,0.0,,,0,0,0.7306609465075553,Unknown / Multi-State,,,,,Unknown,,
617409,Railway Manufacturing Unit,Railways,,Ministry of Railways,RVNL - II,0,,521,,,439.95,2016-01-07,,2026-12-31,2026-03-31,,0,0,0,,,80,0,,2016.0,0.0,,,0,0,0.6082214765100735,Unknown / Multi-State,,6.25,10.4,138.0,Post-RFCTLARR 2013 (High Compensation),465.0,9.411764705882364
706763,Rajkot - Kanalus Doubling Project [111.2 Kms],Railways,,Ministry of Railways,Western Railway (WR) - II,0,,1081,1080.58,,822.77,2021-07-10,,2026-10-31,2026-10-31,,0,0,0,,,77,0,,2021.0,0.0,-0.42000000000007276,-0.03885291396855437,0,0,26.733988838692536,Unknown / Multi-State,,4.0,7.5,290.0,Post-RFCTLARR 2013 (High Compensation),665.0,7.258064516129026
705617,Rajnandgaon - Nagpur [Kalumna] Third Railway Line [228.30 km],Railways,,Ministry of Railways,South East Central Railway [SECR] - II,0,,3545,3545.0,,3163.08,2016-08-09,,2024-12-31,2026-06-30,,0,0,0,,,95,0,,2016.0,17.9,0.0,0.0,0,1,0.6082214765100735,Unknown / Multi-State,,6.25,10.4,138.0,Post-RFCTLARR 2013 (High Compensation),465.0,9.411764705882364
705481,Ramganjmandi-Bhopal New Line Project [262 km],Railways,,Ministry of Railways,West Central Railway [WCR] - II,0,,3032,5073.0,,3592.92,,,2025-12-25,2027-12-31,,0,0,0,,,70,0,,,24.2,2041.0,67.31530343007915,1,1,,Unknown / Multi-State,,,,,Unknown,,
706759,Rampur Dumra-Tal-Rajendrapul Additional Bridge and Railway Line Doubling,Railways,,Ministry of Railways,Indian Railway Construction International Limited [IRCON],0,,2374,1700.24,,1402.95,,,2024-12-01,2025-12-31,,0,0,0,,,95,0,,,13.0,-673.76,-28.38079191238416,0,1,0.6082214765100735,Unknown / Multi-State,,,,,Unknown,,
616840,RAS- MERTA CITY NEW LINE INCL BYPASS AT MERTA ROAD,Railways,,Ministry of Railways,North Western Railway [NWR],0,,947,,,1.36,,,2028-03-31,,,0,0,0,,,0,0,,,0.0,,,0,0,,Unknown / Multi-State,,,,,Unknown,,
617406,RATLAM- DUNGARPUR VIA BANSWARA NEW LINE PROJECT,Railways,,Ministry of Railways,North Western Railway [NWR],0,,2417,,,5.66,,,2028-03-31,,,0,0,0,,,7,0,,,0.0,,,0,0,-12.69797674631511,Unknown / Multi-State,,,,,Unknown,,
705457,Ratlam-Mhow-Khandwa-Akola Gauge Conversion,Railways,,Ministry of Railways,Western Railway [WR] - II,0,,1656,5735.88,,4428.77,2008-01-04,,2027-03-31,2028-09-30,,0,0,0,,,80,0,,2008.0,18.0,4079.88,246.3695652173913,1,1,11.44321093082834,Unknown / Multi-State,,7.5,12.0,22.0,Pre-RFCTLARR 2013 (Old 1894 Act),165.0,16.19718309859155
705494,Rayadurg-Tumkur via Kalyandurg New Line [207 km],Railways,,Ministry of Railways,South Western Railway [SWR] - II,0,,2496,2496.0,,1691.88,,,2015-09-30,2028-02-29,,0,0,0,,,67,0,,,149.0,0.0,0.0,0,1,11.44321093082834,Unknown / Multi-State,,,,,Unknown,,
705712,RBMV Machine Procurement Project,Railways,,Ministry of Railways,EDTK[MC]/RB,0,,480,,,0.33,2019-01-10,,2024-06-30,2027-12-31,,0,0,0,,,7,0,,2019.0,42.0,,,0,1,-3.287904599659297,Unknown / Multi-State,,5.15,9.2,230.0,Post-RFCTLARR 2013 (High Compensation),585.0,7.339449541284404
613786,"Redevelopment of Ahmedabad railway station and associated infrastructure on engineering, procurement and construction mode",Railways,,Ministry of Railways,Ministry of Railways,0,,2379,,,656.84,,,2028-03-31,,,0,0,0,,,16,0,,,0.0,,,0,0,-5.897937298933953,Unknown / Multi-State,,,,,Unknown,,
613002,Redevelopment of Chennai Egmore Station,Railways,,Ministry of Railways,Railway,0,,842,,,340.0,,,2026-03-31,,,0,0,0,,,0,0,,,0.0,,,0,0,10.80589921017685,Unknown / Multi-State,,,,,Unknown,,
613015,Redevelopment of Chhatrapati Shivaji Maharaj Terminus [CSMT] and construction of associated infrastructure,Railways,,Ministry of Railways,Ministry of Railways,0,,1813,,,525.2,,,2027-03-31,,,0,0,0,,,12,0,,,0.0,,,0,0,-5.897937298933953,Unknown / Multi-State,,,,,Unknown,,
613785,Redevelopment of New Delhi Railway Station and construction of associated infrastructure,Railways,,Ministry of Railways,Rail Land Development Authority,0,,4744,,,119.71,,,2028-12-31,,,0,0,0,,,1,0,,,0.0,,,0,0,-5.897937298933953,Unknown / Multi-State,,,,,Unknown,,
705610,"Renigunta, Wadi & Gooty Bypass Railway Project",Railways,,Ministry of Railways,South Central Railway [SCR] - I,0,,302,543.0,,381.0,2016-01-04,,2025-12-31,2025-12-25,,0,0,0,,,50,0,,2016.0,0.0,241.0,79.80132450331125,1,0,0.6082214765100735,Unknown / Multi-State,,6.25,10.4,138.0,Post-RFCTLARR 2013 (High Compensation),465.0,9.411764705882364
611861,Rewari - Kathuwas Doubling Project [27.72 Km],Railways,,Ministry of Railways,North Western Railway [NWR],0,,352,352.0,,239.01,2023-01-02,,2027-06-30,2027-06-27,,0,0,0,,,59,0,,2023.0,0.0,0.0,0.0,0,0,-5.897937298933953,Unknown / Multi-State,,6.5,9.8,375.0,Post-RFCTLARR 2013 (High Compensation),780.0,8.333333333333325
616696,RINGUS KHATUSHYAMJI NEW LINE,Railways,,Ministry of Railways,North Western Railway [NWR],0,,254,,,1.65,2024-05-03,,2028-03-31,,,0,0,0,,,0,0,,2024.0,0.0,,,0,0,0.7306609465075553,Unknown / Multi-State,,6.5,9.85,420.0,Post-RFCTLARR 2013 (High Compensation),840.0,7.692307692307687
705429,Rishikesh-Karnaprayag New Rail Line- 125 km,Railways,,Ministry of Railways,RVNL - I,0,,38953,38953.0,,24645.2,2016-10-11,,2025-12-31,2027-03-31,,0,0,0,,,65,0,,2016.0,14.9,0.0,0.0,0,1,0.6082214765100735,Unknown / Multi-State,,6.25,10.4,138.0,Post-RFCTLARR 2013 (High Compensation),465.0,9.411764705882364
706856,Rourkela - Bondamunda 5th Line Doubling Project,Railways,,Ministry of Railways,South Eastern Railway [SER] - I,0,,245,245.0,,82.0,2022-01-09,,2026-09-30,2026-09-26,,0,0,0,,,35,0,,2022.0,0.0,0.0,0.0,0,0,10.80589921017685,Unknown / Multi-State,,6.25,9.2,330.0,Post-RFCTLARR 2013 (High Compensation),720.0,8.270676691729317
615915,Rourkela-Bondamunda A-Cabin 5th line [9.6 km],Railways,,Ministry of Railways,CAO/C/SER,0,,245,,,146.07,,,2026-03-31,2026-11-30,,0,0,0,,,45,0,,,8.0,,,0,1,10.80589921017685,Unknown / Multi-State,,,,,Unknown,,
611979,Sabarmati  Setting up of Maintenance Facilities for Train Sets Phase ii,Railways,,Ministry of Railways,Western Railway (WR) - II,0,,250,,,103.21,,,2025-06-30,2026-03-31,,0,0,0,,,60,0,,,9.0,,,0,1,-5.897937298933953,Unknown / Multi-State,,,,,Unknown,,
617403,SADULPUR - CHURU  DOUBLING PROJECT,Railways,,Ministry of Railways,North Western Railway [NWR],0,,469,,,125.08,,,2026-06-30,,,0,0,0,,,50,0,,,0.0,,,0,0,0.7306609465075553,Unknown / Multi-State,,,,,Unknown,,
705527,Sagauli-Valmiknagar,Railways,,Ministry of Railways,East Central Railway [ECR] - I,0,,1216,2222.0,,2044.54,2018-01-03,,2025-12-24,2025-12-25,,0,0,0,,,91,0,,2018.0,0.0,1006.0,82.73026315789474,1,0,10.974572265809623,Unknown / Multi-State,,6.5,10.35,195.0,Post-RFCTLARR 2013 (High Compensation),545.0,7.920792079207928
400205,Sahjanwa-Dohrighat,Railways,,Ministry of Railways,North Eastern Railway (NER) - II,0,,1320,1319.75,,522.19,2019-02-08,,2029-03-31,2029-03-31,,0,0,0,,,3,0,,2019.0,0.0,-0.25,-0.01893939393939394,0,0,-3.287904599659297,Unknown / Multi-State,,5.15,9.2,230.0,Post-RFCTLARR 2013 (High Compensation),585.0,7.339449541284404
602797,"Sainthia, Sitarampur, Mughalsarai, Allahabad & Etawah - Bypass Line Project",Railways,,Ministry of Railways,Eastern Railway [ER] - I,0,,462,461.64,,178.45,2017-10-08,,2027-03-31,2027-03-27,,0,0,0,,,6,0,,2017.0,0.0,-0.36000000000001364,-0.07792207792208088,0,0,10.26683343756516,Unknown / Multi-State,,6.0,10.1,165.0,Post-RFCTLARR 2013 (High Compensation),505.0,8.602150537634401
400254,Sakri -Hasanpur [via Harnagar - Kusheshwar Asthan] New Railway line,Railways,,Ministry of Railways,East Central Railway [ECR] - I,0,,735,,,585.09,,,2024-12-31,2027-03-31,,0,0,0,,,81,0,,,26.9,,,0,1,-5.897937298933953,Unknown / Multi-State,,,,,Unknown,,
705363,Sakri-Hasanpur Road New  Rail Line Project,Railways,,Ministry of Railways,East Central Railway [ECR] - I,0,,735,735.0,,605.0,1999-01-04,,2024-12-31,2025-03-27,,0,0,0,,,78,0,,1999.0,2.8,0.0,0.0,0,1,,Unknown / Multi-State,,,,,Pre-RFCTLARR 2013 (Old 1894 Act),,
705526,Samastipur-Darbhanga Doubling Railway Project,Railways,,Ministry of Railways,East Central Railway [ECR] - I,0,,519,519.0,,354.98,,,2025-03-31,2025-10-31,,0,0,0,,,84,0,,,7.0,0.0,0.0,0,1,-12.69797674631511,Unknown / Multi-State,,,,,Unknown,,
611970,Samlaya Timba Road 54 km,Railways,,Ministry of Railways,PCE/WR,0,,670,670.17,,102.0,2023-03-02,,2030-03-31,2030-03-30,,0,0,0,,,12,0,,2023.0,-0.0,0.16999999999995907,0.0253731343283521,1,0,-5.897937298933953,Unknown / Multi-State,,6.5,9.8,375.0,Post-RFCTLARR 2013 (High Compensation),780.0,8.333333333333325
611971,Samni Jambusar 24 km,Railways,,Ministry of Railways,PCE/WR,0,,350,349.93,,67.73,2022-01-05,,2030-03-31,2030-03-30,,0,0,0,,,31,0,,2022.0,-0.0,-0.06999999999999318,-0.01999999999999805,0,0,10.80589921017685,Unknown / Multi-State,,6.25,9.2,330.0,Post-RFCTLARR 2013 (High Compensation),720.0,8.270676691729317
617390,Sardega -Bhalumuda New Double line [37.24 Km],Railways,,Ministry of Railways,SECR,0,,1282,,,128.0,2024-11-09,,2028-03-31,,,0,0,0,,,0,0,,2024.0,0.0,,,0,0,0.7306609465075553,Unknown / Multi-State,,6.5,9.85,420.0,Post-RFCTLARR 2013 (High Compensation),840.0,7.692307692307687
705659,Satna-Rewa Railway Line Doubling Project,Railways,,Ministry of Railways,West Central Railway [WCR] - II,0,,500,584.0,,545.71,2015-01-11,,2026-03-31,2026-03-31,,0,0,0,,,85,0,,2015.0,0.0,84.0,16.8,1,0,-12.69797674631511,Unknown / Multi-State,,6.75,11.1,115.0,Post-RFCTLARR 2013 (High Compensation),425.0,10.389610389610393
705912,Sawai Madhopur-Jaipur Railway Line Project,Railways,,Ministry of Railways,North Western Railway [NWR],0,,1204,,,109.85,,,2027-03-31,,,0,0,0,,,13,0,,,0.0,,,0,0,0.7306609465075553,Unknown / Multi-State,,,,,Unknown,,
706866,Sawaimadhopur Bye Pass Line Project,Railways,,Ministry of Railways,North Western Railway [NWR],0,,304,304.0,,134.0,2022-01-12,,2026-03-31,2027-05-27,,0,0,0,,,35,0,,2022.0,13.9,0.0,0.0,0,1,10.80589921017685,Unknown / Multi-State,,6.25,9.2,330.0,Post-RFCTLARR 2013 (High Compensation),720.0,8.270676691729317
617345,SER Upgradation of maintenance infrastructure at Shalimar into Vande Bharat Chair Car maintenance cum workshop depot.,Railways,,Ministry of Railways,South Eastern Railway - JH,0,,227,,,21.22,2024-04-03,,2026-10-22,,,0,0,0,,,20,0,,2024.0,0.0,,,0,0,0.7306609465075553,Unknown / Multi-State,,6.5,9.85,420.0,Post-RFCTLARR 2013 (High Compensation),840.0,7.692307692307687
705761,SHIMOGA - SHIKARIPURA - RANEBENNUR [96 Km],Railways,,Ministry of Railways,South Western Railway [SWR] - II,0,,1454,1454.0,,102.64,,,2027-12-01,2028-06-30,,0,0,0,,,14,0,,,7.0,0.0,0.0,0,1,-3.287904599659297,Unknown / Multi-State,,,,,Unknown,,
705432,Sivok-Rangpo New Rail Line,Railways,,Ministry of Railways,Indian Railway Construction International Limited [IRCON],0,,7877,11775.0,,10027.6,,,2015-05-31,2027-12-31,,0,0,0,,,90,0,,,151.0,3898.0,49.48584486479624,1,1,-3.3825944170771782,Unknown / Multi-State,,,,,Unknown,,
705735,Solapur-tuljapur-Osmanabad,Railways,,Ministry of Railways,Central Railway (CR) - II,0,,905,3295.74,,1134.58,,,2027-03-31,2028-03-28,,0,0,0,,,12,0,,,11.9,2390.74,264.17016574585637,1,1,10.974572265809623,Unknown / Multi-State,,,,,Unknown,,
705717,SRGM Machine Procurement Project,Railways,,Ministry of Railways,EDTK[MC]/RB,0,,440,,,390.03,2019-01-10,,2023-12-31,2026-03-31,,0,0,0,,,90,0,,2019.0,27.0,,,0,1,-3.287904599659297,Unknown / Multi-State,,5.15,9.2,230.0,Post-RFCTLARR 2013 (High Compensation),585.0,7.339449541284404
617333,Surface triangle line bet. Bhadura stn and new crossing stn Karma,Railways,,Ministry of Railways,East Central Railway [ECR] - I,0,,200,,,1.05,2022-06-10,,2027-02-28,,,0,0,0,,,0,0,,2022.0,0.0,,,0,0,10.80589921017685,Unknown / Multi-State,,6.25,9.2,330.0,Post-RFCTLARR 2013 (High Compensation),720.0,8.270676691729317
705743,Talcher-Angul  New Line with Y-Connection at Talcher,Railways,,Ministry of Railways,CAO/C/ECoR,0,,495,495.0,,29.5,2018-01-07,,2027-05-31,2028-05-31,,0,0,0,,,1,0,,2018.0,12.0,0.0,0.0,0,1,10.974572265809623,Unknown / Multi-State,,6.5,10.35,195.0,Post-RFCTLARR 2013 (High Compensation),545.0,7.920792079207928
705359,Talcher-Bimlagarh New Railway Line,Railways,,Ministry of Railways,East Coast Railway [ECoR] - II,0,,1928,1928.0,,1902.91,,,2025-03-31,2027-03-31,,0,0,0,,,47,0,,,24.0,0.0,0.0,0,1,,Unknown / Multi-State,,,,,Unknown,,
400273,Tarakeshwar-Bishnupur New Line [82.47 km],Railways,,Ministry of Railways,Eastern Railway [ER] - I,0,,1189,1542.0,,1287.05,,,2019-03-31,2026-02-28,,0,0,0,,,90,0,,,83.0,353.0,29.68881412952061,1,1,,Unknown / Multi-State,,,,,Unknown,,
400022,Taranga Hill-Abu Road via Ambaji,Railways,,Ministry of Railways,North Western Railway [NWR],0,,2798,2798.0,,1891.9,,,2030-07-31,2030-07-31,,0,0,0,,,14,0,,,0.0,0.0,0.0,0,0,10.80589921017685,Unknown / Multi-State,,,,,Unknown,,
705394,Tetlia-Byrnihat New Railway Line,Railways,,Ministry of Railways,Northeast Frontier Railway [NFR],0,,1305,1304.62,,1254.47,2010-05-08,,2011-11-30,2027-06-30,,0,0,0,,,86,0,,2010.0,187.0,-0.38000000000010914,-0.029118773946368515,0,1,8.65624291864946,Unknown / Multi-State,,6.25,10.5,32.0,Pre-RFCTLARR 2013 (Old 1894 Act),220.0,15.789473684210531
705613,Third Line [new] between Kazipet - Balharshah  with electrification [201.04 Km],Railways,,Ministry of Railways,South Central Railway [SCR] - II,0,,2595,3071.0,,3142.35,,,2025-01-31,2025-11-30,,0,0,0,,,92,0,,,10.0,476.0,18.34296724470135,1,1,0.6082214765100735,Unknown / Multi-State,,,,,Unknown,,
400234,Third Railway Line between Patratu-Sonnagar [281 kms],Railways,,Ministry of Railways,RVNL - II,0,,8975,8975.0,,4950.0,,,2026-03-31,2026-07-31,,0,0,0,,,88,0,,,4.0,0.0,0.0,0,1,0.6082214765100735,Unknown / Multi-State,,,,,Unknown,,
400275,Tindivanam-Nagari New Line Project [184.5 km],Railways,,Ministry of Railways,Southern Railway [SR] - II,0,,3631,3631.0,,1113.53,,,2016-09-30,2028-03-31,,0,0,0,,,18,0,,,138.0,0.0,0.0,0,1,11.44321093082834,Unknown / Multi-State,,,,,Unknown,,
617210,Tiupati Katpadi 104.39 kms,Railways,,Ministry of Railways,South Central Railway [SCR] - II,0,,1216,,,0.0,,,2029-03-31,,,0,0,0,,,0,0,,,0.0,,,0,0,1.889931456711258,Unknown / Multi-State,,,,,Unknown,,
705726,Track Machine Procurement Project,Railways,,Ministry of Railways,EDTK[MC]/RB,0,,6339,,,4166.47,,,2025-03-01,2028-01-31,,0,0,0,,,41,0,,,35.0,,,0,1,-0.5724854676765867,Unknown / Multi-State,,,,,Unknown,,
705635,Trivandrum- Kanyakumari,Railways,,Ministry of Railways,SR-ERS,0,,1432,3785.0,,2451.0,,,2024-03-31,2027-12-31,,0,0,0,,,46,0,,,45.0,2353.0,164.31564245810054,1,1,10.26683343756516,Unknown / Multi-State,,,,,Unknown,,
705496,Tumkur-Chitradurga-Davangere New Rail Line Project [191 km],Railways,,Ministry of Railways,South Western Railway [SWR] - II,0,,1876,1876.0,,436.37,,,2019-03-31,2027-12-31,,0,0,0,,,13,0,,,105.0,0.0,0.0,0,1,2.5739065560011376,Unknown / Multi-State,,,,,Unknown,,
617213,Varanasi-Pt. Deen Dayal Upadhyaya multitracking 15km including construction of new Rail-cum-Road Bridge across Ganga River.,Railways,,Ministry of Railways,Northern Railways,0,,2464,,,0.0,,,2029-10-30,,,0,0,0,,,0,0,,,0.0,,,0,0,0.7306609465075553,Unknown / Multi-State,,,,,Unknown,,
611938,Vijapur Ambliyasan 42 km,Railways,,Ministry of Railways,PCE/WR,0,,415,415.38,,364.0,2022-01-05,,2026-05-31,2026-05-31,,0,0,0,,,96,0,,2022.0,0.0,0.37999999999999545,0.09156626506023988,1,0,10.80589921017685,Unknown / Multi-State,,6.25,9.2,330.0,Post-RFCTLARR 2013 (High Compensation),720.0,8.270676691729317
705632,Vijayawada - Kazipet Byepass line,Railways,,Ministry of Railways,South Central Railway [SCR] - II,0,,647,904.0,,1048.58,,,2025-01-12,2025-12-31,,0,0,0,,,93,0,,,11.6,257.0,39.721792890262755,1,1,0.6082214765100735,Unknown / Multi-State,,,,,Unknown,,
705648,Vijaywada-Gudur 3rd Line,Railways,,Ministry of Railways,RVNL - II,0,,6654,6654.0,,6087.52,,,2024-11-30,2026-03-31,,0,0,0,,,94,0,,,16.0,0.0,0.0,0,1,0.6082214765100735,Unknown / Multi-State,,,,,Unknown,,
400253,Vizianagaram - Titlagarh 3rd line  [272 Km including By - pass line of 7.68 KM],Railways,,Ministry of Railways,RVNL - II,0,,4803,6669.91,,5722.01,2016-10-06,,2025-12-26,2025-12-26,,0,0,0,,,89,0,,2016.0,0.0,1866.9099999999999,38.8696647928378,1,0,0.6082214765100735,Unknown / Multi-State,,6.25,10.4,138.0,Post-RFCTLARR 2013 (High Compensation),465.0,9.411764705882364
705520,Vizianagaram-Sambhalpur 3rd Line Project,Railways,,Ministry of Railways,RVNL,0,,4803,,,2979.23,2016-10-06,,2025-03-31,,,0,0,0,,,0,0,,2016.0,0.0,,,0,0,0.6082214765100735,Unknown / Multi-State,,6.25,10.4,138.0,Post-RFCTLARR 2013 (High Compensation),465.0,9.411764705882364
705479,Wadsa-Gadchiroli,Railways,,Ministry of Railways,South East Central Railway,0,,1886,1886.0,,706.28,,,2027-03-31,2027-03-31,,0,0,0,,,49,0,,,0.0,0.0,0.0,0,0,10.26683343756516,Unknown / Multi-State,,,,,Unknown,,
705497,Wardha - Yavatmal Nanded Railway Line Project,Railways,,Ministry of Railways,Central Railways,0,,3445,4030.69,,3608.59,,,2026-12-31,,,0,0,0,,,47,0,,,0.0,585.69,17.001161103047895,1,0,11.44321093082834,Unknown / Multi-State,,,,,Unknown,,
400271,Wardha-Nanded Via Yavatmal New BG Line,Railways,,Ministry of Railways,Central Railway [CR] - II,0,,3445,3445.0,,3002.93,,,2025-03-28,2026-12-31,,0,0,0,,,50,0,,,21.1,0.0,0.0,0,1,10.26683343756516,Unknown / Multi-State,,,,,Unknown,,
705237,Western Dedicated Freight Corridor,Railways,,Ministry of Railways,DFCCIL,0,,51101,124005.0,,124623.0,,,2022-03-31,2025-12-31,,0,0,0,,,96,0,,,45.0,72904.0,142.6664840218391,1,1,11.44321093082834,Unknown / Multi-State,,,,,Unknown,,
611974,Western Railway Samakhiali Gandhidham Quadrupiling 53 Kms,Railways,,Ministry of Railways,Western Railway (WR) - II,0,,1430,,,220.11,,,2026-12-30,2027-06-30,,0,0,0,,,20,0,,,6.0,,,0,1,-5.897937298933953,Unknown / Multi-State,,,,,Unknown,,
611975,Western Railway Vasai bypass double line between Naigaon  Juchandra 6 km,Railways,,Ministry of Railways,PCE/WR,0,,176,,,0.0,,,2026-03-30,,,0,0,0,,,0,0,,,0.0,,,0,0,,Unknown / Multi-State,,,,,Unknown,,
705300,Western Region Video Surveillance Project,Railways,,Ministry of Railways,RCIL,0,,228,,,0.0,2020-01-06,,2023-12-31,,,0,0,0,,,0,0,,2020.0,0.0,,,0,0,-0.5724854676765867,Unknown / Multi-State,,4.0,7.8,260.0,Post-RFCTLARR 2013 (High Compensation),620.0,5.982905982905984
705720,WST Machine Procurement Project,Railways,,Ministry of Railways,EDTK[MC]/RB,0,,384,,,,2019-01-12,,2024-04-01,2026-12-31,,0,0,0,,,0,0,,2019.0,33.0,,,0,1,-3.287904599659297,Unknown / Multi-State,,5.15,9.2,230.0,Post-RFCTLARR 2013 (High Compensation),585.0,7.339449541284404
705708,WST Machine Procurement Project,Railways,,Ministry of Railways,EDTK[MC]/RB,0,,176,,,,2018-12-06,,2024-03-31,2027-12-31,,0,0,0,,,0,0,,2018.0,45.0,,,0,1,10.974572265809623,Unknown / Multi-State,,6.5,10.35,195.0,Post-RFCTLARR 2013 (High Compensation),545.0,7.920792079207928
703585,Yeshvanthpur - Channasandra Doubling Project [21.70 Km],Railways,,Ministry of Railways,Karnataka Rail Infrastructure Development Company Limited [K-RIDE],0,,314,314.0,,144.0,2019-01-04,,2024-12-31,2026-06-26,,0,0,0,,,59,0,,2019.0,17.8,0.0,0.0,0,1,-3.287904599659297,Unknown / Multi-State,,5.15,9.2,230.0,Post-RFCTLARR 2013 (High Compensation),585.0,7.339449541284404
603210,Development of Jodhpur Pali Marwar Industrial Area JPMIA in Rajasthan,Real Estate,,Department for Promotion of Industry & Internal Trade,National Industrial Corridor Development Corporation,0,,922,,,0.0,,,2028-07-27,,,0,0,0,,,1,0,,,0.0,,,0,0,0.7306609465075553,Unknown / Multi-State,,,,,Unknown,,
701668,Development of Palakkad Node under extension of CBIC to Kochi,Real Estate,,Department for Promotion of Industry & Internal Trade,National Industrial Corridor Development Corporation,0,,3805,,,0.0,,,2029-04-22,,,0,0,0,,,1,0,,,0.0,,,0,0,0.7306609465075553,Unknown / Multi-State,,,,,Unknown,,
601812,Development of Zaheerabad Node under Hyderabad Nagpur Industrial Corridor,Real Estate,,Department for Promotion of Industry & Internal Trade,National Industrial Corridor Development Corporation,0,,2360,,,0.0,,,2029-01-01,,,0,0,0,,,0,0,,,0.0,,,0,0,0.7306609465075553,Unknown / Multi-State,,,,,Unknown,,
707419,IMC at Prayagraj,Real Estate,,Department for Promotion of Industry & Internal Trade,National Industrial Corridor Development Corporation,0,,658,,,0.0,,,2028-12-15,,,0,0,0,,,6,0,,,0.0,,,0,0,0.7306609465075553,Unknown / Multi-State,,,,,Unknown,,
617729,Kopparthy Industrial Area,Real Estate,,Department for Promotion of Industry & Internal Trade,NICDC,0,,2136,,,39.75,,,2028-10-30,,,0,0,0,,,3,0,,,0.0,,,0,0,0.7306609465075553,Unknown / Multi-State,,,,,Unknown,,
701658,Krishnapatnam Node - Phase 1 - Roads and Services Development,Real Estate,,Department for Promotion of Industry & Internal Trade,National Industrial Corridor Development Corporation,0,,2139,,,857.05,,,2027-02-13,,,0,0,0,,,41,0,,,0.0,,,0,0,-0.5724854676765867,Unknown / Multi-State,,,,,Unknown,,
617727,Orvakal Industrial Area,Real Estate,,Department for Promotion of Industry & Internal Trade,NICDC,0,,2786,,,112.0,,,2028-10-30,,,0,0,0,,,6,0,,,0.0,,,0,0,0.7306609465075553,Unknown / Multi-State,,,,,Unknown,,
701657,Tumakuru Node - Phase 1 - Roads and Services Development,Real Estate,,Department for Promotion of Industry & Internal Trade,National Highways & Infrastructure Development Corporation Ltd. [NHIDCL],0,,1702,,,300.46,,,2026-09-21,2027-09-21,,0,0,0,,,24,0,,,12.0,,,0,1,-0.5724854676765867,Unknown / Multi-State,,,,,Unknown,,
702524,Affordable Housing Construction Project in Chhattisgarh,Real Estate,,Ministry of Housing & Urban Affairs,"PMAY, Ministry of Housing and Urban Affairs",0,,3798,,,2694.0,,,2024-03-31,,,0,0,0,,,0,0,,,0.0,,,0,0,,Unknown / Multi-State,,,,,Unknown,,
701766,Green Building Development Project,Real Estate,,Ministry of Housing & Urban Affairs,ministry of housing and urban affairs,0,,151,206.0,,54.01,2019-07-11,,2023-11-23,2026-12-31,,0,0,0,,,40,0,,2019.0,37.3,55.0,36.423841059602644,1,1,-3.287904599659297,Unknown / Multi-State,,5.15,9.2,230.0,Post-RFCTLARR 2013 (High Compensation),585.0,7.339449541284404
702522,In-Situ Slum Redevelopment Project in Bihar,Real Estate,,Ministry of Housing & Urban Affairs,"PMAY, Ministry of Housing and Urban Affairs",0,,455,,,204.64,,,2024-03-31,,,0,0,0,,,0,0,,,0.0,,,0,0,,Unknown / Multi-State,,,,,Unknown,,
702540,In-Situ Slum Redevelopment Project in Gujarat,Real Estate,,Ministry of Housing & Urban Affairs,"PMAY, Ministry of Housing and Urban Affairs",0,,5477,,,3035.81,,,2024-03-31,,,0,0,0,,,0,0,,,0.0,,,0,0,,Unknown / Multi-State,,,,,Unknown,,
702544,In-Situ Slum Redevelopment Project in Haryana,Real Estate,,Ministry of Housing & Urban Affairs,"PMAY, Ministry of Housing and Urban Affairs",0,,286,,,127.58,,,2024-03-31,,,0,0,0,,,0,0,,,0.0,,,0,0,,Unknown / Multi-State,,,,,Unknown,,
702555,In-Situ Slum Redevelopment Project in Jharkhand,Real Estate,,Ministry of Housing & Urban Affairs,"PMAY, Ministry of Housing and Urban Affairs",0,,213,,,41.0,,,2024-03-31,,,0,0,0,,,0,0,,,0.0,,,0,0,,Unknown / Multi-State,,,,,Unknown,,
702612,In-Situ Slum Redevelopment Project in Uttar Pradesh,Real Estate,,Ministry of Housing & Urban Affairs,"PMAY, Ministry of Housing and Urban Affairs",0,,577,,,141.94,,,2024-03-31,,,0,0,0,,,0,0,,,0.0,,,0,0,,Unknown / Multi-State,,,,,Unknown,,
707229,"Integrated Command control Center [ICCC] - Construction and Development of Integrated Command Control Center with Security, Surveillance, ITMS, Connecting  Port, Ship Service, Smart Solid Waste Management, Smart Public Transport System",Real Estate,,Ministry of Housing & Urban Affairs,ministry of housing and urban affairs,0,,210,230.0,,37.35,,,2023-05-31,2025-10-31,,0,0,0,,,97,0,,,29.0,20.0,9.523809523809524,1,1,26.733988838692536,Unknown / Multi-State,,,,,Unknown,,
400188,Redevelopment of Seven General Pool Residential Accommodation [GPRA] Colonies in Delhi,Real Estate,,Ministry of Housing & Urban Affairs,National Buildings Construction Corporation [NBCC],0,,32850,32841.0,,12339.0,2016-05-07,,2025-12-31,2025-12-31,,0,0,0,,,43,0,,2016.0,0.0,-9.0,-0.0273972602739726,0,0,0.6082214765100735,Unknown / Multi-State,,6.25,10.4,138.0,Post-RFCTLARR 2013 (High Compensation),465.0,9.411764705882364
701719,Rehablitation in Junavadaj Area Smart City Project,Real Estate,,Ministry of Housing & Urban Affairs,ministry of housing and urban affairs,0,,539,,,599.76,,,2022-07-07,2026-05-31,,0,0,0,,,98,0,,,46.8,,,0,1,0.6082214765100735,Unknown / Multi-State,,,,,Unknown,,
701576,Berth No. 2 [previously Berth 3] of HDC Mechanization Project,Shipping,,"Ministry of Ports, Shipping and Waterways","Haldia Dock Complex, Syama Prasad Mookerjee Port Authority",0,,298,298.26,,457.85,,,2025-09-30,2026-01-13,,0,0,0,,,99,0,,,3.4,0.2599999999999909,0.08724832214764795,1,1,10.80589921017685,Unknown / Multi-State,,,,,Unknown,,
701564,"Construction of new dry dock at exisitng Cochin Shipyard Limited premises at Perumanoor, Kochi 682 015",Shipping,,"Ministry of Ports, Shipping and Waterways",Cochin Shipyard,0,,1799,,,1558.39,,,2022-12-31,2025-03-31,,0,0,0,,,96,0,,,27.0,,,0,1,10.974572265809623,Unknown / Multi-State,,,,,Unknown,,
701574,Deepening and Optimization of Inner Harbour facilities including development of Western Dock on BOT basis to handle Cape size vessels,Shipping,,"Ministry of Ports, Shipping and Waterways",Paradip Port Trust [PPT],0,,3005,,,1149.79,,,2027-12-31,2028-10-16,,0,0,0,,,40,0,,,9.5,,,0,1,10.80589921017685,Unknown / Multi-State,,,,,Unknown,,
619229,"Integrated development of Outer Container Terminal and berth No. 1 though 5 NSD at KDS, SMPK on DBFOT basis through PPP mode",Shipping,,"Ministry of Ports, Shipping and Waterways",Syama Prasad Mookerjee Port Kolkata,0,,832,,,0.0,,,2028-08-28,,,0,0,0,,,0,0,,,0.0,,,0,0,1.889931456711258,Unknown / Multi-State,,,,,Unknown,,
617804,Mechanization of Berth No.14 for handling Containers and other cargo on DBFOT basis - Phase II,Shipping,,"Ministry of Ports, Shipping and Waterways",New Mangalore Port Authority,0,,153,,,24.0,,,2027-03-31,,,0,0,0,,,33,0,,,0.0,,,0,0,-5.897937298933953,Unknown / Multi-State,,,,,Unknown,,
708655,Operationalization of Coastal Berth & Shallow Water Berth through PPP,Shipping,,"Ministry of Ports, Shipping and Waterways",Jawaharlal Nehru Port Authority [JNPA],0,,367,,,188.46,,,2026-01-31,,,0,0,0,,,25,0,,,0.0,,,0,0,,Unknown / Multi-State,,,,,Unknown,,
400382,Rewas Port Project,Shipping,,"Ministry of Ports, Shipping and Waterways",Reliance Industries Ltd,0,,6000,,,5999.89,,,2023-03-31,,,0,0,0,,,88,0,,,0.0,,,0,0,-3.287904599659297,Unknown / Multi-State,,,,,Unknown,,
701586,Setting up of a Floating Storage and Regasification Unit [FSRU] - Mumbai,Shipping,,"Ministry of Ports, Shipping and Waterways",Mumbai Port Trust [MPT],0,,900,,,65.0,,,2026-11-11,2026-11-11,,0,0,0,,,0,0,,,0.0,,,0,0,-0.5724854676765867,Unknown / Multi-State,,,,,Unknown,,
701577,Shalukkhali Liquid Cargo Handling Facility Development Project,Shipping,,"Ministry of Ports, Shipping and Waterways","Haldia Dock Complex, Syama Prasad Mookerjee Port Authority",0,,254,253.65,,9.28,2022-01-01,,2025-08-31,,,0,0,0,,,0,0,,2022.0,0.0,-0.3499999999999943,-0.13779527559054894,0,0,10.80589921017685,Unknown / Multi-State,,6.25,9.2,330.0,Post-RFCTLARR 2013 (High Compensation),720.0,8.270676691729317
709827,CONSTRUCTION OF RESIDENTIAL TOWERS AT BIOM KIRANDUL COMPLEX,Steel,,Ministry of Steel,National Mineral Development Corporation Limited [NMDC],0,,350,,,309.3,,,2025-12-31,2026-02-28,,0,0,0,,,99,0,,,1.9,,,0,1,26.733988838692536,Unknown / Multi-State,,,,,Unknown,,
400121,"Construction of Screening Plant-II for Donimalai and Kumaraswamy Iron Ore Mining Complex of NMDC Limited at Ballari Dt, Karnataka.",Steel,,Ministry of Steel,National Mineral Development Corporation Limited [NMDC],0,,1044,,,214.48,,,2026-08-25,,,0,0,0,,,25,0,,,0.0,,,0,0,-0.6909719065369746,Unknown / Multi-State,,,,,Unknown,,
400065,Installation of 4th Slab Caster along with its Auxiliaries and a New Ladle Furnace in SMS-II at Rourkela Steel Plant,Steel,,Ministry of Steel,Steel Authority of India Limited [SAIL],0,,1105,,,736.47,,,2025-05-15,2025-07-15,,0,0,0,,,96,0,,,2.0,,,0,1,10.80589921017685,Unknown / Multi-State,,,,,Unknown,,
617242,Installation of New Bar Mill at Durgapur Steel Plant,Steel,,Ministry of Steel,Steel Authority of India Limited [SAIL],0,,2115,,,206.67,2024-07-09,,2027-06-30,,,0,0,0,,,24,0,,2024.0,0.0,,,0,0,0.7306609465075553,Unknown / Multi-State,,6.5,9.85,420.0,Post-RFCTLARR 2013 (High Compensation),840.0,7.692307692307687
400174,"New Sinter Plant at BSL, SAIL",Steel,,Ministry of Steel,Steel Authority of India Limited [SAIL],0,,1034,1752.3,,1006.59,,,2017-10-31,2027-06-30,,0,0,0,,,64,0,,,115.9,718.3,69.46808510638297,1,1,-12.69797674631511,Unknown / Multi-State,,,,,Unknown,,
706811,NMDC Slurry Pipeline Project Phase-1,Steel,,Ministry of Steel,National Mineral Development Corporation Limited [NMDC],0,,2907,5427.0,,3603.64,2015-10-11,,2023-06-30,2026-04-30,,0,0,0,,,94,0,,2015.0,34.0,2520.0,86.687306501548,1,1,-12.69797674631511,Unknown / Multi-State,,6.75,11.1,115.0,Post-RFCTLARR 2013 (High Compensation),425.0,10.389610389610393
612781,Rebuilding of COB 4 at Durgapur Steel Plant,Steel,,Ministry of Steel,Steel Authority of India Limited [SAIL],0,,917,,,190.28,2023-11-09,,2026-12-08,2027-09-30,,0,0,0,,,33,0,,2023.0,9.7,,,0,1,-5.897937298933953,Unknown / Multi-State,,6.5,9.8,375.0,Post-RFCTLARR 2013 (High Compensation),780.0,8.333333333333325
617257,Rebuilding of Coke Oven Battery No.6 at Bokaro Steel Plant,Steel,,Ministry of Steel,Steel Authority of India Limited [SAIL],0,,627,,,342.26,,,2026-11-15,2027-11-30,,0,0,0,,,66,0,,,12.5,,,0,1,-5.897937298933953,Unknown / Multi-State,,,,,Unknown,,
617256,Rebuilding of Coke Oven Battery No.7 & 8 at Bhilai Steel Plant,Steel,,Ministry of Steel,Steel Authority of India Limited [SAIL],0,,884,,,607.98,,,2025-10-31,2026-09-30,,0,0,0,,,91,0,,,11.0,,,0,1,-5.897937298933953,Unknown / Multi-State,,,,,Unknown,,
617255,"Replacement of Converter Vessels, Trunnion Rings, Support System & Installation of Secondary Emission at Bhilai Steel Plant",Steel,,Ministry of Steel,Steel Authority of India Limited [SAIL],0,,472,,,257.18,,,2026-06-14,2026-09-30,,0,0,0,,,69,0,,,3.5,,,0,1,-5.897937298933953,Unknown / Multi-State,,,,,Unknown,,
617249,Replacement of existing Grinders in CRM-I & II at Bokaro Steel Plant,Steel,,Ministry of Steel,Steel Authority of India Limited [SAIL],0,,212,,,15.04,,,2027-01-27,,,0,0,0,,,10,0,,,0.0,,,0,0,1.889931456711258,Unknown / Multi-State,,,,,Unknown,,
617243,Replacement of Hot Leveller No.1 of Plate Mill at Bhilai Steel Plant,Steel,,Ministry of Steel,Steel Authority of India Limited [SAIL],0,,199,,,10.53,,,2026-07-29,,,0,0,0,,,8,0,,,0.0,,,0,0,0.7306609465075553,Unknown / Multi-State,,,,,Unknown,,
617254,Replacement of remaining 04 sets  of Battery Cyclones with 04 Nos. of ESPs in Sinter Plant-1 at Bokaro Steel Plant,Steel,,Ministry of Steel,Steel Authority of India Limited [SAIL],0,,260,,,102.86,,,2026-06-29,2027-04-30,,0,0,0,,,44,0,,,10.0,,,0,1,0.7306609465075553,Unknown / Multi-State,,,,,Unknown,,
617251,Revamping of Air Pollution Control Systems of SP-1 at Durgapur Steel Plant,Steel,,Ministry of Steel,Steel Authority of India Limited [SAIL],0,,196,,,65.5,2024-11-07,,2026-05-27,2026-08-31,,0,0,0,,,32,0,,2024.0,3.2,,,0,1,0.7306609465075553,Unknown / Multi-State,,6.5,9.85,420.0,Post-RFCTLARR 2013 (High Compensation),840.0,7.692307692307687
617253,Revamping of old sub-systems of Blast Furnace 3 at Bokaro Steel Plant,Steel,,Ministry of Steel,Steel Authority of India Limited [SAIL],0,,514,,,364.76,2023-09-08,,2025-07-03,2026-05-30,,0,0,0,,,84,0,,2023.0,10.9,,,0,1,-5.897937298933953,Unknown / Multi-State,,6.5,9.8,375.0,Post-RFCTLARR 2013 (High Compensation),780.0,8.333333333333325
709826,SCREENING PLANT-III AT KIRANDUL,Steel,,Ministry of Steel,National Mineral Development Corporation Limited [NMDC],0,,2719,,,1430.03,,,2026-01-31,2027-07-31,,0,0,0,,,80,0,,,17.9,,,0,1,-3.3825944170771782,Unknown / Multi-State,,,,,Unknown,,
617250,Secondary Emission Control in Converters of SMS-II at Bokaro Steel Plant,Steel,,Ministry of Steel,Steel Authority of India Limited [SAIL],0,,207,,,70.84,,,2026-10-25,2027-04-30,,0,0,0,,,43,0,,,6.1,,,0,1,1.889931456711258,Unknown / Multi-State,,,,,Unknown,,
617338,Stamp Charge Battery No.12 Battery Proper at IISCO Steel Plant,Steel,,Ministry of Steel,Steel Authority of India Limited [SAIL],0,,2518,,,152.23,,,2028-07-20,,,0,0,0,,,4,0,,,0.0,,,0,0,1.889931456711258,Unknown / Multi-State,,,,,Unknown,,
617248,Third Ladle Furnace in Secondary Refinery Unit at IISCO Steel Plant,Steel,,Ministry of Steel,Steel Authority of India Limited [SAIL],0,,228,,,103.97,,,2026-07-17,2026-11-30,,0,0,0,,,75,0,,,4.5,,,0,1,0.7306609465075553,Unknown / Multi-State,,,,,Unknown,,
617246,Up-gradation of Blast Furnace No. 3 at Durgapur Steel Plant,Steel,,Ministry of Steel,Steel Authority of India Limited [SAIL],0,,758,,,213.61,2024-09-09,,2026-06-07,2027-10-31,,0,0,0,,,34,0,,2024.0,16.8,,,0,1,0.7306609465075553,Unknown / Multi-State,,6.5,9.85,420.0,Post-RFCTLARR 2013 (High Compensation),840.0,7.692307692307687
701600,354 Uncovered Villages Scheme,Telecommunication,,Department of Telecommunications,Department of Telecommunications [DoT],0,,337,301.13,,225.71,,,2021-10-27,2025-08-31,,0,0,0,,,97,0,,,46.1,-35.870000000000005,-10.643916913946589,0,1,-3.287904599659297,Unknown / Multi-State,,,,,Unknown,,
701593,4G Services by BSNL,Telecommunication,,Department of Telecommunications,Department of Telecommunications [DoT],0,,28466,19592.0,,8332.52,2020-01-11,,2024-03-31,2026-03-31,,0,0,0,,,92,0,,2020.0,24.0,-8874.0,-31.174032178739548,0,1,-0.5724854676765867,Unknown / Multi-State,,4.0,7.8,260.0,Post-RFCTLARR 2013 (High Compensation),620.0,5.982905982905984
704495,"502 Aspirational District Scheme in Four states - Bihar, Madhya Pradesh, Rajastha and Uttar Pradesh",Telecommunication,,Department of Telecommunications,Department of Telecommunications [DoT],0,,422,228.94,,152.96,,,2022-03-16,2026-06-21,,0,0,0,,,99,0,,,51.2,-193.06,-45.74881516587678,0,1,-3.287904599659297,Unknown / Multi-State,,,,,Unknown,,
108841,"Amended BharatNet Program - KTK, GOA, PY",Telecommunication,,Department of Telecommunications,Department of Telecommunications,0,,3742,,,435.31,2023-04-08,,2028-06-16,,,0,0,0,,,0,0,,2023.0,0.0,,,0,0,-5.897937298933953,Unknown / Multi-State,,6.5,9.8,375.0,Post-RFCTLARR 2013 (High Compensation),780.0,8.333333333333325
222253,Amended BharatNet Program - UP (East),Telecommunication,,Department of Telecommunications,Department of Telecommunications,0,,5008,,,502.0,2023-04-08,,2028-02-19,,,0,0,0,,,0,0,,2023.0,0.0,,,0,0,-5.897937298933953,Unknown / Multi-State,,6.5,9.8,375.0,Post-RFCTLARR 2013 (High Compensation),780.0,8.333333333333325
708687,Amended BharatNet Program - UP (West),Telecommunication,,Department of Telecommunications,Department of Telecommunications,0,,1917,,,183.16,2023-04-08,,2028-02-19,,,0,0,0,,,0,0,,2023.0,0.0,,,0,0,-5.897937298933953,Unknown / Multi-State,,6.5,9.8,375.0,Post-RFCTLARR 2013 (High Compensation),780.0,8.333333333333325
706775,BharatNet,Telecommunication,,Department of Telecommunications,Department of Telecommunications [DoT],0,,61109,188000.0,,41486.1,,,2023-08-31,2027-03-31,,0,0,0,,,81,0,,,43.0,126891.0,207.64699144152252,1,1,10.26683343756516,Unknown / Multi-State,,,,,Unknown,,
617413,Mobile connectivity in Left Wing Extremism [LWE] affected areas-Phase 1 Upgradation,Telecommunication,,Department of Telecommunications,Department of Telecommunications [DoT],0,,1885,,,100.0,,,2025-05-08,2025-11-08,,0,0,0,,,55,0,,,6.0,,,0,1,10.80589921017685,Unknown / Multi-State,,,,,Unknown,,
701599,Mobile connectivity in Left Wing Extremism [LWE] affected areas-Phase2,Telecommunication,,Department of Telecommunications,Department of Telecommunications [DoT],0,,1578,604.6,,480.91,,,2023-03-31,2026-11-08,,0,0,0,,,88,0,,,43.3,-973.4,-61.68567807351077,0,1,10.974572265809623,Unknown / Multi-State,,,,,Unknown,,
709856,MPLS-IP BASED ACCESS AND AGGREGATION NETWORK [MAAN] IN BSNL ALONG WITH TEST AND MEASURING EQUIPMENT,Telecommunication,,Department of Telecommunications,BSNL,0,,645,,,377.59,,,2024-08-31,2026-06-30,,0,0,0,,,92,0,,,21.9,,,0,1,-5.897937298933953,Unknown / Multi-State,,,,,Unknown,,
709858,OPTICAL TRANSPORT NETWORK [OTN] PH-4 IN BSNL,Telecommunication,,Department of Telecommunications,BSNL,0,,811,,,786.3,,,2025-08-15,2025-11-30,,0,0,0,,,100,0,,,3.5,,,0,1,0.7306609465075553,Unknown / Multi-State,,,,,Unknown,,
709749,PHASE-I OF CONSOLIDATION OF EXISTING CDR DATA CENTERS AND NIB-P3 DATA CENTERS WITH STATE OF THE ART,Telecommunication,,Department of Telecommunications,BSNL,0,,461,,,166.02,,,2021-06-18,2025-12-31,,0,0,0,,,81,0,,,54.4,,,0,1,-0.5724854676765867,Unknown / Multi-State,,,,,Unknown,,
709857,"Planning, Engineering, Supply, Installation, Testing, Commissioning, Integration & Annual Maintenance of 4G mobile network at 1 Lakh sites on PAN India basis including Mumbai & Delhi LSA on turnkey basis under Phase IX.2 Project.",Telecommunication,,Department of Telecommunications,BSNL,0,,24545,,,8472.04,2023-08-05,,2025-06-21,2026-09-30,,0,0,0,,,98,0,,2023.0,15.3,,,0,1,-5.897937298933953,Unknown / Multi-State,,6.5,9.8,375.0,Post-RFCTLARR 2013 (High Compensation),780.0,8.333333333333325
701602,"Provision of 4G based mobile services in 7,287 uncovered villages of 44 Aspirational District across 5 states of Andhra Pradesh, Chhattisgarh, Jharkhand, Maharashtra & Odisha",Telecommunication,,Department of Telecommunications,Department of Telecommunications [DoT],0,,3685,1448.61,,1100.41,,,2023-11-19,2027-01-14,,0,0,0,,,81,0,,,37.8,-2236.3900000000003,-60.68900949796473,0,1,26.733988838692536,Unknown / Multi-State,,,,,Unknown,,
701598,Provision of 4G based Mobile Services in Uncovered Villages and National Highways of Meghalaya,Telecommunication,,Department of Telecommunications,Department of Telecommunications,0,,972,180.46,,167.23,,,2022-03-03,2026-06-30,,0,0,0,,,100,0,,,51.9,-791.54,-81.43415637860082,0,1,-3.287904599659297,Unknown / Multi-State,,,,,Unknown,,
701597,Provision of 4G Mobile Services in Uncovered Villages of Arunachal Pradesh and 2 Districts of Assam,Telecommunication,,Department of Telecommunications,Department of Telecommunications,0,,1255,276.62,,237.98,2020-09-12,,2023-04-30,2026-09-30,,0,0,0,,,100,0,,2020.0,41.0,-978.38,-77.95856573705179,0,1,-0.5724854676765867,Unknown / Multi-State,,4.0,7.8,260.0,Post-RFCTLARR 2013 (High Compensation),620.0,5.982905982905984
400013,Saturation 4G mobile coverage of Uncovered Villages through USOF,Telecommunication,,Department of Telecommunications,Department of Telecommunications [DoT],0,,26316,15392.8,,8553.1,,,2024-06-20,2027-03-31,,0,0,0,,,85,0,,,33.3,-10923.2,-41.507827937376504,0,1,10.80589921017685,Unknown / Multi-State,,,,,Unknown,,
709859,SETTING UP OF PHYSICAL INFRASTRUCTURE FOR THE NATIONAL INSTITUTE OF COMMUNICATION FINANCE [NICF] AT GHITORNI,Telecommunication,,Department of Telecommunications,National Communication Academy - Finance (Erstwhile NICF),0,,248,,,236.91,2014-09-10,,2020-02-17,2026-06-30,,0,0,0,,,98,0,,2014.0,76.4,,,0,1,-0.6909719065369746,Unknown / Multi-State,,8.0,12.0,92.0,Post-RFCTLARR 2013 (High Compensation),385.0,13.235294117647056
709855,SUPER EDGE ROUTERS FOR BSNL INTERNET PROTOCOL - MULTI PROTOCOL LEBEL SWITCHING [IPMPLS] NETWORK,Telecommunication,,Department of Telecommunications,BSNL,0,,240,,,179.63,,,2024-03-15,2025-03-01,,0,0,0,,,100,0,,,11.5,,,0,1,,Unknown / Multi-State,,,,,Unknown,,
400429,Exhibition cum Convention Centre Dwarka [Phase I],"Tourism, Hospitality & Wellness",,Department for Promotion of Industry & Internal Trade,India International Convention & Expo Centre,0,,5178,5401.0,,4470.0,,,2019-10-20,2025-01-31,,0,0,0,,,97,0,,,63.4,223.0,4.306682116647354,1,1,10.26683343756516,Unknown / Multi-State,,,,,Unknown,,
707215,National Maritime Heritage Complex [NMHC] Phase-I,"Tourism, Hospitality & Wellness",,"Ministry of Ports, Shipping and Waterways",Indian Port Rail & Ropeway Corporation Ltd. [IPRCL],0,,573,1238.05,,487.35,,,2024-03-31,2025-09-30,,0,0,0,,,66,0,,,18.0,665.05,116.06457242582897,1,1,-3.287904599659297,Unknown / Multi-State,,,,,Unknown,,
615337,Additional Transmission System for evacuation of Power from Bhadla-III PS as part of Rajasthan REZ Phase III Scheme [20 GW] [SPV Name POWERGRID Bhadla-III Power Transmission Limited],Transmission & Distribution,,Ministry of Power,Power Grid Corporation of India Limited [POWERGRID],0,,369,,,206.64,,,2026-02-27,2026-09-30,,0,0,0,,,59,0,,,7.1,,,0,1,0.7306609465075553,Unknown / Multi-State,,,,,Unknown,,
617181,"Augmentation at Fatehgarh-II PS, Fatehgarh-IV PS [Section-II] and Barmer-I PS [POWERGRID Fatehgarh Barmer Augmentation Transmission Limited]",Transmission & Distribution,,Ministry of Power,Power Grid Corporation of India Limited [POWERGRID],0,,404,,,26.26,,,2026-12-20,2027-06-30,,0,0,0,,,7,0,,,6.3,,,0,1,1.889931456711258,Unknown / Multi-State,,,,,Unknown,,
612856,Augmentation of 1x1500 MVA 3rd  765/400 kV transformation capacity at Kurnool New Substation,Transmission & Distribution,,Ministry of Power,Power Grid Corporation of India Limited [POWERGRID],0,,164,,,50.72,2023-01-05,,2025-09-26,2025-11-30,,0,0,0,,,39,0,,2023.0,2.1,,,0,1,-5.897937298933953,Unknown / Multi-State,,6.5,9.8,375.0,Post-RFCTLARR 2013 (High Compensation),780.0,8.333333333333325
619028,Augmentation of 1x500 MVA 400/220kV ICT [3rd] at Thrissur VSC HVDC Station in Kerala,Transmission & Distribution,,Ministry of Power,Power Grid Corporation of India Limited [POWERGRID],0,,173,,,0.9,,,2027-08-21,,,0,0,0,,,0,0,,,0.0,,,0,0,1.889931456711258,Unknown / Multi-State,,,,,Unknown,,
617182,Augmentation of Banaskantha [Raghanesda] PS [GIS] [POWERGRID Banaskantha Transco Limited],Transmission & Distribution,,Ministry of Power,Power Grid Corporation of India Limited [POWERGRID],0,,172,,,1.72,,,2027-03-23,,,0,0,0,,,0,0,,,0.0,,,0,0,1.889931456711258,Unknown / Multi-State,,,,,Unknown,,
617802,Augmentation of Transformation Capacity and Implementation of Line Bays at  Mandsaur S/S for RE Interconnection [SPV Name- POWERGRID Mandsaur I RE Transmission Limited],Transmission & Distribution,,Ministry of Power,Power Grid Corporation of India Limited [POWERGRID],0,,319,,,0.1,2025-08-10,,2028-03-30,,,0,0,0,,,0,0,,2025.0,0.0,,,0,0,1.889931456711258,Unknown / Multi-State,,6.25,9.5,465.0,Post-RFCTLARR 2013 (High Compensation),895.0,6.547619047619047
617391,Augmentation of Transformation Capacity at Bhuj-II PS [GIS],Transmission & Distribution,,Ministry of Power,Power Grid Corporation of India Limited [POWERGRID],0,,488,,,4.88,,,2026-11-23,2027-06-30,,0,0,0,,,1,0,,,7.2,,,0,1,1.889931456711258,Unknown / Multi-State,,,,,Unknown,,
615342,Augmentation of Transformation Capacity at jam Khambhaliya PS [GIS] [SPV Name POWERGRID Jam Khambhaliya Transmission Limited],Transmission & Distribution,,Ministry of Power,Power Grid Corporation of India Limited [POWERGRID],0,,329,,,23.03,,,2026-07-14,2027-04-30,,0,0,0,,,8,0,,,9.5,,,0,1,0.7306609465075553,Unknown / Multi-State,,,,,Unknown,,
617069,Augmentation of Transformation Capacity at KPS1 [GIS] and KPS2 [GIS] [Phase-V Part B1 and Part B2 Scheme]  [SPV Name- POWERGRID KPS1 and 2 Augmentation Transmission Limited],Transmission & Distribution,,Ministry of Power,Power Grid Corporation of India Limited [POWERGRID],0,,466,,,111.84,,,2027-02-17,,,0,0,0,,,30,0,,,0.0,,,0,0,1.889931456711258,Unknown / Multi-State,,,,,Unknown,,
617068,"Augmentation of Transformation Capacity by 3x500 MVA, 400/220 KV ICTS [6th-8th] and 1x1500 MVA, 765/400 KV ICT [4th] at Bidar PS  [SPV Name- POWERGRID Bidar Augmentation Transmission Limited]",Transmission & Distribution,,Ministry of Power,Power Grid Corporation of India Limited [POWERGRID],0,,288,,,11.52,,,2027-06-30,,,0,0,0,,,4,0,,,0.0,,,0,0,1.889931456711258,Unknown / Multi-State,,,,,Unknown,,
602223,Comprehensive Scheme for Strengthening of Transmission and Distribution [T&D] Systems [CSST&DS] in Arunachal Pradesh and Sikkim,Transmission & Distribution,,Ministry of Power,Power Grid Corporation of India Limited [POWERGRID],0,,4754,9129.32,,7462.2,,,2018-12-19,2027-03-31,,0,0,0,,,81,0,,,99.3,4375.32,92.03449726546066,1,1,26.733988838692536,Unknown / Multi-State,,,,,Unknown,,
617271,Eastern Region  Expansion Scheme-43 [ERES-43],Transmission & Distribution,,Ministry of Power,Power Grid Corporation of India Limited [POWERGRID],0,,343,,,0.7,2024-02-09,,2026-03-01,2026-06-30,,0,0,0,,,0,0,,2024.0,4.0,,,0,1,0.7306609465075553,Unknown / Multi-State,,6.5,9.85,420.0,Post-RFCTLARR 2013 (High Compensation),840.0,7.692307692307687
617270,Eastern Region  Expansion Scheme-44 [ERES-44],Transmission & Distribution,,Ministry of Power,Power Grid Corporation of India Limited [POWERGRID],0,,409,,,0.32,,,2026-05-24,2026-06-30,,0,0,0,,,0,0,,,1.2,,,0,1,0.7306609465075553,Unknown / Multi-State,,,,,Unknown,,
611660,Establishment of Khavda Pooling Station-2 KPS2 in Khavda RE Park KPS2 TRANSMISSION SYSTEM LIMITED,Transmission & Distribution,,Ministry of Power,Power Grid Corporation of India Limited [POWERGRID],0,,967,,,936.24,,,2024-12-31,2025-11-30,,0,0,0,,,97,0,,,11.0,,,0,1,-5.897937298933953,Unknown / Multi-State,,,,,Unknown,,
617272,Implementation of LILO of both circuits of 400KV vindhyachal PS-Sasan D/C Line at Hindalco Switchyard,Transmission & Distribution,,Ministry of Power,Power Grid Corporation of India Limited [POWERGRID],0,,370,,,1.0,2024-07-06,,2026-12-06,,,0,0,0,,,1,0,,2024.0,0.0,,,0,0,0.7306609465075553,Unknown / Multi-State,,6.5,9.85,420.0,Post-RFCTLARR 2013 (High Compensation),840.0,7.692307692307687
617326,Implementation of Transmission Systems in the State of Jharkhand consisting of 400/220/132/33 kV transmission lines and substations under Jharkhand Consultancy Project,Transmission & Distribution,,Ministry of Power,Power Grid Corporation of India Limited [POWERGRID],0,,1842,,,1648.05,,,2026-03-31,2026-08-31,,0,0,0,,,95,0,,,5.0,,,0,1,7.229999999999981,Unknown / Multi-State,,,,,Unknown,,
617807,Inter-regional [NR-WR] Transmission System strengthening to relieve the loading of 765 kV Vindhyachal-Varanasi D/c line,Transmission & Distribution,,Ministry of Power,Power Grid Corporation of India Limited [POWERGRID],0,,2368,,,0.1,,,2027-10-16,,,0,0,0,,,0,0,,,0.0,,,0,0,1.889931456711258,Unknown / Multi-State,,,,,Unknown,,
619030,Inter-Regional Strengthening between SR Grid and ER Grid,Transmission & Distribution,,Ministry of Power,Power Grid Corporation of India Limited [POWERGRID],0,,2722,,,13.4,2026-03-02,,2028-08-03,,,0,0,0,,,1,0,,2026.0,0.0,,,0,0,1.6785317745412032,Unknown / Multi-State,,6.0,9.2,510.0,Post-RFCTLARR 2013 (High Compensation),950.0,6.145251396648055
617808,Inter-Regional Strengthening between SR Grid and WR Grid,Transmission & Distribution,,Ministry of Power,Power Grid Corporation of India Limited [POWERGRID],0,,1007,,,0.1,,,2027-10-17,,,0,0,0,,,0,0,,,0.0,,,0,0,1.889931456711258,Unknown / Multi-State,,,,,Unknown,,
617405,Jamnagar Transmission Limited,Transmission & Distribution,,Ministry of Power,Adani Transmission Limited,0,,4000,,,268.0,,,2026-10-14,,,0,0,0,,,16,0,,,0.0,,,0,0,,Unknown / Multi-State,,,,,Unknown,,
619049,Khavda IVA Power Transmission Limited,Transmission & Distribution,,Ministry of Power,Adani Transmission Limited,0,,4500,,,1876.33,,,2026-08-30,,,0,0,0,,,55,0,,,0.0,,,0,0,0.7306609465075553,Unknown / Multi-State,,,,,Unknown,,
619026,KPSIII HVDC Transmission Limited,Transmission & Distribution,,Ministry of Power,Adani Transmission Limited,0,,19000,,,0.0,,,2029-12-12,,,0,0,0,,,0,0,,,0.0,,,0,0,,Unknown / Multi-State,,,,,Unknown,,
619024,Mahan Transmission Limited,Transmission & Distribution,,Ministry of Power,Adani Transmission Limited,0,,3125,,,260.79,,,2027-04-25,,,0,0,0,,,16,0,,,0.0,,,0,0,1.889931456711258,Unknown / Multi-State,,,,,Unknown,,
619227,Network Expansion Scheme in Maharashtra for removal of Transmission constraints in Pune Region-I [765/400kV AIS Pune East],Transmission & Distribution,,Ministry of Power,Power Grid Corporation of India Limited [POWERGRID],0,,1420,,,2.84,2026-12-03,,2028-03-11,,,0,0,0,,,0,0,,2026.0,0.0,,,0,0,1.6785317745412032,Unknown / Multi-State,,6.0,9.2,510.0,Post-RFCTLARR 2013 (High Compensation),950.0,6.145251396648055
617375,North Eastern Region Expansion Scheme-XXIII [NERES-XXIII],Transmission & Distribution,,Ministry of Power,Power Grid Corporation of India Limited [POWERGRID],0,,209,,,0.02,2025-04-08,,2028-02-03,,,0,0,0,,,0,0,,2025.0,0.0,,,0,0,1.889931456711258,Unknown / Multi-State,,6.25,9.5,465.0,Post-RFCTLARR 2013 (High Compensation),895.0,6.547619047619047
607709,NORTH EASTERN REGION POWER SYSTEM IMPROVEMENT PROJECT [NERPSIP],Transmission & Distribution,,Ministry of Power,Power Grid Corporation of India Limited [POWERGRID],0,,5111,6700.0,,5253.47,2014-01-12,,2018-12-31,2025-09-30,,0,0,0,,,96,0,,2014.0,81.0,1589.0,31.089806300136956,1,1,-0.6909719065369746,Unknown / Multi-State,,8.0,12.0,92.0,Post-RFCTLARR 2013 (High Compensation),385.0,13.235294117647056
615343,Provision of Dynamic Reactive Compensation at Khavda pooling Station 1 [KPS1] and Khavda Pooling station 3 [KPS3],Transmission & Distribution,,Ministry of Power,Power Grid Corporation of India Limited [POWERGRID],0,,501,,,15.03,2024-07-11,,2026-11-06,,,0,0,0,,,4,0,,2024.0,0.0,,,0,0,0.7306609465075553,Unknown / Multi-State,,6.5,9.85,420.0,Post-RFCTLARR 2013 (High Compensation),840.0,7.692307692307687
617801,Provision of ICT Augmentation & Bus Reactor at Bhuj-II PS,Transmission & Distribution,,Ministry of Power,Power Grid Corporation of India Limited [POWERGRID],0,,582,,,11.63,,,2026-12-18,2027-06-30,,0,0,0,,,2,0,,,6.4,,,0,1,1.889931456711258,Unknown / Multi-State,,,,,Unknown,,
619025,RAJASTHAN PART I POWER TRANSMISSION LIMITED,Transmission & Distribution,,Ministry of Power,Adani Transmission Limited,0,,25000,,,227.05,,,2029-07-20,,,0,0,0,,,1,0,,,0.0,,,0,0,1.889931456711258,Unknown / Multi-State,,,,,Unknown,,
617186,Rajasthan REZ Ph-V [Part-1- 4 GW] [Sirohi/Nagaur] Complex [Rajasthan V Power Transmission Limited],Transmission & Distribution,,Ministry of Power,Power Grid Corporation of India Limited [POWERGRID],0,,5028,,,1054.2,,,2027-03-23,2027-06-30,,0,0,0,,,24,0,,,3.3,,,0,1,1.889931456711258,Unknown / Multi-State,,,,,Unknown,,
616672,System Strengthening at Koppal-II and GadagII for integration of RE generation projects [SPV Name POWERGRID Koppal Gadag Augmentation Transmission Limited],Transmission & Distribution,,Ministry of Power,Power Grid Corporation of India Limited [POWERGRID],0,,1354,,,148.94,,,2027-06-01,,,0,0,0,,,13,0,,,0.0,,,0,0,1.889931456711258,Unknown / Multi-State,,,,,Unknown,,
400005,Transmission Network Expansion in Gujarat to increase its ATC from ISTS Part B,Transmission & Distribution,,Ministry of Power,Power Grid Corporation of India Limited [POWERGRID],0,,4546,,,4358.49,,,2023-06-12,2026-03-31,,0,0,0,,,95,0,,,33.6,,,0,1,10.80589921017685,Unknown / Multi-State,,,,,Unknown,,
611656,Transmission scheme for evacuation of 4.5GW RE injection at Khavda PS under Phase II- Part B,Transmission & Distribution,,Ministry of Power,Power Grid Corporation of India Limited [POWERGRID],0,,1168,1167.0,,1147.74,,,2025-03-31,2025-11-30,,0,0,0,,,97,0,,,8.0,-1.0,-0.08561643835616438,0,1,-5.897937298933953,Unknown / Multi-State,,,,,Unknown,,
611657,Transmission scheme for evacuation of 4.5GW RE injection at Khavda PS under Phase II- Part C,Transmission & Distribution,,Ministry of Power,Power Grid Corporation of India Limited [POWERGRID],0,,2821,,,2454.26,,,2025-03-31,2025-11-30,,0,0,0,,,84,0,,,8.0,,,0,1,-5.897937298933953,Unknown / Multi-State,,,,,Unknown,,
617179,Transmission Scheme for evacuation of Power from Ratle HEP [850 MW] & kiru [624 MW] Part B,Transmission & Distribution,,Ministry of Power,Power Grid Corporation of India Limited [POWERGRID],0,,219,,,3.28,,,2026-07-14,2027-06-30,,0,0,0,,,2,0,,,11.5,,,0,1,0.7306609465075553,Unknown / Multi-State,,,,,Unknown,,
612132,Transmission Scheme for Evacuation of power from REZ in Rajasthan [20 GW] under Phase-III Part D [Sikar Khetri Transmission Ltd],Transmission & Distribution,,Ministry of Power,Power Grid Corporation of India Limited [POWERGRID],0,,2000,,,1460.0,2024-09-02,,2025-08-08,2026-06-30,,0,0,0,,,68,0,,2024.0,10.7,,,0,1,0.7306609465075553,Unknown / Multi-State,,6.5,9.85,420.0,Post-RFCTLARR 2013 (High Compensation),840.0,7.692307692307687
617184,Transmission Scheme for integration of Davanagere/ Chitradurga and Bellary REZ in Karnataka  [POWERGRID Chitradurga Bellary REZ Transmission Limited],Transmission & Distribution,,Ministry of Power,Power Grid Corporation of India Limited [POWERGRID],0,,3453,,,20.7,,,2027-09-20,,,0,0,0,,,0,0,,,0.0,,,0,0,1.889931456711258,Unknown / Multi-State,,,,,Unknown,,
612140,Transmission Scheme for Integration of Renewable Energy Zone [Phase II] in Koppal II [Phase A&B] and gadag II[Phase A] in Karnataka [POWERGRID KOPPAL GADAG TRANSMISSION LIMITED],Transmission & Distribution,,Ministry of Power,Power Grid Corporation of India Limited [POWERGRID],0,,2889,,,1533.89,,,2025-12-25,2026-06-30,,0,0,0,,,54,0,,,6.1,,,0,1,-5.897937298933953,Unknown / Multi-State,,,,,Unknown,,
611967,Transmission Scheme for Solar Energy Zone in Ananthpuram 2500MW and Kurnool 1000MW,Transmission & Distribution,,Ministry of Power,Power Grid Corporation of India Limited [POWERGRID],0,,823,,,798.31,,,2025-09-30,2026-05-31,,0,0,0,,,98,0,,,8.0,,,0,1,-5.897937298933953,Unknown / Multi-State,,,,,Unknown,,
612138,"Transmission Scheme for Solar Energy Zone in Bidar [2500 MW], Karnataka [Bidar Transmission Ltd]",Transmission & Distribution,,Ministry of Power,Power Grid Corporation of India Limited [POWERGRID],0,,1368,,,1190.16,2024-09-02,,2026-02-08,2026-06-30,,0,0,0,,,89,0,,2024.0,4.7,,,0,1,0.7306609465075553,Unknown / Multi-State,,6.5,9.85,420.0,Post-RFCTLARR 2013 (High Compensation),840.0,7.692307692307687
612139,Transmission system for Evacuation of Additional 7 GW RE power from Khavda RE park under Phase-III Part B [Vataman Transmission Limited],Transmission & Distribution,,Ministry of Power,Power Grid Corporation of India Limited [POWERGRID],0,,3752,,,1500.72,,,2025-12-25,2026-06-30,,0,0,0,,,21,0,,,6.1,,,0,1,-5.897937298933953,Unknown / Multi-State,,,,,Unknown,,
617279,Transmission System for evacuation of power from Mahan Energen Limited Generating Station in Madhya Pradesh [SPV Name - POWERGRID MEL Power Transmission Limited],Transmission & Distribution,,Ministry of Power,Power Grid Corporation of India Limited [POWERGRID],0,,558,,,16.74,2025-04-06,,2027-12-04,,,0,0,0,,,0,0,,2025.0,0.0,,,0,0,1.889931456711258,Unknown / Multi-State,,6.25,9.5,465.0,Post-RFCTLARR 2013 (High Compensation),895.0,6.547619047619047
608302,Transmission system for evacuation of Power from Pakaldul HEP in Chenab Valley HEPs - LTA System,Transmission & Distribution,,Ministry of Power,Power Grid Corporation of India Limited [POWERGRID],0,,318,,,287.31,2022-01-02,,2025-04-30,2025-09-30,,0,0,0,,,99,0,,2022.0,5.0,,,0,1,10.80589921017685,Unknown / Multi-State,,6.25,9.2,330.0,Post-RFCTLARR 2013 (High Compensation),720.0,8.270676691729317
612855,Transmission System for Evacuation of Power from Potential Energy Renewable Zone in Khavda Area of Gujarat under Ph-IV [7GW] Part E2,Transmission & Distribution,,Ministry of Power,Power Grid Corporation of India Limited [POWERGRID],0,,679,,,81.48,,,2026-05-30,2026-02-28,,0,0,0,,,18,0,,,0.0,,,0,0,0.7306609465075553,Unknown / Multi-State,,,,,Unknown,,
611966,Transmission System for Evacuation of power from Potential RE Zone in Khavda Area of Gujarat under phase IV 7GW-Part E4,Transmission & Distribution,,Ministry of Power,Power Grid Corporation of India Limited [POWERGRID],0,,224,,,197.47,2023-01-11,,2025-07-09,2026-04-30,,0,0,0,,,91,0,,2023.0,9.7,,,0,1,-5.897937298933953,Unknown / Multi-State,,6.5,9.8,375.0,Post-RFCTLARR 2013 (High Compensation),780.0,8.333333333333325
612151,Transmission System for Evacuation of Power from potential Renewable Energy zone in Khavda Area of Gujarat under Phase IV [7 GW] Part E3,Transmission & Distribution,,Ministry of Power,Power Grid Corporation of India Limited [POWERGRID],0,,334,,,327.32,2023-01-07,,2025-07-31,2026-04-30,,0,0,0,,,100,0,,2023.0,9.0,,,0,1,-5.897937298933953,Unknown / Multi-State,,6.5,9.8,375.0,Post-RFCTLARR 2013 (High Compensation),780.0,8.333333333333325
615345,Transmission System for Evacuation of Power from Potential Renewable Energy Zone in Khavda area of Gujarat under Phase-IV [7GW] Part B [SPV Name POWERGRID South Olpad Transmission Limited],Transmission & Distribution,,Ministry of Power,Power Grid Corporation of India Limited [POWERGRID],0,,4766,,,1048.56,,,2026-10-14,2027-03-31,,0,0,0,,,12,0,,,5.5,,,0,1,0.7306609465075553,Unknown / Multi-State,,,,,Unknown,,
615347,TRANSMISSION SYSTEM FOR EVACUATION OF POWER FROM POTENTIAL RENEWABLE ENERGY ZONE IN KHAVDA AREA OF GUJARAT UNDER PHASE-V [8 GW] PART A   [SPV Name POWERGRID West Central Transmission Limited],Transmission & Distribution,,Ministry of Power,Power Grid Corporation of India Limited [POWERGRID],0,,24819,,,1489.14,,,2029-05-18,,,0,0,0,,,1,0,,,0.0,,,0,0,0.7306609465075553,Unknown / Multi-State,,,,,Unknown,,
615338,TRANSMISSION SYSTEM FOR EVACUATION OF POWER FROM RAJASTHAN REZ PH -IV [PART-2 5.5 GW] [JAISALMER/BARMER COMPLEX] PART F [SPV Name POWERGRID BARMER I TRANSMISSION LIMITED],Transmission & Distribution,,Ministry of Power,Power Grid Corporation of India Limited [POWERGRID],0,,2735,,,1100.29,2024-07-11,,2026-11-06,2027-06-30,,0,0,0,,,43,0,,2024.0,7.8,,,0,1,0.7306609465075553,Unknown / Multi-State,,6.5,9.85,420.0,Post-RFCTLARR 2013 (High Compensation),840.0,7.692307692307687
612134,Transmission System for Evacuation of power from Rajasthan REZ Ph-IV [Part-1] [Bikaner Complex] Part A [Bikaner Neemrana  Transmission Ltd],Transmission & Distribution,,Ministry of Power,Power Grid Corporation of India Limited [POWERGRID],0,,2998,,,1978.9,,,2025-12-26,2026-06-30,,0,0,0,,,54,0,,,6.1,,,0,1,-5.897937298933953,Unknown / Multi-State,,,,,Unknown,,
612133,Transmission System for Evacuation of power from Rajasthan REZ Ph-IV [Part-1] [Bikaner Complex] Part D [Neemrana Bareilly Transmission Ltd],Transmission & Distribution,,Ministry of Power,Power Grid Corporation of India Limited [POWERGRID],0,,2056,,,1336.4,,,2025-12-26,2026-06-30,,0,0,0,,,55,0,,,6.1,,,0,1,-5.897937298933953,Unknown / Multi-State,,,,,Unknown,,
615344,Transmission System for Evacuation of Power from Rajasthan REZ Ph-IV [Part-2  5.5GW] [Jaisalmer/Barmer Complex] Part H1 [POWERGRID KURAWAR TRANSMISSION LIMITED],Transmission & Distribution,,Ministry of Power,Power Grid Corporation of India Limited [POWERGRID],0,,3674,,,1304.27,,,2026-10-14,2027-06-30,,0,0,0,,,35,0,,,8.5,,,0,1,0.7306609465075553,Unknown / Multi-State,,,,,Unknown,,
615346,Transmission System for Evacuation of Power from Rajasthan REZ Ph-IV [Part-2 5.5 GW] [Jaisalmer/Barmer Complex] Part C [SPV Name POWERGRID Mandsaur Transmission Limited],Transmission & Distribution,,Ministry of Power,Power Grid Corporation of India Limited [POWERGRID],0,,2708,,,1462.32,,,2026-08-18,2027-02-28,,0,0,0,,,55,0,,,6.4,,,0,1,0.7306609465075553,Unknown / Multi-State,,,,,Unknown,,
615333,Transmission System for Evacuation of Power from Rajasthan REZ Ph-IV [Part-2 5.5 GW] [Jaisalmer/Barmer Complex] Part D [SPV Name POWERGRID Beawar Mandsaur Transmission Limited],Transmission & Distribution,,Ministry of Power,Power Grid Corporation of India Limited [POWERGRID],0,,2227,,,1024.42,,,2026-08-21,2026-12-31,,0,0,0,,,47,0,,,4.3,,,0,1,0.7306609465075553,Unknown / Multi-State,,,,,Unknown,,
615334,Transmission System for Evacuation of Power from Rajasthan REZ Ph-IV [Part-2 5.5 GW] [Jaisalmer/Barmer Complex] Part E [SPV Name POWERGRID Mewar Transmission Limited],Transmission & Distribution,,Ministry of Power,Power Grid Corporation of India Limited [POWERGRID],0,,3251,,,1592.99,,,2026-08-18,2027-04-30,,0,0,0,,,37,0,,,8.4,,,0,1,0.7306609465075553,Unknown / Multi-State,,,,,Unknown,,
615332,Transmission System for Evacuation of Power from Rajasthan REZ Ph-IV [Part-2 5.5 GW][Jaisalmer/Barmer Complex] Part B [SPV Name  POWERGRID Sirohi Transmission Limited],Transmission & Distribution,,Ministry of Power,Power Grid Corporation of India Limited [POWERGRID],0,,3279,,,1442.76,,,2026-08-22,2027-03-31,,0,0,0,,,44,0,,,7.3,,,0,1,0.7306609465075553,Unknown / Multi-State,,,,,Unknown,,
615340,TRANSMISSION SYSTEM FOR EVACUATION OF POWER FROM RAJASTHAN REZ PH-IV [PART-3/ 6 GW] [BIKANER COMPLEX] PART B [SPV Name POWERGRID Siwani Transmission Limited],Transmission & Distribution,,Ministry of Power,Power Grid Corporation of India Limited [POWERGRID],0,,5357,,,1339.25,2024-12-11,,2026-11-11,2027-06-30,,0,0,0,,,26,0,,2024.0,7.6,,,0,1,0.7306609465075553,Unknown / Multi-State,,6.5,9.85,420.0,Post-RFCTLARR 2013 (High Compensation),840.0,7.692307692307687
615339,Transmission system for evacuation of power from Rajasthan REZ Ph-IV [Part-3/6GW] [Bikaner complex] Part A [SPV Name POWERGRID Bikaner IV Transmission Limited],Transmission & Distribution,,Ministry of Power,Power Grid Corporation of India Limited [POWERGRID],0,,5969,,,1193.8,2024-12-11,,2026-11-11,2027-04-30,,0,0,0,,,22,0,,2024.0,5.6,,,0,1,0.7306609465075553,Unknown / Multi-State,,6.5,9.85,420.0,Post-RFCTLARR 2013 (High Compensation),840.0,7.692307692307687
616670,Transmission System for evacuation of Power from Rajasthan REZ Ph-IV [Part-4 3.5 GW] Part A  [SPV name POWERGRID Ghiror Transmission Limited],Transmission & Distribution,,Ministry of Power,Power Grid Corporation of India Limited [POWERGRID],0,,5846,,,1461.5,,,2026-12-30,2027-06-30,,0,0,0,,,28,0,,,6.0,,,0,1,0.7306609465075553,Unknown / Multi-State,,,,,Unknown,,
615336,Transmission system for evacuation of Power from REZ in Rajasthan [20 GW] under phase-III Part-D Phase-II,Transmission & Distribution,,Ministry of Power,Power Grid Corporation of India Limited [POWERGRID],0,,284,,,22.72,2023-07-11,,2026-02-28,2026-12-31,,0,0,0,,,8,0,,2023.0,10.1,,,0,1,-5.897937298933953,Unknown / Multi-State,,6.5,9.8,375.0,Post-RFCTLARR 2013 (High Compensation),780.0,8.333333333333325
611950,Transmission system for evacuation of power from REZ in Rajasthan 20 GW under Phase-III part B1,Transmission & Distribution,,Ministry of Power,Power Grid Corporation of India Limited [POWERGRID],0,,2191,,,2139.44,,,2025-04-30,2026-02-28,,0,0,0,,,99,0,,,10.0,,,0,1,-5.897937298933953,Unknown / Multi-State,,,,,Unknown,,
611949,Transmission system for evacuation of power from REZ in Rajasthan 20 GW under Phase-III part C1,Transmission & Distribution,,Ministry of Power,Power Grid Corporation of India Limited [POWERGRID],0,,1160,,,1136.8,,,2025-04-30,2026-05-31,,0,0,0,,,99,0,,,13.0,,,0,1,-5.897937298933953,Unknown / Multi-State,,,,,Unknown,,
611948,Transmission system for evacuation of power from REZ in Rajasthan 20 GW under Phase-III part H,Transmission & Distribution,,Ministry of Power,Power Grid Corporation of India Limited [POWERGRID],0,,1910,,,1851.81,,,2025-04-30,2026-06-30,,0,0,0,,,98,0,,,14.0,,,0,1,-5.897937298933953,Unknown / Multi-State,,,,,Unknown,,
611947,Transmission System for Evacuation of Power from REZ in Rajasthan 20GW under Phase III- Part E2,Transmission & Distribution,,Ministry of Power,Power Grid Corporation of India Limited [POWERGRID],0,,428,,,406.88,2023-01-11,,2025-06-15,2026-06-30,,0,0,0,,,97,0,,2023.0,12.5,,,0,1,-5.897937298933953,Unknown / Multi-State,,6.5,9.8,375.0,Post-RFCTLARR 2013 (High Compensation),780.0,8.333333333333325
611951,Transmission system for evacuation of power from REZ in Rajasthan 20GW under Phase-III Part E1,Transmission & Distribution,,Ministry of Power,Power Grid Corporation of India Limited [POWERGRID],0,,689,,,685.98,2021-01-12,,2025-02-28,2026-02-28,,0,0,0,,,99,0,,2021.0,12.0,,,0,1,26.733988838692536,Unknown / Multi-State,,4.0,7.5,290.0,Post-RFCTLARR 2013 (High Compensation),665.0,7.258064516129026
611735,Transmission system for evacuation of power from REZ in Rajasthan 20GW under Phase-III Part J,Transmission & Distribution,,Ministry of Power,Power Grid Corporation of India Limited [POWERGRID],0,,331,,,129.09,2022-01-12,,2025-03-31,2026-04-30,,0,0,0,,,30,0,,2022.0,13.0,,,0,1,10.80589921017685,Unknown / Multi-State,,6.25,9.2,330.0,Post-RFCTLARR 2013 (High Compensation),720.0,8.270676691729317
617806,Transmission System for Integration of Ananthapur 2 REZ Phase 1 for 4.5 GW. SPV Name Anantapuram 2 REZ Transmission Ltd,Transmission & Distribution,,Ministry of Power,Sterlite Power,0,,4536,,,1057.57,,,2027-03-30,,,0,0,0,,,50,0,,,0.0,,,0,0,0.7306609465075553,Unknown / Multi-State,,,,,Unknown,,
617185,Transmission System for Integration of Kurnool-IV REZ  Phase-I [for 4.5 GW] [POWERGRID Kurnool-IV Transmission Limited],Transmission & Distribution,,Ministry of Power,Power Grid Corporation of India Limited [POWERGRID],0,,5550,,,1595.07,,,2027-03-23,2027-09-30,,0,0,0,,,25,0,,,6.3,,,0,1,1.889931456711258,Unknown / Multi-State,,,,,Unknown,,
900808,Transmission System for Kurnool Wind Energy Zone/ Solar Energy Zone  Part-A and Part-B,Transmission & Distribution,,Ministry of Power,Power Grid Corporation of India Limited [POWERGRID],0,,3547,,,3369.59,,,2024-11-30,2026-01-31,,0,0,0,,,97,0,,,14.0,,,0,1,10.80589921017685,Unknown / Multi-State,,,,,Unknown,,
619029,Transmission System for Reliable Power Supply to Dholera,Transmission & Distribution,,Ministry of Power,Power Grid Corporation of India Limited [POWERGRID],0,,319,,,19.16,2024-02-09,,2026-03-02,2026-09-30,,0,0,0,,,9,0,,2024.0,7.0,,,0,1,0.7306609465075553,Unknown / Multi-State,,6.5,9.85,420.0,Post-RFCTLARR 2013 (High Compensation),840.0,7.692307692307687
606781,Transmission System for Strengthening of Srinagar-Leh Tr. System,Transmission & Distribution,,Ministry of Power,Power Grid Corporation of India Limited [POWERGRID],0,,289,,,202.1,2022-01-03,,2024-12-31,2025-09-30,,0,0,0,,,59,0,,2022.0,9.0,,,0,1,10.80589921017685,Unknown / Multi-State,,6.25,9.2,330.0,Post-RFCTLARR 2013 (High Compensation),720.0,8.270676691729317
617269,Transmission System for Strengthening to facilitate evacuation of power from Bhadla/Bikaner Complex,Transmission & Distribution,,Ministry of Power,Power Grid Corporation of India Limited [POWERGRID],0,,213,,,0.3,2024-10-12,,2026-06-09,2026-08-31,,0,0,0,,,0,0,,2024.0,2.7,,,0,1,0.7306609465075553,Unknown / Multi-State,,6.5,9.85,420.0,Post-RFCTLARR 2013 (High Compensation),840.0,7.692307692307687
617803,Transmission System Strengthening at Davanagere for Integration of RE Generation [SPV Name - POWERGRID Davanagere Power Transmission Limited],Transmission & Distribution,,Ministry of Power,Power Grid Corporation of India Limited [POWERGRID],0,,379,,,14.81,,,2027-09-24,,,0,0,0,,,1,0,,,0.0,,,0,0,1.889931456711258,Unknown / Multi-State,,,,,Unknown,,
617183,Transmission system strengthening at Kurnool- III PS for integration of additional RE generation projects [POWERGRID Kurnool III PS RE Transmission Limited],Transmission & Distribution,,Ministry of Power,Power Grid Corporation of India Limited [POWERGRID],0,,2886,,,117.86,,,2027-12-31,,,0,0,0,,,0,0,,,0.0,,,0,0,1.889931456711258,Unknown / Multi-State,,,,,Unknown,,
619228,Transmission System Strengthening for integration of additional RE Potential at Davanagere [0.25 GW] and Bellary [2.75 GW],Transmission & Distribution,,Ministry of Power,Power Grid Corporation of India Limited [POWERGRID],0,,1111,,,13.44,2026-12-02,,2028-02-11,,,0,0,0,,,1,0,,2026.0,0.0,,,0,0,1.6785317745412032,Unknown / Multi-State,,6.0,9.2,510.0,Post-RFCTLARR 2013 (High Compensation),950.0,6.145251396648055
615335,Transmission System Strengthening for Interconnections of  Bhadla-III & Bikaner III Complex [SPV Name POWERGRID BHADLA BIKANER TRANSMISSION LIMITED],Transmission & Distribution,,Ministry of Power,Power Grid Corporation of India Limited [POWERGRID],0,,1382,,,511.34,,,2026-08-29,2027-03-31,,0,0,0,,,40,0,,,7.0,,,0,1,0.7306609465075553,Unknown / Multi-State,,,,,Unknown,,
608922,Transmission System Strengthening Scheme for evacuation of power from SEZ in Rajasthan 8.1 GW under Phase II Part G,Transmission & Distribution,,Ministry of Power,Power Grid Corporation of India Limited [POWERGRID],0,,1666,2218.0,,2129.28,2022-11-05,,2023-11-30,2025-11-30,,0,0,0,,,95,0,,2022.0,24.0,552.0,33.13325330132052,1,1,10.80589921017685,Unknown / Multi-State,,6.25,9.2,330.0,Post-RFCTLARR 2013 (High Compensation),720.0,8.270676691729317
608301,Transmission system strengthening scheme for evacuation of power from solar energy zones in Rajasthan 8.1 GW under Phase II- Part- G1,Transmission & Distribution,,Ministry of Power,Power Grid Corporation of India Limited [POWERGRID],0,,359,,,330.71,2022-01-02,,2023-09-30,2025-11-30,,0,0,0,,,93,0,,2022.0,26.0,,,0,1,10.80589921017685,Unknown / Multi-State,,6.25,9.2,330.0,Post-RFCTLARR 2013 (High Compensation),720.0,8.270676691729317
611659,Transmission system strengthening scheme for evacuation of power from solar energy zones in Rajasthan[8.1 GW] under phase-II- Part E,Transmission & Distribution,,Ministry of Power,Power Grid Corporation of India Limited [POWERGRID],0,,1433,1433.0,,1418.67,,,2024-09-30,2025-11-30,,0,0,0,,,98,0,,,14.0,0.0,0.0,0,1,-5.897937298933953,Unknown / Multi-State,,,,,Unknown,,
616671,Transmission System under ISTS for evacuation of Power from Kudankulam Unit-3&4 [2x1000 MW]  [SPV Name POWERGRID Kudankulam Tarnsmission Limited],Transmission & Distribution,,Ministry of Power,Power Grid Corporation of India Limited [POWERGRID],0,,548,,,117.82,2025-10-01,,2026-12-31,2027-03-31,,0,0,0,,,17,0,,2025.0,3.0,,,0,1,1.889931456711258,Unknown / Multi-State,,6.25,9.5,465.0,Post-RFCTLARR 2013 (High Compensation),895.0,6.547619047619047
611737,Western Region Expansion Scheme-XXV,Transmission & Distribution,,Ministry of Power,Power Grid Corporation of India Limited [POWERGRID],0,,386,,,378.16,2023-01-02,,2023-11-30,2025-09-30,,0,0,0,,,96,0,,2023.0,22.0,,,0,1,-5.897937298933953,Unknown / Multi-State,,6.5,9.8,375.0,Post-RFCTLARR 2013 (High Compensation),780.0,8.333333333333325
619027,WRNES Talegaon Power Transmission Limited,Transmission & Distribution,,Ministry of Power,Adani Transmission Limited,0,,2000,,,1.0,,,2028-01-01,,,0,0,0,,,5,0,,,0.0,,,0,0,,Unknown / Multi-State,,,,,Unknown,,
702629,Agra Metro Rail Project,Urban Public Transport,,Ministry of Housing & Urban Affairs,Uttar Pradesh metro rail corporation [UPMRC],0,,8380,,,6055.19,,,2024-05-26,2027-06-30,,0,0,0,,,57,0,,,37.1,,,0,1,-3.287904599659297,Unknown / Multi-State,,,,,Unknown,,
702639,Ahmedabad Metro Rail Project [Phase-I],Urban Public Transport,,Ministry of Housing & Urban Affairs,Gujarat Metro Rail Corporation Limited [GMRCL],0,,10773,12924.5,,12410.8,,,2018-03-31,2026-04-30,,0,0,0,,,100,0,,,97.0,2151.5,19.971224357189268,1,1,-0.6909719065369746,Unknown / Multi-State,,,,,Unknown,,
702631,"Ahmedabad Metro Rail Project, Phase-II",Urban Public Transport,,Ministry of Housing & Urban Affairs,Gujarat Metro Rail Corporation Limited [GMRCL],0,,5384,,,4151.57,2019-09-03,,2024-03-31,2025-12-31,,0,0,0,,,87,0,,2019.0,21.0,,,0,1,-3.287904599659297,Unknown / Multi-State,,5.15,9.2,230.0,Post-RFCTLARR 2013 (High Compensation),585.0,7.339449541284404
612878,Bangalore Metro Rail Project - PHASE-3,Urban Public Transport,,Ministry of Housing & Urban Affairs,Bengaluru Metro Rail,0,,15611,,,0.0,,,2031-05-31,,,0,0,0,,,0,0,,,0.0,,,0,0,,Unknown / Multi-State,,,,,Unknown,,
702625,Bhopal Metro Rail Project,Urban Public Transport,,Ministry of Housing & Urban Affairs,Madhya Pradesh Metro Rail Co Limited [MPMRCL],0,,6941,,,3116.75,,,2022-11-29,2028-06-30,,0,0,0,,,43,0,,,67.0,,,0,1,10.974572265809623,Unknown / Multi-State,,,,,Unknown,,
702665,Construction Bangalore Metro Rail Project Phase-2A & 2B,Urban Public Transport,,Ministry of Housing & Urban Affairs,Bengaluru Metro Rail,0,,14788,14788.1,,10276.4,2021-07-06,,2026-06-30,2026-06-30,,0,0,0,,,65,0,,2021.0,0.0,0.1000000000003638,0.000676223965379793,1,0,26.733988838692536,Unknown / Multi-State,,4.0,7.5,290.0,Post-RFCTLARR 2013 (High Compensation),665.0,7.258064516129026
702635,Construction of Bangalore Metro Rail Project Phase 2.,Urban Public Transport,,Ministry of Housing & Urban Affairs,Bengaluru Metro Rail,0,,26405,30695.1,,29478.0,,,2021-03-22,2026-09-30,,0,0,0,,,94,0,,,66.3,4290.0999999999985,16.247301647415256,1,1,-0.6909719065369746,Unknown / Multi-State,,,,,Unknown,,
619031,Delhi Metro Rail Phase V A,Urban Public Transport,,Ministry of Housing & Urban Affairs,Delhi Metro Rail Corporation Limited [DMRC],0,,12015,,,17.31,2026-07-01,,2028-12-31,,,0,0,0,,,0,0,,2026.0,0.0,,,0,0,1.6785317745412032,Unknown / Multi-State,,6.0,9.2,510.0,Post-RFCTLARR 2013 (High Compensation),950.0,6.145251396648055
617207,Delhi Metro Rail Phase-IV [2 Corridors],Urban Public Transport,,Ministry of Housing & Urban Affairs,Delhi Metro Rail Corporation Limited [DMRC],0,,8400,,,120.25,,,2029-03-27,,,0,0,0,,,4,0,,,0.0,,,0,0,0.7306609465075553,Unknown / Multi-State,,,,,Unknown,,
617206,Delhi Metro Rail Phase-IV [Rithala - Kundli Corridor],Urban Public Transport,,Ministry of Housing & Urban Affairs,Delhi Metro Rail Corporation Limited [DMRC],0,,6231,,,0.14,2025-03-01,,2029-01-02,,,0,0,0,,,0,0,,2025.0,0.0,,,0,0,1.889931456711258,Unknown / Multi-State,,6.25,9.5,465.0,Post-RFCTLARR 2013 (High Compensation),895.0,6.547619047619047
702633,Delhi-Ghaziabad-Meerut Regional Rapid Transit System [RRTS] corridor,Urban Public Transport,,Ministry of Housing & Urban Affairs,National Capital Region Transport Corporation [NCRTC],0,,30274,30274.0,,27312.2,2019-07-03,,2025-06-30,2026-01-15,,0,0,0,,,96,0,,2019.0,6.5,0.0,0.0,0,1,-3.287904599659297,Unknown / Multi-State,,5.15,9.2,230.0,Post-RFCTLARR 2013 (High Compensation),585.0,7.339449541284404
702632,DMRTS Phase - IV [3 Priority Corridors],Urban Public Transport,,Ministry of Housing & Urban Affairs,Delhi Metro Rail Corporation Limited [DMRC],0,,24949,,,17838.2,2019-04-07,,2025-03-31,2026-03-31,,0,0,0,,,71,0,,2019.0,12.0,,,0,1,-3.287904599659297,Unknown / Multi-State,,5.15,9.2,230.0,Post-RFCTLARR 2013 (High Compensation),585.0,7.339449541284404
616221,"Extension of Aqua Line Metro Corridor from Noida Sector-142 station to Botanical Garden, Noida of Noida Metro Rail Corporation",Urban Public Transport,,Ministry of Housing & Urban Affairs,Noida Metro Rail Corporation Ltd. [NMRCL],0,,2254,,,0.0,,,2030-03-16,,,0,0,0,,,0,0,,,0.0,,,0,0,1.6785317745412032,Unknown / Multi-State,,,,,Unknown,,
702626,Indore Metro Rail Project,Urban Public Transport,,Ministry of Housing & Urban Affairs,Madhya Pradesh Metro Rail Co Limited [MPMRCL],0,,7501,,,3839.27,,,2022-11-29,2028-12-31,,0,0,0,,,54,0,,,73.1,,,0,1,10.974572265809623,Unknown / Multi-State,,,,,Unknown,,
612066,Rajasthan Metro Rail Project Phase 1C from Badi Chaupar to Transport Nagar via Galta Gate,Urban Public Transport,,Ministry of Housing & Urban Affairs,Jaipur Metro Rail Corporation,0,,980,,,103.03,2025-07-10,,2027-04-30,,,0,0,0,,,0,0,,2025.0,0.0,,,0,0,1.889931456711258,Unknown / Multi-State,,6.25,9.5,465.0,Post-RFCTLARR 2013 (High Compensation),895.0,6.547619047619047
612068,Jaipur Metro Phase 1D Project from Mansarovar to Ajmer Road Chauraha,Urban Public Transport,,Ministry of Housing & Urban Affairs,Jaipur Metro Rail Corporation,0,,205,,,23.34,,,2026-03-30,,,0,0,0,,,12,0,,,0.0,,,0,0,1.6785317745412032,Unknown / Multi-State,,,,,Unknown,,
701991,Kalyan Station Precinct Imporvement Project,Urban Public Transport,,Ministry of Housing & Urban Affairs,ministry of housing and urban affairs,0,,600,723.7,,492.82,,,2023-07-31,2026-06-30,,0,0,0,,,82,0,,,35.0,123.70000000000005,20.616666666666674,1,1,10.974572265809623,Unknown / Multi-State,,,,,Unknown,,
702628,Kanpur Metro Rail Project,Urban Public Transport,,Ministry of Housing & Urban Affairs,Uttar Pradesh metro rail corporation [UPMRC],0,,11076,,,9079.81,,,2024-05-26,2027-03-31,,0,0,0,,,73,0,,,34.1,,,0,1,-3.287904599659297,Unknown / Multi-State,,,,,Unknown,,
702664,Kochi Metro Rail Phase 2 Development  Project,Urban Public Transport,,Ministry of Housing & Urban Affairs,CSPCC Projects,0,,1957,,,306.45,,,2026-11-20,2026-11-20,,0,0,0,,,10,0,,,0.0,,,0,0,10.80589921017685,Unknown / Multi-State,,,,,Unknown,,
619052,LUCKNOW METRO RAIL PROJECT PHASE-1B EAST WEST CORRIDOR,Urban Public Transport,,Ministry of Housing & Urban Affairs,Uttar Pradesh metro rail corporation [UPMRC],0,,5801,,,0.0,2025-03-09,,2031-04-30,,,0,0,0,,,0,0,,2025.0,0.0,,,0,0,1.889931456711258,Unknown / Multi-State,,6.25,9.5,465.0,Post-RFCTLARR 2013 (High Compensation),895.0,6.547619047619047
619022,"Metro connectivity from Millennium  City Centre to Cyber City with Spur to Dwarka Expressway, Gurugram.",Urban Public Transport,,Ministry of Housing & Urban Affairs,Gurugram Metro Rail Limited (GMRL),0,,5453,,,92.12,2023-06-07,,2027-07-06,,,0,0,0,,,0,0,,2023.0,0.0,,,0,0,-5.897937298933953,Unknown / Multi-State,,6.5,9.8,375.0,Post-RFCTLARR 2013 (High Compensation),780.0,8.333333333333325
702637,Mumbai Metro Line 3,Urban Public Transport,,Ministry of Housing & Urban Affairs,Mumbai Metro Rail Corporation Limited [MMRC],0,,23136,23942.0,,27519.1,,,2023-03-31,2024-06-30,,0,0,0,,,92,0,,,15.0,806.0,3.4837482710926695,1,1,2.5739065560011376,Unknown / Multi-State,,,,,Unknown,,
702658,Nagpur Metro Rail Phase II Development Project,Urban Public Transport,,Ministry of Housing & Urban Affairs,Maharashtra Metro Rail Corporation Limited [MMRCL],0,,6708,,,1045.32,,,2027-12-31,,,0,0,0,,,25,0,,,0.0,,,0,0,10.80589921017685,Unknown / Multi-State,,,,,Unknown,,
701745,New Suburba Station Development Project,Urban Public Transport,,Ministry of Housing & Urban Affairs,ministry of housing and urban affairs,0,,263,,,17.62,,,2022-07-31,,,0,0,0,,,6,0,,,0.0,,,0,0,10.974572265809623,Unknown / Multi-State,,,,,Unknown,,
702627,Patna Metro Rail Project,Urban Public Transport,,Ministry of Housing & Urban Affairs,Patna Metro Rail Corporation Ltd. [PMRCL],0,,13366,13365.8,,4039.77,,,2024-02-26,2027-06-30,,0,0,0,,,40,0,,,40.1,-0.2000000000007276,-0.001496333981750169,0,1,-3.287904599659297,Unknown / Multi-State,,,,,Unknown,,
617225,PCMC To Nigdi- Extension Of North South Corridor Of Phase-1,Urban Public Transport,,Ministry of Housing & Urban Affairs,Maharashtra Metro Rail Corporation Limited [MMRCL],0,,910,960.18,,263.93,,,2027-01-31,,,0,0,0,,,40,0,,,0.0,50.17999999999995,5.514285714285709,1,0,-5.897937298933953,Unknown / Multi-State,,,,,Unknown,,
617226,Pune Metro Phase-1 Extension line towards south from Swargate to Katraj,Urban Public Transport,,Ministry of Housing & Urban Affairs,Maharashtra Metro Rail Corporation Limited [MMRCL],0,,2955,,,18.66,2024-04-09,,2029-03-04,,,0,0,0,,,3,0,,2024.0,0.0,,,0,0,0.7306609465075553,Unknown / Multi-State,,6.5,9.85,420.0,Post-RFCTLARR 2013 (High Compensation),840.0,7.692307692307687
618971,Pune Metro Rail Project Phase-2 Corridor 2A Vanaz to Chandani Chowk and Corridor 2B Ramwadi to Wagholi/Vitthalwadi,Urban Public Transport,,Ministry of Housing & Urban Affairs,Maharashtra Metro Rail Corporation Limited [MMRCL],0,,3626,,,0.41,,,2029-07-31,,,0,0,0,,,0,0,,,0.0,,,0,0,1.889931456711258,Unknown / Multi-State,,,,,Unknown,,
618985,Pune Metro Rail Project Phase-2 Line-4 Kharadi to Khadakwasla with Spur Line 4A Nal Stop - Warje - Manikbaug,Urban Public Transport,,Ministry of Housing & Urban Affairs,Maharashtra Metro Rail Corporation Limited [MMRCL],0,,9858,,,0.09,,,2030-12-31,,,0,0,0,,,0,0,,,0.0,,,0,0,1.889931456711258,Unknown / Multi-State,,,,,Unknown,,
702630,Surat Metro Rail Project,Urban Public Transport,,Ministry of Housing & Urban Affairs,Gujarat Metro Rail Corporation Limited [GMRCL],0,,12020,,,9031.25,2019-09-03,,2024-03-09,2027-03-31,,0,0,0,,,80,0,,2019.0,36.7,,,0,1,-3.287904599659297,Unknown / Multi-State,,5.15,9.2,230.0,Post-RFCTLARR 2013 (High Compensation),585.0,7.339449541284404
617327,Thane Integral Ring Metro Rail Project,Urban Public Transport,,Ministry of Housing & Urban Affairs,Maharashtra Metro Rail Corporation Limited [MMRCL],0,,12200,,,7.11,2024-04-09,,2029-09-30,,,0,0,0,,,3,0,,2024.0,0.0,,,0,0,0.7306609465075553,Unknown / Multi-State,,6.5,9.85,420.0,Post-RFCTLARR 2013 (High Compensation),840.0,7.692307692307687
616594,Interception & Diversion with Rehabilitation of sewerage scheme at Agra under Hybrid annuity based PPP model-Namami Gange Programme,Waste & Water,,"Department of Water Resources, River Development & GR",National Mission for Clean Ganga,0,,842,,,208.64,2020-06-05,,2025-04-30,2025-12-31,,0,0,0,,,73,0,,2020.0,8.0,,,0,1,-0.5724854676765867,Unknown / Multi-State,,4.0,7.8,260.0,Post-RFCTLARR 2013 (High Compensation),620.0,5.982905982905984
616600,Interception and Diversion and STP works in Bhagalpur  under Hybrid annuity based PPP mode-Namami Gange Programme,Waste & Water,,"Department of Water Resources, River Development & GR",National Mission for Clean Ganga,0,,413,,,126.67,2017-12-10,,2025-02-06,2025-12-31,,0,0,0,,,97,0,,2017.0,10.8,,,0,1,10.26683343756516,Unknown / Multi-State,,6.0,10.1,165.0,Post-RFCTLARR 2013 (High Compensation),505.0,8.602150537634401
616604,Pollution Abatement works for River Ganga at Hooghly Chinsurah- Municipal Town  Interception & Diversion with STP,Waste & Water,,"Department of Water Resources, River Development & GR",National Mission for Clean Ganga,0,,155,,,102.04,2018-10-05,,2025-03-30,2026-08-31,,0,0,0,,,94,0,,2018.0,17.0,,,0,1,10.974572265809623,Unknown / Multi-State,,6.5,10.35,195.0,Post-RFCTLARR 2013 (High Compensation),545.0,7.920792079207928
616605,Pollution Abatement Works for River Kali Meerut under Meerut Municipality  Interception & Diversion with  STP,Waste & Water,,"Department of Water Resources, River Development & GR",National Mission for Clean Ganga,0,,691,,,34.79,2020-06-05,,2024-12-31,2027-05-11,,0,0,0,,,27,0,,2020.0,28.3,,,0,1,-0.5724854676765867,Unknown / Multi-State,,4.0,7.8,260.0,Post-RFCTLARR 2013 (High Compensation),620.0,5.982905982905984
616611,Sewage Treatment Plant  100MLD  and Sewerage Network 288 km in Digha-Patna under Hybrid annuity based PPP mode-Namami Gange Programme,Waste & Water,,"Department of Water Resources, River Development & GR",National Mission for Clean Ganga,0,,824,,,396.71,2017-11-08,,2025-12-30,2026-09-30,,0,0,0,,,57,0,,2017.0,9.0,,,0,1,10.26683343756516,Unknown / Multi-State,,6.0,10.1,165.0,Post-RFCTLARR 2013 (High Compensation),505.0,8.602150537634401
616612,Sewage Treatment Plant  50MLD  and Sewerage Network 150 km in Kankarbagh Patna under Hybrid annuity based PPP mode Namami Gange Programme,Waste & Water,,"Department of Water Resources, River Development & GR",NMCG1,0,,579,,,171.79,2017-11-08,,2025-12-30,,,0,0,0,,,55,0,,2017.0,0.0,,,0,0,10.26683343756516,Unknown / Multi-State,,6.0,10.1,165.0,Post-RFCTLARR 2013 (High Compensation),505.0,8.602150537634401
616615,"Sewer Network,  SPS and STP at Begusarai",Waste & Water,,"Department of Water Resources, River Development & GR",National Mission for Clean Ganga,0,,230,,,261.82,2010-08-03,,2025-04-30,2025-12-31,,0,0,0,,,97,0,,2010.0,8.0,,,0,1,8.65624291864946,Unknown / Multi-State,,6.25,10.5,32.0,Pre-RFCTLARR 2013 (Old 1894 Act),220.0,15.789473684210531
616616,"Sewer Networks,  SPS and STP at Hajipur",Waste & Water,,"Department of Water Resources, River Development & GR",National Mission for Clean Ganga,0,,305,,,346.46,2010-08-03,,2025-06-30,2025-12-31,,0,0,0,,,95,0,,2010.0,6.0,,,0,1,8.65624291864946,Unknown / Multi-State,,6.25,10.5,32.0,Pre-RFCTLARR 2013 (Old 1894 Act),220.0,15.789473684210531
702764,24/7 water supply under AMRUT for Davanagere,Waste & Water,,Ministry of Housing & Urban Affairs,Ministry of Housing & Urban Affairs,0,,175,,,93.18,,,2023-03-31,2026-03-31,,0,0,0,,,65,0,,,36.0,,,0,1,0.6082214765100735,Unknown / Multi-State,,,,,Unknown,,
702746,Augmentation and Strenghthning of Urban Water Supply Phase 1 - SAAP 3,Waste & Water,,Ministry of Housing & Urban Affairs,Ministry of Housing & Urban Affairs,0,,278,,,1410.0,2017-02-02,,2023-03-31,2026-03-30,,0,0,0,,,78,0,,2017.0,36.0,,,0,1,10.26683343756516,Unknown / Multi-State,,6.0,10.1,165.0,Post-RFCTLARR 2013 (High Compensation),505.0,8.602150537634401
702760,Belgavi Improvement in Sewerage System Project,Waste & Water,,Ministry of Housing & Urban Affairs,Ministry of Housing & Urban Affairs,0,,163,,,79.5,,,2023-07-31,2026-06-30,,0,0,0,,,80,0,,,35.0,,,0,1,-12.69797674631511,Unknown / Multi-State,,,,,Unknown,,
702741,Dhanbad Water Supply Infrastructure Project,Waste & Water,,Ministry of Housing & Urban Affairs,Ministry of Housing & Urban Affairs,0,,217,,,1057.8,2017-02-02,,2023-03-31,2026-03-30,,0,0,0,,,72,0,,2017.0,36.0,,,0,1,10.26683343756516,Unknown / Multi-State,,6.0,10.1,165.0,Post-RFCTLARR 2013 (High Compensation),505.0,8.602150537634401
702682,Dibrugarh Water Supply Infrastructure Project,Waste & Water,,Ministry of Housing & Urban Affairs,Ministry of Housing & Urban Affairs,0,,187,,,1664.41,,,2023-03-31,2025-12-30,,0,0,0,,,100,0,,,33.0,,,0,1,0.6082214765100735,Unknown / Multi-State,,,,,Unknown,,
702674,"ESR - 8 nos., distribution system - 216 Km, new house service connections - 38760 nos. upgrading of feeder mains, pumping station etc. - Phase II",Waste & Water,,Ministry of Housing & Urban Affairs,Ministry of Housing & Urban Affairs,0,,172,,,88.86,2017-02-02,,2023-03-31,2026-03-30,,0,0,0,,,82,0,,2017.0,36.0,,,0,1,10.26683343756516,Unknown / Multi-State,,6.0,10.1,165.0,Post-RFCTLARR 2013 (High Compensation),505.0,8.602150537634401
702793,Indore Water Supply Infrastructure Project,Waste & Water,,Ministry of Housing & Urban Affairs,Ministry of Housing & Urban Affairs,0,,287,,,252.5,,,2023-03-31,2026-03-30,,0,0,0,,,99,0,,,36.0,,,0,1,0.6082214765100735,Unknown / Multi-State,,,,,Unknown,,
702798,Jabalpur Sewerage Management and Treatment Infrastructure Project,Waste & Water,,Ministry of Housing & Urban Affairs,Ministry of Housing & Urban Affairs,0,,362,,,324.79,,,2023-03-31,2026-03-30,,0,0,0,,,96,0,,,36.0,,,0,1,10.974572265809623,Unknown / Multi-State,,,,,Unknown,,
703021,Jalandhar Water Supply Infrastructure Project,Waste & Water,,Ministry of Housing & Urban Affairs,Ministry of Housing & Urban Affairs,0,,259,266.64,,161.02,,,2023-08-28,2026-06-30,,0,0,0,,,58,0,,,34.1,7.639999999999986,2.9498069498069444,1,1,0.6082214765100735,Unknown / Multi-State,,,,,Unknown,,
702948,Jaunpur Sewerage Management Infrastructure Project,Waste & Water,,Ministry of Housing & Urban Affairs,Ministry of Housing & Urban Affairs,0,,236,,,221.27,,,2023-06-30,2026-02-16,,0,0,0,,,99,0,,,31.6,,,0,1,10.26683343756516,Unknown / Multi-State,,,,,Unknown,,
702949,Jhansi Water Supply Infrastructure Phase-II Project,Waste & Water,,Ministry of Housing & Urban Affairs,Ministry of Housing & Urban Affairs,0,,562,,,485.91,,,2023-07-31,2026-02-28,,0,0,0,,,93,0,,,31.0,,,0,1,10.26683343756516,Unknown / Multi-State,,,,,Unknown,,
702833,Kalyan-Dombivali Water Supply Infrastructure Project,Waste & Water,,Ministry of Housing & Urban Affairs,Ministry of Housing & Urban Affairs,0,,194,,,136.56,2016-08-07,,2023-10-31,2026-06-30,,0,0,0,,,75,0,,2016.0,32.0,,,0,1,0.6082214765100735,Unknown / Multi-State,,6.25,10.4,138.0,Post-RFCTLARR 2013 (High Compensation),465.0,9.411764705882364
702958,Lucknow Sewerage Management Infrastructure Project,Waste & Water,,Ministry of Housing & Urban Affairs,Ministry of Housing & Urban Affairs,0,,142,173.21,,152.65,,,2023-03-31,2026-05-31,,0,0,0,,,95,0,,,38.0,31.210000000000008,21.978873239436624,1,1,,Unknown / Multi-State,,,,,Unknown,,
702840,Mira-Bhayandar Water Supply Infrastructure Project,Waste & Water,,Ministry of Housing & Urban Affairs,Ministry of Housing & Urban Affairs,0,,205,,,186.13,,,2023-03-31,2026-02-28,,0,0,0,,,99,0,,,35.0,,,0,1,0.6082214765100735,Unknown / Multi-State,,,,,Unknown,,
702699,Muzaffarpur Storm Water Drainage Phase-I Project,Waste & Water,,Ministry of Housing & Urban Affairs,Ministry of Housing & Urban Affairs,0,,159,,,93.35,,,2023-10-31,2026-03-30,,0,0,0,,,84,0,,,28.9,,,0,1,0.6082214765100735,Unknown / Multi-State,,,,,Unknown,,
702842,Nagpur Water Supply Infrastructure Project,Waste & Water,,Ministry of Housing & Urban Affairs,Ministry of Housing & Urban Affairs,0,,274,,,2409.09,2015-10-12,,2023-03-31,2025-12-31,,0,0,0,,,99,0,,2015.0,33.0,,,0,1,-12.69797674631511,Unknown / Multi-State,,6.75,11.1,115.0,Post-RFCTLARR 2013 (High Compensation),425.0,10.389610389610393
703057,Patiala Water Supply Infrastructure Part-2 Project,Waste & Water,,Ministry of Housing & Urban Affairs,Ministry of Housing & Urban Affairs,0,,287,,,213.64,,,2023-10-31,2026-02-16,,0,0,0,,,99,0,,,27.6,,,0,1,0.6082214765100735,Unknown / Multi-State,,,,,Unknown,,
702851,Pune Water Supply Infrastructure Project,Waste & Water,,Ministry of Housing & Urban Affairs,Ministry of Housing & Urban Affairs,0,,236,,,184.98,,,2023-03-31,2026-03-31,,0,0,0,,,95,0,,,36.0,,,0,1,10.26683343756516,Unknown / Multi-State,,,,,Unknown,,
702742,SAAP-3 Water Supply Infrastructure SAAP-3 Project,Waste & Water,,Ministry of Housing & Urban Affairs,Ministry of Housing & Urban Affairs,0,,159,,,787.5,2017-02-02,,2023-10-31,2026-03-30,,0,0,0,,,65,0,,2017.0,28.9,,,0,1,10.26683343756516,Unknown / Multi-State,,6.0,10.1,165.0,Post-RFCTLARR 2013 (High Compensation),505.0,8.602150537634401
702808,Satna Sewerage Management and Treatment Infrastructure Project,Waste & Water,,Ministry of Housing & Urban Affairs,Ministry of Housing & Urban Affairs,0,,192,215.89,,191.79,,,2024-03-31,2026-03-31,,0,0,0,,,88,0,,,24.0,23.889999999999986,12.442708333333325,1,1,-12.69797674631511,Unknown / Multi-State,,,,,Unknown,,
702734,Sewerage Management Scheme Part-3 Implementation,Waste & Water,,Ministry of Housing & Urban Affairs,Ministry of Housing & Urban Affairs,0,,278,,,2005.13,,,2023-09-30,2026-03-30,,0,0,0,,,88,0,,,30.0,,,0,1,10.26683343756516,Unknown / Multi-State,,,,,Unknown,,
702735,Sewerage Management Scheme Part-3 Implementation,Waste & Water,,Ministry of Housing & Urban Affairs,Ministry of Housing & Urban Affairs,0,,213,,,168.14,,,2023-03-31,2026-01-30,,0,0,0,,,91,0,,,34.0,,,0,1,10.26683343756516,Unknown / Multi-State,,,,,Unknown,,
702810,Singrauli Sewerage Management and Treatment Infrastructure Project,Waste & Water,,Ministry of Housing & Urban Affairs,Ministry of Housing & Urban Affairs,0,,402,438.1,,357.68,,,2023-03-31,2026-06-30,,0,0,0,,,90,0,,,39.0,36.10000000000002,8.980099502487567,1,1,0.6082214765100735,Unknown / Multi-State,,,,,Unknown,,
702854,Solapur Sewerage Management Infrastructure Project,Waste & Water,,Ministry of Housing & Urban Affairs,Ministry of Housing & Urban Affairs,0,,180,,,172.22,,,2023-03-31,2026-06-30,,0,0,0,,,98,0,,,39.0,,,0,1,10.26683343756516,Unknown / Multi-State,,,,,Unknown,,
702355,Storm water drainag Development Project,Waste & Water,,Ministry of Housing & Urban Affairs,ministry of housing and urban affairs,0,,210,,,,,,2024-03-20,,,0,0,0,,,20,0,,,0.0,,,0,0,-0.5724854676765867,Unknown / Multi-State,,,,,Unknown,,
707267,Upgradation of Sewerage system in Gandhinagar City,Waste & Water,,Ministry of Housing & Urban Affairs,ministry of housing and urban affairs,0,,200,,,100.0,,,2023-06-30,,,0,0,0,,,10,0,,,0.0,,,0,0,-0.5724854676765867,Unknown / Multi-State,,,,,Unknown,,
400117,Arjun Sahayak Project,Water Resources,,"Department of Water Resources, River Development & GR",Irrigation & Water Resources-UP,0,,741,2465.68,,3218.3,,,2019-12-31,2019-12-31,,0,0,0,,,100,0,,,0.0,1724.6799999999998,232.75033738191632,1,0,,Unknown / Multi-State,,,,,Unknown,,
701390,Arjuna Medium Irrigation project,Water Resources,,"Department of Water Resources, River Development & GR",Department of water resources-MH - II,0,,334,611.0,,803.89,,,2019-12-31,2024-12-31,,0,0,0,,,100,0,,,60.0,277.0,82.93413173652695,1,1,,Unknown / Multi-State,,,,,Unknown,,
701391,Aruna Medium Irrigation Project,Water Resources,,"Department of Water Resources, River Development & GR",Department of water resources-MH - II,0,,210,1472.14,,1697.94,2009-01-04,,2019-12-31,2025-12-31,,0,0,0,,,97,0,,2009.0,72.0,1262.14,601.0190476190477,1,1,-3.3825944170771782,Unknown / Multi-State,,4.75,9.8,26.5,Pre-RFCTLARR 2013 (Old 1894 Act),190.0,15.15151515151516
400116,Bargi Diversion Project Phase - III [km. 104 to km 154],Water Resources,,"Department of Water Resources, River Development & GR",Water Resources-MP,0,,1229,1399.7,,1906.5,2007-01-04,,2019-12-31,2026-03-31,,0,0,0,,,80,0,,2007.0,75.0,170.70000000000005,13.889340927583405,1,1,10.248823133826512,Unknown / Multi-State,,7.75,12.25,18.2,Pre-RFCTLARR 2013 (Old 1894 Act),142.0,13.59999999999999
400115,Bargi Diversion Project Phase - IV [km. 154 to km 197],Water Resources,,"Department of Water Resources, River Development & GR",Water Resources-MP,0,,751,893.35,,746.19,2008-01-04,,2019-12-31,2026-03-31,,0,0,0,,,75,0,,2008.0,75.0,142.35000000000002,18.954727030625833,1,1,11.44321093082834,Unknown / Multi-State,,7.5,12.0,22.0,Pre-RFCTLARR 2013 (Old 1894 Act),165.0,16.19718309859155
701388,Bembla Irrigation Project,Water Resources,,"Department of Water Resources, River Development & GR",Department of water resources-MH - II,0,,1353,2685.41,,2689.7,,,2019-12-31,2025-06-30,,0,0,0,,,98,0,,,66.0,1332.4099999999999,98.47819660014781,1,1,,Unknown / Multi-State,,,,,Unknown,,
617422,Bodwad Parisar Sinchan Yojna,Water Resources,,"Department of Water Resources, River Development & GR",Department of Water Resources-MH,0,,1924,,,1770.13,2002-10-05,,2027-07-31,,,0,0,0,,,49,0,,2002.0,0.0,,,0,0,,Unknown / Multi-State,,6.25,10.8,,Pre-RFCTLARR 2013 (Old 1894 Act),,
701370,Borolia Irrigation Project,Water Resources,,"Department of Water Resources, River Development & GR","Department of Water Resources, River Development & GR",0,,256,,,44.7,1996-01-04,,2022-12-31,2026-03-31,,0,0,0,,,55,0,,1996.0,39.0,,,0,1,,Unknown / Multi-State,,,,,Pre-RFCTLARR 2013 (Old 1894 Act),,
701371,Durgawati Reservoir Project,Water Resources,,"Department of Water Resources, River Development & GR",Irrigation and CAD-TG,0,,691,971.96,,978.51,,,2019-12-31,2024-12-31,,0,0,0,,,87,0,,,60.0,280.96000000000004,40.659913169319836,1,1,,Unknown / Multi-State,,,,,Unknown,,
400095,Gosikhurd CADWM Project,Water Resources,,"Department of Water Resources, River Development & GR",Department of water resources-MH - II,0,,744,,,252.0,2017-01-04,,2019-12-31,2026-06-30,,0,0,0,,,50,0,,2017.0,78.0,,,0,1,10.26683343756516,Unknown / Multi-State,,6.0,10.1,165.0,Post-RFCTLARR 2013 (High Compensation),505.0,8.602150537634401
701386,Gosikhurd Project,Water Resources,,"Department of Water Resources, River Development & GR",Department of water resources-MH - II,0,,7196,12770.1,,13533.3,2017-11-12,,2019-12-31,2026-06-30,,0,0,0,,,72,0,,2017.0,78.0,5574.1,77.46108949416343,1,1,10.26683343756516,Unknown / Multi-State,,6.0,10.1,165.0,Post-RFCTLARR 2013 (High Compensation),505.0,8.602150537634401
400101,Gundlakamma project,Water Resources,,"Department of Water Resources, River Development & GR",Water Resources-AP,0,,397,697.39,,619.09,2005-01-04,,2019-12-31,2027-03-31,,0,0,0,,,98,0,,2005.0,87.0,300.39,75.66498740554157,1,1,,Unknown / Multi-State,,6.25,10.5,12.5,Pre-RFCTLARR 2013 (Old 1894 Act),110.0,
400103,Indiramma Flood Flow Canal Project,Water Resources,,"Department of Water Resources, River Development & GR",Irrigation and CAD-TG,0,,1331,5940.09,,4491.08,2005-01-04,,2019-12-31,2026-12-31,,0,0,0,,,92,0,,2005.0,84.0,4609.09,346.2877535687453,1,1,,Unknown / Multi-State,,6.25,10.5,12.5,Pre-RFCTLARR 2013 (Old 1894 Act),110.0,
603945,Integrated Anandpur Barrage Project,Water Resources,,"Department of Water Resources, River Development & GR",Water Resources-OR,0,,567,2990.05,,2629.74,1997-01-04,,2019-12-31,2026-06-30,,0,0,0,,,62,0,,1997.0,78.0,2423.05,427.34567901234567,1,1,,Unknown / Multi-State,,,,,Pre-RFCTLARR 2013 (Old 1894 Act),,
400094,J. ChokhaRao LIS CADWM Project,Water Resources,,"Department of Water Resources, River Development & GR",Irrigation and CAD-TG,0,,760,13445.4,,,,,2019-12-31,2023-03-31,,0,0,0,,,0,0,,,39.0,12685.4,1669.1315789473683,1,1,,Unknown / Multi-State,,,,,Unknown,,
701405,J. Chokka Rao Devadula Lift Irrigation Scheme,Water Resources,,"Department of Water Resources, River Development & GR",Irrigation and CAD-TG,0,,8201,14730.0,,4558.89,2006-01-04,,2019-12-31,2025-12-31,,0,0,0,,,87,0,,2006.0,72.0,6529.0,79.61224240946227,1,1,9.871434904684495,Unknown / Multi-State,,7.25,11.5,15.0,Pre-RFCTLARR 2013 (Old 1894 Act),125.0,13.636363636363647
613787,Jamrani Dam Multipurpose Project,Water Resources,,"Department of Water Resources, River Development & GR",Irrigation-UK,0,,2584,,,1267.4,,,2029-06-28,,,0,0,0,,,25,0,,,0.0,,,0,0,-5.897937298933953,Unknown / Multi-State,,,,,Unknown,,
400112,Jigaon Irrigation Project,Water Resources,,"Department of Water Resources, River Development & GR",Department of water resources-MH - II,0,,7223,,,10516.6,2017-01-04,,2028-06-30,,,0,0,0,,,92,0,,2017.0,0.0,,,0,0,10.26683343756516,Unknown / Multi-State,,6.0,10.1,165.0,Post-RFCTLARR 2013 (High Compensation),505.0,8.602150537634401
701404,Kanupur Irrigation Project,Water Resources,,"Department of Water Resources, River Development & GR",Irrigation and CAD-TG,0,,989,2301.28,,2712.75,2003-01-04,,2019-12-31,2026-06-30,,0,0,0,,,79,0,,2003.0,78.0,1312.2800000000002,132.68756319514662,1,1,,Unknown / Multi-State,,6.0,10.25,,Pre-RFCTLARR 2013 (Old 1894 Act),,
400111,Kelo Irrigation Project,Water Resources,,"Department of Water Resources, River Development & GR",Water Resources-CT,0,,460,727.04,,616.93,2008-01-04,,2019-12-31,2026-06-30,,0,0,0,,,72,0,,2008.0,78.0,267.03999999999996,58.05217391304347,1,1,11.44321093082834,Unknown / Multi-State,,7.5,12.0,22.0,Pre-RFCTLARR 2013 (Old 1894 Act),165.0,16.19718309859155
701530,Ken-Betwa Linking Development Project,Water Resources,,"Department of Water Resources, River Development & GR","Department of Water Resources, River Development, ",0,,21030,,,8530.86,,,2029-03-31,,,0,0,0,,,0,0,,,0.0,,,0,0,,Unknown / Multi-State,,,,,Unknown,,
701392,Krishna Koyana Lift Irrigation Project,Water Resources,,"Department of Water Resources, River Development & GR",Department of water resources-MH - II,0,,974,2774.9,,1069.82,2009-03-03,,2019-12-31,2023-12-31,,0,0,0,,,90,0,,2009.0,48.0,1800.9,184.89733059548254,1,1,-3.3825944170771782,Unknown / Multi-State,,4.75,9.8,26.5,Pre-RFCTLARR 2013 (Old 1894 Act),190.0,15.15151515151516
701399,Kudali Irrigation Project,Water Resources,,"Department of Water Resources, River Development & GR","Department of Water Resources, River Development & GR",0,,382,,,239.03,2009-01-04,,2025-12-31,2026-03-31,,0,0,0,,,86,0,,2009.0,3.0,,,0,1,-3.3825944170771782,Unknown / Multi-State,,4.75,9.8,26.5,Pre-RFCTLARR 2013 (Old 1894 Act),190.0,15.15151515151516
701396,Lower Pedhi Project,Water Resources,,"Department of Water Resources, River Development & GR",Department of water resources-MH - II,0,,256,1480.7,,1324.78,2008-01-04,,2019-12-31,2026-06-30,,0,0,0,,,65,0,,2008.0,78.0,1224.7,478.3984375,1,1,11.44321093082834,Unknown / Multi-State,,7.5,12.0,22.0,Pre-RFCTLARR 2013 (Old 1894 Act),165.0,16.19718309859155
701408,Madhya Ganga canal Phase-II,Water Resources,,"Department of Water Resources, River Development & GR",Irrigation & Water Resources-UP,0,,1061,4417.21,,4415.24,2008-01-04,,2019-12-31,2025-12-31,,0,0,0,,,82,0,,2008.0,72.0,3356.21,316.32516493873703,1,1,11.44321093082834,Unknown / Multi-State,,7.5,12.0,22.0,Pre-RFCTLARR 2013 (Old 1894 Act),165.0,16.19718309859155
701395,Morna [Gureghar] Irrigation Project,Water Resources,,"Department of Water Resources, River Development & GR","Department of Water Resources, River Development & GR",0,,220,,,115.2,2007-01-04,,2025-12-31,,,0,0,0,,,31,0,,2007.0,0.0,,,0,0,10.248823133826512,Unknown / Multi-State,,7.75,12.25,18.2,Pre-RFCTLARR 2013 (Old 1894 Act),142.0,13.59999999999999
701398,Nardave Medium Irrigation Project,Water Resources,,"Department of Water Resources, River Development & GR",Department of water resources-MH - II,0,,211,781.85,,623.5,2009-01-04,,2019-12-31,2026-06-30,,0,0,0,,,72,0,,2009.0,78.0,570.85,270.54502369668245,1,1,-3.3825944170771782,Unknown / Multi-State,,4.75,9.8,26.5,Pre-RFCTLARR 2013 (Old 1894 Act),190.0,15.15151515151516
701412,North Koel Reservoir Project,Water Resources,,"Department of Water Resources, River Development & GR","Department of Water Resources, River Development & GR",0,,1622,2430.76,,151.04,2017-01-08,,2021-03-31,2026-03-31,,0,0,0,,,32,0,,2017.0,60.0,808.7600000000002,49.861898890258956,1,1,10.26683343756516,Unknown / Multi-State,,6.0,10.1,165.0,Post-RFCTLARR 2013 (High Compensation),505.0,8.602150537634401
400096,Omkareshwar CADWM Project,Water Resources,,"Department of Water Resources, River Development & GR",Water resource-mp,0,,648,648.09,,208.06,2017-01-04,,2019-12-31,2027-06-30,,0,0,0,,,50,0,,2017.0,89.9,0.09000000000003183,0.0138888888888938,1,1,10.26683343756516,Unknown / Multi-State,,6.0,10.1,165.0,Post-RFCTLARR 2013 (High Compensation),505.0,8.602150537634401
701415,Polavaram Irrigation Project,Water Resources,,"Department of Water Resources, River Development & GR",Water Resources-AP,0,,10151,55548.9,,24347.8,2009-01-02,,2022-04-30,2026-03-31,,0,0,0,,,83,0,,2009.0,47.0,45397.9,447.22588907496805,1,1,-3.3825944170771782,Unknown / Multi-State,,4.75,9.8,26.5,Pre-RFCTLARR 2013 (Old 1894 Act),190.0,15.15151515151516
400104,Punpun Barrage Project,Water Resources,,"Department of Water Resources, River Development & GR",Water Resources-BR,0,,571,658.12,,447.68,2007-01-04,,2019-12-31,2026-03-31,,0,0,0,,,44,0,,2007.0,75.0,87.12,15.257443082311733,1,1,10.248823133826512,Unknown / Multi-State,,7.75,12.25,18.2,Pre-RFCTLARR 2013 (Old 1894 Act),142.0,13.59999999999999
400109,Purna Barrage-2 [Ner Dhamana] Medium Irrigation Project,Water Resources,,"Department of Water Resources, River Development & GR",Department of water resources-MH - II,0,,848,888.43,,690.49,2017-01-04,,2020-06-30,2026-06-30,,0,0,0,,,69,0,,2017.0,72.0,40.42999999999995,4.7676886792452775,1,1,10.26683343756516,Unknown / Multi-State,,6.0,10.1,165.0,Post-RFCTLARR 2013 (High Compensation),505.0,8.602150537634401
701406,Rajiv Bhima Lift Irrigation Scheme,Water Resources,,"Department of Water Resources, River Development & GR",Irrigation and CAD-TG,0,,1402,2509.66,,1839.76,2007-01-04,,2019-12-31,2026-03-31,,0,0,0,,,100,0,,2007.0,75.0,1107.6599999999999,79.00570613409414,1,1,10.248823133826512,Unknown / Multi-State,,7.75,12.25,18.2,Pre-RFCTLARR 2013 (Old 1894 Act),142.0,13.59999999999999
701410,Relining of  Rajasthan feeder and Sirhind Feeder canal,Water Resources,,"Department of Water Resources, River Development & GR",Department of Water Resources-PB,0,,1441,2462.16,,2962.99,2016-03-02,,2021-06-30,2025-06-30,,0,0,0,,,80,0,,2016.0,48.0,1021.1599999999999,70.8646773074254,1,1,0.6082214765100735,Unknown / Multi-State,,6.25,10.4,138.0,Post-RFCTLARR 2013 (High Compensation),465.0,9.411764705882364
400100,Sardar Gouthu Latchanna Thotapalli Barrage Project,Water Resources,,"Department of Water Resources, River Development & GR",Water Resources-AP,0,,353,1023.24,,869.11,2005-01-04,,2019-12-31,2026-06-30,,0,0,0,,,95,0,,2005.0,78.0,670.24,189.86968838526911,1,1,,Unknown / Multi-State,,6.25,10.5,12.5,Pre-RFCTLARR 2013 (Old 1894 Act),110.0,
400097,Sardar Sarovar CADWM Project,Water Resources,,"Department of Water Resources, River Development & GR","Narmada and Water Resources, Water Supply and Kalpsar Department-GJ",0,,5022,6670.31,,4954.99,2017-01-04,,2019-12-31,2026-03-31,,0,0,0,,,90,0,,2017.0,75.0,1648.3100000000004,32.82178414974115,1,1,10.26683343756516,Unknown / Multi-State,,6.0,10.1,165.0,Post-RFCTLARR 2013 (High Compensation),505.0,8.602150537634401
701372,Sardar Sarovar Project,Water Resources,,"Department of Water Resources, River Development & GR","Narmada and Water Resources, Water Supply and Kalpsar Department-GJ",0,,20718,33412.5,,31860.9,1996-01-04,,2019-12-31,2026-03-31,,0,0,0,,,93,0,,1996.0,75.0,12694.5,61.272806255430055,1,1,,Unknown / Multi-State,,,,,Pre-RFCTLARR 2013 (Old 1894 Act),,
400093,Saryu Nahar CADWM Project,Water Resources,,"Department of Water Resources, River Development & GR",Irrigation & Water Resources-UP,0,,1673,,,22.24,2017-01-04,,2019-12-31,2026-03-31,,0,0,0,,,1,0,,2017.0,75.0,,,0,1,10.26683343756516,Unknown / Multi-State,,6.0,10.1,165.0,Post-RFCTLARR 2013 (High Compensation),505.0,8.602150537634401
701411,Shahpur Kandi Dam Project,Water Resources,,"Department of Water Resources, River Development & GR",Department of Water Resources-PB,0,,2286,2715.7,,2201.94,2010-08-02,,2022-06-30,2026-06-30,,0,0,0,,,88,0,,2010.0,48.0,429.6999999999998,18.797025371828514,1,1,8.65624291864946,Unknown / Multi-State,,6.25,10.5,32.0,Pre-RFCTLARR 2013 (Old 1894 Act),220.0,15.789473684210531
400102,Sri Ram Sagar Project Stage - II,Water Resources,,"Department of Water Resources, River Development & GR",Irrigation and CAD-TG,0,,736,949.87,,940.7,2005-01-04,,2019-12-31,2026-03-31,,0,0,0,,,96,0,,2005.0,75.0,213.87,29.05842391304348,1,1,,Unknown / Multi-State,,6.25,10.5,12.5,Pre-RFCTLARR 2013 (Old 1894 Act),110.0,
701376,"Subernarekha   Multipurpose Project, Jharkhand",Water Resources,,"Department of Water Resources, River Development & GR",Department of Water Resources-JH,0,,3808,9579.58,,5561.97,2011-01-04,,2019-12-31,2026-03-31,,0,0,0,,,69,0,,2011.0,75.0,5771.58,151.56460084033614,1,1,4.2752867570385655,Unknown / Multi-State,,8.5,12.5,38.5,Pre-RFCTLARR 2013 (Old 1894 Act),255.0,15.909090909090917
701402,"Subernarekha Project, Odisha",Water Resources,,"Department of Water Resources, River Development & GR","Department of Water Resources, River Development & GR",0,,3056,7023.19,,8060.82,,,2019-12-31,2026-03-31,,0,0,0,,,96,0,,,75.0,3967.1899999999996,129.81642670157066,1,1,,Unknown / Multi-State,,,,,Unknown,,
400107,Sulwade-Jamphal-Kanoli Lift Irrigation Scheme,Water Resources,,"Department of Water Resources, River Development & GR",Department of water resources-MH - II,0,,2408,,,2559.71,2017-01-04,,2023-06-30,2027-06-30,,0,0,0,,,80,0,,2017.0,48.0,,,0,1,10.26683343756516,Unknown / Multi-State,,6.0,10.1,165.0,Post-RFCTLARR 2013 (High Compensation),505.0,8.602150537634401
701400,Thoubal Multipurpose Project,Water Resources,,"Department of Water Resources, River Development & GR",Water Resources Department-MN,0,,1449,1822.24,,1837.91,1997-01-04,,2019-12-31,2026-03-31,,0,0,0,,,98,0,,1997.0,75.0,373.24,25.758454106280194,1,1,,Unknown / Multi-State,,,,,Pre-RFCTLARR 2013 (Old 1894 Act),,
701384,Tillari Irrigation Project,Water Resources,,"Department of Water Resources, River Development & GR",Department of water resources-MH - II,0,,368,649.6,,724.36,,,2019-12-31,2025-01-31,,0,0,0,,,99,0,,,61.0,281.6,76.52173913043478,1,1,,Unknown / Multi-State,,,,,Unknown,,
701377,Upper Tunga Irrigation Project,Water Resources,,"Department of Water Resources, River Development & GR",Water Resources-KA,0,,770,1606.07,,1515.32,2014-01-04,,2019-12-31,2026-03-31,,0,0,0,,,99,0,,2014.0,75.0,836.0699999999999,108.58051948051948,1,1,-0.6909719065369746,Unknown / Multi-State,,8.0,12.0,92.0,Post-RFCTLARR 2013 (High Compensation),385.0,13.235294117647056
400105,Urmodi Irrigation Project,Water Resources,,"Department of Water Resources, River Development & GR",Department of water resources-MH - II,0,,581,895.81,,713.46,2017-01-04,,2022-06-30,2026-12-31,,0,0,0,,,76,0,,2017.0,54.0,314.80999999999995,54.184165232358,1,1,10.26683343756516,Unknown / Multi-State,,6.0,10.1,165.0,Post-RFCTLARR 2013 (High Compensation),505.0,8.602150537634401
701383,Waghur Project,Water Resources,,"Department of Water Resources, River Development & GR",Department of water resources-MH - II,0,,1059,1758.51,,1557.14,1996-01-04,,2019-12-31,2026-03-31,,0,0,0,,,89,0,,1996.0,75.0,699.51,66.05382436260624,1,1,,Unknown / Multi-State,,,,,Pre-RFCTLARR 2013 (Old 1894 Act),,
619186,Construction of Balance works of Major Bridge over Middle Strait Creek between Km.106.590 to km108.553 of NH-04 connecting South Andaman  & Baratang Island in the Union Territory of Andaman & Nicobar Islands on EPC basis,Roads & Highways,Andaman & Nicobar,Ministry of Road Transport & Highways,NHIDCL,0,,263,371.88,,0.0,,,2026-02-25,2026-12-31,,0,0,0,,,13,0,,,10.2,108.88,41.39923954372623,1,1,-12.69797674631511,Unknown / Multi-State,,,,,Unknown,,
619185,Rehabilitation and up-gradation and completion of balance work of section from Km 155.00 to Km 181.00 End of Jarwa to Rangat of NH -4 Total length 26 Km to Intermediate Lane/2-lane with hard shoulders in the UT of A&N Islands on EPC basis - Package-III.B Balance work,Roads & Highways,Andaman & Nicobar,Ministry of Road Transport & Highways,NHIDCL,0,,184,333.12,,0.0,,,2025-10-05,2027-03-31,,0,0,0,,,50,0,,,17.8,149.12,81.04347826086958,1,1,10.974572265809623,Unknown / Multi-State,,,,,Unknown,,
619184,"Rehabilitation and up-gradation and completion of balance works of the section from Km 107.760 km to 129.445 km After Middle strait to Humphrey, Km 130.600 to 138.300 After Humphrey to Kadamtala of NH-4 Intermediate/2-Lane with hard shoulder in the Union Territory of Andaman & Nicobar Islands on EPC basis Package-IIIA",Roads & Highways,Andaman & Nicobar,Ministry of Road Transport & Highways,NHIDCL,0,,207,376.48,,0.0,,,2025-09-13,2026-12-31,,0,0,0,,,81,0,,,15.6,169.48000000000002,81.87439613526571,1,1,10.974572265809623,Unknown / Multi-State,,,,,Unknown,,
619102,4 L of China Orampadu-Renigunta section of NH-716 Package-II of Kadapa-Renigunta section,Roads & Highways,Andhra Pradesh,Ministry of Road Transport & Highways,National Highways Authority of India [NHAI],0,,1500,,,0.17,2022-05-12,,2028-03-15,2028-03-14,,0,0,0,,,0,0,,2022.0,-0.0,,,0,0,10.80589921017685,Sanctioned in Mid-Term,7.3,6.25,9.2,330.0,Post-RFCTLARR 2013 (High Compensation),720.0,8.270676691729317
618826,4 Laning of NH-544D from Km 0.000 to km 37.000 of Anantapur- Muchukota section Pkg-1,Roads & Highways,Andhra Pradesh,Ministry of Road Transport & Highways,NHAI,0,,908,905.98,,468.12,2022-11-10,,2025-07-21,2026-08-31,,0,0,0,,,92,0,,2022.0,13.3,-2.019999999999982,-0.22246696035242092,0,1,10.80589921017685,Sanctioned in Mid-Term,7.3,6.25,9.2,330.0,Post-RFCTLARR 2013 (High Compensation),720.0,8.270676691729317
618827,4 Laning of NH-544D from Km 37.000 to km 69.000 of Muchukota- Bugga section Pkg-2,Roads & Highways,Andhra Pradesh,Ministry of Road Transport & Highways,National Highways Authority of India [NHAI],0,,1098,1055.23,,320.17,,,2025-08-15,2026-07-24,,0,0,0,,,71,0,,,11.3,-42.76999999999998,-3.8952641165755906,0,1,10.80589921017685,Sanctioned in Mid-Term,7.3,,,,Unknown,,
618013,4-laning of  Puttaparthi-Koduru Section of NH-342,Roads & Highways,Andhra Pradesh,Ministry of Road Transport & Highways,MoRTH,0,,1319,909.19,,341.52,,,2025-11-06,2026-04-30,,0,0,0,,,80,0,,,5.7,-409.80999999999995,-31.069749810462465,0,1,10.80589921017685,Sanctioned in Mid-Term,7.3,,,,Unknown,,
619143,4L Access Controlled Greenfield Highway section on NH-163G Khammam  Vijayawada from BrahmanapalliK village at Design Ch. 250.400 Km to Remidicherla village at Design Ch. 280.200 KmPackage-II,Roads & Highways,Andhra Pradesh,Ministry of Road Transport & Highways,NHAI,0,,826,862.58,,165.28,,,2027-03-26,2027-06-30,,0,0,0,,,24,0,,,3.2,36.58000000000004,4.428571428571434,1,1,-5.897937298933953,Sanctioned in Pre-Election Year (Rush),7.966666666666666,,,,Unknown,,
618818,4L Access Controlled Greenfield Highway section on NH-163G Khammam Vijayawada from Remidicherla village at Design Ch. 280.200 Km to Jakkampudi village on NH-16 at Design Ch. 309.909 Km Package-III,Roads & Highways,Andhra Pradesh,Ministry of Road Transport & Highways,National Highways Authority of India [NHAI],0,,1183,1225.14,,0.91,,,2027-05-07,2027-05-07,,0,0,0,,,2,0,,,0.0,42.1400000000001,3.5621301775148018,1,0,-5.897937298933953,Sanctioned in Pre-Election Year (Rush),7.966666666666666,,,,Unknown,,
618807,"4L Greenfield Road connecting North and South industrial cluster of Khandaleru Creek near Krishnapatnam port at Thamminapatnam to Mollur  from Km 0.0 to Km 16.046, Part I & 6L  extension of dedicated port road of NH-67 Km 18.0 to Km 19.3, Part II",Roads & Highways,Andhra Pradesh,Ministry of Road Transport & Highways,NHAI,0,,609,559.98,,552.88,,,2025-09-24,2027-01-31,,0,0,0,,,82,0,,,16.2,-49.01999999999998,-8.049261083743838,0,1,10.80589921017685,Sanctioned in Mid-Term,7.3,,,,Unknown,,
618633,4L of Kadapa  China Orampadu section of NH-716 Package I of Kadapa-Renigunta section,Roads & Highways,Andhra Pradesh,Ministry of Road Transport & Highways,National Highways Authority of India [NHAI],0,,1733,,,0.03,2022-05-12,,2028-03-15,2028-03-14,,0,0,0,,,0,0,,2022.0,-0.0,,,0,0,10.80589921017685,Sanctioned in Mid-Term,7.3,6.25,9.2,330.0,Post-RFCTLARR 2013 (High Compensation),720.0,8.270676691729317
618778,4L of Madanapalle to Pileru Section from Km 0.000 to Km 55.900 of NH-71Package-I,Roads & Highways,Andhra Pradesh,Ministry of Road Transport & Highways,NHAI,0,,1877,1994.1,,1182.65,,,2025-01-12,2026-07-31,,0,0,0,,,95,0,,,18.6,117.09999999999991,6.238678742674476,1,1,10.80589921017685,Sanctioned in Mid-Term,7.3,,,,Unknown,,
618777,4L of Pileru to Kalur Section from Km 55.900 to Km 92.800 & Km 94.500 to Km 95.717 of NH-71Package-II,Roads & Highways,Andhra Pradesh,Ministry of Road Transport & Highways,National Highways Authority of India [NHAI],0,,1877,592.85,,246.05,2022-11-03,,2025-11-18,2026-06-30,,0,0,0,,,99,0,,2022.0,7.4,-1284.15,-68.41502397442729,0,1,10.80589921017685,Sanctioned in Mid-Term,7.3,6.25,9.2,330.0,Post-RFCTLARR 2013 (High Compensation),720.0,8.270676691729317
618919,4L PS from Mandlem Existing Km. 38.000/Design Km.30.600 to Atmakur Existing Km.73.000/Design Km 66.115 of NH340C  Package2,Roads & Highways,Andhra Pradesh,Ministry of Road Transport & Highways,National Highways Authority of India [NHAI],0,,887,913.03,,374.34,,,2025-11-22,,,0,0,0,,,99,0,,,0.0,26.029999999999973,2.9346110484780126,1,0,-5.897937298933953,Sanctioned in Pre-Election Year (Rush),7.966666666666666,,,,Unknown,,
618759,4L PS Mydukur - Badvel from Km 585.820 to Km 630.960 of NH-67,Roads & Highways,Andhra Pradesh,Ministry of Road Transport & Highways,NHAI,0,,1064,1103.87,,585.5,,,2025-09-19,2026-10-31,,0,0,0,,,90,0,,,13.4,39.86999999999989,3.7471804511278095,1,1,10.80589921017685,Sanctioned in Mid-Term,7.3,,,,Unknown,,
619077,6 laning of Balance Work of Chennai - Tada from km. 21.40 to km. 54.40,Roads & Highways,Andhra Pradesh,Ministry of Road Transport & Highways,NHAI,0,,465,472.37,,389.75,2017-06-12,,2020-03-27,2026-07-31,,0,0,0,,,100,0,,2017.0,76.1,7.3700000000000045,1.5849462365591407,1,1,10.26683343756516,Sanctioned in Mid-Term,-0.2666666666666669,6.0,10.1,165.0,Post-RFCTLARR 2013 (High Compensation),505.0,8.602150537634401
618720,6L  Access Controlled Greenfield Highway from Audireddipalle Ch. 160000 to Mallapalle Ch. 176000Package-07,Roads & Highways,Andhra Pradesh,Ministry of Road Transport & Highways,NHAI,0,,987,848.06,,338.11,,,2026-03-06,2027-04-30,,0,0,0,,,71,0,,,13.8,-138.94000000000005,-14.07700101317123,0,1,-5.897937298933953,Sanctioned in Pre-Election Year (Rush),7.966666666666666,,,,Unknown,,
618721,6L  Access Controlled Greenfield Highway from Chandrasekharapuram Ch. 228000 to Polavaram Ch. 260000of [NH-544G] Package-11,Roads & Highways,Andhra Pradesh,Ministry of Road Transport & Highways,National Highways Authority of India [NHAI],0,,1293,1110.33,,298.63,,,2026-02-10,2026-11-11,,0,0,0,,,54,0,,,9.0,-182.67000000000007,-14.12761020881671,0,1,-5.897937298933953,Sanctioned in Pre-Election Year (Rush),7.966666666666666,,,,Unknown,,
618718,6L  Access Controlled Greenfield Highway from Kavulakuntla Ch. 196000 to Narayanmpet Ch. 203500Package-09,Roads & Highways,Andhra Pradesh,Ministry of Road Transport & Highways,NHAI,0,,1092,956.4,,200.13,,,2027-02-07,2027-12-31,,0,0,0,,,48,0,,,10.7,-135.60000000000002,-12.41758241758242,0,1,-5.897937298933953,Sanctioned in Pre-Election Year (Rush),7.966666666666666,,,,Unknown,,
618719,6L  Access Controlled Greenfield Highway from Mallapalle Ch. 176000 to Kavulakuntla Ch. 196000 Package-08,Roads & Highways,Andhra Pradesh,Ministry of Road Transport & Highways,National Highways Authority of India [NHAI],0,,909,751.81,,226.03,,,2026-02-10,2026-11-11,,0,0,0,,,52,0,,,9.0,-157.19000000000005,-17.292629262926297,0,1,-5.897937298933953,Sanctioned in Pre-Election Year (Rush),7.966666666666666,,,,Unknown,,
619126,6L  Access Controlled Greenfield Highway from Marripudi Ch. 285500 to Somavarappadu Ch. 314600 of [NH-544G] Package-13,Roads & Highways,Andhra Pradesh,Ministry of Road Transport & Highways,NHAI,0,,976,798.71,,370.82,,,2026-02-09,2027-04-30,,0,0,0,,,73,0,,,14.6,-177.28999999999996,-18.16495901639344,0,1,-5.897937298933953,Sanctioned in Pre-Election Year (Rush),7.966666666666666,,,,Unknown,,
619123,6L  Access Controlled Greenfield Highway from Narayanmpet Ch. 203500 to Chandrasekharpuram Ch. 228000Package-10,Roads & Highways,Andhra Pradesh,Ministry of Road Transport & Highways,National Highways Authority of India [NHAI],0,,814,678.21,,167.64,,,2026-02-10,2026-06-10,,0,0,0,,,52,0,,,3.9,-135.78999999999996,-16.68181818181818,0,1,-5.897937298933953,Sanctioned in Pre-Election Year (Rush),7.966666666666666,,,,Unknown,,
619125,6L  Access Controlled Greenfield Highway from Somavarappadu Ch.314.600 to Muppavaram Ch.343240 of [NH-544G] Package-14,Roads & Highways,Andhra Pradesh,Ministry of Road Transport & Highways,NHAI,0,,1104,943.66,,259.07,,,2026-02-11,2027-10-31,,0,0,0,,,45,0,,,20.6,-160.34000000000003,-14.523550724637685,0,1,-5.897937298933953,Sanctioned in Pre-Election Year (Rush),7.966666666666666,,,,Unknown,,
618712,6L Access Controlled Greenfield Highway from Kodur Ch. 0000 to Vanavolu Ch. 24300 of [NH-544G]  Package-1,Roads & Highways,Andhra Pradesh,Ministry of Road Transport & Highways,NHAI,0,,913,798.25,,357.89,2023-03-01,,2026-02-03,2027-03-31,,0,0,0,,,87,0,,2023.0,13.8,-114.75,-12.568455640744796,0,1,-5.897937298933953,Sanctioned in Pre-Election Year (Rush),7.966666666666666,6.5,9.8,375.0,Post-RFCTLARR 2013 (High Compensation),780.0,8.333333333333325
618714,6L Access Controlled Greenfield Highway from Nallacheruvu palli Ch. 96300 to Yerragudipadu Ch. 129000 of [NH-544G]  Package-5,Roads & Highways,Andhra Pradesh,Ministry of Road Transport & Highways,National Highways Authority of India [NHAI],0,,1253,1095.78,,297.2,,,2026-02-10,2026-11-11,,0,0,0,,,58,0,,,9.0,-157.22000000000003,-12.547486033519556,0,1,10.80589921017685,Sanctioned in Mid-Term,7.3,,,,Unknown,,
618715,6L Access Controlled Greenfield Highway from Odulapalle Ch. 72000 to Nallacheruvu-palli Ch. 96300 of [NH-544G]Package-4,Roads & Highways,Andhra Pradesh,Ministry of Road Transport & Highways,NHAI,0,,1059,946.1,,403.17,2023-03-01,,2026-02-03,2027-04-30,,0,0,0,,,76,0,,2023.0,14.8,-112.89999999999998,-10.66100094428706,0,1,-5.897937298933953,Sanctioned in Pre-Election Year (Rush),7.966666666666666,6.5,9.8,375.0,Post-RFCTLARR 2013 (High Compensation),780.0,8.333333333333325
619124,6L Access Controlled Greenfield Highway from Polavaram Ch. 260000 to Marripudi Ch. 285500 of [NH-544G]Package-12,Roads & Highways,Andhra Pradesh,Ministry of Road Transport & Highways,NHAI,0,,747,626.83,,242.62,,,2026-02-10,2027-05-31,,0,0,0,,,70,0,,,15.6,-120.16999999999996,-16.087014725568938,0,1,-5.897937298933953,Sanctioned in Pre-Election Year (Rush),7.966666666666666,,,,Unknown,,
618717,6L Access Controlled Greenfield Highway from Vanavolu Ch. 24300 to Vankarakunta Ch. 45700 of [NH-544G]  Package-2,Roads & Highways,Andhra Pradesh,Ministry of Road Transport & Highways,NHAI,0,,751,626.91,,250.23,2023-03-01,,2026-03-01,2027-02-28,,0,0,0,,,86,0,,2023.0,12.0,-124.09000000000003,-16.523302263648475,0,1,-5.897937298933953,Sanctioned in Pre-Election Year (Rush),7.966666666666666,6.5,9.8,375.0,Post-RFCTLARR 2013 (High Compensation),780.0,8.333333333333325
618716,6L Access Controlled Greenfield Highway from Vankarakunta Ch. 45700 to Odulapalle Ch. 72000 of [NH-544G]Package-3,Roads & Highways,Andhra Pradesh,Ministry of Road Transport & Highways,National Highways Authority of India [NHAI],0,,993,888.07,,320.04,2022-12-12,,2026-03-01,2027-03-31,,0,0,0,,,76,0,,2022.0,13.0,-104.92999999999995,-10.566968781470287,0,1,10.80589921017685,Sanctioned in Mid-Term,7.3,6.25,9.2,330.0,Post-RFCTLARR 2013 (High Compensation),720.0,8.270676691729317
618713,6L Access Controlled Greenfield Highway from Yerragudipadu Ch. 129000 to Audireddipalle Ch. 160000 of [NH  544G]  Package-6,Roads & Highways,Andhra Pradesh,Ministry of Road Transport & Highways,NHAI,0,,1200,1019.69,,282.03,,,2026-02-10,2027-11-30,,0,0,0,,,45,0,,,21.6,-180.30999999999995,-15.02583333333333,0,1,-5.897937298933953,Sanctioned in Pre-Election Year (Rush),7.966666666666666,,,,Unknown,,
619212,6L Access Controlled Greenfield Highway of Julekal village to Dinnedevarapadu village from Km 242.200 to Km 280.400 Pkg-2,Roads & Highways,Andhra Pradesh,Ministry of Road Transport & Highways,NHAI,0,,1228,1315.87,,528.05,,,2025-01-03,2027-04-30,,0,0,0,,,69,0,,,27.8,87.86999999999989,7.155537459283378,1,1,10.80589921017685,Sanctioned in Mid-Term,7.3,,,,Unknown,,
618681,6L Aluru - Jakkuva Section of NH-130CD Road from km 365.033 to km 396.800 Pkg. 1,Roads & Highways,Andhra Pradesh,Ministry of Road Transport & Highways,NHAI,0,,1216,1241.66,,697.95,2021-10-02,,2024-03-29,2026-07-31,,0,0,0,,,100,0,,2021.0,28.1,25.660000000000082,2.1101973684210593,1,1,26.733988838692536,Sanctioned in Mid-Term,1.2333333333333332,4.0,7.5,290.0,Post-RFCTLARR 2013 (High Compensation),665.0,7.258064516129026
618805,6L Connectivity to Port Road from Sabbavaram Sheelanagar-NH516C,Roads & Highways,Andhra Pradesh,Ministry of Road Transport & Highways,National Highways Authority of India [NHAI],0,,977,,,64.7,,,2028-02-13,2028-02-12,,0,0,0,,,4,0,,,-0.0,,,0,0,0.7306609465075553,Sanctioned in Election Year,13.15,,,,Unknown,,
619111,6L Jakkuva  Korlam Section of NH-130CD Road from km 396.800 to km 421.100 Pkg 2,Roads & Highways,Andhra Pradesh,Ministry of Road Transport & Highways,NHAI,0,,841,840.51,,573.89,2021-09-02,,2024-03-29,2026-07-31,,0,0,0,,,100,0,,2021.0,28.1,-0.4900000000000091,-0.05826397146254567,0,1,26.733988838692536,Sanctioned in Mid-Term,1.2333333333333332,4.0,7.5,290.0,Post-RFCTLARR 2013 (High Compensation),665.0,7.258064516129026
619112,6L Kantakapalle  Sabbavaram Section of NH-130CD Road from Km 445.100 to Km 464.662 Pkg-4,Roads & Highways,Andhra Pradesh,Ministry of Road Transport & Highways,National Highways Authority of India [NHAI],0,,1013,1012.57,,508.13,,,2024-10-04,2026-12-31,,0,0,0,,,81,0,,,26.9,-0.42999999999995,-0.04244817374135735,0,1,26.733988838692536,Sanctioned in Mid-Term,1.2333333333333332,,,,Unknown,,
618682,6L Korlam-Kantakapalle Section of NH-130CD Road from Km 421.100 to Km 445.100 Pkg-3,Roads & Highways,Andhra Pradesh,Ministry of Road Transport & Highways,NHAI,0,,1113,1127.63,,849.97,,,2024-02-18,2026-07-31,,0,0,0,,,100,0,,,29.4,14.63000000000011,1.3144654088050414,1,1,26.733988838692536,Sanctioned in Mid-Term,1.2333333333333332,,,,Unknown,,
618579,6L of Anandapuram Pendurthi Anakapalli Section from km. 681.000 to km. 731.780 of NH-16,Roads & Highways,Andhra Pradesh,Ministry of Road Transport & Highways,National Highways Authority of India [NHAI],0,,2527,2957.25,,240.35,,,2021-07-01,2021-11-08,,0,0,0,,,100,0,,,4.3,430.25,17.026117926394935,1,1,10.974572265809623,Sanctioned in Pre-Election Year (Rush),5.033333333333333,,,,Unknown,,
618526,6L of Gundugolanu Design km 1023.280 to Kalaparru Design km 1050.680 of NH-5 New NH-16,Roads & Highways,Andhra Pradesh,Ministry of Road Transport & Highways,NHAI,0,,666,665.59,,643.95,,,2021-07-30,2026-08-31,,0,0,0,,,96,0,,,61.0,-0.40999999999996817,-0.061561561561556774,0,1,10.974572265809623,Sanctioned in Pre-Election Year (Rush),5.033333333333333,,,,Unknown,,
618772,6L of Kumarajapet to Veera Kaveri Raja Puram from km 43.800 to km 61.380 of NH-716B Pkg-II,Roads & Highways,Andhra Pradesh,Ministry of Road Transport & Highways,National Highways Authority of India [NHAI],0,,703,799.36,,370.57,2021-10-02,,2025-10-29,2026-05-10,,0,0,0,,,98,0,,2021.0,6.3,96.36000000000001,13.70697012802276,1,1,26.733988838692536,Sanctioned in Mid-Term,1.2333333333333332,4.0,7.5,290.0,Post-RFCTLARR 2013 (High Compensation),665.0,7.258064516129026
619140,6L of Naidupeta Junction - Turpukanupur Section from km 57.046 to km 91.927 ,Roads & Highways,Andhra Pradesh,Ministry of Road Transport & Highways,NHAI,0,,1399,965.58,,374.07,2022-10-08,,2025-10-19,2027-10-31,,0,0,0,,,49,0,,2022.0,24.4,-433.41999999999996,-30.980700500357393,0,1,10.80589921017685,Sanctioned in Mid-Term,7.3,6.25,9.2,330.0,Post-RFCTLARR 2013 (High Compensation),720.0,8.270676691729317
618771,6L of Varadharajula to Kumarajapet from km 0.000 to km 43.800 of NH-716B Pkg-I,Roads & Highways,Andhra Pradesh,Ministry of Road Transport & Highways,National Highways Authority of India [NHAI],0,,1925,1887.38,,947.66,2021-10-02,,2024-12-05,2026-04-10,,0,0,0,,,99,0,,2021.0,16.1,-37.61999999999989,-1.9542857142857089,0,1,26.733988838692536,Sanctioned in Mid-Term,1.2333333333333332,4.0,7.5,290.0,Post-RFCTLARR 2013 (High Compensation),665.0,7.258064516129026
618634,6L of Veera Kaveri Raja Puram to Pondavakkam from km 61.380 to km 96.040 of NH 716B Pkg-III,Roads & Highways,Andhra Pradesh,Ministry of Road Transport & Highways,National Highways Authority of India [NHAI],0,,1440,1439.77,,685.7,,,2025-01-24,2026-04-10,,0,0,0,,,99,0,,,14.5,-0.2300000000000182,-0.015972222222223487,0,1,26.733988838692536,Sanctioned in Mid-Term,1.2333333333333332,,,,Unknown,,
618920,Access Controlled Highway of 4 Lane with Paved Shoulders from TN/AP Border Design Chainage Km 6151 to Puttur Design Chainage Km 81540 of NH-716 & 6 Lane with Paved Shoulders from Mallavaram to Renigunta,Roads & Highways,Andhra Pradesh,Ministry of Road Transport & Highways,NHAI,0,,1347,1260.37,,188.66,2024-11-03,,2026-12-13,2027-03-31,,0,0,0,,,40,0,,2024.0,3.5,-86.63000000000011,-6.431328878990357,0,1,0.7306609465075553,Sanctioned in Election Year,13.15,6.5,9.85,420.0,Post-RFCTLARR 2013 (High Compensation),840.0,7.692307692307687
619160,Balance works in AP Portion and punch list items in TN & AP portion of NH-205,Roads & Highways,Andhra Pradesh,Ministry of Road Transport & Highways,National Highways Authority of India [NHAI],0,,167,113.46,,98.26,2022-06-10,,2025-01-04,2026-01-05,,0,0,0,,,100,0,,2022.0,12.0,-53.540000000000006,-32.05988023952096,0,1,10.80589921017685,Sanctioned in Mid-Term,7.3,6.25,9.2,330.0,Post-RFCTLARR 2013 (High Compensation),720.0,8.270676691729317
619199,Bangalore Chennai Expressway Phase-II Pkg-I from km.71.000 to Km 96.000 Bethamangala in the state of Karnataka to Byreddypalli,Roads & Highways,Andhra Pradesh,Ministry of Road Transport & Highways,NHAI,0,,1410,1410.01,,736.08,2020-04-12,,2024-10-09,2022-10-10,,0,0,0,,,99,0,,2020.0,0.0,0.009999999999990905,0.0007092198581553833,1,0,-0.5724854676765867,Sanctioned in Mid-Term,7.166666666666667,4.0,7.8,260.0,Post-RFCTLARR 2013 (High Compensation),620.0,5.982905982905984
618475,Bangalore Chennai Expressway Phase-II Pkg-II from km.96.000 to Km 127.000 Baireddypalle to Bangarupalem section,Roads & Highways,Andhra Pradesh,Ministry of Road Transport & Highways,NHAI,0,,2548,2548.04,,1327.64,,,2025-06-07,2026-10-30,,0,0,0,,,93,0,,,16.8,0.03999999999996362,0.0015698587127144278,1,1,26.733988838692536,Sanctioned in Mid-Term,1.2333333333333332,,,,Unknown,,
618476,Bangalore Chennai Expressway Phase-II Pkg-III from km.127.000 to Km 156.000 Bangarupalem to Gudipala section,Roads & Highways,Andhra Pradesh,Ministry of Road Transport & Highways,National Highways Authority of India [NHAI],0,,1407,1407.33,,689.49,,,2024-10-03,2026-05-08,,0,0,0,,,99,0,,,19.1,0.32999999999992724,0.02345415778251082,1,1,-0.5724854676765867,Sanctioned in Mid-Term,7.166666666666667,,,,Unknown,,
618477,Bangalore Chennai Expressway Phase-III  Package I Gudipala to Walajajhpet from Km 156.000 to Km 180.000,Roads & Highways,Andhra Pradesh,Ministry of Road Transport & Highways,NHAI,0,,1482,1481.87,,746.73,,,2024-05-28,2026-08-31,,0,0,0,,,99,0,,,27.1,-0.13000000000010914,-0.008771929824568767,0,1,-0.5724854676765867,Sanctioned in Mid-Term,7.166666666666667,,,,Unknown,,
618696,Bellary to Byrapura Section km 253.600 to km 308.550 of NH-150A,Roads & Highways,Andhra Pradesh,Ministry of Road Transport & Highways,National Highways Authority of India [NHAI],0,,1281,1689.6,,349.37,,,2021-10-23,2022-09-01,,0,0,0,,,100,0,,,10.3,408.5999999999999,31.896955503512874,1,1,10.974572265809623,Sanctioned in Pre-Election Year (Rush),5.033333333333333,,,,Unknown,,
618524,Construction of 6 lane elevated corridor including its approaches from Km. 629880 to Km. 634470 Design Chainage of NH-16 in Ranasthalam Town portion in the state of Andhra Pradesh on EPC Mode under NHO.,Roads & Highways,Andhra Pradesh,Ministry of Road Transport & Highways,National Highways Authority of India [NHAI],0,,258,192.85,,37.1,,,2027-03-20,2027-03-20,,0,0,0,,,31,0,,,0.0,-65.15,-25.251937984496127,0,0,0.7306609465075553,Sanctioned in Election Year,13.15,,,,Unknown,,
617990,Construction of bypass road to Adoni town connecting NH-167 Hagari - Jadcharla road from km.62/700 to 71/400 in Kurnool District in the State of Andhra Pradesh.,Roads & Highways,Andhra Pradesh,Ministry of Road Transport & Highways,MoRTH,0,,242,,,78.49,,,2025-11-04,,,0,0,0,,,95,0,,,0.0,,,0,0,-5.897937298933953,Sanctioned in Pre-Election Year (Rush),7.966666666666666,,,,Unknown,,
618525,Construction of flyover at Gammon Junction at Km.903.265 on NH16 including vent at Diwancheruvu junction at Km.902.308 Blackspot ID No.AP03299 in Andhra Pradesh on EPC mode under NHO,Roads & Highways,Andhra Pradesh,Ministry of Road Transport & Highways,National Highways Authority of India [NHAI],0,,327,223.29,,13.18,2025-07-03,,2027-10-20,2027-10-20,,0,0,0,,,9,0,,2025.0,0.0,-103.71000000000001,-31.715596330275233,0,0,1.889931456711258,Sanctioned in Mid-Term,14.1,6.25,9.5,465.0,Post-RFCTLARR 2013 (High Compensation),895.0,6.547619047619047
619141,Construction of four lane access controlled highway from Chillakuru cross road to Turpu KanupurPart 1 of Package - II km 0.000 131.500 of NH - 16 to km 23.770 on New NH-516W including six lane flyover and approaches on NH-16 length km 1.050 and six lane access controlled from Turpu Kanupur to Port South Gate Part 2 of Package - II km 23.770 to km 35.015 on New NH-516W in the state of Andhra Pradesh on HAM Mode under Bharatmala Pariyojana Phase I,Roads & Highways,Andhra Pradesh,Ministry of Road Transport & Highways,National Highways Authority of India [NHAI],0,,864,844.39,,305.44,2022-10-08,,2025-12-06,2026-03-08,,0,0,0,,,54,0,,2022.0,3.0,-19.610000000000014,-2.2696759259259274,0,1,10.80589921017685,Sanctioned in Mid-Term,7.3,6.25,9.2,330.0,Post-RFCTLARR 2013 (High Compensation),720.0,8.270676691729317
618412,Construction of i Connecting Road from Z-Morh Tunnel to Zojila Tunnel Road Length 18.475km and ii 14.150 Km long 2-L Bi-directional single tube Zoji-la Tunnel across Zojila Pass on Sonamarg - Kargil section from Km 82 to Km 118 of NH-01 under PMDP,Roads & Highways,Andhra Pradesh,Ministry of Road Transport & Highways,NHIDCL,0,,6809,,,3147.58,,,2026-09-30,2027-12-26,,0,0,0,,,66,0,,,14.8,,,0,1,10.974572265809623,Sanctioned in Pre-Election Year (Rush),5.033333333333333,,,,Unknown,,
618254,Construction of Paderu bypass Km 0000 to Km 13000 of 2- lane with paved shoulder on NH-516E,Roads & Highways,Andhra Pradesh,Ministry of Road Transport & Highways,MoRTH,0,,244,,,11.67,,,2026-07-08,2026-12-31,,0,0,0,,,13,0,,,5.8,,,0,1,-5.897937298933953,Sanctioned in Pre-Election Year (Rush),7.966666666666666,,,,Unknown,,
618804,Dedicated Port road to Krishnapatnam Port Package-I from Km. 0.000 to Km. 18.000,Roads & Highways,Andhra Pradesh,Ministry of Road Transport & Highways,National Highways Authority of India [NHAI],0,,349,341.36,,184.68,,,2020-12-19,2027-03-31,,0,0,0,,,79,0,,,75.3,-7.639999999999986,-2.189111747850999,0,1,10.974572265809623,Sanctioned in Pre-Election Year (Rush),5.033333333333333,,,,Unknown,,
618803,Development of 4L Road from Samarlakota to Achampeta Junction as part of Kakinada Port Connectivity to NH-16 Rajanagaram Junction in East Godavari District,Roads & Highways,Andhra Pradesh,Ministry of Road Transport & Highways,NHAI,0,,646,750.2,,680.06,2022-05-09,,2025-08-15,2026-12-29,,0,0,0,,,92,0,,2022.0,16.5,104.20000000000005,16.13003095975233,1,1,10.80589921017685,Sanctioned in Mid-Term,7.3,6.25,9.2,330.0,Post-RFCTLARR 2013 (High Compensation),720.0,8.270676691729317
618062,Dornala to Kunta Junction from Design Chainage Km 244000 to 267990 section of NH-765 Package-2,Roads & Highways,Andhra Pradesh,Ministry of Road Transport & Highways,MoRTH,0,,245,,,,,,2025-09-13,2026-01-31,,0,0,0,,,100,0,,,4.6,,,0,1,10.80589921017685,Sanctioned in Mid-Term,7.3,,,,Unknown,,
618192,Duttalur at NH-565 Junction to Kavali Joining on NH-16 Chainage Km. 36/400 to Km. 107/224 excluding the stretch from Km 101.880 to 105.300 67.404 Km of NH-167BG from in the State of Andhra Pradesh on EPC mode,Roads & Highways,Andhra Pradesh,Ministry of Road Transport & Highways,MoRTH,0,,424,,,,,,2024-07-03,2026-04-30,,0,0,0,,,95,0,,,21.9,,,0,1,26.733988838692536,Sanctioned in Mid-Term,1.2333333333333332,,,,Unknown,,
618052,Gorantla - Hindupur section from Km 120/300 to 165/000 of NH716G in the State of Andhra Pradesh,Roads & Highways,Andhra Pradesh,Ministry of Road Transport & Highways,MoRTH,0,,809,,,0.0,,,2027-08-17,2027-08-17,,0,0,0,,,29,0,,,0.0,,,0,0,0.7306609465075553,Sanctioned in Election Year,13.15,,,,Unknown,,
617984,"Gudivada Town 2 RoB, and Road improvement NH-165",Roads & Highways,Andhra Pradesh,Ministry of Road Transport & Highways,MoRTH,0,,317,,,0.0,,,2025-05-21,2027-03-31,,0,0,0,,,75,0,,,22.3,,,0,1,10.80589921017685,Sanctioned in Mid-Term,7.3,,,,Unknown,,
618806,Improvement of 4L road to 6L road and 4L dedicated Port Roads for the Port connectivity road from Convent junction to Sheelanagar Junction,Roads & Highways,Andhra Pradesh,Ministry of Road Transport & Highways,National Highways Authority of India [NHAI],0,,686,680.21,,444.34,,,2026-02-13,2026-06-30,,0,0,0,,,79,0,,,4.5,-5.789999999999964,-0.844023323615155,0,1,-5.897937298933953,Sanctioned in Pre-Election Year (Rush),7.966666666666666,,,,Unknown,,
618747,Khammam-Devarapalle Pkg III [4L Access Controlled Greenfield from Chintagudem village to Recherla village Design Chainage 63117 to 105236],Roads & Highways,Andhra Pradesh,Ministry of Road Transport & Highways,NHAI,0,,830,1227.07,,649.48,,,2024-09-26,2026-07-31,,0,0,0,,,99,0,,,22.1,397.06999999999994,47.83975903614457,1,1,26.733988838692536,Sanctioned in Mid-Term,1.2333333333333332,,,,Unknown,,
618748,Khammam-Devarapalle Pkg IV [4L Access Controlled Greenfield from Recherla village to Gurvaygudem village Design Chainage 105236 to 132664],Roads & Highways,Andhra Pradesh,Ministry of Road Transport & Highways,National Highways Authority of India [NHAI],0,,569,752.02,,322.19,,,2024-09-25,2025-05-31,,0,0,0,,,94,0,,,8.1,183.01999999999998,32.16520210896309,1,1,-0.5724854676765867,Sanctioned in Mid-Term,7.166666666666667,,,,Unknown,,
618749,Khammam-Devarapalle Pkg V [4L Access Controlled Greenfield from Gurvaygudem village to Devarapalle village Design Chainage 132664 to 162126,Roads & Highways,Andhra Pradesh,Ministry of Road Transport & Highways,National Highways Authority of India [NHAI],0,,712,926.48,,407.99,2020-07-12,,2024-09-25,2026-04-30,,0,0,0,,,98,0,,2020.0,19.1,214.48000000000002,30.123595505617978,1,1,-0.5724854676765867,Sanctioned in Mid-Term,7.166666666666667,4.0,7.8,260.0,Post-RFCTLARR 2013 (High Compensation),620.0,5.982905982905984
618101,Kondamodu to Perecherla Section Design Ch. Km 000 to Km 49917 of NH-167AG to to 4LPS,Roads & Highways,Andhra Pradesh,Ministry of Road Transport & Highways,MoRTH,0,,882,,,0.0,,,2027-04-19,2027-04-19,,0,0,0,,,38,0,,,0.0,,,0,0,0.7306609465075553,Sanctioned in Election Year,13.15,,,,Unknown,,
617986,Kurnool/Kadapa Border-Jammalamadugu section of NH-167K i.e. Design Ch. Km 248010 to km 269900 to 2,Roads & Highways,Andhra Pradesh,Ministry of Road Transport & Highways,MoRTH,0,,293,,,0.0,,,2026-12-17,2026-12-17,,0,0,0,,,96,0,,,0.0,,,0,0,-5.897937298933953,Sanctioned in Pre-Election Year (Rush),7.966666666666666,,,,Unknown,,
618053,Muddanur to B. Kothapalli section of NH-716G from Km. 0/000 to Km. 56/500   56.500 Km    in the State of Andhra Pradesh on EPC mode Job no. 741,Roads & Highways,Andhra Pradesh,Ministry of Road Transport & Highways,MoRTH,0,,1020,,,0.0,,,2027-08-10,2027-08-10,,0,0,0,,,31,0,,,0.0,,,0,0,0.7306609465075553,Sanctioned in Election Year,13.15,,,,Unknown,,
618629,Nandigama Bypass and Kanchikacherla bypass,Roads & Highways,Andhra Pradesh,Ministry of Road Transport & Highways,National Highways Authority of India [NHAI],0,,416,444.58,,63.84,2017-09-11,,2019-06-04,2022-04-02,,0,0,0,,,98,0,,2017.0,33.9,28.579999999999984,6.870192307692304,1,1,10.26683343756516,Sanctioned in Mid-Term,-0.2666666666666669,6.0,10.1,165.0,Post-RFCTLARR 2013 (High Compensation),505.0,8.602150537634401
617987,Nandyala-Kurnool/Kadapa Border section of NH-167K i.e. Km 186/000 to Km 250/000Design Ch.186000 to 248010 to 2LPS,Roads & Highways,Andhra Pradesh,Ministry of Road Transport & Highways,MoRTH,0,,692,,,0.0,,,2027-09-04,2027-09-04,,0,0,0,,,46,0,,,0.0,,,0,0,0.7306609465075553,Sanctioned in Election Year,13.15,,,,Unknown,,
618239,"Rehabilitation & Upgradation of NH214  New NH-216    from Km 34/230 to Km 84/550   Losari to Machavaram Section    to two lane with paved shoulder in the state of Andhrapradesh under NHDP-IV through Engineering, Procurement& Construction   EPC    mode.",Roads & Highways,Andhra Pradesh,Ministry of Road Transport & Highways,MoRTH,0,,445,459.37,,0.0,,,2018-09-07,2025-07-31,,0,0,0,,,99,0,,,82.8,14.370000000000005,3.2292134831460686,1,1,0.6082214765100735,Sanctioned in Mid-Term,-8.533333333333333,,,,Unknown,,
617907,Rehabilitation and Up-gradation from Km 170700 Bhadrachalam to Km 234567 Konta on NH-30 to Two lane with Paved Shoulder in the State of Andra Pradesh on EPC mode.,Roads & Highways,Andhra Pradesh,Ministry of Road Transport & Highways,MoRTH,0,,436,,,215.74,,,2024-09-24,2026-04-30,,0,0,0,,,100,0,,,19.2,,,0,1,26.733988838692536,Sanctioned in Mid-Term,1.2333333333333332,,,,Unknown,,
618236,Rehabilitation and Up-gradation of Dhindi - Digamarru section from Km 126/510 to Km 135/740 of NH -214  New NH -216    and digamarru -Losari section from Km 0/000 tp Km 34/230 of NH-214 A  New Nh-216    to two lane with paved shoulder in the state of AP-NH,Roads & Highways,Andhra Pradesh,Ministry of Road Transport & Highways,MoRTH,0,,316,288.76,,222.43,,,2018-05-11,2023-11-06,,0,0,0,,,100,0,,,65.9,-27.24000000000001,-8.620253164556965,0,1,0.6082214765100735,Sanctioned in Mid-Term,-8.533333333333333,,,,Unknown,,
618037,Rehabilitation and Up-gradation of existin of road from 2-lane to 2-lane with paved shoulders from km. 0.00 to km 53.590 total length-53.590 km of Raychoti to Vempalli section of NH-440 in the State of Andhra Pradesh on EPC mode.,Roads & Highways,Andhra Pradesh,Ministry of Road Transport & Highways,MoRTH,0,,440,359.52,,178.83,,,2024-05-02,2026-06-30,,0,0,0,,,79,0,,,25.9,-80.48000000000002,-18.290909090909093,0,1,26.733988838692536,Sanctioned in Mid-Term,1.2333333333333332,,,,Unknown,,
617991,"Rehabilitation and up-gradation of NH-167 from Km 14/900 to Km70/000 Design Ch. 14/900 to 69/700 Chintakunta to Adoni section to two lane with paved shoulders in the State of Andhra Pradesh under Corridor Approach through Engineering, Procurement",Roads & Highways,Andhra Pradesh,Ministry of Road Transport & Highways,MoRTH,0,,290,,,36.42,2016-02-11,,2019-05-30,2020-11-30,,0,0,0,,,92,0,,2016.0,18.1,,,0,1,0.6082214765100735,Sanctioned in Mid-Term,-8.533333333333333,6.25,10.4,138.0,Post-RFCTLARR 2013 (High Compensation),465.0,9.411764705882364
618237,Rehabilitation and Up-gradation of Pasarlapudi to Dhindi section from Km 105/170 to Km 126/510 of NH -214 New NH -216 to two lane with paved shoulder in the state of Andhra Pradesh under NHDP-IV,Roads & Highways,Andhra Pradesh,Ministry of Road Transport & Highways,MoRTH,0,,263,,,151.56,,,2019-09-26,2025-09-30,,0,0,0,,,98,0,,,72.1,,,0,1,10.26683343756516,Sanctioned in Mid-Term,-0.2666666666666669,,,,Unknown,,
618238,Rehabilitation and Up-gradation of Thimmapuram to Gurajanapalli section from Km 26/150 to Km 41/161 of NH - 214    New NH - 216    to two lane with paved shoulder in the state of Andhra Pradesh under NHDP-IV,Roads & Highways,Andhra Pradesh,Ministry of Road Transport & Highways,MoRTH,0,,351,432.91,,233.93,2016-10-08,,2018-07-08,2026-09-30,,0,0,0,,,98,0,,2016.0,98.8,81.91000000000003,23.336182336182343,1,1,0.6082214765100735,Sanctioned in Mid-Term,-8.533333333333333,6.25,10.4,138.0,Post-RFCTLARR 2013 (High Compensation),465.0,9.411764705882364
618103,Rehabilitation and upgradation from Km 22300 to 58635 of MudireddyPalle to Kadapa/Nellore Border via porumamilla Section of NH 167 Two Lane with paved Shoulder in,Roads & Highways,Andhra Pradesh,Ministry of Road Transport & Highways,MoRTH,0,,279,,,155.02,,,2026-04-12,2026-04-12,,0,0,0,,,88,0,,,0.0,,,0,0,10.80589921017685,Sanctioned in Mid-Term,7.3,,,,Unknown,,
618194,Rehabilitation and upgradation of New NH 544DD from design Chainage Km. 56/000 to 102/20 of Kalyandrg - Molakalmuru Section,Roads & Highways,Andhra Pradesh,Ministry of Road Transport & Highways,MoRTH,0,,294,285.29,,287.94,,,2020-02-07,2021-11-06,,0,0,0,,,98,0,,,21.0,-8.70999999999998,-2.9625850340135984,0,1,10.974572265809623,Sanctioned in Pre-Election Year (Rush),5.033333333333333,,,,Unknown,,
618125,Rehabilitation and upgradation of NH 326A from km 0/0 to 41/979 excluding km 2/255 to 3/372 and km 36/820 to 38/275 Odisha border to Narasamapeta to two lane with paved Shoulders in the State of Andhra Pradesh under NHO on EPC Mode,Roads & Highways,Andhra Pradesh,Ministry of Road Transport & Highways,MoRTH,0,,228,,,70.6,,,2020-03-27,2021-03-07,,0,0,0,,,100,0,,,11.3,,,0,1,10.974572265809623,Sanctioned in Pre-Election Year (Rush),5.033333333333333,,,,Unknown,,
618191,"Rehabilitation and upgradation of NH-167AD from Macherla to Dachepalli via Paluvai Junction, Rentachinthala, Gurazala from Km.0.000 to 43.659 to two lane with paved shoulders in the state of Andhra Pradesh job-729",Roads & Highways,Andhra Pradesh,Ministry of Road Transport & Highways,MoRTH,0,,403,,,227.13,,,2025-01-26,2026-03-31,,0,0,0,,,99,0,,,14.1,,,0,1,10.80589921017685,Sanctioned in Mid-Term,7.3,,,,Unknown,,
618256,"Rehabilitation and Upgradation to 2-lane with paved should ders Sir, configuration of Chaprathipalem to Lambasingi section Km 165500 to Km 205000 of NH-516E in the State of Andhra Pradesh under Green National Highways Corridor Project GNHCP with the loan assistance of World Bank on EPC mode",Roads & Highways,Andhra Pradesh,Ministry of Road Transport & Highways,MoRTH,0,,311,,,195.13,2020-10-08,,2024-10-10,2026-04-30,,0,0,0,,,91,0,,2020.0,18.6,,,0,1,-0.5724854676765867,Sanctioned in Mid-Term,7.166666666666667,4.0,7.8,260.0,Post-RFCTLARR 2013 (High Compensation),620.0,5.982905982905984
618257,Rehabilitation and Upgradation to 2-lane with paved shoulders configuration of Koyyuru to Chaprathipalem section Km 120000 to Km 165500 of NH-516E in the State of Andhra Pradesh under Green National Highways Corridor Project GNHCP with the loan assistance of World Bank on EPC mode,Roads & Highways,Andhra Pradesh,Ministry of Road Transport & Highways,MoRTH,0,,349,,,221.52,2020-11-08,,2024-07-07,2025-10-06,,0,0,0,,,86,0,,2020.0,15.0,,,0,1,-0.5724854676765867,Sanctioned in Mid-Term,7.166666666666667,4.0,7.8,260.0,Post-RFCTLARR 2013 (High Compensation),620.0,5.982905982905984
618700,Renigunta - Poyya - Naidupeta km 124.60 to km 183.4 of NH 71,Roads & Highways,Andhra Pradesh,Ministry of Road Transport & Highways,National Highways Authority of India [NHAI],0,,1863,2510.14,,1490.28,,,2024-01-31,2026-09-15,,0,0,0,,,99,0,,,31.5,647.1399999999999,34.73644659151905,1,1,-0.5724854676765867,Sanctioned in Mid-Term,7.166666666666667,,,,Unknown,,
617988,Sangameswaram - Atmakuru section   from Km 96 to Km 124    & Velegodu- Nandyal section   including Nandyal Bypass      from Km 143/6 to 185/9       NH-167K,Roads & Highways,Andhra Pradesh,Ministry of Road Transport & Highways,MoRTH,0,,776,644.14,,0.0,,,2027-07-30,2027-07-30,,0,0,0,,,36,0,,,0.0,-131.86,-16.992268041237114,0,0,0.7306609465075553,Sanctioned in Election Year,13.15,,,,Unknown,,
619076,Six Laning of Vijayawada Bypass from Chinna Avutapalli to Gollapudi in Vijayawada - Gundugolanu Section from km. 0.00 to km. 30.00 Pkg-III,Roads & Highways,Andhra Pradesh,Ministry of Road Transport & Highways,NHAI,0,,1581,1883.71,,1024.75,,,2023-02-17,2026-09-30,,0,0,0,,,98,0,,,43.4,302.71000000000004,19.14674256799494,1,1,-0.5724854676765867,Sanctioned in Mid-Term,7.166666666666667,,,,Unknown,,
618527,Six Laning of Vijayawada Bypass from Gollapudi to Chinnakakani in Vijayawada - Gundugolanu Section from km. 30.00 to km. 47.881 Pkg-IV,Roads & Highways,Andhra Pradesh,Ministry of Road Transport & Highways,National Highways Authority of India [NHAI],0,,1195,1757.82,,862.59,,,2024-01-04,2026-06-10,,0,0,0,,,100,0,,,29.2,562.8199999999999,47.09790794979079,1,1,-0.5724854676765867,Sanctioned in Mid-Term,7.166666666666667,,,,Unknown,,
617949,Tadipatri Bypass Km 0000 to Km 6285 of 4-Lane on NH-67 in Anantapuramu district of AP state under NHO on EPC Mode under Annual Plan 2022-23,Roads & Highways,Andhra Pradesh,Ministry of Road Transport & Highways,MoRTH,0,,160,,,59.26,,,2026-03-12,2026-03-31,,0,0,0,,,100,0,,,0.6,,,0,1,-5.897937298933953,Sanctioned in Pre-Election Year (Rush),7.966666666666666,,,,Unknown,,
618258,Two laning with paved shoulders of Gondiguda to Araku uptoBhallaguda section of NH 516E,Roads & Highways,Andhra Pradesh,Ministry of Road Transport & Highways,MoRTH,0,,297,289.11,,237.52,,,2023-09-07,2024-09-04,,0,0,0,,,91,0,,,11.9,-7.889999999999986,-2.6565656565656517,0,1,-0.5724854676765867,Sanctioned in Mid-Term,7.166666666666667,,,,Unknown,,
618255,Two laning with paved shoulders of Lambasingi to Paderusection  of NH 516E,Roads & Highways,Andhra Pradesh,Ministry of Road Transport & Highways,MoRTH,0,,361,358.05,,104.0,,,2025-11-02,2026-11-30,,0,0,0,,,43,0,,,12.9,-2.9499999999999886,-0.8171745152354539,0,1,-0.5724854676765867,Sanctioned in Mid-Term,7.166666666666667,,,,Unknown,,
618259,Two laning with paved shoulders of Paderu to GundigudaSection  of NH 516E,Roads & Highways,Andhra Pradesh,Ministry of Road Transport & Highways,MoRTH,0,,223,,,122.52,,,2023-03-30,2024-03-24,,0,0,0,,,100,0,,,11.8,,,0,1,-0.5724854676765867,Sanctioned in Mid-Term,7.166666666666667,,,,Unknown,,
618769,Walajahpet/Ranipet to TN/AP Border Section of from Km.106.800 to  Km.133.36 NH-4,Roads & Highways,Andhra Pradesh,Ministry of Road Transport & Highways,National Highways Authority of India [NHAI],0,,1338,1214.7,,116.15,2024-06-12,,2027-09-29,2027-09-29,,0,0,0,,,10,0,,2024.0,0.0,-123.29999999999995,-9.215246636771298,0,0,0.7306609465075553,Sanctioned in Election Year,13.15,6.5,9.85,420.0,Post-RFCTLARR 2013 (High Compensation),840.0,7.692307692307687
618161,Widening and Reconstruction of existing road to four lane from Km.56400 to Km 120300 i.e. from B.Kothapalli Junction to Gorantla excluding Kadiri Bypass from Km 70200 to Km 77105 of NH 716G in the State of Andhra Pradesh on EPC mode Job no. 742,Roads & Highways,Andhra Pradesh,Ministry of Road Transport & Highways,MoRTH,0,,840,,,355.56,,,2025-12-31,2026-04-30,,0,0,0,,,99,0,,,3.9,,,0,1,10.80589921017685,Sanctioned in Mid-Term,7.3,,,,Unknown,,
618193,Widening of Existing Road to Two Lane with Paved Shoulder Configuration from Km 0.00 to 26.000 & Km 45.200 To 59.622 Of NH 365BB in the State of Andhra Pradesh Under Annual Plan 2023-24 through EPC Mode,Roads & Highways,Andhra Pradesh,Ministry of Road Transport & Highways,MoRTH,0,,369,,,37.37,,,2026-12-23,2026-10-23,,0,0,0,,,23,0,,,0.0,,,0,0,0.7306609465075553,Sanctioned in Election Year,13.15,,,,Unknown,,
618145,Widening to two lane with paved shoulder of Rampachodavaram - Koyyuru section of NH 516E from Km 43700 to Km 113820  in the State of Andhra Pradesh on EPC mode Job No. 737,Roads & Highways,Andhra Pradesh,Ministry of Road Transport & Highways,MoRTH,0,,568,,,298.82,,,2025-01-01,2026-04-30,,0,0,0,,,99,0,,,15.9,,,0,1,10.80589921017685,Sanctioned in Mid-Term,7.3,,,,Unknown,,
617985,Widening to two lane with paved shoulders from Km 0/0 to 64/020 Pamarru to Akiveedu,Roads & Highways,Andhra Pradesh,Ministry of Road Transport & Highways,MoRTH,0,,530,588.65,,0.0,,,2023-11-16,2027-05-31,,0,0,0,,,74,0,,,42.4,58.64999999999998,11.066037735849052,1,1,-0.5724854676765867,Sanctioned in Mid-Term,7.166666666666667,,,,Unknown,,
618033,4-Laning of Itanagar to Bandardewa section of NH-415from km 40430 to km 51735 Package-Bon EPC Mode in the state of Arunachal Pradesh Job NO. 415/Ar. P/2020-21/031,Roads & Highways,Arunachal Pradesh,Ministry of Road Transport & Highways,MoRTH,0,,496,,,156.97,,,2024-12-07,2026-07-31,,0,0,0,,,51,0,,,19.7,,,0,1,-0.5724854676765867,Sanctioned in Mid-Term,11.0,,,,Unknown,,
617892,Construction of 2-lane road of Potin to Pangin section of NH-13 from Km 163.59 to Km 206.66 Package-5 on EPC Mode in the State of Arunachal Pradesh under Arunachal Pradesh Package of Roads and Highways of SARDP-NE [Job No SARDP-NE/P-P/Pkg-A/NH-13/Ar.Pr./PWD/2018-19/116],Roads & Highways,Arunachal Pradesh,Ministry of Road Transport & Highways,MoRTH,0,,451,,,303.39,2019-01-03,,2023-11-18,2024-07-10,,0,0,0,,,96,0,,2019.0,7.7,,,0,1,-3.287904599659297,Sanctioned in Election Year,10.9,5.15,9.2,230.0,Post-RFCTLARR 2013 (High Compensation),585.0,7.339449541284404
618445,Construction of 2-Laning with hard shoulders of Demwe-Brahmakund section of NH-13 from Ch.0.00 km to 18.464 km on EPC under SARDP-NE NHO-NE -Balance Work,Roads & Highways,Arunachal Pradesh,Ministry of Road Transport & Highways,NHIDCL,0,,354,,,0.0,,,2027-12-18,2027-12-18,,0,0,0,,,20,0,,,0.0,,,0,0,-0.5724854676765867,Sanctioned in Mid-Term,11.0,,,,Unknown,,
618424,Construction of 2-Laning with hard shoulders of Hayuliang Hawai bypass Road on EPC basis from design Km. 51.825 to Km. 63.131 Existing Km 45.050 of HayuliangHawai road to Hawai Town under SARDP-NE -Balance work Pkg - IV,Roads & Highways,Arunachal Pradesh,Ministry of Road Transport & Highways,NHIDCL,0,,257,216.76,,,,,2023-05-02,2026-07-02,,0,0,0,,,93,0,,,38.0,-40.24000000000001,-15.657587548638135,0,1,10.26683343756516,Sanctioned in Mid-Term,1.0333333333333334,,,,Unknown,,
618433,Construction of Balance work of 2-Lane with PS of Joram  Koloriang Road from existing Km122.600 to km138.00 [Design Km108.724 to Km123.714] in Arunachal Pradesh on EPC Mode under SARDP-NE Pkg-7,Roads & Highways,Arunachal Pradesh,Ministry of Road Transport & Highways,NHIDCL,0,,185,,,0.0,,,2022-04-02,2026-04-30,,0,0,0,,,100,0,,,48.9,,,0,1,10.26683343756516,Sanctioned in Mid-Term,1.0333333333333334,,,,Unknown,,
618432,Construction of Balance work of 2-Lane with PS of Joram-Koloriang Road NH-713 on EPC basis from Design Km 44.989 to Km 61.547 Existing Km 50.050 to Km 70.000 in the state of Arunachal Pradesh under SARDP-NE Pkg-3,Roads & Highways,Arunachal Pradesh,Ministry of Road Transport & Highways,NHIDCL,0,,229,,,,,,2022-04-02,2023-07-03,,0,0,0,,,99,0,,,15.0,,,0,1,10.26683343756516,Sanctioned in Mid-Term,1.0333333333333334,,,,Unknown,,
618405,"Construction of Intermediate Lane of Pango to Jorging Road from 0000 to Design Km Design Km 40000 Design Length 40.00 Km, Pkg-l, Greenfield Alignment in the State of Arunachal Pradesh on EPC mode Pkg-1",Roads & Highways,Arunachal Pradesh,Ministry of Road Transport & Highways,NHIDCL,0,,898,,,0.0,,,2027-07-16,2027-07-16,,0,0,0,,,40,0,,,0.0,,,0,0,0.7306609465075553,Sanctioned in Election Year,0.0999999999999998,,,,Unknown,,
618403,Construction of Intermediate Lane Road with hard shoulder from design Km 0.000 to Km 17.387 Total length 17.387 km of Hunli to Ithun Bridge section on NH-913 Frontier Highway in State of Arunachal Pradesh on EPC mode under NHO-NE,Roads & Highways,Arunachal Pradesh,Ministry of Road Transport & Highways,NHIDCL,0,,276,,,0.0,,,2027-01-30,2027-01-30,,0,0,0,,,54,0,,,0.0,,,0,0,0.7306609465075553,Sanctioned in Election Year,0.0999999999999998,,,,Unknown,,
618402,"Construction of Intermediate Lane with Hard Shoulder of Hunli to Hayuliang from Design Km 0.000 to Km 53.000 Design Length 53.000 km, Greenfield Section of Frontier Highway NH-913 in the State of Arunachal Pradesh on EPC Mode Package-I",Roads & Highways,Arunachal Pradesh,Ministry of Road Transport & Highways,NHIDCL,0,,1262,,,233.81,,,2028-02-29,2028-03-01,,0,0,0,,,17,0,,,0.0,,,0,0,0.7306609465075553,Sanctioned in Election Year,0.0999999999999998,,,,Unknown,,
618401,"Construction of Intermediate Lane with Hard Shoulder of Hunli to Hayuliang Package-III from design Km 60.000 to Km 121.500 Design Length 61.500 km, Greenfield Section of Frontier Highway NH-913 in the State of Arunachal Pradesh on EPC Mode Pkg-3",Roads & Highways,Arunachal Pradesh,Ministry of Road Transport & Highways,NHIDCL,0,,1419,,,0.0,,,2028-07-17,2028-07-17,,0,0,0,,,2,0,,,0.0,,,0,0,0.7306609465075553,Sanctioned in Election Year,0.0999999999999998,,,,Unknown,,
618404,Construction of lntermediate Lane Road with hard shoulder from design chainage Km 0.000 to Km 53.040 Existing Length68.500 Km & Total Design length 53.04 km of Tato to Monigong section of NH-913 Frontier Highway on Nafra Bomdila to Vijaynagar along China border in state of Arunachal pradesh on EPC mode,Roads & Highways,Arunachal Pradesh,Ministry of Road Transport & Highways,NHIDCL,0,,626,,,0.0,2023-07-12,,2027-11-14,2027-11-14,,0,0,0,,,22,0,,2023.0,0.0,,,0,0,-5.897937298933953,Sanctioned in Pre-Election Year (Rush),-1.0666666666666669,6.5,9.8,375.0,Post-RFCTLARR 2013 (High Compensation),780.0,8.333333333333325
619014,"lmprovement and Widening to 2 lane with paved Shoulder of NH-15 old NH-52 from Existing Km 770.600 Design Km 24.819 to Existing km 805.750 Design Km 59.885 Kamlang T-Junction to Chowkham, Existing Length 35.150 Km, Design Length-35.066 Km in the state of Arunachal Pradesh on EPC mode Pkg-2",Roads & Highways,Arunachal Pradesh,Ministry of Road Transport & Highways,NHIDCL,0,,317,,,0.0,2023-08-12,,2028-02-27,2028-02-27,,0,0,0,,,12,0,,2023.0,0.0,,,0,0,-5.897937298933953,Sanctioned in Pre-Election Year (Rush),-1.0666666666666669,6.5,9.8,375.0,Post-RFCTLARR 2013 (High Compensation),780.0,8.333333333333325
619248,"lmprovement and Widening to 2-lane with Paved Shoulder of NH-13 & 15 Old NH-52 from Existing Km 745.60 Design Km 0.000 to Existing km 770.600 Design Km 24.819 Brahmakund T-junction to Kamlang T-Junction, Existing Length 25.00 Km, Design Length 24.819 Km in the state of Arunachal Pradesh on EPC mode Pkg-1",Roads & Highways,Arunachal Pradesh,Ministry of Road Transport & Highways,NHIDCL,0,,441,,,0.0,2023-08-12,,2028-06-02,,,0,0,0,,,0,0,,2023.0,0.0,,,0,0,-5.897937298933953,Sanctioned in Pre-Election Year (Rush),-1.0666666666666669,6.5,9.8,375.0,Post-RFCTLARR 2013 (High Compensation),780.0,8.333333333333325
618434,Roing-Hunli Road Greenfield Alignment Project,Roads & Highways,Arunachal Pradesh,Ministry of Road Transport & Highways,NHIDCL,0,,1719,,,178.83,,,2022-03-04,2025-04-06,,0,0,0,,,80,0,,,37.1,,,0,1,10.26683343756516,Sanctioned in Mid-Term,1.0333333333333334,,,,Unknown,,
618359,Widening/Improvement to 4-Lane with Paved Shoulder from km 55000 Nagabang Gamsuk to km 82514 Oyan in the State of Assam and Arunachal Pradesh on EPC mode under Bharatmala Pariyojna of Length 27.514 Km Package-3,Roads & Highways,Arunachal Pradesh,Ministry of Road Transport & Highways,NHIDCL,0,,665,,,295.3,,,2027-03-17,2027-03-17,,0,0,0,,,97,0,,,0.0,,,0,0,-5.897937298933953,Sanctioned in Pre-Election Year (Rush),-1.0666666666666669,,,,Unknown,,
618958,2L with ES of Yagyi - Kalewa section from Milepost 40/0 to Milepost 115/5 in Myanmar,Roads & Highways,Assam,Ministry of Road Transport & Highways,NHAI,0,,1200,1200.14,,0.0,2017-09-12,,2023-06-01,2027-07-31,,0,0,0,,,52,0,,2017.0,50.0,0.14000000000010004,0.011666666666675004,1,1,10.26683343756516,Sanctioned in Mid-Term,2.566666666666668,6.0,10.1,165.0,Post-RFCTLARR 2013 (High Compensation),505.0,8.602150537634401
618282,4-L Bilasipara-Guwahati Package-10,Roads & Highways,Assam,Ministry of Road Transport & Highways,NHIDCL,0,,1265,,,469.24,,,2026-06-18,2027-03-31,,0,0,0,,,57,0,,,9.4,,,0,1,-5.897937298933953,Sanctioned in Mid-Term,2.033333333333333,,,,Unknown,,
618283,4-L Bilasipara-Guwahati Package-9,Roads & Highways,Assam,Ministry of Road Transport & Highways,NHIDCL,0,,1000,,,416.11,2023-07-03,,2026-06-11,2027-03-31,,0,0,0,,,50,0,,2023.0,9.6,,,0,1,-5.897937298933953,Sanctioned in Mid-Term,2.033333333333333,6.5,9.8,375.0,Post-RFCTLARR 2013 (High Compensation),780.0,8.333333333333325
618435,4-Laning from Rangagara to Kaliabor Tiniali from km 297.00 to km 315.315 of NH-37 on EPC basis under SARDP-NE in state of Assam,Roads & Highways,Assam,Ministry of Road Transport & Highways,NHIDCL,0,,387,,,351.77,2016-12-01,,2020-04-21,2025-07-03,,0,0,0,,,95,0,,2016.0,62.4,,,0,1,0.6082214765100735,Sanctioned in Election Year,-2.0,6.25,10.4,138.0,Post-RFCTLARR 2013 (High Compensation),465.0,9.411764705882364
618314,4-Laning of Dhanehari Lailapur / Vairengte section from Existing Chainage km 12920 to km 43000 of NH 306 Design Chainage km 20000 to km 49360 on Silchar - Vairengte Sairang road in the State of Assam under Bharatmala Pariyojna on EPC mode. Project Length 29.360 km under NHO-NE Package-2,Roads & Highways,Assam,Ministry of Road Transport & Highways,NHIDCL,0,,1716,,,918.32,,,2026-08-14,2026-08-14,,0,0,0,,,79,0,,,0.0,,,0,0,-5.897937298933953,Sanctioned in Mid-Term,2.033333333333333,,,,Unknown,,
618436,4-Laning of Jamugurihat to end of Biswanath Chariali By-Pass from Km 182.000 to Km 208.000 of NH-52 on EPC mode in state of Assam under SARDP-NE,Roads & Highways,Assam,Ministry of Road Transport & Highways,NHIDCL,0,,599,,,405.02,,,2019-06-19,2025-07-30,,0,0,0,,,100,0,,,73.4,,,0,1,-12.69797674631511,Sanctioned in Pre-Election Year (Rush),-8.1,,,,Unknown,,
618438,"4-Laning of NH-37 Section between Demow to End of Moran Bypass From Km. 534.800 to Km. 561.700 including Emergency Landing Facility ELF under SARDP-NE, Phase 'A' in the State of Assam on EPC mode",Roads & Highways,Assam,Ministry of Road Transport & Highways,NHIDCL,0,,386,,,145.89,,,2024-07-20,2025-08-14,,0,0,0,,,100,0,,,12.8,,,0,1,0.6082214765100735,Sanctioned in Election Year,-2.0,,,,Unknown,,
618315,4-Laning of Silchar - Dhanehari section from Existing Chainage km 263800 of NH 37 to km 12920 of NH 306 Design Chainage km 0000 to km 20000 on Silchar - Vairengte - Sairang road in the State of Assam under Bharatmala Pariyojna on EPC mode Package-1,Roads & Highways,Assam,Ministry of Road Transport & Highways,NHIDCL,0,,1257,,,550.91,,,2026-07-23,2026-07-22,,0,0,0,,,55,0,,,-0.0,,,0,0,-5.897937298933953,Sanctioned in Mid-Term,2.033333333333333,,,,Unknown,,
618575,"6L Standalone Flyovers at Bongaigaon, Chapaguri, Pathsala, Simlaguri chowk and Baihata Bypass Junctions on stretches of NH-31 and NH-27 ",Roads & Highways,Assam,Ministry of Road Transport & Highways,National Highways Authority of India [NHAI],0,,458,412.15,,371.63,,,2024-07-01,,,0,0,0,,,100,0,,,0.0,-45.85000000000002,-10.010917030567692,0,0,10.80589921017685,Sanctioned in Mid-Term,4.466666666666667,,,,Unknown,,
618576,"6L Standalone Flyovers at Raha, Demow, Borghat, Kathiatali junctions and ROB at Jagiroad on stretches of NH 36 and NH 27 ",Roads & Highways,Assam,Ministry of Road Transport & Highways,National Highways Authority of India [NHAI],0,,281,255.53,,211.79,,,2024-06-04,,,0,0,0,,,99,0,,,0.0,-25.47,-9.064056939501778,0,0,10.80589921017685,Sanctioned in Mid-Term,4.466666666666667,,,,Unknown,,
619089,Balance work of 4L of NarimbangloJatinga Junction- Harangajoroad section from Km 0.000 to Km 49.230 of NH-27,Roads & Highways,Assam,Ministry of Road Transport & Highways,NHAI,0,,1910,2745.74,,1170.13,2022-03-03,,2026-01-15,2026-06-30,,0,0,0,,,93,0,,2022.0,5.5,835.7399999999998,43.75602094240836,1,1,10.80589921017685,Sanctioned in Mid-Term,4.466666666666667,6.25,9.2,330.0,Post-RFCTLARR 2013 (High Compensation),720.0,8.270676691729317
618289,Construction and up gradation to 4-Lane of existing two lane with paved shoulder from Hapachara to Tulungia road of NH-117 of existing Km 0.00 to km 14.050 and Design Km 0.000 to km 14.660 under BMP on EPC mode,Roads & Highways,Assam,Ministry of Road Transport & Highways,NHIDCL,0,,225,,,204.19,,,2022-12-26,2024-06-30,,0,0,0,,,0,0,,,18.1,,,0,1,-0.5724854676765867,Sanctioned in Pre-Election Year (Rush),4.466666666666666,,,,Unknown,,
618034,Construction of 2 lane Barpeta Bypass from Km 77900Baradi to Km 86150 Deurikuchi Length8.25Km on NH-427 in the state of Assam under EPC ModeJob No.427/AS/2022-23/245,Roads & Highways,Assam,Ministry of Road Transport & Highways,MoRTH,0,,174,,,11.38,,,2026-08-14,2026-08-13,,0,0,0,,,20,0,,,-0.0,,,0,0,-5.897937298933953,Sanctioned in Mid-Term,2.033333333333333,,,,Unknown,,
618160,"Construction of 2 lane Major Bridge including approaches over Brahmaputra between Majuli on North Bank and Jorhat on South Bank from km. 11.690 to km. 19.715 length of bridge 6,812.5m Package - II on NH-715K in the state of Assam Job no. 715/AS/2020-21/213",Roads & Highways,Assam,Ministry of Road Transport & Highways,MoRTH,0,,1019,,,0.0,,,2027-12-10,2027-12-10,,0,0,0,,,3,0,,,0.0,,,0,0,1.889931456711258,Sanctioned in Pre-Election Year (Rush),1.6,,,,Unknown,,
617896,"Construction of 4 lane Gauripur Bypass Starting bfrom Km 852.56 of NH-31Dumardoha Pt-II and Terminating at Km 862.17 Baladmara via. Khudimari Pt.- II, Fulkumari, Charaldanga, Sajuakuti,Geramari Pt.-III and finally meeting at km 862.17 of NH-17New/ NH-31Old in the State of Assam under EPC Mode Job no. 31/AS/ 2023-24/265",Roads & Highways,Assam,Ministry of Road Transport & Highways,MoRTH,0,,421,,,0.0,,,2026-10-24,2026-10-24,,0,0,0,,,21,0,,,0.0,,,0,0,0.7306609465075553,Sanctioned in Mid-Term,8.9,,,,Unknown,,
619057,Construction of 4-Lane Badarpur Bypass from Design Chainage km 27300 at crossing with NH-6 Old NH-44 Near Siddeswar Pt.-I Village to Design Chainage km 38600 on NH-37 Old NH-44 at Kandigram Chaita Village on Silchar - Churaibari stretch in the State of Assam on EPC Mode under Bharatmala Pariyojana in Economic Corridors Silchar- Churaibari Pkg-3,Roads & Highways,Assam,Ministry of Road Transport & Highways,NHIDCL,0,,574,,,316.32,,,2026-08-09,2026-08-10,,0,0,0,,,71,0,,,0.0,,,0,0,-5.897937298933953,Sanctioned in Mid-Term,2.033333333333333,,,,Unknown,,
618373,"Construction of 4-Lane Bridge including approaches over River Brahmaputra between Dhubri on North Bank,Assam and Phulbari on south Bank,Meghalaya on NH-127B under JICA ODA Loan assistance Phase-III",Roads & Highways,Assam,Ministry of Road Transport & Highways,NHIDCL,0,,4997,,,2556.61,2019-06-05,,2028-09-12,2028-12-09,,0,0,0,,,70,0,,2019.0,2.9,,,0,1,-3.287904599659297,Sanctioned in Mid-Term,7.366666666666667,5.15,9.2,230.0,Post-RFCTLARR 2013 (High Compensation),585.0,7.339449541284404
618308,Construction of 4-Lane Panchgram Bypass from Design Chainage km 15500 on NH-37 Old NH-53 at Kalinagar Pt.-I Village to Design Chainage km 27300 at crossing with NH-6 Old NH-44 Near Siddeswar Pt.-I Village on Silchar - Churaibari stretch in the State of Assam on EPC Mode under Bharatmala Pariyojana in Economic Corridors Silchar- Churaibari Package-2,Roads & Highways,Assam,Ministry of Road Transport & Highways,NHIDCL,0,,676,728.97,,0.0,,,2027-02-09,2027-02-09,,0,0,0,,,57,0,,,0.0,52.97000000000003,7.835798816568051,1,0,-5.897937298933953,Sanctioned in Mid-Term,2.033333333333333,,,,Unknown,,
618330,Construction of 4/6 Laning from existing Km 159.400 of NH-36 to existing Km 102.500 of NH-39 and upto end point of Assam portion [Design Km 118.050 to design Km 132.375] Total New Alignment length of 14.325 Km  of Daboka -Dimapur Section Dimapur Bypass in the state of Assam under SARDP-NE 'Phase-A' on EPC mode Assam Portion,Roads & Highways,Assam,Ministry of Road Transport & Highways,NHIDCL,0,,511,,,647.2,2018-09-03,,2022-11-25,2024-08-23,,0,0,0,,,100,0,,2018.0,20.9,,,0,1,10.974572265809623,Sanctioned in Mid-Term,6.866666666666667,6.5,10.35,195.0,Post-RFCTLARR 2013 (High Compensation),545.0,7.920792079207928
618437,"Construction of Balance Work of 4-Laning of NH-37 Section between End of Moran Bypass to Bogibeel junction near Lapetketa Km. 561.700-Km. 580.875 under SARDP-NE, Phase 'A' in the State of Assam on EPC mode Pkg-I Road works & Toll Plaza ",Roads & Highways,Assam,Ministry of Road Transport & Highways,NHIDCL,0,,274,,,90.6,2016-12-01,,2025-03-14,2025-08-11,,0,0,0,,,100,0,,2016.0,4.9,,,0,1,0.6082214765100735,Sanctioned in Election Year,-2.0,6.25,10.4,138.0,Post-RFCTLARR 2013 (High Compensation),465.0,9.411764705882364
618441,"Construction of Balance Work of 4-Laning of the Section from Jhanji to Demow of NH-37 Old from Km 490.800 to Km 501.800 11.000 Km, under SARDP- NE under EPC Mode in the state of Assam Pkg-I Road Works",Roads & Highways,Assam,Ministry of Road Transport & Highways,NHIDCL,0,,468,476.5,,0.0,2016-04-01,,2025-09-28,2026-07-31,,0,0,0,,,87,0,,2016.0,10.1,8.5,1.8162393162393164,1,1,0.6082214765100735,Sanctioned in Election Year,-2.0,6.25,10.4,138.0,Post-RFCTLARR 2013 (High Compensation),465.0,9.411764705882364
618440,"Construction of Balance Work of 4-Laning of the Section from Jhanji to Demow of NH-37 Old from Km 490.800 to Km 534.800, under SARDP- NE on EPC Mode in the state of Assam Pkg- IV Structures & Toll Plaza",Roads & Highways,Assam,Ministry of Road Transport & Highways,NHIDCL,0,,187,100.22,,0.0,2016-04-01,,2025-10-13,2026-07-31,,0,0,0,,,58,0,,2016.0,9.6,-86.78,-46.406417112299465,0,1,0.6082214765100735,Sanctioned in Election Year,-2.0,6.25,10.4,138.0,Post-RFCTLARR 2013 (High Compensation),465.0,9.411764705882364
619013,"Construction of Balance Work of 4-Laning of the Section from Jhanji to Demow of NH-37 Old from Km 501.800 to Km 514.800 13.000 Km, under SARDP- NE under EPC Mode in the state of Assam Pkg-II Road Works",Roads & Highways,Assam,Ministry of Road Transport & Highways,NHIDCL,0,,509,542.87,,111.01,,,2026-01-22,2026-07-31,,0,0,0,,,74,0,,,6.2,33.870000000000005,6.654223968565816,1,1,-0.6909719065369746,Sanctioned in Mid-Term,-14.866666666666667,,,,Unknown,,
619060,"Construction of Balance Work of 4-Laning of the Section from Jhanji to Demow of NH-37 Old from Km 514.800 to Km 534.800 20.000 Km, under SARDP- NE under EPC Mode in the state of Assam Pkg-III Road Works",Roads & Highways,Assam,Ministry of Road Transport & Highways,NHIDCL,0,,345,619.7,,54.48,,,2025-09-28,2026-07-31,,0,0,0,,,72,0,,,10.1,274.70000000000005,79.62318840579712,1,1,-0.6909719065369746,Sanctioned in Mid-Term,-14.866666666666667,,,,Unknown,,
618439,"Construction of Balance Work of 4-Laning of the Section from Jorhat to Jhanji of NH-37 Old  from Km 453000 to Km 463000 10.000 Km, under SARDP- NE under EPC Mode in the state of Assam Pkg-I Road Works",Roads & Highways,Assam,Ministry of Road Transport & Highways,NHIDCL,0,,478,,,0.0,2024-10-01,,2024-08-11,2026-06-30,,0,0,0,,,97,0,,2024.0,22.6,,,0,1,0.7306609465075553,Sanctioned in Mid-Term,8.9,6.5,9.85,420.0,Post-RFCTLARR 2013 (High Compensation),840.0,7.692307692307687
618444,"Construction of Balance Work of the 4-Laning of the Section from Jorhat to Jhanji of NH-37 Old  from Km 453.000 to Km 490.800, under SARDP- NE , under EPC Mode in the state of Assam  Pkg-IV Structures & Toll Plaza",Roads & Highways,Assam,Ministry of Road Transport & Highways,NHIDCL,0,,279,,,398.54,2024-10-01,,2024-08-11,2026-07-31,,0,0,0,,,95,0,,2024.0,23.6,,,0,1,0.7306609465075553,Sanctioned in Mid-Term,8.9,6.5,9.85,420.0,Post-RFCTLARR 2013 (High Compensation),840.0,7.692307692307687
618443,"Construction of Balance Work of the 4-Laning of the Section from Jorhat to Jhanji of NH-37 Old from Km 463.00 to Km 477.000 14.000 Km, under SARDP- NE under EPC Mode in the state of Assam Pkg-II Road Works",Roads & Highways,Assam,Ministry of Road Transport & Highways,NHIDCL,0,,438,,,0.0,2024-10-01,,2024-08-11,2026-03-31,,0,0,0,,,96,0,,2024.0,19.6,,,0,1,0.7306609465075553,Sanctioned in Mid-Term,8.9,6.5,9.85,420.0,Post-RFCTLARR 2013 (High Compensation),840.0,7.692307692307687
618442,"Construction of Balance Work of the 4-Laning of the Section from Jorhat to Jhanji of NH-37 Old from Km 477.000 to Km 490800 13.800 Km, under SARDP- NE under EPC Mode in the state of Assam Pkg-III Road Works",Roads & Highways,Assam,Ministry of Road Transport & Highways,NHIDCL,0,,359,,,398.28,2024-10-01,,2024-08-11,2026-06-30,,0,0,0,,,100,0,,2024.0,22.6,,,0,1,0.7306609465075553,Sanctioned in Mid-Term,8.9,6.5,9.85,420.0,Post-RFCTLARR 2013 (High Compensation),840.0,7.692307692307687
617895,Construction of Mangaldoi Bypass NH-15 starting at Ch 26400 and terminating at Ch 41505 under Rangia NH Division  L 15.105 Km in the State of Assam. Job No. 15/AS/2021-22/234,Roads & Highways,Assam,Ministry of Road Transport & Highways,MoRTH,0,,535,,,161.56,,,2025-04-28,2026-12-09,,0,0,0,,,71,0,,,19.4,,,0,1,10.80589921017685,Sanctioned in Mid-Term,4.466666666666667,,,,Unknown,,
618159,"Construction of new 2 Lane with paved shoulders of NH Standards from km 0.080 to km 11.690 L11.610 km in Majuli and from km 19.715 to km 27.484 L 7.769 km in Jorhat on the newly declared NH 715K and construction of 1.10 km flyover on NH-715 with its approaches and service roads L1.10 km, Total Length  20.479 km in the State of Assam Job No. 715K/AS/2023-24/256",Roads & Highways,Assam,Ministry of Road Transport & Highways,MoRTH,0,,382,,,19.65,,,2027-03-28,2027-03-28,,0,0,0,,,0,0,,,0.0,,,0,0,0.7306609465075553,Sanctioned in Mid-Term,8.9,,,,Unknown,,
618286,Construction of New 2-Lane Bridge with its approaches from km 0000 to Km 4385 across River Brahmaputra on NH-17 at Jogighopa in Assam on EPC mode,Roads & Highways,Assam,Ministry of Road Transport & Highways,NHIDCL,0,,747,,,384.62,2021-09-09,,2024-11-10,2026-06-12,,0,0,0,,,74,0,,2021.0,19.0,,,0,1,26.733988838692536,Sanctioned in Election Year,-3.1666666666666665,4.0,7.5,290.0,Post-RFCTLARR 2013 (High Compensation),665.0,7.258064516129026
618455,Development of External Trunk Connectivity and Internal Infrastructure Works at Multi Model Logistics ParkMMLP at Jogighopa in the State of Assam on EPC Mode Package-I Road and Utility Works,Roads & Highways,Assam,Ministry of Road Transport & Highways,NHIDCL,0,,694,,,296.96,2020-03-02,,2022-04-01,2024-09-30,,0,0,0,,,100,0,,2020.0,30.0,,,0,1,-0.5724854676765867,Sanctioned in Pre-Election Year (Rush),4.466666666666666,4.0,7.8,260.0,Post-RFCTLARR 2013 (High Compensation),620.0,5.982905982905984
618325,Dillai to Lahorijan Package-7,Roads & Highways,Assam,Ministry of Road Transport & Highways,NHIDCL,0,,204,,,142.21,,,2024-07-20,2026-04-30,,0,0,0,,,0,0,,,21.3,,,0,1,26.733988838692536,Sanctioned in Election Year,-3.1666666666666665,,,,Unknown,,
618454,"Earthwork in Formation, Road Work, Construction of Bridges, Blanketing, P. Way Linking works including Supply of P. Way Fittings and Track Ballast in connection with Construction of Railway Siding from Jogighopa Railway Station to MMLP at Jogighopa from Ch. 00 to 3760 on Item Rate basis Package -3, Railway Siding from Jogighopa Railway Station to MMLP",Roads & Highways,Assam,Ministry of Road Transport & Highways,NHIDCL,0,,694,,,37.6,2020-03-02,,2022-06-01,2024-09-20,,0,0,0,,,93,0,,2020.0,27.7,,,0,1,-0.5724854676765867,Sanctioned in Pre-Election Year (Rush),4.466666666666666,4.0,7.8,260.0,Post-RFCTLARR 2013 (High Compensation),620.0,5.982905982905984
618934,Guwahati Ring Road in the State of Assam,Roads & Highways,Assam,Ministry of Road Transport & Highways,NHAI,0,,5729,,,328.42,2024-02-08,,2030-01-23,2030-01-23,,0,0,0,,,0,0,,2024.0,0.0,,,0,0,0.7306609465075553,Sanctioned in Mid-Term,8.9,6.5,9.85,420.0,Post-RFCTLARR 2013 (High Compensation),840.0,7.692307692307687
618331,lmprovement to 4-Lane with Paved Shoulder from existing km 260000 Design Ch.4560 km to existing km Ch.233000 D. Ch.24560 of Silchar near Nutan Dayapur village - Budha Nagar Section Length-20.00 Km of NH-37 under Package Silchar-Jiribam Pkg-1 in the state of Assam on HAM Mode,Roads & Highways,Assam,Ministry of Road Transport & Highways,NHIDCL,0,,958,,,149.51,,,2028-01-15,2028-01-15,,0,0,0,,,37,0,,,0.0,,,0,0,0.7306609465075553,Sanctioned in Mid-Term,8.9,,,,Unknown,,
618354,Wideinig & Upgradation to 2-lanes with paved shoulders road from Tamenglong to Mahur NH-137 in the State of Assam starting from km 96.870 near Jiri River to km 116.550 near Hangrum Package-7 on EPC mode Package7,Roads & Highways,Assam,Ministry of Road Transport & Highways,NHIDCL,0,,847,,,0.0,2023-11-12,,2026-03-04,2026-12-31,,0,0,0,,,90,0,,2023.0,9.9,,,0,1,-5.897937298933953,Sanctioned in Mid-Term,2.033333333333333,6.5,9.8,375.0,Post-RFCTLARR 2013 (High Compensation),780.0,8.333333333333325
618352,Widening & Upgradation to 2 lanes with paved shoulders road from Tamenglong to Mahur NH-137 in the State of Assam starting from km 136.500 near Hejaichak to km 156.489 near P. Leikul Package-9 on EPC mode under  NHO-NE Package-9,Roads & Highways,Assam,Ministry of Road Transport & Highways,NHIDCL,0,,860,614.43,,528.46,,,2025-08-29,2026-06-30,,0,0,0,,,88,0,,,10.0,-245.57000000000005,-28.554651162790705,0,1,-5.897937298933953,Sanctioned in Mid-Term,2.033333333333333,,,,Unknown,,
618351,Widening & Upgradation to 2 lanes with paved shoulders road from Tamenglong to Mahur NH-137 in the State of Assam starting from km 156.489 near P. Leikul to km 176.410 near Borowapu on EPC mode under NHO-NE Assam portion Package-10,Roads & Highways,Assam,Ministry of Road Transport & Highways,NHIDCL,0,,890,693.15,,588.02,,,2025-08-29,2026-09-25,,0,0,0,,,90,0,,,12.9,-196.85000000000002,-22.11797752808989,0,1,-5.897937298933953,Sanctioned in Mid-Term,2.033333333333333,,,,Unknown,,
618353,Widening & Upgradation to 2-lanes with paved shoulders road from  Tamenglong to Mahur NH-137 in the State of Assam starting from km 116.480  near Hangrum to km 136.500 near Hejaichak Package-8 on EPC mode under  NHO-NE Package 8,Roads & Highways,Assam,Ministry of Road Transport & Highways,NHIDCL,0,,904,,,538.33,,,2025-08-29,2026-09-25,,0,0,0,,,85,0,,,12.9,,,0,1,-5.897937298933953,Sanctioned in Mid-Term,2.033333333333333,,,,Unknown,,
618372,"Widening / Improvement to 4-Lane with Paved Shoulder  configuration of existing single lane road from Kachukhana Harichara  Paglagaunj to Dhubri - Phulbari Bridge approach Package-II of  Srirampur - Dhubri Section of NH-127B from existing Km 28.050 to Km  55.060 Design Km 27.650 to Km 54.154, Design Length26.504 Km under JICA ODA Loan assistance Phase-V [Srirampur - Dhubri Pkg-2]",Roads & Highways,Assam,Ministry of Road Transport & Highways,NHIDCL,0,,909,,,638.5,2022-11-03,,2025-01-01,2025-06-30,,0,0,0,,,100,0,,2022.0,5.9,,,0,1,10.80589921017685,Sanctioned in Mid-Term,4.466666666666667,6.25,9.2,330.0,Post-RFCTLARR 2013 (High Compensation),720.0,8.270676691729317
618339,Widening/Improvement to 2-Lane Lane with Paved Shoulder from km 16900 Bogapani to km 27150 Golai Goan on existing Dibrugarh to Ledo section with proposed Digboi Bypass Green Field and Brownfield 2-LanePS of NH-315 OLD NH-38 in Tinsukia District under NHO- NE Package-4,Roads & Highways,Assam,Ministry of Road Transport & Highways,NHIDCL,0,,357,,,80.08,2023-04-01,,2025-12-06,2026-12-06,,0,0,0,,,20,0,,2023.0,12.0,,,0,1,-5.897937298933953,Sanctioned in Mid-Term,2.033333333333333,6.5,9.8,375.0,Post-RFCTLARR 2013 (High Compensation),780.0,8.333333333333325
618285,Widening/Improvement to 4 -Lane with Paved Shoulder from Ch. 88.000km to Ch.99.930 km Design Ch.84.100km to Ch.96.000 km of Sagunbashi forest near Nichinta to starting of Krishnai Bypass Section of Bilasipura Guwahati road NH 17 on EPC Package-7,Roads & Highways,Assam,Ministry of Road Transport & Highways,NHIDCL,0,,287,,,186.64,,,2025-10-25,2026-01-31,,0,0,0,,,100,0,,,3.2,,,0,1,26.733988838692536,Sanctioned in Election Year,-3.1666666666666665,,,,Unknown,,
618371,"Widening/Improvement to 4-Lane with Paved Shoulder configuration of existing single lane road from Srirampur near Bhairiguri Village to Kachukhana Harichara Paglagaunj Package-I of Srirampur - Dhubri Section of NH-127B from existing Km 0.000 to Km 28.050 Design Km 0.000 to Km 27.650, Design Length27.650 Km under JICA ODA Loan assistance Phase-V -Balance work",Roads & Highways,Assam,Ministry of Road Transport & Highways,NHIDCL,0,,614,,,260.02,2022-11-03,,2026-11-25,2026-11-25,,0,0,0,,,78,0,,2022.0,0.0,,,0,0,10.80589921017685,Sanctioned in Mid-Term,4.466666666666667,6.25,9.2,330.0,Post-RFCTLARR 2013 (High Compensation),720.0,8.270676691729317
618287,"Widening/Improvement to 4-Lane with paved Shoulder from Ch. 25.633 Km to Ch. 52.470 Km Design Ch. 21.850 Km to Ch.48.670 Km for Package-2 of Bilasipura- Guwahati road NH-17 Section Near Mowatari, before Chapar Bypass to Tulungia junction with NH-17 in the state of Assam on HAM mode under NHO-NE Package-2",Roads & Highways,Assam,Ministry of Road Transport & Highways,NHIDCL,0,,1339,,,0.0,,,2027-06-03,2027-06-03,,0,0,0,,,12,0,,,0.0,,,0,0,-5.897937298933953,Sanctioned in Mid-Term,2.033333333333333,,,,Unknown,,
618327,Widening/Improvement to 4-Lane with Paved Shoulder from KM 113300 to Km 146230 Design Chainage 113830 to 145712 of Kwaram Taro Village - Dillai Section in Assam on EPC Package-6,Roads & Highways,Assam,Ministry of Road Transport & Highways,NHIDCL,0,,626,,,,2021-09-09,,2024-07-12,2025-03-31,,0,0,0,,,0,0,,2021.0,8.6,,,0,1,26.733988838692536,Sanctioned in Election Year,-3.1666666666666665,4.0,7.5,290.0,Post-RFCTLARR 2013 (High Compensation),665.0,7.258064516129026
618326,Widening/Improvement to 4-Lane with Paved Shoulder from KM 38500 to Km 51246 Design Chainage 38500 to 50959 with proposed Daboka Bypass of Daboka-Parokhaowa of NH 29 on EPC under NHO-NE Package-1,Roads & Highways,Assam,Ministry of Road Transport & Highways,NHIDCL,0,,517,,,0.0,2023-05-01,,2025-11-29,2026-06-25,,0,0,0,,,100,0,,2023.0,6.8,,,0,1,-5.897937298933953,Sanctioned in Mid-Term,2.033333333333333,6.5,9.8,375.0,Post-RFCTLARR 2013 (High Compensation),780.0,8.333333333333325
618340,Widening/Improvement to 4-Lane with Paved Shoulder from km 626030 Nalani hulla Gaon to km 650450 Chotahapjan on existing Tinsukhia -Makum Bypass of NH-15 OLD NH-37 and Strengthening of existing NH-315 OLD NH-38 from Km 0000 Chotahapjan to Km 16900 Bogapani section 2-Lane PS in Assam on EPCMode under NHO-NE Package-3,Roads & Highways,Assam,Ministry of Road Transport & Highways,NHIDCL,0,,459,,,217.2,2023-03-01,,2025-05-17,2026-05-31,,0,0,0,,,83,0,,2023.0,12.5,,,0,1,-5.897937298933953,Sanctioned in Mid-Term,2.033333333333333,6.5,9.8,375.0,Post-RFCTLARR 2013 (High Compensation),780.0,8.333333333333325
618284,Widening/Improvement to 4-Lane with paved shoulder from Km 99930 to Km 143680 Design Chainage 96000 to 139750 of Paikan to Dhupdhara Sahar of Bilasipura-Guwahati Road on NH-17 in the state of Assam on EPC mode under Bharatmala Pariyojana in Economic Corridors Project Length  43.750km under NHO-NE Package-8,Roads & Highways,Assam,Ministry of Road Transport & Highways,NHIDCL,0,,1458,,,793.68,2023-07-03,,2026-12-26,2026-12-25,,0,0,0,,,77,0,,2023.0,-0.0,,,0,0,-5.897937298933953,Sanctioned in Mid-Term,2.033333333333333,6.5,9.8,375.0,Post-RFCTLARR 2013 (High Compensation),780.0,8.333333333333325
618313,Widening/lmprovement of Existing 2 lane to 4-Laning of Karimganj-Silchar section of NH-37 from Design Ch 0.000 near Silchar ISBT to Design Ch 15.970 near Kalinagar Pt I on NH-37 in Assam on HAM Mode Pkg-1,Roads & Highways,Assam,Ministry of Road Transport & Highways,NHIDCL,0,,1182,,,0.0,2024-11-03,,2027-09-17,2027-09-17,,0,0,0,,,41,0,,2024.0,0.0,,,0,0,0.7306609465075553,Sanctioned in Mid-Term,8.9,6.5,9.85,420.0,Post-RFCTLARR 2013 (High Compensation),840.0,7.692307692307687
618310,Widening/lmprovement to 4-L of Karimgani - sutarkandi section of NH 37 from design Ch 0020 Start of proposed Karimganj Bypass from NH -8 to design Chainage Km 14380 near Sutarkandi Spur Connectivity to Indo/Bangladesh Border on Silchar-Churaibari  in the State of Assam on HAM Mode Package-7,Roads & Highways,Assam,Ministry of Road Transport & Highways,NHIDCL,0,,792,,,0.06,,,2027-02-28,2027-02-28,,0,0,0,,,33,0,,,0.0,,,0,0,0.7306609465075553,Sanctioned in Mid-Term,8.9,,,,Unknown,,
618311,Widening/lmprovement to 4-Lane with Paved shoulder for existing as well as Greenfield alignment of Badarpur  Churaibari section of NH-8 from Design chainage 87.700 Chandkhira to Km. 106.500 Churaibari section Assam-Tripura border in the state of Assam on HAM Mode Package-6,Roads & Highways,Assam,Ministry of Road Transport & Highways,NHIDCL,0,,870,,,0.0,2024-04-03,,2027-03-07,2027-03-07,,0,0,0,,,41,0,,2024.0,0.0,,,0,0,0.7306609465075553,Sanctioned in Mid-Term,8.9,6.5,9.85,420.0,Post-RFCTLARR 2013 (High Compensation),840.0,7.692307692307687
618288,"Widening/lmprovement to 4-Lane with Paved Shoulder from Ch.5.580 Km to Ch.25.633 Km Design Ch.0.000 Km to Ch.17.737km Km 901.100 to Km 921.145 of old NH-31 of Bilasipara- Guwahati road NH-17 Section Near Chirakuta to near Mowatari, before Chapar Bypass  in the state ol Assam on HAM mode Package-1",Roads & Highways,Assam,Ministry of Road Transport & Highways,NHIDCL,0,,1081,,,0.0,2024-07-02,,2027-08-04,2027-08-04,,0,0,0,,,33,0,,2024.0,0.0,,,0,0,0.7306609465075553,Sanctioned in Mid-Term,8.9,6.5,9.85,420.0,Post-RFCTLARR 2013 (High Compensation),840.0,7.692307692307687
618312,Widening/lmprovement to 4-Lane with Paved Shoulder from existing road and Greenfield alignment form Design Ch. 62.800 start of proposed Nilambazar/Cheragi Bypass to Design Ch. 87.700 near Chandkhira Village of NH-8 on Silchar-Churaibari in the state of Assam on HAM Mode Package-5,Roads & Highways,Assam,Ministry of Road Transport & Highways,NHIDCL,0,,1258,,,0.0,,,2027-10-23,2027-10-23,,0,0,0,,,14,0,,,0.0,,,0,0,0.7306609465075553,Sanctioned in Mid-Term,8.9,,,,Unknown,,
618309,Widening/lmprovement to 4-Laning and Greenfield alignment with Paved shoulder of Silchar-Badarpur  Churaibari section of NH-37 & NH-8 from Design chainage 38.600 End point of proposed Badarpur Bypass to Km. 62.800 Start point of proposed Nilambazar/Cheragi Bypass in the state of Assam on HAM Mode Package-4,Roads & Highways,Assam,Ministry of Road Transport & Highways,NHIDCL,0,,1320,,,0.0,,,2027-08-18,2027-08-18,,0,0,0,,,25,0,,,0.0,,,0,0,0.7306609465075553,Sanctioned in Mid-Term,8.9,,,,Unknown,,
618955,2L PS of Majhauli to Charout section from km. 0.00 to km. 63.655,Roads & Highways,Bihar,Ministry of Road Transport & Highways,NHAI,0,,638,1067.51,,559.21,,,2021-11-04,2026-04-30,,0,0,0,,,100,0,,,53.8,429.51,67.32131661442006,1,1,10.974572265809623,Sanctioned in Mid-Term,3.5333333333333337,,,,Unknown,,
618741,4L  Greenfield Alignment from Kalyanapur to Tal Dashraha of NH-119D Pkg-III,Roads & Highways,Bihar,Ministry of Road Transport & Highways,NHAI,0,,1858,1969.3,,416.49,2022-04-03,,2025-02-15,2027-06-23,,0,0,0,,,31,0,,2022.0,28.2,111.29999999999995,5.99031216361679,1,1,10.80589921017685,Sanctioned in Mid-Term,5.2,6.25,9.2,330.0,Post-RFCTLARR 2013 (High Compensation),720.0,8.270676691729317
618914,"4L Elevated Corridor and at-grade improvements from Design Ch0000 to Design Ch 19870 of Danapur  Bihta Section, Design Ch0000 to Design Ch0231 connecting the existing RoB near Danapur station ,1.35 Km ramps and at-grade improvements to 4-lane section on Danapur side and Upgradation of existing Two lane carriageway to Four Lane carriageway from Design Ch19870 to Design Ch23500 of Bihta - Koilwar section",Roads & Highways,Bihar,Ministry of Road Transport & Highways,NHAI,0,,4433,2625.4,,1517.29,2022-06-10,,2026-09-08,2027-08-31,,0,0,0,,,61,0,,2022.0,11.7,-1807.6,-40.77599819535303,0,1,10.80589921017685,Sanctioned in Mid-Term,5.2,6.25,9.2,330.0,Post-RFCTLARR 2013 (High Compensation),720.0,8.270676691729317
618570,4L Elevated Highway and at grade improvements at Gopalganj Town from Km. 384.000 to Km. 386.750 on NH-27,Roads & Highways,Bihar,Ministry of Road Transport & Highways,National Highways Authority of India [NHAI],0,,326,248.92,,225.44,,,2024-08-31,2026-04-15,,0,0,0,,,100,0,,,19.4,-77.08000000000001,-23.644171779141107,0,1,26.733988838692536,Sanctioned in Mid-Term,-2.466666666666667,,,,Unknown,,
618841,4L Elevated Section and at-grade improvements at Begusarai town Simaria - Khagaria section  from Km. 221.047 to Km. 225.302 of NH-31,Roads & Highways,Bihar,Ministry of Road Transport & Highways,National Highways Authority of India [NHAI],0,,491,348.38,,333.67,,,2024-12-23,2026-06-20,,0,0,0,,,94,0,,,17.9,-142.62,-29.04684317718941,0,1,26.733988838692536,Sanctioned in Mid-Term,-2.466666666666667,,,,Unknown,,
618739,4L Greenfield Alignment  of Amas to Shivrampur from 0.000 Km. to 55.002 Km. of NH 119 D Pkg-I,Roads & Highways,Bihar,Ministry of Road Transport & Highways,NHAI,0,,1391,1427.43,,604.49,2022-01-02,,2025-03-29,2027-07-30,,0,0,0,,,54,0,,2022.0,28.0,36.430000000000064,2.618979151689437,1,1,10.80589921017685,Sanctioned in Mid-Term,5.2,6.25,9.2,330.0,Post-RFCTLARR 2013 (High Compensation),720.0,8.270676691729317
618740,4L Greenfield Alignment of Shivrampur  to Ramnagar from Km. 55.002 to Km. 109.300 of NH 119 D Pkg-II,Roads & Highways,Bihar,Ministry of Road Transport & Highways,National Highways Authority of India [NHAI],0,,1494,1546.07,,258.16,2022-02-02,,2025-07-03,2027-06-30,,0,0,0,,,43,0,,2022.0,23.9,52.069999999999936,3.485274431057559,1,1,10.80589921017685,Sanctioned in Mid-Term,5.2,6.25,9.2,330.0,Post-RFCTLARR 2013 (High Compensation),720.0,8.270676691729317
618917,4L Greenfield starting from NH-30 near Saristabad Patna to Nathupur Project end point of Patna-Gaya-Dobhi Section of NH-83,Roads & Highways,Bihar,Ministry of Road Transport & Highways,NHAI,0,,488,419.66,,101.06,,,2025-08-27,2026-09-15,,0,0,0,,,87,0,,,12.6,-68.33999999999997,-14.004098360655732,0,1,-5.897937298933953,Sanctioned in Mid-Term,0.7666666666666666,,,,Unknown,,
618584,4L of Kishanganj - Bahadurganj section from Km. 0.000 to Km. 23.649 & interchange at Start Point Length - 1.200 Km of NH-27,Roads & Highways,Bihar,Ministry of Road Transport & Highways,National Highways Authority of India [NHAI],0,,963,855.56,,60.94,,,2027-12-19,2027-12-19,,0,0,0,,,9,0,,,0.0,-107.44000000000005,-11.156801661474566,0,0,1.889931456711258,Sanctioned in Election Year,-6.2,,,,Unknown,,
618779,4L of Aurangabad-Paithan,Roads & Highways,Bihar,Ministry of Road Transport & Highways,NHAI,0,,1505,349.96,,319.54,,,2024-07-23,2026-06-10,,0,0,0,,,96,0,,,22.6,-1155.04,-76.74684385382061,0,1,10.80589921017685,Sanctioned in Mid-Term,5.2,,,,Unknown,,
618583,4L of Bahadurganj Araria section from Km 49.000 to Km 94.000 Package-II of NH-327E,Roads & Highways,Bihar,Ministry of Road Transport & Highways,National Highways Authority of India [NHAI],0,,1359,1358.77,,713.95,,,2024-01-09,2024-05-12,,0,0,0,,,100,0,,,4.1,-0.2300000000000182,-0.01692420897719045,0,1,26.733988838692536,Sanctioned in Mid-Term,-2.466666666666667,,,,Unknown,,
618915,4L of Bal. works of Patna - Gaya -Dobhi Pkg-II from km. 39.00 to km. 83.00 of Old NH-83,Roads & Highways,Bihar,Ministry of Road Transport & Highways,National Highways Authority of India [NHAI],0,,1637,777.2,,728.91,,,2022-11-08,2025-05-30,,0,0,0,,,89,0,,,30.7,-859.8,-52.52290775809407,0,1,-3.287904599659297,Sanctioned in Pre-Election Year (Rush),5.333333333333333,,,,Unknown,,
618916,4L of Bal. works of Patna - Gaya -Dobhi Pkg-III from km. 83.00 to km. 127.217 of Old NH-83,Roads & Highways,Bihar,Ministry of Road Transport & Highways,National Highways Authority of India [NHAI],0,,1077,799.7,,774.78,,,2022-11-23,2025-05-15,,0,0,0,,,92,0,,,29.7,-277.29999999999995,-25.747446610956352,0,1,-3.287904599659297,Sanctioned in Pre-Election Year (Rush),5.333333333333333,,,,Unknown,,
618582,4L of Galgalia - Bahadurganj section from Km 0.000 to Km 49.000 Package-I of NH327E,Roads & Highways,Bihar,Ministry of Road Transport & Highways,National Highways Authority of India [NHAI],0,,1283,1282.97,,599.36,,,2024-01-09,,,0,0,0,,,100,0,,,0.0,-0.029999999999972715,-0.0023382696804343504,0,0,26.733988838692536,Sanctioned in Mid-Term,-2.466666666666667,,,,Unknown,,
619127,4L of Greenfield Alignment from Km. 47.000 to Km. 89.210 of  Balbhadarpur to Bela Nawda Section  of NH-119D,Roads & Highways,Bihar,Ministry of Road Transport & Highways,NHAI,0,,2186,2118.46,,373.6,,,2026-03-10,2027-08-27,,0,0,0,,,25,0,,,17.6,-67.53999999999996,-3.0896614821591935,0,1,10.80589921017685,Sanctioned in Mid-Term,5.2,,,,Unknown,,
619317,4L of Hajipur-Muzaffarpur Section of the existing NH-77  from Km. 0000 Ramashish Chowk to Km. 46300 and new bypass starting at Km. 46300 and connecting NH-28 of E-W Corridor at Km. 515045,Roads & Highways,Bihar,Ministry of Road Transport & Highways,NHAI,0,,2723,2906.78,,929.26,2010-12-08,,2013-02-06,2026-07-31,,0,0,0,,,99,0,,2010.0,161.7,183.7800000000002,6.749173705471913,1,1,8.65624291864946,Sanctioned in Election Year,-2.1666666666666665,6.25,10.5,32.0,Pre-RFCTLARR 2013 (Old 1894 Act),220.0,15.789473684210531
619307,4L of Munger  Mirzachauki section from Km 157350 to Km 193931 Pkg-4,Roads & Highways,Bihar,Ministry of Road Transport & Highways,NHAI,0,,1377,1481.58,,428.1,2021-03-02,,2024-08-15,2026-04-30,,0,0,0,,,91,0,,2021.0,20.5,104.57999999999993,7.594771241830061,1,1,26.733988838692536,Sanctioned in Mid-Term,-2.466666666666667,4.0,7.5,290.0,Post-RFCTLARR 2013 (High Compensation),665.0,7.258064516129026
619306,4L of Munger  Mirzachauki section from Km 95580 to Km 125000 Pkg-2,Roads & Highways,Bihar,Ministry of Road Transport & Highways,NHAI,0,,1021,1235.65,,452.21,2021-10-02,,2024-03-10,2026-04-30,,0,0,0,,,93,0,,2021.0,25.7,214.6500000000001,21.02350636630755,1,1,26.733988838692536,Sanctioned in Mid-Term,-2.466666666666667,4.0,7.5,290.0,Post-RFCTLARR 2013 (High Compensation),665.0,7.258064516129026
619289,4L of Munger  Mirzachauki section from Munger to Kharia village junction from Km 69520 to Km 95580 Pkg-1,Roads & Highways,Bihar,Ministry of Road Transport & Highways,NHAI,0,,1660,1696.66,,445.37,,,2024-03-30,2026-06-30,,0,0,0,,,75,0,,,27.0,36.66000000000008,2.208433734939764,1,1,26.733988838692536,Sanctioned in Mid-Term,-2.466666666666667,,,,Unknown,,
619305,4L of Munger  Mirzachauki section from start of existing Bhagalpur bypass to Rasulpur from Km 125000 to Km 157350 Pkg-3,Roads & Highways,Bihar,Ministry of Road Transport & Highways,NHAI,0,,1770,2024.59,,504.17,,,2024-04-12,2026-06-30,,0,0,0,,,72,0,,,26.6,254.58999999999992,14.383615819209034,1,1,26.733988838692536,Sanctioned in Mid-Term,-2.466666666666667,,,,Unknown,,
618952,4L of Sahibganj - Manihari Ganga Bridge including Manihari Bypass,Roads & Highways,Bihar,Ministry of Road Transport & Highways,NHAI,0,,1955,1978.01,,2008.25,,,2024-10-31,2026-12-31,,0,0,0,,,87,0,,,26.0,23.00999999999999,1.1769820971867004,1,1,0.6082214765100735,Sanctioned in Mid-Term,-6.866666666666667,,,,Unknown,,
618926,4L of Siwan- Masrakh section of Ram Janki Marg from Km 230.385 to Km 281.391 of NH-227A,Roads & Highways,Bihar,Ministry of Road Transport & Highways,National Highways Authority of India [NHAI],0,,1431,1927.04,,190.58,,,2026-11-19,2028-11-19,,0,0,0,,,10,0,,,24.0,496.03999999999996,34.6638714185884,1,1,10.80589921017685,Sanctioned in Mid-Term,5.2,,,,Unknown,,
618791,4L PS under NH configuration of Manikpur-Sahebganj of NH-139W,Roads & Highways,Bihar,Ministry of Road Transport & Highways,NHAI,0,,1539,,,564.37,,,2027-12-31,2027-12-31,,0,0,0,,,27,0,,,0.0,,,0,0,0.7306609465075553,Sanctioned in Pre-Election Year (Rush),2.85,,,,Unknown,,
618738,6L Bridge and its approaches across River Ganga as Part of Patna Ring Road NH-131G starting from Km 8.480 near Sherpur to Km 23.000 near Dighwara,Roads & Highways,Bihar,Ministry of Road Transport & Highways,National Highways Authority of India [NHAI],0,,6292,3351.62,,501.89,,,2027-09-05,2028-09-04,,0,0,0,,,17,0,,,12.0,-2940.38,-46.73204068658614,0,1,10.80589921017685,Sanctioned in Mid-Term,5.2,,,,Unknown,,
618732,6L Greenfield Varanasi- Ranchi- Kolkata Highway from Sonepurbigha village to junction with NH- 22 Chatra Bypass near Chatra from km 184.700 to km 222.000Pkg -8,Roads & Highways,Bihar,Ministry of Road Transport & Highways,NHAI,0,,1728,,,114.23,,,2028-05-22,2028-05-22,,0,0,0,,,4,0,,,0.0,,,0,0,-5.897937298933953,Sanctioned in Mid-Term,0.7666666666666666,,,,Unknown,,
618724,6L Greenfield Varanasi-Ranchi-Kolkata Highway from  Anarbansalea village to Sagrampur village From KM. 151200 to KM. 184700Package-7,Roads & Highways,Bihar,Ministry of Road Transport & Highways,NHAI,0,,1719,1723.42,,322.79,,,2027-06-30,2027-06-30,,0,0,0,,,25,0,,,0.0,4.420000000000073,0.25712623618383207,1,0,-5.897937298933953,Sanctioned in Mid-Term,0.7666666666666666,,,,Unknown,,
618727,6L Greenfield Varanasi-Ranchi-Kolkata Highway from junction with Bhabhua-Adhaura road in Bhairopur village to Konki village From KM. 54.000 to KM. 90.000Pkg-3,Roads & Highways,Bihar,Ministry of Road Transport & Highways,NHAI,0,,1577,1711.44,,313.1,,,2027-10-05,2027-10-05,,0,0,0,,,22,0,,,0.0,134.44000000000005,8.525047558655679,1,0,-5.897937298933953,Sanctioned in Mid-Term,0.7666666666666666,,,,Unknown,,
618726,6L Greenfield Varanasi-Ranchi-Kolkata Highway from junction with Chandauli-Chainpur Road near Khainti village to junction with Bhabhua-Adhaura road near Palka village from Km. 27.000 to Km. 54.000 Pkg-2,Roads & Highways,Bihar,Ministry of Road Transport & Highways,NHAI,0,,1241,1341.52,,244.38,,,2027-10-05,2027-10-05,,0,0,0,,,25,0,,,0.0,100.51999999999998,8.099919419822722,1,0,-5.897937298933953,Sanctioned in Mid-Term,0.7666666666666666,,,,Unknown,,
618728,6L Greenfield Varanasi-Ranchi-Kolkata Highway from junction with NH-19 & Varanasi Ring Road near Rewasa village to junction with Chandauli-Chainpur road near Khainti village from Km. 0.000 to Km. 27.000 - Pkg-1,Roads & Highways,Bihar,Ministry of Road Transport & Highways,NHAI,0,,1433,1564.15,,561.54,,,2026-11-24,2027-05-18,,0,0,0,,,45,0,,,5.7,131.1500000000001,9.152128401953949,1,1,-5.897937298933953,Sanctioned in Mid-Term,0.7666666666666666,,,,Unknown,,
618725,6L Greenfield Varanasi-Ranchi-Kolkata Highway from Pachmon village to Anarbansalea village From KM. 116000 to KM. 151200 Package-6,Roads & Highways,Bihar,Ministry of Road Transport & Highways,NHAI,0,,1916,1920.21,,405.1,,,2027-09-03,2027-09-03,,0,0,0,,,24,0,,,0.0,4.210000000000036,0.21972860125261148,1,0,-5.897937298933953,Sanctioned in Mid-Term,0.7666666666666666,,,,Unknown,,
618532,6L of Aurangabad to Bihar-Jharkhand border Chordaha section  from km. 209.827 to Km. 249.525 of NH-19 PKG-02,Roads & Highways,Bihar,Ministry of Road Transport & Highways,National Highways Authority of India [NHAI],0,,1822,738.11,,605.5,2021-03-06,,2024-03-27,2026-05-15,,0,0,0,,,98,0,,2021.0,25.6,-1083.8899999999999,-59.48902305159165,0,1,26.733988838692536,Sanctioned in Mid-Term,-2.466666666666667,4.0,7.5,290.0,Post-RFCTLARR 2013 (High Compensation),665.0,7.258064516129026
618531,6L of Aurangabad to Bihar-Jharkhand border Chordaha section from km. 180.000 to km. 209.827 of NH-2 PKG-01,Roads & Highways,Bihar,Ministry of Road Transport & Highways,National Highways Authority of India [NHAI],0,,1054,786.81,,110.8,2021-10-02,,2026-12-17,2026-12-17,,0,0,0,,,21,0,,2021.0,0.0,-267.19000000000005,-25.350094876660346,0,0,26.733988838692536,Sanctioned in Mid-Term,-2.466666666666667,4.0,7.5,290.0,Post-RFCTLARR 2013 (High Compensation),665.0,7.258064516129026
618774,Ara - Mohania Pkg-II,Roads & Highways,Bihar,Ministry of Road Transport & Highways,National Highways Authority of India [NHAI],0,,985,827.51,,798.12,2020-11-08,,2023-07-16,2025-11-30,,0,0,0,,,100,0,,2020.0,28.5,-157.49,-15.988832487309645,0,1,-0.5724854676765867,Sanctioned in Election Year,4.1000000000000005,4.0,7.8,260.0,Post-RFCTLARR 2013 (High Compensation),620.0,5.982905982905984
618775,Ara Bypass,Roads & Highways,Bihar,Ministry of Road Transport & Highways,National Highways Authority of India [NHAI],0,,226,,,0.49,,,2027-04-05,2027-04-05,,0,0,0,,,8,0,,,0.0,,,0,0,1.889931456711258,Sanctioned in Election Year,-6.2,,,,Unknown,,
618839,Aunta - Simaria including Ganga Bridge,Roads & Highways,Bihar,Ministry of Road Transport & Highways,National Highways Authority of India [NHAI],0,,1309,2107.68,,812.81,2017-12-01,,2022-02-07,2026-04-10,,0,0,0,,,100,0,,2017.0,50.0,798.6799999999998,61.01451489686782,1,1,10.26683343756516,Sanctioned in Mid-Term,-1.7333333333333332,6.0,10.1,165.0,Post-RFCTLARR 2013 (High Compensation),505.0,8.602150537634401
619152,Bakhtiyarpur Km 153.300 to Mokama Km 197.900,Roads & Highways,Bihar,Ministry of Road Transport & Highways,National Highways Authority of India [NHAI],0,,1183,1898.84,,843.24,2015-01-12,,2019-12-10,2026-06-15,,0,0,0,,,100,0,,2015.0,78.2,715.8399999999999,60.5105663567202,1,1,-12.69797674631511,Sanctioned in Election Year,-7.366666666666667,6.75,11.1,115.0,Post-RFCTLARR 2013 (High Compensation),425.0,10.389610389610393
618861,Bakhtiyarpur-Rajauli Pkg-II from km. 54.405 to km.101.630,Roads & Highways,Bihar,Ministry of Road Transport & Highways,NHAI,0,,897,1397.47,,914.25,2020-09-09,,2023-07-11,2026-07-31,,0,0,0,,,98,0,,2020.0,36.7,500.47,55.793756967670014,1,1,-0.5724854676765867,Sanctioned in Election Year,4.1000000000000005,4.0,7.8,260.0,Post-RFCTLARR 2013 (High Compensation),620.0,5.982905982905984
618862,Bakhtiyarpur-Rajauli Pkg-III from km. 101.630 to km.152.520,Roads & Highways,Bihar,Ministry of Road Transport & Highways,National Highways Authority of India [NHAI],0,,2156,3046.61,,1668.28,2020-09-09,,2024-06-27,2026-06-15,,0,0,0,,,99,0,,2020.0,23.6,890.6100000000001,41.308441558441565,1,1,-0.5724854676765867,Sanctioned in Election Year,4.1000000000000005,4.0,7.8,260.0,Post-RFCTLARR 2013 (High Compensation),620.0,5.982905982905984
618569,Balance work - WB-10 Gandak Bridge Km 402.00 to Km 440.00 Devanpur - Kotwa,Roads & Highways,Bihar,Ministry of Road Transport & Highways,NHAI,0,,210,358.3,,181.96,2021-10-11,,2024-01-30,2027-02-28,,0,0,0,,,64,0,,2021.0,37.0,148.3,70.61904761904762,1,1,26.733988838692536,Sanctioned in Mid-Term,-2.466666666666667,4.0,7.5,290.0,Post-RFCTLARR 2013 (High Compensation),665.0,7.258064516129026
618904,Chhapra - Hajipur from km. 143.200 to km. 209.200,Roads & Highways,Bihar,Ministry of Road Transport & Highways,National Highways Authority of India [NHAI],0,,2128,2171.6,,98.07,2010-05-07,,2013-07-24,2026-04-30,,0,0,0,,,90,0,,2010.0,153.2,43.59999999999991,2.0488721804511236,1,1,8.65624291864946,Sanctioned in Election Year,-2.1666666666666665,6.25,10.5,32.0,Pre-RFCTLARR 2013 (Old 1894 Act),220.0,15.789473684210531
617969,Construction of 4 Lane ROB and its approaches at the level crossing LC No 29  B of Km 29 Ekangarsarai at NH  110 New NH 33 & Railway Km 32.63 at Fatwa FUT Islampur IPR section in the state of Bihar on EPC mode.,Roads & Highways,Bihar,Ministry of Road Transport & Highways,MoRTH,0,,201,,,0.01,2023-11-03,,2026-07-19,2026-07-19,,0,0,0,,,52,0,,2023.0,0.0,,,0,0,-5.897937298933953,Sanctioned in Mid-Term,0.7666666666666666,6.5,9.8,375.0,Post-RFCTLARR 2013 (High Compensation),780.0,8.333333333333325
618250,Construction of 6-Lane Elevated / Extra Dose Cable Bridge on River Ganga parallel to & Western side of Digha-Sonepur Rail cum-Road Bridge of NH 139W in the State of Bihar,Roads & Highways,Bihar,Ministry of Road Transport & Highways,MoRTH,0,,3064,,,0.0,2024-05-01,,2027-11-02,2028-12-30,,0,0,0,,,17,0,,2024.0,13.9,,,0,1,0.7306609465075553,Sanctioned in Pre-Election Year (Rush),2.85,6.5,9.85,420.0,Post-RFCTLARR 2013 (High Compensation),840.0,7.692307692307687
618742,"Construction of 6-lane Greenfield corridor from Ramnagar to Kacchi Dargah NH-119D from Km 109700 to Km 122300, including widening of the existing NH-31 from Km 196700 to Km 198600, as part of the Amas-Darbhanga.",Roads & Highways,Bihar,Ministry of Road Transport & Highways,National Highways Authority of India [NHAI],0,,1113,,,1.31,,,2028-04-23,2028-04-23,,0,0,0,,,0,0,,,0.0,,,0,0,1.889931456711258,Sanctioned in Election Year,-6.2,,,,Unknown,,
618228,construction of a new 4 lane Parallel to existing MG Setu  with its approaces from km 0.00 to km 14.500 across river Ganga on NH-19 at Patna in the state of Bihar.,Roads & Highways,Bihar,Ministry of Road Transport & Highways,MoRTH,0,,2926,,,0.0,2019-12-02,,2024-09-22,2027-09-30,,0,0,0,,,75,0,,2019.0,36.2,,,0,1,-3.287904599659297,Sanctioned in Pre-Election Year (Rush),5.333333333333333,5.15,9.2,230.0,Post-RFCTLARR 2013 (High Compensation),585.0,7.339449541284404
618234,Construction of a new 4-lane major bridge across river Kosi at Phulaut including Rehabilitation and upgradation of existing Birpur and Bihpur section of NH-106 from km 106.000 to km 136.000 to 2-lane with paved shoulders in the State of Bihar on EPC mode,Roads & Highways,Bihar,Ministry of Road Transport & Highways,MoRTH,0,,1478,,,753.21,,,2024-06-06,2026-03-05,,0,0,0,,,86,0,,,20.9,,,0,1,10.974572265809623,Sanctioned in Mid-Term,3.5333333333333337,,,,Unknown,,
618882,Construction of additional 3-Lane Bridge over River Ganga for connection between Buxar and Bharauli on NH-922 in the State of Uttar Pradesh and Bihar on Hybrid Annuity Mode,Roads & Highways,Bihar,Ministry of Road Transport & Highways,NHAI,0,,532,444.92,,46.76,,,2028-02-19,2028-02-19,,0,0,0,,,20,0,,,0.0,-87.07999999999998,-16.368421052631575,0,0,0.7306609465075553,Sanctioned in Pre-Election Year (Rush),2.85,,,,Unknown,,
619301,Construction of Approach Road to Rail-cum- Road Bridge across river Ganga at Munger Ghat  NH-333 B,Roads & Highways,Bihar,Ministry of Road Transport & Highways,NHAI,0,,538,633.91,,200.58,,,2021-05-28,2026-06-30,,0,0,0,,,100,0,,,61.1,95.90999999999997,17.827137546468396,1,1,2.5739065560011376,Sanctioned in Mid-Term,-6.5,,,,Unknown,,
618004,Construction of Bhabhua Bypass from Ch. 10800Design Ch. 10800 to Ch. 19860 Design Ch. 18150 and Chand Bypass from Ch. 38060 Design Ch. 36250 to Ch. 40460 Design Ch. 38650 and widening of existing road to 2 - lane with Paved shoulder from Ch. 40460 Design Ch. 38650 to Ch. 46860 Design Ch. 45050 of NH-219 Total length-16.150 Kmunder EPC mode in the state of Bihar,Roads & Highways,Bihar,Ministry of Road Transport & Highways,MoRTH,0,,180,,,2.37,,,2027-12-02,2027-12-02,,0,0,0,,,2,0,,,0.0,,,0,0,10.80589921017685,Sanctioned in Mid-Term,5.2,,,,Unknown,,
619154,Construction of Four Lane Highway from Ghazipur- Ballia-UP/Bihar State Border Greenfield section of NH-31 Package III [from Pindari km 78.150 to Rawalganj Bypass Km 117.120] on EPC Mode in the state of Uttar Pradesh.,Roads & Highways,Bihar,Ministry of Road Transport & Highways,National Highways Authority of India [NHAI],0,,1494,1493.59,,509.37,2022-05-10,,2025-08-28,2026-08-15,,0,0,0,,,75,0,,2022.0,11.6,-0.41000000000008185,-0.027443105756364248,0,1,10.80589921017685,Sanctioned in Mid-Term,5.2,6.25,9.2,330.0,Post-RFCTLARR 2013 (High Compensation),720.0,8.270676691729317
618790,Construction of four laning of Bakarpur- Manikpur road section starting from village Chitarsenpur km 0000 and terminating at SH-74 near Manikpur 38814 at NH-139W under Bharatmalapariyona,Roads & Highways,Bihar,Ministry of Road Transport & Highways,NHAI,0,,1422,1537.99,,623.75,,,2027-04-05,2027-09-30,,0,0,0,,,46,0,,,5.8,115.99000000000001,8.156821378340366,1,1,-5.897937298933953,Sanctioned in Mid-Term,0.7666666666666666,,,,Unknown,,
618120,construction of Four-Lane of chausa-Buxar Bypass from Km 45.000 to Km 65.915 Package - 2 in the State of Bihar on EPC Mode.,Roads & Highways,Bihar,Ministry of Road Transport & Highways,MoRTH,0,,1060,,,0.0,,,2028-01-13,2028-01-13,,0,0,0,,,4,0,,,0.0,,,0,0,10.80589921017685,Sanctioned in Mid-Term,5.2,,,,Unknown,,
618956,Construction of Major Bridge over Baghmati and Lakhandei River along with Approaches from Design km.16.500 to km.21.500,Roads & Highways,Bihar,Ministry of Road Transport & Highways,NHAI,0,,499,380.3,,43.95,,,2027-04-30,2028-03-16,,0,0,0,,,25,0,,,10.5,-118.69999999999999,-23.7875751503006,0,1,0.7306609465075553,Sanctioned in Pre-Election Year (Rush),2.85,,,,Unknown,,
618246,Construction of New 4-Lane Bridge Parallel to existing Vikramashila Setufrom km 8920 to Km 13375including approach road 35m Naugachhia side &53 m Bhagalpur sideacross River Ganga on newly declared NH-131B at Bhagalpur in the State of Bihar,Roads & Highways,Bihar,Ministry of Road Transport & Highways,MoRTH,0,,1110,,,0.0,,,2027-05-08,2029-03-31,,0,0,0,,,52,0,,,22.8,,,0,1,-0.5724854676765867,Sanctioned in Election Year,4.1000000000000005,,,,Unknown,,
617897,Construction of proposed 4Lane Revelgunj bypass NH-19 in the State of Bihar on EPC mode connecting NH 19 to 85 origin,Roads & Highways,Bihar,Ministry of Road Transport & Highways,MoRTH,0,,295,,,33.07,,,2025-07-09,2026-06-30,,0,0,0,,,80,0,,,11.7,,,0,1,10.80589921017685,Sanctioned in Mid-Term,5.2,,,,Unknown,,
618146,Estimate for Improvement to two lane with paved shoulder from Ramnagar to Roseda from km 3.500 to 43.000 of NH 527 E on EPC mode in State of Bihar,Roads & Highways,Bihar,Ministry of Road Transport & Highways,MoRTH,0,,495,,,0.0,2022-11-01,,2026-04-11,2027-04-30,,0,0,0,,,37,0,,2022.0,12.6,,,0,1,10.80589921017685,Sanctioned in Mid-Term,5.2,6.25,9.2,330.0,Post-RFCTLARR 2013 (High Compensation),720.0,8.270676691729317
617961,Gaya-Hisua-Rajgir-Nalanda-Biharsharif section km0.00 to 92.935 NH-82,Roads & Highways,Bihar,Ministry of Road Transport & Highways,MoRTH,0,,1409,2138.16,,0.0,,,2019-11-06,2026-10-31,,0,0,0,,,97,0,,,83.8,729.1599999999999,51.75017743080198,1,1,-0.6909719065369746,Sanctioned in Pre-Election Year (Rush),-7.733333333333334,,,,Unknown,,
618951,Hariharganj to Parwa Mode section from km 23.284 to km 57.049 of NH-98,Roads & Highways,Bihar,Ministry of Road Transport & Highways,NHAI,0,,1126,1186.56,,830.06,,,2024-02-29,2026-07-31,,0,0,0,,,91,0,,,29.0,60.559999999999945,5.378330373001771,1,1,-0.5724854676765867,Sanctioned in Election Year,4.1000000000000005,,,,Unknown,,
618251,"Improvement and Up gradation to four lane with Paved shoulder configuration from Existing Km 0000 to Km 39500 design km 0500 to Km 40342, Design length km of NH  227A  near Mehrauna GhatUP  Bihar Border to Siwan on the state of Bihar on Hybrid Annuity Model HAM basis",Roads & Highways,Bihar,Ministry of Road Transport & Highways,MoRTH,0,,1661,,,0.83,2023-09-03,,2028-03-05,2028-03-05,,0,0,0,,,8,0,,2023.0,0.0,,,0,0,-5.897937298933953,Sanctioned in Mid-Term,0.7666666666666666,6.5,9.8,375.0,Post-RFCTLARR 2013 (High Compensation),780.0,8.333333333333325
618073,Improvement to Two lane with Paved Shoulder from Junction of NH22 near Hajipur to Junction of NH -122 at Bachhwara via Mahnar and Mohiuddin Nagar from Km 0.00 to Km 29.730 of NH 122 B in the State of Bihar.,Roads & Highways,Bihar,Ministry of Road Transport & Highways,MoRTH,0,,226,,,0.0,,,2026-02-28,2027-02-28,,0,0,0,,,53,0,,,12.0,,,0,1,0.7306609465075553,Sanctioned in Pre-Election Year (Rush),2.85,,,,Unknown,,
618080,Improvement to two lane with paved shoulders of BH WB Border Amdabad Manihari section from design Km 0.000 to Km 23.945 of NH 131 A Total length 23.945 Km under EPC mode in the state of Bihar,Roads & Highways,Bihar,Ministry of Road Transport & Highways,MoRTH,0,,353,,,0.0,,,2026-11-29,2027-06-30,,0,0,0,,,7,0,,,7.0,,,0,1,10.80589921017685,Sanctioned in Mid-Term,5.2,,,,Unknown,,
618121,Improvement to two lane with paved shoulders of NH-319A from km 0 to km 45 in state of Bihar under EPC mode,Roads & Highways,Bihar,Ministry of Road Transport & Highways,MoRTH,0,,427,,,178.43,2022-09-02,,2024-12-19,2026-07-26,,0,0,0,,,93,0,,2022.0,19.2,,,0,1,10.80589921017685,Sanctioned in Mid-Term,5.2,6.25,9.2,330.0,Post-RFCTLARR 2013 (High Compensation),720.0,8.270676691729317
618007,Jaynagar-Narahia Section km 156.500 to km 219.945 Lot-III,Roads & Highways,Bihar,Ministry of Road Transport & Highways,MoRTH,0,,553,706.39,,,2016-01-02,,2018-11-11,2026-06-30,,0,0,0,,,99,0,,2016.0,91.6,153.39,27.7377938517179,1,1,0.6082214765100735,Sanctioned in Mid-Term,-6.866666666666667,6.25,10.4,138.0,Post-RFCTLARR 2013 (High Compensation),465.0,9.411764705882364
618903,Maheshkunt -Saharsa-Purnea Pkg II,Roads & Highways,Bihar,Ministry of Road Transport & Highways,NHAI,0,,1028,1244.09,,1220.65,,,2020-12-11,2026-09-30,,0,0,0,,,94,0,,,69.6,216.08999999999992,21.020428015564192,1,1,10.26683343756516,Sanctioned in Mid-Term,-1.7333333333333332,,,,Unknown,,
618902,Maheshkunt-Saharsa-Purnea Pkg I km 0.00 to km. 90.00 of NH-107,Roads & Highways,Bihar,Ministry of Road Transport & Highways,National Highways Authority of India [NHAI],0,,662,1311.22,,933.08,,,2021-12-19,2026-09-30,,0,0,0,,,85,0,,,57.4,649.22,98.06948640483384,1,1,10.26683343756516,Sanctioned in Mid-Term,-1.7333333333333332,,,,Unknown,,
619320,Muzaffarpur - Sonbarsa Section of NH-77 from km 2.800 to km 89.000,Roads & Highways,Bihar,Ministry of Road Transport & Highways,NHAI,0,,2291,2311.1,,468.71,,,2013-11-25,2026-06-30,,0,0,0,,,100,0,,,151.1,20.09999999999991,0.8773461370580493,1,1,4.2752867570385655,Sanctioned in Mid-Term,-3.233333333333334,,,,Unknown,,
618571,Permanent rectification of 3 nos. of black spots in project Highway NH-27 of U.P border - Dewapur - Kotwa section from Km.360.915 to km.440.000 Total Length of 79.085 Km of NH-27& Permanent rectification of 5 nos. of black spots of project Highway NH-27 of Kotwa - Mehsi - Muzaffarpur Section from km.440.000 to km.520.000 Total length 80.00Km ,Roads & Highways,Bihar,Ministry of Road Transport & Highways,NHAI,0,,227,321.23,,233.7,2022-12-04,,2025-12-11,2026-10-31,,0,0,0,,,83,0,,2022.0,10.6,94.23000000000002,41.51101321585904,1,1,10.80589921017685,Sanctioned in Mid-Term,5.2,6.25,9.2,330.0,Post-RFCTLARR 2013 (High Compensation),720.0,8.270676691729317
618074,Pre construction activity of NH 122B from km 0 to 72.348 and  Improvement to two lane with paved shoulders of NH 122B from km 29.730 to km 72.348 in state of Bihar under EPC mode,Roads & Highways,Bihar,Ministry of Road Transport & Highways,MoRTH,0,,624,,,154.25,2022-09-02,,2024-11-11,2026-08-03,,0,0,0,,,95,0,,2022.0,20.7,,,0,1,10.80589921017685,Sanctioned in Mid-Term,5.2,6.25,9.2,330.0,Post-RFCTLARR 2013 (High Compensation),720.0,8.270676691729317
618126,"Pre-Construction activities from Km 134.000 to Km 190.233 of NH-333A and Construction of 4 no. of Bypasses at Katoria, Lakhpura, Banka & Panjwara total length-14.359 Km to two lane with paved shoulders standard in State of Bihar.",Roads & Highways,Bihar,Ministry of Road Transport & Highways,MoRTH,0,,479,,,11.75,2022-10-11,,2026-12-08,2026-12-08,,0,0,0,,,58,0,,2022.0,0.0,,,0,0,10.80589921017685,Sanctioned in Mid-Term,5.2,6.25,9.2,330.0,Post-RFCTLARR 2013 (High Compensation),720.0,8.270676691729317
617959,Rehabilitation & Widening work for 2 Lane with Paved Shoulder of Existing NH-80 from km 70.15 to Km 121.025 of Munger-Suttanganj -BhagatpurMirzachowki section on EPC Mode in the State of Bihar.,Roads & Highways,Bihar,Ministry of Road Transport & Highways,MoRTH,0,,478,,,311.39,,,2025-01-31,,,0,0,0,,,95,0,,,0.0,,,0,0,26.733988838692536,Sanctioned in Mid-Term,-2.466666666666667,,,,Unknown,,
619136,Rehabilitation and Upgradation of  Chorma - Bairgania Section of National Highway No 227F to 2 lane with paved shoulders from Design Ch.0.000 to Ch. 34.566 ,Roads & Highways,Bihar,Ministry of Road Transport & Highways,National Highways Authority of India [NHAI],0,,611,628.65,,304.24,,,2026-01-31,2026-04-15,,0,0,0,,,100,0,,,2.4,17.649999999999977,2.8887070376432042,1,1,10.80589921017685,Sanctioned in Mid-Term,5.2,,,,Unknown,,
617966,Rehabilitation and Upgrading to 2 lanes/2-lane with paved shoulders configuration and strengthening of of Birpur and Bihpur Section from km 0.0 to Km 106 of NH  106 under phase I of National Highways Interconnectivity Improvement Projects NHIIP ICB No.  NHIIP-BR-106-7 [NHIIP-BR-106-7],Roads & Highways,Bihar,Ministry of Road Transport & Highways,MoRTH,0,,781,961.33,,0.04,2014-02-01,,2019-10-02,2026-04-30,,0,0,0,,,100,0,,2014.0,78.9,180.33000000000004,23.08962868117798,1,1,-0.6909719065369746,Sanctioned in Pre-Election Year (Rush),-7.733333333333334,8.0,12.0,92.0,Post-RFCTLARR 2013 (High Compensation),385.0,13.235294117647056
618005,Sheohar-Sitamarhi Section km 40.000 to 79.400 km Lot-I,Roads & Highways,Bihar,Ministry of Road Transport & Highways,MoRTH,0,,179,278.53,,0.0,2016-01-02,,2018-05-03,2026-09-30,,0,0,0,,,99,0,,2016.0,100.9,99.52999999999997,55.60335195530725,1,1,0.6082214765100735,Sanctioned in Mid-Term,-6.866666666666667,6.25,10.4,138.0,Post-RFCTLARR 2013 (High Compensation),465.0,9.411764705882364
618840,Simaria Km. 206.050 to Khagaria Km. 266.282,Roads & Highways,Bihar,Ministry of Road Transport & Highways,NHAI,0,,664,891.64,,813.98,2015-01-12,,2019-04-03,2026-10-31,,0,0,0,,,98,0,,2015.0,90.9,227.64,34.28313253012048,1,1,-12.69797674631511,Sanctioned in Election Year,-7.366666666666667,6.75,11.1,115.0,Post-RFCTLARR 2013 (High Compensation),425.0,10.389610389610393
618006,Sitamarhi-Jaynagar Section km 79.400 to km 156.500 Lot-II,Roads & Highways,Bihar,Ministry of Road Transport & Highways,MoRTH,0,,370,503.28,,,2016-01-02,,2018-12-29,2021-06-06,,0,0,0,,,98,0,,2016.0,29.2,133.27999999999997,36.02162162162161,1,1,0.6082214765100735,Sanctioned in Mid-Term,-6.866666666666667,6.25,10.4,138.0,Post-RFCTLARR 2013 (High Compensation),465.0,9.411764705882364
619078,Six Laning of Bihar - Jharkhand Border Chordaha - Gorhar section of NH-2 from km 249.525 to km 320.810,Roads & Highways,Bihar,Ministry of Road Transport & Highways,National Highways Authority of India [NHAI],0,,1773,1689.17,,253.22,,,2021-11-26,2026-02-28,,0,0,0,,,78,0,,,51.1,-83.82999999999993,-4.728144388042861,0,1,10.26683343756516,Sanctioned in Mid-Term,-1.7333333333333332,,,,Unknown,,
618530,Six Laning of Varanasi to Aurangabad from km. 786.00 to km. 978.40 of Old NH-2,Roads & Highways,Bihar,Ministry of Road Transport & Highways,NHAI,0,,3242,3241.56,,2858.26,2009-10-02,,2014-03-10,2026-07-31,,0,0,0,,,100,0,,2009.0,148.7,-0.44000000000005457,-0.013571869216534688,0,1,-3.3825944170771782,Sanctioned in Pre-Election Year (Rush),-10.966666666666669,4.75,9.8,26.5,Pre-RFCTLARR 2013 (Old 1894 Act),190.0,15.15151515151516
618954,Umagaon - Saharsa Package - I Combined Umagaon-Kaluahi0.000KM to 21.609Km of NH227LSaharghat-Rahika0.000 Km to 26.130KM of NH227JRahika-Rampatti 0.00 KM to 15.00KM of NH527ABideshwarsthan-Bheja0.000KM to 25.915KM of NH527A.,Roads & Highways,Bihar,Ministry of Road Transport & Highways,NHAI,0,,1473,1703.02,,550.3,,,2027-07-01,2027-07-01,,0,0,0,,,12,0,,,0.0,230.01999999999998,15.615750169721654,1,0,10.80589921017685,Sanctioned in Mid-Term,5.2,,,,Unknown,,
618953,Umagaon-Saharsa Package-IV Koshi Bridge & approach Road - Bheja-Bakaur,Roads & Highways,Bihar,Ministry of Road Transport & Highways,NHAI,0,,1200,1223.94,,1086.2,2019-01-02,,2023-08-11,2026-09-30,,0,0,0,,,89,0,,2019.0,37.6,23.940000000000055,1.9950000000000043,1,1,-3.287904599659297,Sanctioned in Pre-Election Year (Rush),5.333333333333333,5.15,9.2,230.0,Post-RFCTLARR 2013 (High Compensation),585.0,7.339449541284404
619166,Umagaon-Saharsa Package-V Bakaur-Parsarma-Bangaon-Bariyahi & Spur to Mahishi,Roads & Highways,Bihar,Ministry of Road Transport & Highways,NHAI,0,,768,968.42,,410.55,2022-07-10,,2025-12-14,2026-05-15,,0,0,0,,,99,0,,2022.0,5.0,200.41999999999996,26.096354166666664,1,1,10.80589921017685,Sanctioned in Mid-Term,5.2,6.25,9.2,330.0,Post-RFCTLARR 2013 (High Compensation),720.0,8.270676691729317
617958,Widening & Strenthening from km132.895 to km 190.15 NH-80,Roads & Highways,Bihar,Ministry of Road Transport & Highways,MoRTH,0,,566,,,248.41,,,2024-11-03,2026-05-16,,0,0,0,,,91,0,,,18.4,,,0,1,26.733988838692536,Sanctioned in Mid-Term,-2.466666666666667,,,,Unknown,,
618905,Widening with additional 3L abetting Chhapra Bypass Section of NH-19 from Km. 143.200 to Km. 159.255 Pkg-1,Roads & Highways,Bihar,Ministry of Road Transport & Highways,National Highways Authority of India [NHAI],0,,470,528.48,,177.55,,,2026-08-29,2026-08-30,,0,0,0,,,65,0,,,0.0,58.48000000000002,12.442553191489365,1,0,0.7306609465075553,Sanctioned in Pre-Election Year (Rush),2.85,,,,Unknown,,
618957,4 laning of Champa - Korba from km 0.00 to km 38.2,Roads & Highways,Chhattisgarh,Ministry of Road Transport & Highways,National Highways Authority of India [NHAI],0,,1002,1304.47,,718.32,2021-08-02,,2024-01-05,2026-04-30,,0,0,0,,,99,0,,2021.0,27.8,302.47,30.186626746506988,1,1,26.733988838692536,Sanctioned in Mid-Term,5.133333333333333,4.0,7.5,290.0,Post-RFCTLARR 2013 (High Compensation),665.0,7.258064516129026
619167,4 Laning with PS of Pathrapalli-Katghora km 53.3 to km 92.6 Pkg-II of Bilaspur Kathghora,Roads & Highways,Chhattisgarh,Ministry of Road Transport & Highways,NHAI,0,,865,1275.26,,851.38,,,2022-12-03,2026-07-31,,0,0,0,,,93,0,,,43.9,410.26,47.428901734104045,1,1,-3.287904599659297,Sanctioned in Mid-Term,11.833333333333334,,,,Unknown,,
619103,4/6 Laning of Raipur-Simga Pkg-I from km. 0.00 to km. 48.58,Roads & Highways,Chhattisgarh,Ministry of Road Transport & Highways,National Highways Authority of India [NHAI],0,,1097,1172.36,,106.47,2015-10-10,,2018-04-20,2026-04-30,,0,0,0,,,100,0,,2015.0,96.3,75.3599999999999,6.86964448495897,1,1,-12.69797674631511,Sanctioned in Mid-Term,-8.166666666666666,6.75,11.1,115.0,Post-RFCTLARR 2013 (High Compensation),425.0,10.389610389610393
618639,4L of Bilaspur to Urga km 0.00 to 70.2 of NH-130A,Roads & Highways,Chhattisgarh,Ministry of Road Transport & Highways,NHAI,0,,1856,2523.86,,1468.47,,,2024-03-24,2026-07-31,,0,0,0,,,95,0,,,28.2,667.8600000000001,35.983836206896555,1,1,-0.5724854676765867,Sanctioned in Mid-Term,14.233333333333334,,,,Unknown,,
618646,4L of Pathalgaon-Kunkuri-CG/JH Border section of NH-43 from Km. 00.000 to Km.104.250,Roads & Highways,Chhattisgarh,Ministry of Road Transport & Highways,NHAI,0,,3147,,,0.03,2024-02-08,,2029-04-06,2029-04-06,,0,0,0,,,0,0,,2024.0,0.0,,,0,0,0.7306609465075553,Sanctioned in Mid-Term,7.75,6.5,9.85,420.0,Post-RFCTLARR 2013 (High Compensation),840.0,7.692307692307687
618640,4L of Urga - Pathalgaon from Km. 70.200 to km. 157.745 of NH-130A,Roads & Highways,Chhattisgarh,Ministry of Road Transport & Highways,NHAI,0,,2261,2860.36,,1050.51,,,2026-08-08,2026-08-08,,0,0,0,,,80,0,,,0.0,599.3600000000001,26.50862450243256,1,0,10.80589921017685,Sanctioned in Pre-Election Year (Rush),7.433333333333334,,,,Unknown,,
618676,6L of  Dhanara - Hatibena Section from Km 124.611 to km 146.50 of NH-130-CD Package  OD-1,Roads & Highways,Chhattisgarh,Ministry of Road Transport & Highways,National Highways Authority of India [NHAI],0,,478,638.32,,276.9,2021-11-02,,2024-03-23,2025-12-15,,0,0,0,,,99,0,,2021.0,20.8,160.32000000000005,33.53974895397491,1,1,26.733988838692536,Sanctioned in Mid-Term,5.133333333333333,4.0,7.5,290.0,Post-RFCTLARR 2013 (High Compensation),665.0,7.258064516129026
619347,Balance Work Estimate of Rehabilitation and Up-gradation of NH- 43 from Km. 468.600 to Km. 531.250 Pathalgaon to kunkuri Section to two-lane with paved shoulder in the State of Chhattisgarh on SBD mode under NHO under Annual plan 2025-26 ,Roads & Highways,Chhattisgarh,Ministry of Road Transport & Highways,MoRTH,0,,201,,,0.0,2026-06-03,,2028-06-07,,,0,0,0,,,0,0,,2026.0,0.0,,,0,0,1.6785317745412032,Sanctioned in Mid-Term,,6.0,9.2,510.0,Post-RFCTLARR 2013 (High Compensation),950.0,6.145251396648055
619039,"Balance Works of Rehabilitation and Up gradation of NH-43 New NH-30 from Krn 162120 to Krn 173500 Length 11.380 Km. Keshkal Bypass 4-Lane with Paved shoulder in the State Of Chhattisgarh under NHDP-IV through Engineering, Procurement & Construction EPC Basis",Roads & Highways,Chhattisgarh,Ministry of Road Transport & Highways,MoRTH,0,,308,,,0.0,,,2028-06-10,,,0,0,0,,,0,0,,,0.0,,,0,0,1.889931456711258,Sanctioned in Mid-Term,3.0,,,,Unknown,,
617908,Bemetara Bypass NH 30,Roads & Highways,Chhattisgarh,Ministry of Road Transport & Highways,MoRTH,0,,162,,,0.0,2024-08-01,,2027-04-28,2027-04-28,,0,0,0,,,42,0,,2024.0,0.0,,,0,0,0.7306609465075553,Sanctioned in Mid-Term,7.75,6.5,9.85,420.0,Post-RFCTLARR 2013 (High Compensation),840.0,7.692307692307687
617919,Construction of 4 Nos Grade separtor between km. 281.000 to km. 307.600 km. 286.400 kumhari km. 299.000 Transport Nagar km. 302.000 Power House km. 304.000 Chandra Moura Chowk to km. 305.000 supeia of NH-53 old NH-06 Raipur -Durg 4 Lane on EPC mode in the state of chhattisgarh job NO. NH-53old NH-06 CG-2017-18-56,Roads & Highways,Chhattisgarh,Ministry of Road Transport & Highways,MoRTH,0,,349,,,0.0,,,2021-01-27,2025-08-31,,0,0,0,,,98,0,,,55.1,,,0,1,10.974572265809623,Sanctioned in Election Year,7.2,,,,Unknown,,
618849,Conversion of Partially Excavated Escape Tunnel to Uni-Directional 2L Tunnelincluding construction of cross passages and approach roads on either side of the tunnel from Km 12.732 to Km 14.568 of Kiratpur to Nerchowk Section of NH-21,Roads & Highways,Chhattisgarh,Ministry of Road Transport & Highways,National Highways Authority of India [NHAI],0,,444,412.88,,394.65,2022-08-05,,2024-03-15,2026-05-15,,0,0,0,,,100,0,,2022.0,26.0,-31.120000000000005,-7.009009009009009,0,1,10.80589921017685,Sanctioned in Pre-Election Year (Rush),7.433333333333334,6.25,9.2,330.0,Post-RFCTLARR 2013 (High Compensation),720.0,8.270676691729317
618675,Development of 6L of Basanwahi  Marangpuri Section from km 99.500 to km 124.661 of NH-130-CD,Roads & Highways,Chhattisgarh,Ministry of Road Transport & Highways,NHAI,0,,1307,1303.63,,481.63,,,2025-10-15,2027-03-31,,0,0,0,,,67,0,,,17.5,-3.369999999999891,-0.25784238714612784,0,1,10.80589921017685,Sanctioned in Pre-Election Year (Rush),7.433333333333334,,,,Unknown,,
618673,Development of 6L of Jhanki  Sargi Section  Road from km 0.000 to km 42.800 of NH-130CD Pkg-CG-1,Roads & Highways,Chhattisgarh,Ministry of Road Transport & Highways,NHAI,0,,1368,1129.14,,715.25,,,2024-09-28,2027-02-12,,0,0,0,,,99,0,,,28.5,-238.8599999999999,-17.460526315789465,0,1,26.733988838692536,Sanctioned in Mid-Term,5.133333333333333,,,,Unknown,,
618674,Development of 6L Sargi  Basanwahi Section from km 42.800 to km 99.500 of NH-130CD Pkg-CG-2,Roads & Highways,Chhattisgarh,Ministry of Road Transport & Highways,National Highways Authority of India [NHAI],0,,1471,1461.81,,756.05,,,2025-01-08,2026-05-06,,0,0,0,,,99,0,,,15.9,-9.190000000000055,-0.6247450713800173,0,1,26.733988838692536,Sanctioned in Mid-Term,5.133333333333333,,,,Unknown,,
618589,Durg-Raipur Bypass Section Package - 1 from km. 0.00 to km. 44.50 near Tendesara to near Khatti Village,Roads & Highways,Chhattisgarh,Ministry of Road Transport & Highways,NHAI,0,,1828,1656.73,,1016.41,,,2025-07-20,2027-03-31,,0,0,0,,,75,0,,,20.3,-171.26999999999998,-9.36925601750547,0,1,10.80589921017685,Sanctioned in Pre-Election Year (Rush),7.433333333333334,,,,Unknown,,
618590,Durg-Raipur-Arang Package - 2 from km. 44.50 to km. 92.23 near Khatti Village to near Aurang,Roads & Highways,Chhattisgarh,Ministry of Road Transport & Highways,National Highways Authority of India [NHAI],0,,1959,1561.97,,568.17,,,2025-05-28,2027-03-31,,0,0,0,,,71,0,,,22.1,-397.03,-20.266972945380296,0,1,10.80589921017685,Sanctioned in Pre-Election Year (Rush),7.433333333333334,,,,Unknown,,
617973,Strengthening and widening of existing 2 lane road to two lane paved shoulder from km 7.750 to 26.542 & km. 32.093 to 45.786 of NH-130 on EPC mode in the state of chhattisgarh.job No. 130-CG-2017-18-348,Roads & Highways,Chhattisgarh,Ministry of Road Transport & Highways,MoRTH,0,,189,,,102.56,2017-08-11,,2020-11-24,2026-02-28,,0,0,0,,,97,0,,2017.0,63.1,,,0,1,10.26683343756516,Sanctioned in Pre-Election Year (Rush),-1.833333333333334,6.0,10.1,165.0,Post-RFCTLARR 2013 (High Compensation),505.0,8.602150537634401
618078,Up-gradation of NH-130C Abhanpur to Paund from NH Km. 0000 to KM 40380 to two lane with paved shoulders in the State of Chhattisgarh on EPC mode.,Roads & Highways,Chhattisgarh,Ministry of Road Transport & Highways,MoRTH,0,,193,,,97.78,,,2023-09-24,2026-02-15,,0,0,0,,,85,0,,,28.7,,,0,1,-0.5724854676765867,Sanctioned in Mid-Term,14.233333333333334,,,,Unknown,,
618064,Up-gradation of NH-930 Sherpar to Kohka from Km.67880 to Km.114860 to 2LPS in Chhattisgarh under EPC mode ,Roads & Highways,Chhattisgarh,Ministry of Road Transport & Highways,MoRTH,0,,279,,,201.05,2020-12-03,,2024-05-25,,,0,0,0,,,0,0,,2020.0,0.0,,,0,0,-0.5724854676765867,Sanctioned in Mid-Term,14.233333333333334,4.0,7.8,260.0,Post-RFCTLARR 2013 (High Compensation),620.0,5.982905982905984
617971,Up-gradation to Two/Four lane with paved shoulder Configuration of Kondagaon- Narayanpur from design ch. 0.00 - 48.693   Design Length    47.493 Km. 1.20 Km. retained    on NH-130D under EPC mode in the State Chhattisgarh.,Roads & Highways,Chhattisgarh,Ministry of Road Transport & Highways,MoRTH,0,,322,,,1.1,,,2027-03-16,2027-03-16,,0,0,0,,,48,0,,,0.0,,,0,0,10.80589921017685,Sanctioned in Pre-Election Year (Rush),7.433333333333334,,,,Unknown,,
618016,"Upgradation of Ambikapur  Ramanujganj - Garhwa Road NH 343 of Package-I, Rajpuri Khurd Village to Padih Village section from existing km 7.830 to km 57.650 Design Ch. 13.700 to Ch. 62.700 of total length 49.00 km to two lane with paved shoulders under EPC mode in the state of Chhattisgarh",Roads & Highways,Chhattisgarh,Ministry of Road Transport & Highways,MoRTH,0,,397,,,18.97,,,2027-05-26,2027-05-26,,0,0,0,,,10,0,,,0.0,,,0,0,10.80589921017685,Sanctioned in Pre-Election Year (Rush),7.433333333333334,,,,Unknown,,
618014,"Upgradation of Ambikapur-Ramanujganj-Garwa road of NH-343, Package-III, Badki mahri village to Ramanujganj section from existing km 80.600 to km 110.330 Design Ch. 85.370 to Ch. 114.800 of total length 29.430 km to two lane with paved shoulders udner corridor scheme under EPC Mode in the of Chhattisgarh",Roads & Highways,Chhattisgarh,Ministry of Road Transport & Highways,MoRTH,0,,199,,,15.65,,,2026-10-31,2026-10-31,,0,0,0,,,29,0,,,0.0,,,0,0,10.80589921017685,Sanctioned in Pre-Election Year (Rush),7.433333333333334,,,,Unknown,,
618018,Upgradation of Bilaspur-Takhatpur-Mungeli-Pandariya-Pondi Road on N.H.-130A Package  IIIA Takhatpur By-pass from existing Ch. 26.542 to 32.093 [Design Ch. 18.700 to 25.900] & Mungeli By-pass from existing Ch. 45.786 to 56.275 [Design Ch. 29.600 to 51.600] and Package  IIIB Pandariya By-Pass from existing Ch. 82.582 to 87.133 [Design Ch. 77.900 to 81.1000 & Pondi By-pass from existing Ch. 103.166 to 104.756 [Design Ch. 97.000 to 103.395] to two lane with paved shoulder configuration in the,Roads & Highways,Chhattisgarh,Ministry of Road Transport & Highways,MoRTH,0,,351,,,11.48,,,2025-07-17,2026-12-31,,0,0,0,,,10,0,,,17.5,,,0,1,10.80589921017685,Sanctioned in Pre-Election Year (Rush),7.433333333333334,,,,Unknown,,
618015,"Upgradation of Keonchi - Ratanpur Road of NH 45 Package-I, from design chainage km 237.860 to km 273.200 of length 35.340 km to two lane with paved shoulders under Corridor scheme on EPC mode in the state of Chhattisgarh.",Roads & Highways,Chhattisgarh,Ministry of Road Transport & Highways,MoRTH,0,,225,228.93,,62.63,,,2026-01-06,2026-12-31,,0,0,0,,,45,0,,,11.8,3.930000000000007,1.7466666666666697,1,1,10.80589921017685,Sanctioned in Pre-Election Year (Rush),7.433333333333334,,,,Unknown,,
618017,"Upgradation of Keonchi - Ratanpur Road of NH 45 Package-II, from design chainage km 278.75 to km 321.348 of length 42.598 km to two lane with paved shoulders under Corridor scheme on EPC mode in the state of Chhattisgarh.",Roads & Highways,Chhattisgarh,Ministry of Road Transport & Highways,MoRTH,0,,286,,,73.61,,,2026-01-06,2026-12-31,,0,0,0,,,50,0,,,11.8,,,0,1,10.80589921017685,Sanctioned in Pre-Election Year (Rush),7.433333333333334,,,,Unknown,,
617972,Upgradation to Two lane with Paved Shoulder Configuration of Narayanpur Kasturmeta pkg-II from design ch. 48.693 to 70.453  design length21.760 Km.    on NH-130D under EPC mode in the state of Chhattisgarh.,Roads & Highways,Chhattisgarh,Ministry of Road Transport & Highways,MoRTH,0,,201,,,14.99,,,2026-06-13,,,0,0,0,,,0,0,,,0.0,,,0,0,10.80589921017685,Sanctioned in Pre-Election Year (Rush),7.433333333333334,,,,Unknown,,
619064,Vadodara Mumbai Expressway Talsari to Karvad Phase IB - Pkg X [Km 103.400 to Km 128.000],Roads & Highways,Dadra & Nagar Haveli and Daman & Diu,Ministry of Road Transport & Highways,National Highways Authority of India [NHAI],0,,1910,2652.24,,670.18,2020-07-10,,2024-03-21,2026-11-15,,0,0,0,,,36,0,,2020.0,31.8,742.2399999999998,38.860732984293186,1,1,-0.5724854676765867,Unknown / Multi-State,,4.0,7.8,260.0,Post-RFCTLARR 2013 (High Compensation),620.0,5.982905982905984
619183,Widening of Existing Road from Intermediate Lane 2-lane to 4-lane Between Km 19.994 to Km 35.180 of NH-848A Rakholi-Khadoli-Velugam Section in U.T. of Dadra and Nagar Haveli and Daman and Diu,Roads & Highways,Dadra & Nagar Haveli and Daman & Diu,Ministry of Road Transport & Highways,MoRTH,0,,198,239.57,,75.95,,,2026-06-30,2026-07-31,,0,0,0,,,80,0,,,1.0,41.56999999999999,20.99494949494949,1,1,10.80589921017685,Unknown / Multi-State,,,,,Unknown,,
618578,6L Access Controlled Highway from DND Maharani Bagh - Jn. with Jaitpur - Pushta Road of NH-148NA from km. 0.00 to km. 9.00 in NCR,Roads & Highways,Delhi,Ministry of Road Transport & Highways,National Highways Authority of India [NHAI],0,,1467,2510.34,,1615.84,,,2024-07-08,2026-05-05,,0,0,0,,,98,0,,,21.9,1043.3400000000001,71.12065439672803,1,1,-0.5724854676765867,Sanctioned in Election Year,0.6666666666666664,,,,Unknown,,
619090,8L of Dwarka Expressway Pkg-II RuB near Dwarka Sector 21-DL/HR Border from 5.300 Km.to 9.500 Km. of NH-248BB,Roads & Highways,Delhi,Ministry of Road Transport & Highways,National Highways Authority of India [NHAI],0,,2068,2670.22,,1886.88,,,2021-10-16,2025-07-27,,0,0,0,,,100,0,,,45.3,602.2199999999998,29.12088974854931,1,1,10.974572265809623,Sanctioned in Mid-Term,-0.2000000000000001,,,,Unknown,,
619122,Akshardham - DL/UP Border Pkg-01,Roads & Highways,Delhi,Ministry of Road Transport & Highways,National Highways Authority of India [NHAI],0,,1479,1476.75,,1327.39,2020-08-09,,2024-12-23,2026-04-16,,0,0,0,,,100,0,,2020.0,15.7,-2.25,-0.15212981744421905,0,1,-0.5724854676765867,Sanctioned in Election Year,0.6666666666666664,4.0,7.8,260.0,Post-RFCTLARR 2013 (High Compensation),620.0,5.982905982905984
618509,Development of 6L UER II [Package - I] NH-1 Near Bakoli till Karala Kanjhawala Road from km. 0.70 to km.15.00,Roads & Highways,Delhi,Ministry of Road Transport & Highways,NHAI,0,,2090,2203.45,,1825.54,2020-03-07,,2023-10-27,2026-06-30,,0,0,0,,,100,0,,2020.0,32.1,113.44999999999982,5.428229665071762,1,1,-0.5724854676765867,Sanctioned in Election Year,0.6666666666666664,4.0,7.8,260.0,Post-RFCTLARR 2013 (High Compensation),620.0,5.982905982905984
619202,Dwarka Expressway from Km -0.600 to Km 5.300 - Pkg-I Shivmurti Chowk-RuB near Dwarka Sector 21,Roads & Highways,Delhi,Ministry of Road Transport & Highways,NHAI,0,,2145,3929.5,,3329.23,,,2022-09-24,2026-06-30,,0,0,0,,,99,0,,,45.2,1784.5,83.19347319347318,1,1,10.974572265809623,Sanctioned in Mid-Term,-0.2000000000000001,,,,Unknown,,
618577,Dwarka Expressway Pkg-III Delhi/HR Border to Start of RoB Gurugram,Roads & Highways,Delhi,Ministry of Road Transport & Highways,NHAI,0,,2228,2298.37,,1759.52,,,2020-11-27,2024-05-31,,0,0,0,,,100,0,,,42.1,70.36999999999989,3.1584380610412874,1,1,10.974572265809623,Sanctioned in Mid-Term,-0.2000000000000001,,,,Unknown,,
617941,4-Laning from End of Zuari approaches to Start of Margao Bypass section of NH-66 from Km 536.800 to Km 543.450,Roads & Highways,Goa,Ministry of Road Transport & Highways,MoRTH,0,,398,,,0.0,,,2028-02-15,2028-02-15,,0,0,0,,,0,0,,,0.0,,,0,0,0.7306609465075553,Sanctioned in Mid-Term,-5.550000000000001,,,,Unknown,,
617943,4-laning of Navelim to Cuncolim Section of NH-66 from Km 554.245 to Km 561.480 on HAM Mode,Roads & Highways,Goa,Ministry of Road Transport & Highways,MoRTH,0,,747,,,0.0,,,2028-10-21,2028-10-21,,0,0,0,,,0,0,,,0.0,,,0,0,0.7306609465075553,Sanctioned in Mid-Term,-5.550000000000001,,,,Unknown,,
618942,Balance work of 2L PS  from Km 30.800 to Km 70.800 and 2L with Rigid Carriageway from Km 70.800 to  km 84.120 of Khanapur- KA/GOA Border section of NH-4A,Roads & Highways,Goa,Ministry of Road Transport & Highways,National Highways Authority of India [NHAI],0,,227,149.44,,103.98,,,2024-05-21,2026-11-30,,0,0,0,,,82,0,,,30.3,-77.56,-34.16740088105727,0,1,10.80589921017685,Sanctioned in Election Year,2.2,,,,Unknown,,
618609,Construction of 4L Flyover from MES College Junction to Bogmalo Junction on NH-566 from Km. 7.106 to Km. 10.460 and 4L VUP at Queeny Nagar Junction from Km. 3.330 to Km. 4.550,Roads & Highways,Goa,Ministry of Road Transport & Highways,NHAI,0,,463,316.28,,168.21,,,2026-07-31,2027-05-31,,0,0,0,,,57,0,,,10.0,-146.72000000000003,-31.68898488120951,0,1,0.7306609465075553,Sanctioned in Mid-Term,-5.550000000000001,,,,Unknown,,
617942,Construction of Six lane Elevated Corridor from Km. 508.000 to Km. 513.150 including approaches on NH-66,Roads & Highways,Goa,Ministry of Road Transport & Highways,MoRTH,0,,641,,,0.0,,,2026-04-15,2026-10-14,,0,0,0,,,97,0,,,6.0,,,0,1,-5.897937298933953,Sanctioned in Mid-Term,-7.066666666666667,,,,Unknown,,
618834,4L Kodinar - Veraval Package VI from km. 222.400 to km. 230.00 Kodinar Bypass of NH-8E NH 51 new,Roads & Highways,Gujarat,Ministry of Road Transport & Highways,National Highways Authority of India [NHAI],0,,163,192.01,,174.82,,,2023-09-20,2025-04-30,,0,0,0,,,100,0,,,19.3,29.00999999999999,17.797546012269933,1,1,10.80589921017685,Sanctioned in Election Year,3.2,,,,Unknown,,
619147,4L of Bal Works of  Mahuva to Kagvadar from 100.450 Km. to 140.470 Km. of NH-8E Pkg- III,Roads & Highways,Gujarat,Ministry of Road Transport & Highways,National Highways Authority of India [NHAI],0,,603,628.49,,624.32,,,2022-09-23,2026-01-17,,0,0,0,,,100,0,,,39.8,25.49000000000001,4.227197346600333,1,1,-0.5724854676765867,Sanctioned in Mid-Term,6.5,,,,Unknown,,
618835,4L of Bal Works of Talaja - Mahuva from 54.990 km. to 100.450 km. of Old NH-8E Package-II,Roads & Highways,Gujarat,Ministry of Road Transport & Highways,National Highways Authority of India [NHAI],0,,698,735.51,,418.26,,,2022-09-24,,,0,0,0,,,100,0,,,0.0,37.50999999999999,5.373925501432664,1,0,-0.5724854676765867,Sanctioned in Mid-Term,6.5,,,,Unknown,,
619148,4L of Bhavnagar - Talaja Package-I from Km. 6.945 to Km. 54.990 of Old NH-8E,Roads & Highways,Gujarat,Ministry of Road Transport & Highways,National Highways Authority of India [NHAI],0,,1186,1343.16,,53.18,,,2019-08-06,,,0,0,0,,,100,0,,,0.0,157.16000000000008,13.251264755480612,1,0,0.6082214765100735,Sanctioned in Pre-Election Year (Rush),0.3333333333333333,,,,Unknown,,
618616,4L of Dhrol bypass section of NH-151A Approx. length 5.7 Km & widening upto 4 laning of missing link of Amran section of NH-151A Approx. length 6.55 Km from existing Ch. 42000 to 48500 of ongoing Dhrol-Bhadra-Pipaliya section of NH-151A ,Roads & Highways,Gujarat,Ministry of Road Transport & Highways,NHAI,0,,626,455.54,,140.05,2024-06-03,,2027-02-02,2027-02-02,,0,0,0,,,32,0,,2024.0,0.0,-170.45999999999998,-27.230031948881784,0,0,0.7306609465075553,Sanctioned in Mid-Term,0.0999999999999996,6.5,9.85,420.0,Post-RFCTLARR 2013 (High Compensation),840.0,7.692307692307687
619137,4L of Dwarka-Khambaliya-Devariya section from km 203.500 to km 176.500 and from km 171.800 to km 125.000 of NH-151A,Roads & Highways,Gujarat,Ministry of Road Transport & Highways,National Highways Authority of India [NHAI],0,,1025,1753.95,,542.11,,,2022-08-07,2023-06-06,,0,0,0,,,100,0,,,10.0,728.95,71.11707317073171,1,1,-3.287904599659297,Sanctioned in Mid-Term,3.733333333333333,,,,Unknown,,
618901,4L PS Divided Carriageway  from Patan Near Rajpur to Gojariya From Km 52.000  to Km 128.940 of NH-68,Roads & Highways,Gujarat,Ministry of Road Transport & Highways,NHAI,0,,1181,1098.23,,923.85,2021-03-12,,2025-03-07,2026-10-31,,0,0,0,,,87,0,,2021.0,19.8,-82.76999999999998,-7.008467400508042,0,1,26.733988838692536,Sanctioned in Pre-Election Year (Rush),1.8333333333333333,4.0,7.5,290.0,Post-RFCTLARR 2013 (High Compensation),665.0,7.258064516129026
618931,4L PS from Ch. 179.780 in Bitada/Movi Village to Ch. 208.900 in Nasarpore Village of NH-56 Pkg-V,Roads & Highways,Gujarat,Ministry of Road Transport & Highways,National Highways Authority of India [NHAI],0,,764,566.96,,25.82,2023-03-03,,2027-11-26,2027-11-26,,0,0,0,,,3,0,,2023.0,0.0,-197.03999999999996,-25.790575916230363,0,0,-5.897937298933953,Sanctioned in Mid-Term,-2.6666666666666665,6.5,9.8,375.0,Post-RFCTLARR 2013 (High Compensation),780.0,8.333333333333325
618930,4L PS from Ch. 94.030 in Jabugam Village  to Ch. 132.320 in Dhamasiya Village of NH-56 Pkg-III,Roads & Highways,Gujarat,Ministry of Road Transport & Highways,NHAI,0,,1188,898.0,,147.42,,,2027-11-25,2027-11-25,,0,0,0,,,24,0,,,0.0,-290.0,-24.410774410774412,0,0,-5.897937298933953,Sanctioned in Mid-Term,-2.6666666666666665,,,,Unknown,,
619067,6L of Chiloda-Naroda section from Km. 540.595 to  Km. 555.595 of NH-8Package-VII,Roads & Highways,Gujarat,Ministry of Road Transport & Highways,National Highways Authority of India [NHAI],0,,357,463.03,,104.04,,,2019-05-10,2026-06-30,,0,0,0,,,100,0,,,85.7,106.02999999999997,29.70028011204481,1,1,0.6082214765100735,Sanctioned in Pre-Election Year (Rush),0.3333333333333333,,,,Unknown,,
618564,6L with PS of Samakhiyali to Santalpur section from km. 339.700 to Km. 430.100 of NH-27,Roads & Highways,Gujarat,Ministry of Road Transport & Highways,National Highways Authority of India [NHAI],0,,1554,34.34,,27.83,,,2025-12-27,2027-01-11,,0,0,0,,,51,0,,,12.5,-1519.66,-97.7902187902188,0,1,-5.897937298933953,Sanctioned in Mid-Term,-2.6666666666666665,,,,Unknown,,
618501,Ahmedabad - Dholera Pkg I from km. 0.00 to km. 22.00 [Sardar Patel Ring Road - Sindhrej Village],Roads & Highways,Gujarat,Ministry of Road Transport & Highways,National Highways Authority of India [NHAI],0,,1298,1421.05,,1007.59,2020-05-05,,2024-01-10,2026-04-30,,0,0,0,,,100,0,,2020.0,27.6,123.04999999999995,9.47996918335901,1,1,-0.5724854676765867,Sanctioned in Mid-Term,6.5,4.0,7.8,260.0,Post-RFCTLARR 2013 (High Compensation),620.0,5.982905982905984
618502,Ahmedabad - Dholera Pkg II from km. 22.00 to km. 48.52 [Sindhrej Village - Vejallka Village],Roads & Highways,Gujarat,Ministry of Road Transport & Highways,National Highways Authority of India [NHAI],0,,1415,1729.69,,1345.38,2020-05-05,,2024-01-21,2026-04-30,,0,0,0,,,99,0,,2020.0,27.3,314.69000000000005,22.239575971731455,1,1,-0.5724854676765867,Sanctioned in Mid-Term,6.5,4.0,7.8,260.0,Post-RFCTLARR 2013 (High Compensation),620.0,5.982905982905984
618503,Ahmedabad - Dholera Pkg III from km. 48.52 to km. 71.06 [Vejallka Village - Start of DSIR zone],Roads & Highways,Gujarat,Ministry of Road Transport & Highways,National Highways Authority of India [NHAI],0,,1034,1155.41,,942.31,2020-05-05,,2023-07-19,2024-05-15,,0,0,0,,,99,0,,2020.0,9.9,121.41000000000008,11.741779497098653,1,1,-0.5724854676765867,Sanctioned in Mid-Term,6.5,4.0,7.8,260.0,Post-RFCTLARR 2013 (High Compensation),620.0,5.982905982905984
618504,Ahmedabad - Dholera Pkg IV from km. 71.06 to km. 109.019 [Start of DSIR zone - Adhelai Village],Roads & Highways,Gujarat,Ministry of Road Transport & Highways,NHAI,0,,1182,1358.73,,1222.65,2020-05-05,,2023-12-13,2026-07-31,,0,0,0,,,98,0,,2020.0,31.6,176.73000000000002,14.951776649746195,1,1,-0.5724854676765867,Sanctioned in Mid-Term,6.5,4.0,7.8,260.0,Post-RFCTLARR 2013 (High Compensation),620.0,5.982905982905984
618637,Bal. Works of Fagne Km. 510.000 to Maharashtra/Gujarat Border Km. 650.794,Roads & Highways,Gujarat,Ministry of Road Transport & Highways,National Highways Authority of India [NHAI],0,,1654,1672.89,,1328.25,,,2022-09-18,2026-04-30,,0,0,0,,,98,0,,,43.4,18.8900000000001,1.1420798065296314,1,1,-3.287904599659297,Sanctioned in Mid-Term,3.733333333333333,,,,Unknown,,
618507,"Balance work of Six Laning of Shamlaji-Motachiloda from Km. 401.200 to Km.494.410 section Design Chainage Km.447.385 to Km 540.595, Length- 93.210 Km of old NH-8 NH-48 in the state of Gujarat on single Percentage Item Rate Contract",Roads & Highways,Gujarat,Ministry of Road Transport & Highways,NHAI,0,,467,501.48,,577.31,2024-07-06,,2025-06-06,2026-07-31,,0,0,0,,,92,0,,2024.0,13.8,34.48000000000002,7.383297644539619,1,1,0.7306609465075553,Sanctioned in Mid-Term,0.0999999999999996,6.5,9.85,420.0,Post-RFCTLARR 2013 (High Compensation),840.0,7.692307692307687
619061,Construction of 4 lane with PS Idar-Badoli bypass section from design km 81/300 to km 95/500 of NH 168G in the State of Gujarat,Roads & Highways,Gujarat,Ministry of Road Transport & Highways,MoRTH,0,,705,,,0.0,,,2028-05-06,2028-05-06,,0,0,0,,,4,0,,,0.0,,,0,0,1.889931456711258,Sanctioned in Mid-Term,-5.4,,,,Unknown,,
618508,Construction of Additional Structures including Approaches in Vadodara Surat Section of NH48 between existing Km. 108.000 to Km. 250.000,Roads & Highways,Gujarat,Ministry of Road Transport & Highways,National Highways Authority of India [NHAI],0,,907,907.39,,240.75,2024-06-03,,2027-01-28,2027-01-28,,0,0,0,,,46,0,,2024.0,0.0,0.38999999999998636,0.04299889746416608,1,0,0.7306609465075553,Sanctioned in Mid-Term,0.0999999999999996,6.5,9.85,420.0,Post-RFCTLARR 2013 (High Compensation),840.0,7.692307692307687
617926,Construction of new 4 lane major bridge with approaches on Sabarmati River near Dharoi at Km. 82/00 to 86/00 Design length 3.300 km on NH-58 in the State of Gujarat on Hybrid Annuity Mode HAM,Roads & Highways,Gujarat,Ministry of Road Transport & Highways,MoRTH,0,,398,,,0.0,,,2027-08-19,2027-08-19,,0,0,0,,,44,0,,,0.0,,,0,0,0.7306609465075553,Sanctioned in Mid-Term,0.0999999999999996,,,,Unknown,,
618459,Delhi-Vadodara Greenfield Alignment NH-148N Pkg-26 Ch.696890 to Ch.726390,Roads & Highways,Gujarat,Ministry of Road Transport & Highways,National Highways Authority of India [NHAI],0,,1555,1556.4,,989.48,2020-08-09,,2024-08-31,2026-04-30,,0,0,0,,,77,0,,2020.0,19.9,1.400000000000091,0.09003215434084186,1,1,-0.5724854676765867,Sanctioned in Mid-Term,6.5,4.0,7.8,260.0,Post-RFCTLARR 2013 (High Compensation),620.0,5.982905982905984
619197,Delhi-Vadodara Greenfield Alignment NH-148N Pkg-27 Ch.729.700 to Ch.756.052,Roads & Highways,Gujarat,Ministry of Road Transport & Highways,National Highways Authority of India [NHAI],0,,1186,1259.27,,970.22,2020-08-09,,2024-02-14,2026-04-30,,0,0,0,,,96,0,,2020.0,26.5,73.26999999999998,6.177908937605395,1,1,-0.5724854676765867,Sanctioned in Mid-Term,6.5,4.0,7.8,260.0,Post-RFCTLARR 2013 (High Compensation),620.0,5.982905982905984
618460,Delhi-Vadodara Greenfield Alignment NH-148N Pkg-28 Ch.756052 to Ch.781282,Roads & Highways,Gujarat,Ministry of Road Transport & Highways,NHAI,0,,1263,1266.98,,934.98,2020-08-09,,2023-11-15,2026-04-27,,0,0,0,,,100,0,,2020.0,29.4,3.980000000000018,0.315122723673794,1,1,-0.5724854676765867,Sanctioned in Mid-Term,6.5,4.0,7.8,260.0,Post-RFCTLARR 2013 (High Compensation),620.0,5.982905982905984
618461,Delhi-Vadodara Greenfield Alignment NH-148N Pkg-30 Ch 803420 to Ch.824920 [Baletiya Village - Junction near Pratap Nagar Village],Roads & Highways,Gujarat,Ministry of Road Transport & Highways,National Highways Authority of India [NHAI],0,,1801,1800.73,,1090.06,,,2023-09-07,2024-06-19,,0,0,0,,,99,0,,,9.4,-0.2699999999999818,-0.014991671293724699,0,1,-3.287904599659297,Sanctioned in Mid-Term,3.733333333333333,,,,Unknown,,
618462,Delhi-Vadodara Greenfield Alignment NH-148N Pkg-31 Ch.824920 to Ch.844382 [Junction near Pratap nagar Village - Junction near Dodka Village],Roads & Highways,Gujarat,Ministry of Road Transport & Highways,National Highways Authority of India [NHAI],0,,1645,1651.14,,961.69,,,2023-05-18,2026-04-30,,0,0,0,,,100,0,,,35.4,6.1400000000001,0.3732522796352644,1,1,-3.287904599659297,Sanctioned in Mid-Term,3.733333333333333,,,,Unknown,,
617977,Development of Chiloda - Gandhinagar- Sarkhej ofNH-147 Package -II,Roads & Highways,Gujarat,Ministry of Road Transport & Highways,MoRTH,0,,211,234.44,,,,,2020-11-21,2022-07-14,,0,0,0,,,99,0,,,19.7,23.439999999999998,11.109004739336491,1,1,10.974572265809623,Sanctioned in Mid-Term,2.433333333333333,,,,Unknown,,
619145,Four Laning of Una to Kodinar from km. 180.478 to km. 221.610 Package-V,Roads & Highways,Gujarat,Ministry of Road Transport & Highways,National Highways Authority of India [NHAI],0,,878,1126.66,,611.08,,,2019-08-08,2025-03-31,,0,0,0,,,100,0,,,67.7,248.66000000000008,28.32118451025058,1,1,0.6082214765100735,Sanctioned in Pre-Election Year (Rush),0.3333333333333333,,,,Unknown,,
619146,Kagvadar - Una Package-IV,Roads & Highways,Gujarat,Ministry of Road Transport & Highways,NHAI,0,,751,955.78,,833.12,,,2019-09-16,2026-07-31,,0,0,0,,,98,0,,,82.5,204.77999999999997,27.267643142476693,1,1,0.6082214765100735,Sanctioned in Pre-Election Year (Rush),0.3333333333333333,,,,Unknown,,
618833,Kodinar - Veraval Package VI from km. 221.610 to km. 263.00 of NH-8E & km. 120.900 to km. 121.150 of NH-8D,Roads & Highways,Gujarat,Ministry of Road Transport & Highways,NHAI,0,,894,1127.42,,730.04,,,2020-07-30,2026-07-10,,0,0,0,,,99,0,,,71.3,233.42000000000007,26.109619686800905,1,1,0.6082214765100735,Sanctioned in Pre-Election Year (Rush),0.3333333333333333,,,,Unknown,,
618699,Pipli Bhavnagar-Package 1 from km 136.025 to km 169.328,Roads & Highways,Gujarat,Ministry of Road Transport & Highways,National Highways Authority of India [NHAI],0,,819,1297.38,,188.7,2018-01-03,,2021-09-03,,,0,0,0,,,100,0,,2018.0,0.0,478.3800000000001,58.41025641025642,1,0,10.974572265809623,Sanctioned in Mid-Term,2.433333333333333,6.5,10.35,195.0,Post-RFCTLARR 2013 (High Compensation),545.0,7.920792079207928
618614,Sanchore - Santalpur from km 67.000 - km 99.000 of NH-754K AJ-RGBS-Package-3,Roads & Highways,Gujarat,Ministry of Road Transport & Highways,National Highways Authority of India [NHAI],0,,752,765.25,,566.97,,,2023-08-09,2026-04-15,,0,0,0,,,99,0,,,32.2,13.25,1.7619680851063828,1,1,-0.5724854676765867,Sanctioned in Mid-Term,6.5,,,,Unknown,,
618615,Sanchore - Santalpur from km 99.000 - km 130.073 of NH-754K AJ-RGBS-Package-4,Roads & Highways,Gujarat,Ministry of Road Transport & Highways,National Highways Authority of India [NHAI],0,,778,835.55,,663.37,,,2023-03-09,2026-04-30,,0,0,0,,,100,0,,,37.7,57.549999999999955,7.397172236503851,1,1,-0.5724854676765867,Sanctioned in Mid-Term,6.5,,,,Unknown,,
618108,Up-gradation and strengthening to 2lanePS from Km 95/500 to km 129/775 of Nh 168G Idar-Bhiloda-Samlaji in the state of Gujarat Length  34.275 km,Roads & Highways,Gujarat,Ministry of Road Transport & Highways,MoRTH,0,,237,,,0.0,,,2025-12-06,2026-12-06,,0,0,0,,,63,0,,,12.0,,,0,1,10.80589921017685,Sanctioned in Election Year,3.2,,,,Unknown,,
617906,Up-gradation of Dhoraji-Jamkandorna-Kalavad Section of NH-927D from Design Chainage km 0/00 to km 58/115 to Two lane with PS configuration in the State of Gujarat on EPC,Roads & Highways,Gujarat,Ministry of Road Transport & Highways,MoRTH,0,,247,291.19,,0.0,,,2027-01-24,2027-01-24,,0,0,0,,,35,0,,,0.0,44.19,17.89068825910931,1,0,10.80589921017685,Sanctioned in Election Year,3.2,,,,Unknown,,
618022,Upgradation  to two lane with paved Shoulder Configuaration from Km. 0/00 to 47/000 of NH 351    Mahuva  to Badhada section    in the State of Gujarat,Roads & Highways,Gujarat,Ministry of Road Transport & Highways,MoRTH,0,,173,219.08,,22.53,2022-06-12,,2025-08-22,2026-12-31,,0,0,0,,,67,0,,2022.0,16.3,46.08000000000001,26.635838150289025,1,1,10.80589921017685,Sanctioned in Election Year,3.2,6.25,9.2,330.0,Post-RFCTLARR 2013 (High Compensation),720.0,8.270676691729317
618107,Upgradation of Mehsana-Visnagar-vadnagar-Kheralu-Idar section from km 0/00 to 81/300 of NH 168G Mehsana to Idar in the State of GujaratTotal Length 81.300 Km on Hybrid Annuity Mode HAM,Roads & Highways,Gujarat,Ministry of Road Transport & Highways,MoRTH,0,,1155,,,1.52,,,2028-06-17,2028-06-19,,0,0,0,,,5,0,,,0.1,,,0,1,0.7306609465075553,Sanctioned in Mid-Term,0.0999999999999996,,,,Unknown,,
618787,"Upgradation to 4L PS  from Bhimasar, Junction of NH-41 to Anjar- Bhuj upto Airport Junction from Km 0.000 to Km 65.478 of NH-341",Roads & Highways,Gujarat,Ministry of Road Transport & Highways,National Highways Authority of India [NHAI],0,,1373,1687.25,,751.61,2022-11-03,,2025-06-29,2026-09-30,,0,0,0,,,96,0,,2022.0,15.0,314.25,22.887836853605243,1,1,10.80589921017685,Sanctioned in Election Year,3.2,6.25,9.2,330.0,Post-RFCTLARR 2013 (High Compensation),720.0,8.270676691729317
618464,Vadodara Mumbai Expressway Ena -Kim Phase IB - Pkg VI [Km 217.500 to Km 254.430],Roads & Highways,Gujarat,Ministry of Road Transport & Highways,National Highways Authority of India [NHAI],0,,2272,4297.28,,2574.42,2020-07-05,,2023-12-10,2026-05-15,,0,0,0,,,99,0,,2020.0,29.1,2025.2799999999997,89.14084507042253,1,1,-0.5724854676765867,Sanctioned in Mid-Term,6.5,4.0,7.8,260.0,Post-RFCTLARR 2013 (High Compensation),620.0,5.982905982905984
618465,Vadodara Mumbai Expressway Gandeva to Ena Phase IB - Pkg VII [Km 190.00 to Km 217.500],Roads & Highways,Gujarat,Ministry of Road Transport & Highways,National Highways Authority of India [NHAI],0,,1710,3392.21,,2158.87,,,2023-11-09,2026-05-15,,0,0,0,,,97,0,,,30.2,1682.21,98.37485380116959,1,1,-0.5724854676765867,Sanctioned in Mid-Term,6.5,,,,Unknown,,
618466,Vadodara Mumbai Expressway Jujuwa - Gandeva from Km. 154.600 to Km. 190.000 Phase-I Package-VIII,Roads & Highways,Gujarat,Ministry of Road Transport & Highways,National Highways Authority of India [NHAI],0,,3834,3820.2,,197.13,2023-11-07,,2026-03-02,2026-11-15,,0,0,0,,,5,0,,2023.0,8.5,-13.800000000000182,-0.35993740219092807,0,1,-5.897937298933953,Sanctioned in Mid-Term,-2.6666666666666665,6.5,9.8,375.0,Post-RFCTLARR 2013 (High Compensation),780.0,8.333333333333325
618467,Vadodara Mumbai Expressway Karvad - Jujuwa from Km. 128.000 to Km. 154.600 Phase-I Package-IX,Roads & Highways,Gujarat,Ministry of Road Transport & Highways,NHAI,0,,2594,2587.04,,226.62,2023-11-07,,2025-10-13,2027-07-31,,0,0,0,,,22,0,,2023.0,21.6,-6.960000000000036,-0.26831148804934607,0,1,-5.897937298933953,Sanctioned in Mid-Term,-2.6666666666666665,6.5,9.8,375.0,Post-RFCTLARR 2013 (High Compensation),780.0,8.333333333333325
618463,Vadodara Mumbai Expressway Kim to Ankleshwar Phase IA - Pkg V,Roads & Highways,Gujarat,Ministry of Road Transport & Highways,National Highways Authority of India [NHAI],0,,1325,2807.48,,1232.22,,,2021-10-31,2025-04-23,,0,0,0,,,61,0,,,41.7,1482.48,111.88528301886794,1,1,10.974572265809623,Sanctioned in Mid-Term,2.433333333333333,,,,Unknown,,
617928,"Widening 2 lane to 4-lane from KM 92/320 to Km 115/320 Vav Chokdi-Satlasana to to Vrundavan Chokdi, Kheralu on NH-58 in the State of Gujarat.",Roads & Highways,Gujarat,Ministry of Road Transport & Highways,MoRTH,0,,151,171.27,,0.0,,,2026-03-14,2026-07-15,,0,0,0,,,98,0,,,4.0,20.27000000000001,13.423841059602657,1,1,10.80589921017685,Sanctioned in Election Year,3.2,,,,Unknown,,
617927,Widening to 2LPS between Km 0/0 to 56/0 Khokhara Gujarat Border  Vijayanagar  Antrasuba Mathasur road  of NH 58 in the State of Gujarat,Roads & Highways,Gujarat,Ministry of Road Transport & Highways,MoRTH,0,,699,,,0.0,,,2027-09-22,2027-09-22,,0,0,0,,,35,0,,,0.0,,,0,0,0.7306609465075553,Sanctioned in Mid-Term,0.0999999999999996,,,,Unknown,,
619087,Widening to 6L of Existing 4L Jetpur - Gondal - Rajkot Section from Km. 117.600 to Km. 185.00 on NH-27,Roads & Highways,Gujarat,Ministry of Road Transport & Highways,National Highways Authority of India [NHAI],0,,2070,1390.29,,748.65,,,2025-09-26,2027-01-31,,0,0,0,,,56,0,,,16.2,-679.71,-32.83623188405797,0,1,10.80589921017685,Sanctioned in Election Year,3.2,,,,Unknown,,
617916,Work of 6 laning/Construction of elevated corridor from km 0/0 to 10/170 Narol Junction to Sarkhej junction including 4 lane Shastri Bridge on Sabarmati river on NH 47 in the State of Gujarat on HAM mode,Roads & Highways,Gujarat,Ministry of Road Transport & Highways,MoRTH,0,,1295,,,0.0,2024-11-03,,2028-02-15,2028-02-15,,0,0,0,,,30,0,,2024.0,0.0,,,0,0,0.7306609465075553,Sanctioned in Mid-Term,0.0999999999999996,6.5,9.85,420.0,Post-RFCTLARR 2013 (High Compensation),840.0,7.692307692307687
617976,Work of development and construction of elevated corridorfrom km 38/660 to km 42/690 Iscon junction to start point of approach of sanand flyover of NH-147 in the sate of Gujarat,Roads & Highways,Gujarat,Ministry of Road Transport & Highways,MoRTH,0,,530,,,58.29,,,2026-06-18,2026-08-15,,0,0,0,,,90,0,,,1.9,,,0,1,-5.897937298933953,Sanctioned in Mid-Term,-2.6666666666666665,,,,Unknown,,
618788, 4L Greenfield Jalbhera  Shahbad section from km. 0.000 to km. 22.850 of NH-152G,Roads & Highways,Haryana,Ministry of Road Transport & Highways,National Highways Authority of India [NHAI],0,,927,1173.66,,354.55,,,2025-05-31,2026-04-30,,0,0,0,,,87,0,,,11.0,246.66000000000008,26.608414239482208,1,1,10.80589921017685,Sanctioned in Mid-Term,2.833333333333333,,,,Unknown,,
618691,4 laning of Aligarh-Palwal Section from Km. 46.390 Design Chainage to Km. 69.110 Terminating at junction EPE Package-II from Kurana- Eastern Peripheral Expressway of NH-334D,Roads & Highways,Haryana,Ministry of Road Transport & Highways,NHAI,0,,939,903.94,,246.86,,,2027-08-26,2027-08-27,,0,0,0,,,12,0,,,0.0,-35.059999999999945,-3.7337593184238496,0,0,0.7306609465075553,Sanctioned in Election Year,3.45,,,,Unknown,,
619132,4/6L of Gurgaon - Pataudi - Rewari from km. 0.00 to km.43.87 of NH-352W,Roads & Highways,Haryana,Ministry of Road Transport & Highways,National Highways Authority of India [NHAI],0,,1810,1917.5,,496.01,2020-11-05,,2023-11-23,2026-06-30,,0,0,0,,,72,0,,2020.0,31.2,107.5,5.939226519337017,1,1,-0.5724854676765867,Sanctioned in Mid-Term,0.5666666666666668,4.0,7.8,260.0,Post-RFCTLARR 2013 (High Compensation),620.0,5.982905982905984
618935,4L  Ambala - Kalaamb from Km. -0.800 to Km. 33.015 of old NH-72,Roads & Highways,Haryana,Ministry of Road Transport & Highways,National Highways Authority of India [NHAI],0,,1184,1190.34,,452.14,2022-11-10,,2025-06-08,2026-04-30,,0,0,0,,,100,0,,2022.0,10.7,6.339999999999918,0.535472972972966,1,1,10.80589921017685,Sanctioned in Mid-Term,2.833333333333333,6.25,9.2,330.0,Post-RFCTLARR 2013 (High Compensation),720.0,8.270676691729317
618792,4L Bhiwani-Hansi road section of NH-148B,Roads & Highways,Haryana,Ministry of Road Transport & Highways,National Highways Authority of India [NHAI],0,,1330,1144.21,,437.49,2022-04-11,,2025-12-17,2026-04-15,,0,0,0,,,100,0,,2022.0,3.9,-185.78999999999996,-13.969172932330826,0,1,10.80589921017685,Sanctioned in Mid-Term,2.833333333333333,6.25,9.2,330.0,Post-RFCTLARR 2013 (High Compensation),720.0,8.270676691729317
618760,4L Greenfield a Malout bypass from ch. Km 44.500 to ch. Km 35.500 on NH-07 and Ch. Km 0.000 to Km 6.984 on NH-09 bMandi Dabwali Bypass from Ch. 38.450 Km to  Km 27.910 Pkg-02,Roads & Highways,Haryana,Ministry of Road Transport & Highways,National Highways Authority of India [NHAI],0,,646,556.09,,549.18,2021-12-11,,2024-07-01,2024-12-01,,0,0,0,,,95,0,,2021.0,5.0,-89.90999999999997,-13.917956656346744,0,1,26.733988838692536,Sanctioned in Mid-Term,2.5,4.0,7.5,290.0,Post-RFCTLARR 2013 (High Compensation),665.0,7.258064516129026
619093,4L Ismailabad to Ambala Section of NH-152 Lot-4/Package-1,Roads & Highways,Haryana,Ministry of Road Transport & Highways,National Highways Authority of India [NHAI],0,,609,454.34,,191.74,,,2025-12-06,2027-02-28,,0,0,0,,,73,0,,,14.8,-154.66000000000003,-25.395730706075536,0,1,-5.897937298933953,Sanctioned in Pre-Election Year (Rush),3.733333333333333,,,,Unknown,,
619092,4L of Jind-Gohana road Package-1 from km. 0.00 to km. 40.601 of NH-352 A under NHO,Roads & Highways,Haryana,Ministry of Road Transport & Highways,NHAI,0,,994,1606.82,,1064.47,,,2022-07-23,2026-07-31,,0,0,0,,,100,0,,,48.3,612.8199999999999,61.65191146881287,1,1,-3.287904599659297,Sanctioned in Election Year,5.0,,,,Unknown,,
619080,4L PS of Ambala Ring Road of New NH-44,Roads & Highways,Haryana,Ministry of Road Transport & Highways,National Highways Authority of India [NHAI],0,,1093,1225.41,,394.35,,,2025-10-10,2026-09-13,,0,0,0,,,74,0,,,11.1,132.41000000000008,12.114364135407143,1,1,-5.897937298933953,Sanctioned in Pre-Election Year (Rush),3.733333333333333,,,,Unknown,,
619216,6L access Controlled Greenfield Highway from Adhoya Musalmana to Sadopur section of Shamli -Ambala Package-III Design Ch. Form km 84.400 to km 121.786,Roads & Highways,Haryana,Ministry of Road Transport & Highways,NHAI,0,,1492,1122.86,,724.49,,,2025-05-01,2026-12-13,,0,0,0,,,80,0,,,19.4,-369.1400000000001,-24.741286863270783,0,1,10.80589921017685,Sanctioned in Mid-Term,2.833333333333333,,,,Unknown,,
618723,6L access Controlled Greenfield Highway from Ranipur Barsi to Adhoya Musalmana  section of Shamli -Ambala Package-II Design Ch. Form km 45.500 to km 84.400,Roads & Highways,Haryana,Ministry of Road Transport & Highways,NHAI,0,,1554,1241.89,,825.78,,,2025-05-16,2027-02-28,,0,0,0,,,79,0,,,21.5,-312.1099999999999,-20.084298584298576,0,1,10.80589921017685,Sanctioned in Mid-Term,2.833333333333333,,,,Unknown,,
619134,6L of Ambala-Chandigarh greenfield section from Km. 0.000 to Km. 25.000 with 4L spur to Lalru from Km. 0.000 to Km. 5.828  & spur to PR-7 road from Km. 0.000 to Km. 11.157,Roads & Highways,Haryana,Ministry of Road Transport & Highways,National Highways Authority of India [NHAI],0,,1642,1904.79,,495.6,,,2025-10-12,2026-06-29,,0,0,0,,,78,0,,,8.5,262.78999999999996,16.004263093788058,1,1,10.80589921017685,Sanctioned in Mid-Term,2.833333333333333,,,,Unknown,,
618505,Additional Structures on 6LGurgaon-Jaipur Section of NH-48 between KM 42.700 to KM 273.00,Roads & Highways,Haryana,Ministry of Road Transport & Highways,NHAI,0,,410,290.64,,199.54,2022-03-08,,2024-06-25,2026-08-31,,0,0,0,,,89,0,,2022.0,26.2,-119.36000000000001,-29.112195121951224,0,1,10.80589921017685,Sanctioned in Mid-Term,2.833333333333333,6.25,9.2,330.0,Post-RFCTLARR 2013 (High Compensation),720.0,8.270676691729317
618506,"Construction of Additional Structures, Improvement of Service Road & Maintenance of Six Lane Gurgaon-Jaipur Section of NH-48 old NH-8 between km 42700 to km 107100 in the State of Haryana ",Roads & Highways,Haryana,Ministry of Road Transport & Highways,National Highways Authority of India [NHAI],0,,402,240.02,,105.22,,,2027-05-05,2027-05-05,,0,0,0,,,51,0,,,0.0,-161.98,-40.29353233830846,0,0,0.7306609465075553,Sanctioned in Election Year,3.45,,,,Unknown,,
619068,Construction of Greenfield Connectivity to Jewar International Airport from DND-Faridabad-Ballabhgarh Bypass KMP Link - Spur to Delhi Mumbai Expressway,Roads & Highways,Haryana,Ministry of Road Transport & Highways,NHAI,0,,2921,3485.77,,1756.53,2022-07-07,,2025-06-21,2027-04-16,,0,0,0,,,74,0,,2022.0,21.8,564.77,19.33481684354673,1,1,10.80589921017685,Sanctioned in Mid-Term,2.833333333333333,6.25,9.2,330.0,Post-RFCTLARR 2013 (High Compensation),720.0,8.270676691729317
618482,Delhi-Amritsar-Katra Expressway Phase-I Pkg-I from Jussur Kheri on NH-KMP Expressway to Junction with Rohtak-Panipat road NH-709 near Rukhi Paani village Km 0000 to Km 34000,Roads & Highways,Haryana,Ministry of Road Transport & Highways,National Highways Authority of India [NHAI],0,,1866,2429.9,,964.23,2020-07-12,,2023-12-26,2025-02-24,,0,0,0,,,99,0,,2020.0,14.0,563.9000000000001,30.219721329046095,1,1,-0.5724854676765867,Sanctioned in Mid-Term,0.5666666666666668,4.0,7.8,260.0,Post-RFCTLARR 2013 (High Compensation),620.0,5.982905982905984
618483,Delhi-Amritsar-Katra Expressway Phase-I Pkg-II from Junction with Rohtak-Panipat road NH-709 near Rukhi Paani village to Junction with Jind-Panipat road NH-352A near Gangana village Km 34000 to Km 60800,Roads & Highways,Haryana,Ministry of Road Transport & Highways,NHAI,0,,1534,1792.53,,1176.23,,,2024-01-13,2026-07-31,,0,0,0,,,100,0,,,30.6,258.53,16.853324641460233,1,1,-0.5724854676765867,Sanctioned in Mid-Term,0.5666666666666668,,,,Unknown,,
618484,Delhi-Amritsar-Katra Expressway Phase-I Pkg-III from Junction with Jind-Panipat road NH-352A near Gangana village to Junction with Jind-Karnal road NH-709A near Alewa village Km 60800 to Km 91400,Roads & Highways,Haryana,Ministry of Road Transport & Highways,National Highways Authority of India [NHAI],0,,1606,1813.91,,631.62,,,2023-12-23,2024-05-21,,0,0,0,,,79,0,,,4.9,207.91000000000008,12.945828144458288,1,1,-0.5724854676765867,Sanctioned in Mid-Term,0.5666666666666668,,,,Unknown,,
618485,Delhi-Amritsar-Katra Expressway Phase-I Pkg-IV from Junction with Jind-Karnal road NH-709A near Alewa village to Junction with Ambala-Kaithal-Hissar road NH-152 near Kharak Pandwa village Km 91400 to Km 120250,Roads & Highways,Haryana,Ministry of Road Transport & Highways,National Highways Authority of India [NHAI],0,,1307,1578.66,,563.2,,,2023-12-13,2024-03-28,,0,0,0,,,76,0,,,3.5,271.6600000000001,20.785003825554714,1,1,26.733988838692536,Sanctioned in Mid-Term,2.5,,,,Unknown,,
618486,Delhi-Amritsar-Katra Expressway Phase-I Pkg-V from Junction with Ambala-Kaithal-Hissar road NH-152 near Kharak Pandwa village to Junction with Patiala-Samana-Patran road SH-10 near Ghagga village Km 120250 to Km 157920,Roads & Highways,Haryana,Ministry of Road Transport & Highways,National Highways Authority of India [NHAI],0,,1742,2281.02,,872.6,,,2024-05-22,2025-06-12,,0,0,0,,,98,0,,,12.7,539.02,30.942594718714123,1,1,26.733988838692536,Sanctioned in Mid-Term,2.5,,,,Unknown,,
618580,Gohana - Sonipat PKG-2,Roads & Highways,Haryana,Ministry of Road Transport & Highways,National Highways Authority of India [NHAI],0,,1275,1957.44,,722.22,,,2022-07-24,2026-04-30,,0,0,0,,,98,0,,,45.2,682.44,53.52470588235294,1,1,-3.287904599659297,Sanctioned in Election Year,5.0,,,,Unknown,,
618936,Jagadhari - Tajewala from Km -0.175 to 32.337 km of NH-344,Roads & Highways,Haryana,Ministry of Road Transport & Highways,NHAI,0,,1270,919.43,,708.89,,,2025-02-06,2027-03-31,,0,0,0,,,68,0,,,25.7,-350.57000000000005,-27.60393700787402,0,1,10.80589921017685,Sanctioned in Mid-Term,2.833333333333333,,,,Unknown,,
619201,Karnal ring road Lot-4/Pkg-1,Roads & Highways,Haryana,Ministry of Road Transport & Highways,National Highways Authority of India [NHAI],0,,1741,2041.54,,410.51,2022-04-11,,2025-08-30,2026-10-31,,0,0,0,,,92,0,,2022.0,14.0,300.53999999999996,17.262492820218263,1,1,10.80589921017685,Sanctioned in Mid-Term,2.833333333333333,6.25,9.2,330.0,Post-RFCTLARR 2013 (High Compensation),720.0,8.270676691729317
618890,2L PS of Hamirpur Bypass from Km 121.175 to Km.138.295 of NH-103&3,Roads & Highways,Himachal Pradesh,Ministry of Road Transport & Highways,National Highways Authority of India [NHAI],0,,739,754.82,,233.24,,,2025-10-28,2026-06-30,,0,0,0,,,92,0,,,8.0,15.82000000000005,2.1407307171853924,1,1,10.80589921017685,Sanctioned in Election Year,1.9000000000000004,,,,Unknown,,
618907,2L/4L of Hoshiarpur to Una section including Hoshiarpur Bypass of NH 503A,Roads & Highways,Himachal Pradesh,Ministry of Road Transport & Highways,NHAI,0,,571,481.88,,257.77,,,2027-05-20,2027-05-20,,0,0,0,,,26,0,,,0.0,-89.12,-15.607705779334502,0,0,-5.897937298933953,Sanctioned in Mid-Term,0.7333333333333335,,,,Unknown,,
618892,"4 Lane with Paved Shoulder from Dareota Village to Kalar Bala NH 205, Design Chainage -Km 33185 to Km 41000, Design Length-7.815 Km Package-IIB",Roads & Highways,Himachal Pradesh,Ministry of Road Transport & Highways,NHAI,0,,993,,,5.15,2025-06-06,,2028-06-23,2028-06-24,,0,0,0,,,0,0,,2025.0,0.0,,,0,0,1.889931456711258,Sanctioned in Mid-Term,1.9,6.25,9.5,465.0,Post-RFCTLARR 2013 (High Compensation),895.0,6.547619047619047
618852,4L  Sundar Nagar Bypass from  Km.173.900 to Km.179.600 of NH-21,Roads & Highways,Himachal Pradesh,Ministry of Road Transport & Highways,NHAI,0,,191,192.11,,182.26,,,2024-06-14,2026-07-31,,0,0,0,,,100,0,,,25.5,1.1100000000000136,0.5811518324607402,1,1,10.80589921017685,Sanctioned in Election Year,1.9000000000000004,,,,Unknown,,
618889,"4L of Bhangbar Near Ranital to Kangra Bypass Section of Old NH-88 New NH-303,503 up to Intersection with NH-154 from Km 175.270 to Km 193.400 Pkg-VB",Roads & Highways,Himachal Pradesh,Ministry of Road Transport & Highways,NHAI,0,,1323,1829.49,,1101.15,,,2024-12-27,2026-09-30,,0,0,0,,,97,0,,,21.1,506.49,38.28344671201814,1,1,26.733988838692536,Sanctioned in Pre-Election Year (Rush),-2.0666666666666664,,,,Unknown,,
619153,4L of HP/Punjab Border - Mo from km. 11.00 to km. 42.00 of Old NH-20 New NH-154 Package-IA,Roads & Highways,Himachal Pradesh,Ministry of Road Transport & Highways,National Highways Authority of India [NHAI],0,,1002,1363.04,,580.32,,,2024-05-17,2026-10-19,,0,0,0,,,60,0,,,29.1,361.03999999999996,36.03193612774451,1,1,26.733988838692536,Sanctioned in Pre-Election Year (Rush),-2.0666666666666664,,,,Unknown,,
618921,4L of Kathlighat to Shakral Village from Km 128.835 to Km 146.300 of NH- 5 Shimla Bypass - Pkg I,Roads & Highways,Himachal Pradesh,Ministry of Road Transport & Highways,NHAI,0,,1703,2648.8,,1139.72,,,2026-04-21,2027-07-14,,0,0,0,,,63,0,,,14.8,945.8000000000002,55.53728714034059,1,1,10.80589921017685,Sanctioned in Election Year,1.9000000000000004,,,,Unknown,,
618922,4L of Shakral Village to Dhalli Section from Km 146.300 to Km 156.560 Shimla Bypass - Pkg II and Shimla connectivity from Km 0.000 to Km 0.725 of NH-5,Roads & Highways,Himachal Pradesh,Ministry of Road Transport & Highways,National Highways Authority of India [NHAI],0,,1956,2880.72,,1155.67,2022-07-04,,2027-03-03,2027-03-03,,0,0,0,,,62,0,,2022.0,0.0,924.7199999999998,47.276073619631894,1,0,10.80589921017685,Sanctioned in Election Year,1.9000000000000004,6.25,9.2,330.0,Post-RFCTLARR 2013 (High Compensation),720.0,8.270676691729317
619291,4L Poanta SahebMednipur from Km. 435.65 to km. 458.65 of NH-07Pkg-1,Roads & Highways,Himachal Pradesh,Ministry of Road Transport & Highways,NHAI,0,,525,657.32,,232.75,,,2025-05-01,2026-04-15,,0,0,0,,,94,0,,,11.5,132.32000000000005,25.203809523809532,1,1,10.80589921017685,Sanctioned in Election Year,1.9000000000000004,,,,Unknown,,
618881,4L PS  bijni to mandi section from Km 202.815 to Km 208.000 of NH-20 New NH-154  of Pathankot-Mandi Package-VB,Roads & Highways,Himachal Pradesh,Ministry of Road Transport & Highways,NHAI,0,,1113,1112.39,,525.23,,,2027-09-13,2027-09-13,,0,0,0,,,35,0,,,0.0,-0.6099999999999,-0.05480682839172507,0,0,-5.897937298933953,Sanctioned in Mid-Term,0.7333333333333335,,,,Unknown,,
618891,4L PS from Kalar Bala Village to Nauni Chowk of NH 205 from Km 41.000 to Km 58.450,Roads & Highways,Himachal Pradesh,Ministry of Road Transport & Highways,NHAI,0,,1244,786.91,,117.5,,,2027-05-12,2027-09-09,,0,0,0,,,30,0,,,3.9,-457.09000000000003,-36.7435691318328,0,1,0.7306609465075553,Sanctioned in Mid-Term,10.3,,,,Unknown,,
618253,Construction of missing link from Birhu to Lathiani from Km 35/550 Design chainage Km 0.000 to Km 42/800 Design Chainage Km 8.153on NH-503A including Lathiani Bridge on back water of Govindsagar and its approaches in Himachal Pradesh.,Roads & Highways,Himachal Pradesh,Ministry of Road Transport & Highways,MoRTH,0,,871,896.86,,0.0,,,2029-03-29,2029-03-29,,0,0,0,,,0,0,,,0.0,25.860000000000014,2.9690011481056273,1,0,-5.897937298933953,Sanctioned in Mid-Term,0.7333333333333335,,,,Unknown,,
618216,"Improvement/construction of existing CL-5 Road to NH Intermediate lane specification with hard shoulder from Km 133.000 to 166.000 net Length 33.000 kms of NH-505 Sumdo-Kaza-Gramphoo road  in the state of Himachal Pradesh on EPC mode under project Deepak, BRO",Roads & Highways,Himachal Pradesh,Ministry of Road Transport & Highways,MoRTH,0,,231,203.15,,15.16,2021-08-03,,2026-06-30,2026-06-30,,0,0,0,,,23,0,,2021.0,0.0,-27.849999999999994,-12.056277056277054,0,0,26.733988838692536,Sanctioned in Pre-Election Year (Rush),-2.0666666666666664,4.0,7.5,290.0,Post-RFCTLARR 2013 (High Compensation),665.0,7.258064516129026
618215,"Improvement/construction of existing CL-5 Road to NH Intermediate lane specification with hard shoulder from Km 166.000 to 203.77   net Length 37.770 kms    of NH-505   Sumdo-Kaza-Gramphoo road     in the state of Himachal Pradesh on EPC mode under project Deepak, BRO",Roads & Highways,Himachal Pradesh,Ministry of Road Transport & Highways,MoRTH,0,,274,194.0,,0.0,,,2027-06-09,2027-06-09,,0,0,0,,,22,0,,,0.0,-80.0,-29.1970802919708,0,0,26.733988838692536,Sanctioned in Pre-Election Year (Rush),-2.0666666666666664,,,,Unknown,,
618217,Improvement/construction of existing Class-5 Road to NH Intermediate lane specification with hard shoulder from existing Km 76/340 to 134/940 Design chainage from Km 76/300 to 133/000 net Length 56.700 kms of NH-505 Sumdo-Kaza-Gramphoo road  in the state of Himachal Pradesh Package I,Roads & Highways,Himachal Pradesh,Ministry of Road Transport & Highways,MoRTH,0,,315,244.15,,76.97,2021-03-03,,2026-05-11,2026-05-11,,0,0,0,,,60,0,,2021.0,0.0,-70.85,-22.49206349206349,0,0,26.733988838692536,Sanctioned in Pre-Election Year (Rush),-2.0666666666666664,4.0,7.5,290.0,Post-RFCTLARR 2013 (High Compensation),665.0,7.258064516129026
618850,Nerchowk km 190.000 to Pandoh including Pandoh bypass  km221.305,Roads & Highways,Himachal Pradesh,Ministry of Road Transport & Highways,National Highways Authority of India [NHAI],0,,1464,1651.67,,843.63,,,2020-07-11,2026-04-30,,0,0,0,,,100,0,,,69.6,187.67000000000007,12.818989071038256,1,1,0.6082214765100735,Sanctioned in Pre-Election Year (Rush),-9.7,,,,Unknown,,
618851,Pandoh bypass 221.305 to Takoli 242.000 of NH-21 in the state of Himachal Pradesh,Roads & Highways,Himachal Pradesh,Ministry of Road Transport & Highways,NHAI,0,,3420,4465.94,,2881.19,,,2021-09-23,2027-03-31,,0,0,0,,,96,0,,,66.2,1045.9399999999996,30.5830409356725,1,1,10.26683343756516,Sanctioned in Election Year,-5.599999999999999,,,,Unknown,,
618888,Rehabilitation and Up-gradation of existing road to 2L PS from End of Hamirpur Bypass near Chilbahal to Bhangbar section from Km. 138.295 to Km.175.270 of NH-88 Pkg-IV,Roads & Highways,Himachal Pradesh,Ministry of Road Transport & Highways,National Highways Authority of India [NHAI],0,,1146,1358.62,,293.56,2022-11-03,,2025-04-27,2026-07-20,,0,0,0,,,93,0,,2022.0,14.8,212.6199999999999,18.55322862129144,1,1,10.80589921017685,Sanctioned in Election Year,1.9000000000000004,6.25,9.2,330.0,Post-RFCTLARR 2013 (High Compensation),720.0,8.270676691729317
618880,Rehabilitation and Up-gradation to 4L configuration & Strengthening of Thanpuri to Paror section from Km 85.135 to Km 100.840 of NH-154 Pkg-IIC,Roads & Highways,Himachal Pradesh,Ministry of Road Transport & Highways,NHAI,0,,816,666.79,,486.73,2022-06-07,,2025-12-04,2027-04-30,,0,0,0,,,55,0,,2022.0,16.8,-149.21000000000004,-18.285539215686278,0,1,10.80589921017685,Sanctioned in Election Year,1.9000000000000004,6.25,9.2,330.0,Post-RFCTLARR 2013 (High Compensation),720.0,8.270676691729317
618231,Rehabilitation and Upgradation to 2-lane configuration of Hamirpur-Karnohal Section km 141.00 to 181.00 of NH-70 in the State of Himachal Pradesh under Green National Highways Corridor Project GNHCP with the loan assistance of World Bank on EPC mode.Package-1,Roads & Highways,Himachal Pradesh,Ministry of Road Transport & Highways,MoRTH,0,,372,,,198.34,2020-11-08,,2024-12-20,2026-06-30,,0,0,0,,,94,0,,2020.0,18.3,,,0,1,-0.5724854676765867,Sanctioned in Mid-Term,11.8,4.0,7.8,260.0,Post-RFCTLARR 2013 (High Compensation),620.0,5.982905982905984
618230,Rehabilitation and Upgradation to 2-lane configuration of Kalwahn-Mandi Section km 208.950 to 250.592 of NH-70 in the State of Himachal Pradesh under Green National Highways Corridor Project GNHCP with the loan assistance of World Bank on EPC mode.Package-3,Roads & Highways,Himachal Pradesh,Ministry of Road Transport & Highways,MoRTH,0,,314,,,0.0,,,2025-04-12,2026-12-31,,0,0,0,,,70,0,,,20.6,,,0,1,-0.5724854676765867,Sanctioned in Mid-Term,11.8,,,,Unknown,,
618232,Rehabilitation and Upgradation to 2-lane configuration of Karnohal- Kalwahn Section km 181.00 to 208.950 of NH-70 in the State of Himachal Pradesh under Green National Highways Corridor Project GNHCP with the loan assistance of World Bank on EPC mode.Package-2,Roads & Highways,Himachal Pradesh,Ministry of Road Transport & Highways,MoRTH,0,,252,190.02,,74.12,,,2026-05-14,2026-11-01,,0,0,0,,,55,0,,,5.6,-61.97999999999999,-24.59523809523809,0,1,-0.5724854676765867,Sanctioned in Mid-Term,11.8,,,,Unknown,,
618050,Rehabilitation and Upgradation to 2-lane/Intermediate lane configuration of Ashyari-Shri Kyari Section   km 50.000 to km 75.000    of  NH-707 in the state of Himachal Pradesh under Green National Highways Corridor Project   GNHCP    with the loan assistance of World Bank on EPC mode.,Roads & Highways,Himachal Pradesh,Ministry of Road Transport & Highways,MoRTH,0,,346,359.56,,146.64,,,2023-09-23,2024-11-02,,0,0,0,,,0,0,,,13.3,13.560000000000002,3.919075144508671,1,1,-0.5724854676765867,Sanctioned in Mid-Term,11.8,,,,Unknown,,
618879,Rehabilitation and Upgradation to 2L PS configuration & Strengthening of Padhar to Bijni section from Km 180.000 to Km 202.815 of NH-154 Pkg-VA,Roads & Highways,Himachal Pradesh,Ministry of Road Transport & Highways,National Highways Authority of India [NHAI],0,,931,930.86,,338.46,2022-09-06,,2026-11-03,2026-11-03,,0,0,0,,,88,0,,2022.0,0.0,-0.13999999999998636,-0.015037593984960941,0,0,10.80589921017685,Sanctioned in Election Year,1.9000000000000004,6.25,9.2,330.0,Post-RFCTLARR 2013 (High Compensation),720.0,8.270676691729317
618878,Rehabilitation and Upgradation to 4L configuration & Strengthening of Sihuni to Rajol  from Km 51.000 to Km 72.000 of NH-154 Package-IIA,Roads & Highways,Himachal Pradesh,Ministry of Road Transport & Highways,NHAI,0,,697,776.59,,493.1,,,2025-09-26,2026-09-30,,0,0,0,,,99,0,,,12.1,79.59000000000003,11.418938307030134,1,1,10.80589921017685,Sanctioned in Election Year,1.9000000000000004,,,,Unknown,,
618051,Rehabilitation and Upgrading of NH-707 OLD 72-B Package - 2 Hewna to Ashyari,Roads & Highways,Himachal Pradesh,Ministry of Road Transport & Highways,MoRTH,0,,243,220.95,,74.87,,,2023-03-23,2023-03-07,,0,0,0,,,98,0,,,0.0,-22.05000000000001,-9.07407407407408,0,0,-0.5724854676765867,Sanctioned in Mid-Term,11.8,,,,Unknown,,
619003,Solan - Kaithlighat Section of NH-22 Now NH-5 from Km. 106.139 to Km.129.05,Roads & Highways,Himachal Pradesh,Ministry of Road Transport & Highways,NHAI,0,,882,1519.53,,1345.12,,,2021-05-06,2026-11-16,,0,0,0,,,90,0,,,66.4,637.53,72.28231292517006,1,1,10.974572265809623,Sanctioned in Mid-Term,6.366666666666667,,,,Unknown,,
618547,2L NH-1 from km 8.660 to km 33.775 Sumbal to Wayul to 4L dual carriageway NH standard as part of Srinagar Ring Road PhaseII [Design Ch. 41.907 to Ch. 66.609] ,Roads & Highways,Jammu & Kashmir,Ministry of Road Transport & Highways,National Highways Authority of India [NHAI],0,,961,643.64,,412.37,2022-07-11,,2026-06-25,2027-04-06,,0,0,0,,,49,0,,2022.0,9.4,-317.36,-33.02393340270552,0,1,10.80589921017685,Unknown / Multi-State,,6.25,9.2,330.0,Post-RFCTLARR 2013 (High Compensation),720.0,8.270676691729317
618495,4/6L Access Control Expressway from Design Chainage Km 515.000 to 528.300 Kunjwani to Sidhra Section of NH-44 and from Design Chainage Km 550.900 to Km 566.520 Domel to Katra Section Phase II-Package XVII,Roads & Highways,Jammu & Kashmir,Ministry of Road Transport & Highways,NHAI,0,,2895,2894.74,,996.74,,,2025-06-13,2027-08-10,,0,0,0,,,66,0,,,25.9,-0.2600000000002183,-0.008981001727123256,0,1,10.80589921017685,Unknown / Multi-State,,,,,Unknown,,
618542,4L of existing Wayul  Ganderbal  Pandach Soura section of old NH-1 as a part of Srinagar Ring Road Phase  IIA,Roads & Highways,Jammu & Kashmir,Ministry of Road Transport & Highways,NHAI,0,,828,,,262.83,,,2028-05-18,2028-05-18,,0,0,0,,,0,0,,,0.0,,,0,0,0.7306609465075553,Unknown / Multi-State,,,,,Unknown,,
618545,"4L of Km.165.092 to Km.171.855 North Bound and from Km.166.895 to Km.173.638 South Bound, excl.  certain reaches of North Bound and South Bound of Ramban to Banihal Pkg-III of Old NH-1A New NH-44",Roads & Highways,Jammu & Kashmir,Ministry of Road Transport & Highways,National Highways Authority of India [NHAI],0,,614,444.76,,257.32,,,2024-08-03,2027-06-30,,0,0,0,,,43,0,,,34.9,-169.24,-27.56351791530945,0,1,26.733988838692536,Unknown / Multi-State,,,,,Unknown,,
618543,4L of twin tube tunnel configuration including approaches from Marog to Digdol from Km.154.210 to Km.158.650 North Bound and from Km.155.940 to Km.160.260 South Bound of  Ramban to Banihal Pkg-I of Old NH-1A New NH-44,Roads & Highways,Jammu & Kashmir,Ministry of Road Transport & Highways,National Highways Authority of India [NHAI],0,,1912,1034.3,,272.7,,,2025-08-12,2026-06-15,,0,0,0,,,21,0,,,10.1,-877.7,-45.90481171548117,0,1,26.733988838692536,Unknown / Multi-State,,,,,Unknown,,
618541,4L Ring road/bypass around Srinagar city from km 0.000 to km 42.100 Phase-I,Roads & Highways,Jammu & Kashmir,Ministry of Road Transport & Highways,NHAI,0,,2920,2604.76,,1829.2,2021-02-03,,2024-02-02,2026-10-31,,0,0,0,,,88,0,,2021.0,32.9,-315.2399999999998,-10.795890410958897,0,1,26.733988838692536,Unknown / Multi-State,,4.0,7.5,290.0,Post-RFCTLARR 2013 (High Compensation),665.0,7.258064516129026
618544,"4L twin tube tunnel including approaches from Digdol to Khuni Nallah North Bound connecting with existing major bridge on NB and South Bound connecting with Tunnel T4 ,Single tube tunnel of Ramban to Banihal Pkg-II of Old NH-1A New NH-44",Roads & Highways,Jammu & Kashmir,Ministry of Road Transport & Highways,National Highways Authority of India [NHAI],0,,1402,1020.99,,965.59,,,2024-06-07,2026-06-15,,0,0,0,,,87,0,,,24.2,-381.01,-27.176176890156917,0,1,26.733988838692536,Unknown / Multi-State,,,,,Unknown,,
618396,Construction & Upgradation to 2 lane with paved shoulder from Design Km. 31.449 Khellani Ex. Km 44.946 to Km 51.700 Prem Nagar Ex. Km 68617 of 20.251 Km length on Khellani - Kishtwar - Chattroo section of NH-244 in the UT of J&K on EPC Mode under NHO-Gen PKG- 1,Roads & Highways,Jammu & Kashmir,Ministry of Road Transport & Highways,NHIDCL,0,,486,,,,2021-02-02,,2021-09-27,2024-10-02,,0,0,0,,,0,0,,2021.0,36.2,,,0,1,26.733988838692536,Unknown / Multi-State,,4.0,7.5,290.0,Post-RFCTLARR 2013 (High Compensation),665.0,7.258064516129026
618395,"Construction & Upgradation to 2-lane with paved shoulder from Design Ch. Km 51700 at Premnagar km 66315 to Km 66535 New Thatri at Start of Km 83rd, Tunnel Km 82665 of 14.835 Km design length on Chenani-Sudhmahadev-Goha Khellani-Kishtwar-Vailoo Donipawa-Ashajipora section of NH-244 in the UT of J&K on EPC Mode under NHO-Gen Pkg - 2",Roads & Highways,Jammu & Kashmir,Ministry of Road Transport & Highways,NHIDCL,0,,512,,,153.01,,,2023-02-24,2025-07-12,,0,0,0,,,52,0,,,28.5,,,0,1,26.733988838692536,Unknown / Multi-State,,,,,Unknown,,
618400,Construction & Upgradation to 2-lane with paved shoulder from Design Km 67.805 at the end of Km 83rd Tunnel near Dhrabshalla Ex. Km 83905 to Km 80.675 start of Kishtwar Bypass - Dulhasti Ex. Km 970751 of 12.870 Km length on chenani-Sudhmahadev-Goha Khellani-Kishtwar-vailoo-Donipawa-Ashajipora seition of NH-244 in the UT of J&K on EPC Mode under NHO-Gen Pkg-3,Roads & Highways,Jammu & Kashmir,Ministry of Road Transport & Highways,NHIDCL,0,,399,,,120.09,,,2022-12-31,2025-08-31,,0,0,0,,,99,0,,,32.0,,,0,1,26.733988838692536,Unknown / Multi-State,,,,,Unknown,,
618202,Construction of 2 lane with paved shoulders Baramulla Bypass Greenfield bypass from existing Ch. Km 47020 to Km 56720 and Design Ch. From 48500 to 62600 Total length 14.100 km on road Srinagar Baramulla  Uri NH-01 in the UT of Jammu & Kashmir under Project.Package-III,Roads & Highways,Jammu & Kashmir,Ministry of Road Transport & Highways,MoRTH,0,,992,,,34.26,,,2026-09-01,2027-07-31,,0,0,0,,,44,0,,,10.9,,,0,1,-5.897937298933953,Unknown / Multi-State,,,,,Unknown,,
618205,"Construction of 4 lane with paved shoulder from Existing Ch. 14200 to 24320 Design Ch. 14200 to 24400, Ch. 33760 to 42780 Design Ch. 35300 to 44294 & Ch. 43440 to 47020 Design Ch. 44958 to 48500 Delina Flyover  including construction of flyover length 1.704 km of total length 22.736 kms in AOR of 760 BRTF on road SRINAGAR BARAMULA  URI NH-01 in the UT of Jammu & Kashmir under project BEACON, Border Roads Organization BRO  Package-IJob No NH-1-J&K-2022-23-110",Roads & Highways,Jammu & Kashmir,Ministry of Road Transport & Highways,MoRTH,0,,823,,,292.48,,,2025-08-24,2026-08-16,,0,0,0,,,86,0,,,11.7,,,0,1,10.80589921017685,Unknown / Multi-State,,,,,Unknown,,
618203,"Construction of 4 lane with paved shoulder Pattan bypass Greenfield bypass from existing Ch. Km 24320 to Km 33760 and Design Ch. from Km 24400 to Km 35300, total length 10.900 km on road SrinagarBaramulla  Uri NH-01 in the UT of Jammu & Kashmir under Project BEACON, Border Roads Organization BRO on EPC mode. Package-II",Roads & Highways,Jammu & Kashmir,Ministry of Road Transport & Highways,MoRTH,0,,980,,,131.91,,,2026-07-31,2027-02-28,,0,0,0,,,57,0,,,7.0,,,0,1,-5.897937298933953,Unknown / Multi-State,,,,,Unknown,,
618399,Construction of Kishtwar bypass with 2 lane with paved shoulder from Design Km. 80.675 Dulhasti to km 95.550 Bandarkoot  of 14.88 km & a link road to Kishtwar town from 0000 to 1.871 of length1.871 Km on Khellani - Kishtwar - Chattroo section in UT of Jammu and Kashmir on EPC Mode Pkg-4,Roads & Highways,Jammu & Kashmir,Ministry of Road Transport & Highways,NHIDCL,0,,860,,,302.2,,,2023-08-23,2026-03-06,,0,0,0,,,48,0,,,30.4,,,0,1,26.733988838692536,Unknown / Multi-State,,,,,Unknown,,
618204,Construction of realignment between Pandrass- Pashkyun   Total length 27.10 km    on road Zozila-Kargil -Leh   NH-1    to 2 lane specifications i.e. Drass alignment   9.30 km    Kharboo realignment   6.30 km    & Kargil alignment   11.50 km    under project Vijayak   BRO    in the UT of Ladakh on EPC Mode,Roads & Highways,Jammu & Kashmir,Ministry of Road Transport & Highways,MoRTH,0,,426,,,97.91,2021-09-11,,2025-06-18,2026-07-31,,0,0,0,,,55,0,,2021.0,13.4,,,0,1,26.733988838692536,Unknown / Multi-State,,4.0,7.5,290.0,Post-RFCTLARR 2013 (High Compensation),665.0,7.258064516129026
618038,Construction of Shopian Bypass  on NH-444 taking off  from existing chainage Km 36500 and re-joining at km 47588  of existing Chainage   New Design Ch.  From km 28000 to km 36925 as 2- lane with paved shoulder in the UT of Jammu & Kashmir on EPC mode.,Roads & Highways,Jammu & Kashmir,Ministry of Road Transport & Highways,MoRTH,0,,224,,,0.0,2024-11-03,,2028-01-11,,,0,0,0,,,3,0,,2024.0,0.0,,,0,0,0.7306609465075553,Unknown / Multi-State,,6.5,9.85,420.0,Post-RFCTLARR 2013 (High Compensation),840.0,7.692307692307687
618546,Construction of Tunnels/Viaducts at identified sliding/slip zones at Km 130.550 to Km.130.750 Km.  131.170 to Km. 131.763 Km. 132.560 to Km. 133.168 Km. 133.590 to Km. 133.743 and Km. 147.877 to Km. 148.715 of Udhampur-Ramban section of NH-44,Roads & Highways,Jammu & Kashmir,Ministry of Road Transport & Highways,National Highways Authority of India [NHAI],0,,442,533.11,,324.74,,,2023-10-04,2025-06-30,,0,0,0,,,36,0,,,20.9,91.11000000000001,20.613122171945705,1,1,26.733988838692536,Unknown / Multi-State,,,,,Unknown,,
618549,Construction of twin tube tunnels on Jammu Kashmir Ring Road NH-244A Between Design Ch. 50600 to 51700 and design Ch. 53535 to 55700 on EPC mode under residual NHDP component of Bharatmala Pariyojna,Roads & Highways,Jammu & Kashmir,Ministry of Road Transport & Highways,National Highways Authority of India [NHAI],0,,243,731.59,,637.61,,,2025-06-07,2026-03-03,,0,0,0,,,81,0,,,8.8,488.59000000000003,201.06584362139918,1,1,10.80589921017685,Unknown / Multi-State,,,,,Unknown,,
619038,Construction/upgradation to 2-lane with paved shoulder from Design Km 95.55 Bandarkoot to Km. 111.06 Chattroo of 15.52 Km length on Khellani-Kishtwar-Chattroo section on NH-244  in UT of Jammu and Kashmir on EPC Mode Pkg-5,Roads & Highways,Jammu & Kashmir,Ministry of Road Transport & Highways,NHIDCL,0,,497,,,237.9,,,2023-02-19,2025-06-06,,0,0,0,,,95,0,,,27.5,,,0,1,26.733988838692536,Unknown / Multi-State,,,,,Unknown,,
618550,Corridor Efficiency Improvement including removal of black spots in Lakhanpur - Samba section of NH-44 from Chainage Km. 16.300 to Km. 74.100,Roads & Highways,Jammu & Kashmir,Ministry of Road Transport & Highways,NHAI,0,,856,215.68,,203.36,,,2024-06-11,2026-12-15,,0,0,0,,,75,0,,,30.1,-640.3199999999999,-74.80373831775701,0,1,10.80589921017685,Unknown / Multi-State,,,,,Unknown,,
618497,Delhi Amritsar Katra Expressway Phase-II Pkg XVIII Development and Upgradation of Four lane Access Control Expressway from Design Chainage KM 530.00 to KM 545.300 Sidhra to Domel Section of NH-44 ,Roads & Highways,Jammu & Kashmir,Ministry of Road Transport & Highways,NHAI,0,,975,975.38,,606.46,,,2025-11-19,2027-06-30,,0,0,0,,,68,0,,,19.3,0.37999999999999545,0.03897435897435851,1,1,10.80589921017685,Unknown / Multi-State,,,,,Unknown,,
619066,Delhi-Amritsar-Katra Expressway Phase-II Pkg-XIV from Junction with Pathankot-Gurdaspur road NH-54 near Balsua to Junction with Hiranagar Road near village Gurha Baildaran km 423500 to km 468100,Roads & Highways,Jammu & Kashmir,Ministry of Road Transport & Highways,National Highways Authority of India [NHAI],0,,3044,3707.91,,1536.74,,,2024-09-25,2026-03-14,,0,0,0,,,82,0,,,17.6,663.9099999999999,21.8104467805519,1,1,26.733988838692536,Unknown / Multi-State,,,,,Unknown,,
618494,Delhi-Amritsar-Katra Expressway Phase-II Pkg-XV [Junction with Hiranagar Road near village Gurha Baildaran to Junction with Jammu Ring Road NH-244A near Jakh village from Km 468100 to Km 503250],Roads & Highways,Jammu & Kashmir,Ministry of Road Transport & Highways,NHAI,0,,2715,3716.56,,1833.59,2021-07-10,,2024-09-25,2026-12-31,,0,0,0,,,90,0,,2021.0,27.2,1001.56,36.88987108655617,1,1,26.733988838692536,Unknown / Multi-State,,4.0,7.5,290.0,Post-RFCTLARR 2013 (High Compensation),665.0,7.258064516129026
618496,Delhi-Amritsar-Katra Expressway Phase-II Pkg-XVI Existing Jakh Vijaypur-Kunjwani section of NH-44 including spur Connectivity to Jammu Airport  NH-144A [Km 503500 to km 514500],Roads & Highways,Jammu & Kashmir,Ministry of Road Transport & Highways,National Highways Authority of India [NHAI],0,,1822,2522.56,,1120.3,2021-03-09,,2024-09-26,2026-03-20,,0,0,0,,,92,0,,2021.0,17.7,700.56,38.45005488474204,1,1,26.733988838692536,Unknown / Multi-State,,4.0,7.5,290.0,Post-RFCTLARR 2013 (High Compensation),665.0,7.258064516129026
618407,Jammu-Akhnoor Road Pkg-I,Roads & Highways,Jammu & Kashmir,Ministry of Road Transport & Highways,NHIDCL,0,,245,,,82.06,,,2025-01-09,2026-04-30,,0,0,0,,,68,0,,,15.6,,,0,1,10.974572265809623,Unknown / Multi-State,,,,,Unknown,,
618220,Reconstruction and widening to 2 lane with paved shoulder from existing chainage km 102000 to km 134950 Design chainage km 90150 to km 116980 including construction of Naushera Tunnel Total length of tunnel 0.700 km under 31 TF on Akhnoor-Poonch road NH-144A in the UT of Jammu & Kashmir under Project Sampark BRO on EPC mode Package-V Job no  NH-144A-J&K-2020-21-104,Roads & Highways,Jammu & Kashmir,Ministry of Road Transport & Highways,MoRTH,0,,642,572.51,,,2021-03-03,,2024-07-18,2026-03-31,,0,0,0,,,100,0,,2021.0,20.4,-69.49000000000001,-10.823987538940811,0,1,26.733988838692536,Unknown / Multi-State,,4.0,7.5,290.0,Post-RFCTLARR 2013 (High Compensation),665.0,7.258064516129026
618225,Rehabilitation and up-gradation to 2 lane with paved shoulder from existing chainage km 134950 to km 166100 Design chainage km 116980 to km 146700 under 31 TF on Akhnoor-Poonch road NH-144A in the UT of Jammu & Kashmir under Project Sampark BRO on EPC mode Package-VI Job no  NH-144A-J&K-2021-22-106,Roads & Highways,Jammu & Kashmir,Ministry of Road Transport & Highways,MoRTH,0,,395,,,139.45,2021-02-07,,2024-07-27,2026-06-30,,0,0,0,,,86,0,,2021.0,23.1,,,0,1,26.733988838692536,Unknown / Multi-State,,4.0,7.5,290.0,Post-RFCTLARR 2013 (High Compensation),665.0,7.258064516129026
618224,Rehabilitation and up-gradation to 2 lane with paved shoulder from existing chainage km 49150 to km 64535 Design chainage km 46.450 to km 55.800 including construction of Sungal Tunnel Total length of Tunnel 2.79 km under 13 TF on Akhnoor-Poonch road NH-144A under Project Sampark BRO in the UT of Jammu & Kashmir on EPC mode Package-II Job no  NH-144A-J&K-2019-20-78,Roads & Highways,Jammu & Kashmir,Ministry of Road Transport & Highways,MoRTH,0,,797,,,432.45,,,2024-08-20,2026-06-30,,0,0,0,,,92,0,,,22.3,,,0,1,-0.5724854676765867,Unknown / Multi-State,,,,,Unknown,,
618223,Rehabilitation and up-gradation to 2 lane with paved shoulder from existing chainage km 64535 to km 85385 Design chainage km 55800 to km 74350 under 13 TF on Akhnoor-Poonch road NH-144A under Project Sampark BRO in the UT of Jammu & Kashmir on EPC mode Package-III Job no  NH-144A-J&K-2019-20-79,Roads & Highways,Jammu & Kashmir,Ministry of Road Transport & Highways,MoRTH,0,,153,,,74.82,,,2023-09-28,2026-05-31,,0,0,0,,,88,0,,,32.1,,,0,1,-0.5724854676765867,Unknown / Multi-State,,,,,Unknown,,
618221,Rehabilitation and upgradation to 2 lane with paved shoulder from existing chainage Km 166.100 to Km 192.98 design chainage Km 146.700 to Km 162.800 including construction of Bhimber Gali Tunnel Total Length of Tunnel 1.100 Km under 31 BRTF on Akhnoor-Poonch Roads on EPC mode NH-144A Package-VII,Roads & Highways,Jammu & Kashmir,Ministry of Road Transport & Highways,MoRTH,0,,735,,,0.0,,,2026-07-30,2027-07-31,,0,0,0,,,50,0,,,12.0,,,0,1,26.733988838692536,Unknown / Multi-State,,,,,Unknown,,
618226,Rehabilitation and upgradation to 2 lane with paved shoulder from existing chainage Km 30.053 to Km 49.150 design chainage Km 30.000 to Km 46.450 including Kandi Tunnel under 31 BRTF on Akhnoor-Poonch Road NH-144A Under Project Sampark in the UT of Jammu & Kashmir EPC modePackage-I Job no NH-144A-J&K-2020-21-83.,Roads & Highways,Jammu & Kashmir,Ministry of Road Transport & Highways,MoRTH,0,,272,,,157.74,2020-08-07,,2024-11-28,2026-06-30,,0,0,0,,,94,0,,2020.0,19.0,,,0,1,-0.5724854676765867,Unknown / Multi-State,,4.0,7.8,260.0,Post-RFCTLARR 2013 (High Compensation),620.0,5.982905982905984
618548,Stand-alone Ring road/bypass around Jammu City from Raya Morh km. -0.687 to Jagti km. 57.568,Roads & Highways,Jammu & Kashmir,Ministry of Road Transport & Highways,National Highways Authority of India [NHAI],0,,2024,2117.63,,54.24,,,2021-01-07,2023-10-03,,0,0,0,,,99,0,,,32.8,93.63000000000011,4.6259881422924956,1,1,10.26683343756516,Unknown / Multi-State,,,,,Unknown,,
618394,Up-gradation to 2-lane with Paved Shoulder from Km 12.850 to Km20.300 of 7.450Km length on Goha-Khellani section and a link road to Goha village of 2.016 km on NH-244  in UT of Jammu and Kashmir on EPC Mode Pkg-1,Roads & Highways,Jammu & Kashmir,Ministry of Road Transport & Highways,NHIDCL,0,,228,225.37,,159.56,,,2022-04-01,2025-06-04,,0,0,0,,,90,0,,,38.1,-2.6299999999999955,-1.1535087719298227,0,1,-0.5724854676765867,Unknown / Multi-State,,,,,Unknown,,
618398,Up-gradation to 2-lane with Paved Shoulder from Km 20.300  to Km 29.030 of 8.730 Km length on Goha-Khellani section on NH-244 in UT of Jammu and Kashmir on EPC Mode Package II,Roads & Highways,Jammu & Kashmir,Ministry of Road Transport & Highways,NHIDCL,0,,211,,,172.27,,,2022-04-01,2025-06-04,,0,0,0,,,94,0,,,38.1,,,0,1,-0.5724854676765867,Unknown / Multi-State,,,,,Unknown,,
618406,Up-gradation to 4-lane with Paved Shoulder of Jammu-Akhnoor road section of NH-144A from Ganesh Vihar Km 6.000 to Khati Chowk Km 26.350 in UT of Jammu and Kashmir on EPC basis Pkg-3A,Roads & Highways,Jammu & Kashmir,Ministry of Road Transport & Highways,NHIDCL,0,,322,,,388.64,,,2021-07-11,2026-11-30,,0,0,0,,,92,0,,,64.7,,,0,1,10.974572265809623,Unknown / Multi-State,,,,,Unknown,,
618967,Upgradation and Strengthening of Chenani to Nashri Section via Patnitop of NH244 from Km 0.000 to Km 39.100,Roads & Highways,Jammu & Kashmir,Ministry of Road Transport & Highways,NHAI,0,,295,295.06,,176.11,2024-06-03,,2026-08-05,2027-03-31,,0,0,0,,,64,0,,2024.0,7.8,0.060000000000002274,0.020338983050848226,1,1,0.7306609465075553,Unknown / Multi-State,,6.5,9.85,420.0,Post-RFCTLARR 2013 (High Compensation),840.0,7.692307692307687
618206,Widening and Strengthening of Rafiabad-Kupwara-Chowkibal-Tangdhar-Chamkot NH-701 road from design Ch. From 0000 to 51000 to two lanes with paved shoulders under Project Beacon in the UT of Jammu & Kashmir on EPC mode Package-I.,Roads & Highways,Jammu & Kashmir,Ministry of Road Transport & Highways,MoRTH,0,,1405,,,105.6,2024-11-03,,2027-05-08,,,0,0,0,,,34,0,,2024.0,0.0,,,0,0,0.7306609465075553,Unknown / Multi-State,,6.5,9.85,420.0,Post-RFCTLARR 2013 (High Compensation),840.0,7.692307692307687
618201,"Widening and strengthening to 2 lane with paved shoulder from existing Ch. Km 56720 to Km 100820 and Design Ch. From Km 62600 to Km 106360 Total Length43.760 Km on SRINAGAR -BARAMULA  URINH-01 in the UT of Jammu & Kashmir under project BEACON, Border Roads Organization BRO on EPC mode.",Roads & Highways,Jammu & Kashmir,Ministry of Road Transport & Highways,MoRTH,0,,702,,,0.0,2023-11-09,,2026-11-17,2027-06-30,,0,0,0,,,51,0,,2023.0,7.4,,,0,1,-5.897937298933953,Unknown / Multi-State,,6.5,9.8,375.0,Post-RFCTLARR 2013 (High Compensation),780.0,8.333333333333325
618222,Widening and Strengthening up gradation to 2 lane with paved shoulder from existing chainage Km 192.98 to Km 229.820 design chainage Km 162.800 to Km 198.18 under 31 BRTF on Akhnoor-Poonch Road NH-144A in the UT of Jammu and Kashmir under Project Sampark Border Roads Organisation BRO on EPC Mode Package-VIII Job No NH-144A-J&K-2022-2023-111,Roads & Highways,Jammu & Kashmir,Ministry of Road Transport & Highways,MoRTH,0,,562,,,127.97,2022-06-10,,2026-01-04,2026-09-30,,0,0,0,,,69,0,,2022.0,8.8,,,0,1,10.80589921017685,Unknown / Multi-State,,6.25,9.2,330.0,Post-RFCTLARR 2013 (High Compensation),720.0,8.270676691729317
618397,Widening and Up-gradation to 2-Lane with Paved Shoulder of configuration and geometric improvement from Km 0.000 to Km 16.990 on Chenani  Sudhmahadev section of NH-244 in UT of Jammu and Kashmir to be executed on EPC basis,Roads & Highways,Jammu & Kashmir,Ministry of Road Transport & Highways,NHIDCL,0,,256,,,242.42,,,2020-11-21,2025-12-15,,0,0,0,,,94,0,,,60.8,,,0,1,10.974572265809623,Unknown / Multi-State,,,,,Unknown,,
618909,2L PS of JH / WB Border km. 70.524 - Purulia km.84.400 & Purulia km. 94.30 - Chandil Junction with NH-33 km. 153.705 of Old NH-32,Roads & Highways,Jharkhand,Ministry of Road Transport & Highways,National Highways Authority of India [NHAI],0,,1652,1771.88,,742.45,,,2022-08-06,2026-06-30,,0,0,0,,,97,0,,,46.8,119.88000000000011,7.256658595641653,1,1,10.974572265809623,Sanctioned in Pre-Election Year (Rush),6.333333333333333,,,,Unknown,,
618641,4 Lane of CG/JH Border-Gumla from km 0.000 to km 32.370 of  NH-43 in the State of Jhrkhand,Roads & Highways,Jharkhand,Ministry of Road Transport & Highways,NHAI,0,,1326,,,292.91,2024-02-08,,2028-02-17,2028-02-17,,0,0,0,,,6,0,,2024.0,0.0,,,0,0,0.7306609465075553,Sanctioned in Election Year,1.0,6.5,9.85,420.0,Post-RFCTLARR 2013 (High Compensation),840.0,7.692307692307687
618736,4L Elevated corridor of Kalimandir-Dimna Chowk-Baliguma Jamshedpur Section of NH-33 New NH-18 from km 241940 to km 251961 Length 10.021 km,Roads & Highways,Jharkhand,Ministry of Road Transport & Highways,National Highways Authority of India [NHAI],0,,936,832.2,,210.52,2024-07-03,,2027-03-15,2027-03-15,,0,0,0,,,41,0,,2024.0,0.0,-103.79999999999995,-11.089743589743586,0,0,0.7306609465075553,Sanctioned in Election Year,1.0,6.5,9.85,420.0,Post-RFCTLARR 2013 (High Compensation),840.0,7.692307692307687
618830,4L from Km 147.450 Bhogu to Km 196.870 Sankha on NH-75 Sec-III,Roads & Highways,Jharkhand,Ministry of Road Transport & Highways,NHAI,0,,1518,1652.09,,1103.0,2022-03-10,,2025-11-08,2027-03-31,,0,0,0,,,77,0,,2022.0,16.7,134.08999999999992,8.833333333333329,1,1,10.80589921017685,Sanctioned in Mid-Term,-0.0333333333333334,6.25,9.2,330.0,Post-RFCTLARR 2013 (High Compensation),720.0,8.270676691729317
618829,4L from km 196.87 Sankha to km 219.6 Khajuri on NH-75 [Rehla / Garhwa Bypass],Roads & Highways,Jharkhand,Ministry of Road Transport & Highways,National Highways Authority of India [NHAI],0,,1129,1129.48,,527.11,,,2023-10-06,,,0,0,0,,,93,0,,,0.0,0.4800000000000182,0.04251550044287141,1,0,-0.5724854676765867,Sanctioned in Mid-Term,9.033333333333331,,,,Unknown,,
618828,4L from Km 219.600 Khajuri to Km 260.483 Wyndhamganj on NH-75 Sec-V,Roads & Highways,Jharkhand,Ministry of Road Transport & Highways,National Highways Authority of India [NHAI],0,,1436,1465.55,,826.67,,,2025-09-14,2026-04-30,,0,0,0,,,92,0,,,7.5,29.549999999999955,2.0577994428969326,1,1,10.80589921017685,Sanctioned in Mid-Term,-0.0333333333333334,,,,Unknown,,
618832,4L from Km 55.00 Kuru to Km 95.400 Udaipura on NH-75 Sec-I,Roads & Highways,Jharkhand,Ministry of Road Transport & Highways,National Highways Authority of India [NHAI],0,,1275,,,1.69,,,2028-01-10,2028-01-10,,0,0,0,,,0,0,,,0.0,,,0,0,0.7306609465075553,Sanctioned in Election Year,1.0,,,,Unknown,,
618831,4L from Km 95.400 Udaipura to Km 147.450 Bhogu on NH-75 Sec-II,Roads & Highways,Jharkhand,Ministry of Road Transport & Highways,NHAI,0,,1437,1301.54,,419.61,,,2026-10-09,2027-03-31,,0,0,0,,,28,0,,,5.7,-135.46000000000004,-9.42658315935978,0,1,-5.897937298933953,Sanctioned in Pre-Election Year (Rush),-1.0666666666666669,,,,Unknown,,
618949,4L of Basukinath- Deoghar Section of NH-114A,Roads & Highways,Jharkhand,Ministry of Road Transport & Highways,National Highways Authority of India [NHAI],0,,1445,1553.76,,643.68,2022-06-09,,2025-12-11,2026-07-27,,0,0,0,,,86,0,,2022.0,7.5,108.75999999999999,7.526643598615916,1,1,10.80589921017685,Sanctioned in Mid-Term,-0.0333333333333334,6.25,9.2,330.0,Post-RFCTLARR 2013 (High Compensation),720.0,8.270676691729317
618645,4L of Gola-BokaroJaina More section from Km 53.600 to Km 21.110 of NH-320PKG-1,Roads & Highways,Jharkhand,Ministry of Road Transport & Highways,NHAI,0,,1008,1030.64,,609.9,,,2025-06-25,2026-10-31,,0,0,0,,,78,0,,,16.2,22.6400000000001,2.246031746031756,1,1,10.80589921017685,Sanctioned in Mid-Term,-0.0333333333333334,,,,Unknown,,
618946,4L of Mehgama - Hansdiha from  km. 41.900 to km. 93.000 of NH -133A Pkg-II,Roads & Highways,Jharkhand,Ministry of Road Transport & Highways,National Highways Authority of India [NHAI],0,,1480,1568.18,,849.01,,,2025-05-07,2026-03-09,,0,0,0,,,98,0,,,10.1,88.18000000000006,5.958108108108112,1,1,10.80589921017685,Sanctioned in Mid-Term,-0.0333333333333334,,,,Unknown,,
618947,4L of NH-80 from km 215.00 to km 260.00 Mirza Chauki to Farkka Pkg-I,Roads & Highways,Jharkhand,Ministry of Road Transport & Highways,NHAI,0,,1505,1508.21,,1029.73,,,2023-07-04,2026-10-31,,0,0,0,,,92,0,,,39.9,3.2100000000000364,0.21328903654485293,1,1,10.974572265809623,Sanctioned in Pre-Election Year (Rush),6.333333333333333,,,,Unknown,,
618948,4L of NH-80 section of Mirza Chauki to Farakka section from existing km 190.00 to design km 200.75 junction at km 3.100 of NH 133 B and from existing km 260.00 to existing km 283.00 design km 274.133 in the state of Jharkhand  package - II,Roads & Highways,Jharkhand,Ministry of Road Transport & Highways,National Highways Authority of India [NHAI],0,,782,,,1.75,,,2028-01-31,2028-01-31,,0,0,0,,,0,0,,,0.0,,,0,0,1.889931456711258,Sanctioned in Mid-Term,1.7,,,,Unknown,,
618644,4L of Ormanjhi-Gola section from Km 81.450 to Km 53.600 of NH- 320BPKG-II,Roads & Highways,Jharkhand,Ministry of Road Transport & Highways,NHAI,0,,1215,1462.19,,993.58,,,2025-06-20,2026-12-31,,0,0,0,,,87,0,,,18.4,247.19000000000005,20.344855967078193,1,1,10.80589921017685,Sanctioned in Mid-Term,-0.0333333333333334,,,,Unknown,,
618642,4L of Palma to Gumla from km. 26.00 to km. 89.170 of NH-23,Roads & Highways,Jharkhand,Ministry of Road Transport & Highways,National Highways Authority of India [NHAI],0,,1883,1895.75,,826.77,2020-04-03,,2024-03-31,2024-10-08,,0,0,0,,,98,0,,2020.0,6.3,12.75,0.6771109930961232,1,1,-0.5724854676765867,Sanctioned in Mid-Term,9.033333333333331,4.0,7.8,260.0,Post-RFCTLARR 2013 (High Compensation),620.0,5.982905982905984
619104,4L/2L PS of Govindpur Raiganj - Chas - WB border section of from km. 0.00 to km. 56.889 of Old NH-32,Roads & Highways,Jharkhand,Ministry of Road Transport & Highways,National Highways Authority of India [NHAI],0,,1140,1154.8,,6.64,,,2019-12-09,,,0,0,0,,,100,0,,,0.0,14.799999999999955,1.2982456140350838,1,0,0.6082214765100735,Sanctioned in Mid-Term,-10.3,,,,Unknown,,
618730,6 Lane Greenfield Varanasi- Ranchi- Kolkata Highway from Deoria village to Donoreshan village from km 253.000 to km 288.600  Pkg -10,Roads & Highways,Jharkhand,Ministry of Road Transport & Highways,NHAI,0,,1546,,,82.65,,,2028-05-29,2028-05-29,,0,0,0,,,4,0,,,0.0,,,0,0,-5.897937298933953,Sanctioned in Pre-Election Year (Rush),-1.0666666666666669,,,,Unknown,,
618729,6 Lane Greenfield Varanasi- Ranchi- Kolkata Highway from Donoreshan village to junction with  NH-20 in Bongabar village from km 288.600 to km 325.500 Pkg -11,Roads & Highways,Jharkhand,Ministry of Road Transport & Highways,NHAI,0,,1856,,,261.76,,,2028-07-05,,,0,0,0,,,0,0,,,0.0,,,0,0,-5.897937298933953,Sanctioned in Pre-Election Year (Rush),-1.0666666666666669,,,,Unknown,,
618734,6L Greenfield Varanasi- Ranchi- Kolkata Highway from junction  with  NH-320 in Lepo  village to Kamlapur villageJH/WB border  from km 358.500 to km 387.200 Pkg -13,Roads & Highways,Jharkhand,Ministry of Road Transport & Highways,NHAI,0,,1154,1319.18,,308.02,,,2027-09-29,2027-09-29,,0,0,0,,,23,0,,,0.0,165.18000000000006,14.313691507798964,1,0,-5.897937298933953,Sanctioned in Pre-Election Year (Rush),-1.0666666666666669,,,,Unknown,,
618733,6L Greenfield Varanasi- Ranchi- Kolkata Highway from junction with  NH-20 in Bongabar village to junction with NH-30 in Lepo village from km 325.500 to km 358.500  Pkg -12,Roads & Highways,Jharkhand,Ministry of Road Transport & Highways,NHAI,0,,1526,,,218.27,,,2028-07-05,,,0,0,0,,,0,0,,,0.0,,,0,0,-5.897937298933953,Sanctioned in Pre-Election Year (Rush),-1.0666666666666669,,,,Unknown,,
618863,Barhi-Koderma Section of NH31 km 0.00 - km 27.5,Roads & Highways,Jharkhand,Ministry of Road Transport & Highways,NHAI,0,,662,826.59,,824.95,,,2024-08-03,2026-07-31,,0,0,0,,,98,0,,,23.9,164.59000000000003,24.86253776435046,1,1,10.26683343756516,Sanctioned in Mid-Term,-2.600000000000001,,,,Unknown,,
618533,Barwa Adda Km. 398.240 to Panagarh Km. 521.120,Roads & Highways,Jharkhand,Ministry of Road Transport & Highways,National Highways Authority of India [NHAI],0,,1560,1568.22,,90.45,,,2016-09-26,2026-04-08,,0,0,0,,,100,0,,,114.4,8.220000000000027,0.5269230769230786,1,1,8.65624291864946,Sanctioned in Mid-Term,-1.0666666666666664,,,,Unknown,,
618127,Construction of 2- Lane with paved shoulder from km 56.45 Dharampur More to 93.050 Pakur of NH-333A in the State of Jharkhand on EPC mode,Roads & Highways,Jharkhand,Ministry of Road Transport & Highways,MoRTH,0,,256,,,10.06,,,2027-05-03,2027-05-03,,0,0,0,,,10,0,,,0.0,,,0,0,-5.897937298933953,Sanctioned in Pre-Election Year (Rush),-1.0666666666666669,,,,Unknown,,
618083,Construction of byepass around Lohardaga town of NH-143A in the Sate of Jharkhand under EPC mode.,Roads & Highways,Jharkhand,Ministry of Road Transport & Highways,MoRTH,0,,459,,,,,,2026-01-05,2026-09-30,,0,0,0,,,2,0,,,8.8,,,0,1,10.80589921017685,Sanctioned in Mid-Term,-0.0333333333333334,,,,Unknown,,
619005,Construction of bypass around Chatra Town on NH-22 old NH-99 in the state of Jharkhand under EPC Mode,Roads & Highways,Jharkhand,Ministry of Road Transport & Highways,MoRTH,0,,235,199.2,,0.86,,,2028-01-01,2026-01-05,,0,0,0,,,12,0,,,0.0,-35.80000000000001,-15.234042553191493,0,0,-5.897937298933953,Sanctioned in Pre-Election Year (Rush),-1.0666666666666669,,,,Unknown,,
618950,Construction of Bypass to NH-114A Connecting NH-333 and NH-133 Deoghar  Bypass from design km 0.000 to design Km 49.000,Roads & Highways,Jharkhand,Ministry of Road Transport & Highways,National Highways Authority of India [NHAI],0,,1565,,,48.97,,,2028-01-27,2028-01-27,,0,0,0,,,5,0,,,0.0,,,0,0,0.7306609465075553,Sanctioned in Election Year,1.0,,,,Unknown,,
618535,Construction of Six lane elevated flyover including reconstruction/rehabilitation of existing pavement from Km 406100 to Km 411150 Length  5.05 Km at Gobindpur area in the Barwa Adda Panagarh section of NH-19 from Km.398.240 to Km.521.120 including Panagarh Bypass in the State of Jharkhand on EPC Mode.,Roads & Highways,Jharkhand,Ministry of Road Transport & Highways,NHAI,0,,688,442.52,,66.59,,,2028-03-21,2028-03-21,,0,0,0,,,16,0,,,0.0,-245.48000000000002,-35.68023255813954,0,0,1.889931456711258,Sanctioned in Mid-Term,1.7,,,,Unknown,,
618534,Construction of Six lane elevated flyover including reconstruction/rehabilitation of existing pavement from Km 426230 to Km 430500  Length  4.27 Km at Nirsa in the Barwa Adda Panagarh section of NH-19 from Km.398.240 to Km.521.120 including Panagarh Bypass in the State of Jharkhand on EPC Mode.,Roads & Highways,Jharkhand,Ministry of Road Transport & Highways,National Highways Authority of India [NHAI],0,,471,,,0.89,,,2028-08-16,2026-08-16,,0,0,0,,,0,0,,,0.0,,,0,0,1.889931456711258,Sanctioned in Mid-Term,1.7,,,,Unknown,,
618737,Grade separated Interchanges at Km. 113.730 junction with Ranchi  Hazaribagh Road & Km. 139.225 junction with Ranchi  Jamshedpur road on 4L Ranchi Bypass of NH-33,Roads & Highways,Jharkhand,Ministry of Road Transport & Highways,NHAI,0,,304,5.58,,4.98,,,2027-12-25,2027-12-25,,0,0,0,,,0,0,,,0.0,-298.42,-98.16447368421053,0,0,1.889931456711258,Sanctioned in Mid-Term,1.7,,,,Unknown,,
618242,Widening and Reconstruction to 4-lane/4-lane with service road including structures from Pokharia More at Km 47.600 Ex. Km 50.230 to Govindpur at km 62.949 Ex. Km 65.325 of Nh-419 in the State of Jharkhand on EPC mode.,Roads & Highways,Jharkhand,Ministry of Road Transport & Highways,MoRTH,0,,300,,,86.07,2022-09-05,,2026-01-03,2027-01-03,,0,0,0,,,52,0,,2022.0,12.0,,,0,1,10.80589921017685,Sanctioned in Mid-Term,-0.0333333333333334,6.25,9.2,330.0,Post-RFCTLARR 2013 (High Compensation),720.0,8.270676691729317
618060,Widening and Strengthening of existing paveemnt to two lane with paved shoulders from km 116.00 to km 176.355 of NH-75E in the State of Jharkhand on EPC mode.,Roads & Highways,Jharkhand,Ministry of Road Transport & Highways,MoRTH,0,,315,,,129.54,,,2024-07-16,2026-04-30,,0,0,0,,,87,0,,,21.5,,,0,1,10.80589921017685,Sanctioned in Mid-Term,-0.0333333333333334,,,,Unknown,,
618123,Widening and Strengthening/Reconstruction to Two Lane with Paved Shoulder/ Two Lane with paved shoulders with service road from km 0000 to km 42250 excluding design Ch. 03220 to 04200 & 28350 to 29060 of NH-320G in the state of Jharkhand under EPC mode,Roads & Highways,Jharkhand,Ministry of Road Transport & Highways,MoRTH,0,,423,,,4.11,,,2025-08-24,,,0,0,0,,,0,0,,,0.0,,,0,0,10.80589921017685,Sanctioned in Mid-Term,-0.0333333333333334,,,,Unknown,,
618084,Widening to 2-lane with paved shoulder from km 0.00 to 44.00 Kuru-Ghaghra section of NH-143A including re-construction of culverts and bridges.,Roads & Highways,Jharkhand,Ministry of Road Transport & Highways,MoRTH,0,,153,133.67,,77.0,,,2023-08-08,2023-11-11,,0,0,0,,,0,0,,,3.1,-19.330000000000013,-12.633986928104585,0,1,-0.5724854676765867,Sanctioned in Mid-Term,9.033333333333331,,,,Unknown,,
618649,4 Lane with PS  from Des. Ch 228.500 to Des. Ch. 273.400 of Belgaum-Hungund-Raichur Section of NH 748 A  Package-6 ,Roads & Highways,Karnataka,Ministry of Road Transport & Highways,National Highways Authority of India [NHAI],0,,1246,1012.78,,197.97,,,2026-11-20,2026-11-20,,0,0,0,,,44,0,,,0.0,-233.22000000000003,-18.717495987158912,0,0,-5.897937298933953,Sanctioned in Election Year,4.033333333333333,,,,Unknown,,
619108,4 Lane with PS from Des. Ch 0.000 to Des. Ch. 43.800 of Belgaum-Hungund-Raichur Section of NH-748A Package-1,Roads & Highways,Karnataka,Ministry of Road Transport & Highways,NHAI,0,,1452,1256.55,,490.31,2024-12-02,,2027-06-17,2027-10-08,,0,0,0,,,38,0,,2024.0,3.7,-195.45000000000005,-13.460743801652896,0,1,0.7306609465075553,Sanctioned in Mid-Term,7.399999999999999,6.5,9.85,420.0,Post-RFCTLARR 2013 (High Compensation),840.0,7.692307692307687
619107,4 Lane with PS from Des. Ch 136.100 to Des. Ch. 182.300 of Belgaum-Hungund-Raichur Section of NH-748A Package-4,Roads & Highways,Karnataka,Ministry of Road Transport & Highways,National Highways Authority of India [NHAI],0,,1311,1123.35,,4.66,2024-07-02,,2027-09-28,2027-09-28,,0,0,0,,,8,0,,2024.0,0.0,-187.6500000000001,-14.313501144164768,0,0,0.7306609465075553,Sanctioned in Mid-Term,7.399999999999999,6.5,9.85,420.0,Post-RFCTLARR 2013 (High Compensation),840.0,7.692307692307687
619106,4 Lane with PS from Des. Ch 182.300 to Des. Ch. 228.500 of Belgaum-Hungund-Raichur Section of NH 748 A  Package-5,Roads & Highways,Karnataka,Ministry of Road Transport & Highways,NHAI,0,,1142,868.65,,254.24,,,2026-11-20,2027-08-31,,0,0,0,,,38,0,,,9.3,-273.35,-23.936077057793348,0,1,-5.897937298933953,Sanctioned in Election Year,4.033333333333333,,,,Unknown,,
618651,4 Lane with PS from Des. Ch 43.800 to Des. Ch. 89.900 of Belgaum-Hungund-Raichur Section of NH-748A Package-2,Roads & Highways,Karnataka,Ministry of Road Transport & Highways,National Highways Authority of India [NHAI],0,,1428,1293.94,,400.24,,,2027-02-28,2027-02-28,,0,0,0,,,41,0,,,0.0,-134.05999999999995,-9.387955182072826,0,0,0.7306609465075553,Sanctioned in Mid-Term,7.399999999999999,,,,Unknown,,
618650,4 Lane with PS from Des. Ch 89.900 to Des. Ch. 136.100 of Belgaum-Hungund-Raichur Section of NH-748A Package-3,Roads & Highways,Karnataka,Ministry of Road Transport & Highways,NHAI,0,,1364,1219.62,,302.3,2024-11-01,,2027-04-03,2028-02-08,,0,0,0,,,22,0,,2024.0,10.2,-144.3800000000001,-10.585043988269803,0,1,0.7306609465075553,Sanctioned in Mid-Term,7.399999999999999,6.5,9.85,420.0,Post-RFCTLARR 2013 (High Compensation),840.0,7.692307692307687
618517,4/6L of Bangalore - Pune Section of bypass connecting Dharwad - Hubli from km. 403.80 to km. 433.20,Roads & Highways,Karnataka,Ministry of Road Transport & Highways,National Highways Authority of India [NHAI],0,,1135,763.36,,698.19,,,2025-09-21,2026-11-30,,0,0,0,,,82,0,,,14.3,-371.64,-32.74361233480176,0,1,26.733988838692536,Sanctioned in Mid-Term,-3.9333333333333336,,,,Unknown,,
619065,4L Expressway from Km 26.400 to km 53.500 of Malur to Bangarpet section of Bangalore-Chennai Expressway Phase-I Package-II,Roads & Highways,Karnataka,Ministry of Road Transport & Highways,NHAI,0,,1745,1729.63,,1103.13,,,2023-09-19,2026-09-15,,0,0,0,,,100,0,,,35.9,-15.36999999999989,-0.8808022922636041,0,1,-0.5724854676765867,Sanctioned in Mid-Term,-0.2333333333333331,,,,Unknown,,
619073,4L of 42.000 to km 80.00 of Dodaballapur Bypass to Hoskote section of NH-648  Old NH-207 [Bangalore Ring Road Pkg 2],Roads & Highways,Karnataka,Ministry of Road Transport & Highways,NHAI,0,,1318,1846.52,,1304.65,,,2023-02-21,2026-08-31,,0,0,0,,,99,0,,,42.3,528.52,40.10015174506829,1,1,-0.5724854676765867,Sanctioned in Mid-Term,-0.2333333333333331,,,,Unknown,,
618702,4L of Addahole Near Gundya to Bantwal Cross section Pkg-02 from Design Km 270.270 to Design km 318.55 including flyover at Kalladka Town including approaches from Km. 311.57 to Km. 313.67 of NH-75 Old NH-48,Roads & Highways,Karnataka,Ministry of Road Transport & Highways,National Highways Authority of India [NHAI],0,,1660,1318.24,,1235.46,,,2023-11-22,2026-04-30,,0,0,0,,,89,0,,,29.2,-341.76,-20.587951807228915,0,1,-0.5724854676765867,Sanctioned in Mid-Term,-0.2333333333333331,,,,Unknown,,
618887,4L of Bettadahalli- Shivamogga section from Km.170.415 to km. 226.750 of NH-206 Tumkur- Shivamogga Pkg-IV,Roads & Highways,Karnataka,Ministry of Road Transport & Highways,NHAI,0,,2083,2545.11,,1621.81,,,2023-10-19,2027-03-31,,0,0,0,,,84,0,,,41.4,462.1100000000001,22.184829572731644,1,1,-3.287904599659297,Sanctioned in Mid-Term,0.7666666666666669,,,,Unknown,,
619115,4L of Byrapura to Challakere Section from km 308.550 to km 358.500 of NH-150 A,Roads & Highways,Karnataka,Ministry of Road Transport & Highways,National Highways Authority of India [NHAI],0,,797,1195.54,,201.53,,,2020-12-30,2021-06-03,,0,0,0,,,100,0,,,5.1,398.53999999999996,50.00501882057716,1,1,10.974572265809623,Sanctioned in Election Year,2.6333333333333333,,,,Unknown,,
619214,4L of Channarayapatna Bypass and Hassan Bypass with structures in Devihalli - Hassan section,Roads & Highways,Karnataka,Ministry of Road Transport & Highways,NHAI,0,,688,684.54,,600.43,,,2023-01-18,2026-10-31,,0,0,0,,,82,0,,,45.4,-3.4600000000000364,-0.5029069767441914,0,1,-0.5724854676765867,Sanctioned in Mid-Term,-0.2333333333333331,,,,Unknown,,
619121,4L of Hubli - Hospet Section of NH-63 from Km 128.850 to Km 272.571,Roads & Highways,Karnataka,Ministry of Road Transport & Highways,National Highways Authority of India [NHAI],0,,2532,3619.32,,1275.33,2016-01-07,,2020-03-13,2026-05-31,,0,0,0,,,100,0,,2016.0,74.6,1087.3200000000002,42.94312796208531,1,1,0.6082214765100735,Sanctioned in Mid-Term,-8.933333333333332,6.25,10.4,138.0,Post-RFCTLARR 2013 (High Compensation),465.0,9.411764705882364
618520,4L of km 0.00 to km 42.00 of Dobbaspet to Doddaballapura Bypass section of NH-648 old NH-207] [Bangalore Ring Road Pkg 1],Roads & Highways,Karnataka,Ministry of Road Transport & Highways,National Highways Authority of India [NHAI],0,,1439,1786.57,,788.37,2020-11-08,,2023-04-18,2024-02-15,,0,0,0,,,99,0,,2020.0,10.0,347.56999999999994,24.153578874218205,1,1,-0.5724854676765867,Sanctioned in Mid-Term,-0.2333333333333331,4.0,7.8,260.0,Post-RFCTLARR 2013 (High Compensation),620.0,5.982905982905984
618709,4L of Left-Over Works of Hospet-Bellary -Karnataka/AP border from Km.280.080 Dec.Ch. to Km.375450Des.Ch. of NH-63 New-67,Roads & Highways,Karnataka,Ministry of Road Transport & Highways,NHAI,0,,1340,992.6,,922.07,2023-06-03,,2025-05-14,2028-04-10,,0,0,0,,,92,0,,2023.0,34.9,-347.4,-25.925373134328357,0,1,-5.897937298933953,Sanctioned in Election Year,4.033333333333333,6.5,9.8,375.0,Post-RFCTLARR 2013 (High Compensation),780.0,8.333333333333325
618896,4L of Sannur to Bikarnakatte section from Km 691.350 to Km 736.362 of NH-169 Karkala - Mangalore Package-III,Roads & Highways,Karnataka,Ministry of Road Transport & Highways,National Highways Authority of India [NHAI],0,,1386,2038.71,,973.31,,,2024-10-08,2027-04-30,,0,0,0,,,70,0,,,30.7,652.71,47.0930735930736,1,1,26.733988838692536,Sanctioned in Mid-Term,-3.9333333333333336,,,,Unknown,,
619219,4L of Tumkur-Shimoga Pkg-II from Km 65.195 Karadi to Km 121.900 Banawara of NH-206,Roads & Highways,Karnataka,Ministry of Road Transport & Highways,NHAI,0,,1506,1989.89,,1297.99,,,2021-10-14,2026-12-31,,0,0,0,,,100,0,,,62.5,483.8900000000001,32.13081009296149,1,1,10.974572265809623,Sanctioned in Election Year,2.6333333333333333,,,,Unknown,,
618871,4L PS from Near Guddehosur to Start of Kushalnagara Bypass to near Hemmige Village Periyapatna - Hassan Road Jn from Km. 122.200 to Km. 144.900 of NH-275  Pkg. II ,Roads & Highways,Karnataka,Ministry of Road Transport & Highways,NHAI,0,,910,896.42,,313.21,2023-01-02,,2027-12-07,2028-04-08,,0,0,0,,,14,0,,2023.0,4.0,-13.580000000000041,-1.4923076923076968,0,1,-5.897937298933953,Sanctioned in Election Year,4.033333333333333,6.5,9.8,375.0,Post-RFCTLARR 2013 (High Compensation),780.0,8.333333333333325
618870,4L PS from near Hemmige Village Periyapatna - Hassan Road Jn. to near Hunsur - KR Nagar Jn section from Km. 144.900 to Km. 169.000 of NH-275  Pkg. III ,Roads & Highways,Karnataka,Ministry of Road Transport & Highways,National Highways Authority of India [NHAI],0,,884,1726.65,,61.05,2023-07-02,,2027-04-02,2027-07-01,,0,0,0,,,20,0,,2023.0,3.0,842.6500000000001,95.32239819004525,1,1,-5.897937298933953,Sanctioned in Election Year,4.033333333333333,6.5,9.8,375.0,Post-RFCTLARR 2013 (High Compensation),780.0,8.333333333333325
618872,4L PS from near Hunsur - KR Nagar Junction to near Yalachahalli village KR Nagara - Yelawala Road Junction fcrom Km 169.000 to Km 195.550 of NH-275 Pkg-IV,Roads & Highways,Karnataka,Ministry of Road Transport & Highways,NHAI,0,,1063,952.03,,272.54,2023-09-02,,2027-04-29,2028-03-06,,0,0,0,,,18,0,,2023.0,10.2,-110.97000000000003,-10.439322671683916,0,1,-5.897937298933953,Sanctioned in Election Year,4.033333333333333,6.5,9.8,375.0,Post-RFCTLARR 2013 (High Compensation),780.0,8.333333333333325
618873,4L PS from near Yalachahalli village KR Nagara - Yelawala Road junction to Srirangapatna Bypass Near Paschima Vahini from km 195.550 to Km 214.535 of NH-275 Pkg-V,Roads & Highways,Karnataka,Ministry of Road Transport & Highways,National Highways Authority of India [NHAI],0,,1273,1203.2,,97.25,,,2027-04-06,2027-04-06,,0,0,0,,,12,0,,,0.0,-69.79999999999995,-5.483110761979573,0,0,-5.897937298933953,Sanctioned in Election Year,4.033333333333333,,,,Unknown,,
619218,4L Tumkur-Shimoga Pkg-I from Mallasandra to Karadi village of NH-206 from Km. 12.300 to Km. 65.195,Roads & Highways,Karnataka,Ministry of Road Transport & Highways,NHAI,0,,1364,1692.12,,1336.5,,,2021-10-14,2026-07-15,,0,0,0,,,100,0,,,57.0,328.1199999999999,24.055718475073306,1,1,10.974572265809623,Sanctioned in Election Year,2.6333333333333333,,,,Unknown,,
618697,4LPS Access Controlled Highway of Bellary Bypass Balance work from Ch. 254750 to Ch. 266837 and construction of 4LPS from Ch. 277.690 to Ch. 278.690 at D. Hirehal Village Balance work of NH 150A of Bellary  Byrapura Section,Roads & Highways,Karnataka,Ministry of Road Transport & Highways,NHAI,0,,626,284.05,,112.21,2024-07-02,,2026-07-31,2027-10-14,,0,0,0,,,38,0,,2024.0,14.5,-341.95,-54.62460063897764,0,1,0.7306609465075553,Sanctioned in Mid-Term,7.399999999999999,6.5,9.85,420.0,Post-RFCTLARR 2013 (High Compensation),840.0,7.692307692307687
618632,6L Access Controlled Greenfield Highway of Nandinne village to Julekal village from Km 202.900 to Km 242.200 Pkg-1,Roads & Highways,Karnataka,Ministry of Road Transport & Highways,National Highways Authority of India [NHAI],0,,972,1044.06,,404.06,2022-04-02,,2025-01-03,2025-09-27,,0,0,0,,,73,0,,2022.0,8.8,72.05999999999995,7.4135802469135745,1,1,10.80589921017685,Sanctioned in Pre-Election Year (Rush),6.033333333333332,6.25,9.2,330.0,Post-RFCTLARR 2013 (High Compensation),720.0,8.270676691729317
618515,6L from Belgaum to Sankeshwar Bypass from Km. 515.000 to Km. 555.017 of NH-48 Pkg-I   ,Roads & Highways,Karnataka,Ministry of Road Transport & Highways,National Highways Authority of India [NHAI],0,,1479,1237.04,,1178.11,2021-12-11,,2025-04-23,2026-05-10,,0,0,0,,,100,0,,2021.0,12.5,-241.96000000000004,-16.359702501690336,0,1,26.733988838692536,Sanctioned in Mid-Term,-3.9333333333333336,4.0,7.5,290.0,Post-RFCTLARR 2013 (High Compensation),665.0,7.258064516129026
618516,6L from Sankeshwar Bypass to MH-KNT Border from Km. 555.017 to Km. 592.853 of NH-48 Pkg-II,Roads & Highways,Karnataka,Ministry of Road Transport & Highways,National Highways Authority of India [NHAI],0,,1389,1066.86,,1045.3,,,2025-04-23,2026-11-30,,0,0,0,,,81,0,,,19.3,-322.1400000000001,-23.192224622030245,0,1,10.80589921017685,Sanctioned in Pre-Election Year (Rush),6.033333333333332,,,,Unknown,,
618631,6L of MH/KN Border Nimbal Village to KN/TS Border Singnodi Village from Km. 162.5 to Km. 203.100 in Raichur of NH-150C Pkg-IV,Roads & Highways,Karnataka,Ministry of Road Transport & Highways,NHAI,0,,1500,1457.48,,840.3,,,2025-05-13,2026-08-31,,0,0,0,,,100,0,,,15.6,-42.51999999999998,-2.8346666666666653,0,1,10.80589921017685,Sanctioned in Pre-Election Year (Rush),6.033333333333332,,,,Unknown,,
618630,6L of MH/KN Border Nimbal Village to KN/TS Border Singnodi Village from Km. 26.000 to Km. 97.000 in Gulbarga of NH-150C Pkg-II,Roads & Highways,Karnataka,Ministry of Road Transport & Highways,National Highways Authority of India [NHAI],0,,2356,1923.3,,868.81,,,2025-06-27,2026-11-30,,0,0,0,,,76,0,,,17.1,-432.70000000000005,-18.365874363327674,0,1,10.80589921017685,Sanctioned in Pre-Election Year (Rush),6.033333333333332,,,,Unknown,,
619211,6L of MH/KN Border Nimbal Village to KN/TS Border Singnodi Village from Km. 97.000 to Km. 162.500 in Yadgir of NH-150C Pkg-III,Roads & Highways,Karnataka,Ministry of Road Transport & Highways,National Highways Authority of India [NHAI],0,,2105,2065.83,,779.81,2022-04-03,,2025-10-22,2026-09-30,,0,0,0,,,74,0,,2022.0,11.3,-39.17000000000007,-1.8608076009501224,0,1,10.80589921017685,Sanctioned in Pre-Election Year (Rush),6.033333333333332,6.25,9.2,330.0,Post-RFCTLARR 2013 (High Compensation),720.0,8.270676691729317
618707,Additional works under BM1 to ensure road safety under 6L of Bengaluru  Mysuru Access control with close toll from Km.17.300 to  Km.136.300 of NH-275,Roads & Highways,Karnataka,Ministry of Road Transport & Highways,NHAI,0,,738,,,17.91,2024-08-11,,2028-01-19,2028-05-08,,0,0,0,,,10,0,,2024.0,3.6,,,0,1,0.7306609465075553,Sanctioned in Mid-Term,7.399999999999999,6.5,9.85,420.0,Post-RFCTLARR 2013 (High Compensation),840.0,7.692307692307687
618636,Akkalkot  MH/KN border New Greenfield corridor from Km 512.000 to Km 548.400 of NH-150C part of Akkalkot  KN/TS Border section Package  XIV,Roads & Highways,Karnataka,Ministry of Road Transport & Highways,National Highways Authority of India [NHAI],0,,1371,1403.49,,212.1,,,2026-10-02,2026-10-02,,0,0,0,,,44,0,,,0.0,32.49000000000001,2.369803063457331,1,0,-5.897937298933953,Sanctioned in Election Year,4.033333333333333,,,,Unknown,,
618031,Balance work of Construction of Two/Four lane with paved shoulder from Km 422.000 to 523.600  Chitradurga to Shivamogga  of NH-13 in the state of Kanataka on EPC mode.,Roads & Highways,Karnataka,Ministry of Road Transport & Highways,MoRTH,0,,517,,,105.04,2021-01-01,,2025-12-30,2026-08-30,,0,0,0,,,75,0,,2021.0,8.0,,,0,1,26.733988838692536,Sanctioned in Mid-Term,-3.9333333333333336,4.0,7.5,290.0,Post-RFCTLARR 2013 (High Compensation),665.0,7.258064516129026
617954,Balance work of Rehabilitation and upgrading to 2lane/2lane with paved shoulder configuration and strengthening from from Km 343.80 to 400.33 of Gowribidanur-Chik Ballapur section in the state of Karnataka Under Annual Plan 2021-22 under EPC Mode.-952,Roads & Highways,Karnataka,Ministry of Road Transport & Highways,MoRTH,0,,398,,,211.59,,,2025-02-23,2026-04-30,,0,0,0,,,93,0,,,14.2,,,0,1,10.80589921017685,Sanctioned in Pre-Election Year (Rush),6.033333333333332,,,,Unknown,,
618519,Bangalore Ring Road STRR-NH-948A- Package-I of Phase-III from Belagondapalli TN to TN/KNT border from km 144.480 to 179.969,Roads & Highways,Karnataka,Ministry of Road Transport & Highways,NHAI,0,,1261,1218.47,,764.03,,,2025-05-16,2026-12-31,,0,0,0,,,91,0,,,19.5,-42.52999999999997,-3.3727200634417107,0,1,10.80589921017685,Sanctioned in Pre-Election Year (Rush),6.033333333333332,,,,Unknown,,
618706,Bangalore-Nidagatta Pkg. I,Roads & Highways,Karnataka,Ministry of Road Transport & Highways,National Highways Authority of India [NHAI],0,,3496,4087.42,,608.17,,,2021-11-09,2022-08-08,,0,0,0,,,99,0,,,8.9,591.4200000000001,16.91704805491991,1,1,10.974572265809623,Sanctioned in Election Year,2.6333333333333333,,,,Unknown,,
619072,Bangalore/TN border to Hoskote,Roads & Highways,Karnataka,Ministry of Road Transport & Highways,NHAI,0,,1182,1297.76,,1150.16,,,2025-02-14,2026-11-30,,0,0,0,,,95,0,,,21.5,115.75999999999999,9.793570219966158,1,1,10.80589921017685,Sanctioned in Pre-Election Year (Rush),6.033333333333332,,,,Unknown,,
618799,Belakeri Port to Kumta - Sirsi road from km 0.00 - km 4.265 of Belekeri Port Road Link Rd. and km 4.965 - km 60.00 of SH-69,Roads & Highways,Karnataka,Ministry of Road Transport & Highways,National Highways Authority of India [NHAI],0,,456,456.79,,381.34,,,2022-12-07,2025-12-31,,0,0,0,,,79,0,,,36.8,0.7900000000000205,0.1732456140350922,1,1,10.974572265809623,Sanctioned in Election Year,2.6333333333333333,,,,Unknown,,
619164,Belgaum-Khanapur Pkg I Km 0.000-Km 30.800 of NH-4A,Roads & Highways,Karnataka,Ministry of Road Transport & Highways,NHAI,0,,1214,1195.74,,917.82,2018-04-03,,2021-09-02,2027-03-31,,0,0,0,,,76,0,,2018.0,66.9,-18.25999999999999,-1.5041186161449747,0,1,10.974572265809623,Sanctioned in Election Year,2.6333333333333333,6.5,10.35,195.0,Post-RFCTLARR 2013 (High Compensation),545.0,7.920792079207928
619150,BRT Tiger Reserve Boundary Km.287.500 to Bangalore Section Km.458.420 of NH-209 in Karnataka,Roads & Highways,Karnataka,Ministry of Road Transport & Highways,National Highways Authority of India [NHAI],0,,2083,2859.93,,718.08,2016-07-04,,2019-08-20,2026-05-31,,0,0,0,,,100,0,,2016.0,81.3,776.9299999999998,37.29860777724435,1,1,0.6082214765100735,Sanctioned in Mid-Term,-8.933333333333332,6.25,10.4,138.0,Post-RFCTLARR 2013 (High Compensation),465.0,9.411764705882364
618698,Challakere to Hariyur section from km 358.500 to km 414.205 of NH-150 A,Roads & Highways,Karnataka,Ministry of Road Transport & Highways,National Highways Authority of India [NHAI],0,,1168,1873.58,,843.6,,,2023-01-24,2025-06-30,,0,0,0,,,99,0,,,29.2,705.5799999999999,60.40924657534246,1,1,10.974572265809623,Sanctioned in Election Year,2.6333333333333333,,,,Unknown,,
618184,Construction of 2 Lane with paved shoulder from km 55.6 to km 90.7 existing chainages of NH-766C complete Realignment of 13.76 km with 2 major Bridges across Sharavathi Backwaters on EPC mode under Annual Plan 2022-23 in the state of Karnataka NH-766C-KNT-2022-23 dated 14.10.2022,Roads & Highways,Karnataka,Ministry of Road Transport & Highways,MoRTH,0,,314,,,151.04,2023-12-01,,2026-02-12,2027-12-31,,0,0,0,,,65,0,,2023.0,22.6,,,0,1,-5.897937298933953,Sanctioned in Election Year,4.033333333333333,6.5,9.8,375.0,Post-RFCTLARR 2013 (High Compensation),780.0,8.333333333333325
618028,"Construction of Bypass at Kuknoor, Yelburga, Gajendragada of Bhanapur Gaddanakeri section of NH-367 in the State of Karnataka under NHO on EPC mode under Annual Plan 2022-23. NH-367-KNT-2022-23-973 dated 08.02.2023",Roads & Highways,Karnataka,Ministry of Road Transport & Highways,MoRTH,0,,334,,,37.36,2023-08-02,,2027-06-26,2027-06-25,,0,0,0,,,20,0,,2023.0,-0.0,,,0,0,-5.897937298933953,Sanctioned in Election Year,4.033333333333333,6.5,9.8,375.0,Post-RFCTLARR 2013 (High Compensation),780.0,8.333333333333325
617951,Construction of Chintamani Bypass from Design Ch.0000 Existing Ch.428880 to Design Ch.15400 Existing Ch.444010 on NH-69 in the State of Karnataka in EPC Mode under NHO Annual Plan 2022-23. NH-69-KNT-2022-23-989 dated 24.03.2023,Roads & Highways,Karnataka,Ministry of Road Transport & Highways,MoRTH,0,,315,,,4.03,,,2027-07-18,2027-07-18,,0,0,0,,,10,0,,,0.0,,,0,0,-5.897937298933953,Sanctioned in Election Year,4.033333333333333,,,,Unknown,,
617935,"Construction of Elevated corridor from Km. 135.650 to 136.300 on 63, from Km. 249 to Km. 250.050 on old NH-4 and from Km. 192.910 to Km. 193.350 on NH-218 from decongestion of traffic in Ranichennamma circle in Hubli city in the state of Karnataka on EPC basis",Roads & Highways,Karnataka,Ministry of Road Transport & Highways,MoRTH,0,,298,349.49,,141.25,,,2024-06-04,2025-08-03,,0,0,0,,,52,0,,,14.0,51.49000000000001,17.27852348993289,1,1,-0.5724854676765867,Sanctioned in Mid-Term,-0.2333333333333331,,,,Unknown,,
618144,Construction of Major Bridge Across Sharavathi Backwaters and approches between Ambargodu and Kalasavalli Near Sigandhur in Sagar Taluk on NH 369E in the State of Karnataka on EPC mode.Job No. NH-369E-KNT-2018-19-895 dated 06.03.2019.,Roads & Highways,Karnataka,Ministry of Road Transport & Highways,MoRTH,0,,423,,,,2019-06-03,,2022-12-10,,,0,0,0,,,0,0,,2019.0,0.0,,,0,0,-3.287904599659297,Sanctioned in Mid-Term,0.7666666666666669,5.15,9.2,230.0,Post-RFCTLARR 2013 (High Compensation),585.0,7.339449541284404
617989,Construction of Major Bridge at Km.180.865 across river Krishna on NH 167 Hagari Jadcherla section,Roads & Highways,Karnataka,Ministry of Road Transport & Highways,MoRTH,0,,157,187.61,,103.33,2019-06-03,,2021-11-06,2024-10-15,,0,0,0,,,68,0,,2019.0,35.3,30.610000000000014,19.496815286624212,1,1,-3.287904599659297,Sanctioned in Mid-Term,0.7666666666666669,5.15,9.2,230.0,Post-RFCTLARR 2013 (High Compensation),585.0,7.339449541284404
617950,Construction of Srinivasapura Bypass from existing Km 453.890   Design Ch. 0000    to existing Km 461.450   Design Ch 10080    on NH-69 in the State of Karnataka Under NH   O    in EPC mode under Annual Plan 2022-23  NH-69-KNT-2022-23-966 dated 22.11.2022,Roads & Highways,Karnataka,Ministry of Road Transport & Highways,MoRTH,0,,204,,,0.0,,,2027-01-11,2027-01-11,,0,0,0,,,20,0,,,0.0,,,0,0,10.80589921017685,Sanctioned in Pre-Election Year (Rush),6.033333333333332,,,,Unknown,,
618518,Davanagere - Haveri of NH-48 Old NH-4 from km. 260.00 to km. 338.923,Roads & Highways,Karnataka,Ministry of Road Transport & Highways,National Highways Authority of India [NHAI],0,,1455,1805.84,,633.86,2017-12-01,,2020-07-24,2026-09-30,,0,0,0,,,99,0,,2017.0,74.2,350.8399999999999,24.112714776632295,1,1,10.26683343756516,Sanctioned in Pre-Election Year (Rush),0.0333333333333332,6.0,10.1,165.0,Post-RFCTLARR 2013 (High Compensation),505.0,8.602150537634401
619096,Goa / Karnataka Km.93.700 to Kundapur Km.283.30,Roads & Highways,Karnataka,Ministry of Road Transport & Highways,NHAI,0,,1645,1990.99,,1848.87,,,2016-08-28,2026-07-31,,0,0,0,,,98,0,,,119.1,345.99,21.032826747720364,1,1,7.229999999999981,Sanctioned in Pre-Election Year (Rush),0.0333333333333332,,,,Unknown,,
619117,Hassan km 184.912 to Maranahally km 230.060 of NH - 75 in Karnataka,Roads & Highways,Karnataka,Ministry of Road Transport & Highways,National Highways Authority of India [NHAI],0,,1022,1091.4,,695.38,,,2019-03-07,2026-04-30,,0,0,0,,,98,0,,,85.8,69.40000000000009,6.790606653620361,1,1,-12.69797674631511,Sanctioned in Mid-Term,-7.199999999999999,,,,Unknown,,
619144,Hospet - Chitradurga from km. 299.00 to km. 418.750,Roads & Highways,Karnataka,Ministry of Road Transport & Highways,National Highways Authority of India [NHAI],0,,1520,387.48,,35.48,,,2018-08-15,2026-06-30,,0,0,0,,,100,0,,,94.5,-1132.52,-74.5078947368421,0,1,-12.69797674631511,Sanctioned in Mid-Term,-7.199999999999999,,,,Unknown,,
618581,Hosur to Dhamrapuri Pkg-1 [Neraluru - Thorapalli Agraharam],Roads & Highways,Karnataka,Ministry of Road Transport & Highways,National Highways Authority of India [NHAI],0,,1757,1828.66,,927.75,2021-07-10,,2024-10-24,2026-07-31,,0,0,0,,,79,0,,2021.0,21.2,71.66000000000008,4.078542970973255,1,1,26.733988838692536,Sanctioned in Mid-Term,-3.9333333333333336,4.0,7.5,290.0,Post-RFCTLARR 2013 (High Compensation),665.0,7.258064516129026
619120,Nidagatta-Mysore Pkg II,Roads & Highways,Karnataka,Ministry of Road Transport & Highways,NHAI,0,,2920,4113.89,,3713.89,,,2022-06-07,2026-07-31,,0,0,0,,,99,0,,,49.8,1193.8900000000003,40.88664383561645,1,1,10.974572265809623,Sanctioned in Election Year,2.6333333333333333,,,,Unknown,,
619205,Six Laning of KT/KL Border Thalapaddy -Chengala from Km. 17.200 to Km. 57.20,Roads & Highways,Karnataka,Ministry of Road Transport & Highways,National Highways Authority of India [NHAI],0,,1981,2681.48,,1041.05,,,2024-05-15,2026-04-14,,0,0,0,,,99,0,,,23.0,700.48,35.35991923271075,1,1,-0.5724854676765867,Sanctioned in Mid-Term,-0.2333333333333331,,,,Unknown,,
619071,Tumkur - Nelamangala 6L,Roads & Highways,Karnataka,Ministry of Road Transport & Highways,NHAI,0,,2032,1664.2,,1069.89,2021-04-03,,2025-08-25,2027-03-31,,0,0,0,,,61,0,,2021.0,19.2,-367.79999999999995,-18.1003937007874,0,1,26.733988838692536,Sanctioned in Mid-Term,-3.9333333333333336,4.0,7.5,290.0,Post-RFCTLARR 2013 (High Compensation),665.0,7.258064516129026
619070,Tumkur-Chitradurga,Roads & Highways,Karnataka,Ministry of Road Transport & Highways,National Highways Authority of India [NHAI],0,,839,47.44,,8.24,,,2013-12-01,2026-06-30,,0,0,0,,,100,0,,,150.9,-791.56,-94.3456495828367,0,1,8.65624291864946,Sanctioned in Mid-Term,-0.8666666666666666,,,,Unknown,,
619220,Tumkur-Shimoga Pkg-III from Km 121.900 Banawara to Km 170.415 Bettadahalli of Old NH-206,Roads & Highways,Karnataka,Ministry of Road Transport & Highways,NHAI,0,,1444,1834.81,,872.92,,,2023-03-14,2026-12-31,,0,0,0,,,98,0,,,45.6,390.80999999999995,27.06440443213296,1,1,10.974572265809623,Sanctioned in Election Year,2.6333333333333333,,,,Unknown,,
617997,Widening of existing 2 lane to 4 lane with paved shoulder from Designed km 25.15 to km 56.70 Except Km 52.70 to 53.50 of NH-169  Nellisara Camp to Thirthahalli  of NH-169 on Shimoga-Mangalore section in the state of Karnataka on EPC mode under Annual plan 2022-23 NH-169-KNT-2022-23-978 dated 08.03.2023,Roads & Highways,Karnataka,Ministry of Road Transport & Highways,MoRTH,0,,539,,,0.28,2023-08-03,,2028-02-24,2028-02-24,,0,0,0,,,6,0,,2023.0,0.0,,,0,0,-5.897937298933953,Sanctioned in Election Year,4.033333333333333,6.5,9.8,375.0,Post-RFCTLARR 2013 (High Compensation),780.0,8.333333333333325
618030,Widening to 2 lane with paved shoulder from Km. 103.225 Pattadakal to Km. 133.00 Shirur cross of NH-367 in the state of Karnataka on EPC Mode.Job No. NH-367-KNT-2021-22-934,Roads & Highways,Karnataka,Ministry of Road Transport & Highways,MoRTH,0,,264,,,3.58,2022-09-02,,2024-05-27,2026-12-31,,0,0,0,,,0,0,,2022.0,31.1,,,0,1,10.80589921017685,Sanctioned in Pre-Election Year (Rush),6.033333333333332,6.25,9.2,330.0,Post-RFCTLARR 2013 (High Compensation),720.0,8.270676691729317
618147,Widening to 2 Lane with Paved Shoulders from design Km 103.200 Existing Km 103.200 to design Km 116.700 Existing Km 118.470 on AP/KNT Border to Sira Section of NH-544E in the State of Karnatakaon EPC mode under Annual plan 2022-23,Roads & Highways,Karnataka,Ministry of Road Transport & Highways,MoRTH,0,,167,,,35.33,,,2025-09-09,2026-08-31,,0,0,0,,,40,0,,,11.7,,,0,1,-5.897937298933953,Sanctioned in Election Year,4.033333333333333,,,,Unknown,,
618000,Widening to 2-Lane with Paved Shoulders from Km 116.800 to 149.070Design Changes on Hosadurga - Holalkere Section of NH-173 in the State of Karnataka on EPC mode under Annual Plan 2021-22 Job no. NH-173-KNT-2021-22-946,Roads & Highways,Karnataka,Ministry of Road Transport & Highways,MoRTH,0,,170,147.39,,106.85,,,2024-02-24,2026-04-30,,0,0,0,,,93,0,,,26.1,-22.610000000000014,-13.30000000000001,0,1,10.80589921017685,Sanctioned in Pre-Election Year (Rush),6.033333333333332,,,,Unknown,,
618185,Widening to 2LPS from Km 0.000 to 37.850 Except Ex. Km 24.45 to 27.20 of NH-766c Byndoor-Ranebennur Section in the state of Karnataka on EPC Mode under Annual Plan 2022-23 NH-766C-KNT-2022-23-969 dated 30.12.2022,Roads & Highways,Karnataka,Ministry of Road Transport & Highways,MoRTH,0,,395,,,0.0,,,2027-08-07,2027-08-06,,0,0,0,,,12,0,,,-0.0,,,0,0,10.80589921017685,Sanctioned in Pre-Election Year (Rush),6.033333333333332,,,,Unknown,,
617999,Widening to 2LPS from Km 67 to Km 115 on Kadur-Hosadurga section NH 173 in the state of Karnataka NH-173-KNT-2022-23-980 dated 13.03.2023,Roads & Highways,Karnataka,Ministry of Road Transport & Highways,MoRTH,0,,472,,,80.08,,,2026-04-16,2026-10-30,,0,0,0,,,64,0,,,6.5,,,0,1,-5.897937298933953,Sanctioned in Election Year,4.033333333333333,,,,Unknown,,
618027,Widening to 2LPS from Km 71.00 to 104.00 Existing chainages Sarjapur to Pattadkallu on Bhanapur to Gaddanakeri section NH-367 in the State of Karnataka under NHO on EPC mode under Annual Plan 2022-23 NH-367-KNT-2022-23-972 dated 08.02.2023,Roads & Highways,Karnataka,Ministry of Road Transport & Highways,MoRTH,0,,446,,,0.0,2023-09-02,,2026-03-15,2026-12-31,,0,0,0,,,90,0,,2023.0,9.6,,,0,1,-5.897937298933953,Sanctioned in Election Year,4.033333333333333,6.5,9.8,375.0,Post-RFCTLARR 2013 (High Compensation),780.0,8.333333333333325
618109,Widening to 4 lane from Km 51.60 to 76.20 Hebri to Parkala and from Km 85.20 to 88.90 Karavali junction to Malpe of Thirthahalli-Udupi-Malpe Section of NH-169A in the State of Karnataka on EPC Mode under Annual plan 2021-22 Job No. NH-169A-KNT-2021-22-927,Roads & Highways,Karnataka,Ministry of Road Transport & Highways,MoRTH,0,,356,,,184.79,2022-12-01,,2024-12-26,2026-11-30,,0,0,0,,,88,0,,2022.0,23.1,,,0,1,10.80589921017685,Sanctioned in Pre-Election Year (Rush),6.033333333333332,6.25,9.2,330.0,Post-RFCTLARR 2013 (High Compensation),720.0,8.270676691729317
618029,Widening to 4 lane from Km. 133.00 to 158.04 design Chainage Km. 130.88 to 155.145 Shirur Cross to Gaddankeri of NH-367 in the State of Karnataka on EPC mode. Job No. NH-367-KNT-2021-22-930,Roads & Highways,Karnataka,Ministry of Road Transport & Highways,MoRTH,0,,351,312.06,,191.38,,,2025-01-17,2027-01-16,,0,0,0,,,78,0,,,23.9,-38.94,-11.094017094017094,0,1,10.80589921017685,Sanctioned in Pre-Election Year (Rush),6.033333333333332,,,,Unknown,,
618151,Widening to 4LPS of NH-548B from Km 118.450 Near Shirguppi to Km 128.450 Near Ankali in the State of Karnataka under NH O on EPC Mode Under Annual Plan 2022-23 NH-548B-KNT-2022-23-982,Roads & Highways,Karnataka,Ministry of Road Transport & Highways,MoRTH,0,,1084,,,0.0,,,2029-05-29,,,0,0,0,,,0,0,,,0.0,,,0,0,-5.897937298933953,Sanctioned in Election Year,4.033333333333333,,,,Unknown,,
618148,Widening to 4LPS of NH-548B from Km 80.000 Near Murgundi to Km 140.200 Near Chikkodi excluding length from Km 118.450 to Km 128.450 in the State of Karnataka under NH O on EPC Mode under Annual Plan 2022-23 - Package  1 NH-548B-KNT-2022-23-979 dated 09.03.2023,Roads & Highways,Karnataka,Ministry of Road Transport & Highways,MoRTH,0,,786,,,6.15,2023-09-03,,2028-04-23,2028-04-23,,0,0,0,,,0,0,,2023.0,0.0,,,0,0,-5.897937298933953,Sanctioned in Election Year,4.033333333333333,6.5,9.8,375.0,Post-RFCTLARR 2013 (High Compensation),780.0,8.333333333333325
617998,Widening to existing 2 lane with paved Shoulder to 4 Lane with paved shoulder from design Km 153.00 to 168.27 Mala Gate to Karkala of NH -169 on Shimoga - Mangalore section in the state of Karnataka on EPC mode under Annula Plan 2021-22 Job No. NH-169-KNT-2021-22-949,Roads & Highways,Karnataka,Ministry of Road Transport & Highways,MoRTH,0,,178,,,111.41,,,2025-02-13,2026-11-30,,0,0,0,,,83,0,,,21.5,,,0,1,10.80589921017685,Sanctioned in Pre-Election Year (Rush),6.033333333333332,,,,Unknown,,
618087,Widening to intermediate/two lane to 2 lane with paved shoulder from Existing chanages Km 112.750 to 142.00 Liingasur to Mudabal cross & from Km. 147.070 to Km. 149.070 Maski city limit of Jewargi Chamrajnagar setion of NH-150A in the state of Karnataka on EPC mode. Job No. NH-150A-KNT-2021-22-951,Roads & Highways,Karnataka,Ministry of Road Transport & Highways,MoRTH,0,,256,,,179.66,,,2024-07-17,2026-05-15,,0,0,0,,,93,0,,,21.9,,,0,1,10.80589921017685,Sanctioned in Pre-Election Year (Rush),6.033333333333332,,,,Unknown,,
618189,Widening to two lane with paved shoulder of NH-73New spur road Ujire - Dharmasthala - Periyashanthi in the State of Karnataka under NHO on HAM Mode Job No. NH-73Spur-KNT-2023-24-996 ,Roads & Highways,Karnataka,Ministry of Road Transport & Highways,MoRTH,0,,614,,,0.0,2024-08-01,,2027-11-04,2027-11-04,,0,0,0,,,23,0,,2024.0,0.0,,,0,0,0.7306609465075553,Sanctioned in Mid-Term,7.399999999999999,6.5,9.85,420.0,Post-RFCTLARR 2013 (High Compensation),840.0,7.692307692307687
618086,"Widening to Two Lane with Paved Shoulders from KB Cross to Chunchanahalli ie., Design Ch. 485240 Km   Existing Km 494.000    to Design Ch. 523393 Km   Existing km 533.152    & From Design Ch. 530393   Existing Km 540.175    to Design Ch. 534476   Existing Km 544.200    at Nelligere of NH-150A on EPC mode under Annual Plan 2022-23  NH-150A-KNT-2022-23-977 dated 08.03.2023",Roads & Highways,Karnataka,Ministry of Road Transport & Highways,MoRTH,0,,617,,,4.47,2023-08-03,,2027-01-13,2027-01-13,,0,0,0,,,33,0,,2023.0,0.0,,,0,0,-5.897937298933953,Sanctioned in Election Year,4.033333333333333,6.5,9.8,375.0,Post-RFCTLARR 2013 (High Compensation),780.0,8.333333333333325
618095,Widening to Two Lane with Paved Shoulders from Km 0.00 Design Chainage 0.00 to Km 23.338 Design Chainage 23310 of NH-166E MH/KNT Border- Kanamadi- Bijjargi- Tikota section in the state of Karnataka in EPC Mode under Annual plan 2022-23 NH-166E-KNT-2022-23-974,Roads & Highways,Karnataka,Ministry of Road Transport & Highways,MoRTH,0,,196,,,0.0,,,2026-03-05,2027-03-31,,0,0,0,,,71,0,,,12.8,,,0,1,-5.897937298933953,Sanctioned in Election Year,4.033333333333333,,,,Unknown,,
618149,Widening to two lane with paved shoulders from Km 0.00 to 102.310 Design Chainage of NH-548B Murrum-Maharashtra Border in the State of Karnataka,Roads & Highways,Karnataka,Ministry of Road Transport & Highways,MoRTH,0,,957,,,211.49,,,2027-01-15,2027-01-15,,0,0,0,,,0,0,,,0.0,,,0,0,-5.897937298933953,Sanctioned in Election Year,4.033333333333333,,,,Unknown,,
617955,Widening to two lane with paved Shoulders from Km 40.00 to Km 75.00   Existing chainages    of Mangalore - Tumkur section of NH-73 in the State of Karnataka on EPC Mode under Annual Plan 2021-22   Job No NH-73-KNT-2021-22-945,Roads & Highways,Karnataka,Ministry of Road Transport & Highways,MoRTH,0,,719,,,308.84,,,2025-03-26,2026-12-31,,0,0,0,,,80,0,,,21.2,,,0,1,10.80589921017685,Sanctioned in Pre-Election Year (Rush),6.033333333333332,,,,Unknown,,
619138,Yekkambi-Haveri,Roads & Highways,Karnataka,Ministry of Road Transport & Highways,National Highways Authority of India [NHAI],0,,310,309.9,,82.28,,,2024-03-07,2027-06-30,,0,0,0,,,21,0,,,39.8,-0.10000000000002274,-0.032258064516136366,0,1,26.733988838692536,Sanctioned in Mid-Term,-3.9333333333333336,,,,Unknown,,
618598,6L Minor Bridge Paloli Palam at km. 203.160 & Major Bridge Morad at km. 204.895 and allied works,Roads & Highways,Kerala,Ministry of Road Transport & Highways,National Highways Authority of India [NHAI],0,,210,216.94,,77.9,2020-11-03,,2022-06-11,2026-05-06,,0,0,0,,,100,0,,2020.0,46.8,6.939999999999998,3.3047619047619032,1,1,-0.5724854676765867,Sanctioned in Pre-Election Year (Rush),7.766666666666667,4.0,7.8,260.0,Post-RFCTLARR 2013 (High Compensation),620.0,5.982905982905984
618601,6L of  Kappirikkad to Thalikulam section from km 335.85 to km 369.015 of NH - 66 old NH-17,Roads & Highways,Kerala,Ministry of Road Transport & Highways,NHAI,0,,4226,4225.59,,3329.11,2021-08-06,,2025-01-26,2027-06-30,,0,0,0,,,95,0,,2021.0,29.1,-0.4099999999998545,-0.009701845716986618,0,1,26.733988838692536,Sanctioned in Election Year,3.8,4.0,7.5,290.0,Post-RFCTLARR 2013 (High Compensation),665.0,7.258064516129026
618597,6L of Azhiyur-Vengalam from km. 189.200 to km. 230.400 of NH-66,Roads & Highways,Kerala,Ministry of Road Transport & Highways,National Highways Authority of India [NHAI],0,,3206,3898.46,,771.49,,,2024-07-04,2027-05-31,,0,0,0,,,60,0,,,34.9,692.46,21.598877105427324,1,1,-0.5724854676765867,Sanctioned in Pre-Election Year (Rush),7.766666666666667,,,,Unknown,,
618595,6L of Chengala - Neeleshwaram from km. 56.200 to km. 93.468,Roads & Highways,Kerala,Ministry of Road Transport & Highways,NHAI,0,,1746,2538.06,,1447.31,2020-02-06,,2024-04-15,2027-03-31,,0,0,0,,,91,0,,2020.0,35.5,792.06,45.36426116838488,1,1,-0.5724854676765867,Sanctioned in Pre-Election Year (Rush),7.766666666666667,4.0,7.8,260.0,Post-RFCTLARR 2013 (High Compensation),620.0,5.982905982905984
618603,6L of Kodugallur to Edapppally section from km 397.750 to km 423.780 of NH - 66 old NH-17,Roads & Highways,Kerala,Ministry of Road Transport & Highways,National Highways Authority of India [NHAI],0,,3466,3606.2,,853.77,2021-09-11,,2025-04-21,2027-05-31,,0,0,0,,,71,0,,2021.0,25.3,140.19999999999982,4.04500865551067,1,1,26.733988838692536,Sanctioned in Election Year,3.8,4.0,7.5,290.0,Post-RFCTLARR 2013 (High Compensation),665.0,7.258064516129026
619206,6L of Perole Nileshwar town to Taliparamba from Km 94.248 to Km 134.650 of NH-66,Roads & Highways,Kerala,Ministry of Road Transport & Highways,National Highways Authority of India [NHAI],0,,3042,3867.66,,1007.02,,,2024-01-11,2027-03-31,,0,0,0,,,87,0,,,38.6,825.6599999999999,27.142011834319526,1,1,-0.5724854676765867,Sanctioned in Pre-Election Year (Rush),7.766666666666667,,,,Unknown,,
618599,6L of Ramanatukkara Junction to start of Valanchery bypass section of NH-66,Roads & Highways,Kerala,Ministry of Road Transport & Highways,NHAI,0,,4924,4919.46,,3635.17,,,2024-07-19,2026-07-31,,0,0,0,,,100,0,,,24.4,-4.539999999999964,-0.09220146222583192,0,1,26.733988838692536,Sanctioned in Election Year,3.8,,,,Unknown,,
618596,6L of Taliparamba to Muzhappilangad from Km 134.650 to Km 170.6 of NH-66,Roads & Highways,Kerala,Ministry of Road Transport & Highways,National Highways Authority of India [NHAI],0,,2715,3557.65,,1006.75,2020-03-08,,2024-05-26,2025-08-31,,0,0,0,,,80,0,,2020.0,15.2,842.6500000000001,31.036832412523026,1,1,-0.5724854676765867,Sanctioned in Pre-Election Year (Rush),7.766666666666667,4.0,7.8,260.0,Post-RFCTLARR 2013 (High Compensation),620.0,5.982905982905984
618602,6L of Thalikulam to Kodugallur section from km 369.015 to km 397.850 of NH - 66 old NH-17,Roads & Highways,Kerala,Ministry of Road Transport & Highways,NHAI,0,,4302,4302.06,,3312.67,,,2025-02-14,2027-06-30,,0,0,0,,,95,0,,,28.4,0.06000000000040018,0.0013947001394793161,1,1,26.733988838692536,Sanctioned in Election Year,3.8,,,,Unknown,,
618600,6L of Valanchery bypass to Kappirikkad of NH  66 from km. 298500 to km 335850,Roads & Highways,Kerala,Ministry of Road Transport & Highways,National Highways Authority of India [NHAI],0,,4024,4023.94,,1466.03,2021-10-02,,2024-07-19,2026-04-30,,0,0,0,,,99,0,,2021.0,21.4,-0.05999999999994543,-0.0014910536779310494,0,1,26.733988838692536,Sanctioned in Election Year,3.8,4.0,7.5,290.0,Post-RFCTLARR 2013 (High Compensation),665.0,7.258064516129026
618604,Aroor-Thuravoor Thekku,Roads & Highways,Kerala,Ministry of Road Transport & Highways,NHAI,0,,2430,2382.83,,1791.8,,,2026-01-30,2026-12-07,,0,0,0,,,91,0,,,10.2,-47.17000000000007,-1.9411522633744887,0,1,10.80589921017685,Sanctioned in Mid-Term,9.633333333333333,,,,Unknown,,
619208,Kadambattukonam-Kazhakuttom,Roads & Highways,Kerala,Ministry of Road Transport & Highways,National Highways Authority of India [NHAI],0,,3636,3526.33,,595.69,2021-06-12,,2025-01-18,2027-05-31,,0,0,0,,,44,0,,2021.0,28.4,-109.67000000000007,-3.016226622662268,0,1,26.733988838692536,Sanctioned in Election Year,3.8,4.0,7.5,290.0,Post-RFCTLARR 2013 (High Compensation),665.0,7.258064516129026
618607,Kottankulangara- Start of Kollam Bypass,Roads & Highways,Kerala,Ministry of Road Transport & Highways,NHAI,0,,2842,3680.49,,2373.25,2021-08-06,,2024-10-07,2027-03-31,,0,0,0,,,74,0,,2021.0,29.7,838.4899999999998,29.50351864883884,1,1,26.733988838692536,Sanctioned in Election Year,3.8,4.0,7.5,290.0,Post-RFCTLARR 2013 (High Compensation),665.0,7.258064516129026
619098,Kozhikode Bypass Calicut Bypass Vengalam Jn. to Ramanattukara Jn.,Roads & Highways,Kerala,Ministry of Road Transport & Highways,National Highways Authority of India [NHAI],0,,1425,2139.18,,927.08,,,2023-02-21,2026-04-12,,0,0,0,,,99,0,,,37.6,714.1799999999998,50.117894736842096,1,1,10.974572265809623,Sanctioned in Mid-Term,3.6666666666666665,,,,Unknown,,
618606,Paravoor-Kottankulangara,Roads & Highways,Kerala,Ministry of Road Transport & Highways,NHAI,0,,3274,3200.24,,2858.39,,,2025-02-23,2027-03-31,,0,0,0,,,71,0,,,25.2,-73.76000000000022,-2.252901649358589,0,1,26.733988838692536,Sanctioned in Election Year,3.8,,,,Unknown,,
619207,Start of Kollam Bypass - Kadambattukonam,Roads & Highways,Kerala,Ministry of Road Transport & Highways,NHAI,0,,2641,3309.06,,1990.7,2021-08-06,,2025-03-29,2027-06-30,,0,0,0,,,82,0,,2021.0,27.0,668.06,25.295721317682695,1,1,26.733988838692536,Sanctioned in Election Year,3.8,4.0,7.5,290.0,Post-RFCTLARR 2013 (High Compensation),665.0,7.258064516129026
619097,Thalassery Mahe Bypass Km 170.600 to Km 189.200 of NH-17New NH-66 in Kerala,Roads & Highways,Kerala,Ministry of Road Transport & Highways,NHAI,0,,1181,1573.18,,1534.73,2017-09-09,,2020-05-31,2026-07-31,,0,0,0,,,100,0,,2017.0,74.0,392.18000000000006,33.207451312447084,1,1,10.26683343756516,Sanctioned in Mid-Term,0.8000000000000002,6.0,10.1,165.0,Post-RFCTLARR 2013 (High Compensation),505.0,8.602150537634401
618605,Thuravoor Thekku-Paravoor,Roads & Highways,Kerala,Ministry of Road Transport & Highways,National Highways Authority of India [NHAI],0,,2879,2638.67,,1880.96,2021-06-09,,2024-09-12,2026-03-31,,0,0,0,,,65,0,,2021.0,18.6,-240.32999999999993,-8.347690170197982,0,1,26.733988838692536,Sanctioned in Election Year,3.8,4.0,7.5,290.0,Post-RFCTLARR 2013 (High Compensation),665.0,7.258064516129026
618070,Widening to 2 Lanes with paved shoulders from Km.87/000 to 133/720 Nattukal to Thanau Jn. in Palakkad of NH-966 Old NH-213 on EPC mode Basis under NHO Annual Plan 2016-17 in the state of Kerala,Roads & Highways,Kerala,Ministry of Road Transport & Highways,MoRTH,0,,294,315.63,,0.0,2017-10-02,,2019-08-22,2026-06-30,,0,0,0,,,98,0,,2017.0,82.3,21.629999999999995,7.357142857142855,1,1,10.26683343756516,Sanctioned in Mid-Term,0.8000000000000002,6.0,10.1,165.0,Post-RFCTLARR 2013 (High Compensation),505.0,8.602150537634401
618708,Widening/Development of Existing NH-85 from Km 0.000 to Km 124.636 section to 2L/LPS section in the state of Kerala on EPC Mode under Bharatmala Pariyojana ,Roads & Highways,Kerala,Ministry of Road Transport & Highways,National Highways Authority of India [NHAI],0,,1187,1265.47,,715.77,2022-12-09,,2025-06-25,2027-03-31,,0,0,0,,,66,0,,2022.0,21.2,78.47000000000003,6.6107834877843334,1,1,10.80589921017685,Sanctioned in Mid-Term,9.633333333333333,6.25,9.2,330.0,Post-RFCTLARR 2013 (High Compensation),720.0,8.270676691729317
618408,Kargil Zanskar Road,Roads & Highways,Ladakh,Ministry of Road Transport & Highways,NHIDCL,0,,398,,,266.0,,,2023-01-02,2025-03-08,,0,0,0,,,90,0,,,26.1,,,0,1,26.733988838692536,Unknown / Multi-State,,,,,Unknown,,
618410,Widening & Up-gradation to 2 lane with paved shoulder of NH-301 Kargil- Zanskar Road from Design Km .30.040 Ex. Km. 30.000 to Design Km 57.000 Ex. Km. 57.905 of 26.960 Km length Pkg-II,Roads & Highways,Ladakh,Ministry of Road Transport & Highways,NHIDCL,0,,405,,,287.3,,,2023-01-02,2026-12-02,,0,0,0,,,75,0,,,47.0,,,0,1,26.733988838692536,Unknown / Multi-State,,,,,Unknown,,
618409,Widening & Up-gradation to 2 lane with Paved shoulder of NH-301 Kargil- Zanskar Road from Design km 57.000 Ex. Km. 57.905 to Km 87.000 Ex. Km. 88.2491 of 30.000 Km length Pkg-lll,Roads & Highways,Ladakh,Ministry of Road Transport & Highways,NHIDCL,0,,381,,,208.95,,,2023-01-02,2025-02-04,,0,0,0,,,82,0,,,25.1,,,0,1,26.733988838692536,Unknown / Multi-State,,,,,Unknown,,
618751,2L PS of Hinotiya-Mehulwa section of NH-346 from Km. 27.000 to Km 75.700 Vidisha  Mehulwa-Talbehat Pkg-II Section of NH- 346,Roads & Highways,Madhya Pradesh,Ministry of Road Transport & Highways,National Highways Authority of India [NHAI],0,,582,592.71,,182.7,2022-12-10,,2025-09-12,2026-04-15,,0,0,0,,,55,0,,2022.0,7.1,10.710000000000036,1.8402061855670164,1,1,10.80589921017685,Sanctioned in Pre-Election Year (Rush),5.9,6.25,9.2,330.0,Post-RFCTLARR 2013 (High Compensation),720.0,8.270676691729317
618655,2L PS of Roshni to Ashapur Section of NH-347B from Design KM Ch. 89.900 to 114.000 KM Package  III of Betul  Khandwa,Roads & Highways,Madhya Pradesh,Ministry of Road Transport & Highways,NHAI,0,,201,120.75,,126.72,2024-09-03,,2026-08-21,2026-08-21,,0,0,0,,,98,0,,2024.0,0.0,-80.25,-39.92537313432835,0,0,0.7306609465075553,Sanctioned in Mid-Term,18.5,6.5,9.85,420.0,Post-RFCTLARR 2013 (High Compensation),840.0,7.692307692307687
618964,4 Laning of Sandalpur to Nasrullaganj Pkg-1 section of NH-146B Length 43.2 Km.,Roads & Highways,Madhya Pradesh,Ministry of Road Transport & Highways,National Highways Authority of India [NHAI],0,,1426,,,11.29,,,2028-01-09,2028-01-09,,0,0,0,,,5,0,,,0.0,,,0,0,1.889931456711258,Sanctioned in Mid-Term,26.8,,,,Unknown,,
618666,4- Laning of Mohari to Satai Ghat section NH-934 from Km 50300 to Km 89875 Total length 39.575 km Package-2 in the State of Madhya Pradesh on EPC Mode,Roads & Highways,Madhya Pradesh,Ministry of Road Transport & Highways,NHAI,0,,711,539.08,,505.77,2022-08-08,,2026-08-23,2026-08-31,,0,0,0,,,96,0,,2022.0,0.3,-171.91999999999996,-24.18002812939521,0,1,10.80589921017685,Sanctioned in Pre-Election Year (Rush),5.9,6.25,9.2,330.0,Post-RFCTLARR 2013 (High Compensation),720.0,8.270676691729317
618672,4-lanning of Gyaraspur to Rahatgarh section of NH-146 from Design Ch. 88361 to Ch 124470 in the state of MP on HAM mode,Roads & Highways,Madhya Pradesh,Ministry of Road Transport & Highways,NHAI,0,,903,592.44,,169.75,,,2027-11-05,2027-11-05,,0,0,0,,,33,0,,,0.0,-310.55999999999995,-34.39202657807308,0,0,0.7306609465075553,Sanctioned in Mid-Term,18.5,,,,Unknown,,
618671,4-lanning of Rahatgarh to Berkhedi section of NH-146 from Design Ch 124470 to Ch. 134.549,Roads & Highways,Madhya Pradesh,Ministry of Road Transport & Highways,National Highways Authority of India [NHAI],0,,618,342.69,,24.57,,,2027-12-20,2027-12-19,,0,0,0,,,9,0,,,-0.0,-275.31,-44.54854368932039,0,0,1.889931456711258,Sanctioned in Mid-Term,26.8,,,,Unknown,,
618623,4L Boregaon Buzurg to Shahpur Pkg I of Boregaon Buzurg to Muktainagar of NH 753L,Roads & Highways,Madhya Pradesh,Ministry of Road Transport & Highways,NHAI,0,,1504,1132.34,,527.34,2022-04-11,,2026-01-31,2026-10-09,,0,0,0,,,90,0,,2022.0,8.2,-371.6600000000001,-24.71143617021277,0,1,10.80589921017685,Sanctioned in Pre-Election Year (Rush),5.9,6.25,9.2,330.0,Post-RFCTLARR 2013 (High Compensation),720.0,8.270676691729317
618661,4L from km 0.000 to 42.040 Bhopal Ratnaigiri Tiraha to Vidisha Morikodi,Roads & Highways,Madhya Pradesh,Ministry of Road Transport & Highways,National Highways Authority of India [NHAI],0,,1032,1038.18,,44.78,,,2027-11-12,2027-11-12,,0,0,0,,,9,0,,,0.0,6.180000000000064,0.5988372093023318,1,0,0.7306609465075553,Sanctioned in Mid-Term,18.5,,,,Unknown,,
618654,4L Greenfield Rudhi to Deshgaon Pkg V of Betul-Khandwa/Deshgaon,Roads & Highways,Madhya Pradesh,Ministry of Road Transport & Highways,NHAI,0,,521,469.68,,199.48,2022-04-11,,2025-10-05,2027-08-24,,0,0,0,,,64,0,,2022.0,22.6,-51.31999999999999,-9.85028790786948,0,1,10.80589921017685,Sanctioned in Pre-Election Year (Rush),5.9,6.25,9.2,330.0,Post-RFCTLARR 2013 (High Compensation),720.0,8.270676691729317
618735,4L of  Chandesara  to Khedakhajuriya  from Km. 0.000 to - 750 & Km 0.000 to km 41.400 of  NH-148NG Pkg-I,Roads & Highways,Madhya Pradesh,Ministry of Road Transport & Highways,NHAI,0,,910,976.55,,587.8,,,2024-05-31,2026-09-30,,0,0,0,,,99,0,,,28.0,66.54999999999995,7.3131868131868085,1,1,26.733988838692536,Sanctioned in Mid-Term,0.2666666666666664,,,,Unknown,,
618962,4L of Budhni to Shahganj Bypass End Package-III of NH-146B from Km. 73.750 to Km. 102.000,Roads & Highways,Madhya Pradesh,Ministry of Road Transport & Highways,National Highways Authority of India [NHAI],0,,1103,770.21,,36.75,2024-07-03,,2027-08-17,2027-05-08,,0,0,0,,,12,0,,2024.0,0.0,-332.78999999999996,-30.171350861287394,0,0,0.7306609465075553,Sanctioned in Mid-Term,18.5,6.5,9.85,420.0,Post-RFCTLARR 2013 (High Compensation),840.0,7.692307692307687
618668,4L of Chowka to Kaimaha near MP/UP Border section NH-34 from D. Ch. 145.000 to D. Ch. 197.266 excluding existing Chhatarpur bypass from D. Ch. 160.307 to D. Ch. 168.630 Package-4,Roads & Highways,Madhya Pradesh,Ministry of Road Transport & Highways,NHAI,0,,996,846.68,,288.69,,,2027-09-21,2027-09-21,,0,0,0,,,45,0,,,0.0,-149.32000000000005,-14.991967871485947,0,0,0.7306609465075553,Sanctioned in Mid-Term,18.5,,,,Unknown,,
618622,4L of Indore - Boregaon Pkg-III [Balwara to Dhangaon] from km. 42.260 to km. 82.660 of NH347BG & 753L,Roads & Highways,Madhya Pradesh,Ministry of Road Transport & Highways,NHAI,0,,1002,888.81,,825.56,,,2024-04-21,2026-10-18,,0,0,0,,,90,0,,,29.9,-113.19000000000005,-11.296407185628748,0,1,26.733988838692536,Sanctioned in Mid-Term,0.2666666666666664,,,,Unknown,,
618667,4L of near Satai Ghat to Chowka section of NH-34 from D. Ch. 89.875 to D. Ch. 145.000 Package-3,Roads & Highways,Madhya Pradesh,Ministry of Road Transport & Highways,National Highways Authority of India [NHAI],0,,1006,882.21,,111.76,,,2027-10-27,2026-10-27,,0,0,0,,,21,0,,,0.0,-123.78999999999996,-12.305168986083496,0,0,0.7306609465075553,Sanctioned in Mid-Term,18.5,,,,Unknown,,
618665,4L of Sagar - Mohari from Km.8 to Km.50 Pkg-I,Roads & Highways,Madhya Pradesh,Ministry of Road Transport & Highways,National Highways Authority of India [NHAI],0,,791,660.38,,454.54,2021-05-03,,2024-04-05,2026-06-07,,0,0,0,,,99,0,,2021.0,26.1,-130.62,-16.51327433628319,0,1,26.733988838692536,Sanctioned in Mid-Term,0.2666666666666664,4.0,7.5,290.0,Post-RFCTLARR 2013 (High Compensation),665.0,7.258064516129026
619101,4L Shahpur to Muktainagar from Km. 186.000 to km 216.278  of NH 753L Pkg II of Boregaon Buzurg to Muktainagar,Roads & Highways,Madhya Pradesh,Ministry of Road Transport & Highways,NHAI,0,,784,659.52,,330.42,2022-01-12,,2026-03-14,2026-10-30,,0,0,0,,,64,0,,2022.0,7.6,-124.48000000000002,-15.877551020408164,0,1,10.80589921017685,Sanctioned in Pre-Election Year (Rush),5.9,6.25,9.2,330.0,Post-RFCTLARR 2013 (High Compensation),720.0,8.270676691729317
618662,4L Vidisha Gyaraspur section of NH-146 from Design Chainage km 59475 existing chainage km 81240  to Design Chainage km 88361 existing chainage km 110.315 ,Roads & Highways,Madhya Pradesh,Ministry of Road Transport & Highways,NHAI,0,,980,,,96.41,,,2028-03-13,2028-03-11,,0,0,0,,,11,0,,,0.0,,,0,0,0.7306609465075553,Sanctioned in Mid-Term,18.5,,,,Unknown,,
618620,"Additional works 2VUPs, MR-10 junction flyover and underpass in Six lane Indore-Dewas section of NH-52 in the state of Madhya Pradesh on EPC Mode",Roads & Highways,Madhya Pradesh,Ministry of Road Transport & Highways,National Highways Authority of India [NHAI],0,,208,211.27,,108.66,2022-04-08,,2024-07-17,2026-06-06,,0,0,0,,,65,0,,2022.0,22.6,3.2700000000000102,1.5721153846153895,1,1,10.80589921017685,Sanctioned in Pre-Election Year (Rush),5.9,6.25,9.2,330.0,Post-RFCTLARR 2013 (High Compensation),720.0,8.270676691729317
618701,Balance work of 4L of Nauradehi Sanctuary de-scoped stretch of Hiran River to Sindoor River from Km. 66.00 to 130.00  NH-12 New NH-45,Roads & Highways,Madhya Pradesh,Ministry of Road Transport & Highways,National Highways Authority of India [NHAI],0,,178,153.15,,142.2,2021-04-01,,2023-07-18,2024-04-08,,0,0,0,,,57,0,,2021.0,8.7,-24.849999999999994,-13.960674157303368,0,1,26.733988838692536,Sanctioned in Mid-Term,0.2666666666666664,4.0,7.5,290.0,Post-RFCTLARR 2013 (High Compensation),665.0,7.258064516129026
618784,Balance works of 4 lane divided carriageway of Missing Link section of NH-39 Rewa Bypass from junction with NH 30 near Bela to Junction with MPRDC ring road near Silpara on SH 9 design length 13.100 km on EPC Mode under Bharatmala Pariyojana in the State of Madhya Pradesh,Roads & Highways,Madhya Pradesh,Ministry of Road Transport & Highways,NHAI,0,,355,355.36,,189.7,,,2026-04-23,2026-04-23,,0,0,0,,,80,0,,,0.0,0.36000000000001364,0.1014084507042292,1,0,-5.897937298933953,Sanctioned in Election Year,11.766666666666666,,,,Unknown,,
618664,Berkhedi to Godpehra on NH-44 Sagar link road,Roads & Highways,Madhya Pradesh,Ministry of Road Transport & Highways,NHAI,0,,525,471.31,,385.96,2022-03-02,,2024-11-03,2026-12-31,,0,0,0,,,92,0,,2022.0,25.9,-53.69,-10.226666666666667,0,1,10.80589921017685,Sanctioned in Pre-Election Year (Rush),5.9,6.25,9.2,330.0,Post-RFCTLARR 2013 (High Compensation),720.0,8.270676691729317
618619,Bypass on Western side of Gwalior City,Roads & Highways,Madhya Pradesh,Ministry of Road Transport & Highways,National Highways Authority of India [NHAI],0,,999,,,15.92,,,2028-01-12,2028-01-12,,0,0,0,,,0,0,,,0.0,,,0,0,1.889931456711258,Sanctioned in Mid-Term,26.8,,,,Unknown,,
618556,"Construction of 26 VUPs, Major Bridge, Service Road etc. on Lalitpur-Sagar-Lakhnadon section of NH-44 NS",Roads & Highways,Madhya Pradesh,Ministry of Road Transport & Highways,NHAI,0,,666,665.91,,559.45,2023-01-02,,2026-03-05,2026-07-07,,0,0,0,,,97,0,,2023.0,4.1,-0.09000000000003183,-0.013513513513518292,0,1,-5.897937298933953,Sanctioned in Election Year,11.766666666666666,6.5,9.8,375.0,Post-RFCTLARR 2013 (High Compensation),780.0,8.333333333333325
618932,Construction of 6 lane Indore western bypass from km 0000 to Km 34000 Pkg -l  in the State of Madhya Pradesh on Hybrid Annuity Mode under NHO,Roads & Highways,Madhya Pradesh,Ministry of Road Transport & Highways,NHAI,0,,1535,1472.68,,655.83,,,2027-12-31,2027-12-31,,0,0,0,,,23,0,,,0.0,-62.319999999999936,-4.059934853420192,0,0,0.7306609465075553,Sanctioned in Mid-Term,18.5,,,,Unknown,,
618933,Construction of 6 lane Indore western bypass from km 34000 to Km 64000 Pkg-II in the state of Madhya Pradesh on Hybrid Annuity Mode under NHO,Roads & Highways,Madhya Pradesh,Ministry of Road Transport & Highways,NHAI,0,,1431,,,662.12,2024-08-03,,2028-02-16,2028-02-16,,0,0,0,,,18,0,,2024.0,0.0,,,0,0,0.7306609465075553,Sanctioned in Mid-Term,18.5,6.5,9.85,420.0,Post-RFCTLARR 2013 (High Compensation),840.0,7.692307692307687
618157,Construction of Ater realignment & Bhind bypass Total length. 21.50 km Section of NH-552Extn. to Two lane with paved shoulder configuration in the State of Madhya Pradesh on EPC mode.,Roads & Highways,Madhya Pradesh,Ministry of Road Transport & Highways,MoRTH,0,,348,,,0.0,,,2026-06-09,2026-12-31,,0,0,0,,,79,0,,,6.7,,,0,1,-5.897937298933953,Sanctioned in Election Year,11.766666666666666,,,,Unknown,,
618068,"Construction of Kaithi-Padaria Kala bypass, Patna-Tamoli bypass, Jaso bypass and Nagod bypass   total length 15.44 Km    to 2-lane with paved shoulders flexible pavement on NH-943 in the State of Madhya Pradesh on EPC Mode.",Roads & Highways,Madhya Pradesh,Ministry of Road Transport & Highways,MoRTH,0,,158,,,0.0,2022-04-03,,2025-10-06,2026-12-31,,0,0,0,,,60,0,,2022.0,14.8,,,0,1,10.80589921017685,Sanctioned in Pre-Election Year (Rush),5.9,6.25,9.2,330.0,Post-RFCTLARR 2013 (High Compensation),720.0,8.270676691729317
618129,"Construction of Kasrawad bypass, Selani bypass, Khargone bypass & Bistan bypass Total length. 31.950 km Section of NH-347 C to Two lane with paved shoulder configuration in the State of Madhya Pradesh on EPC mode.",Roads & Highways,Madhya Pradesh,Ministry of Road Transport & Highways,MoRTH,0,,468,,,0.0,,,2026-12-31,2026-12-31,,0,0,0,,,86,0,,,0.0,,,0,0,-5.897937298933953,Sanctioned in Election Year,11.766666666666666,,,,Unknown,,
618045,"Construction of Mihona bypass, Lahar bypass, Daboh bypass & Bhander Bypass total length 20.60 km to 2-lane with paved shoulder from on Mihona-Bhander-MP/UP border section of NH 552E in the State of Madhya Pradesh on EPC mode",Roads & Highways,Madhya Pradesh,Ministry of Road Transport & Highways,MoRTH,0,,179,,,71.77,,,2024-12-19,,,0,0,0,,,67,0,,,0.0,,,0,0,10.80589921017685,Sanctioned in Pre-Election Year (Rush),5.9,,,,Unknown,,
618156,"Construction of Morena bypass, Ambah bypass & Porsa bypass Totat length 27.16 km Section of NH-552 Ext. to TWo lane with paved shoulder configuration in the state of Madhya Pradesh on EPC mode",Roads & Highways,Madhya Pradesh,Ministry of Road Transport & Highways,MoRTH,0,,493,,,0.0,2023-08-02,,2026-10-02,2026-10-02,,0,0,0,,,74,0,,2023.0,0.0,,,0,0,-5.897937298933953,Sanctioned in Election Year,11.766666666666666,6.5,9.8,375.0,Post-RFCTLARR 2013 (High Compensation),780.0,8.333333333333325
617909,Construction of Rewa Bypass to 4-lane with paved shoulder along with service road from Ratahara Chowk to Chorhata Chowk Road section of NH-30 from km 00.000 to 19.200 in the State of Madhya Pradesh on Hybrid Annuity Mode HAM.,Roads & Highways,Madhya Pradesh,Ministry of Road Transport & Highways,MoRTH,0,,648,,,0.0,,,2027-02-26,2027-02-26,,0,0,0,,,50,0,,,0.0,,,0,0,0.7306609465075553,Sanctioned in Mid-Term,18.5,,,,Unknown,,
618170,Construction of Two lane with paved shoulder configuration of Shujalpur Bypass section of NH-752C from km 33100 Design to km. 42570 Design total design length 10.470 km in the State of Madhya Pradesh on EPC mode.,Roads & Highways,Madhya Pradesh,Ministry of Road Transport & Highways,MoRTH,0,,214,,,0.0,,,2025-09-14,2026-12-31,,0,0,0,,,42,0,,,15.5,,,0,1,-5.897937298933953,Sanctioned in Election Year,11.766666666666666,,,,Unknown,,
618963,Construction work of 4-laning of Shahganj bypass end to Badi Package-IV of NH-146B from design km 102.000 to design km 142.357 Design length 40.357 km ,Roads & Highways,Madhya Pradesh,Ministry of Road Transport & Highways,NHAI,0,,784,836.64,,318.15,,,2027-03-24,2027-03-24,,0,0,0,,,50,0,,,0.0,52.639999999999986,6.714285714285713,1,0,0.7306609465075553,Sanctioned in Mid-Term,18.5,,,,Unknown,,
619100,Dhangaon - Borgaon section km 81.000 to km 139.000 [Indore - Edlabad Pkg IV],Roads & Highways,Madhya Pradesh,Ministry of Road Transport & Highways,NHAI,0,,866,1185.04,,746.36,2020-03-01,,2023-08-03,2026-08-30,,0,0,0,,,100,0,,2020.0,36.9,319.03999999999996,36.840646651270205,1,1,-0.5724854676765867,Sanctioned in Mid-Term,0.4666666666666662,4.0,7.8,260.0,Post-RFCTLARR 2013 (High Compensation),620.0,5.982905982905984
618663,i 4L  Vidisha to Hinotiya from km 0.000 to Km 27.000 Vidisha  Mehulwa-Talbehat Pkg-I Section of NH- 346 and ii 4L Vidisha to Morikori from Km 39.000 to 59.476  section of NH-146,Roads & Highways,Madhya Pradesh,Ministry of Road Transport & Highways,NHAI,0,,1004,941.12,,398.13,,,2025-12-20,2026-12-31,,0,0,0,,,90,0,,,12.4,-62.879999999999995,-6.2629482071713145,0,1,10.80589921017685,Sanctioned in Pre-Election Year (Rush),5.9,,,,Unknown,,
618621,Indore - Edlabad Pkg-II [Tejajinagar to Balwara],Roads & Highways,Madhya Pradesh,Ministry of Road Transport & Highways,National Highways Authority of India [NHAI],0,,1163,1530.82,,486.3,2022-11-03,,2025-01-15,2026-05-31,,0,0,0,,,84,0,,2022.0,16.5,367.81999999999994,31.626827171109195,1,1,10.80589921017685,Sanctioned in Pre-Election Year (Rush),5.9,6.25,9.2,330.0,Post-RFCTLARR 2013 (High Compensation),720.0,8.270676691729317
618625,Indore - Gujarat / MP Border from km. Km 9.500 to Km 171.000 of NH-59 in MP,Roads & Highways,Madhya Pradesh,Ministry of Road Transport & Highways,National Highways Authority of India [NHAI],0,,1175,217.22,,14.04,,,2013-02-14,2026-05-31,,0,0,0,,,100,0,,,159.5,-957.78,-81.5131914893617,0,1,-3.3825944170771782,Sanctioned in Mid-Term,-6.933333333333334,,,,Unknown,,
618694,Indore - Harda Pkg-I [Indore to Raghav Garh from km. 0.25 to km. 26.903],Roads & Highways,Madhya Pradesh,Ministry of Road Transport & Highways,NHAI,0,,1011,813.03,,687.94,,,2024-10-31,2026-07-27,,0,0,0,,,94,0,,,20.8,-197.97000000000003,-19.581602373887243,0,1,10.80589921017685,Sanctioned in Pre-Election Year (Rush),5.9,,,,Unknown,,
619114,Indore - Harda Pkg-II [Raghavgarh to Nanasa from km. 29.30 to km. 92.30],Roads & Highways,Madhya Pradesh,Ministry of Road Transport & Highways,NHAI,0,,1082,1146.63,,369.26,2023-04-01,,2026-03-14,2027-11-20,,0,0,0,,,40,0,,2023.0,20.2,64.63000000000011,5.973197781885407,1,1,-5.897937298933953,Sanctioned in Election Year,11.766666666666666,6.5,9.8,375.0,Post-RFCTLARR 2013 (High Compensation),780.0,8.333333333333325
618695,Indore - Harda Pkg-III [Nanasa to Pidgaon Section from km 95.000 to km 142.445],Roads & Highways,Madhya Pradesh,Ministry of Road Transport & Highways,National Highways Authority of India [NHAI],0,,1146,1240.64,,626.02,2020-01-01,,2023-10-06,2026-06-15,,0,0,0,,,98,0,,2020.0,32.3,94.6400000000001,8.258289703315889,1,1,-0.5724854676765867,Sanctioned in Mid-Term,0.4666666666666662,4.0,7.8,260.0,Post-RFCTLARR 2013 (High Compensation),620.0,5.982905982905984
618762,Itarsi Km. 63.000 to Betul Km. 137.000 of NH-69 in Madhya Pradesh,Roads & Highways,Madhya Pradesh,Ministry of Road Transport & Highways,National Highways Authority of India [NHAI],0,,950,788.33,,395.04,,,2020-02-21,2025-02-13,,0,0,0,,,100,0,,,59.8,-161.66999999999996,-17.017894736842102,0,1,10.26683343756516,Sanctioned in Pre-Election Year (Rush),4.566666666666666,,,,Unknown,,
618688,Outer Ring Road of Jabalpur Town from  Amjhar Road including Airport Connectivity to barela Pkg-V,Roads & Highways,Madhya Pradesh,Ministry of Road Transport & Highways,NHAI,0,,795,539.9,,84.37,,,2027-10-11,2027-10-11,,0,0,0,,,30,0,,,0.0,-255.10000000000002,-32.08805031446541,0,0,0.7306609465075553,Sanctioned in Mid-Term,18.5,,,,Unknown,,
618687,Outer Ring Road of Jabalpur Town from Barela to Manegaon Pkg-1,Roads & Highways,Madhya Pradesh,Ministry of Road Transport & Highways,National Highways Authority of India [NHAI],0,,652,651.88,,468.6,2022-01-09,,2025-03-05,2026-05-15,,0,0,0,,,88,0,,2022.0,14.3,-0.12000000000000455,-0.01840490797546082,0,1,10.80589921017685,Sanctioned in Pre-Election Year (Rush),5.9,6.25,9.2,330.0,Post-RFCTLARR 2013 (High Compensation),720.0,8.270676691729317
618686,Outer Ring Road of Jabalpur Town from Kushner to Amjhar Road including Airport Connectivity Pkg-IV,Roads & Highways,Madhya Pradesh,Ministry of Road Transport & Highways,NHAI,0,,613,509.82,,363.91,,,2026-03-05,2026-11-27,,0,0,0,,,80,0,,,8.8,-103.18,-16.831973898858077,0,1,10.80589921017685,Sanctioned in Pre-Election Year (Rush),5.9,,,,Unknown,,
618684,Outer Ring Road of Jabalpur Town from Manegaon to NH-45 Pkg-2,Roads & Highways,Madhya Pradesh,Ministry of Road Transport & Highways,National Highways Authority of India [NHAI],0,,917,786.47,,499.13,2022-07-11,,2026-03-07,2027-03-31,,0,0,0,,,76,0,,2022.0,12.8,-130.52999999999997,-14.234460196292254,0,1,10.80589921017685,Sanctioned in Pre-Election Year (Rush),5.9,6.25,9.2,330.0,Post-RFCTLARR 2013 (High Compensation),720.0,8.270676691729317
618685,Outer Ring Road of Jabalpur Town from NH45 to Kushner Pkg-3,Roads & Highways,Madhya Pradesh,Ministry of Road Transport & Highways,NHAI,0,,911,773.23,,552.0,,,2026-03-04,2026-12-31,,0,0,0,,,80,0,,,9.9,-137.76999999999998,-15.122941822173432,0,1,10.80589921017685,Sanctioned in Pre-Election Year (Rush),5.9,,,,Unknown,,
618035,Rehabilitation & Upgradation of existing intermediate lane to two Lane with paved shoulder from km. 0.600 Gulganj bypass on NH-34 to km. 43.00 Barna River length 42.400 km. on Gulganj-Amanganj-Pawai-Katni NH43 Extn. in the state of Madhya Pradesh on EPCmode.,Roads & Highways,Madhya Pradesh,Ministry of Road Transport & Highways,MoRTH,0,,275,,,0.0,2023-09-03,,2026-05-19,2026-12-31,,0,0,0,,,54,0,,2023.0,7.4,,,0,1,-5.897937298933953,Sanctioned in Election Year,11.766666666666666,6.5,9.8,375.0,Post-RFCTLARR 2013 (High Compensation),780.0,8.333333333333325
618020,"Rehabilitation & Upgradation of KurwaiMungaoliChanderi Road section of NH-346, from Design Chainge 0.000 to 81.300 Km Total length 83.1 km to Two lane with paved shoulder configuration along with One time improvement in 07 nos of bypassed built-up areas in a total length of 22.615 km in the state of Madhya Pradesh on EPC mode.",Roads & Highways,Madhya Pradesh,Ministry of Road Transport & Highways,MoRTH,0,,386,,,160.38,,,2025-02-03,2025-07-12,,0,0,0,,,0,0,,,5.2,,,0,1,10.80589921017685,Sanctioned in Pre-Election Year (Rush),5.9,,,,Unknown,,
617911,Rehabilitation and upgradation Umaria to Shahdol section of NH-78 from Existing Km. 68/4 to Km. 142/2 to 2LPS including construction of Birshinghpur and Shahdol Bypass on EPC mode under NHDP-IVA,Roads & Highways,Madhya Pradesh,Ministry of Road Transport & Highways,MoRTH,0,,512,613.16,,0.0,2015-02-03,,2017-07-31,2026-08-30,,0,0,0,,,94,0,,2015.0,109.0,101.15999999999997,19.757812499999993,1,1,-12.69797674631511,Sanctioned in Mid-Term,-7.2,6.75,11.1,115.0,Post-RFCTLARR 2013 (High Compensation),425.0,10.389610389610393
618966,Six laning with both sides Service Road of Ayodhya Bypass from Design Km 0000 near Ashram Tiraha on NH-46 to Km 16439 end at Ratnagiri Tiraha on Nh-146,Roads & Highways,Madhya Pradesh,Ministry of Road Transport & Highways,NHAI,0,,1123,1103.22,,141.71,,,2027-08-11,2027-08-11,,0,0,0,,,20,0,,,0.0,-19.779999999999973,-1.7613535173642008,0,0,0.7306609465075553,Sanctioned in Mid-Term,18.5,,,,Unknown,,
618021,Up-gradation of Pichhore- Dinara section of NH-346 from Km 292.750 to 334.550 to two lane with paved shoulders in the state of Madhya Pradesh on EPC mode,Roads & Highways,Madhya Pradesh,Ministry of Road Transport & Highways,MoRTH,0,,426,,,0.0,2024-01-02,,2027-06-02,2027-06-02,,0,0,0,,,31,0,,2024.0,0.0,,,0,0,0.7306609465075553,Sanctioned in Mid-Term,18.5,6.5,9.85,420.0,Post-RFCTLARR 2013 (High Compensation),840.0,7.692307692307687
618019,Upgradation & widening of Jharkheda- Berasia - Dholkhedi from design km 0000 to km 87900 Design length 87.90km of NH-346 including 3 nos. bypasses of 13.10 Km in the State of Madhya Pradesh under EPC mode.,Roads & Highways,Madhya Pradesh,Ministry of Road Transport & Highways,MoRTH,0,,365,,,0.0,,,2025-05-19,2026-09-30,,0,0,0,,,89,0,,,16.4,,,0,1,10.80589921017685,Sanctioned in Pre-Election Year (Rush),5.9,,,,Unknown,,
618043,Upgradation and reconstruction of Dindori - Mandla Section of NH 543 from Km 77100 Design to Km 170580 Design Total length 93.48km to Two lane with paved shoulder configuration along with One time improvement in 04 nos of bypassed built-up areas in a total length of 7.23 km in the state of Madhya Pradesh on EPC mode,Roads & Highways,Madhya Pradesh,Ministry of Road Transport & Highways,MoRTH,0,,492,523.71,,0.0,,,2026-07-28,2026-09-30,,0,0,0,,,88,0,,,2.1,31.710000000000036,6.4451219512195195,1,1,10.80589921017685,Sanctioned in Pre-Election Year (Rush),5.9,,,,Unknown,,
618036,Upgradation and reconstruction of existing intermediate lane to two Lane with paved shoulder configuration from km. 43.00 Barna River to km. 77.00 ken river length 34.00 km. on Gulganj-Amanganj-Pawai-Katni NH43 Extn. along with One time improvement in 01 no. of bypassed built-up area in a total length of 1.585 km in the state of Madhya Pradesh on EPCmode.,Roads & Highways,Madhya Pradesh,Ministry of Road Transport & Highways,MoRTH,0,,316,,,0.0,,,2026-11-25,2027-03-31,,0,0,0,,,40,0,,,4.1,,,0,1,-5.897937298933953,Sanctioned in Election Year,11.766666666666666,,,,Unknown,,
617914,Upgradation and reconstruction of Shahpura-Dindori Section of NH 45 from Km 103.700 Design to Km 164.580 Design including 3 bypasses Total length 60.88km to Two lane with paved shoulder configuration along with One time improvement in 03 nos of bypassed built-up areas in a total length of 12.341 km in the State of Madhya Pradesh on EPC mode,Roads & Highways,Madhya Pradesh,Ministry of Road Transport & Highways,MoRTH,0,,241,250.09,,0.0,,,2025-12-11,2027-06-30,,0,0,0,,,33,0,,,18.6,9.090000000000003,3.771784232365147,1,1,10.80589921017685,Sanctioned in Pre-Election Year (Rush),5.9,,,,Unknown,,
617915,Upgradation of Dindori-Sagartola-kabichabutra MP-CG border section of NH -45 from km 000Design to km 77.00 Design to Two lane with paved shoulder configration along with one time improvement in 04 nos. of bypaased built-up areas in a total length of 9.1 km in the state of Madhya Pradesh on EPC mode.,Roads & Highways,Madhya Pradesh,Ministry of Road Transport & Highways,MoRTH,0,,329,319.09,,0.0,2022-12-01,,2025-09-18,2026-07-31,,0,0,0,,,100,0,,2022.0,10.4,-9.910000000000025,-3.0121580547112536,0,1,10.80589921017685,Sanctioned in Pre-Election Year (Rush),5.9,6.25,9.2,330.0,Post-RFCTLARR 2013 (High Compensation),720.0,8.270676691729317
618158,"Upgradation of Goras to Shyampur Road section of NH-552 Ext., from Design Chainge 48.400 to 111.800 Km Total length 63.40 km to two lane with paved shoulder configuration along with One time improvement of 8.91 km in the state of Madhya Pradesh on EPC mode",Roads & Highways,Madhya Pradesh,Ministry of Road Transport & Highways,MoRTH,0,,417,,,0.0,,,2026-12-30,2026-12-30,,0,0,0,,,15,0,,,0.0,,,0,0,-5.897937298933953,Sanctioned in Election Year,11.766666666666666,,,,Unknown,,
618085,Upgradation of Nasrullagani-Rehti-Budhni Scction  to 2-lane with paved shoulder from Km 0150 to Km 50500 of NH-146B in the state of Madhya Pradesh on EPC mode.,Roads & Highways,Madhya Pradesh,Ministry of Road Transport & Highways,MoRTH,0,,305,293.74,,0.0,2021-06-12,,2024-10-25,2026-08-30,,0,0,0,,,89,0,,2021.0,22.1,-11.259999999999991,-3.6918032786885213,0,1,26.733988838692536,Sanctioned in Mid-Term,0.2666666666666664,4.0,7.5,290.0,Post-RFCTLARR 2013 (High Compensation),665.0,7.258064516129026
619007,Upgradation of Sarvardewla to Pal MP/MH Border Road section of NH-347 C from Design Chainge km 81.600 to 137.400 Total length 55.80 km to two lane with paved shoulder configuration along with One time improvement of 1 .95 km in the State of Madhya Pradesh on EPC mode.,Roads & Highways,Madhya Pradesh,Ministry of Road Transport & Highways,MoRTH,0,,461,,,0.0,,,2028-01-02,,,0,0,0,,,0,0,,,0.0,,,0,0,-5.897937298933953,Sanctioned in Election Year,11.766666666666666,,,,Unknown,,
618044,Upgradation of Shahdol- Sagartola Section of NH 543 from km 0000 to km 69400 to 2 lane with paved shoulders under Hybrid Annuity Mode HAM in the State of Madhya Pradesh,Roads & Highways,Madhya Pradesh,Ministry of Road Transport & Highways,MoRTH,0,,851,,,0.0,2024-01-02,,2028-03-24,,,0,0,0,,,0,0,,2024.0,0.0,,,0,0,0.7306609465075553,Sanctioned in Mid-Term,18.5,6.5,9.85,420.0,Post-RFCTLARR 2013 (High Compensation),840.0,7.692307692307687
618171,"Work of Upgradation of Jirapur-Pachore Road including Pachore, Jirapur, Chhapiheda & Khujner Bypasses from 0000 to 58790 Design Length 58.79 Km section of NH-752C to 2LPS in the State of Madhya Pradesh under EPC mode",Roads & Highways,Madhya Pradesh,Ministry of Road Transport & Highways,MoRTH,0,,353,,,0.0,2022-11-03,,2026-01-15,2026-12-31,,0,0,0,,,57,0,,2022.0,11.5,,,0,1,10.80589921017685,Sanctioned in Pre-Election Year (Rush),5.9,6.25,9.2,330.0,Post-RFCTLARR 2013 (High Compensation),720.0,8.270676691729317
619095, Balance works of 4L Panvel  Indapur section of NH66 old NH17 from km 42.300 kasu to km 84.600 Indapur,Roads & Highways,Maharashtra,Ministry of Road Transport & Highways,National Highways Authority of India [NHAI],0,,546,472.1,,380.82,,,2024-05-17,2026-06-30,,0,0,0,,,82,0,,,25.4,-73.89999999999998,-13.534798534798531,0,1,10.80589921017685,Sanctioned in Mid-Term,2.833333333333333,,,,Unknown,,
618588,4L Mitigation Measure structures on CH/MH Border to Wainganga Bridge Section of NH-6 New NH-53,Roads & Highways,Maharashtra,Ministry of Road Transport & Highways,NHAI,0,,540,468.92,,464.28,2021-06-02,,2023-11-07,2026-07-15,,0,0,0,,,100,0,,2021.0,32.2,-71.07999999999998,-13.16296296296296,0,1,26.733988838692536,Sanctioned in Mid-Term,-6.599999999999999,4.0,7.5,290.0,Post-RFCTLARR 2013 (High Compensation),665.0,7.258064516129026
618941,4L of Bamni - Rajura - Warur - Devada upto M.S. Border of NH - 930D from km 19.000 to km 51.985,Roads & Highways,Maharashtra,Ministry of Road Transport & Highways,NHAI,0,,968,1187.19,,805.71,,,2026-03-27,2026-12-31,,0,0,0,,,74,0,,,9.2,219.19000000000005,22.64359504132232,1,1,10.80589921017685,Sanctioned in Mid-Term,2.833333333333333,,,,Unknown,,
619163,4L of Baramati to Indapur Pkg-II from km. 41.400 to km. 84.550 of NH-965G Saint Tukaram Marg,Roads & Highways,Maharashtra,Ministry of Road Transport & Highways,NHAI,0,,1471,1297.48,,1071.0,,,2023-09-08,2026-12-31,,0,0,0,,,86,0,,,39.8,-173.51999999999998,-11.796057104010876,0,1,26.733988838692536,Sanctioned in Mid-Term,-6.599999999999999,,,,Unknown,,
619209,4L of existing 2/4L stretch from Lonand  to Dive Ghat Km 166.400 to Km 220.900  of Mohol  Alandi section of NH-965 Pkg - V ,Roads & Highways,Maharashtra,Ministry of Road Transport & Highways,National Highways Authority of India [NHAI],0,,1710,2049.51,,1125.89,,,2024-05-02,2025-03-25,,0,0,0,,,98,0,,,10.7,339.5100000000002,19.854385964912293,1,1,26.733988838692536,Sanctioned in Mid-Term,-6.599999999999999,,,,Unknown,,
618557,4L of Indora Chowk to Pachpaoli and Agrasen Chowk - Ashoka Chowk,Roads & Highways,Maharashtra,Ministry of Road Transport & Highways,NHAI,0,,1039,918.53,,685.21,,,2026-06-30,2026-07-30,,0,0,0,,,84,0,,,1.0,-120.47000000000003,-11.594802694898943,0,1,-5.897937298933953,Sanctioned in Pre-Election Year (Rush),4.133333333333333,,,,Unknown,,
618937,4L of Nagpur-Katol Section from Km. 13.00 to Km. 62.900 of NH-353J,Roads & Highways,Maharashtra,Ministry of Road Transport & Highways,NHAI,0,,1167,1432.82,,1182.28,2021-11-02,,2023-10-28,2026-10-31,,0,0,0,,,82,0,,2021.0,36.1,265.81999999999994,22.77806341045415,1,1,26.733988838692536,Sanctioned in Mid-Term,-6.599999999999999,4.0,7.5,290.0,Post-RFCTLARR 2013 (High Compensation),665.0,7.258064516129026
618938,4L of Rajura-Korpana-Adilabad Road upto M.S. Border from km 32.910 to km 89.090 of NH-353B,Roads & Highways,Maharashtra,Ministry of Road Transport & Highways,National Highways Authority of India [NHAI],0,,1013,1274.63,,546.48,,,2024-10-15,2025-04-05,,0,0,0,,,89,0,,,5.7,261.6300000000001,25.827245804540976,1,1,10.80589921017685,Sanctioned in Mid-Term,2.833333333333333,,,,Unknown,,
618837,4L of Ratnagiri - Kolhapur section from km 112.340 to km 145.300 of NH-166 PkgIII,Roads & Highways,Maharashtra,Ministry of Road Transport & Highways,National Highways Authority of India [NHAI],0,,1939,1910.41,,389.93,2022-08-02,,2025-05-24,2026-05-30,,0,0,0,,,62,0,,2022.0,12.2,-28.589999999999918,-1.4744713769984485,0,1,10.80589921017685,Sanctioned in Mid-Term,2.833333333333333,6.25,9.2,330.0,Post-RFCTLARR 2013 (High Compensation),720.0,8.270676691729317
618836,4L of Ratnagiri - Kolhapur section from km 67.140 to km 112.340 of NH-166 Pkg  II,Roads & Highways,Maharashtra,Ministry of Road Transport & Highways,NHAI,0,,1985,1798.0,,1235.29,2022-11-02,,2025-05-24,2027-03-31,,0,0,0,,,80,0,,2022.0,22.2,-187.0,-9.420654911838792,0,1,10.80589921017685,Sanctioned in Mid-Term,2.833333333333333,6.25,9.2,330.0,Post-RFCTLARR 2013 (High Compensation),720.0,8.270676691729317
619149,4L of Ratnagiri - Kolhapur section of NH-166  from km 0.000 to km 19.769 and km 31.000 to km 67.140 Pkg  I,Roads & Highways,Maharashtra,Ministry of Road Transport & Highways,NHAI,0,,1774,2108.41,,1427.82,,,2024-11-21,2026-11-30,,0,0,0,,,94,0,,,24.3,334.40999999999985,18.850620067643735,1,1,10.80589921017685,Sanctioned in Mid-Term,2.833333333333333,,,,Unknown,,
618585,6L of Gonde Km. 439.038 to Pimpri Sado Km. 459.905 section of NH-848 Old NH-3,Roads & Highways,Maharashtra,Ministry of Road Transport & Highways,NHAI,0,,857,718.84,,142.38,,,2027-04-11,2027-11-04,,0,0,0,,,38,0,,,6.8,-138.15999999999997,-16.121353558926486,0,1,0.7306609465075553,Sanctioned in Election Year,9.2,,,,Unknown,,
618513,6L of Kagal-Satara section from Km 592.500 to Km 658.000 of NH-48 Pkg-I,Roads & Highways,Maharashtra,Ministry of Road Transport & Highways,National Highways Authority of India [NHAI],0,,2112,1435.46,,631.63,,,2025-01-11,2027-02-28,,0,0,0,,,50,0,,,25.6,-676.54,-32.03314393939394,0,1,26.733988838692536,Sanctioned in Mid-Term,-6.599999999999999,,,,Unknown,,
618514,6L of Kagal-Satara section from Km 658.000 to Km 725.000 of NH-48 Pkg-II,Roads & Highways,Maharashtra,Ministry of Road Transport & Highways,NHAI,0,,2331,317.4,,205.24,,,2024-12-15,2026-12-31,,0,0,0,,,74,0,,,24.5,-2013.6,-86.38352638352637,0,1,26.733988838692536,Sanctioned in Mid-Term,-6.599999999999999,,,,Unknown,,
617947,Arawali Kante section of NH-17New NH-66 4L  PS from Km.241/300 to 281/300,Roads & Highways,Maharashtra,Ministry of Road Transport & Highways,MoRTH,0,,1007,1443.09,,0.0,,,2019-11-13,2026-03-31,,0,0,0,,,80,0,,,76.5,436.0899999999999,43.30585898709035,1,1,0.6082214765100735,Sanctioned in Mid-Term,-8.133333333333333,,,,Unknown,,
618594,Balance work of 4L Panvel to Indapur section of NH-66 Old NH- 17 from km 0.000 Panvel to km 42.300 Kasu,Roads & Highways,Maharashtra,Ministry of Road Transport & Highways,NHAI,0,,330,196.87,,185.79,,,2024-10-22,2026-07-31,,0,0,0,,,97,0,,,21.3,-133.13,-40.342424242424244,0,1,10.80589921017685,Sanctioned in Mid-Term,2.833333333333333,,,,Unknown,,
617945,Balance work of NH-66 from design Km 84/00 to Km 87/100 Indapur Bypass and Km 91/600 to Km 99/100 Mangaon Bypass to four lane with paved shoulder in State of Maharashtra under NHO on EPC Mode.,Roads & Highways,Maharashtra,Ministry of Road Transport & Highways,MoRTH,0,,354,,,0.0,,,2027-04-08,2027-04-08,,0,0,0,,,66,0,,,0.0,,,0,0,1.889931456711258,Sanctioned in Mid-Term,3.7,,,,Unknown,,
618198,Balance work of Rehabilitation and Up-gradation to 2-lane road with paved shoulders configuration for NH- 965DD from Pacharal-Mandangad-Mhapral-Rajewadi Upto Junction of NH-66 Ch-22700 to 75100 Km and Ambadave connector Birth place of Dr. Babasaheb Ambedkar Ch-0000 to 7325 Km length Km 59.725 in the state of Maharashtra on EPC mode. Balance Work,Roads & Highways,Maharashtra,Ministry of Road Transport & Highways,MoRTH,0,,389,341.69,,0.0,,,2024-01-04,2026-08-31,,0,0,0,,,93,0,,,31.9,-47.31,-12.161953727506427,0,1,10.974572265809623,Sanctioned in Pre-Election Year (Rush),3.8,,,,Unknown,,
618693,Bodhre - Dhule,Roads & Highways,Maharashtra,Ministry of Road Transport & Highways,NHAI,0,,1345,1292.7,,785.93,2021-03-02,,2024-07-27,2026-08-31,,0,0,0,,,98,0,,2021.0,25.1,-52.299999999999955,-3.888475836431223,0,1,26.733988838692536,Sanctioned in Mid-Term,-6.599999999999999,4.0,7.5,290.0,Post-RFCTLARR 2013 (High Compensation),665.0,7.258064516129026
619204,"Capacity Augmentation in the stretch of Pimpri Sado  Vadape section of NH848 Km. 460900 to Km. 537000 by Construction of Slip/Service Road on either side at various locations total length 25.140 Km LHSRHS, Flyover 2 x 25m at Borivali Junction Km. 528550 & LVUP 1 x 15m at Sherekarpada Km. 528800",Roads & Highways,Maharashtra,Ministry of Road Transport & Highways,NHAI,0,,372,,,0.0,2025-09-12,,2027-10-27,2027-10-27,,0,0,0,,,1,0,,2025.0,0.0,,,0,0,1.889931456711258,Sanctioned in Mid-Term,3.7,6.25,9.5,465.0,Post-RFCTLARR 2013 (High Compensation),895.0,6.547619047619047
618652,Chakur Loha Section of NH-361 from km 114.600 to km 187.80,Roads & Highways,Maharashtra,Ministry of Road Transport & Highways,National Highways Authority of India [NHAI],0,,1241,3342.11,,785.13,2018-01-03,,2021-03-24,2024-02-21,,0,0,0,,,100,0,,2018.0,35.0,2101.11,169.30781627719583,1,1,10.974572265809623,Sanctioned in Pre-Election Year (Rush),3.8,6.5,10.35,195.0,Post-RFCTLARR 2013 (High Compensation),545.0,7.920792079207928
617917,"Construction of 4 Lane Flyover at Nagpur RTO Chowk To Nagpur University Campus from Ch 2/250 to 5/100 and 4 lane flyover at wadi/midc junction from km 8/360 to km, 10/300 on NH 53 in state of Maharashtra.",Roads & Highways,Maharashtra,Ministry of Road Transport & Highways,MoRTH,0,,479,490.52,,,,,2024-03-01,2025-04-02,,0,0,0,,,95,0,,,13.0,11.519999999999982,2.4050104384133575,1,1,26.733988838692536,Sanctioned in Mid-Term,-6.599999999999999,,,,Unknown,,
619298,Construction of 6 Lane Elevated corridor from KM 612582 to KM 617540 including construction of Service Roads in Kolhapur City on NH -48 in the State of Maharashtra on EPC mode under NHO,Roads & Highways,Maharashtra,Ministry of Road Transport & Highways,NHAI,0,,1039,,,0.0,2026-02-02,,2029-06-08,2029-06-08,,0,0,0,,,0,0,,2026.0,0.0,,,0,0,1.6785317745412032,Sanctioned in Mid-Term,,6.0,9.2,510.0,Post-RFCTLARR 2013 (High Compensation),950.0,6.145251396648055
617912,Construction of 6 lane flyover from Khapari ROB to Mihan Interchange design chainage km 8760 to 11450 L- 2.69 km and upgradation of existing 4L PS road to 6LPS with service road by flexible pavement design chainage km 11450 to 14500 L-3.05 [total project length 5.74 km] in section of Nagpur - Hyderabad NH-44 Old NH-7 in Nagpur district in the state of Maharashtra on HAM mode.,Roads & Highways,Maharashtra,Ministry of Road Transport & Highways,MoRTH,0,,620,,,0.0,,,2027-10-03,2027-10-02,,0,0,0,,,8,0,,,-0.0,,,0,0,0.7306609465075553,Sanctioned in Election Year,9.2,,,,Unknown,,
618627,Construction of 7 Nos of Standalone safety structures/works at different locations on various NHs,Roads & Highways,Maharashtra,Ministry of Road Transport & Highways,National Highways Authority of India [NHAI],0,,169,112.03,,10.11,,,2027-01-27,2027-01-20,,0,0,0,,,26,0,,,0.0,-56.97,-33.710059171597635,0,0,1.889931456711258,Sanctioned in Mid-Term,3.7,,,,Unknown,,
619299,Construction of a 6-Lane Elevated Corridor from Km 593766  to Km 596620 Including Construction of Service Roads in Kagal City  on NH-48 in the State of Maharashtra on EPC Mode. ,Roads & Highways,Maharashtra,Ministry of Road Transport & Highways,NHAI,0,,358,,,0.0,2026-05-03,,2028-06-08,2028-06-08,,0,0,0,,,0,0,,2026.0,0.0,,,0,0,1.6785317745412032,Sanctioned in Mid-Term,,6.0,9.2,510.0,Post-RFCTLARR 2013 (High Compensation),950.0,6.145251396648055
619300,Construction of Four Lane Nagpur-Katol section of NH-353J including Mitigation Structures from Design Ch. 37000 to Ch. 45990 Tiger Corridor-I Mitigation Structures from Design Ch. 37000 to Ch. 45990 Tiger Corridor-I in the State of Maharashtra on EPC Mode ,Roads & Highways,Maharashtra,Ministry of Road Transport & Highways,NHAI,0,,301,,,0.0,,,2027-12-17,2027-12-17,,0,0,0,,,0,0,,,0.0,,,0,0,1.6785317745412032,Sanctioned in Mid-Term,,,,,Unknown,,
618059,Construction of four-lane Concrete Road from Police Headquarter Gondia City to Rawanwadi Village Birsi Airport Junction from design km 0.000 to km 15.781 existing km 39/720 of NH-753 to existing Km 8/400 of NH 543 on sections from Kohmara- Goregaon- Police HeadquarterKaranja - Collector Office Square - Balaghat T Point- Rawanwadi- Rajegaon of NH-753 and NH-543 in Gondia District in the state of Maharashtra. Total Length of the project 15.781 Km.,Roads & Highways,Maharashtra,Ministry of Road Transport & Highways,MoRTH,0,,328,,,0.0,,,2025-08-14,2026-10-30,,0,0,0,,,34,0,,,14.5,,,0,1,-5.897937298933953,Sanctioned in Pre-Election Year (Rush),4.133333333333333,,,,Unknown,,
617932,Construction of New Four Lane Bypass to Parbhani City Parwa to Asola Km 463/265 to Km 481/180 Design Ch. 19220 to Ch. 34434 Length-15.214 Km section of NH-61 on EPC mode in the State of Maharashtra.,Roads & Highways,Maharashtra,Ministry of Road Transport & Highways,MoRTH,0,,497,,,0.0,,,2024-10-15,2026-10-30,,0,0,0,,,70,0,,,24.5,,,0,1,10.80589921017685,Sanctioned in Mid-Term,2.833333333333333,,,,Unknown,,
619042,"Construction of six lane Flyover at Katraj junction at Km, 3/880 of NH 548-DD   Vadgaon - Katraj - Kondhwa - Mantarwadi Chowk - Loni Kalbhor - Theur Phata - Lonikand Road    in Pune Dist of the State of Maharashtra. On Engineering Procurement and construction   EPC    Basis mode   L.1.326 Km,   ",Roads & Highways,Maharashtra,Ministry of Road Transport & Highways,MoRTH,0,,164,,,0.0,,,2026-02-18,2023-02-25,,0,0,0,,,83,0,,,0.0,,,0,0,26.733988838692536,Sanctioned in Mid-Term,-6.599999999999999,,,,Unknown,,
618939,Construction of Standalone Flyover cum ROB from Design Ch.66.600 to Design Ch.68.800 in Gadchandur Town on NH-353B,Roads & Highways,Maharashtra,Ministry of Road Transport & Highways,NHAI,0,,191,107.76,,33.97,,,2027-07-25,2027-07-25,,0,0,0,,,37,0,,,0.0,-83.24,-43.581151832460726,0,0,1.889931456711258,Sanctioned in Mid-Term,3.7,,,,Unknown,,
618155,Development/Widening of Talegaon Chakan Shikrapur Nhavara Section of NH-548D from existing chainage km. 54/000 to 82/300 and Design chainage Km. 54/000 to 82/120 Shikrapur to Nhavara Section to 2LPS/4L Configuration on EPC Mode in the State of Maharashtra.,Roads & Highways,Maharashtra,Ministry of Road Transport & Highways,MoRTH,0,,396,,,85.57,2024-12-03,,2026-07-09,2026-07-04,,0,0,0,,,63,0,,2024.0,0.0,,,0,0,0.7306609465075553,Sanctioned in Election Year,9.2,6.5,9.85,420.0,Post-RFCTLARR 2013 (High Compensation),840.0,7.692307692307687
619210,Dharampuri-Lonand from km. 117.00 to 166.40 Pkg-IV on Mohol-Alandi Section,Roads & Highways,Maharashtra,Ministry of Road Transport & Highways,NHAI,0,,1412,1358.68,,1471.41,,,2023-09-14,2026-07-31,,0,0,0,,,97,0,,,34.5,-53.319999999999936,-3.776203966005661,0,1,26.733988838692536,Sanctioned in Mid-Term,-6.599999999999999,,,,Unknown,,
618555,"Flyover at Km.544.650 including ROB, Service Roads ,Footpath for RCC drains on urban link to Nagpur -Raipur road Pardi octroi Naka to Itwari",Roads & Highways,Maharashtra,Ministry of Road Transport & Highways,National Highways Authority of India [NHAI],0,,1098,758.4,,25.94,,,2019-03-30,2019-03-30,,0,0,0,,,0,0,,,0.0,-339.6,-30.92896174863388,0,0,-12.69797674631511,Sanctioned in Mid-Term,-8.033333333333333,,,,Unknown,,
618626,Four laning from Dive Ghat Km. 220.900 to Hadapsar Km. 234.150 of Mohol  Alandi section Pkg  VI of NH-965,Roads & Highways,Maharashtra,Ministry of Road Transport & Highways,NHAI,0,,820,400.0,,122.8,,,2026-10-14,2027-04-12,,0,0,0,,,65,0,,,5.9,-420.0,-51.21951219512195,0,1,-5.897937298933953,Sanctioned in Pre-Election Year (Rush),4.133333333333333,,,,Unknown,,
618097,Guhagar - Rampur - 2L-PS - km 0/00 Guhagar to 26/230 Rampur and 40/00 Mirjoli to 53/600 Sati on NH-166E,Roads & Highways,Maharashtra,Ministry of Road Transport & Highways,MoRTH,0,,407,,,0.0,,,2019-06-13,2025-08-31,,0,0,0,,,92,0,,,74.6,,,0,1,10.26683343756516,Sanctioned in Mid-Term,-5.033333333333334,,,,Unknown,,
618586,Improvement and strengthening of existing 2 lane stretch to 2-Lane with PS 1.5m on both sides on Ghoti-Sinnar section of NH-160A using Thin White Topping 200mm thick in the State Of Maharashtra on EPC Mode,Roads & Highways,Maharashtra,Ministry of Road Transport & Highways,National Highways Authority of India [NHAI],0,,255,147.64,,99.89,2025-06-03,,2026-06-16,2026-06-15,,0,0,0,,,76,0,,2025.0,-0.0,-107.36000000000001,-42.10196078431373,0,0,1.889931456711258,Sanctioned in Mid-Term,3.7,6.25,9.5,465.0,Post-RFCTLARR 2013 (High Compensation),895.0,6.547619047619047
617948,Kante - Wakad section of NH-66 4L  PS from Km.281/300 to 332/200,Roads & Highways,Maharashtra,Ministry of Road Transport & Highways,MoRTH,0,,1118,2020.56,,287.96,,,2019-11-12,2025-11-30,,0,0,0,,,90,0,,,72.6,902.56,80.7298747763864,1,1,0.6082214765100735,Sanctioned in Mid-Term,-8.133333333333333,,,,Unknown,,
617944,Kashedi ghat tunnel NH-66 [Bhogaon Khurd - Kashedi section] 4 lanes under NHDP on EPC mode,Roads & Highways,Maharashtra,Ministry of Road Transport & Highways,MoRTH,0,,680,701.46,,,,,2021-04-14,2021-04-14,,0,0,0,,,98,0,,,0.0,21.460000000000036,3.155882352941182,1,0,10.974572265809623,Sanctioned in Pre-Election Year (Rush),3.8,,,,Unknown,,
617946,Kashedi to Parshuram Ghat section of NH-66 from Km 161/600 - Km 205/400 - 4L  PS,Roads & Highways,Maharashtra,Ministry of Road Transport & Highways,MoRTH,0,,1143,,,0.0,2016-07-03,,2020-02-02,2025-12-31,,0,0,0,,,98,0,,2016.0,70.9,,,0,1,0.6082214765100735,Sanctioned in Mid-Term,-8.133333333333333,6.25,10.4,138.0,Post-RFCTLARR 2013 (High Compensation),465.0,9.411764705882364
617965,Kopargaon to Savali Vihir section,Roads & Highways,Maharashtra,Ministry of Road Transport & Highways,MoRTH,0,,195,,,0.0,,,2024-07-13,2026-08-30,,0,0,0,,,90,0,,,25.6,,,0,1,10.80589921017685,Sanctioned in Mid-Term,2.833333333333333,,,,Unknown,,
618653,Loha-Waranga Section of NH-361 from km 187.800 to km 244.369,Roads & Highways,Maharashtra,Ministry of Road Transport & Highways,NHAI,0,,1236,3466.58,,1503.55,2018-01-03,,2021-03-24,2026-12-31,,0,0,0,,,96,0,,2018.0,69.3,2230.58,180.46763754045307,1,1,10.974572265809623,Sanctioned in Pre-Election Year (Rush),3.8,6.5,10.35,195.0,Post-RFCTLARR 2013 (High Compensation),545.0,7.920792079207928
618624,Mangloor to Telangana Maharashtra Border,Roads & Highways,Maharashtra,Ministry of Road Transport & Highways,National Highways Authority of India [NHAI],0,,1083,1323.12,,180.13,,,2021-04-10,2021-03-12,,0,0,0,,,96,0,,,0.0,240.1199999999999,22.17174515235456,1,0,10.974572265809623,Sanctioned in Pre-Election Year (Rush),3.8,,,,Unknown,,
618152,Mhaswad to Tembhurni section of NH-548C - 2L  PS,Roads & Highways,Maharashtra,Ministry of Road Transport & Highways,MoRTH,0,,489,,,0.0,,,2019-07-31,2026-08-30,,0,0,0,,,96,0,,,85.0,,,0,1,10.26683343756516,Sanctioned in Mid-Term,-5.033333333333334,,,,Unknown,,
618088,Nandurshingote to Kolhar,Roads & Highways,Maharashtra,Ministry of Road Transport & Highways,MoRTH,0,,326,,,22.7,,,2026-12-19,2026-12-19,,0,0,0,,,27,0,,,0.0,,,0,0,0.7306609465075553,Sanctioned in Election Year,9.2,,,,Unknown,,
617934,Nasratpur to Barasgaon section of NH-61 2L / 4L  PS from Km.514/00 to 558/200,Roads & Highways,Maharashtra,Ministry of Road Transport & Highways,MoRTH,0,,407,,,0.0,2017-05-07,,2019-09-07,2026-08-31,,0,0,0,,,96,0,,2017.0,83.8,,,0,1,10.26683343756516,Sanctioned in Mid-Term,-5.033333333333334,6.0,10.1,165.0,Post-RFCTLARR 2013 (High Compensation),505.0,8.602150537634401
618172,Paithan - Shirur section 2LPS Km 0.0 to 55.00,Roads & Highways,Maharashtra,Ministry of Road Transport & Highways,MoRTH,0,,342,,,0.0,2017-01-03,,2019-06-02,2026-10-30,,0,0,0,,,82,0,,2017.0,88.9,,,0,1,10.26683343756516,Sanctioned in Mid-Term,-5.033333333333334,6.0,10.1,165.0,Post-RFCTLARR 2013 (High Compensation),505.0,8.602150537634401
618177,Pal Phata Phulambri - Khultabad 2LPS,Roads & Highways,Maharashtra,Ministry of Road Transport & Highways,MoRTH,0,,227,,,0.0,,,2019-12-29,2025-12-31,,0,0,0,,,95,0,,,72.1,,,0,1,10.974572265809623,Sanctioned in Pre-Election Year (Rush),3.8,,,,Unknown,,
618094,Pen to Khopoli 2LPS,Roads & Highways,Maharashtra,Ministry of Road Transport & Highways,MoRTH,0,,369,,,143.65,,,2019-12-21,2022-10-30,,0,0,0,,,86,0,,,34.3,,,0,1,10.974572265809623,Sanctioned in Pre-Election Year (Rush),3.8,,,,Unknown,,
618180,Pune raigarh District Border To Mangaon    Ch 69000 to 103775    NH-753F,Roads & Highways,Maharashtra,Ministry of Road Transport & Highways,MoRTH,0,,223,,,0.0,,,2019-12-30,2026-07-30,,0,0,0,,,89,0,,,79.0,,,0,1,10.974572265809623,Sanctioned in Pre-Election Year (Rush),3.8,,,,Unknown,,
618099,"Rehabilitation & up-gradation for Talere  Gaganbawada - kolhapur Road NH 166G stretch start from km. 0/00 to Km. 06/00 and km. 13/00 to km 19/440 of NH-166G, length 12.440 km in the State of Maharashtra.",Roads & Highways,Maharashtra,Ministry of Road Transport & Highways,MoRTH,0,,164,,,98.68,,,2026-04-11,2026-04-11,,0,0,0,,,100,0,,,0.0,,,0,0,0.7306609465075553,Sanctioned in Election Year,9.2,,,,Unknown,,
618089,Rehabilitation & Up-gradation of Mudkhed to Nanded section from Km. 372000 to Km 388400 of NH 161A i.e. Nanded-Bhokar-Himayatnagar-Kinwat-Mahur-Arani Road Design chainage from Km 372000 Mudkhed to Km 387650 Nanded of NH 161A Length 15.65 Km to 2/4Lane with paved shoulders configuration in the State of Maharashtra on EPC mode.,Roads & Highways,Maharashtra,Ministry of Road Transport & Highways,MoRTH,0,,207,,,0.0,,,2025-04-02,2026-10-30,,0,0,0,,,65,0,,,18.9,,,0,1,10.80589921017685,Sanctioned in Mid-Term,2.833333333333333,,,,Unknown,,
618046,Rehabilitation & Up-gradation of Sabalkhed to Ashti Section from Km 37900 to Km 55100 & Chinchpur to Jamkhed Section from km 70000 to km 72922 of NH-561 to Two lane with Paved shoulder/ Four lane configuration in the State of Maharashtra on EPC Mode Length20.122km.,Roads & Highways,Maharashtra,Ministry of Road Transport & Highways,MoRTH,0,,213,,,,,,2024-09-24,,,0,0,0,,,95,0,,,0.0,,,0,0,10.80589921017685,Sanctioned in Mid-Term,2.833333333333333,,,,Unknown,,
618154,"Rehabilitation & upgradation of Jamkhed to Sautada Section of NH548 D from km 195.375 to km 208.774, Length  13.399 Km to 2L PS /4L configuration with rigid pavement in the state of Maharashtra on EPC mode.",Roads & Highways,Maharashtra,Ministry of Road Transport & Highways,MoRTH,0,,158,,,0.0,,,2024-07-14,2026-06-30,,0,0,0,,,69,0,,,23.5,,,0,1,10.80589921017685,Sanctioned in Mid-Term,2.833333333333333,,,,Unknown,,
618181,Rehabilitation / Upgradation to 4 Lane with Paved shoulder of Existing Section in Sillod Town with Design Ch. Km54500 to Km 60679 [Length6.179 km] section of NH 753F Aurangabad-Jalgaon road on EPC Mode in the State of Maharashtra,Roads & Highways,Maharashtra,Ministry of Road Transport & Highways,MoRTH,0,,154,,,,,,2025-07-30,2025-03-30,,0,0,0,,,98,0,,,0.0,,,0,0,-5.897937298933953,Sanctioned in Pre-Election Year (Rush),4.133333333333333,,,,Unknown,,
618134,Rehabilitation /Upgradation from Lagam to Alapalli section Desing Km. 199/400 to km 227/400 Length  28.0 Km to 2 lane with Paved Shoulders/ 4 lane configuration section of NH-353 C Sakoli-Wadsa-Armori-Gadchiroli-Ashti-Alapalli Sironcha in Gadchiroli District on EPC mode in the state of Maharashtra.,Roads & Highways,Maharashtra,Ministry of Road Transport & Highways,MoRTH,0,,459,,,0.0,,,2026-09-08,2026-09-08,,0,0,0,,,81,0,,,0.0,,,0,0,-5.897937298933953,Sanctioned in Pre-Election Year (Rush),4.133333333333333,,,,Unknown,,
619008,Rehabilitation and Up gradation of Charthana  Jintur Section of NH 752 I Km 25100 to 47100 to 2 Lane with Paved Shoulder configuration Flexible Pavement in the state of Maharashtra on EPC mode. Reg- Resubmission of Annual Plan Estimate.,Roads & Highways,Maharashtra,Ministry of Road Transport & Highways,MoRTH,0,,158,,,0.01,,,2027-07-26,2026-07-27,,0,0,0,,,51,0,,,0.0,,,0,0,1.889931456711258,Sanctioned in Mid-Term,3.7,,,,Unknown,,
618139,Rehabilitation and Up-gradation of Gangakhed  Loha section of NH-361F from Km 169/00 to 210/00 to two lane with paved shoulder/ four lane configuration in the state of Maharashtra on EPC mode Length - 41.00 Km.,Roads & Highways,Maharashtra,Ministry of Road Transport & Highways,MoRTH,0,,355,,,0.0,,,2026-09-30,2026-09-30,,0,0,0,,,43,0,,,0.0,,,0,0,0.7306609465075553,Sanctioned in Election Year,9.2,,,,Unknown,,
618150,Rehabilitation and Up-gradation of i. Deogaon phata to Digras phata Ch. 0/000 to 15/000 & Selu to Borgavhan Ch 20/900 to 35/800 [Length 29.9km] ii. Injegaon Dhamoni to Pohner Phata Ch.58/200 to Ch. 83/700 [Length25.5 km] and iii. Pohner phata to Pathri Design Ch. 42/700 to 58/200 [Length 15.5 km] sections of NH-548B to Two lane with paved shoulder configuartion in the state of Maharashtra on EPC mode Total project length  70.9 Km.,Roads & Highways,Maharashtra,Ministry of Road Transport & Highways,MoRTH,0,,762,,,0.0,,,2027-05-08,2027-05-08,,0,0,0,,,15,0,,,0.0,,,0,0,0.7306609465075553,Sanctioned in Election Year,9.2,,,,Unknown,,
618137,Rehabilitation and Up-gradation of Jarud - Sirsala section of NH-361F km 59500 to km11500 to Two lane with paved shoulder/ Four Lane in the state of Maharashtra on EPC mode Length  55.5 Km.,Roads & Highways,Maharashtra,Ministry of Road Transport & Highways,MoRTH,0,,540,,,139.11,,,2027-05-08,2027-05-08,,0,0,0,,,64,0,,,0.0,,,0,0,0.7306609465075553,Sanctioned in Election Year,9.2,,,,Unknown,,
618096,Rehabilitation and Up-gradation to 2 lane road with paved shoulders configuration for the balance work of 13 km length on Helwak-Patan-Karad section Km. 85000 to 133 417 of NH-166E in the state of Maharashtra on EPC mode.,Roads & Highways,Maharashtra,Ministry of Road Transport & Highways,MoRTH,0,,181,,,0.0,2024-08-02,,2026-04-14,2026-12-31,,0,0,0,,,87,0,,2024.0,8.6,,,0,1,0.7306609465075553,Sanctioned in Election Year,9.2,6.5,9.85,420.0,Post-RFCTLARR 2013 (High Compensation),840.0,7.692307692307687
618188,Rehabilitation and Up-gradation to 2 lane with paved shoulder configuration of Mahud Sangola road NH 965 G 159400 to 161900and 162400 to 183960 Design Chainage from km. 32/300 to km. 34/800 and km. 35/800 to km. 56/860 Rigid Pavement on EPC mode in the State of Maharashtra.,Roads & Highways,Maharashtra,Ministry of Road Transport & Highways,MoRTH,0,,254,,,0.0,,,2025-05-22,2026-07-31,,0,0,0,,,100,0,,,14.3,,,0,1,-5.897937298933953,Sanctioned in Pre-Election Year (Rush),4.133333333333333,,,,Unknown,,
618176,Rehabilitation and upgradation from ch km 50/200 to 56/800 and km 62/600 to 100/403 of Kolde to Visarwadi Near Junction with NH-6 section of NH 752G total length  44.40 to two-lane with paved shoulder / four lanes in the State of Maharashtra on EPC mode.,Roads & Highways,Maharashtra,Ministry of Road Transport & Highways,MoRTH,0,,349,,,25.6,,,2028-01-02,,,0,0,0,,,35,0,,,0.0,,,0,0,1.889931456711258,Sanctioned in Mid-Term,3.7,,,,Unknown,,
618175,Rehabilitation and Upgradation of Satana to Mangrul Chandwad Section of NH752 G Design Ch Km 64.000 to Ch Km 101.140 two lane with paved shoulder/four lane configuration in the state of Maharashtra on EPC mode.,Roads & Highways,Maharashtra,Ministry of Road Transport & Highways,MoRTH,0,,429,,,0.0,,,2025-05-14,2026-08-30,,0,0,0,,,93,0,,,15.5,,,0,1,10.80589921017685,Sanctioned in Mid-Term,2.833333333333333,,,,Unknown,,
618179,Rehabilitation and Upgradation of Shewali phata to Kalambhir section i.e. Km 0443 to Km 4500 & Nizampur to Chadwel section i.e. Km 13485 to Km 26265 Length16.317 Km excluding 2 Major Bridges with approaches Km 13735 to Km 14095 & Km 19660 to Km 20030 of NH 753B to 2LPS Configuration in the State of Maharashtra on EPC Mode.,Roads & Highways,Maharashtra,Ministry of Road Transport & Highways,MoRTH,0,,182,,,0.0,2024-04-03,,2026-02-27,2026-07-31,,0,0,0,,,97,0,,2024.0,5.1,,,0,1,0.7306609465075553,Sanctioned in Election Year,9.2,6.5,9.85,420.0,Post-RFCTLARR 2013 (High Compensation),840.0,7.692307692307687
617938,Rehabilitation And Upgradation to four lane with paved shoulder configuration from km 24350 to km 61875 Jawale - Borgaon Kale of NH-63 in the State of Maharashtra on EPC mode under Annual Plan 2024-25 Total length - 37.525 Km.,Roads & Highways,Maharashtra,Ministry of Road Transport & Highways,MoRTH,0,,574,,,0.06,,,2027-03-19,2027-03-21,,0,0,0,,,10,0,,,0.1,,,0,1,0.7306609465075553,Sanctioned in Election Year,9.2,,,,Unknown,,
618174,Rehabilitation and Upgradation to two lane with paved shoulder configuration of NH-752G from Sakri to Pimpalner Section Design Ch km 0000 to Ch km 21411 in the state of Maharashtra on EPC Mode. Length  21.411 km.,Roads & Highways,Maharashtra,Ministry of Road Transport & Highways,MoRTH,0,,227,,,0.0,2024-11-03,,2026-10-20,2026-10-21,,0,0,0,,,100,0,,2024.0,0.0,,,0,0,0.7306609465075553,Sanctioned in Election Year,9.2,6.5,9.85,420.0,Post-RFCTLARR 2013 (High Compensation),840.0,7.692307692307687
617979,"Rehabilitation, upgradation & widening of existing highway to 2L/4LPS Rigid Pavement of NH 160 section- Phaltan to Mhaisal near Karnataka Border including Tasgaon Bypass, from existing chainage Km 301/430 to Km 458/415 in the State of Maharashtra. Package-I starting from existing chainage Km 301/430 at Phaltan Village  Junction of Phaltan  Baramati Road Design Chainage -301/430km & ending at existing chainage Km 341/300  Dahiwadi Village Bus Stop Design chainage Km 340466km in the S",Roads & Highways,Maharashtra,Ministry of Road Transport & Highways,MoRTH,0,,534,,,0.0,,,2027-05-29,2026-11-21,,0,0,0,,,72,0,,,0.0,,,0,0,0.7306609465075553,Sanctioned in Election Year,9.2,,,,Unknown,,
617978,"Rehabilitation, upgradation & widening of existing highway to 2L/4LPS Rigid Pavement of NH 160 section- Phaltan to Mhaishal near Karnataka Border including Tasgaon Bypass, from existing chainage Km 301/430 to Km 458/415 in the State of Maharashtra- Package-II & Package III combined- starting from existing chainage Km 341/300 to Km 394/130 and design chainage Km 340/250 at Dahiwadi Village to Km 392/950 ending at Vita Village in the State of Maharashtra on EPC Mode.",Roads & Highways,Maharashtra,Ministry of Road Transport & Highways,MoRTH,0,,632,,,187.58,,,2027-05-27,2027-05-28,,0,0,0,,,73,0,,,0.0,,,0,0,0.7306609465075553,Sanctioned in Election Year,9.2,,,,Unknown,,
618199,"Rehabilitation, Upgradation & Widening of existing Highway to Rigid Pavement 2 Lane with Paved Shoulder of NH 965DD from Lonand Shirval-Bhor Mandangad-Pchral Section ShindewadiPhata to Varandah Ghat Dist Border from Km 33/550 to 92/550 in the state of Maharashtra on EPC mode.",Roads & Highways,Maharashtra,Ministry of Road Transport & Highways,MoRTH,0,,723,,,0.0,,,2026-07-31,2026-10-30,,0,0,0,,,54,0,,,3.0,,,0,1,-5.897937298933953,Sanctioned in Pre-Election Year (Rush),4.133333333333333,,,,Unknown,,
618042,"Rehabilitation/ Upgradation of existing Highway to four lane standards in Kurkheda town from km.413257 to km 410775, Two lane in Shankarpur Gurnuli km 42400 to km 43100 section and Reconstruction of Major Bridge at Ch. 448558 Bhuti Nallah and Ch. 411695 Sati River bridge, Minor Bridge at Ch. 411477 and Ch. 405800 Lendhari Bridge of NH 543 Bhamhapuri-wadsa-kurkheda-korchi-Deori-Amgaon road on EPC mode in the State of Maharashtra",Roads & Highways,Maharashtra,Ministry of Road Transport & Highways,MoRTH,0,,164,,,0.0,,,2025-05-01,2026-12-31,,0,0,0,,,43,0,,,20.0,,,0,1,10.80589921017685,Sanctioned in Mid-Term,2.833333333333333,,,,Unknown,,
618065,"Rehabilitation/Upgradation of existing Highway to 2LPS/4 lane of Dhawali to Rajoli from Design Km.149476 to 163476 existing Km.150000 to 164000, Pandhasala to Mohadongri from design Km.170476 to 181476 existing Km.171000 to 182000, Ambeshivni Fata to Bodli from design Km.183476 to 185476 existing Km.184000 to 186000 and Made Tukum to Gadchiroli from design Km.188476 to 189476 existing Km.188000 to 18900 having length  28 km of NH-930 of Dhawali to Gadchroli road in the",Roads & Highways,Maharashtra,Ministry of Road Transport & Highways,MoRTH,0,,316,,,0.0,,,2025-09-04,2026-10-30,,0,0,0,,,34,0,,,13.8,,,0,1,10.80589921017685,Sanctioned in Mid-Term,2.833333333333333,,,,Unknown,,
618090,Sarsam - Kothari of NH-161A - 2L  PS from Km.33/00 to 90/00,Roads & Highways,Maharashtra,Ministry of Road Transport & Highways,MoRTH,0,,546,,,,,,2019-06-27,2025-11-30,,0,0,0,,,97,0,,,77.1,,,0,1,10.26683343756516,Sanctioned in Mid-Term,-5.033333333333334,,,,Unknown,,
619069,Satara Km 725.000 to Pune Km 865.350 of NH - 4 New NH - 48 in Maharashtra,Roads & Highways,Maharashtra,Ministry of Road Transport & Highways,National Highways Authority of India [NHAI],0,,362,425.51,,58.42,,,2022-05-04,2026-06-30,,0,0,0,,,99,0,,,49.9,63.50999999999999,17.54419889502762,1,1,-3.3825944170771782,Sanctioned in Election Year,-9.3,,,,Unknown,,
618153,Satara to Mhaswad,Roads & Highways,Maharashtra,Ministry of Road Transport & Highways,MoRTH,0,,653,,,7.34,,,2019-08-01,2026-08-30,,0,0,0,,,98,0,,,85.0,,,0,1,10.26683343756516,Sanctioned in Mid-Term,-5.033333333333334,,,,Unknown,,
618173,Shirur-Kharda section from 55937 km to 114486 km to 2LPS/4L,Roads & Highways,Maharashtra,Ministry of Road Transport & Highways,MoRTH,0,,382,,,0.0,,,2019-06-16,2026-08-30,,0,0,0,,,84,0,,,86.5,,,0,1,10.26683343756516,Sanctioned in Mid-Term,-5.033333333333334,,,,Unknown,,
618133,Strengthening and Widening of road Sakoli- Wadsa-Armori-Gadchiroli-Ashti- Allapalli -Sironcha National highway NH 353C in Km 262/00 to 321/00 including 16 minor Bridges and 2 Major Bridge Total length 59 Km section from repanpalli to sironcha in Gadchiroli Dist in the State of Maharashtra.,Roads & Highways,Maharashtra,Ministry of Road Transport & Highways,MoRTH,0,,281,,,0.0,,,2024-05-31,2027-03-31,,0,0,0,,,65,0,,,34.0,,,0,1,26.733988838692536,Sanctioned in Mid-Term,-6.599999999999999,,,,Unknown,,
618628,Strengthening of Existing Alignment of Pandharpur Town Part Bypassed Section of NH 965 from KM 36.230 to KM 44.230 from Chh. Shivaji Maharaj Chowk to Wakhari,Roads & Highways,Maharashtra,Ministry of Road Transport & Highways,National Highways Authority of India [NHAI],0,,150,87.59,,52.83,2022-12-08,,2025-10-31,2026-06-30,,0,0,0,,,48,0,,2022.0,8.0,-62.41,-41.60666666666666,0,1,10.80589921017685,Sanctioned in Mid-Term,2.833333333333333,6.25,9.2,330.0,Post-RFCTLARR 2013 (High Compensation),720.0,8.270676691729317
618061,"Strengthening, Widening & Up-gradation of newly declared NH-761 from NH-61Junction-BelheAlkutiDevibhoyareNighojShirur, from Design chainage Km 0.000 to Km 37.970 from Single/Intermediate/2L to 2LPS in the State of Maharashtra on EPC Mode Length 37.970 Km",Roads & Highways,Maharashtra,Ministry of Road Transport & Highways,MoRTH,0,,386,,,30.86,,,2026-09-27,2026-09-27,,0,0,0,,,53,0,,,0.0,,,0,0,0.7306609465075553,Sanctioned in Election Year,9.2,,,,Unknown,,
618638,Tarsod - Fagne section of NH-6,Roads & Highways,Maharashtra,Ministry of Road Transport & Highways,National Highways Authority of India [NHAI],0,,2268,2560.5,,789.78,,,2021-07-12,2023-12-24,,0,0,0,,,98,0,,,29.4,292.5,12.896825396825399,1,1,0.6082214765100735,Sanctioned in Mid-Term,-8.133333333333333,,,,Unknown,,
618512,Tunnel at Khambataki Ghat Section and its approaches from existing Km. 771.730 to existing Km. 782.000,Roads & Highways,Maharashtra,Ministry of Road Transport & Highways,NHAI,0,,907,816.12,,677.98,2017-07-11,,2022-02-27,2026-10-31,,0,0,0,,,89,0,,2017.0,56.1,-90.88,-10.019845644983462,0,1,10.26683343756516,Sanctioned in Mid-Term,-5.033333333333334,6.0,10.1,165.0,Post-RFCTLARR 2013 (High Compensation),505.0,8.602150537634401
617937,Udgir Raavi Degloor Aadampur phata to Sagroli fata,Roads & Highways,Maharashtra,Ministry of Road Transport & Highways,MoRTH,0,,810,,,0.0,,,2028-04-12,,,0,0,0,,,12,0,,,0.0,,,0,0,0.7306609465075553,Sanctioned in Election Year,9.2,,,,Unknown,,
618049,Up-gradation to 2/4 lane with paved shoulder configuration of NH-652 from Tuljapur Naldurg-Akkalkot road Chainage from Km. 00.000 to km 30.982 in the State of Maharashtra on EPC mode.,Roads & Highways,Maharashtra,Ministry of Road Transport & Highways,MoRTH,0,,183,,,64.87,,,2026-07-08,2026-07-08,,0,0,0,,,95,0,,,0.0,,,0,0,0.7306609465075553,Sanctioned in Election Year,9.2,,,,Unknown,,
618766,Up-gradation to Four Lane with Paved Shoulder configuration of the highway starting from existing km 88.400 Savali Vihir to km 163.400 start of Ahmednagar bypass Design Length  75.000 km section of NH-160 in the State of Maharashtra under Bharatmala Pariyojana on EPC Mode,Roads & Highways,Maharashtra,Ministry of Road Transport & Highways,NHAI,0,,862,617.93,,149.73,,,2027-04-29,2027-04-29,,0,0,0,,,33,0,,,0.0,-244.07000000000005,-28.314385150812072,0,0,0.7306609465075553,Sanctioned in Election Year,9.2,,,,Unknown,,
617933,Up-gradation to four lane/ Two lane with paved shoulders configuration of Kalyan - Murbad - Malshej Ghat - Nirmal Road NH- 61 km 15/200 to Km 38/00 and from Km. 58/00 to Km 84/00 Design length  48.58 km of NH-61 on EPC Mode in Thane District in the state of Maharashtra,Roads & Highways,Maharashtra,Ministry of Road Transport & Highways,MoRTH,0,,984,,,,,,2026-08-31,2026-08-31,,0,0,0,,,100,0,,,0.0,,,0,0,-5.897937298933953,Sanctioned in Pre-Election Year (Rush),4.133333333333333,,,,Unknown,,
618136,Upgradatiobn and Rehabilitation of Section of NH 361 F from Parli 00/000 to Gangakhed 30/400 to Two Lanes with paved shoulder / Four lane configurations on EPC mode in the State of Maharashtra.,Roads & Highways,Maharashtra,Ministry of Road Transport & Highways,MoRTH,0,,224,,,,,,2023-09-16,2024-08-10,,0,0,0,,,87,0,,,10.8,,,0,1,26.733988838692536,Sanctioned in Mid-Term,-6.599999999999999,,,,Unknown,,
618511,Upgradation & rehabilitation of Service Roads on both sides in urban areas of Pune City on PuneSatara section of NH48,Roads & Highways,Maharashtra,Ministry of Road Transport & Highways,National Highways Authority of India [NHAI],0,,605,388.78,,43.71,2025-12-01,,2026-06-16,2027-06-16,,0,0,0,,,14,0,,2025.0,12.0,-216.22000000000003,-35.738842975206616,0,1,1.889931456711258,Sanctioned in Mid-Term,3.7,6.25,9.5,465.0,Post-RFCTLARR 2013 (High Compensation),895.0,6.547619047619047
618754,Upgradation of 2L/4L with Paved Shoulder of Shirwal-Lonand Section from KM 159900 To KM 188025 of NH-965DD Section I and 2L With Paved Shoulder of Lonand-Satara Section from KM 51500 To KM 96246 Of NH-965D Section II in Satara District in the State of Maharashtra on EPC Mode under NHO- ,Roads & Highways,Maharashtra,Ministry of Road Transport & Highways,NHAI,0,,538,307.24,,160.27,2025-06-03,,2027-06-20,2027-06-20,,0,0,0,,,41,0,,2025.0,0.0,-230.76,-42.89219330855018,0,0,1.889931456711258,Sanctioned in Mid-Term,3.7,6.25,9.5,465.0,Post-RFCTLARR 2013 (High Compensation),895.0,6.547619047619047
618098,"Upgradation of exhisting 2 lane flexible pavement to 2 lane paved shoulders rigid pavement from design chainage Km 66.00 to Design Km 82.440 Start of Kolhapur Municipal corporation near Phulewadi to kale, design length 16.440 Km section on Talere Gaganbawada-Kolhapur road NH 166G in the state of Maharashtra on EPC mode",Roads & Highways,Maharashtra,Ministry of Road Transport & Highways,MoRTH,0,,168,,,0.0,,,2024-05-13,2026-08-30,,0,0,0,,,94,0,,,27.6,,,0,1,26.733988838692536,Sanctioned in Mid-Term,-6.599999999999999,,,,Unknown,,
619203,Vadape to Thane from km 539.202 to km 563.000 section of NH-3 new NH-848,Roads & Highways,Maharashtra,Ministry of Road Transport & Highways,NHAI,0,,1253,1371.27,,491.81,,,2021-07-18,2026-07-31,,0,0,0,,,81,0,,,60.4,118.26999999999998,9.438946528332002,1,1,10.974572265809623,Sanctioned in Pre-Election Year (Rush),3.8,,,,Unknown,,
618468,Vadodara Mumbai Expressway Phase II - Pkg XI [Km. 77.000 to Km. 103.400] Ganjad - Talsari,Roads & Highways,Maharashtra,Ministry of Road Transport & Highways,National Highways Authority of India [NHAI],0,,1525,1913.95,,813.07,,,2024-05-17,2025-01-06,,0,0,0,,,99,0,,,7.7,388.95000000000005,25.50491803278689,1,1,-0.5724854676765867,Sanctioned in Mid-Term,-0.3666666666666667,,,,Unknown,,
619198,Vadodara Mumbai Expressway Phase II - Pkg XII [Km. 50.700 to Km. 77.000] Masvan - Ganjad,Roads & Highways,Maharashtra,Ministry of Road Transport & Highways,National Highways Authority of India [NHAI],0,,1711,2388.52,,962.91,2020-07-08,,2024-03-22,2026-04-30,,0,0,0,,,99,0,,2020.0,25.3,677.52,39.5978959672706,1,1,-0.5724854676765867,Sanctioned in Mid-Term,-0.3666666666666667,4.0,7.8,260.0,Post-RFCTLARR 2013 (High Compensation),620.0,5.982905982905984
618469,Vadodara Mumbai Expressway Phase II - Pkg XIII [Km. 26.582 to Km. 50.700] Shirsad - Masvan,Roads & Highways,Maharashtra,Ministry of Road Transport & Highways,NHAI,0,,3537,4679.54,,1844.7,2020-06-06,,2024-02-08,2026-07-31,,0,0,0,,,91,0,,2020.0,29.7,1142.54,32.30251625671473,1,1,-0.5724854676765867,Sanctioned in Mid-Term,-0.3666666666666667,4.0,7.8,260.0,Post-RFCTLARR 2013 (High Compensation),620.0,5.982905982905984
618470,Vadodara Mumbai Expressway Phase II - Pkg XIV [Km. 3.000 to Km. 20.200 of Spur] Shirsad - Akloli,Roads & Highways,Maharashtra,Ministry of Road Transport & Highways,National Highways Authority of India [NHAI],0,,2059,2324.72,,541.49,,,2024-05-11,2025-06-30,,0,0,0,,,80,0,,,13.6,265.7199999999998,12.905293831957252,1,1,26.733988838692536,Sanctioned in Mid-Term,-6.599999999999999,,,,Unknown,,
618471,Vadodara Mumbai Expressway Phase II - Pkg XV [Km. 20.200 to Km. 43.000 of Spur] Akloli - Amne,Roads & Highways,Maharashtra,Ministry of Road Transport & Highways,NHAI,0,,2611,2918.39,,622.23,,,2024-05-11,2026-07-31,,0,0,0,,,92,0,,,26.6,307.3899999999999,11.772883952508613,1,1,26.733988838692536,Sanctioned in Mid-Term,-6.599999999999999,,,,Unknown,,
618472,Vadodara Mumbai Expressway Phase II - Pkg XVI [Km. 43.000 to Km. 69.800 of Spur] Amne - Bhoj,Roads & Highways,Maharashtra,Ministry of Road Transport & Highways,National Highways Authority of India [NHAI],0,,4052,4315.56,,824.37,,,2024-10-31,2025-06-23,,0,0,0,,,86,0,,,7.7,263.5600000000004,6.504442250740385,1,1,26.733988838692536,Sanctioned in Mid-Term,-6.599999999999999,,,,Unknown,,
618473,Vadodara Mumbai Expressway Phase II - Pkg XVII [Km. 69.800 to Km. 79.783 of Spur] Bhoj - Morbe,Roads & Highways,Maharashtra,Ministry of Road Transport & Highways,NHAI,0,,2209,2463.02,,889.44,2021-03-09,,2025-07-17,2026-07-31,,0,0,0,,,86,0,,2021.0,12.5,254.01999999999998,11.499320959710275,1,1,26.733988838692536,Sanctioned in Mid-Term,-6.599999999999999,4.0,7.5,290.0,Post-RFCTLARR 2013 (High Compensation),665.0,7.258064516129026
618178,Widening and strengthening of Gangakhed to Kingaon section of NH-752K in Km 38/750 to 72/304   Flexible Pavement      Length33.554 km    to 2-lane configuration on EPC mode in the State of Maharashtra.,Roads & Highways,Maharashtra,Ministry of Road Transport & Highways,MoRTH,0,,163,,,0.0,2024-12-02,,2026-06-03,2026-10-30,,0,0,0,,,72,0,,2024.0,4.9,,,0,1,0.7306609465075553,Sanctioned in Election Year,9.2,6.5,9.85,420.0,Post-RFCTLARR 2013 (High Compensation),840.0,7.692307692307687
618047,"Widening, Reconstruction & Up-gradation to 2 lane with Paved Shoulder/Four Lane configuration for the work of Ahmednagar to Sabalkhed & Ashti to Chinchpur Section of NH-561 from Design km 2915 to km 37728 & Design km 55100 to km 70000 in the State of Maharashtra on EPC mode. Length  49.713 km",Roads & Highways,Maharashtra,Ministry of Road Transport & Highways,MoRTH,0,,657,,,0.0,,,2027-05-27,2027-05-27,,0,0,0,,,83,0,,,0.0,,,0,0,0.7306609465075553,Sanctioned in Election Year,9.2,,,,Unknown,,
618138,"Widening, Reconstruction & Up-gradation to 2 lane with Paved Shoulder/Four Lane configuration for the work of Sautada to Shirapur Section of NH-561 from Design km 86300 to km 125589 in the state of Maharashtra on EPC mode. Design length  39.289 km",Roads & Highways,Maharashtra,Ministry of Road Transport & Highways,MoRTH,0,,350,,,0.0,,,2026-11-04,2026-11-04,,0,0,0,,,54,0,,,0.0,,,0,0,0.7306609465075553,Sanctioned in Election Year,9.2,,,,Unknown,,
618349,Balance work of Widening to 2 Two lane with hard shoulder of Churachandpur to Tuivai section of NH-102B from Design Chainage km 118850 to km 130000 Package-4A in the State of Manipur on EPC Mode,Roads & Highways,Manipur,Ministry of Road Transport & Highways,NHIDCL,0,,204,,,0.0,,,2026-08-29,2026-08-29,,0,0,0,,,25,0,,,0.0,,,0,0,-0.5724854676765867,Sanctioned in Mid-Term,14.133333333333333,,,,Unknown,,
618348,Balance work of Widening to 2 Two lane with hard shoulder of Churachandpur to Tuivai section of NH-102B from km 130.000 to km 141.029 Package-4B in the State of Manipur on EPC Mode,Roads & Highways,Manipur,Ministry of Road Transport & Highways,NHIDCL,0,,178,,,1.41,,,2026-11-07,2026-11-07,,0,0,0,,,1,0,,,0.0,,,0,0,-0.5724854676765867,Sanctioned in Mid-Term,14.133333333333333,,,,Unknown,,
618356,Construction of 2 -Lane with paved shoulders road from Tamenglong to Mahur in the state of Manipur  from km 31.430 at Old Tamenglong to km 43.480 ending near Phelong on EPC Mode Package-3,Roads & Highways,Manipur,Ministry of Road Transport & Highways,NHIDCL,0,,234,,,186.27,,,2022-12-20,2025-12-03,,0,0,0,,,97,0,,,35.4,,,0,1,26.733988838692536,Sanctioned in Pre-Election Year (Rush),8.866666666666667,,,,Unknown,,
618357,Construction of 2 -Lane with paved shoulders road from Tamenglong to Mahur NH-137 in Manipur starting from km 54.180 near Azuram to km 80.630 near Mandeu on EPC Mode Package 5,Roads & Highways,Manipur,Ministry of Road Transport & Highways,NHIDCL,0,,478,,,330.1,2021-09-09,,2023-05-19,2025-04-06,,0,0,0,,,84,0,,2021.0,22.6,,,0,1,26.733988838692536,Sanctioned in Pre-Election Year (Rush),8.866666666666667,4.0,7.5,290.0,Post-RFCTLARR 2013 (High Compensation),665.0,7.258064516129026
618358,Construction of 2 -Lane with paved shoulders road from Tamenglong to Mahur NH-137 starting from km 80.630 near Mandeu to km 96.870 near Jiri River on EPC Mode Package-6,Roads & Highways,Manipur,Ministry of Road Transport & Highways,NHIDCL,0,,311,,,223.12,,,2023-05-20,2027-07-09,,0,0,0,,,83,0,,,49.6,,,0,1,26.733988838692536,Sanctioned in Pre-Election Year (Rush),8.866666666666667,,,,Unknown,,
618387,Construction of 2-laning with Hard shoulder of Ukhrul Tolloi - Tadubi section of NH-102A from Design Chainage km 9450 to km 50850 in the State of Manipur on EPC mode under NHO-NE Package-2,Roads & Highways,Manipur,Ministry of Road Transport & Highways,NHIDCL,0,,579,,,249.29,2023-07-03,,2026-03-01,2026-04-30,,0,0,0,,,80,0,,2023.0,2.0,,,0,1,-5.897937298933953,Sanctioned in Mid-Term,-4.633333333333334,6.5,9.8,375.0,Post-RFCTLARR 2013 (High Compensation),780.0,8.333333333333325
618388,Construction of 2-laning with Hard shoulder road of Ukhrul - Tolloi - Tadubi section of NH-102A from Design Chainage 50.850 km to 81.870 km in the State of Manipur on EPC mode under NHO-TSP Package -3,Roads & Highways,Manipur,Ministry of Road Transport & Highways,NHIDCL,0,,316,,,227.97,2021-09-09,,2025-01-20,2025-03-09,,0,0,0,,,90,0,,2021.0,1.6,,,0,1,26.733988838692536,Sanctioned in Pre-Election Year (Rush),8.866666666666667,4.0,7.5,290.0,Post-RFCTLARR 2013 (High Compensation),665.0,7.258064516129026
618389,Construction of 2-laning with Hard shoulder road of Ukhrul - Tolloi - Tadubi section of NH-102A from Design Chainage 81.870 km to 105.825 km in the State of Manipur on EPC mode under NHO-TSP Package -4,Roads & Highways,Manipur,Ministry of Road Transport & Highways,NHIDCL,0,,311,,,247.0,2021-07-09,,2024-02-28,2025-10-04,,0,0,0,,,96,0,,2021.0,19.2,,,0,1,26.733988838692536,Sanctioned in Pre-Election Year (Rush),8.866666666666667,4.0,7.5,290.0,Post-RFCTLARR 2013 (High Compensation),665.0,7.258064516129026
618355,"Construction of of 2 -Lane with paved shoulders road from Tamenglong-Tousem-Lisang-Mahur Road NH-137 starting near Dialong Village from km 10.000 at Dialong to km 31.430 near Old Tamenglong , near Barak River on EPC Mode Package-2",Roads & Highways,Manipur,Ministry of Road Transport & Highways,NHIDCL,0,,484,,,351.99,,,2023-03-16,2025-12-03,,0,0,0,,,92,0,,,32.6,,,0,1,26.733988838692536,Sanctioned in Pre-Election Year (Rush),8.866666666666667,,,,Unknown,,
618416,"Improvement of existing road to 2 laning with Hard Shoulders of Maram -Peren section Package-1A, length- 22.340Km from Design Chainage 0.000 km to 22.340 km on NH-129A in the State of Manipur on EPC mode",Roads & Highways,Manipur,Ministry of Road Transport & Highways,NHIDCL,0,,226,,,177.28,2021-11-02,,2022-12-22,2025-06-07,,0,0,0,,,74,0,,2021.0,29.5,,,0,1,26.733988838692536,Sanctioned in Pre-Election Year (Rush),8.866666666666667,4.0,7.5,290.0,Post-RFCTLARR 2013 (High Compensation),665.0,7.258064516129026
618415,"Improvement of existing road to 2 laning with Hard Shoulders of Maram-Peren section Package-1B, length- 17.660 km from Design Chainage 22.340 km to 40.000 km on NH-129A in the State of Manipur on EPC mode",Roads & Highways,Manipur,Ministry of Road Transport & Highways,NHIDCL,0,,188,,,0.0,2021-11-02,,2022-12-22,2026-03-06,,0,0,0,,,100,0,,2021.0,38.4,,,0,1,26.733988838692536,Sanctioned in Pre-Election Year (Rush),8.866666666666667,4.0,7.5,290.0,Post-RFCTLARR 2013 (High Compensation),665.0,7.258064516129026
618299,Improvement/Up-gradation of existing 2-Lane Road to 4-Lane Divided Highway from Daili to Kuraopokpi section of Imphal-Kohima road NH-02 Design Chainage from Km 274610 to Km 287000 in the state of Manipur on EPC mode Pkg-4B,Roads & Highways,Manipur,Ministry of Road Transport & Highways,NHIDCL,0,,269,,,0.0,2020-01-09,,2026-06-05,2027-01-02,,0,0,0,,,56,0,,2020.0,6.9,,,0,1,-0.5724854676765867,Sanctioned in Mid-Term,14.133333333333333,4.0,7.8,260.0,Post-RFCTLARR 2013 (High Compensation),620.0,5.982905982905984
618300,Improvement/Up-gradation of existing 2-Lane Road to 4-Lane Divided Highway from Taphukuki to Daili section of Imphal-Kohima road NH-02 Design Chainage from Km 262175 to Km 274610 in the state of Manipur on EPC mode Pkg-4A,Roads & Highways,Manipur,Ministry of Road Transport & Highways,NHIDCL,0,,379,,,272.79,2020-01-09,,2022-04-18,2025-07-12,,0,0,0,,,83,0,,2020.0,38.8,,,0,1,-0.5724854676765867,Sanctioned in Mid-Term,14.133333333333333,4.0,7.8,260.0,Post-RFCTLARR 2013 (High Compensation),620.0,5.982905982905984
618337,Widening to 2 -Lane with Paved shoulder of Imphal to Jiribam section of NH-37 from Design Chainage 33.000 km to 66.390 Km Existing Chainage from km 33.395 to km 67.496 on EPC Mode in Manipur PKG-3,Roads & Highways,Manipur,Ministry of Road Transport & Highways,NHIDCL,0,,467,,,568.72,,,2023-03-19,2026-03-02,,0,0,0,,,86,0,,,35.4,,,0,1,26.733988838692536,Sanctioned in Pre-Election Year (Rush),8.866666666666667,,,,Unknown,,
618336,Widening to 2 -Lane with Paved shoulder of Imphal to Jiribam section of NH-37 from Design Chainage 66.110 km to 101.280 Km Existing Chainage km 67.496 to km 103.557 on EPC Mode in Manipur PKG-4,Roads & Highways,Manipur,Ministry of Road Transport & Highways,NHIDCL,0,,580,,,355.94,2021-02-09,,2023-12-29,2025-08-07,,0,0,0,,,79,0,,2021.0,19.3,,,0,1,26.733988838692536,Sanctioned in Pre-Election Year (Rush),8.866666666666667,4.0,7.5,290.0,Post-RFCTLARR 2013 (High Compensation),665.0,7.258064516129026
618335,Widening to 2 Lane with Paved shoulder of lmphal to Jiribam section of NH-37 from Design Ch. from Km 101280 Near Khongsang Village to Km 131280 near Puilon Kambiron Village on EPC Mode in Manipur PKG-5,Roads & Highways,Manipur,Ministry of Road Transport & Highways,NHIDCL,0,,411,,,309.93,2021-03-12,,2024-05-12,2026-02-01,,0,0,0,,,80,0,,2021.0,20.7,,,0,1,26.733988838692536,Sanctioned in Pre-Election Year (Rush),8.866666666666667,4.0,7.5,290.0,Post-RFCTLARR 2013 (High Compensation),665.0,7.258064516129026
618334,Widening to 2 Lane with Paved shoulder of lmphal to Jiribam section of NH-37 from Design Ch. from km 131.280 to km 169.570 on EPC mode in Manipur under NHO-TSP PKG-6,Roads & Highways,Manipur,Ministry of Road Transport & Highways,NHIDCL,0,,505,,,269.89,,,2025-02-06,2025-05-09,,0,0,0,,,0,0,,,3.0,,,0,1,26.733988838692536,Sanctioned in Pre-Election Year (Rush),8.866666666666667,,,,Unknown,,
618333,Widening to 2 lane with Paved shoulder of lmphal to Jiribam section of NH-37 from Design Ch. from km 169570 Near Nungkao vlllage under Tamenglong District to km 205974 near Jiribam Bridge under Jiribam district  under NHO-NE PKG-7,Roads & Highways,Manipur,Ministry of Road Transport & Highways,NHIDCL,0,,760,,,424.3,2023-03-01,,2025-12-28,2026-12-25,,0,0,0,,,93,0,,2023.0,11.9,,,0,1,-5.897937298933953,Sanctioned in Mid-Term,-4.633333333333334,6.5,9.8,375.0,Post-RFCTLARR 2013 (High Compensation),780.0,8.333333333333325
618345,Widening to 2-lane with Hard shoulder of Churachandpur to Tuivai Section from Km 48.587 to Km 69.875 in the State of Manipur on EPC mode under NHO Package-2B,Roads & Highways,Manipur,Ministry of Road Transport & Highways,NHIDCL,0,,366,,,168.23,,,2022-08-04,2023-02-05,,0,0,0,,,64,0,,,6.1,,,0,1,-0.5724854676765867,Sanctioned in Mid-Term,14.133333333333333,,,,Unknown,,
618344,Widening to 2-lane with Hard shoulder of Churachandpur to Tuivai Section of NH-102B from Design Chainage 69.875 Km to 121.769 Km in the State of Manipur on EPC mode Package-3,Roads & Highways,Manipur,Ministry of Road Transport & Highways,NHIDCL,0,,673,,,480.59,,,2023-08-24,2025-04-06,,0,0,0,,,50,0,,,19.4,,,0,1,26.733988838692536,Sanctioned in Pre-Election Year (Rush),8.866666666666667,,,,Unknown,,
618347,Widening to 2-lane with Hard shoulder of Churachandpur to Tuivai Section of NH-102B from km 13.747 to km 32.835 in the State of Manipur on EPC mode under NHO Package-1B,Roads & Highways,Manipur,Ministry of Road Transport & Highways,NHIDCL,0,,242,,,138.96,,,2022-06-30,2025-04-06,,0,0,0,,,96,0,,,33.2,,,0,1,-0.5724854676765867,Sanctioned in Mid-Term,14.133333333333333,,,,Unknown,,
618346,Widening to 2-lane with Hard shoulder of Churachandpur to Tuivai Section of NH-102B from km 32.835 to km 48.587 in the State of Manipur on EPC mode under NHO Package-2A,Roads & Highways,Manipur,Ministry of Road Transport & Highways,NHIDCL,0,,233,,,127.15,,,2022-06-30,2023-02-05,,0,0,0,,,81,0,,,7.2,,,0,1,-0.5724854676765867,Sanctioned in Mid-Term,14.133333333333333,,,,Unknown,,
618338,Widening to 2-Lane with Paved shoulder of Imphal to Jiribam section of NH-37 from Design Chainage 15.940 km to 33.120 Km Existing Chainage Km 15.946 to Km 33.395 Total length17.180 Km in the State of Manipur on EPC mode PKG-2 - Balance Works & Rectification works,Roads & Highways,Manipur,Ministry of Road Transport & Highways,NHIDCL,0,,195,,,161.96,,,2026-03-18,2026-08-03,,0,0,0,,,93,0,,,4.5,,,0,1,26.733988838692536,Sanctioned in Pre-Election Year (Rush),8.866666666666667,,,,Unknown,,
618298,Widening/Improvement of existing 2-Lane road to 4-Lane Divided Highway from Sekmai to Nilakuthi section of  Imphal-Kohima Road Design Chainage from Km 297700 to Km 308729 of NH-39 New NH-02 in state of Manipur on EPC mode Pkg-5B,Roads & Highways,Manipur,Ministry of Road Transport & Highways,NHIDCL,0,,212,,,254.22,,,2023-01-21,2026-09-07,,0,0,0,,,94,0,,,43.5,,,0,1,26.733988838692536,Sanctioned in Pre-Election Year (Rush),8.866666666666667,,,,Unknown,,
618301,Widening/Improvement of existing 2-lane to 4-Lane Divided Highway from Kuraopokpi to Sekmai section of Imphal-Kohima Road Design Ch. km 287.00 to 297.700 of NH-39 New NH-02 in state of Manipur on EPC mode Pkg-5A,Roads & Highways,Manipur,Ministry of Road Transport & Highways,NHIDCL,0,,229,,,114.62,2020-01-09,,2026-08-27,2026-08-27,,0,0,0,,,48,0,,2020.0,0.0,,,0,0,-0.5724854676765867,Sanctioned in Mid-Term,14.133333333333333,4.0,7.8,260.0,Post-RFCTLARR 2013 (High Compensation),620.0,5.982905982905984
618306,"Widening/Improvement to 2 lane with earthen shoulder of Choithar to Marrem Khullen section of NH-202 of Imphal Ukhrul Jessami Economic Corridor from Design Chainage km 53.110 to km 95.700  in the State of Manipur on EPC mode under Bharatmala Pariyojana, under NHO-NE  Package-5",Roads & Highways,Manipur,Ministry of Road Transport & Highways,NHIDCL,0,,564,,,72.58,,,2027-03-31,2027-05-06,,0,0,0,,,14,0,,,1.2,,,0,1,-5.897937298933953,Sanctioned in Mid-Term,-4.633333333333334,,,,Unknown,,
618304,"Widening/Improvement to 2 Lane with earthen shoulder of Jessami to Laynen bridge Nagaland border section of NH-29 of Imphal -Ukhrul - Jessami Economic Corridor from km 0.000 to km 11.009 in the State of Manipur on EPC mode under Bharatmala Pariyojana, under NHO-NE Package-7",Roads & Highways,Manipur,Ministry of Road Transport & Highways,NHIDCL,0,,165,,,127.59,,,2026-06-26,2027-02-07,,0,0,0,,,27,0,,,7.4,,,0,1,-5.897937298933953,Sanctioned in Mid-Term,-4.633333333333334,,,,Unknown,,
618305,Widening/Improvement to 2 lane with earthen shoulder of Marrem Khullen to Jessami section of NH-202 of Imphal - Ukhrul - Jessami Economic Corridor from Design Chainage km 95.700 to km 140.180  in the State of Manipur on EPC mode under Bharatmala Pariyojana under NHO-NE  Package-6,Roads & Highways,Manipur,Ministry of Road Transport & Highways,NHIDCL,0,,555,,,221.02,,,2026-12-07,2027-08-02,,0,0,0,,,24,0,,,7.8,,,0,1,-5.897937298933953,Sanctioned in Mid-Term,-4.633333333333334,,,,Unknown,,
618303,Widening/Improvement to 2-lane with earthen shoulder of Yaingangpokpi - Finch corner road section of NH-202 from Km 0.000 to Km 16.900  of NH-202 in the state of Manipur on EPC mode Package-1,Roads & Highways,Manipur,Ministry of Road Transport & Highways,NHIDCL,0,,223,,,0.0,,,2022-06-30,2026-08-31,,0,0,0,,,89,0,,,50.0,,,0,1,-0.5724854676765867,Sanctioned in Mid-Term,14.133333333333333,,,,Unknown,,
618302,Widening/Improvement to 2-lane with earthen shoulder of Yaingangpokpi - Finch corner road section of NH-202 from Km 16.900 to Km 30.970 of NH-202 in the state of Manipur on EPC mode Package-2,Roads & Highways,Manipur,Ministry of Road Transport & Highways,NHIDCL,0,,256,,,0.0,,,2022-06-30,2026-08-22,,0,0,0,,,98,0,,,49.7,,,0,1,-0.5724854676765867,Sanctioned in Mid-Term,14.133333333333333,,,,Unknown,,
618420,"Construction of 2 lane with paved shoulder of Shillong Western Bypass starting from NH-06 near Ladumsaw existing km 60.900 of old NH-40 to NH-106 old NH-44E, Package-II km 12800 to km 24700 under SARDP-NE Phase A in the State of Meghalaya on EPC Mode",Roads & Highways,Meghalaya,Ministry of Road Transport & Highways,NHIDCL,0,,686,,,228.79,,,2026-09-01,2026-09-02,,0,0,0,,,47,0,,,0.0,,,0,0,-5.897937298933953,Sanctioned in Election Year,3.5333333333333337,,,,Unknown,,
618421,"Construction of 2-Lane with paved shoulder of Shillong Western Bypass starting from NH-06 near Ladumsaw Existing km 60.900 of old NH-40 to NH106 old NH-44E, km 0000 to km 12800 Package-I under SARDP-NE PHASE A in the State of Meghalaya on EPC Mode Greenfield alignment",Roads & Highways,Meghalaya,Ministry of Road Transport & Highways,NHIDCL,0,,620,,,215.93,2023-07-03,,2026-09-01,2026-09-02,,0,0,0,,,69,0,,2023.0,0.0,,,0,0,-5.897937298933953,Sanctioned in Election Year,3.5333333333333337,6.5,9.8,375.0,Post-RFCTLARR 2013 (High Compensation),780.0,8.333333333333325
618419,"Construction of 2-Lane with paved shoulders of Shillong Western Bypass starting from NH-06 near Ladumsaw existing Km 60.900 of old NH40 to NH106 old NH 44E Package-III, from km 24700 to km 38256 under SARDP-NE PHASE A in the state of Meghalaya on EPC Mode Greenfield alignment",Roads & Highways,Meghalaya,Ministry of Road Transport & Highways,NHIDCL,0,,562,,,254.54,,,2026-09-01,2026-09-02,,0,0,0,,,52,0,,,0.0,,,0,0,-5.897937298933953,Sanctioned in Election Year,3.5333333333333337,,,,Unknown,,
618294,Improvement and Widening of National Highway No. 127B Darugiri - Songsak - Williamnagar Junction Section to two lane with paved shoulder from design Km 0000 to Km 36635 Design length 36.635 Km existing Km 112000 to Km 151060 of NH-1278 under Bharatmala Pariyojana Lot-1 Pkg-1B Meghalaya portion,Roads & Highways,Meghalaya,Ministry of Road Transport & Highways,NHIDCL,0,,801,,,176.12,,,2027-09-26,2027-09-26,,0,0,0,,,26,0,,,0.0,,,0,0,-5.897937298933953,Sanctioned in Election Year,3.5333333333333337,,,,Unknown,,
618076,Improvement and Widening two lannig with paved Shoulder of NH 127B from km 31.500 Goeragre to km 63.224 Package-II in state of Meghalaya,Roads & Highways,Meghalaya,Ministry of Road Transport & Highways,MoRTH,0,,504,350.67,,0.0,2023-08-12,,2027-05-15,,,0,0,0,,,2,0,,2023.0,0.0,-153.32999999999998,-30.422619047619044,0,0,-5.897937298933953,Sanctioned in Election Year,3.5333333333333337,6.5,9.8,375.0,Post-RFCTLARR 2013 (High Compensation),780.0,8.333333333333325
618295,Improvement/Widening of New NH-217 Dainadubi-Darugiri section to Two lane with paved shoulder in Meghalaya from design Km 0000 to Km 40840 existing Km 8600 to Km 53000 of Old NH-62 under BMP Lot-1 Pkg-1B Meghalaya portion,Roads & Highways,Meghalaya,Ministry of Road Transport & Highways,NHIDCL,0,,706,,,0.0,,,2027-03-20,2027-03-19,,0,0,0,,,46,0,,,-0.0,,,0,0,-5.897937298933953,Sanctioned in Election Year,3.5333333333333337,,,,Unknown,,
618374,Improvement/Widening to 2-L with Paved Shoulder/ 4-Laning of NH-40 section from Km 151330 to Km 163400 design Km 63.530 to Km 71.520 including Dawki Bridge of length 368 m between Shillong-Dawki under JICA ODA Loan assistance Phase-II Pkg-5 -Balance work,Roads & Highways,Meghalaya,Ministry of Road Transport & Highways,NHIDCL,0,,284,,,170.81,,,2026-11-13,2026-11-13,,0,0,0,,,42,0,,,0.0,,,0,0,-0.5724854676765867,Sanctioned in Mid-Term,1.4666666666666668,,,,Unknown,,
618377,Improvement/Widening to 2-L with Paved Shoulder/4-L from Km 81740 to Km 93490 design Km 0000 to Km 10670 of NH-40 New NH-106 & 206 section & 4-L from design Km 0.00 to Km 0.930 of NH-44 section between Shillong-Dawki under JICA ODA Loan assistance Phase-II -Balance Work Pkg-1,Roads & Highways,Meghalaya,Ministry of Road Transport & Highways,NHIDCL,0,,351,,,0.0,,,2025-10-22,2026-06-15,,0,0,0,,,100,0,,,7.8,,,0,1,-0.5724854676765867,Sanctioned in Mid-Term,1.4666666666666668,,,,Unknown,,
618376,Improvement/Widening to 2-Lane with Paved Shoulder between Shillong-Dawki road up to Bangladesh Border from design Km 10.670 to Km 37.550 under JICA ODA Loan assistance Phase-II -Balance Work-Pkg-2,Roads & Highways,Meghalaya,Ministry of Road Transport & Highways,NHIDCL,0,,526,,,0.0,,,2026-08-07,2026-12-31,,0,0,0,,,51,0,,,4.8,,,0,1,-0.5724854676765867,Sanctioned in Mid-Term,1.4666666666666668,,,,Unknown,,
618375,Improvement/Widening to 2-Lane with Paved Shoulder from design Km 45.760 to Km 63.530 between Shillong-Dawki under JICA ODA Loan assistance Phase-II -Balance work Pkg-4,Roads & Highways,Meghalaya,Ministry of Road Transport & Highways,NHIDCL,0,,446,,,18.92,,,2026-04-19,2026-07-04,,0,0,0,,,47,0,,,2.5,,,0,1,-0.5724854676765867,Sanctioned in Mid-Term,1.4666666666666668,,,,Unknown,,
618418,Rehabilitation and up gradation of Nongstoin-Rambrai-Kyrshai road up to Meghalaya-Assam border from Km 0.335 to km 34.039 to 2-Lane under NHO - NE in the State of Meghalaya  Package-1,Roads & Highways,Meghalaya,Ministry of Road Transport & Highways,NHIDCL,0,,360,,,151.89,,,2024-05-25,2025-06-03,,0,0,0,,,79,0,,,12.3,,,0,1,26.733988838692536,Sanctioned in Mid-Term,3.233333333333334,,,,Unknown,,
617885,Rehabilitation and Up-gradation of Nongstoin  Wahkaji section of Project Road Km 0000 to Km 43060 to Intermediate Lane with earthern shoulder under SARDP-NE Phase-A in the State of Meghalaya on EPC mode.   Job No- SARDP-NE  ong-Don-Maw/MG/2020-21/294   ,Roads & Highways,Meghalaya,Ministry of Road Transport & Highways,MoRTH,0,,303,,,182.58,,,2023-08-10,2026-06-30,,0,0,0,,,99,0,,,34.7,,,0,1,-0.5724854676765867,Sanctioned in Mid-Term,1.4666666666666668,,,,Unknown,,
618452,"2-laning of Zorinpui - Longmasu section of NH-502A from km 0.000 to km 28.244 in the State of Mizoram on EPC mode under NHO-NE, stretch of IMBR",Roads & Highways,Mizoram,Ministry of Road Transport & Highways,NHIDCL,0,,782,,,20.64,,,2026-12-06,2027-07-03,,0,0,0,,,5,0,,,6.9,,,0,1,-5.897937298933953,Sanctioned in Election Year,-0.666666666666667,,,,Unknown,,
618316,4-Laning  of Vairengte - Chhimluang section Package-3 of NH-306 from Existing Chainage km 43000 to Km 59700 Design Chainage km 46000 to km 60850 on Silchar - Vairengte- Sairang road in the State of Mizoram under Bharatmala Pariyojna under NHO-NE. Package-1&2 in Assam state,Roads & Highways,Mizoram,Ministry of Road Transport & Highways,NHIDCL,0,,491,,,237.85,2021-03-12,,2027-01-07,2026-12-30,,0,0,0,,,18,0,,2021.0,0.0,,,0,0,26.733988838692536,Sanctioned in Mid-Term,-3.8,4.0,7.5,290.0,Post-RFCTLARR 2013 (High Compensation),665.0,7.258064516129026
618317,4-Laning of chhimluang-Kolasib from section pkg-4 of NH-306 & NH-6 existing chainage km 59700 to km 86000 design chainage km 61000 to km 77500 on Silchar-vairengte-sairang road in the state of Mizoram under Bharatmala Pariyojna on EPC mode Vairengte - Sairang Pkg-4,Roads & Highways,Mizoram,Ministry of Road Transport & Highways,NHIDCL,0,,562,,,0.0,,,2027-01-07,2026-12-30,,0,0,0,,,17,0,,,0.0,,,0,0,26.733988838692536,Sanctioned in Mid-Term,-3.8,,,,Unknown,,
618318,4-Laning of Kolasib - Sethawn section Package-5 of NH-6 from Existing Chainage km 86000 to km 107850 Design Chainage km 77500 to km 95500 on silchar - vairengte - sairang road under Bharatmala Pariyojna on EPC mode under NHO-NE Vairengte - Sairang Pkg-5,Roads & Highways,Mizoram,Ministry of Road Transport & Highways,NHIDCL,0,,720,,,247.14,,,2027-07-07,2027-06-28,,0,0,0,,,12,0,,,0.0,,,0,0,26.733988838692536,Sanctioned in Mid-Term,-3.8,,,,Unknown,,
618319,"4-Laning of Sethawn - N. Kawnpui section Package-6 of NH-6 from Existing Chainage km 107850 to km 126315 Design Chainage km 95500 to km 111850 on Silchar-Vairengte- Sairang road, Vairengte - Sairang Pkg-6",Roads & Highways,Mizoram,Ministry of Road Transport & Highways,NHIDCL,0,,596,,,173.14,,,2027-01-07,2026-12-30,,0,0,0,,,7,0,,,0.0,,,0,0,26.733988838692536,Sanctioned in Mid-Term,-3.8,,,,Unknown,,
619321,Balance work of widening to two laning/re-alignment and geometric improvement from Km. 11000 to Km. 114618 with rectification of damaged stretches and provision of protection works in vulnerable location of NH-44 in the State of Mizoram.,Roads & Highways,Mizoram,Ministry of Road Transport & Highways,MoRTH,0,,171,,,0.0,2025-08-10,,2028-05-12,,,0,0,0,,,2,0,,2025.0,0.0,,,0,0,1.889931456711258,Sanctioned in Mid-Term,-3.2,6.25,9.5,465.0,Post-RFCTLARR 2013 (High Compensation),895.0,6.547619047619047
618324,Construction of 2-lane Aizawl Bypass from km 15.200 to km 34.500 Package-3 on Sairang - Phaibawk section of NH-6 in the State of Mizoram under Bharatmala Pariyojna on EPC Mode under NHO-NE,Roads & Highways,Mizoram,Ministry of Road Transport & Highways,NHIDCL,0,,721,,,0.0,,,2028-11-10,,,0,0,0,,,15,0,,,0.0,,,0,0,-5.897937298933953,Sanctioned in Election Year,-0.666666666666667,,,,Unknown,,
618363,Construction of 2-laning with hard shoulder configuration of Chhumkhum to Tlabung from Design Chainage Km 37.420 to Km 74.950 of NH-302 in Mizoram under Bharatmala Pariyojana on EPC mode [Pkg-B],Roads & Highways,Mizoram,Ministry of Road Transport & Highways,NHIDCL,0,,741,,,381.94,,,2023-01-09,2025-05-30,,0,0,0,,,61,0,,,28.6,,,0,1,26.733988838692536,Sanctioned in Mid-Term,-3.8,,,,Unknown,,
618362,Construction of 2-laning with hard shoulder of Lunglei to Chhumkhum from Design Chainage Km 0.000 to Km 37.420 of NH-302 [Lunglei-Tlabung] Package-A,Roads & Highways,Mizoram,Ministry of Road Transport & Highways,NHIDCL,0,,698,,,552.89,,,2022-12-30,2026-11-15,,0,0,0,,,65,0,,,46.5,,,0,1,26.733988838692536,Sanctioned in Mid-Term,-3.8,,,,Unknown,,
618320,Construction of 4-Laning of N. Kawnpui N. Mualvum Mualkhang via Khamrang Village section Package-7 of NH-6 from Existing Chainage km 127200 to km 142000 Design Chainage km 111850 to km 123400 on Silchar - Vairengte - Sairang road in the State of Mizoram on EPC mode,Roads & Highways,Mizoram,Ministry of Road Transport & Highways,NHIDCL,0,,866,,,0.0,2024-12-02,,2028-10-28,,,0,0,0,,,19,0,,2024.0,0.0,,,0,0,0.7306609465075553,Sanctioned in Mid-Term,3.65,6.5,9.85,420.0,Post-RFCTLARR 2013 (High Compensation),840.0,7.692307692307687
618321,Construction of 4-Laning of West Serawlg-Sairang section  of NH-6 from Existing Chainage km 142000 to km 158900 Design Chainage km 123400 to km 136260 on Silchar - Vairengte - Sairang road in the State of Mizoram under Bharatmala Pariyojna on EPC mode under NHO-NE Package-8,Roads & Highways,Mizoram,Ministry of Road Transport & Highways,NHIDCL,0,,876,,,0.0,2024-12-02,,2028-11-01,,,0,0,0,,,14,0,,2024.0,0.0,,,0,0,0.7306609465075553,Sanctioned in Mid-Term,3.65,6.5,9.85,420.0,Post-RFCTLARR 2013 (High Compensation),840.0,7.692307692307687
618323,Construction of Twin Tube Uni-directional Aizawl Bypass Tunnel of 2.5 km and its approaches of 2.1 km from km 10.600 to km 15.200 on Sarrang - Phaibawk section of NH-6 in the State of Mizoram on EPC Mode under NHO-NE  Package-2,Roads & Highways,Mizoram,Ministry of Road Transport & Highways,NHIDCL,0,,1313,,,0.0,2024-10-01,,2028-12-02,,,0,0,0,,,0,0,,2024.0,0.0,,,0,0,0.7306609465075553,Sanctioned in Mid-Term,3.65,6.5,9.85,420.0,Post-RFCTLARR 2013 (High Compensation),840.0,7.692307692307687
618343,"Rehabilitation and Up gradation to 2-lane with paved shoulder of Keifang Section Economic Corridor of NH-06 from Existing Chainage Km 30050 Keifang to Km 50360 Keifang, Design Chainage Km 27400 to Km 45040  PkgIII  in the State of Mizoram under Bharatmala Pariyojna on EPC Mode Seling-Dulte - III",Roads & Highways,Mizoram,Ministry of Road Transport & Highways,NHIDCL,0,,292,,,,,,2022-06-30,2024-12-02,,0,0,0,,,0,0,,,29.1,,,0,1,-0.5724854676765867,Sanctioned in Mid-Term,3.533333333333333,,,,Unknown,,
618342,Rehabilitation and upgradation to 2 Lane with Paved shoulder of Economic corridor  of NH-6 from Design chaiange Km 0.000 to Km 13.510 Package-1 in the state  of Mizoram under Bharatmala Pariyojana on EPC mode,Roads & Highways,Mizoram,Ministry of Road Transport & Highways,NHIDCL,0,,207,,,,,,2022-06-30,2024-06-30,,0,0,0,,,0,0,,,24.0,,,0,1,-0.5724854676765867,Sanctioned in Mid-Term,3.533333333333333,,,,Unknown,,
619010,Up-gradation to 2 lane with paved shoutders of Pawlrang - Rulchawm section- of NH-102B of Aizawl - Imphal Economic Corridor from Existing Chainage km 72.030 to km 104.129 including 2.459 km re-alignment section from Tuivai River to Rulchawm connecting km 48.150 of NH-6 [Design Chainage km 68.170 to km 98.579] in the State of Mizoram under Bharatmala Pariyojna on EPC mode under NHO-NE Package-3  Keifang- Tuivai Pkg-3,Roads & Highways,Mizoram,Ministry of Road Transport & Highways,NHIDCL,0,,501,,,305.45,,,2025-05-08,2025-07-12,,0,0,0,,,75,0,,,2.1,,,0,1,26.733988838692536,Sanctioned in Mid-Term,-3.8,,,,Unknown,,
618341,Up-gradation to 2-lane with paved shoulders of Ngopa - Pawlrang section of NH 102B of Aizawl - Imphal Economic Corridor from Existing Chainage km 32.796 to km 72.030 [Design Chainage km 31.280 to km 68.170] in the State of Mizoram under Bharatmala Pariyojna on EPC mode under NHO-NE Package-2  Keifang- Tuivai Pkg-2,Roads & Highways,Mizoram,Ministry of Road Transport & Highways,NHIDCL,0,,524,,,394.29,,,2025-02-22,2026-06-01,,0,0,0,,,95,0,,,15.2,,,0,1,26.733988838692536,Sanctioned in Mid-Term,-3.8,,,,Unknown,,
618380,Widening and Up-gradation to 2- Lane with Paved Shoulder Configuration and geometric improvement from Km. 125. 000 to Km 166 Package-3 on Aizawl Tuipang Section of NH-54 in the State of Mizoram Package-3,Roads & Highways,Mizoram,Ministry of Road Transport & Highways,NHIDCL,0,,867,,,159.47,,,2023-04-24,2025-04-03,,0,0,0,,,98,0,,,23.3,,,0,1,-3.287904599659297,Sanctioned in Mid-Term,3.733333333333333,,,,Unknown,,
618384,Widening and Up-gradation to 2- Lane with Paved Shoulder Configuration and geometric improvement from Km. 166. 000 to Km 208.000 Package-4 on Aizawl Tuipang Section of NH-54 in the State of Mizoram Package-4,Roads & Highways,Mizoram,Ministry of Road Transport & Highways,NHIDCL,0,,899,,,191.59,,,2023-04-24,2025-04-20,,0,0,0,,,100,0,,,23.9,,,0,1,-3.287904599659297,Sanctioned in Mid-Term,3.733333333333333,,,,Unknown,,
618379,Widening and Up-gradation to 2- Lane with Paved Shoulder Configuration and geometric improvement from Km. 208. 000 to Km 250.000 Package-5 on Aizawl Tuipang Section of NH-54 in the State of Mizoram Package-5,Roads & Highways,Mizoram,Ministry of Road Transport & Highways,NHIDCL,0,,753,,,125.62,,,2023-04-24,2026-06-30,,0,0,0,,,95,0,,,38.2,,,0,1,-3.287904599659297,Sanctioned in Mid-Term,3.733333333333333,,,,Unknown,,
618381,Widening and up-gradation to 2-lane with paved shoulder configuration and geometric improvements from km 250.00 Lunglei to km 298.00 on Aizawl-Tuipang section under JICA ODA Loan assistance Phase-I Package-6,Roads & Highways,Mizoram,Ministry of Road Transport & Highways,NHIDCL,0,,769,,,168.78,,,2023-06-16,2025-05-15,,0,0,0,,,99,0,,,23.0,,,0,1,-3.287904599659297,Sanctioned in Mid-Term,3.733333333333333,,,,Unknown,,
618382,Widening and up-gradation to 2-lane with paved shoulder configuration and geometric improvements from km 298.00 to km 339.00 on Aizawl-Tuipang section under JICA ODA Loan assistance Phase-I Package-7,Roads & Highways,Mizoram,Ministry of Road Transport & Highways,NHIDCL,0,,606,750.32,,0.01,,,2024-04-01,2025-03-29,,0,0,0,,,100,0,,,11.9,144.32000000000005,23.815181518151824,1,1,-3.287904599659297,Sanctioned in Mid-Term,3.733333333333333,,,,Unknown,,
618383,Widening and up-gradation to 2-lane with paved shoulder configuration and geometric improvements from km 339.00 to km 380.00 Siaha on Aizawl-Tuipang section under JICA ODA Loan assistance Phase-I Package-8,Roads & Highways,Mizoram,Ministry of Road Transport & Highways,NHIDCL,0,,637,,,101.89,,,2023-09-15,2025-06-30,,0,0,0,,,100,0,,,21.5,,,0,1,-3.287904599659297,Sanctioned in Mid-Term,3.733333333333333,,,,Unknown,,
618908,3L Major Bridge over River Brahmani at Km. 401.250 Duburi - Chandikhole Section of NH-200 New NH -53,Roads & Highways,Odisha,Ministry of Road Transport & Highways,National Highways Authority of India [NHAI],0,,154,103.68,,73.59,,,2025-01-31,2027-09-30,,0,0,0,,,38,0,,,31.9,-50.31999999999999,-32.67532467532467,0,1,10.80589921017685,Sanctioned in Mid-Term,-0.2333333333333331,,,,Unknown,,
619158,4 Laning of Duburi Chandikhole from km 388.376 to km 428.074 Pkg-III,Roads & Highways,Odisha,Ministry of Road Transport & Highways,NHAI,0,,789,907.61,,724.86,,,2022-08-09,2026-10-31,,0,0,0,,,86,0,,,50.7,118.61000000000001,15.032953105196453,1,1,10.974572265809623,Sanctioned in Pre-Election Year (Rush),4.499999999999999,,,,Unknown,,
619157,4 Laning of Talcher to end of Kamakhyanagar Bypass km 8.844 - km 15.725 of NH-149 and km 301.875 - km 335.946 of NH-53 Pkg-I,Roads & Highways,Odisha,Ministry of Road Transport & Highways,National Highways Authority of India [NHAI],0,,795,810.71,,397.12,,,2021-08-19,2026-04-15,,0,0,0,,,99,0,,,55.8,15.710000000000036,1.976100628930822,1,1,10.974572265809623,Sanctioned in Pre-Election Year (Rush),4.499999999999999,,,,Unknown,,
618913,4-L of Rajamunda to Barkote Section of NH-23 from km. 287.200 to km. 337.185,Roads & Highways,Odisha,Ministry of Road Transport & Highways,National Highways Authority of India [NHAI],0,,610,630.97,,114.77,,,2021-06-13,2024-12-31,,0,0,0,,,96,0,,,42.6,20.970000000000027,3.437704918032791,1,1,10.26683343756516,Sanctioned in Mid-Term,-4.566666666666666,,,,Unknown,,
618705,"4L Godibandha to Ballhar Chhak, Ballhar Chhak to Banarpal & Banarpal to Start of Angul bypass at Km.314.130 to Km.321.035 of NH53, at Km.75.200 to Km.84.000 of NH149 & at Km.84.000 to Km.86.100 of NH55",Roads & Highways,Odisha,Ministry of Road Transport & Highways,National Highways Authority of India [NHAI],0,,973,,,153.23,,,2028-02-23,2028-02-28,,0,0,0,,,2,0,,,0.2,,,0,1,0.7306609465075553,Sanctioned in Election Year,5.15,,,,Unknown,,
618704,6L Flyover including RE Wall approaches with Flexible Pavement in the Elephant Corridor of Angul  Sambalpur Section of NH-42 New NH-55 Km.202.533,Roads & Highways,Odisha,Ministry of Road Transport & Highways,National Highways Authority of India [NHAI],0,,151,106.32,,102.13,,,2027-01-20,2026-06-20,,0,0,0,,,100,0,,,0.0,-44.68000000000001,-29.58940397350994,0,0,-5.897937298933953,Sanctioned in Pre-Election Year (Rush),0.7000000000000002,,,,Unknown,,
618680,6L Greenfield  Kandili - Aluru Section of NH-130-CD Road from km 342500 to km 365033 Package-OD-8,Roads & Highways,Odisha,Ministry of Road Transport & Highways,NHAI,0,,1493,1912.84,,1064.81,,,2024-10-17,2026-07-31,,0,0,0,,,100,0,,,21.4,419.8399999999999,28.120562625586064,1,1,26.733988838692536,Sanctioned in Mid-Term,-2.7999999999999994,,,,Unknown,,
618678,6L Greenfield Baunsaguar - Baraja Section of NH-130-CD Road from km 293000 to km 338500 Package  OD-6,Roads & Highways,Odisha,Ministry of Road Transport & Highways,NHAI,0,,1266,1635.44,,969.31,,,2024-05-31,2026-07-31,,0,0,0,,,99,0,,,26.0,369.44000000000005,29.18167456556083,1,1,26.733988838692536,Sanctioned in Mid-Term,-2.7999999999999994,,,,Unknown,,
618677,6L Greenfield Kaliagura   Baunsaguar Section of NH-130-CD Road from km 249000 to km 293000 Package  OD-5,Roads & Highways,Odisha,Ministry of Road Transport & Highways,National Highways Authority of India [NHAI],0,,1540,1918.49,,952.14,2021-03-09,,2024-05-29,2026-06-30,,0,0,0,,,94,0,,2021.0,25.0,378.49,24.577272727272728,1,1,26.733988838692536,Sanctioned in Mid-Term,-2.7999999999999994,4.0,7.5,290.0,Post-RFCTLARR 2013 (High Compensation),665.0,7.258064516129026
619109,6L of Badakumari - Karki Section from Km 179.000 to km 226.500 of NH-130-CD Package  OD-3,Roads & Highways,Odisha,Ministry of Road Transport & Highways,National Highways Authority of India [NHAI],0,,1102,1374.43,,560.92,,,2024-04-11,2026-05-31,,0,0,0,,,100,0,,,25.6,272.43000000000006,24.721415607985485,1,1,26.733988838692536,Sanctioned in Mid-Term,-2.7999999999999994,,,,Unknown,,
619075,6L of Bhubaneswar - Jagatpur - Chandikhole Section of NH-16,Roads & Highways,Odisha,Ministry of Road Transport & Highways,National Highways Authority of India [NHAI],0,,639,632.89,,52.23,,,2014-06-10,2026-05-07,,0,0,0,,,97,0,,,142.9,-6.110000000000014,-0.9561815336463245,0,1,-3.3825944170771782,Sanctioned in Election Year,-7.433333333333334,,,,Unknown,,
619213,6L of Hatibena - Badakumari Section from Km 146.50 to km 179.00 of NH-130-CD Package  OD-2,Roads & Highways,Odisha,Ministry of Road Transport & Highways,NHAI,0,,791,1070.63,,733.58,2021-11-02,,2024-03-02,2026-07-31,,0,0,0,,,100,0,,2021.0,28.9,279.6300000000001,35.35145385587865,1,1,26.733988838692536,Sanctioned in Mid-Term,-2.7999999999999994,4.0,7.5,290.0,Post-RFCTLARR 2013 (High Compensation),665.0,7.258064516129026
618592,"Balance work of 8 nos. of Elephant Underpasses EUPs, 1 no. of Vehicular Underpass VUP, 1 nos. of Light Vehicular Underpass LVUP, 1 nos. of Pedestrian Underpass PUP, 1 nos. of Foot Over Bridge FOB and A2 side approach of Jharpokharia Flyover at Km.215.270 in Baharagora-Singhara section of NH-49",Roads & Highways,Odisha,Ministry of Road Transport & Highways,NHAI,0,,321,244.85,,54.79,,,2026-05-02,2027-10-31,,0,0,0,,,23,0,,,18.0,-76.15,-23.722741433021806,0,1,-5.897937298933953,Sanctioned in Pre-Election Year (Rush),0.7000000000000002,,,,Unknown,,
618819,Balance work of Panikoili Rimoli Section of new NH-20 from Km 0.00 to Km. 163.000,Roads & Highways,Odisha,Ministry of Road Transport & Highways,National Highways Authority of India [NHAI],0,,183,200.79,,89.36,2020-08-09,,2022-03-11,2022-07-10,,0,0,0,,,99,0,,2020.0,4.0,17.789999999999992,9.72131147540983,1,1,-0.5724854676765867,Sanctioned in Mid-Term,3.1666666666666665,4.0,7.8,260.0,Post-RFCTLARR 2013 (High Compensation),620.0,5.982905982905984
618593,Balance work of Rehabilitation and Upgradation to four laning of Baharagora  Singhara section of NH-49 from Km.229.727 to Km.238.990 Length  9.263 Km. including construction of five nos. of Elephant Underpasses EUP and fourteen nos. of Animal Underpasses AUP inside the buffer zone of Similipal Tiger Reserve Area in Bangriposi Ghat section in the State of Odisha on EPC Mode,Roads & Highways,Odisha,Ministry of Road Transport & Highways,National Highways Authority of India [NHAI],0,,263,163.07,,8.76,,,2027-11-22,2027-11-22,,0,0,0,,,8,0,,,0.0,-99.93,-37.99619771863118,0,0,1.889931456711258,Sanctioned in Mid-Term,7.3,,,,Unknown,,
618523,Bhadrak KM 136.500 to Baleshwar KM 199.141,Roads & Highways,Odisha,Ministry of Road Transport & Highways,NHAI,0,,845,1394.82,,783.79,,,2021-09-15,2026-11-30,,0,0,0,,,91,0,,,62.5,549.8199999999999,65.06745562130178,1,1,-0.6909719065369746,Sanctioned in Election Year,-3.333333333333332,,,,Unknown,,
617923,Construction of  Daspalla Bypass from km 195.250 To 200.635 of NH-57 including land acquisition in the state of Odisha on EPC mode under Annual Plan 2022-23.,Roads & Highways,Odisha,Ministry of Road Transport & Highways,MoRTH,0,,156,,,36.6,,,2027-05-16,2027-05-16,,0,0,0,,,18,0,,,0.0,,,0,0,-5.897937298933953,Sanctioned in Pre-Election Year (Rush),0.7000000000000002,,,,Unknown,,
617905,Construction of 4 lane ROB with approaches in lieu of LC No. RV-172 at km 176.00 of NH-201 present NH-26 at Kesinga including land acquisition in the state of Odisha on EPC mode under Annual Plan 2021-22,Roads & Highways,Odisha,Ministry of Road Transport & Highways,MoRTH,0,,324,,,84.57,,,2025-05-08,2026-10-31,,0,0,0,,,70,0,,,17.8,,,0,1,26.733988838692536,Sanctioned in Mid-Term,-2.7999999999999994,,,,Unknown,,
618591,"Construction of 6-lane flyover at Ainthapali junction and a 2-lane ROB LHS on NH-53 Earlier NH-6 in Sambalpur, on EPC mode in Odisha under NHO",Roads & Highways,Odisha,Ministry of Road Transport & Highways,National Highways Authority of India [NHAI],0,,374,211.74,,103.78,2024-11-03,,2026-12-18,2026-12-18,,0,0,0,,,51,0,,2024.0,0.0,-162.26,-43.38502673796791,0,0,0.7306609465075553,Sanctioned in Election Year,5.15,6.5,9.85,420.0,Post-RFCTLARR 2013 (High Compensation),840.0,7.692307692307687
617930,Construction of Bypass on NH-59 from Km 336/350 to 349/910 13.56 km near Berhampur town including 4-lane RoB in the state of Odisha.,Roads & Highways,Odisha,Ministry of Road Transport & Highways,MoRTH,0,,197,,,51.15,,,2025-12-11,2026-06-30,,0,0,0,,,75,0,,,6.6,,,0,1,26.733988838692536,Sanctioned in Mid-Term,-2.7999999999999994,,,,Unknown,,
617904,Construction of Bypass road to Balangir town from km 72/400 Desing km 0/0 to km 79/800 Design km 11/670 of NH-26 in the State of Odisha.,Roads & Highways,Odisha,Ministry of Road Transport & Highways,MoRTH,0,,239,,,6.09,,,2025-10-25,2026-07-31,,0,0,0,,,55,0,,,9.2,,,0,1,10.80589921017685,Sanctioned in Mid-Term,-0.2333333333333331,,,,Unknown,,
617925,Construction of Bypass to Khordha town from Km 294/000 to 300/300 on NH-57 including LA in the State of Odisha on EPC mode.,Roads & Highways,Odisha,Ministry of Road Transport & Highways,MoRTH,0,,157,,,33.61,2022-09-02,,2024-11-02,2025-07-01,,0,0,0,,,35,0,,2022.0,7.9,,,0,1,10.80589921017685,Sanctioned in Mid-Term,-0.2333333333333331,6.25,9.2,330.0,Post-RFCTLARR 2013 (High Compensation),720.0,8.270676691729317
617924,Construction of bypass to Nayagarh town from km 235.469 to 252.482 of NH-57 including land acquisition in the state of Odisha.,Roads & Highways,Odisha,Ministry of Road Transport & Highways,MoRTH,0,,300,,,82.33,,,2025-04-30,2026-03-31,,0,0,0,,,100,0,,,11.0,,,0,1,10.80589921017685,Sanctioned in Mid-Term,-0.2333333333333331,,,,Unknown,,
618079,Construction of Dharmagarh Bypass on NH-130C including land acquisition in the state of Odisha on EPC Mode under Annual plan 2022-23.,Roads & Highways,Odisha,Ministry of Road Transport & Highways,MoRTH,0,,173,,,0.0,,,2026-10-21,2026-10-21,,0,0,0,,,15,0,,,0.0,,,0,0,-5.897937298933953,Sanctioned in Pre-Election Year (Rush),0.7000000000000002,,,,Unknown,,
618003,Construction of four lane ROB and its approaches in lieu of existing Level Crossing No. RV-71 at km 435 on NH-217 New NH-353 at Khariar including land acquisition under NHO in Annual Plan 2021-22 for the state of Odisha for F.Y. 2021-22 to F.Y 2033-34,Roads & Highways,Odisha,Ministry of Road Transport & Highways,MoRTH,0,,154,,,22.32,,,2024-12-26,2026-06-30,,0,0,0,,,72,0,,,18.1,,,0,1,26.733988838692536,Sanctioned in Mid-Term,-2.7999999999999994,,,,Unknown,,
617922,Construction of Jharsuguda Bypass including Land acqusition on NH-49 from km 258.636 to km 283.300 design chainage 258.636 to km 289.876 under NHO in Annual Plan 2022-23 for the state of Odisha Job No.NH-49-OD-2022-23-655,Roads & Highways,Odisha,Ministry of Road Transport & Highways,MoRTH,0,,587,,,52.43,,,2027-07-07,2027-07-07,,0,0,0,,,21,0,,,0.0,,,0,0,26.733988838692536,Sanctioned in Mid-Term,-2.7999999999999994,,,,Unknown,,
617902,construction or By-pass road on NH-26 for Nabrangpur Town,Roads & Highways,Odisha,Ministry of Road Transport & Highways,MoRTH,0,,169,,,10.62,,,2026-12-01,2026-12-31,,0,0,0,,,35,0,,,1.0,,,0,1,-5.897937298933953,Sanctioned in Pre-Election Year (Rush),0.7000000000000002,,,,Unknown,,
619119,Cuttack-Angul Section of NH-42 New NH-55 from km 0.400 to km 60.200 Pkg-I in the State of Odisha,Roads & Highways,Odisha,Ministry of Road Transport & Highways,National Highways Authority of India [NHAI],0,,999,1178.31,,497.62,,,2020-07-16,2026-04-30,,0,0,0,,,99,0,,,69.4,179.30999999999995,17.948948948948942,1,1,10.26683343756516,Sanctioned in Mid-Term,-4.566666666666666,,,,Unknown,,
619215,Cuttack-Angul Section of NH-42 New NH-55 from Km.60.200 to Km. 112.000 Pkg-II in the State of Odisha,Roads & Highways,Odisha,Ministry of Road Transport & Highways,NHAI,0,,991,1168.82,,1083.76,,,2020-09-06,2026-09-30,,0,0,0,,,100,0,,,72.8,177.81999999999994,17.94349142280524,1,1,10.26683343756516,Sanctioned in Mid-Term,-4.566666666666666,,,,Unknown,,
619118,Four Laning of Angul to Sambalpur from Km.112.000 to Km.265.000,Roads & Highways,Odisha,Ministry of Road Transport & Highways,NHAI,0,,2510,2632.91,,2459.45,,,2019-08-31,2026-07-31,,0,0,0,,,100,0,,,83.0,122.90999999999985,4.896812749003978,1,1,0.6082214765100735,Sanctioned in Mid-Term,-5.2,,,,Unknown,,
617898,New construction of Major Bridge with Approaches from Km 0.000 to 1.200 Madhopur -Badabanta section of NH-20 under NHO in Annual Plan 2022-23 in the State of Odisha,Roads & Highways,Odisha,Ministry of Road Transport & Highways,MoRTH,0,,200,,,0.1,,,2027-10-09,2027-10-09,,0,0,0,,,0,0,,,0.0,,,0,0,-5.897937298933953,Sanctioned in Pre-Election Year (Rush),0.7000000000000002,,,,Unknown,,
618821,Rehabilitation and Up gradation from 4 to 8 laning of Chandikhole  Paradip Section of NH-53 Old NH  5A from Km 18.00 to Km 39.00 in the State of Odisha on HAM mode Package-2,Roads & Highways,Odisha,Ministry of Road Transport & Highways,National Highways Authority of India [NHAI],0,,920,950.4,,403.51,,,2025-12-14,2026-06-30,,0,0,0,,,91,0,,,6.5,30.399999999999977,3.3043478260869543,1,1,-5.897937298933953,Sanctioned in Pre-Election Year (Rush),0.7000000000000002,,,,Unknown,,
618822,Rehabilitation and Up gradation from 4 to 8 laning of Chandikhole  Paradip Section of NH-53 Old NH  5A from Km.0.00 to Km.18.00Package-1,Roads & Highways,Odisha,Ministry of Road Transport & Highways,NHAI,0,,930,869.45,,398.91,,,2025-12-14,2026-08-31,,0,0,0,,,92,0,,,8.5,-60.549999999999955,-6.510752688172038,0,1,-5.897937298933953,Sanctioned in Pre-Election Year (Rush),0.7000000000000002,,,,Unknown,,
618820,Rehabilitation and Up gradation from 4 to 8 laning of Chandikhole  Paradip Section of NH-53 Old NH  5A from Km.39.000 to Km.60.00 Package-3,Roads & Highways,Odisha,Ministry of Road Transport & Highways,National Highways Authority of India [NHAI],0,,862,938.55,,390.01,,,2025-12-14,2027-02-16,,0,0,0,,,91,0,,,14.1,76.54999999999995,8.88051044083526,1,1,-5.897937298933953,Sanctioned in Pre-Election Year (Rush),0.7000000000000002,,,,Unknown,,
619181,Rehabilitation and Up gradation from 4 to 8 laning of Chandikhole  Paradip Section of NH-53 Old NH  5A from Km.60.000 to Km.76.646 Package-4,Roads & Highways,Odisha,Ministry of Road Transport & Highways,NHAI,0,,882,1009.92,,196.63,,,2026-10-31,2027-10-31,,0,0,0,,,33,0,,,12.0,127.91999999999996,14.503401360544213,1,1,-5.897937298933953,Sanctioned in Pre-Election Year (Rush),0.7000000000000002,,,,Unknown,,
618012,"Widening & strengthenlng to 2LPS from km 0,000 to 40.000 Dhaugaon- Podamari section of NH 326 in the State of Odisha under Annual Plan 2021.22.",Roads & Highways,Odisha,Ministry of Road Transport & Highways,MoRTH,0,,187,,,42.83,,,2026-02-04,2026-06-30,,0,0,0,,,60,0,,,4.8,,,0,1,10.80589921017685,Sanctioned in Mid-Term,-0.2333333333333331,,,,Unknown,,
617920,Widening and Strengthening to 2LPS including LA from km 318.970 to 353.450 Balikuda-Mulkani Section of NH-55 under NHO in Annual Plan 2022-23 in the State of Odisha. Job No. NH-55-OD-2022-23-656,Roads & Highways,Odisha,Ministry of Road Transport & Highways,MoRTH,0,,512,,,0.0,,,2027-06-02,2027-06-02,,0,0,0,,,3,0,,,0.0,,,0,0,10.80589921017685,Sanctioned in Mid-Term,-0.2333333333333331,,,,Unknown,,
617921,Widening and strengthening to 2LPS including LA of Kandarpur-Balikuda from km 277/500 to 318/970 of NH-55 in the State of Odisha under Annual Plan 2021-22.,Roads & Highways,Odisha,Ministry of Road Transport & Highways,MoRTH,0,,500,,,129.74,,,2025-06-04,2026-11-24,,0,0,0,,,61,0,,,17.7,,,0,1,10.80589921017685,Sanctioned in Mid-Term,-0.2333333333333331,,,,Unknown,,
617899,Widening and Strengthening to 4LPS/2LPS from km 0.000 to 35.800 Kuakhia - Mangalpur section of NH 20 in the state of Odisha on Annual Plan 2021-22,Roads & Highways,Odisha,Ministry of Road Transport & Highways,MoRTH,0,,636,,,292.73,,,2026-02-06,2026-11-30,,0,0,0,,,56,0,,,9.8,,,0,1,10.80589921017685,Sanctioned in Mid-Term,-0.2333333333333331,,,,Unknown,,
618122,Widening to 2 lane with paved shoulded of Jareikela Jharkhand/Odisha Border - Dhabaleswar section from 0/0 to 36/0 of NH-320D in the State of Odisha under Annual Plan 2021-22.,Roads & Highways,Odisha,Ministry of Road Transport & Highways,MoRTH,0,,172,,,0.0,,,2026-10-13,2026-10-13,,0,0,0,,,32,0,,,0.0,,,0,0,10.80589921017685,Sanctioned in Mid-Term,-0.2333333333333331,,,,Unknown,,
618845,Puducherry Km.29.000 to Poondiyankuppam Km.67.000,Roads & Highways,Puducherry,Ministry of Road Transport & Highways,National Highways Authority of India [NHAI],0,,1588,1415.9,,397.76,2018-01-03,,2023-11-14,2026-04-30,,0,0,0,,,99,0,,2018.0,29.5,-172.0999999999999,-10.83753148614609,0,1,10.974572265809623,Unknown / Multi-State,,6.5,10.35,195.0,Post-RFCTLARR 2013 (High Compensation),545.0,7.920792079207928
618847,Sattanathapuram to Nagapattinam from Km 123.800 to Km 179.555,Roads & Highways,Puducherry,Ministry of Road Transport & Highways,NHAI,0,,2900,2899.77,,1593.32,2018-01-03,,2022-10-04,2026-12-31,,0,0,0,,,85,0,,2018.0,50.9,-0.2300000000000182,-0.007931034482759248,0,1,10.974572265809623,Unknown / Multi-State,,6.5,10.35,195.0,Post-RFCTLARR 2013 (High Compensation),545.0,7.920792079207928
618844,Viluppuram Km.0.000 to Puducherry Km.29.000,Roads & Highways,Puducherry,Ministry of Road Transport & Highways,National Highways Authority of India [NHAI],0,,1358,1162.44,,467.64,2018-01-03,,2023-11-24,2026-04-30,,0,0,0,,,98,0,,2018.0,29.2,-195.55999999999995,-14.400589101620026,0,1,10.974572265809623,Unknown / Multi-State,,6.5,10.35,195.0,Post-RFCTLARR 2013 (High Compensation),545.0,7.920792079207928
619318,4/6L Greenfield Ludhiana Rupnagar highway from Jn. with NE-5 village near to ManewalLudhiana to Jn. with NH-205 near Bheora Village Rupnagar from Km. 0.00 to Km. 37.7 including spur to Kharar with Ludhiana bypass of NH-205K Pkg-1,Roads & Highways,Punjab,Ministry of Road Transport & Highways,NHAI,0,,1369,1382.48,,530.32,,,2024-12-10,2027-12-10,,0,0,0,,,15,0,,,36.0,13.480000000000018,0.9846603360116887,1,1,26.733988838692536,Sanctioned in Pre-Election Year (Rush),3.333333333333333,,,,Unknown,,
618785,4/6L Greenfield LudhianaRupnagar highway from Jn. with NE-5 village near to ManewalLudhiana to Jn. with NH-205 near Bheora Village Rupnagar from Km 66.0 to Km 91.0 i/c spur to Kharar from Km 0.0 to Km 19.5 with Ludhiana bypass of NH-205K Pkg-3,Roads & Highways,Punjab,Ministry of Road Transport & Highways,National Highways Authority of India [NHAI],0,,1501,1815.13,,992.79,,,2025-02-15,2026-05-31,,0,0,0,,,78,0,,,15.4,314.1300000000001,20.92804796802133,1,1,26.733988838692536,Sanctioned in Pre-Election Year (Rush),3.333333333333333,,,,Unknown,,
618906,4L of Amritsar-Ghoman - Tanda - Una Section from Km 8.270 to Km 54.000 of NH-503A Package-I,Roads & Highways,Punjab,Ministry of Road Transport & Highways,NHAI,0,,858,1443.47,,754.44,,,2024-06-19,2027-03-31,,0,0,0,,,68,0,,,33.3,585.47,68.23659673659674,1,1,-0.5724854676765867,Sanctioned in Mid-Term,5.7,,,,Unknown,,
618809,4L of Beas-Mehta-Batala-Dera Baba Nanak from intersection with Jalandhar-Amritsar Highway NH-3 near Beas till start of Batala Bypass near Village Acchhal from Km. 0.000 to Km. 31.300 Pkg-1,Roads & Highways,Punjab,Ministry of Road Transport & Highways,National Highways Authority of India [NHAI],0,,810,966.99,,499.54,,,2025-06-21,2027-05-31,,0,0,0,,,66,0,,,23.3,156.99,19.381481481481483,1,1,26.733988838692536,Sanctioned in Pre-Election Year (Rush),3.333333333333333,,,,Unknown,,
618810,4L of existing Beas  Baba Bakala - Dera Baba Nanak Section from start of Batala Bypass  till intersection with Ajnala Gurdaspur Highway NH 354 near Dera Baba Nanak  from Km. 31.300 to Km. 69.100  with Additional batala Bypass Pkg-II,Roads & Highways,Punjab,Ministry of Road Transport & Highways,NHAI,0,,1003,993.6,,792.5,,,2025-06-21,2027-03-31,,0,0,0,,,81,0,,,21.3,-9.399999999999977,-0.9371884346959101,0,1,26.733988838692536,Sanctioned in Pre-Election Year (Rush),3.333333333333333,,,,Unknown,,
618793,4L of Fazilka to Abohar section of NH-07 including construction of Greenfield Abohar & Fazilka Bypasses,Roads & Highways,Punjab,Ministry of Road Transport & Highways,National Highways Authority of India [NHAI],0,,1410,1674.04,,506.87,,,2026-04-14,2026-04-13,,0,0,0,,,60,0,,,-0.0,264.03999999999996,18.72624113475177,1,0,-5.897937298933953,Sanctioned in Mid-Term,1.3333333333333333,,,,Unknown,,
618776,4L of Greenfield section from  Sirhind to Mohali,Roads & Highways,Punjab,Ministry of Road Transport & Highways,NHAI,0,,1238,1301.15,,1383.52,,,2025-05-07,2026-09-30,,0,0,0,,,97,0,,,16.8,63.15000000000009,5.100969305331186,1,1,10.80589921017685,Sanctioned in Election Year,4.5,,,,Unknown,,
618786,4L of Phagwara - Hoshiarpur,Roads & Highways,Punjab,Ministry of Road Transport & Highways,National Highways Authority of India [NHAI],0,,1196,1503.79,,159.94,2022-09-11,,2027-03-30,2027-03-31,,0,0,0,,,12,0,,2022.0,0.0,307.78999999999996,25.734949832775918,1,0,10.80589921017685,Sanctioned in Election Year,4.5,6.25,9.2,330.0,Post-RFCTLARR 2013 (High Compensation),720.0,8.270676691729317
618647,6L Access Controlled Ludhiana-Bathinda Greenfield highway from Jn. with Amritsar-Bathanda Greenfield Road NH-754A near Rampura Phul to Jn. with Moga-Barnala Road NH-703 near village Tallewal from Km 0.0 to Km 30.3 of NH-754AD Pkg-1,Roads & Highways,Punjab,Ministry of Road Transport & Highways,NHAI,0,,907,1020.52,,687.75,,,2025-09-13,2026-10-31,,0,0,0,,,82,0,,,13.6,113.51999999999998,12.51598676957001,1,1,26.733988838692536,Sanctioned in Pre-Election Year (Rush),3.333333333333333,,,,Unknown,,
619105,6L Access Controlled Ludhiana-Bathinda Greenfield highway from Jn. with Moga-Barnala Road NH-703 near village Tallewal to Jn. with Delhi-Katra Expressway NE-5 near Ludhiana village Ballowal from Km 30.300 to Km 75.543 of NH-754AD Pkg-2,Roads & Highways,Punjab,Ministry of Road Transport & Highways,National Highways Authority of India [NHAI],0,,1555,1564.66,,138.54,2021-05-07,,2027-09-29,2027-09-29,,0,0,0,,,20,0,,2021.0,0.0,9.660000000000082,0.6212218649517738,1,0,26.733988838692536,Sanctioned in Pre-Election Year (Rush),3.333333333333333,4.0,7.5,290.0,Post-RFCTLARR 2013 (High Compensation),665.0,7.258064516129026
619099,6L Amritsar-Bathinda Greenfield section  from Jn. with Moga Jalandhar road NH-703 near Dharamkot to Jn. with Bhagta Bhai Ka-Bhadaur Road near Dyalpura Bhai Ka from km 39.000 to km 93.000 of NH-754A Pkg-2,Roads & Highways,Punjab,Ministry of Road Transport & Highways,NHAI,0,,1801,2172.71,,1268.39,,,2026-06-26,2027-06-30,,0,0,0,,,65,0,,,12.1,371.71000000000004,20.63908939478068,1,1,26.733988838692536,Sanctioned in Pre-Election Year (Rush),3.333333333333333,,,,Unknown,,
618618,6L Amritsar-Bathinda Greenfield section from Jn. with Bhagta Bhai Ka-Bhadaur Road near Dyalpura Bhai Ka to Jn. with Mandi Dabwali Bathinda Road on NH-54 near Sangat Kalan from km 93.000 to km 154.866 of NH-754A Pkg-3,Roads & Highways,Punjab,Ministry of Road Transport & Highways,National Highways Authority of India [NHAI],0,,2029,2677.23,,509.27,,,2026-06-16,2026-06-15,,0,0,0,,,70,0,,,-0.0,648.23,31.94825036964022,1,0,26.733988838692536,Sanctioned in Pre-Election Year (Rush),3.333333333333333,,,,Unknown,,
618617,6L Amritsar-Bathinda Greenfield section from village Tiba on NE-5A to Jn. with Moga Jalandhar road NH-703 near Dharamkot from km 0.000 to km 39.000 of NH-754A Pkg-1,Roads & Highways,Punjab,Ministry of Road Transport & Highways,NHAI,0,,1229,1549.32,,969.03,,,2024-11-13,2027-12-14,,0,0,0,,,72,0,,,37.0,320.31999999999994,26.063466232709516,1,1,26.733988838692536,Sanctioned in Pre-Election Year (Rush),3.333333333333333,,,,Unknown,,
618789,6L of IT City Chowk to Kurali Chandigarh Road,Roads & Highways,Punjab,Ministry of Road Transport & Highways,National Highways Authority of India [NHAI],0,,1525,1936.54,,1689.83,2021-05-03,,2024-10-09,2025-06-30,,0,0,0,,,98,0,,2021.0,8.7,411.53999999999996,26.98622950819672,1,1,26.733988838692536,Sanctioned in Pre-Election Year (Rush),3.333333333333333,4.0,7.5,290.0,Post-RFCTLARR 2013 (High Compensation),665.0,7.258064516129026
618610,6L of Jodhpur Romana Bathinda - Mandi Dabwali Punjab Haryana Border section of NH-54 from km. 0.000 to km. 27.400 of NH-54,Roads & Highways,Punjab,Ministry of Road Transport & Highways,National Highways Authority of India [NHAI],0,,789,1318.91,,501.33,,,2025-08-10,2026-04-30,,0,0,0,,,99,0,,,8.6,529.9100000000001,67.1622306717364,1,1,-0.5724854676765867,Sanctioned in Mid-Term,5.7,,,,Unknown,,
618795,Amritsar Bypass Pkg III from km. 71.496 to km. 105.158,Roads & Highways,Punjab,Ministry of Road Transport & Highways,NHAI,0,,1475,1228.42,,1222.73,2021-11-02,,2024-08-30,2026-12-31,,0,0,0,,,82,0,,2021.0,28.0,-246.57999999999993,-16.717288135593215,0,1,26.733988838692536,Sanctioned in Pre-Election Year (Rush),3.333333333333333,4.0,7.5,290.0,Post-RFCTLARR 2013 (High Compensation),665.0,7.258064516129026
618794,Amritsarairport Junction - Ramdas from km. 100.835 to km. 139.813 Pkg - IV,Roads & Highways,Punjab,Ministry of Road Transport & Highways,National Highways Authority of India [NHAI],0,,525,416.58,,388.52,,,2023-09-17,2026-09-30,,0,0,0,,,96,0,,,36.4,-108.42000000000002,-20.651428571428575,0,1,-0.5724854676765867,Sanctioned in Mid-Term,5.7,,,,Unknown,,
618489,Delhi-Amritsar-Katra Expressway Phase-I Pkg-IX from Junction with Ludhiana-Moga road NH-5 near Mullanpur Dakha to Junction with Jalandhar - Moga road NH-703 near Kang Sahibu village Km 260860 to km 303900,Roads & Highways,Punjab,Ministry of Road Transport & Highways,NHAI,0,,1851,2407.14,,1934.7,,,2024-07-16,2027-03-31,,0,0,0,,,73,0,,,32.5,556.1399999999999,30.04538087520259,1,1,-0.5724854676765867,Sanctioned in Mid-Term,5.7,,,,Unknown,,
618487,Delhi-Amritsar-Katra Expressway Phase-I Pkg-VII from Junction with Patiala-Bathinda road NH-7 near Bhawanigarh to Junction with Ludhiana-Malerhkotla SH-11 near Bhogiwal village Km 188830 to km 225770,Roads & Highways,Punjab,Ministry of Road Transport & Highways,National Highways Authority of India [NHAI],0,,1760,1774.32,,1250.45,,,2024-07-09,2026-06-30,,0,0,0,,,96,0,,,23.7,14.319999999999936,0.8136363636363599,1,1,-0.5724854676765867,Sanctioned in Mid-Term,5.7,,,,Unknown,,
618488,Delhi-Amritsar-Katra Expressway Phase-I Pkg-VIII from Junction with Ludhiana-Malerkotla SH-11 near Bhogiwal village to Junction with Ludhiana-Moga road NH-5 near Mullanpur Dakha Km 225770 to km 260860,Roads & Highways,Punjab,Ministry of Road Transport & Highways,NHAI,0,,1896,2034.94,,1274.51,,,2025-03-13,2026-12-31,,0,0,0,,,31,0,,,21.6,138.94000000000005,7.32805907172996,1,1,-0.5724854676765867,Sanctioned in Mid-Term,5.7,,,,Unknown,,
618490,Delhi-Amritsar-Katra Expressway Phase-I Pkg-X from Jn. with Jalandhar - Moga road NH-703 to Jn. with Jalandhar-Kapurthala road NH-703A and to Jn. with Kapurthala - Sultanpur Lodhi road NH-703A km 000 to km 24000 to Amritsar connectivity,Roads & Highways,Punjab,Ministry of Road Transport & Highways,NHAI,0,,2178,2062.74,,1524.23,,,2024-07-09,2026-07-31,,0,0,0,,,63,0,,,24.7,-115.26000000000022,-5.292011019283756,0,1,-0.5724854676765867,Sanctioned in Mid-Term,5.7,,,,Unknown,,
618491,Delhi-Amritsar-Katra Expressway Phase-I Pkg-XI from Junction with Jalandhar - Kapurthala road NH-703A near khojewal village to Junction with Amritsar-Mehta-SriHargobindpur-Tanda road NH-503A near SriHargobindpur Km 319400 to km 362420,Roads & Highways,Punjab,Ministry of Road Transport & Highways,NHAI,0,,2175,2206.71,,1377.13,2021-04-03,,2024-11-14,2026-12-31,,0,0,0,,,43,0,,2021.0,25.5,31.710000000000036,1.4579310344827603,1,1,26.733988838692536,Sanctioned in Pre-Election Year (Rush),3.333333333333333,4.0,7.5,290.0,Post-RFCTLARR 2013 (High Compensation),665.0,7.258064516129026
618492,Delhi-Amritsar-Katra Expressway Phase-I Pkg-XII from Junction with Amritsar-Mehta-SriHargobindpur-Tanda road NH-503A near SriHargobindpur to Junction with Pathankot-Gurdaspur road NH-54 near Gurdaspur Km 362420 to km 397700,Roads & Highways,Punjab,Ministry of Road Transport & Highways,NHAI,0,,1734,1538.47,,773.53,2021-04-03,,2027-02-20,2027-06-30,,0,0,0,,,28,0,,2021.0,4.3,-195.52999999999997,-11.276239907727795,0,1,26.733988838692536,Sanctioned in Pre-Election Year (Rush),3.333333333333333,4.0,7.5,290.0,Post-RFCTLARR 2013 (High Compensation),665.0,7.258064516129026
618493,Delhi-Amritsar-Katra Expressway Phase-I Spur-I from Jn. with Kapurthala - Sultanpur Lodhi Road NH-703A near Isharwal village to Jn. with Kapurthala - Tarn Taran road NH-703AA near Goinwal Sahib [Km 24000 to Km 41000 of Amritsar connectivity],Roads & Highways,Punjab,Ministry of Road Transport & Highways,National Highways Authority of India [NHAI],0,,2165,1519.6,,359.7,,,2026-04-16,2028-03-10,,0,0,0,,,31,0,,,22.8,-645.4000000000001,-29.810623556581987,0,1,26.733988838692536,Sanctioned in Pre-Election Year (Rush),3.333333333333333,,,,Unknown,,
619200,Delhi-Amritsar-Katra Expressway Phase-I Spur-III from Junction with Amritsar-Jalandhar road NH-3 near Bhishambarpura to Junction with Amritsar-Anjala road NH-354 near Amritsar Airport [Km 71000 to Km 99000 of Amritsar connectivity],Roads & Highways,Punjab,Ministry of Road Transport & Highways,National Highways Authority of India [NHAI],0,,1642,1951.7,,1007.55,2021-04-03,,2024-10-26,2027-06-21,,0,0,0,,,32,0,,2021.0,31.8,309.70000000000005,18.861144945188794,1,1,26.733988838692536,Sanctioned in Pre-Election Year (Rush),3.333333333333333,4.0,7.5,290.0,Post-RFCTLARR 2013 (High Compensation),665.0,7.258064516129026
618648,"Development of 6-lane Greenfield Southern Ludhiana Bypass from intersection with NH-44 near Village Rajgarh to intersection with Delhi Katra Expressway NE-5 near Village Ballowal, km 0000 to km 25240",Roads & Highways,Punjab,Ministry of Road Transport & Highways,NHAI,0,,1425,,,145.14,,,2028-03-06,2028-03-06,,0,0,0,,,4,0,,,0.0,,,0,0,0.7306609465075553,Sanctioned in Mid-Term,3.2,,,,Unknown,,
618552,Development of 6L Greenfield Jalandhar Bypass starting from Kahlwan NH-03  ending at Kang Sahbu NH-703  via Sarmastpur NH-44 - Madara NH-03 - Khajurla NH-44,Roads & Highways,Punjab,Ministry of Road Transport & Highways,NHAI,0,,1755,2167.39,,1252.02,,,2025-01-14,2027-06-30,,0,0,0,,,54,0,,,29.5,412.3899999999999,23.49800569800569,1,1,26.733988838692536,Sanctioned in Pre-Election Year (Rush),3.333333333333333,,,,Unknown,,
618010,Development to 4-lane with paved shoulder for the road section Talwandi Sabo-Raman road to refinery Road junction with Bathinda Dabwali Road of NH-254 from existing Km 131.600 to Km 155.650 Design Km 131600 to km 155600 in the State of Punjab. Job No NH-254-PB-2022-23-565,Roads & Highways,Punjab,Ministry of Road Transport & Highways,MoRTH,0,,547,,,0.0,,,2026-11-05,2026-11-05,,0,0,0,,,45,0,,,0.0,,,0,0,-5.897937298933953,Sanctioned in Mid-Term,1.3333333333333333,,,,Unknown,,
618551,Greenfield connectivity from Govindsar village on Delhi Amritsar Katra Expressway to Talwara village on NH-44 Pathankot by-pass,Roads & Highways,Punjab,Ministry of Road Transport & Highways,National Highways Authority of India [NHAI],0,,667,690.47,,36.91,2024-08-11,,2027-07-15,2027-07-15,,0,0,0,,,22,0,,2024.0,0.0,23.470000000000027,3.5187406296851615,1,0,0.7306609465075553,Sanctioned in Mid-Term,3.2,6.5,9.85,420.0,Post-RFCTLARR 2013 (High Compensation),840.0,7.692307692307687
618764,Moga - Bagha Purana - Bajakhana from km. 0.00 to km. 43.32,Roads & Highways,Punjab,Ministry of Road Transport & Highways,National Highways Authority of India [NHAI],0,,864,1264.17,,625.94,2020-11-05,,2024-12-30,2025-08-26,,0,0,0,,,75,0,,2020.0,7.9,400.1700000000001,46.31597222222223,1,1,-0.5724854676765867,Sanctioned in Mid-Term,5.7,4.0,7.8,260.0,Post-RFCTLARR 2013 (High Compensation),620.0,5.982905982905984
618024,Up-gradation to two lane with paved shoulder configuration of NH-354 Section Arifkes-Ferozepur-Muktsar-Malaut from Km 201.500 to Km 212.500 & Km 229.690 to Km 269.960 and strengthening of existing pavement from Km 212.500 to Km 229.690 excluding Km 218.500 to 223.690 of NH-354 on EPC Mode in the State of Punjab. Job No. NH-354-PB-2020-21-532,Roads & Highways,Punjab,Ministry of Road Transport & Highways,MoRTH,0,,263,,,0.0,2021-12-03,,2025-04-15,2026-09-30,,0,0,0,,,83,0,,2021.0,17.5,,,0,1,26.733988838692536,Sanctioned in Pre-Election Year (Rush),3.333333333333333,4.0,7.5,290.0,Post-RFCTLARR 2013 (High Compensation),665.0,7.258064516129026
618023,Work of Widening/upgradation of 2-Lane with paved shoulder of Sri Muktsar Sahib to Malout road from Km 279.400 to Km 307.060 section of NH-354 in the State of Punjab on EPC mode. Job No. NH-354-PB-2021-22-555,Roads & Highways,Punjab,Ministry of Road Transport & Highways,MoRTH,0,,153,,,0.0,,,2025-04-15,2026-03-31,,0,0,0,,,100,0,,,11.5,,,0,1,10.80589921017685,Sanctioned in Election Year,4.5,,,,Unknown,,
619063,4L Greenfield spur from Delhi-Vadodara Greenfield expressway near Bandikui to Jaipur,Roads & Highways,Rajasthan,Ministry of Road Transport & Highways,National Highways Authority of India [NHAI],0,,1636,2170.39,,1204.89,2022-09-03,,2024-11-10,2026-04-30,,0,0,0,,,100,0,,2022.0,17.6,534.3899999999999,32.66442542787285,1,1,10.80589921017685,Sanctioned in Pre-Election Year (Rush),0.133333333333334,6.25,9.2,330.0,Post-RFCTLARR 2013 (High Compensation),720.0,8.270676691729317
618838,4L of Karwar Km. 281.980 of NH-62 Nagaur road to Dangiyavas of Jodhpur Ring Road Pkg-II ,Roads & Highways,Rajasthan,Ministry of Road Transport & Highways,NHAI,0,,737,512.77,,470.4,,,2024-08-28,2026-07-31,,0,0,0,,,100,0,,,23.1,-224.23000000000002,-30.4246947082768,0,1,26.733988838692536,Sanctioned in Mid-Term,-3.7,,,,Unknown,,
618755,4L of left out existing road section from Lalgopalganj Km 161.450 to Nawabganj Km 180.200 in Prayagraj,Roads & Highways,Rajasthan,Ministry of Road Transport & Highways,National Highways Authority of India [NHAI],0,,160,100.74,,72.44,2024-11-03,,2026-03-31,2026-06-30,,0,0,0,,,100,0,,2024.0,3.0,-59.260000000000005,-37.0375,0,1,0.7306609465075553,Sanctioned in Mid-Term,4.2,6.5,9.85,420.0,Post-RFCTLARR 2013 (High Compensation),840.0,7.692307692307687
618757,6L access controlled Highway from Km 40080 to Km 86513 Mator to Barodameo Section,Roads & Highways,Rajasthan,Ministry of Road Transport & Highways,National Highways Authority of India [NHAI],0,,2010,1565.88,,664.82,,,2026-03-14,2026-05-17,,0,0,0,,,37,0,,,2.1,-444.1199999999999,-22.095522388059695,0,1,10.80589921017685,Sanctioned in Pre-Election Year (Rush),0.133333333333334,,,,Unknown,,
618758,6L accesscontrolled highway from km 0000 to km 40080 Paniyala to Mator Section of Paniyala-Barodameo ICR ,Roads & Highways,Rajasthan,Ministry of Road Transport & Highways,NHAI,0,,1765,1239.24,,558.32,,,2026-09-15,2026-09-15,,0,0,0,,,41,0,,,0.0,-525.76,-29.788101983002836,0,0,10.80589921017685,Sanctioned in Pre-Election Year (Rush),0.133333333333334,,,,Unknown,,
618235,Balance work of Rehabilitation and Up-gradation to 4-Lane configuration of Ras-Beawar Section Km 00.000 to km 30.050 of NH-158 in the State of Rajasthan under Green National Highway Corridor Project GNHCP.,Roads & Highways,Rajasthan,Ministry of Road Transport & Highways,MoRTH,0,,278,,,28.44,2025-10-01,,2026-12-27,2026-12-27,,0,0,0,,,37,0,,2025.0,0.0,,,0,0,1.889931456711258,Sanctioned in Mid-Term,-2.9,6.25,9.5,465.0,Post-RFCTLARR 2013 (High Compensation),895.0,6.547619047619047
617887,Beawer Gomti 4LPS from km 58.245 to km 108.600 Pkg-I,Roads & Highways,Rajasthan,Ministry of Road Transport & Highways,MoRTH,0,,379,,,206.48,2020-02-12,,2023-10-13,2026-07-03,,0,0,0,,,100,0,,2020.0,32.7,,,0,1,-0.5724854676765867,Sanctioned in Mid-Term,4.500000000000001,4.0,7.8,260.0,Post-RFCTLARR 2013 (High Compensation),620.0,5.982905982905984
618200,Construction of 2 lane with Paved Shoulder for Northern Bypass Phase-II of Kota city in the State of Rajasthan.,Roads & Highways,Rajasthan,Ministry of Road Transport & Highways,MoRTH,0,,318,,,5.97,,,2025-04-14,2026-06-02,,0,0,0,,,0,0,,,13.6,,,0,1,10.80589921017685,Sanctioned in Pre-Election Year (Rush),0.133333333333334,,,,Unknown,,
618011,Construction of 2 lane with paved shoulder for the work of Development of remaining sections of NH-325 Balotra to sanderao via Jalore to 2 lane with paved shoulder configuration by Construction of Byasses for town portions1 Asotra- Brahmdham bypass 2Siwana Bypass 3 Mokalsar Bypass 4 Major realignment at Kathadi 5 Major realignment at Bishangarh 6 Jalore Bypass 7 Ahore Town portion 8 Dujana Bypass in the state of Rajasthan on EPC Mode,Roads & Highways,Rajasthan,Ministry of Road Transport & Highways,MoRTH,0,,411,,,66.63,2021-07-12,,2024-05-11,2025-06-06,,0,0,0,,,83,0,,2021.0,12.8,,,0,1,26.733988838692536,Sanctioned in Mid-Term,-3.7,4.0,7.5,290.0,Post-RFCTLARR 2013 (High Compensation),665.0,7.258064516129026
619271,Construction of Elevated Corridor at Kherwara Town on Udaipur Ratanpur Shamlaji Section of NH-48 in Udaipur District in the State of Rajasthan on EPC mode,Roads & Highways,Rajasthan,Ministry of Road Transport & Highways,NHAI,0,,364,,,0.38,,,2029-01-08,,,0,0,0,,,0,0,,,0.0,,,0,0,1.6785317745412032,Sanctioned in Mid-Term,,,,,Unknown,,
618853,Construction of Four lane Elevated Structure at Raniwada Circle in Sanchore City on NH-68,Roads & Highways,Rajasthan,Ministry of Road Transport & Highways,NHAI,0,,353,241.34,,184.84,,,2026-07-11,2026-07-11,,0,0,0,,,86,0,,,0.0,-111.66,-31.63172804532578,0,0,0.7306609465075553,Sanctioned in Mid-Term,4.2,,,,Unknown,,
617891,"Construction of Two lane with Paved Shoulder for Fatehpur Bypass Design Km 0.000 to Km 7.400 , Mandawa Bypass Design Km 20.925 to Km 27.300 & Jhunjhunu Bypass Design Km 41.625 to Km 54.689 of NH-11 on EPC Mode in the state of Rajasthan .",Roads & Highways,Rajasthan,Ministry of Road Transport & Highways,MoRTH,0,,186,,,66.7,,,2024-08-13,2025-06-11,,0,0,0,,,99,0,,,9.9,,,0,1,10.80589921017685,Sanctioned in Pre-Election Year (Rush),0.133333333333334,,,,Unknown,,
619251,Construction of two lane with paved shoulder of Ghatol Bypass from km 133.250 to km 140.950 of NH-56 old NH No. 113 on EPC mode in the State of Rajasthan.,Roads & Highways,Rajasthan,Ministry of Road Transport & Highways,MoRTH,0,,170,,,0.0,,,2027-09-23,,,0,0,0,,,11,0,,,0.0,,,0,0,1.889931456711258,Sanctioned in Mid-Term,-2.9,,,,Unknown,,
618457,Delhi-Vadodara Greenfield Alignment NH-148N Pkg-10 Ch. 292.950 to Ch. 319.400 [End of Interchange on NH-166 near village Mui to Hardeoganj village near Indergarh],Roads & Highways,Rajasthan,Ministry of Road Transport & Highways,National Highways Authority of India [NHAI],0,,1273,1265.16,,1086.63,,,2023-05-21,2026-06-30,,0,0,0,,,95,0,,,37.3,-7.839999999999918,-0.6158680282796479,0,1,-3.287904599659297,Sanctioned in Mid-Term,7.0,,,,Unknown,,
618456,Delhi-Vadodara Greenfield Alignment NH-148N Pkg-14 Ch. 388.420 to Ch. 419.000 [Junction with NH- 76 to Junction with NH-12 near village Ummedpura],Roads & Highways,Rajasthan,Ministry of Road Transport & Highways,National Highways Authority of India [NHAI],0,,1119,1194.17,,975.7,,,2023-05-23,2025-03-05,,0,0,0,,,99,0,,,21.4,75.17000000000007,6.717605004468282,1,1,-3.287904599659297,Sanctioned in Mid-Term,7.0,,,,Unknown,,
618458,Delhi-Vadodara Greenfield Alignment NH-148N Pkg-15 Ch. 419.000 to Ch.427.300 [Junction with NH-12 near village Ummedpura to Major bridge over Takli river near Nayagaon Jageer village],Roads & Highways,Rajasthan,Ministry of Road Transport & Highways,National Highways Authority of India [NHAI],0,,1855,1854.68,,1270.78,2020-03-07,,2024-01-04,2026-02-25,,0,0,0,,,85,0,,2020.0,25.7,-0.31999999999993634,-0.017250673854444006,0,1,-0.5724854676765867,Sanctioned in Mid-Term,4.500000000000001,4.0,7.8,260.0,Post-RFCTLARR 2013 (High Compensation),620.0,5.982905982905984
618612,Deogarh near Dhandhaniya-Rajasthan/Gujarat Border Phase-I AJ/DRGB-Package-6,Roads & Highways,Rajasthan,Ministry of Road Transport & Highways,NHAI,0,,847,740.62,,704.71,2019-01-10,,2023-08-11,2026-07-31,,0,0,0,,,100,0,,2019.0,35.6,-106.38,-12.559622195985831,0,1,-3.287904599659297,Sanctioned in Mid-Term,7.0,5.15,9.2,230.0,Post-RFCTLARR 2013 (High Compensation),585.0,7.339449541284404
618613,Deogarh near Dhandhaniya-Rajasthan/Gujarat Border Phase-I AJ/DRGB-Package-7,Roads & Highways,Rajasthan,Ministry of Road Transport & Highways,National Highways Authority of India [NHAI],0,,662,597.77,,507.78,2019-01-10,,2023-07-15,2026-04-30,,0,0,0,,,99,0,,2019.0,33.5,-64.23000000000002,-9.702416918429007,0,1,-3.287904599659297,Sanctioned in Mid-Term,7.0,5.15,9.2,230.0,Post-RFCTLARR 2013 (High Compensation),585.0,7.339449541284404
618797,Mayjilar  Jaisalmer with Jaisalmer Bypass Link Road Section of NH-11 Part of BM-7 & Sundra  Myajilar  Ambsingh ki Dhani Road part of Munabao  Tanot project NH-70 ,Roads & Highways,Rajasthan,Ministry of Road Transport & Highways,National Highways Authority of India [NHAI],0,,1238,927.02,,0.53,,,2027-12-18,2027-12-18,,0,0,0,,,6,0,,,0.0,-310.98,-25.119547657512122,0,0,1.889931456711258,Sanctioned in Mid-Term,-2.9,,,,Unknown,,
618611,Sangariya near Chautala-Rasisar near Bikaner section of NH-754K Phase-I AJ/SR-Package-7,Roads & Highways,Rajasthan,Ministry of Road Transport & Highways,NHAI,0,,521,548.42,,450.58,2019-04-02,,2023-06-29,2026-07-31,,0,0,0,,,100,0,,2019.0,37.1,27.41999999999996,5.262955854126671,1,1,-3.287904599659297,Sanctioned in Mid-Term,7.0,5.15,9.2,230.0,Post-RFCTLARR 2013 (High Compensation),585.0,7.339449541284404
618796,Tanot -Ramgarh-Bhadasar-Jaisalmer NH-68 and BhadasarMokal-Sarkaritala up to Pakisthan Border NH-968 Pkg-BM/5,Roads & Highways,Rajasthan,Ministry of Road Transport & Highways,NHAI,0,,829,830.37,,694.47,,,2021-04-21,2026-07-15,,0,0,0,,,100,0,,,62.8,1.3700000000000045,0.16525934861278704,1,1,10.974572265809623,Sanctioned in Election Year,0.7666666666666675,,,,Unknown,,
618093,Up-gradation to 2 lane with Paved shoulder from Charbhuja at Design km 0.00 existing km 150.00 to Neechli Oden Nathdwara at Design ch. Km 88.800 existing km 55.950 of NH-162E on EPC mode.,Roads & Highways,Rajasthan,Ministry of Road Transport & Highways,MoRTH,0,,838,,,55.04,2022-07-02,,2025-09-26,,,0,0,0,,,0,0,,2022.0,0.0,,,0,0,10.80589921017685,Sanctioned in Pre-Election Year (Rush),0.133333333333334,6.25,9.2,330.0,Post-RFCTLARR 2013 (High Compensation),720.0,8.270676691729317
618092,Up-gradation to 2 lane with paved shoulder from Neechli Oden Nathdwara at Design Km 88.800 existing km 55.95 to Bhatewar at Design Km 142.028 existing km 0.00 of NH-162E in the State of Rajasthan on EPC mode.,Roads & Highways,Rajasthan,Ministry of Road Transport & Highways,MoRTH,0,,607,,,0.0,,,2026-10-04,2026-10-03,,0,0,0,,,60,0,,,-0.0,,,0,0,-5.897937298933953,Sanctioned in Election Year,-0.4333333333333328,,,,Unknown,,
619270,"Upgradation of 6 laned Jaipur- Kishangarh section of NH-48 from km 274100 to 363885 involving construction of flyovers and Service road in Rajasthan On Engineering, Procurement & Construction EPC Mode",Roads & Highways,Rajasthan,Ministry of Road Transport & Highways,NHAI,0,,911,,,0.0,,,2029-01-08,,,0,0,0,,,0,0,,,0.0,,,0,0,1.6785317745412032,Sanctioned in Mid-Term,,,,,Unknown,,
618118,Upgradation of two lane paved shoulder from Shahpura existing km. 0.00   Design Ch. 000    to Thanagazi existing Km.37352   Design Ch. 36810    of NH-248A on EPC mode in the State of Rajasthan.,Roads & Highways,Rajasthan,Ministry of Road Transport & Highways,MoRTH,0,,174,,,63.51,2022-08-03,,2024-07-31,2026-01-31,,0,0,0,,,90,0,,2022.0,18.0,,,0,1,10.80589921017685,Sanctioned in Pre-Election Year (Rush),0.133333333333334,6.25,9.2,330.0,Post-RFCTLARR 2013 (High Compensation),720.0,8.270676691729317
618117,Upgradation to 2-Lane with Paved Shoulder from Design Km 36300 to Design Chainage 47918 and from Design Ch 69900 to Design Ch 83940 of NH-248A Natni Ka Bara in the State of Rajasthan on EPC Mode.,Roads & Highways,Rajasthan,Ministry of Road Transport & Highways,MoRTH,0,,155,,,15.13,,,2026-05-29,2026-08-28,,0,0,0,,,23,0,,,3.0,,,0,1,0.7306609465075553,Sanctioned in Mid-Term,4.2,,,,Unknown,,
617900,Upgradation to Two Lane Paved Shoulder in km 33/0 to 126/520 of NH-23 Old NH-11B Kothun-Lalsot-Karoli-Dholpur road in the state of Rajasthan under EPC mode Length-93.52 Km.,Roads & Highways,Rajasthan,Ministry of Road Transport & Highways,MoRTH,0,,150,,,12.2,,,2024-09-01,2025-03-27,,0,0,0,,,97,0,,,6.8,,,0,1,26.733988838692536,Sanctioned in Mid-Term,-3.7,,,,Unknown,,
618069,Upgradation to Two-lane with paved shoulder of Hanumangarh to Kenchiyan section from Km 0.000existing chainage-Km 23.200 to Km 49.605existing chainage-Km 74.645 of NH-54 in the State of Rajasthan on EPC mode.,Roads & Highways,Rajasthan,Ministry of Road Transport & Highways,MoRTH,0,,335,,,0.0,,,2026-10-03,2026-10-03,,0,0,0,,,70,0,,,0.0,,,0,0,10.80589921017685,Sanctioned in Pre-Election Year (Rush),0.133333333333334,,,,Unknown,,
617901,Widening of Pachpadra-Bagundi Section to 4 Lane from Km 73/60 to 95/70 of  NH-25 on EPC mode in the state of Rajasthan.,Roads & Highways,Rajasthan,Ministry of Road Transport & Highways,MoRTH,0,,195,,,48.47,,,2024-12-11,2025-07-03,,0,0,0,,,85,0,,,6.7,,,0,1,10.80589921017685,Sanctioned in Pre-Election Year (Rush),0.133333333333334,,,,Unknown,,
618449,Construction & Upgradation of existing road to 2-lane with paved shoulder from km27.200 End of Rongli bypass to km37.600New Rolep Bridge of Rhenok-Menla spur NH-717B on EPC Mode under SARDP-NE Phase-A in Sikkim Pkg-II B,Roads & Highways,Sikkim,Ministry of Road Transport & Highways,NHIDCL,0,,230,244.91,,0.0,2020-09-07,,2023-04-15,2026-09-30,,0,0,0,,,86,0,,2020.0,41.5,14.909999999999997,6.482608695652173,1,1,-0.5724854676765867,Sanctioned in Mid-Term,4.533333333333333,4.0,7.8,260.0,Post-RFCTLARR 2013 (High Compensation),620.0,5.982905982905984
618446,Construction & Upgradation of existing road to 2-lane with paved shoulder from New Rolep Bridge at km 37.600 to Chochenpheri at km 52.00 in the section of Rongli to Chochenpheri of NH 717B Pkg-II C,Roads & Highways,Sikkim,Ministry of Road Transport & Highways,NHIDCL,0,,493,478.79,,0.03,2020-07-10,,2024-05-23,2026-09-30,,0,0,0,,,79,0,,2020.0,28.3,-14.20999999999998,-2.8823529411764666,0,1,-0.5724854676765867,Sanctioned in Mid-Term,4.533333333333333,4.0,7.8,260.0,Post-RFCTLARR 2013 (High Compensation),620.0,5.982905982905984
618448,Construction of 2-Laning with Paved Shoulder of New Greenfield Alignment From Chochenpheri at Km 52000 to Helipad near Menla at Km 82000 of Rhenock-Menla Spur NH-717B Package-IIIA on EPC Basis under SARDP-NE Phase 'A' in the State of Sikkim.,Roads & Highways,Sikkim,Ministry of Road Transport & Highways,NHIDCL,0,,817,786.6,,32.28,2020-07-10,,2023-12-09,2025-09-11,,0,0,0,,,56,0,,2020.0,21.1,-30.399999999999977,-3.720930232558137,0,1,-0.5724854676765867,Sanctioned in Mid-Term,4.533333333333333,4.0,7.8,260.0,Post-RFCTLARR 2013 (High Compensation),620.0,5.982905982905984
618447,Construction of 2-Laning with Paved Shoulder of New Greenfield Alignment From Helipad near Menla at Km 82000 to Menla at Km 94030 of Rhenock-Menla Spur NH-717B Package-IIIB on EPC Basis under SARDP-NE Phase 'A' in the State of Sikkim.,Roads & Highways,Sikkim,Ministry of Road Transport & Highways,NHIDCL,0,,411,379.3,,0.0,,,2024-02-24,2027-05-31,,0,0,0,,,83,0,,,39.2,-31.69999999999999,-7.712895377128951,0,1,26.733988838692536,Sanctioned in Mid-Term,-3.5,,,,Unknown,,
618071,Construction of two lane with paved shoulder Gangtok Bypass Road from Ranipool to Burtuk Ch 0.00 Km to 23.316 L23.316 Km in the State of Sikkim,Roads & Highways,Sikkim,Ministry of Road Transport & Highways,MoRTH,0,,385,342.89,,0.0,,,2024-05-22,2026-12-31,,0,0,0,,,90,0,,,31.3,-42.110000000000014,-10.93766233766234,0,1,26.733988838692536,Sanctioned in Mid-Term,-3.5,,,,Unknown,,
618426,Construction/Up gradation of Existing road to 2 Lane with Paved Shoulder including Geometric Improvement from Ranipool to Pakyong Balance work from Km 2.000 to 16.167 of NH-717-A on EPC basis under SARDP-NE Phase A in the State of Sikkim,Roads & Highways,Sikkim,Ministry of Road Transport & Highways,NHIDCL,0,,265,380.94,,0.17,,,2024-07-06,2026-12-31,,0,0,0,,,87,0,,,29.8,115.94,43.75094339622642,1,1,10.974572265809623,Sanctioned in Pre-Election Year (Rush),13.366666666666667,,,,Unknown,,
618428,Realignment of NH-717A from Design Ch.0.00 Km 77.800 of NH-10 to Design Ch.2.00 Km 3.100 of NH-717A with two lane paved shoulder including Major Bridge of 680 m in the State of Sikkim on EPC Mode-COS work,Roads & Highways,Sikkim,Ministry of Road Transport & Highways,NHIDCL,0,,265,380.94,,54.47,2021-04-01,,2023-04-10,2025-10-08,,0,0,0,,,95,0,,2021.0,30.0,115.94,43.75094339622642,1,1,26.733988838692536,Sanctioned in Mid-Term,-3.5,4.0,7.5,290.0,Post-RFCTLARR 2013 (High Compensation),665.0,7.258064516129026
618450,Rehabilitation & Upgradation of existing road to 2-lane with paved shoulder including geometric improvement of section from start of Rabangla km33.600 to km58.840 under SARDP-NE Phase A  Pkg- IV,Roads & Highways,Sikkim,Ministry of Road Transport & Highways,NHIDCL,0,,293,,,1.91,2020-09-07,,2022-05-01,2025-04-11,,0,0,0,,,18,0,,2020.0,35.3,,,0,1,-0.5724854676765867,Sanctioned in Mid-Term,4.533333333333333,4.0,7.8,260.0,Post-RFCTLARR 2013 (High Compensation),620.0,5.982905982905984
619156,4 Laning of Paramakudi to Ramanathapuram Section of NH-87 Old NH-49,Roads & Highways,Tamil Nadu,Ministry of Road Transport & Highways,National Highways Authority of India [NHAI],0,,1853,,,24.3,2025-01-07,,2028-05-15,2028-06-15,,0,0,0,,,0,0,,2025.0,1.0,,,0,1,1.889931456711258,Sanctioned in Pre-Election Year (Rush),0.8,6.25,9.5,465.0,Post-RFCTLARR 2013 (High Compensation),895.0,6.547619047619047
618481,4L Bangalore-Chennai Expressway from Km. 230.000 to Km. 261.705 of Kanchepuram to Sriperumbudur Section Phase-III/Package-IV,Roads & Highways,Tamil Nadu,Ministry of Road Transport & Highways,NHAI,0,,3606,3605.73,,930.29,,,2024-07-09,2026-10-31,,0,0,0,,,90,0,,,27.7,-0.2699999999999818,-0.00748752079866838,0,1,26.733988838692536,Sanctioned in Election Year,-4.666666666666667,,,,Unknown,,
618608,4L of left-over works including additional structures from Kerala/Tamil Nadu border to Kanyakumari Section from Km 43.0 to Km 96.174 of NH66 ,Roads & Highways,Tamil Nadu,Ministry of Road Transport & Highways,National Highways Authority of India [NHAI],0,,1564,1263.42,,802.39,2022-09-11,,2025-08-01,2026-04-30,,0,0,0,,,70,0,,2022.0,8.9,-300.5799999999999,-19.218670076726337,0,1,10.80589921017685,Sanctioned in Mid-Term,-0.8666666666666664,6.25,9.2,330.0,Post-RFCTLARR 2013 (High Compensation),720.0,8.270676691729317
618894,4L of Madathukulam - Pollachi from km. 74.38 to km. 116.95 of old NH-209 New NH-83,Roads & Highways,Tamil Nadu,Ministry of Road Transport & Highways,NHAI,0,,1772,1772.13,,1061.26,,,2022-12-03,2026-07-31,,0,0,0,,,96,0,,,43.9,0.13000000000010914,0.007336343115130313,1,1,-3.287904599659297,Sanctioned in Mid-Term,1.966666666666666,,,,Unknown,,
618563,4L of Madurai Ring Road Phase 1 [Vadipatti-Thamrapatti] from km 0.00 - km 29.960,Roads & Highways,Tamil Nadu,Ministry of Road Transport & Highways,National Highways Authority of India [NHAI],0,,900,900.05,,607.63,2018-06-12,,2022-03-15,2026-06-30,,0,0,0,,,96,0,,2018.0,51.5,0.049999999999954525,0.0055555555555505025,1,1,10.974572265809623,Sanctioned in Mid-Term,2.966666666666667,6.5,10.35,195.0,Post-RFCTLARR 2013 (High Compensation),545.0,7.920792079207928
619113,4L of Padalur - Trichy section from km. 285.00 to km. 325.00 of NH - 45 Pkg VI-C,Roads & Highways,Tamil Nadu,Ministry of Road Transport & Highways,NHAI,0,,556,235.8,,235.51,,,2009-05-24,2026-02-24,,0,0,0,,,100,0,,,201.1,-320.2,-57.589928057553955,0,1,,Sanctioned in Pre-Election Year (Rush),0.4333333333333329,,,,Unknown,,
618897,4L of Sethiyathope -Cholapuram section from Km. 65.960 to Km. 116.440 section of NH45 C Pkg-II,Roads & Highways,Tamil Nadu,Ministry of Road Transport & Highways,National Highways Authority of India [NHAI],0,,2356,2356.9,,1011.39,,,2020-08-14,2026-04-30,,0,0,0,,,100,0,,,68.5,0.900000000000091,0.03820033955857771,1,1,10.26683343756516,Sanctioned in Mid-Term,-0.0666666666666664,,,,Unknown,,
618744,4L of Thirumangalam to Vadugapatti section from km 0.000 to km 36.000 of NH-744,Roads & Highways,Tamil Nadu,Ministry of Road Transport & Highways,NHAI,0,,1077,791.6,,679.49,2022-04-03,,2025-02-21,2026-07-31,,0,0,0,,,96,0,,2022.0,17.2,-285.4,-26.499535747446608,0,1,10.80589921017685,Sanctioned in Mid-Term,-0.8666666666666664,6.25,9.2,330.0,Post-RFCTLARR 2013 (High Compensation),720.0,8.270676691729317
618745,4L of Vadugapatti to Therkuvenganallur Rajapalyam section from km 36.000 to km 71.600 of NH-744,Roads & Highways,Tamil Nadu,Ministry of Road Transport & Highways,National Highways Authority of India [NHAI],0,,1318,1137.16,,919.66,,,2025-04-10,2026-04-15,,0,0,0,,,100,0,,,12.2,-180.83999999999992,-13.720789074355078,0,1,10.80589921017685,Sanctioned in Mid-Term,-0.8666666666666664,,,,Unknown,,
619074,6-laning of Krishnagiri Km.0.000 to Walajahpet Km.148.300 section on NH-46 under NHDP-V,Roads & Highways,Tamil Nadu,Ministry of Road Transport & Highways,National Highways Authority of India [NHAI],0,,1673,781.74,,266.14,,,2013-12-04,2026-06-30,,0,0,0,,,100,0,,,150.8,-891.26,-53.27316198445905,0,1,-3.3825944170771782,Sanctioned in Mid-Term,-5.266666666666668,,,,Unknown,,
618635,6L of Pondavakkam to Kannigaipair from km 96.040 to km 116.100 of NH 716B Pkg-IV,Roads & Highways,Tamil Nadu,Ministry of Road Transport & Highways,National Highways Authority of India [NHAI],0,,1360,1359.81,,301.77,2021-10-02,,2025-01-23,2025-11-04,,0,0,0,,,31,0,,2021.0,9.4,-0.19000000000005457,-0.013970588235298129,0,1,26.733988838692536,Sanctioned in Election Year,-4.666666666666667,4.0,7.5,290.0,Post-RFCTLARR 2013 (High Compensation),665.0,7.258064516129026
619161,Access Controlled Highway of 4 Lane with Paved Shoulders from Tiruvallur Design Chainage Km 1756 to TN/AP Broder Design Chainage Km 6151 of NH-716 Chennai-Tirupati Package-1,Roads & Highways,Tamil Nadu,Ministry of Road Transport & Highways,NHAI,0,,1376,1247.7,,180.68,2024-07-03,,2026-12-27,2027-03-31,,0,0,0,,,41,0,,2024.0,3.1,-128.29999999999995,-9.324127906976742,0,1,0.7306609465075553,Sanctioned in Mid-Term,1.2000000000000002,6.5,9.85,420.0,Post-RFCTLARR 2013 (High Compensation),840.0,7.692307692307687
618898,Balance Works for Four laning of Vikravandi to Sethiyathope section from Km 0.0 to Km 65.96 of NH-45C in Tamil Nadu under NHDP Phase-IV on EPC mode,Roads & Highways,Tamil Nadu,Ministry of Road Transport & Highways,National Highways Authority of India [NHAI],0,,1163,834.46,,138.72,,,2027-06-24,2027-06-24,,0,0,0,,,22,0,,,0.0,-328.53999999999996,-28.2493551160791,0,0,1.889931456711258,Sanctioned in Pre-Election Year (Rush),0.8,,,,Unknown,,
618522,Balance Works for six laning of Sriperumbudur to karaipettai section of NH-4 New NH-48 from 37000 Existing Km 37000 to Km 71015 Existing Km 71000 in Tamilnadu on EPC mode underNHDP Phase-V,Roads & Highways,Tamil Nadu,Ministry of Road Transport & Highways,NHAI,0,,411,411.16,,134.48,2024-07-06,,2026-10-27,2027-03-31,,0,0,0,,,37,0,,2024.0,5.1,0.160000000000025,0.03892944038930049,1,1,0.7306609465075553,Sanctioned in Mid-Term,1.2000000000000002,6.5,9.85,420.0,Post-RFCTLARR 2013 (High Compensation),840.0,7.692307692307687
619222,"Balance works of four lane from km 43.950 Thiruvallur Bypass to km 61.470 Veppampattu Bypass passing through Thannerkulam, Thozur and Sevapet Bypass 17.520 kms of Tirupathi- Tiruttani- Chennai section of NH 205",Roads & Highways,Tamil Nadu,Ministry of Road Transport & Highways,NHAI,0,,468,699.68,,594.43,2022-08-03,,2024-09-20,2026-07-20,,0,0,0,,,98,0,,2022.0,21.9,231.67999999999995,49.50427350427349,1,1,10.80589921017685,Sanctioned in Mid-Term,-0.8666666666666664,6.25,9.2,330.0,Post-RFCTLARR 2013 (High Compensation),720.0,8.270676691729317
618478,Bangalore Chennai Expressway Phase-III  Package II Walajahpet to Arakkonam from Km 180.000 to Km 204.500,Roads & Highways,Tamil Nadu,Ministry of Road Transport & Highways,National Highways Authority of India [NHAI],0,,1107,1106.65,,590.04,2021-08-01,,2024-07-14,2026-07-15,,0,0,0,,,93,0,,2021.0,24.0,-0.34999999999990905,-0.03161698283648682,0,1,26.733988838692536,Sanctioned in Election Year,-4.666666666666667,4.0,7.5,290.0,Post-RFCTLARR 2013 (High Compensation),665.0,7.258064516129026
618479,Bangalore Chennai Expressway Phase-III  Package III Arakkonam to Kancheepuram from Km 204.500 to Km 230.000,Roads & Highways,Tamil Nadu,Ministry of Road Transport & Highways,NHAI,0,,1525,1525.1,,360.65,2020-08-12,,2024-07-29,2027-12-31,,0,0,0,,,54,0,,2020.0,41.1,0.09999999999990905,0.006557377049174364,1,1,-0.5724854676765867,Sanctioned in Pre-Election Year (Rush),-0.1333333333333336,4.0,7.8,260.0,Post-RFCTLARR 2013 (High Compensation),620.0,5.982905982905984
619086,Chengapalli km 102.035 to Neelambur Km144.680 and Madukkarai Km 170.880 to Walayar K183.010 Package No. NS-2/BOT/TN-08,Roads & Highways,Tamil Nadu,Ministry of Road Transport & Highways,NHAI,0,,852,285.55,,6.93,,,2013-03-07,2026-10-30,,0,0,0,,,100,0,,,163.8,-566.45,-66.48474178403757,0,1,-3.3825944170771782,Sanctioned in Mid-Term,-5.266666666666668,,,,Unknown,,
617962,"Construction of Bypass to Madurai  Achambathu  Viratipathu in between km 6/850  10/382 of NH 49 Extn New NH 85 including Land Acquisition on Engineering, Procurement & Construction EPC basis Contract under NH O Annual Plan 2021-22 in the state of Tamil Nadu job No.NH-49 Extn New NH 85 - TN-2021-22-997",Roads & Highways,Tamil Nadu,Ministry of Road Transport & Highways,MoRTH,0,,239,260.07,,119.33,,,2026-08-23,2026-08-23,,0,0,0,,,92,0,,,0.0,21.069999999999993,8.815899581589955,1,0,10.80589921017685,Sanctioned in Mid-Term,-0.8666666666666664,,,,Unknown,,
618801,Construction of New Double Tier 4-lane Elevated Corridor from Chennai Port to Maduravoyal in Chennai District from Km -0342 to Km 20223 Package 1 from Km -0342 to Km 4604,Roads & Highways,Tamil Nadu,Ministry of Road Transport & Highways,National Highways Authority of India [NHAI],0,,1389,1388.59,,150.68,,,2026-05-20,2027-11-16,,0,0,0,,,21,0,,,17.9,-0.41000000000008185,-0.02951763858891878,0,1,-5.897937298933953,Sanctioned in Mid-Term,-1.633333333333333,,,,Unknown,,
618800,Construction of New Double Tier 4L Elevated Corridor from Chennai Port to Maduravoyal in Chennai District from km -0.342 to Km 20.593 and Package II from Km 4.604 to Km 9.700,Roads & Highways,Tamil Nadu,Ministry of Road Transport & Highways,NHAI,0,,1617,1616.97,,239.48,,,2026-05-20,2029-03-31,,0,0,0,,,18,0,,,34.4,-0.029999999999972715,-0.0018552875695715964,0,1,-5.897937298933953,Sanctioned in Mid-Term,-1.633333333333333,,,,Unknown,,
619139,Construction of New Double Tier 4L Elevated Corridor from Chennai Port to Maduravoyal in Chennai District from km -0.342 to Km 20.593 and Package III from Km 9.700 to Km 14.185,Roads & Highways,Tamil Nadu,Ministry of Road Transport & Highways,NHAI,0,,1299,1299.36,,189.12,,,2026-05-20,2029-03-31,,0,0,0,,,17,0,,,34.4,0.35999999999989996,0.027713625866043104,1,1,-5.897937298933953,Sanctioned in Mid-Term,-1.633333333333333,,,,Unknown,,
619045,Construction of New Double Tier 4L Elevated Corridor from Chennai Port to Maduravoyal in Chennai District from km -0.342 to Km 20.593 and Package IV from Km 14.185 to Km 20.593,Roads & Highways,Tamil Nadu,Ministry of Road Transport & Highways,National Highways Authority of India [NHAI],0,,1205,1210.21,,39.06,,,2026-05-20,2027-11-16,,0,0,0,,,7,0,,,17.9,5.210000000000036,0.4323651452282188,1,1,-5.897937298933953,Sanctioned in Mid-Term,-1.633333333333333,,,,Unknown,,
618480,Construction of Trumpet Interchange Connecting Bangalore  Chennai Expressway km.261705 to km. 262800 with Maduravoyal to Walajapet Section of NH 48 near Sriperumbudur Toll Plaza at km. 35700,Roads & Highways,Tamil Nadu,Ministry of Road Transport & Highways,NHAI,0,,163,162.56,,52.47,2023-03-05,,2025-08-23,2026-10-31,,0,0,0,,,39,0,,2023.0,14.3,-0.4399999999999977,-0.2699386503067471,0,1,-5.897937298933953,Sanctioned in Mid-Term,-1.633333333333333,6.5,9.8,375.0,Post-RFCTLARR 2013 (High Compensation),780.0,8.333333333333325
618562,Dindigul Bypass - Samyanallore from km. 373.275 to km. 426.00,Roads & Highways,Tamil Nadu,Ministry of Road Transport & Highways,National Highways Authority of India [NHAI],0,,579,295.5,,1.4,,,2009-01-29,,,0,0,0,,,100,0,,,0.0,-283.5,-48.96373056994819,0,0,,Sanctioned in Pre-Election Year (Rush),0.4333333333333329,,,,Unknown,,
619131,Four Laning of Chettikulam to Natham section of NH-785,Roads & Highways,Tamil Nadu,Ministry of Road Transport & Highways,National Highways Authority of India [NHAI],0,,838,823.93,,169.31,,,2020-11-03,2026-06-30,,0,0,0,,,100,0,,,67.8,-14.07000000000005,-1.6789976133651612,0,1,10.974572265809623,Sanctioned in Mid-Term,2.966666666666667,,,,Unknown,,
618874,Four Laning of Trichy - Dindigul from km. 333.00 to km. 421.273 of NH-45,Roads & Highways,Tamil Nadu,Ministry of Road Transport & Highways,National Highways Authority of India [NHAI],0,,1003,435.81,,8.36,,,2010-07-14,2026-04-30,,0,0,0,,,100,0,,,189.5,-567.19,-56.549351944167505,0,1,9.871434904684495,Sanctioned in Election Year,2.6666666666666665,,,,Unknown,,
618561,Improving the Alignment of Thoppur Ghat Section from Km 158.500 to Km 165.100 in Dharmapuri - Salem Section of NH-44,Roads & Highways,Tamil Nadu,Ministry of Road Transport & Highways,National Highways Authority of India [NHAI],0,,905,731.09,,137.39,2024-07-03,,2028-03-20,2028-03-20,,0,0,0,,,34,0,,2024.0,0.0,-173.90999999999997,-19.216574585635353,0,0,0.7306609465075553,Sanctioned in Mid-Term,1.2000000000000002,6.5,9.85,420.0,Post-RFCTLARR 2013 (High Compensation),840.0,7.692307692307687
618899,Kallagam km.38.700 to Meensurutti Km.98.433 of NH-227 in Tamil Nadu,Roads & Highways,Tamil Nadu,Ministry of Road Transport & Highways,NHAI,0,,1499,1499.12,,1111.8,,,2021-04-22,2026-07-31,,0,0,0,,,100,0,,,63.3,0.11999999999989086,0.00800533689125356,1,1,10.974572265809623,Sanctioned in Mid-Term,2.966666666666667,,,,Unknown,,
618895,Kamalapuram to Oddanchatram from km. 0.00 to km. 35.822,Roads & Highways,Tamil Nadu,Ministry of Road Transport & Highways,NHAI,0,,1319,1319.42,,649.69,,,2023-01-20,2026-08-31,,0,0,0,,,92,0,,,43.3,0.42000000000007276,0.031842304776351235,1,1,-3.287904599659297,Sanctioned in Mid-Term,1.966666666666666,,,,Unknown,,
618521,Karaipettai to Walajapet from Km 71.015 to 107.091,Roads & Highways,Tamil Nadu,Ministry of Road Transport & Highways,National Highways Authority of India [NHAI],0,,767,766.51,,426.79,2018-08-08,,2021-02-09,2025-04-30,,0,0,0,,,88,0,,2018.0,50.6,-0.4900000000000091,-0.06388526727509897,0,1,10.974572265809623,Sanctioned in Mid-Term,2.966666666666667,6.5,10.35,195.0,Post-RFCTLARR 2013 (High Compensation),545.0,7.920792079207928
619129,Mahabalipuram - Pondicherry Pkg-I [Mamallapuram to Mugaiyur],Roads & Highways,Tamil Nadu,Ministry of Road Transport & Highways,NHAI,0,,1361,1477.94,,897.36,,,2024-05-10,2027-01-31,,0,0,0,,,59,0,,,32.7,116.94000000000005,8.59221160911095,1,1,-3.287904599659297,Sanctioned in Mid-Term,1.966666666666666,,,,Unknown,,
619130,Mahabalipuram - Pondicherry Pkg-II [Mugaiyur to Marakkanam],Roads & Highways,Tamil Nadu,Ministry of Road Transport & Highways,National Highways Authority of India [NHAI],0,,1116,1463.75,,531.32,,,2025-12-05,2027-02-28,,0,0,0,,,53,0,,,14.8,347.75,31.160394265232977,1,1,-3.287904599659297,Sanctioned in Mid-Term,1.966666666666666,,,,Unknown,,
618756,Melur - Pilayarpatti - Karaikudi from km 99.920 of NH 38 to km 12.9 of NH 383 Ext.,Roads & Highways,Tamil Nadu,Ministry of Road Transport & Highways,NHAI,0,,1104,1085.41,,956.43,,,2022-03-15,2026-07-31,,0,0,0,,,97,0,,,52.5,-18.589999999999918,-1.6838768115941956,0,1,10.974572265809623,Sanctioned in Mid-Term,2.966666666666667,,,,Unknown,,
618846,Poondiyankuppam Km.67.000 to Sattanathapuram Km.123.800,Roads & Highways,Tamil Nadu,Ministry of Road Transport & Highways,National Highways Authority of India [NHAI],0,,2566,2319.35,,1077.71,2018-01-03,,2024-01-19,2026-04-30,,0,0,0,,,100,0,,2018.0,27.3,-246.6500000000001,-9.612236944660953,0,1,10.974572265809623,Sanctioned in Mid-Term,2.966666666666667,6.5,10.35,195.0,Post-RFCTLARR 2013 (High Compensation),545.0,7.920792079207928
618943,Salem - Ulundurpet section from km 0.313 to km 136.670 of NH-68,Roads & Highways,Tamil Nadu,Ministry of Road Transport & Highways,National Highways Authority of India [NHAI],0,,861,1019.85,,140.31,,,2011-01-14,2026-06-15,,0,0,0,,,100,0,,,185.0,158.85000000000002,18.44947735191638,1,1,9.871434904684495,Sanctioned in Election Year,2.6666666666666665,,,,Unknown,,
619084,Start of Karur Bypass - Dindigul from km. 292.600 to km. 305.600 Contract Package No. NS2/BOT/TN-4,Roads & Highways,Tamil Nadu,Ministry of Road Transport & Highways,National Highways Authority of India [NHAI],0,,462,515.03,,42.28,,,2009-04-16,2026-10-16,,0,0,0,,,100,0,,,210.0,53.02999999999997,11.478354978354972,1,1,,Sanctioned in Pre-Election Year (Rush),0.4333333333333329,,,,Unknown,,
619094,Thorapalli - Agraharam - Jittandahalli Section from km 23.350 to km 60.100 [Hosur to Dhamrapuri Pkg-2],Roads & Highways,Tamil Nadu,Ministry of Road Transport & Highways,National Highways Authority of India [NHAI],0,,1244,1272.11,,509.9,,,2023-12-06,2025-03-31,,0,0,0,,,82,0,,,15.8,28.1099999999999,2.259646302250796,1,1,-3.287904599659297,Sanctioned in Mid-Term,1.966666666666666,,,,Unknown,,
619083,Thumbipadi-Namakkal from km. 180.00 to km. 248.625 Package No. NS-2/BOT/TN-02,Roads & Highways,Tamil Nadu,Ministry of Road Transport & Highways,National Highways Authority of India [NHAI],0,,256,395.43,,206.64,,,2009-02-14,2026-08-30,,0,0,0,,,100,0,,,210.4,139.43,54.46484375,1,1,,Sanctioned in Pre-Election Year (Rush),0.4333333333333329,,,,Unknown,,
618743,Trichy 135.800 to Karur 218.000 section of NH-67 - Trichy Bypass,Roads & Highways,Tamil Nadu,Ministry of Road Transport & Highways,National Highways Authority of India [NHAI],0,,877,360.88,,66.59,2006-09-12,,2024-10-03,,,0,0,0,,,100,0,,2006.0,0.0,-516.12,-58.850627137970356,0,0,9.871434904684495,Sanctioned in Election Year,2.6666666666666665,7.25,11.5,15.0,Pre-RFCTLARR 2013 (Old 1894 Act),125.0,13.636363636363647
618773,Tuticorin - Tirunelveli from km. 0.00 to km. 47.250,Roads & Highways,Tamil Nadu,Ministry of Road Transport & Highways,National Highways Authority of India [NHAI],0,,450,452.48,,1.17,,,2012-04-25,,,0,0,0,,,100,0,,,0.0,2.480000000000018,0.5511111111111151,1,0,-3.3825944170771782,Sanctioned in Mid-Term,-5.266666666666668,,,,Unknown,,
618811,4L Access Controlled  Greenfield Highway Section Mancherial  Warangal from Pangidipalle village at Design Ch. 72.350 Km to Oorugonda village at Design Ch. 112.240 KmPackage-III,Roads & Highways,Telangana,Ministry of Road Transport & Highways,National Highways Authority of India [NHAI],0,,1184,1170.64,,83.68,,,2027-06-13,2027-06-30,,0,0,0,,,0,0,,,0.6,-13.3599999999999,-1.12837837837837,0,1,-5.897937298933953,Sanctioned in Election Year,0.2333333333333334,,,,Unknown,,
618817,4L Access Controlled Greenfield Highway section on NH-163G Khammam Vijayawada from V. Venkatayapalem village at Design Ch. 220.480 Km to BrahmanapalliK village at Design Ch. 250.400 Km Package-I.,Roads & Highways,Telangana,Ministry of Road Transport & Highways,NHAI,0,,973,1021.96,,270.95,,,2027-03-18,2027-06-30,,0,0,0,,,44,0,,,3.4,48.960000000000036,5.031860226104834,1,1,-5.897937298933953,Sanctioned in Election Year,0.2333333333333334,,,,Unknown,,
618816,4L Access Controlled Greenfield Highway section on NH-163G Warangal-Khammam from Thallasenkesa village at Design Ch. 189.650 km to V.Vekatayapalem village in Khammam District at Design Ch. 220.480 KmPackage-III,Roads & Highways,Telangana,Ministry of Road Transport & Highways,NHAI,0,,1105,1098.05,,168.17,,,2027-07-03,2027-07-03,,0,0,0,,,10,0,,,0.0,-6.9500000000000455,-0.6289592760181036,0,0,-5.897937298933953,Sanctioned in Election Year,0.2333333333333334,,,,Unknown,,
618815,4L Access Controlled Greenfield Highway section on NH-163G Warangal-Khammam from Venkatpur village in Warangal District at Design Ch. 150.240 Km to Thallasenkesa village in Mahabubabed District at Design Ch. 189.650 kmPackage-II,Roads & Highways,Telangana,Ministry of Road Transport & Highways,National Highways Authority of India [NHAI],0,,1093,1083.11,,261.74,,,2026-04-18,2026-04-18,,0,0,0,,,59,0,,,0.0,-9.8900000000001,-0.9048490393412717,0,0,-5.897937298933953,Sanctioned in Election Year,0.2333333333333334,,,,Unknown,,
618814,4L Access Controlled Greenfield Highway section on NH163G Warangal-Khammam from Oorugonda village in Hanamkonda District at Design Ch. 112.240 Km to Venkatpur village in Warangal District at Design Ch. 150.240 KmPackage-I,Roads & Highways,Telangana,Ministry of Road Transport & Highways,NHAI,0,,1143,1140.82,,147.2,,,2027-06-12,2028-05-31,,0,0,0,,,0,0,,,11.6,-2.1800000000000637,-0.1907261592301018,0,1,-5.897937298933953,Sanctioned in Election Year,0.2333333333333334,,,,Unknown,,
618813,4L Access Controlled Greenfield Section Mancherial  Warangal from Narva village at Design Ch. 3.834 Km to Puttapaka village at Design Ch. 35.300 Km Package-I,Roads & Highways,Telangana,Ministry of Road Transport & Highways,National Highways Authority of India [NHAI],0,,1128,1104.27,,66.79,2023-01-03,,2026-12-22,2027-06-30,,0,0,0,,,6,0,,2023.0,6.2,-23.730000000000018,-2.103723404255321,0,1,-5.897937298933953,Sanctioned in Election Year,0.2333333333333334,6.5,9.8,375.0,Post-RFCTLARR 2013 (High Compensation),780.0,8.333333333333325
618812,4L Access Controlled Greenfield Section Mancherial  Warangal from Puttapaka village at Design Ch. 35.300 Km to Pangidipalle village at Design Ch. 72.350 KmPackage-II,Roads & Highways,Telangana,Ministry of Road Transport & Highways,NHAI,0,,1129,1145.41,,209.45,,,2027-06-13,2027-12-31,,0,0,0,,,8,0,,,6.6,16.410000000000082,1.4534986713906184,1,1,-5.897937298933953,Sanctioned in Election Year,0.2333333333333334,,,,Unknown,,
618765,4L of Karimnagar-Warangal section from km 49.500 to km 117.820 of NH-563,Roads & Highways,Telangana,Ministry of Road Transport & Highways,NHAI,0,,2147,2486.51,,1268.13,2022-09-03,,2025-07-16,2026-08-31,,0,0,0,,,92,0,,2022.0,13.5,339.5100000000002,15.813227759664658,1,1,10.80589921017685,Sanctioned in Pre-Election Year (Rush),4.966666666666667,6.25,9.2,330.0,Post-RFCTLARR 2013 (High Compensation),720.0,8.270676691729317
618945,4L of Kodad Design Km 0.00/Existing Km 185.00 of NH-65 to Khammam Design Km 31.800/Existing Km 29.400 of NH-365A,Roads & Highways,Telangana,Ministry of Road Transport & Highways,National Highways Authority of India [NHAI],0,,1149,1606.99,,787.84,,,2024-05-31,2026-05-30,,0,0,0,,,100,0,,,23.9,457.99,39.859878154917325,1,1,26.733988838692536,Sanctioned in Mid-Term,2.1333333333333333,,,,Unknown,,
617913,6-laning of km 9.900 to km 19/948 Aramgarh to Shamshabad Section of Hyderabad-Bangalore section of NH-44 Under NHO EPC basis in the state of Telangana,Roads & Highways,Telangana,Ministry of Road Transport & Highways,MoRTH,0,,283,300.7,,252.28,,,2020-05-09,2021-07-12,,0,0,0,,,88,0,,,14.1,17.69999999999999,6.254416961130738,1,1,10.974572265809623,Sanctioned in Election Year,-0.1999999999999998,,,,Unknown,,
617939,6-Laning of Pune-Hyderabad Section of NH-65 from Km 493/0 to Km 524/0 from Sangareddy X Roads to Madinaguda in the State of Telangana,Roads & Highways,Telangana,Ministry of Road Transport & Highways,MoRTH,0,,1298,,,0.0,,,2026-07-03,2026-08-03,,0,0,0,,,45,0,,,1.0,,,0,1,-5.897937298933953,Sanctioned in Election Year,0.2333333333333334,,,,Unknown,,
618559,6L of existing 4L from Gundlapochampally  to Bowenpally from km 471.300 to  km 481.331 of NH-44,Roads & Highways,Telangana,Ministry of Road Transport & Highways,National Highways Authority of India [NHAI],0,,522,528.21,,256.27,,,2024-07-30,2026-04-22,,0,0,0,,,50,0,,,20.7,6.210000000000036,1.1896551724138,1,1,26.733988838692536,Sanctioned in Mid-Term,2.1333333333333333,,,,Unknown,,
619253,Construction of 4 lane Bypass to Nalgonda Town lrorn Km 000 Existing Ch. 181590 to Km 14.00 Existing Ch. 28/685 ol Nakrekal to Nagarjunsagar Section of NH -565 in the State of Telangara on EPC under Annual Plan 2024 -25,Roads & Highways,Telangana,Ministry of Road Transport & Highways,MoRTH,0,,516,,,0.0,,,2027-10-06,2027-10-06,,0,0,0,,,49,0,,,0.0,,,0,0,0.7306609465075553,Sanctioned in Mid-Term,1.35,,,,Unknown,,
618001,"Construction of 4-lane flyover at Amberpet-X road, Hyderabad on NH-202 in the State of Telangana",Roads & Highways,Telangana,Ministry of Road Transport & Highways,MoRTH,0,,217,265.88,,152.77,2018-08-05,,2023-06-28,2024-04-06,,0,0,0,,,92,0,,2018.0,9.3,48.879999999999995,22.525345622119815,1,1,10.974572265809623,Sanctioned in Election Year,-0.1999999999999998,6.5,10.35,195.0,Post-RFCTLARR 2013 (High Compensation),545.0,7.920792079207928
617980,Construction of six lane elevated corridor from km 7.950  Uppal to km 14.200 of NH-163 to De-Congest the urban limits of Hyderabad-Bhoopalapatnam section on EPC mode in the state of Telangana,Roads & Highways,Telangana,Ministry of Road Transport & Highways,MoRTH,0,,627,,,13.91,,,2020-07-01,2026-04-02,,0,0,0,,,49,0,,,69.0,,,0,1,10.974572265809623,Sanctioned in Election Year,-0.1999999999999998,,,,Unknown,,
618944,Hyderabad - Maneguda,Roads & Highways,Telangana,Ministry of Road Transport & Highways,National Highways Authority of India [NHAI],0,,959,1218.49,,193.26,2021-07-10,,2026-11-26,2027-05-26,,0,0,0,,,16,0,,2021.0,5.9,259.49,27.058394160583944,1,1,26.733988838692536,Sanctioned in Mid-Term,2.1333333333333333,4.0,7.5,290.0,Post-RFCTLARR 2013 (High Compensation),665.0,7.258064516129026
618558,Improvement of Geometrics of Kalkallu to Gundla Pochanpalli from Km 454.00  to Km 471.00 of NH-44,Roads & Highways,Telangana,Ministry of Road Transport & Highways,NHAI,0,,955,903.17,,454.5,2022-04-03,,2025-01-22,2027-03-31,,0,0,0,,,36,0,,2022.0,26.2,-51.83000000000004,-5.427225130890056,0,1,10.80589921017685,Sanctioned in Pre-Election Year (Rush),4.966666666666667,6.25,9.2,330.0,Post-RFCTLARR 2013 (High Compensation),720.0,8.270676691729317
618560,Improvement of Geometrics of Thondupally to Kothur from Km 22.300 to Km 34.14 of NH-44,Roads & Highways,Telangana,Ministry of Road Transport & Highways,NHAI,0,,542,527.43,,74.01,2022-04-03,,2024-09-16,2026-09-30,,0,0,0,,,17,0,,2022.0,24.4,-14.57000000000005,-2.6881918819188284,0,1,10.80589921017685,Sanctioned in Pre-Election Year (Rush),4.966666666666667,6.25,9.2,330.0,Post-RFCTLARR 2013 (High Compensation),720.0,8.270676691729317
618746,Khammam-Devarapalle Pkg I [4L  Access Controlled Greenfield from Thallampadu village to Somavaram village Design Chainage 0000 to 33604],Roads & Highways,Telangana,Ministry of Road Transport & Highways,National Highways Authority of India [NHAI],0,,797,1337.18,,635.3,,,2024-10-30,2026-10-07,,0,0,0,,,96,0,,,23.2,540.1800000000001,67.77666248431619,1,1,26.733988838692536,Sanctioned in Mid-Term,2.1333333333333333,,,,Unknown,,
619128,Khammam-Devarapalle Pkg II [4L Access Controlled Greenfield from Somavaram village to Chintagudem village Design Chainage 33604 to 63117],Roads & Highways,Telangana,Ministry of Road Transport & Highways,NHAI,0,,616,981.64,,524.03,,,2024-09-12,2026-07-31,,0,0,0,,,98,0,,,22.6,365.64,59.357142857142854,1,1,26.733988838692536,Sanctioned in Mid-Term,2.1333333333333333,,,,Unknown,,
618025,Rehabiitation and upgradation from km 121/000 to 154/000 Nakrekal to Mallampally section of NH-365 to 2 lane with paved shoulders in the state of Telangana in the EPC mode,Roads & Highways,Telangana,Ministry of Road Transport & Highways,MoRTH,0,,193,,,141.82,,,2019-12-08,2026-09-30,,0,0,0,,,96,0,,,81.7,,,0,1,10.974572265809623,Sanctioned in Election Year,-0.1999999999999998,,,,Unknown,,
617992,Rehabilitation & upgradation of NH - 167 from design km 187.723 to 234.434  Miryalaguda to Kodad section  to two lane with paved shoulder on EPC mode in the state of Telangana,Roads & Highways,Telangana,Ministry of Road Transport & Highways,MoRTH,0,,323,322.81,,148.48,,,2020-09-03,2026-06-30,,0,0,0,,,98,0,,,69.8,-0.18999999999999773,-0.058823529411764004,0,1,10.974572265809623,Sanctioned in Election Year,-0.1999999999999998,,,,Unknown,,
618186,"Rehabilitation and Up-gradation of Valigonda to Thorrur Section to Two Lane with Paved Shoulders from Km 39.180 to Km 108.300 of NH-930P in the State of Telangana on Engineering, Procurement and Construction EPC Basis",Roads & Highways,Telangana,Ministry of Road Transport & Highways,MoRTH,0,,549,,,280.02,2022-05-01,,2024-12-28,2025-04-07,,0,0,0,,,82,0,,2022.0,3.3,,,0,1,10.80589921017685,Sanctioned in Pre-Election Year (Rush),4.966666666666667,6.25,9.2,330.0,Post-RFCTLARR 2013 (High Compensation),720.0,8.270676691729317
617940,"Rehabilitation and Upgradation of LB-Nagar to Malkapur section to 6-Lane main carriageway with service roads, drains cum footpath, including VUPs and widening of Minor bridge & road safety provisions from Km. 15/00 to Km 40/00 of NH-65 Old NH-9 under NH O for the year 2020-21 in the state of Telangana on EPC Mode. ",Roads & Highways,Telangana,Ministry of Road Transport & Highways,MoRTH,0,,545,,,258.75,,,2024-07-22,2025-09-07,,0,0,0,,,60,0,,,13.5,,,0,1,26.733988838692536,Sanctioned in Mid-Term,2.1333333333333333,,,,Unknown,,
617994,Rehabilitation and upgradation of NH-167 from design km 113.900 to 154.479 Mallepally Haliya section  to two lane with paved shoulders on EPC mode in the stte of Telangana,Roads & Highways,Telangana,Ministry of Road Transport & Highways,MoRTH,0,,294,257.61,,239.25,,,2019-11-28,2025-12-06,,0,0,0,,,88,0,,,72.3,-36.389999999999986,-12.37755102040816,0,1,10.974572265809623,Sanctioned in Election Year,-0.1999999999999998,,,,Unknown,,
617993,Rehabilitation and upgradation of NH-167 from design km 157.707 to 187.723 design length 30.016 km to two lane with paved shoulders of Alinagar-Miryalaguda Sec on EPC mode in the state of Telangana,Roads & Highways,Telangana,Ministry of Road Transport & Highways,MoRTH,0,,220,,,,,,2019-11-12,2026-06-01,,0,0,0,,,98,0,,,78.6,,,0,1,10.974572265809623,Sanctioned in Election Year,-0.1999999999999998,,,,Unknown,,
619193,Rehabilitation and upgradation of NH-221 from km 121/0 to 165/0 Rudrampur to Bhadrachalam section to two lane with paved shoulder under NHDPIV in the state of Telangana through EPC mode,Roads & Highways,Telangana,Ministry of Road Transport & Highways,MoRTH,0,,295,334.82,,173.64,,,2017-02-24,2020-07-12,,0,0,0,,,82,0,,,40.5,39.81999999999999,13.498305084745759,1,1,-12.69797674631511,Sanctioned in Mid-Term,-0.0333333333333334,,,,Unknown,,
618026,Rehabilitation and upgradation to two lane with paved shoulders from Km 0/000 to 72/6 of NH-365 Nakrekal to Tanamcherla section under NHDP IV in the state of Telangana under EPC mode,Roads & Highways,Telangana,Ministry of Road Transport & Highways,MoRTH,0,,605,,,585.2,,,2019-10-31,2026-04-30,,0,0,0,,,100,0,,,78.0,,,0,1,10.26683343756516,Sanctioned in Pre-Election Year (Rush),-4.1,,,,Unknown,,
619165,Thanamcherla-Jamandlapally 2LPS,Roads & Highways,Telangana,Ministry of Road Transport & Highways,NHAI,0,,177,18.65,,8.3,,,2023-02-07,2026-07-31,,0,0,0,,,100,0,,,41.7,-158.35,-89.46327683615819,0,1,2.5739065560011376,Sanctioned in Pre-Election Year (Rush),-3.6,,,,Unknown,,
619009,Upgradation to Two Lane with Paved Shoulders from Km 0.000 to Km 41.920 Green Field Alignment of Gowrelly to Valigonda Section of NH-930P in the State of Telangana on EPC Mode under Annual Plan 2022-23,Roads & Highways,Telangana,Ministry of Road Transport & Highways,MoRTH,0,,690,,,0.0,,,2028-04-30,2028-03-31,,0,0,0,,,0,0,,,0.0,,,0,0,10.80589921017685,Sanctioned in Pre-Election Year (Rush),4.966666666666667,,,,Unknown,,
617983,Widening & Strengthening of Existing 2LPS to 4 lane  PS from Km 150000 to Km 159000 and Km 165400 to Km 186000 of NH-163 old NH-202 under NH O for the year 2020-21 on EPC Mode in the state of Telangana.,Roads & Highways,Telangana,Ministry of Road Transport & Highways,MoRTH,0,,317,300.56,,168.8,,,2024-07-16,2025-04-07,,0,0,0,,,82,0,,,8.7,-16.439999999999998,-5.186119873817034,0,1,26.733988838692536,Sanctioned in Mid-Term,2.1333333333333333,,,,Unknown,,
618132,Widening & strengthening of existing carriageway in 2 lane with paved shoulders from km 25/0 to 59/2 design Ch km 25.467 to 59.200 of NH - 353C on EPC mode in the state of Telangana,Roads & Highways,Telangana,Ministry of Road Transport & Highways,MoRTH,0,,206,,,152.77,,,2020-06-03,,,0,0,0,,,98,0,,,0.0,,,0,0,10.974572265809623,Sanctioned in Election Year,-0.1999999999999998,,,,Unknown,,
618141,Widening and Improvement of existing carriage way to 2 lane with paved shoulders from Km. 86/160 to 131/730 of Jangaon-Duddeda section of NH-365B in the State of Telangana on EPC Mode,Roads & Highways,Telangana,Ministry of Road Transport & Highways,MoRTH,0,,423,423.48,,159.94,2022-05-01,,2024-12-18,2025-06-07,,0,0,0,,,0,0,,2022.0,5.6,0.4800000000000182,0.11347517730496884,1,1,10.80589921017685,Sanctioned in Pre-Election Year (Rush),4.966666666666667,6.25,9.2,330.0,Post-RFCTLARR 2013 (High Compensation),720.0,8.270676691729317
617982,Widening and strengthening of existing 2-lane to 2- lane with paved shoulders from km 159/0 to 165/4 and 186/0 to 215/0 of NH-163 on EPC mode int the state of Telangana,Roads & Highways,Telangana,Ministry of Road Transport & Highways,MoRTH,0,,230,,,,,,2019-11-30,2020-12-03,,0,0,0,,,0,0,,,12.1,,,0,1,10.974572265809623,Sanctioned in Election Year,-0.1999999999999998,,,,Unknown,,
618106,Widening and Strengthening to 2/4 lane with paved shoulders of Mahabubnagar  Chincholi section from Km 0/0 to Km 60/255 of NH-167N in the state of Telangana under Annual plan 2021-22 on EPC modepackage-I under NHO Job No.167N-TS-2021-22-75,Roads & Highways,Telangana,Ministry of Road Transport & Highways,MoRTH,0,,704,,,279.58,,,2025-01-18,2026-03-31,,0,0,0,,,91,0,,,14.4,,,0,1,10.80589921017685,Sanctioned in Pre-Election Year (Rush),4.966666666666667,,,,Unknown,,
618105,Widening and strengthening to 4 lane / 2-lane with paved shoulders of Mahabubnagar - Chincholi section from km 60/255 to Km 102/834 of NH-167N in the State of Telangana on EPC mode.,Roads & Highways,Telangana,Ministry of Road Transport & Highways,MoRTH,0,,631,,,125.34,2022-07-03,,2025-10-08,2026-11-02,,0,0,0,,,31,0,,2022.0,12.8,,,0,1,10.80589921017685,Sanctioned in Pre-Election Year (Rush),4.966666666666667,6.25,9.2,330.0,Post-RFCTLARR 2013 (High Compensation),720.0,8.270676691729317
618130,Widening to 2 lane with paved shoulders from 0.00 to 32.970 ofAdilabadto Bela section of NH 353B in the State of Telangana,Roads & Highways,Telangana,Ministry of Road Transport & Highways,MoRTH,0,,491,,,0.0,,,2026-05-03,2026-11-30,,0,0,0,,,78,0,,,6.9,,,0,1,10.80589921017685,Sanctioned in Pre-Election Year (Rush),4.966666666666667,,,,Unknown,,
618183,Widening to 2 lane with paved shoulders from Km 62/920 to km 106/830 of Medak - Yellareddy section in the State of Telangana under Annual Plan 2022-23 on EPC mode under NHO,Roads & Highways,Telangana,Ministry of Road Transport & Highways,MoRTH,0,,399,,,0.0,,,2026-08-08,2026-08-20,,0,0,0,,,70,0,,,0.4,,,0,1,10.80589921017685,Sanctioned in Pre-Election Year (Rush),4.966666666666667,,,,Unknown,,
618196,Widening to 2 lane with Paved Shoulders of  Siddipet-Elkathurthy section  from Km 69/978 to km 133/619 of NH-765DG in the State of Telangana under Annual plan 2021-22 on EPC mode,Roads & Highways,Telangana,Ministry of Road Transport & Highways,MoRTH,0,,579,,,0.0,,,2024-09-12,2026-12-31,,0,0,0,,,85,0,,,27.6,,,0,1,10.80589921017685,Sanctioned in Pre-Election Year (Rush),4.966666666666667,,,,Unknown,,
618197,Widening to 2 lane with Paved Shoulders of Medak - Siddipet section from Km 0/0 to km 69/978 of NH-765DG in the State of Telangana under Annual plan 2021-22 on EPC mode ,Roads & Highways,Telangana,Ministry of Road Transport & Highways,MoRTH,0,,882,,,347.42,,,2025-01-30,2025-07-12,,0,0,0,,,73,0,,,5.4,,,0,1,10.80589921017685,Sanctioned in Pre-Election Year (Rush),4.966666666666667,,,,Unknown,,
617996,Widening to 2/4 Lane with paved shoulders from Km 182.120 to Km 227.600 of NH 167 on Haggari-Jadcherla Road on EPC mode under NHO in the state of Telangana,Roads & Highways,Telangana,Ministry of Road Transport & Highways,MoRTH,0,,298,,,228.09,2016-06-10,,2019-02-20,2023-07-07,,0,0,0,,,95,0,,2016.0,52.5,,,0,1,0.6082214765100735,Sanctioned in Mid-Term,0.1666666666666666,6.25,10.4,138.0,Post-RFCTLARR 2013 (High Compensation),465.0,9.411764705882364
618182,Widening to Two lane with paved shoulders from 106/830 to 158/496 of Yellareddy-Rudrur Section of NH-765D in the state of Telangana on EPC mode under NHO under Annual plan 2022-23,Roads & Highways,Telangana,Ministry of Road Transport & Highways,MoRTH,0,,500,,,187.35,,,2026-07-06,2026-07-05,,0,0,0,,,64,0,,,-0.0,,,0,0,10.80589921017685,Sanctioned in Pre-Election Year (Rush),4.966666666666667,,,,Unknown,,
618091,Widening to two lane with paved shoulders from Km 0/000 to Km 45/946 of Nizampet-Narayankhed-bidar section of NH-161B in the state of Telangana under Annual Plan 2021-22 on EPC mode under NHO,Roads & Highways,Telangana,Ministry of Road Transport & Highways,MoRTH,0,,513,,,117.6,,,2026-02-19,2027-03-23,,0,0,0,,,41,0,,,13.0,,,0,1,10.80589921017685,Sanctioned in Pre-Election Year (Rush),4.966666666666667,,,,Unknown,,
618104,Widening to two lane with paved shoulders from Km 0/000 to Km 79/300 of Kalwakurthy - Kollapur section of NH-167K in the state of Telangana under annual plan 2021-22 on EPC mode under NHO.,Roads & Highways,Telangana,Ministry of Road Transport & Highways,MoRTH,0,,887,,,573.13,,,2025-07-11,2026-06-30,,0,0,0,,,78,0,,,11.6,,,0,1,10.80589921017685,Sanctioned in Pre-Election Year (Rush),4.966666666666667,,,,Unknown,,
617995,Widening to Two Lane with Paved Shoulders from Km 67.000 to Km 114.425 of Kalwakurthy- Mallapally Section of NH 167 Erstwhile section of SH 18 in the State of Telangana on EPC mode under NH O Annual Plan 2016-17,Roads & Highways,Telangana,Ministry of Road Transport & Highways,MoRTH,0,,300,,,2.08,,,2019-05-04,2021-07-07,,0,0,0,,,99,0,,,26.1,,,0,1,10.26683343756516,Sanctioned in Pre-Election Year (Rush),-4.1,,,,Unknown,,
618143,widening to two lane with Paved shoulders from Km.0/970 to Km.40/410 of Jangaon - Thirumal giriof NH- 365B in the state of Telanganaon EPC mode under NHO Annual Plan 2016-17,Roads & Highways,Telangana,Ministry of Road Transport & Highways,MoRTH,0,,197,,,,,,2019-10-31,2019-10-31,,0,0,0,,,92,0,,,0.0,,,0,0,10.26683343756516,Sanctioned in Pre-Election Year (Rush),-4.1,,,,Unknown,,
618142,Widening to Two lane with Paved shoulders from km.40/410 to 84/037 of Thirumanlagiri-- Suryapet Section of NH-365B earstwhile section of SH-16,Roads & Highways,Telangana,Ministry of Road Transport & Highways,MoRTH,0,,245,,,,,,2019-05-08,2019-05-08,,0,0,0,,,99,0,,,0.0,,,0,0,10.26683343756516,Sanctioned in Pre-Election Year (Rush),-4.1,,,,Unknown,,
618190,Widening to two lane with paved shoulders of 'Bodhan Basar Bhainsa ' section from Km 38/900 to 95/300 of NH-161BB in the state of Telangana under Annual Plan 2021-22 on EPC Mode under NH  O.,Roads & Highways,Telangana,Ministry of Road Transport & Highways,MoRTH,0,,644,,,349.38,2022-03-03,,2025-03-16,2026-04-30,,0,0,0,,,99,0,,2022.0,13.5,,,0,1,10.80589921017685,Sanctioned in Pre-Election Year (Rush),4.966666666666667,6.25,9.2,330.0,Post-RFCTLARR 2013 (High Compensation),720.0,8.270676691729317
617981,Widening to Two with Paved shoulders from Km 59.500 to Km 132.033 of Manneguda- Ravunapally section of NH-163 Erstwhile SH-4 in the State of Telangana on EPC mode under NH O Annual Plan 2016-17,Roads & Highways,Telangana,Ministry of Road Transport & Highways,MoRTH,0,,359,,,,,,2019-05-11,2026-05-31,,0,0,0,,,100,0,,,84.7,,,0,1,10.26683343756516,Sanctioned in Pre-Election Year (Rush),-4.1,,,,Unknown,,
617936,Widening to two/four lane with paved shoulder from Km.180.600 to Km.223.000 of NH-63 on Nizamabad-Jagadalpur road on EPC mode under NHO in the state of Telangana.,Roads & Highways,Telangana,Ministry of Road Transport & Highways,MoRTH,0,,254,183.26,,,2016-06-10,,2019-03-28,,,0,0,0,,,0,0,,2016.0,0.0,-70.74000000000001,-27.850393700787407,0,0,0.6082214765100735,Sanctioned in Mid-Term,0.1666666666666666,6.25,10.4,138.0,Post-RFCTLARR 2013 (High Compensation),465.0,9.411764705882364
618140,Widening to two/four lane with paved shoulders from Km.34.250 to Km.71.830 of NH-365A on Kodad-Khammam-Kurvi road.,Roads & Highways,Telangana,Ministry of Road Transport & Highways,MoRTH,0,,446,,,18.32,,,2027-01-31,2027-01-31,,0,0,0,,,9,0,,,0.0,,,0,0,10.80589921017685,Sanctioned in Pre-Election Year (Rush),4.966666666666667,,,,Unknown,,
618417,"Construction of 4-Lane with paved shoulder Agartala bypass Western side, length  25.402 km connecting NH-8 near Amtali to NH-108B near Lembuchhera in the state of Tripura on EPC basis under NHO-NE",Roads & Highways,Tripura,Ministry of Road Transport & Highways,NHIDCL,0,,2026,,,292.55,,,2027-03-09,2027-03-09,,0,0,0,,,9,0,,,0.0,,,0,0,-5.897937298933953,Sanctioned in Election Year,-1.4666666666666668,,,,Unknown,,
618350,Improvement & widening of existing NH-08 to 4-lane with Paved Shoulder from Champak Nagar to Khayerpur section design Km 242500 to Km 261610 in the state of Tripura on EPC basis under NHO-NE,Roads & Highways,Tripura,Ministry of Road Transport & Highways,NHIDCL,0,,921,,,0.0,,,2026-09-28,2027-03-31,,0,0,0,,,48,0,,,6.0,,,0,1,-5.897937298933953,Sanctioned in Election Year,-1.4666666666666668,,,,Unknown,,
618368,Improvement and Widening to 2-lane with paved shoulder of road from design Km 36.000 Rangamati to design Km 72.000 Pati Chhari Total length 36.000 Km on Teliamura to Harina section of NH 208 in the state of Tripura on EPC mode under JICA ODA Loan Phase VI Package-3,Roads & Highways,Tripura,Ministry of Road Transport & Highways,NHIDCL,0,,671,,,0.0,2024-09-01,,2026-09-02,2027-05-31,,0,0,0,,,14,0,,2024.0,8.9,,,0,1,0.7306609465075553,Sanctioned in Mid-Term,-3.6,6.5,9.85,420.0,Post-RFCTLARR 2013 (High Compensation),840.0,7.692307692307687
618367,Improvement and Widening to 2-lane with paved shoulder of road from design Km 72.000 Pati Chhari to design Km 107.654 Harina Total length 35.654 Km on Teliamura to Harina section of NH 208 in the state of Tripura on EPC mode under JICA ODA Loan Phase VI Package-4,Roads & Highways,Tripura,Ministry of Road Transport & Highways,NHIDCL,0,,727,,,194.74,2024-09-01,,2026-12-20,2026-12-20,,0,0,0,,,8,0,,2024.0,0.0,,,0,0,0.7306609465075553,Sanctioned in Mid-Term,-3.6,6.5,9.85,420.0,Post-RFCTLARR 2013 (High Compensation),840.0,7.692307692307687
618369,Improvement and Widening to 2-lane with paved shoulder of road from existing Km 438.170 Khowai Chowmuhani to existing Km 439.410 South Pulinpur of NH-08 and from design Km 0.000 South Pulinpur to design Km 36.00 near Rangamati of NH 208 on Khowai  Teliamura- Harina section Total length 37.24 in the state of Tripura on EPC mode under JICA ODA Loan Phase VI Package-2,Roads & Highways,Tripura,Ministry of Road Transport & Highways,NHIDCL,0,,657,,,0.0,2024-09-01,,2026-09-02,2027-03-31,,0,0,0,,,60,0,,2024.0,6.9,,,0,1,0.7306609465075553,Sanctioned in Mid-Term,-3.6,6.5,9.85,420.0,Post-RFCTLARR 2013 (High Compensation),840.0,7.692307692307687
618370,Improvement and Widening to 2-lane with paved shoulder of road from Km 101.300 to km 127.319 Total Length 26.019 Km i.e. the Khowai Teliamura-Amarpur-Harina-Sabroom section of NH 208 in the state of Tripura on EPC under JICA ODA Loan Phase VI Package-1,Roads & Highways,Tripura,Ministry of Road Transport & Highways,NHIDCL,0,,432,,,0.0,2024-09-01,,2026-07-17,2027-04-17,,0,0,0,,,63,0,,2024.0,9.0,,,0,1,0.7306609465075553,Sanctioned in Mid-Term,-3.6,6.5,9.85,420.0,Post-RFCTLARR 2013 (High Compensation),840.0,7.692307692307687
618411,Melaghar-Srimantapur section on NH-08 Spur from Km 23 to Km 34.500 11.5 Km and overlay from Km 20.30 to Km 22.00 1.7 Km Total Length  13.2 Km,Roads & Highways,Tripura,Ministry of Road Transport & Highways,NHIDCL,0,,196,,,68.88,2023-05-01,,2024-11-27,2025-11-12,,0,0,0,,,61,0,,2023.0,11.5,,,0,1,-5.897937298933953,Sanctioned in Election Year,-1.4666666666666668,6.5,9.8,375.0,Post-RFCTLARR 2013 (High Compensation),780.0,8.333333333333325
618386,Rehabilitation & Upgradation of Road from Km 0.00 to Km 18.600 Total length-18.600 km of Kumarghat-Kailashahar section on NH-208 to 2-lane with Paved shoulder on EPC bais under NHO,Roads & Highways,Tripura,Ministry of Road Transport & Highways,NHIDCL,0,,278,302.03,,,,,2022-01-13,2024-10-15,,0,0,0,,,0,0,,,33.0,24.029999999999973,8.643884892086321,1,1,-0.5724854676765867,Sanctioned in Mid-Term,10.0,,,,Unknown,,
618385,Rehabilitation and up-gradation of road from design km 25.250 to km 36.460 Total lengh 11.210 km of Kailashahar-Kurti Bridge section on NH-208A to 2-lane with paved shoulder on EPC basis under NHO Package-III- Balance Work,Roads & Highways,Tripura,Ministry of Road Transport & Highways,NHIDCL,0,,174,,,0.0,,,2026-03-02,2026-03-02,,0,0,0,,,42,0,,,0.0,,,0,0,-0.5724854676765867,Sanctioned in Mid-Term,10.0,,,,Unknown,,
618307,Rehabilitation and up-gradation of road from km 16.077 to km 43.935 total length 27.858 km of Lalchara-Kanchanpur section via Shivbari on NH-44A to 2 lane with paved shoulder in the state of Tripura on EPC Mode Pkg-2 under BharatMala Pariyojana Manu-Simlung -2,Roads & Highways,Tripura,Ministry of Road Transport & Highways,NHIDCL,0,,457,,,0.0,,,2025-01-09,2026-01-26,,0,0,0,,,55,0,,,12.5,,,0,1,10.80589921017685,Sanctioned in Pre-Election Year (Rush),3.5666666666666664,,,,Unknown,,
618842,"2L PS  Greenfield bypass lalganj ajhara, mohanganj and Raniganj on Raebareli - Jaunpur Section  Design km 0.00 to Km 53177 of NH-31",Roads & Highways,Uttar Pradesh,Ministry of Road Transport & Highways,NHAI,0,,1281,,,186.29,2024-12-12,,2028-06-29,,,0,0,0,,,0,0,,2024.0,0.0,,,0,0,0.7306609465075553,Sanctioned in Mid-Term,4.5,6.5,9.85,420.0,Post-RFCTLARR 2013 (High Compensation),840.0,7.692307692307687
618924,2L PS of Najibabad Kotdwar section from 112.575 to Km. 138.635 of NH 119,Roads & Highways,Uttar Pradesh,Ministry of Road Transport & Highways,NHAI,0,,189,99.2,,50.34,2021-05-10,,2025-09-07,2026-10-20,,0,0,0,,,56,0,,2021.0,13.4,-89.8,-47.51322751322751,0,1,26.733988838692536,Sanctioned in Pre-Election Year (Rush),-3.4,4.0,7.5,290.0,Post-RFCTLARR 2013 (High Compensation),665.0,7.258064516129026
618854,2L PS of Raebareli - Jagdishpur with 4L Jagdishpur Bypass Spur,Roads & Highways,Uttar Pradesh,Ministry of Road Transport & Highways,National Highways Authority of India [NHAI],0,,706,752.52,,515.37,,,2024-01-06,2025-06-10,,0,0,0,,,97,0,,,17.1,46.51999999999998,6.5892351274787515,1,1,26.733988838692536,Sanctioned in Pre-Election Year (Rush),-3.4,,,,Unknown,,
618669,4 -Laning of MP/UP Border to Kabarai section of NH-34&35 from km 197.000 to km 242.991 Length 45.991 Km Sagar-Kabrai Package-5 under Bharat Mala Pariyojana EC in MP & UP on HAM,Roads & Highways,Uttar Pradesh,Ministry of Road Transport & Highways,NHAI,0,,1633,1425.43,,529.81,,,2027-02-14,2027-01-31,,0,0,0,,,60,0,,,0.0,-207.56999999999994,-12.710961420698098,0,0,10.80589921017685,Sanctioned in Election Year,-1.7666666666666666,,,,Unknown,,
618961,4 Lane Inner Ring Road around Allahabad City Pkg-1 Prayagraj Southern Bypass 34.400  43.200,Roads & Highways,Uttar Pradesh,Ministry of Road Transport & Highways,NHAI,0,,776,498.97,,42.97,,,2027-12-18,2027-12-18,,0,0,0,,,18,0,,,0.0,-277.03,-35.699742268041234,0,0,1.889931456711258,Sanctioned in Mid-Term,11.3,,,,Unknown,,
618960,4 Lane Inner Ring Road around Allahabad City Pkg-2 Prayagraj Southern Bypass 43.200 - 50.860,Roads & Highways,Uttar Pradesh,Ministry of Road Transport & Highways,National Highways Authority of India [NHAI],0,,1378,1007.62,,394.66,,,2026-06-15,2027-06-14,,0,0,0,,,42,0,,,12.0,-370.38,-26.878084179970973,0,1,-5.897937298933953,Sanctioned in Mid-Term,-0.6333333333333329,,,,Unknown,,
618690,"4 lanning of Aligarh Palwal section from km 0.00 to km 46.39 package -1 from khereshwar junction-kurana of NH33D  , including khair & jattari bypass in the state of UP on HAM mode",Roads & Highways,Uttar Pradesh,Ministry of Road Transport & Highways,National Highways Authority of India [NHAI],0,,1663,1685.69,,460.89,2024-11-03,,2027-03-26,2027-03-26,,0,0,0,,,13,0,,2024.0,0.0,22.690000000000055,1.3644016837041524,1,0,0.7306609465075553,Sanctioned in Mid-Term,4.5,6.5,9.85,420.0,Post-RFCTLARR 2013 (High Compensation),840.0,7.692307692307687
618783,4-laning of Pilibhit - Sitarganj from Km. 32.500 to Km. 70.800 Pkg-2 of NH-30,Roads & Highways,Uttar Pradesh,Ministry of Road Transport & Highways,NHAI,0,,1471,1471.19,,456.76,,,2026-03-13,2027-10-31,,0,0,0,,,43,0,,,19.6,0.19000000000005457,0.012916383412648167,1,1,-5.897937298933953,Sanctioned in Mid-Term,-0.6333333333333329,,,,Unknown,,
618969,4/6L of  Spur to Haridwar Greenfield from Km. 0.000 to Km. 50.70,Roads & Highways,Uttar Pradesh,Ministry of Road Transport & Highways,NHAI,0,,2156,2612.3,,1540.17,,,2025-02-19,2026-09-30,,0,0,0,,,92,0,,,19.3,456.3000000000002,21.164192949907243,1,1,26.733988838692536,Sanctioned in Pre-Election Year (Rush),-3.4,,,,Unknown,,
618567,4/6L of Northern Ayodhya Bypass starting Km. 112.540 and ending Km. 139.928 north of existing NH-27 part-1 and part-2 south of NH-27 from km 0.000 to km 5.000.,Roads & Highways,Uttar Pradesh,Ministry of Road Transport & Highways,NHAI,0,,2289,1834.25,,132.07,2024-02-08,,2028-01-06,2028-01-07,,0,0,0,,,25,0,,2024.0,0.0,-454.75,-19.866754041065967,0,0,0.7306609465075553,Sanctioned in Mid-Term,4.5,6.5,9.85,420.0,Post-RFCTLARR 2013 (High Compensation),840.0,7.692307692307687
618568,4/6L Southern Ayodhya Bypass from Km 5.000 to Km 37.172 starting near Km. 112.540 and ending at Km. 153.281 of NH-27,Roads & Highways,Uttar Pradesh,Ministry of Road Transport & Highways,NHAI,0,,2541,1983.05,,198.69,2024-02-08,,2027-09-27,2027-09-27,,0,0,0,,,33,0,,2024.0,0.0,-557.95,-21.95789059425423,0,0,0.7306609465075553,Sanctioned in Mid-Term,4.5,6.5,9.85,420.0,Post-RFCTLARR 2013 (High Compensation),840.0,7.692307692307687
618923,4L Behsuma at Km 39.250 Ex. Km 39240 To Bijnor at Km 78.810 Ex. Km 86590 Design Length 39.560 Km  of NH-119 Pkg-II,Roads & Highways,Uttar Pradesh,Ministry of Road Transport & Highways,NHAI,0,,2158,2553.12,,1195.23,,,2026-05-19,2026-12-31,,0,0,0,,,70,0,,,7.4,395.1199999999999,18.309545875810933,1,1,-5.897937298933953,Sanctioned in Mid-Term,-0.6333333333333329,,,,Unknown,,
618868,4L from Devinagar Bypass End Existing Km. 208.000 of NH 530B/Design Km. 66.000 to Kasganj Bypass End Existing Km.150.100 of NH 530B/ Design Km. 123.100 of NH 530B,Roads & Highways,Uttar Pradesh,Ministry of Road Transport & Highways,National Highways Authority of India [NHAI],0,,2290,2223.71,,405.32,,,2026-06-05,2026-06-05,,0,0,0,,,60,0,,,0.0,-66.28999999999996,-2.8947598253275095,0,0,-5.897937298933953,Sanctioned in Mid-Term,-0.6333333333333329,,,,Unknown,,
618865,4L from Gaju Village at Km. 32.982 to Devinagar Bypass End at Km. 208.000 of NH-530B Pkg-1C.,Roads & Highways,Uttar Pradesh,Ministry of Road Transport & Highways,National Highways Authority of India [NHAI],0,,1385,1496.44,,823.04,,,2025-01-01,,,0,0,0,,,99,0,,,0.0,111.44000000000005,8.046209386281593,1,0,26.733988838692536,Sanctioned in Pre-Election Year (Rush),-3.4,,,,Unknown,,
618864,4L from Mathura Bypass Start at Existing Km. 154.20 of NH-44 to Gaju Village at Km 32.982 of NH-530B Pkg-IB,Roads & Highways,Uttar Pradesh,Ministry of Road Transport & Highways,National Highways Authority of India [NHAI],0,,1722,1820.77,,1050.08,2022-07-01,,2025-03-19,2026-07-01,,0,0,0,,,100,0,,2022.0,15.4,98.76999999999998,5.735772357723576,1,1,10.80589921017685,Sanctioned in Election Year,-1.7666666666666666,6.25,9.2,330.0,Post-RFCTLARR 2013 (High Compensation),720.0,8.270676691729317
618566,4L Green Field Northern  East side Gorakhpur Bypass 26.616 Kms starting from NH-29E Chainage 83.308 and end at NH-28 Chainage 285.100,Roads & Highways,Uttar Pradesh,Ministry of Road Transport & Highways,NHAI,0,,1974,1244.44,,1010.31,,,2026-01-02,2027-01-31,,0,0,0,,,72,0,,,12.9,-729.56,-36.958459979736574,0,1,-5.897937298933953,Sanctioned in Mid-Term,-0.6333333333333329,,,,Unknown,,
618911,4L Greenfield Western Side spur of Rampur-Rudrapur Section from Km 0.000 to Km 13.700 connecting NH-24 to NH-87 bypassing rampur town,Roads & Highways,Uttar Pradesh,Ministry of Road Transport & Highways,NHAI,0,,646,637.83,,369.67,2021-05-12,,2024-11-02,2027-02-28,,0,0,0,,,64,0,,2021.0,27.9,-8.169999999999959,-1.264705882352935,0,1,26.733988838692536,Sanctioned in Pre-Election Year (Rush),-3.4,4.0,7.5,290.0,Post-RFCTLARR 2013 (High Compensation),665.0,7.258064516129026
618867,4L Kasganj-Badaun Section from Km. 123.100 to Km. 179.500 Pkg-III of NH530B,Roads & Highways,Uttar Pradesh,Ministry of Road Transport & Highways,National Highways Authority of India [NHAI],0,,2009,1936.61,,135.52,,,2027-05-29,2027-04-30,,0,0,0,,,24,0,,,0.0,-72.3900000000001,-3.6032852165256397,0,0,-5.897937298933953,Sanctioned in Mid-Term,-0.6333333333333329,,,,Unknown,,
618782,4L of Bareilly-Pilibhit-Sitarganj from Km. 0.000 to Km. 32.500 of NH-30 Pkg-1,Roads & Highways,Uttar Pradesh,Ministry of Road Transport & Highways,NHAI,0,,1394,1394.14,,606.2,2023-03-02,,2026-03-13,2027-03-31,,0,0,0,,,63,0,,2023.0,12.6,0.14000000000010004,0.010043041606893833,1,1,-5.897937298933953,Sanctioned in Mid-Term,-0.6333333333333329,6.5,9.8,375.0,Post-RFCTLARR 2013 (High Compensation),780.0,8.333333333333325
619217,4L of Haridwar-Nagina section from km. 0.00 to km. 71.614 of NH-74,Roads & Highways,Uttar Pradesh,Ministry of Road Transport & Highways,NHAI,0,,1659,1622.49,,1540.99,2015-01-12,,2020-07-22,2026-07-31,,0,0,0,,,100,0,,2015.0,72.3,-36.50999999999999,-2.2007233273056053,0,1,-12.69797674631511,Sanctioned in Mid-Term,-8.2,6.75,11.1,115.0,Post-RFCTLARR 2013 (High Compensation),425.0,10.389610389610393
618929,4L of Moradabad western side spur connecting NH-734 & NH-24 from Km. 0.000 to Km. 33.200 Pkg-I,Roads & Highways,Uttar Pradesh,Ministry of Road Transport & Highways,National Highways Authority of India [NHAI],0,,1842,1843.54,,934.13,2022-02-11,,2025-09-17,2026-03-24,,0,0,0,,,73,0,,2022.0,6.2,1.5399999999999636,0.08360477741585036,1,1,10.80589921017685,Sanctioned in Election Year,-1.7666666666666666,6.25,9.2,330.0,Post-RFCTLARR 2013 (High Compensation),720.0,8.270676691729317
618927,4L of Moradabad-Thakurdwara-Kashipur Section from Km. 0.000 to Km. 38.77 of NH-734 Pkg-II,Roads & Highways,Uttar Pradesh,Ministry of Road Transport & Highways,NHAI,0,,2007,1890.05,,969.49,2022-07-10,,2026-03-14,2027-06-30,,0,0,0,,,53,0,,2022.0,15.5,-116.95000000000005,-5.82710513203787,0,1,10.80589921017685,Sanctioned in Election Year,-1.7666666666666666,6.25,9.2,330.0,Post-RFCTLARR 2013 (High Compensation),720.0,8.270676691729317
618876,4L of Nagina-Kashipur section from km. 73.00 to km. 175.00 of NH-74,Roads & Highways,Uttar Pradesh,Ministry of Road Transport & Highways,National Highways Authority of India [NHAI],0,,2125,2531.19,,354.2,2015-12-01,,2020-04-25,2021-12-28,,0,0,0,,,98,0,,2015.0,20.1,406.19000000000005,19.11482352941177,1,1,-12.69797674631511,Sanctioned in Mid-Term,-8.2,6.75,11.1,115.0,Post-RFCTLARR 2013 (High Compensation),425.0,10.389610389610393
619162,4L of Najibabad Bypass  from Km. 105.423 to Km. 118.373 excluding 2.45 Km. of NH-74 Bypass of NH-119,Roads & Highways,Uttar Pradesh,Ministry of Road Transport & Highways,NHAI,0,,578,566.9,,440.68,2022-10-01,,2024-06-20,2026-07-31,,0,0,0,,,100,0,,2022.0,25.3,-11.100000000000023,-1.920415224913499,0,1,10.80589921017685,Sanctioned in Election Year,-1.7666666666666666,6.25,9.2,330.0,Post-RFCTLARR 2013 (High Compensation),720.0,8.270676691729317
618798,4L of Sonauli - Gorakhpur,Roads & Highways,Uttar Pradesh,Ministry of Road Transport & Highways,NHAI,0,,2556,2275.43,,1326.61,,,2025-03-05,2026-09-30,,0,0,0,,,89,0,,,18.9,-280.57000000000016,-10.97691705790298,0,1,26.733988838692536,Sanctioned in Pre-Election Year (Rush),-3.4,,,,Unknown,,
618959,4L Prayagraj Greenfield By-pass from design Km 50860 near Nibi Kala Uperhar to design Km 64763 on NH-19 near Khodaypur Kasgaon including Interchange loop at NH-19,Roads & Highways,Uttar Pradesh,Ministry of Road Transport & Highways,National Highways Authority of India [NHAI],0,,1018,427.54,,406.1,,,2025-03-26,,,0,0,0,,,99,0,,,0.0,-590.46,-58.00196463654225,0,0,-5.897937298933953,Sanctioned in Mid-Term,-0.6333333333333329,,,,Unknown,,
618689,4L Rampur Bypass from Km. 181.000 to Km. 189.500,Roads & Highways,Uttar Pradesh,Ministry of Road Transport & Highways,National Highways Authority of India [NHAI],0,,364,307.95,,271.61,,,2024-04-16,2025-01-31,,0,0,0,,,99,0,,,9.5,-56.05000000000001,-15.398351648351651,0,1,26.733988838692536,Sanctioned in Pre-Election Year (Rush),-3.4,,,,Unknown,,
618761,4L Spur of Meerut-Garh-Mukteshwar section connecting NH-119 and NH-58 bypassing Meerut Town of NH 709 A,Roads & Highways,Uttar Pradesh,Ministry of Road Transport & Highways,NHAI,0,,992,977.73,,861.63,2021-07-10,,2025-02-16,2026-07-12,,0,0,0,,,97,0,,2021.0,16.8,-14.269999999999982,-1.4385080645161272,0,1,26.733988838692536,Sanctioned in Pre-Election Year (Rush),-3.4,4.0,7.5,290.0,Post-RFCTLARR 2013 (High Compensation),665.0,7.258064516129026
618770,4L Spur of Panipat - Shamli connecting NH-709AD Panipat  Shamli  Muzaffarnagar and NH-709A Karnal  Meerut bypassing Shamli district UP,Roads & Highways,Uttar Pradesh,Ministry of Road Transport & Highways,National Highways Authority of India [NHAI],0,,516,273.42,,232.93,2021-05-10,,2024-10-13,2025-03-17,,0,0,0,,,74,0,,2021.0,5.1,-242.57999999999998,-47.01162790697674,0,1,26.733988838692536,Sanctioned in Pre-Election Year (Rush),-3.4,4.0,7.5,290.0,Post-RFCTLARR 2013 (High Compensation),665.0,7.258064516129026
618968,6L access control Greenfield highway of Vill-Khyawari to Vill-Latifpur at Saharanpur Bypass  from Km. 82.000 to Km. 119.790 Pkg-4,Roads & Highways,Uttar Pradesh,Ministry of Road Transport & Highways,National Highways Authority of India [NHAI],0,,1428,1439.35,,1193.3,,,2024-09-02,2026-04-14,,0,0,0,,,98,0,,,19.3,11.349999999999909,0.7948179271708621,1,1,26.733988838692536,Sanctioned in Pre-Election Year (Rush),-3.4,,,,Unknown,,
618970,6L access control Greenfield highway of Vill-Lohadda to Vill-Karaunda Mahajan from Km. 27.000 to Km. 56.500 Pkg-2,Roads & Highways,Uttar Pradesh,Ministry of Road Transport & Highways,NHAI,0,,1335,1335.38,,1253.61,2021-11-03,,2024-09-02,2026-07-31,,0,0,0,,,98,0,,2021.0,22.9,0.38000000000010914,0.028464419475663607,1,1,26.733988838692536,Sanctioned in Pre-Election Year (Rush),-3.4,4.0,7.5,290.0,Post-RFCTLARR 2013 (High Compensation),665.0,7.258064516129026
618722,6L access Controlled Greenfield Highway from Gogwan Jalalpur Shamli to Ranipur Barsi Saharanpur of Shamli -Ambala section Package-I Design Ch. Form km 00.600 to km 45.500,Roads & Highways,Uttar Pradesh,Ministry of Road Transport & Highways,NHAI,0,,1844,1247.55,,759.25,,,2025-05-15,2027-03-31,,0,0,0,,,67,0,,,22.5,-596.45,-32.345444685466376,0,1,10.80589921017685,Sanctioned in Election Year,-1.7666666666666666,,,,Unknown,,
619168,6L access controlled Greenfield highway of Junction of EPE Vill.-Mavikalan to Vill.-Lohadda from Km. 0.000  to Km. 27.000 Pkg-1,Roads & Highways,Uttar Pradesh,Ministry of Road Transport & Highways,NHAI,0,,1602,1497.94,,1419.77,,,2024-09-02,2026-07-31,,0,0,0,,,99,0,,,22.9,-104.05999999999995,-6.495630461922593,0,1,26.733988838692536,Sanctioned in Pre-Election Year (Rush),-3.4,,,,Unknown,,
619308,6L access-controlled highway from  Ganeshpur tonear Mohand of Ganeshpur  Dehradun  section  from Km.0 to Km.8.3 of NH-72A  Package-1,Roads & Highways,Uttar Pradesh,Ministry of Road Transport & Highways,NHAI,0,,836,835.74,,807.97,,,2023-10-07,2026-04-15,,0,0,0,,,99,0,,,30.3,-0.2599999999999909,-0.031100478468898435,0,1,-0.5724854676765867,Sanctioned in Mid-Term,1.6333333333333335,,,,Unknown,,
618499,6L Elevated Kanpur - Lucknow Exeressway Pkg-1 from Km. 10980 to Km. 28500,Roads & Highways,Uttar Pradesh,Ministry of Road Transport & Highways,NHAI,0,,1973,1943.27,,770.81,,,2025-07-30,2026-07-31,,0,0,0,,,100,0,,,12.0,-29.730000000000018,-1.5068423720223019,0,1,26.733988838692536,Sanctioned in Pre-Election Year (Rush),-3.4,,,,Unknown,,
618498,6L Greenfield Kanpur - Lucknow Expressway Pkg II from km. 28.500 to km. 73.744,Roads & Highways,Uttar Pradesh,Ministry of Road Transport & Highways,National Highways Authority of India [NHAI],0,,2472,2489.0,,1178.84,,,2025-05-08,2026-04-10,,0,0,0,,,100,0,,,11.1,17.0,0.6877022653721683,1,1,26.733988838692536,Sanctioned in Pre-Election Year (Rush),-3.4,,,,Unknown,,
618553,6L of Agra Bypass Northern connecting Km. 174.500 of NH-2 new NH-19 to Km. 141.000 of Yamuna Expressways,Roads & Highways,Uttar Pradesh,Ministry of Road Transport & Highways,National Highways Authority of India [NHAI],0,,958,1034.42,,758.67,2022-07-01,,2025-02-22,2026-07-01,,0,0,0,,,100,0,,2022.0,16.2,76.42000000000007,7.977035490605436,1,1,10.80589921017685,Sanctioned in Election Year,-1.7666666666666666,6.25,9.2,330.0,Post-RFCTLARR 2013 (High Compensation),720.0,8.270676691729317
618711,6L with access control provision Saharanpur bypass to Ganeshpur section from 13.89 Km to 41.820 Km of Delhi- Dehradun Economic Corridor package-2 ,Roads & Highways,Uttar Pradesh,Ministry of Road Transport & Highways,National Highways Authority of India [NHAI],0,,797,560.03,,499.72,,,2024-11-03,2026-04-15,,0,0,0,,,99,0,,,17.3,-236.97000000000003,-29.732747804266,0,1,10.80589921017685,Sanctioned in Election Year,-1.7666666666666666,,,,Unknown,,
618692,Aligarh-Kanpur Pkg I [Aligarh-Bhadwas],Roads & Highways,Uttar Pradesh,Ministry of Road Transport & Highways,NHAI,0,,1227,2069.6,,1359.14,2018-01-03,,2022-06-06,2026-08-31,,0,0,0,,,100,0,,2018.0,50.8,842.5999999999999,68.67155664221679,1,1,10.974572265809623,Sanctioned in Mid-Term,-6.199999999999999,6.5,10.35,195.0,Post-RFCTLARR 2013 (High Compensation),545.0,7.920792079207928
618009,Balance work of Construction of Ring Road for Raebareli City on eastern side of NH-24B Phase-1 on EPC mode.,Roads & Highways,Uttar Pradesh,Ministry of Road Transport & Highways,MoRTH,0,,320,347.8,,0.0,2019-10-12,,2022-04-04,2026-09-30,,0,0,0,,,95,0,,2019.0,53.9,27.80000000000001,8.687500000000004,1,1,-3.287904599659297,Sanctioned in Mid-Term,-1.6333333333333335,5.15,9.2,230.0,Post-RFCTLARR 2013 (High Compensation),585.0,7.339449541284404
618925,Bijnor-Kotawali,Roads & Highways,Uttar Pradesh,Ministry of Road Transport & Highways,NHAI,0,,301,334.48,,296.47,,,2023-05-02,2026-07-08,,0,0,0,,,99,0,,,38.2,33.48000000000002,11.122923588039873,1,1,26.733988838692536,Sanctioned in Pre-Election Year (Rush),-3.4,,,,Unknown,,
618247,Construction of 4 lane Mirzapur bypass including bridge over river Ganga from km 0.000 to km 15.000 of NH 135A in the State of Uttar Pradesh on HAM Mode.,Roads & Highways,Uttar Pradesh,Ministry of Road Transport & Highways,MoRTH,0,,1709,,,0.0,2024-07-03,,2029-01-17,2029-01-17,,0,0,0,,,6,0,,2024.0,0.0,,,0,0,0.7306609465075553,Sanctioned in Mid-Term,4.5,6.5,9.85,420.0,Post-RFCTLARR 2013 (High Compensation),840.0,7.692307692307687
618166,Construction of 4-lane green field highway from Km. 35.000 to Km. 49.155 of NH-731A with paved shoulders on Hybrid Annuity Mode in the state of Uttar Pradesh,Roads & Highways,Uttar Pradesh,Ministry of Road Transport & Highways,MoRTH,0,,698,,,0.04,2022-06-01,,2025-10-29,2026-07-09,,0,0,0,,,100,0,,2022.0,8.3,,,0,1,10.80589921017685,Sanctioned in Election Year,-1.7666666666666666,6.25,9.2,330.0,Post-RFCTLARR 2013 (High Compensation),720.0,8.270676691729317
618165,Construction of 4-lane highway with paved shoulders from Km 49.155 to Km 74.700 of NH-731A on Hybrid Annuity Mode in the state of Uttar Pradesh,Roads & Highways,Uttar Pradesh,Ministry of Road Transport & Highways,MoRTH,0,,1157,,,0.0,2022-08-01,,2026-01-31,2026-07-10,,0,0,0,,,100,0,,2022.0,5.3,,,0,1,10.80589921017685,Sanctioned in Election Year,-1.7666666666666666,6.25,9.2,330.0,Post-RFCTLARR 2013 (High Compensation),720.0,8.270676691729317
618869,"Construction of 4/6 lane Highway of Southern Bareilly Bypass, starting at Ch. 237000 of NH 530 near Jhumka chauraha,  Dhantiya village and ending at Ch. 267000 of NH 30 near Invertis University including Trumpet Interchange",Roads & Highways,Uttar Pradesh,Ministry of Road Transport & Highways,NHAI,0,,1122,1869.59,,603.36,,,2028-06-23,2028-06-23,,0,0,0,,,15,0,,,0.0,747.5899999999999,66.6301247771836,1,0,0.7306609465075553,Sanctioned in Mid-Term,4.5,,,,Unknown,,
618500,Construction of 4L Connector from Delhi Meerut Expressway Km 50.000 of Pkg IV to Km 8.520 of NH-235 Pkg-5,Roads & Highways,Uttar Pradesh,Ministry of Road Transport & Highways,NHAI,0,,1081,1116.19,,442.98,2021-06-09,,2024-03-29,2026-07-30,,0,0,0,,,78,0,,2021.0,28.0,35.190000000000055,3.2553191489361755,1,1,26.733988838692536,Sanctioned in Pre-Election Year (Rush),-3.4,4.0,7.5,290.0,Post-RFCTLARR 2013 (High Compensation),665.0,7.258064516129026
618233,Construction of 6-lane bridge on Ganga on NH-96 and its approaches in Phaphamau Allahabad on EPC mode,Roads & Highways,Uttar Pradesh,Ministry of Road Transport & Highways,MoRTH,0,,1948,1465.41,,0.0,2018-11-07,,2024-02-15,2026-09-30,,0,0,0,,,90,0,,2018.0,31.5,-482.5899999999999,-24.77361396303901,0,1,10.974572265809623,Sanctioned in Mid-Term,-6.199999999999999,6.5,10.35,195.0,Post-RFCTLARR 2013 (High Compensation),545.0,7.920792079207928
618066,Construction of Amethi bypass Part-II at km.30.050 of NH-931 under EPC mode in the state of Uttar Pradesh,Roads & Highways,Uttar Pradesh,Ministry of Road Transport & Highways,MoRTH,0,,284,,,24.5,2022-12-12,,2027-02-11,2027-02-11,,0,0,0,,,42,0,,2022.0,0.0,,,0,0,10.80589921017685,Sanctioned in Election Year,-1.7666666666666666,6.25,9.2,330.0,Post-RFCTLARR 2013 (High Compensation),720.0,8.270676691729317
618054,Construction of Balrampur bypass with 2L flexible pavement configuration from km.223.000 of NH-330 to km.328.300 of NH-730 under EPC mode,Roads & Highways,Uttar Pradesh,Ministry of Road Transport & Highways,MoRTH,0,,516,,,104.56,,,2026-02-02,2026-08-16,,0,0,0,,,44,0,,,6.4,,,0,1,10.80589921017685,Sanctioned in Election Year,-1.7666666666666666,,,,Unknown,,
618243,Construction of Basti Ring Road Phase-I with 4L configuration for Basti City in the state of Uttar Pradesh on HAM mode,Roads & Highways,Uttar Pradesh,Ministry of Road Transport & Highways,MoRTH,0,,1139,,,0.07,2022-08-12,,2027-06-12,2027-06-12,,0,0,0,,,35,0,,2022.0,0.0,,,0,0,10.80589921017685,Sanctioned in Election Year,-1.7666666666666666,6.25,9.2,330.0,Post-RFCTLARR 2013 (High Compensation),720.0,8.270676691729317
618262,Construction of Deoria Bypass from existing Km. 27.140 to existing Km. 46.780 Design Km. 49.109 on NH727A Design length 21.969 Km. to four lane with paved shoulder configuration under Hybrid Annuity Mode HAM in the State of Uttar Pradesh,Roads & Highways,Uttar Pradesh,Ministry of Road Transport & Highways,MoRTH,0,,1735,,,0.0,,,2027-07-31,2027-07-31,,0,0,0,,,10,0,,,0.0,,,0,0,-5.897937298933953,Sanctioned in Mid-Term,-0.6333333333333329,,,,Unknown,,
619194,"Construction of Four Lane Gola Flyover at Km 99.850 of NH 730 Major Junction with State Highways -93 of Engineering, Procurement and Construction EPC mode in the State of Uttar Pradesh.",Roads & Highways,Uttar Pradesh,Ministry of Road Transport & Highways,MoRTH,0,,168,,,0.0,,,2027-10-29,2027-10-29,,0,0,0,,,2,0,,,0.0,,,0,0,1.889931456711258,Sanctioned in Mid-Term,11.3,,,,Unknown,,
618883,Construction of Four Lane Highway form Ghazipur- Ballia-UP/Bihar State Border Greenfield section of NH-31 Package I [from Hridaipur km 0.000 to Shahapur km 42.500] on EPC Mode in the state of Uttar Pradesh.,Roads & Highways,Uttar Pradesh,Ministry of Road Transport & Highways,National Highways Authority of India [NHAI],0,,1706,1579.59,,866.24,2022-07-10,,2025-07-02,2026-06-14,,0,0,0,,,100,0,,2022.0,11.4,-126.41000000000008,-7.409730363423217,0,1,10.80589921017685,Sanctioned in Election Year,-1.7666666666666666,6.25,9.2,330.0,Post-RFCTLARR 2013 (High Compensation),720.0,8.270676691729317
618884,Construction of Four Lane Highway from Ghazipur- Ballia-UP/Bihar State Border Greenfield section of NH-31 Package II [from Shahapur km 42.500 to Pindari km 78.150] on EPC Mode in the state of Uttar Pradesh.,Roads & Highways,Uttar Pradesh,Ministry of Road Transport & Highways,NHAI,0,,1494,1311.44,,757.69,,,2025-10-26,2026-07-31,,0,0,0,,,96,0,,,9.1,-182.55999999999995,-12.219544846050868,0,1,10.80589921017685,Sanctioned in Election Year,-1.7666666666666666,,,,Unknown,,
618885,Construction of Four Lane Highway from Ghazipur- Ballia-UP/Bihar State Border Greenfield section of NH-31 Package IV [from Buxur Spur of length km 17.270 on EPC Mode in the state of Uttar Pradesh.,Roads & Highways,Uttar Pradesh,Ministry of Road Transport & Highways,NHAI,0,,618,549.02,,282.0,2022-12-10,,2025-06-14,2026-07-29,,0,0,0,,,91,0,,2022.0,13.5,-68.98000000000002,-11.161812297734631,0,1,10.80589921017685,Sanctioned in Election Year,-1.7666666666666666,6.25,9.2,330.0,Post-RFCTLARR 2013 (High Compensation),720.0,8.270676691729317
618164,Construction of four lane highway with paved shoulder from Km.74.700 to Km.112.950 of NH-731A i/c Yamuna Bridge on HAM in the state of Uttar Pradesh.,Roads & Highways,Uttar Pradesh,Ministry of Road Transport & Highways,MoRTH,0,,1142,1157.31,,0.0,,,2026-06-23,2026-07-31,,0,0,0,,,91,0,,,1.2,15.309999999999945,1.340630472854636,1,1,10.80589921017685,Sanctioned in Election Year,-1.7666666666666666,,,,Unknown,,
618008,"Construction of four-lane elevated viaduct from km.4634 to km.6345 on NH-24A including Retaining wall, service lane, at grade road and improvement of junctions,  on EPC mode",Roads & Highways,Uttar Pradesh,Ministry of Road Transport & Highways,MoRTH,0,,185,269.81,,158.8,,,2023-09-27,2024-03-24,,0,0,0,,,100,0,,,5.9,84.81,45.84324324324324,1,1,26.733988838692536,Sanctioned in Pre-Election Year (Rush),-3.4,,,,Unknown,,
617957,Construction of Jasra Bypass with four lane paved shoulder configurationfrom Km 379.670 on NH-76New NH-35  to Km 18.00 on NH-27New NH-30 on EPC in the State of Uttar Pradesh.,Roads & Highways,Uttar Pradesh,Ministry of Road Transport & Highways,MoRTH,0,,274,,,,,,2025-09-15,,,0,0,0,,,91,0,,,0.0,,,0,0,-5.897937298933953,Sanctioned in Mid-Term,-0.6333333333333329,,,,Unknown,,
618554,Construction of left out portion of Agra Inner Ring Road connecting village Deori to NH-44 village Bad from Km. 0.000 to Km. 7.772,Roads & Highways,Uttar Pradesh,Ministry of Road Transport & Highways,National Highways Authority of India [NHAI],0,,879,787.58,,623.64,,,2024-09-19,2026-06-30,,0,0,0,,,92,0,,,21.3,-91.41999999999996,-10.400455062571098,0,1,10.80589921017685,Sanctioned in Election Year,-1.7666666666666666,,,,Unknown,,
618081,Construction of Mariahu Bypass with four lane paved shoulder configuration Km. 53.540 to Km.59.200 of NH-135A on EPC mode in the state of Uttar Pradesh,Roads & Highways,Uttar Pradesh,Ministry of Road Transport & Highways,MoRTH,0,,438,362.39,,0.0,2023-01-03,,2026-02-28,2026-09-30,,0,0,0,,,55,0,,2023.0,7.0,-75.61000000000001,-17.262557077625573,0,1,-5.897937298933953,Sanctioned in Mid-Term,-0.6333333333333329,6.5,9.8,375.0,Post-RFCTLARR 2013 (High Compensation),780.0,8.333333333333325
618055,Construction of Pratapgarh Bypass Extension connecting NH-31 to NH-330 on EPC mode in the State of Uttar Pradesh.,Roads & Highways,Uttar Pradesh,Ministry of Road Transport & Highways,MoRTH,0,,225,,,0.0,2022-10-10,,2025-06-30,2026-09-30,,0,0,0,,,75,0,,2022.0,15.0,,,0,1,10.80589921017685,Sanctioned in Election Year,-1.7666666666666666,6.25,9.2,330.0,Post-RFCTLARR 2013 (High Compensation),720.0,8.270676691729317
618244,Construction of Raebareli Ring Road Phase-2 with four Lane configuration for Raebareli City in the state of Uttar Pradesh on Hybrid Annuity Model HAM basis,Roads & Highways,Uttar Pradesh,Ministry of Road Transport & Highways,MoRTH,0,,1274,,,0.0,,,2027-05-01,2027-05-01,,0,0,0,,,54,0,,,0.0,,,0,0,10.80589921017685,Sanctioned in Election Year,-1.7666666666666666,,,,Unknown,,
618540,Construction of Ring Road  around Kanpur from Ch.23.325 to Ch.32.090 Chaudhariya to Transganga Package-IIA,Roads & Highways,Uttar Pradesh,Ministry of Road Transport & Highways,National Highways Authority of India [NHAI],0,,1089,977.45,,190.16,2024-02-08,,2027-10-31,2028-04-29,,0,0,0,,,43,0,,2024.0,5.9,-111.54999999999995,-10.243342516069784,0,1,0.7306609465075553,Sanctioned in Mid-Term,4.5,6.5,9.85,420.0,Post-RFCTLARR 2013 (High Compensation),840.0,7.692307692307687
618538,Construction of Ring Road around kanpur from Ch.51.200 to Ch. 68.650  Badarka to Harbanch-Uchti Pkg-III,Roads & Highways,Uttar Pradesh,Ministry of Road Transport & Highways,NHAI,0,,1793,1126.75,,261.94,2023-06-09,,2027-07-27,2027-07-27,,0,0,0,,,33,0,,2023.0,0.0,-666.25,-37.15839375348578,0,0,-5.897937298933953,Sanctioned in Mid-Term,-0.6333333333333329,6.5,9.8,375.0,Post-RFCTLARR 2013 (High Compensation),780.0,8.333333333333325
618536,Construction of Ring Road around Kanpur from Ch.68.650 to Ch.93.209 Jarkala to Pakari Package-IV in State of Uttar Pradesh.,Roads & Highways,Uttar Pradesh,Ministry of Road Transport & Highways,National Highways Authority of India [NHAI],0,,1604,1192.16,,157.34,2023-10-02,,2027-06-29,2027-06-29,,0,0,0,,,28,0,,2023.0,0.0,-411.8399999999999,-25.675810473815456,0,0,-5.897937298933953,Sanctioned in Mid-Term,-0.6333333333333329,6.5,9.8,375.0,Post-RFCTLARR 2013 (High Compensation),780.0,8.333333333333325
618537,Construction of Ring Road around Kanpur from Km.000 to Km. 23.325 Chachendi Sachendi I to Maharajpur Package-I,Roads & Highways,Uttar Pradesh,Ministry of Road Transport & Highways,NHAI,0,,1754,1311.7,,453.73,2023-01-01,,2026-06-06,2027-02-28,,0,0,0,,,61,0,,2023.0,8.8,-442.29999999999995,-25.21664766248574,0,1,-5.897937298933953,Sanctioned in Mid-Term,-0.6333333333333329,6.5,9.8,375.0,Post-RFCTLARR 2013 (High Compensation),780.0,8.333333333333325
618539,Construction of Ring Road Kanpur from Ch. 32.090 to Ch.51.200 Transganaga to Sathara Package-II B,Roads & Highways,Uttar Pradesh,Ministry of Road Transport & Highways,National Highways Authority of India [NHAI],0,,1089,1106.92,,36.93,2024-02-08,,2027-09-21,2027-09-21,,0,0,0,,,12,0,,2024.0,0.0,17.920000000000073,1.6455463728191067,1,0,0.7306609465075553,Sanctioned in Mid-Term,4.5,6.5,9.85,420.0,Post-RFCTLARR 2013 (High Compensation),840.0,7.692307692307687
618912,Construction of Rudrapur Bypass Section from Km. 0.000 to 20.640 in the state of Uttar Pradesh & Uttarakhand,Roads & Highways,Uttar Pradesh,Ministry of Road Transport & Highways,National Highways Authority of India [NHAI],0,,1052,1117.17,,652.51,,,2026-01-11,2026-04-30,,0,0,0,,,98,0,,,3.6,65.17000000000007,6.194866920152098,1,1,-5.897937298933953,Sanctioned in Mid-Term,-0.6333333333333329,,,,Unknown,,
618260,"Construction of Salempur bypass to 4LPS from km 64.000 of NH-727A Km 171.00 of Sonauli Balia Marg, old SH-01, near Mahadahan Chauraha to km 61.500 of NH-727B Km 178.500 of Sonauli Balia Marg, old SH-01, near near Ahirauli Village under Hybrid Annuity Mode HAM in the State of Uttar Pradesh",Roads & Highways,Uttar Pradesh,Ministry of Road Transport & Highways,MoRTH,0,,1348,,,0.0,,,2027-11-10,2027-11-11,,0,0,0,,,35,0,,,0.0,,,0,0,10.80589921017685,Sanctioned in Election Year,-1.7666666666666666,,,,Unknown,,
618057,Construction of Shohratgarh Bypass on NH-730 under EPC mode in the State of Uttar Pradesh,Roads & Highways,Uttar Pradesh,Ministry of Road Transport & Highways,MoRTH,0,,189,,,0.0,2022-10-10,,2025-05-23,2026-12-31,,0,0,0,,,52,0,,2022.0,19.3,,,0,1,10.80589921017685,Sanctioned in Election Year,-1.7666666666666666,6.25,9.2,330.0,Post-RFCTLARR 2013 (High Compensation),720.0,8.270676691729317
618075,Construction of two lane with paved shoulder from existing Km.0.000 to Km.55.610 design km. 0.000 to km. 54.048 of NH-124D,Roads & Highways,Uttar Pradesh,Ministry of Road Transport & Highways,MoRTH,0,,841,773.58,,167.6,,,2026-02-08,2026-06-30,,0,0,0,,,60,0,,,4.7,-67.41999999999996,-8.016646848989293,0,1,26.733988838692536,Sanctioned in Pre-Election Year (Rush),-3.4,,,,Unknown,,
618169,Construction of Two Lane with paved shoulder highway from Design Ch.0.000 to Ch.49.2OO of NH-731B on EPC Mode,Roads & Highways,Uttar Pradesh,Ministry of Road Transport & Highways,MoRTH,0,,640,602.76,,239.2,,,2025-11-29,2026-07-31,,0,0,0,,,95,0,,,8.0,-37.24000000000001,-5.818750000000001,0,1,10.80589921017685,Sanctioned in Election Year,-1.7666666666666666,,,,Unknown,,
618843,Construction of two lane with paved shoulders bypass to Mungrabadshapur town starting from near Kodahu at Km 47/225 of NH-319D and ending near Nauwadandi at Km 219/720 of NH-31 under NHO in the state of Uttar Pradesh on EPC mode,Roads & Highways,Uttar Pradesh,Ministry of Road Transport & Highways,National Highways Authority of India [NHAI],0,,198,165.28,,36.16,,,2027-03-21,2027-09-20,,0,0,0,,,12,0,,,6.0,-32.72,-16.525252525252522,0,1,1.889931456711258,Sanctioned in Mid-Term,11.3,,,,Unknown,,
618848,Construction of Underpass beneath airport runway on NH-31 old NH-56 for proposed expansion of runway of Babatpur Airport Varanasi,Roads & Highways,Uttar Pradesh,Ministry of Road Transport & Highways,NHAI,0,,649,,,0.09,2025-03-02,,2027-09-29,2027-09-29,,0,0,0,,,7,0,,2025.0,0.0,,,0,0,1.889931456711258,Sanctioned in Mid-Term,11.3,6.25,9.5,465.0,Post-RFCTLARR 2013 (High Compensation),895.0,6.547619047619047
618710,DL/UP Border - EPE Crossing Pkg-02,Roads & Highways,Uttar Pradesh,Ministry of Road Transport & Highways,NHAI,0,,2003,1889.78,,1739.68,2020-08-09,,2023-11-07,2026-07-31,,0,0,0,,,100,0,,2020.0,32.8,-113.22000000000003,-5.652521218172742,0,1,-0.5724854676765867,Sanctioned in Mid-Term,1.6333333333333335,4.0,7.8,260.0,Post-RFCTLARR 2013 (High Compensation),620.0,5.982905982905984
618866,"Four Lane Highway from Chandan Nagar Existing Km. 59.025 of NH 530B/Design Km. 179.5000 to Bareilly BypassStartExisting Km. 59.025 of NH 530B/Design Km. 218.000 Section of NH 530B, in the State of Uttar Pradesh on HAM Mode under NH0",Roads & Highways,Uttar Pradesh,Ministry of Road Transport & Highways,NHAI,0,,2077,1112.44,,438.93,2024-09-12,,2027-11-18,2027-11-18,,0,0,0,,,30,0,,2024.0,0.0,-964.56,-46.44005777563794,0,0,0.7306609465075553,Sanctioned in Mid-Term,4.5,6.5,9.85,420.0,Post-RFCTLARR 2013 (High Compensation),840.0,7.692307692307687
618768,Four laning of Agra-Aligarh Section from Km. 0.000 Junction of NH-34 Aligarh Km 144.60 to Km. 28.000 near Asroi village in Hathras of NH-509 Package-I,Roads & Highways,Uttar Pradesh,Ministry of Road Transport & Highways,National Highways Authority of India [NHAI],0,,1309,,,30.46,2024-04-06,,2028-03-29,2028-11-29,,0,0,0,,,1,0,,2024.0,8.0,,,0,1,0.7306609465075553,Sanctioned in Mid-Term,4.5,6.5,9.85,420.0,Post-RFCTLARR 2013 (High Compensation),840.0,7.692307692307687
618928,"Improvement & Up-gradation of NH-734 Section of Moradabad-Thakurdwara Kashipur including Moradabad & Kashipur Bypasse Package-III  Kashipur Bypass Length 14.490 Km., Starts from Ch. 38770 and ends at Ch. 53260 existing Ch. 05560",Roads & Highways,Uttar Pradesh,Ministry of Road Transport & Highways,NHAI,0,,936,717.5,,369.85,2023-02-02,,2025-09-14,2027-03-31,,0,0,0,,,54,0,,2023.0,18.5,-218.5,-23.344017094017094,0,1,-5.897937298933953,Sanctioned in Mid-Term,-0.6333333333333329,6.5,9.8,375.0,Post-RFCTLARR 2013 (High Compensation),780.0,8.333333333333325
618855,"Improvement and Up-Gradation of Existing Road to 2/4L PS from Km 40.000 to 88.750, start of Khutar bypass to start of Shahjahanpur bypass of NH 731Pkg-I",Roads & Highways,Uttar Pradesh,Ministry of Road Transport & Highways,National Highways Authority of India [NHAI],0,,839,838.68,,556.76,,,2025-02-02,2025-09-09,,0,0,0,,,99,0,,,7.2,-0.32000000000005,-0.03814064362336711,0,1,10.80589921017685,Sanctioned in Election Year,-1.7666666666666666,,,,Unknown,,
618856,"Improvement and Up-Gradation of Existing Road to 4L PS from Km 123.650 to 175.080, from Start of Shahabad Bypass to End of Hardoi bypass of NH 731 Pkg-2B",Roads & Highways,Uttar Pradesh,Ministry of Road Transport & Highways,National Highways Authority of India [NHAI],0,,1102,1212.26,,312.56,,,2025-11-19,2026-04-26,,0,0,0,,,50,0,,,5.2,110.25999999999999,10.005444646098002,1,1,10.80589921017685,Sanctioned in Election Year,-1.7666666666666666,,,,Unknown,,
618859,"Improvement and Up-Gradation of Existing Road to 4L PS from Km 229.070 to 260.800, End of Hardoi District to Lucknow Ring road of NH 731 Pkg-4",Roads & Highways,Uttar Pradesh,Ministry of Road Transport & Highways,NHAI,0,,576,553.61,,390.09,,,2024-10-23,2026-07-31,,0,0,0,,,99,0,,,21.2,-22.389999999999986,-3.8871527777777755,0,1,26.733988838692536,Sanctioned in Pre-Election Year (Rush),-3.4,,,,Unknown,,
618858,"Improvement and Up-Gradation of Existing Road to 4L PS from Km 88.750 to 123.650, from Start of Shahjahanpur Bypass to start of Shahabad bypass of NH 731Pkg.-2A",Roads & Highways,Uttar Pradesh,Ministry of Road Transport & Highways,National Highways Authority of India [NHAI],0,,955,955.34,,240.43,,,2026-01-18,2026-06-29,,0,0,0,,,58,0,,,5.3,0.34000000000003183,0.03560209424084103,1,1,10.80589921017685,Sanctioned in Election Year,-1.7666666666666666,,,,Unknown,,
618112,"Improvement and up-gradation of NH-227B 84 Kosi Parikrama Marg Package I, from km 228.920 Jagarnathpur to Km 235.960/0.000 MakhaudaDham to Km 29.000 Sarpur in the State of Uttar Pradesh on EPC basis",Roads & Highways,Uttar Pradesh,Ministry of Road Transport & Highways,MoRTH,0,,912,,,1.9,,,2026-11-27,2026-11-27,,0,0,0,,,4,0,,,0.0,,,0,0,10.80589921017685,Sanctioned in Election Year,-1.7666666666666666,,,,Unknown,,
618113,"Improvement and up-gradation of NH-227B 84 Kosi Parikrama Marg Package III, from Km.47.800 Gosaiganj to Km.73.300 Bikapur in the State of Uttar Pradesh on EPC basis.",Roads & Highways,Uttar Pradesh,Ministry of Road Transport & Highways,MoRTH,0,,588,,,37.37,,,2026-11-18,2026-11-18,,0,0,0,,,28,0,,,0.0,,,0,0,10.80589921017685,Sanctioned in Election Year,-1.7666666666666666,,,,Unknown,,
618114,"Improvement and up-gradation of NH-227B 84 Kosi Parikrama Marg PackageV, from Design Km.140.960 Patranga to Km.160.200 Bahuvan Madar Majha on EPC mode in the State of Uttar Pradesh",Roads & Highways,Uttar Pradesh,Ministry of Road Transport & Highways,MoRTH,0,,1192,,,0.0,,,2028-08-10,2028-08-10,,0,0,0,,,4,0,,,0.0,,,0,0,-5.897937298933953,Sanctioned in Mid-Term,-0.6333333333333329,,,,Unknown,,
618162,"Improvement and up-gradation to 2LPS of NH-227B 84-Kosi Parikrama Marg PackageVI, Design Km 160200 Bahuvan Madar Majha to Km 224040 Jagarnathpur under HAM",Roads & Highways,Uttar Pradesh,Ministry of Road Transport & Highways,MoRTH,0,,2009,,,0.0,,,2028-01-15,2028-01-15,,0,0,0,,,18,0,,,0.0,,,0,0,-5.897937298933953,Sanctioned in Mid-Term,-0.6333333333333329,,,,Unknown,,
618056,Improvement and Up-gradation to two Lane with Paved Shoulder Configuration from existing km. 420.00 Shohrathgarh to km. 454.00 Uska Bazar of NH-730 in the state of Uttar Pradesh EPC basis,Roads & Highways,Uttar Pradesh,Ministry of Road Transport & Highways,MoRTH,0,,510,484.42,,84.14,2022-08-01,,2025-09-14,2026-04-02,,0,0,0,,,48,0,,2022.0,6.6,-25.579999999999984,-5.0156862745098,0,1,10.80589921017685,Sanctioned in Election Year,-1.7666666666666666,6.25,9.2,330.0,Post-RFCTLARR 2013 (High Compensation),720.0,8.270676691729317
618252,"Improvement and Up-gradation to two Lane with Paved Shoulder/Four Lane configuration from existing Km 130.000 to Km 191.000 design km 131.500 to Km 188.735, Design length 57.235 Km of NH-227A near Barhalganj to Mehrauna Ghat in the state of Uttar Pradesh on Hybrid Annuity Model HAM basis",Roads & Highways,Uttar Pradesh,Ministry of Road Transport & Highways,MoRTH,0,,974,1344.61,,0.73,2022-08-01,,2027-05-04,2027-05-03,,0,0,0,,,44,0,,2022.0,-0.0,370.6099999999999,38.05030800821354,1,0,10.80589921017685,Sanctioned in Election Year,-1.7666666666666666,6.25,9.2,330.0,Post-RFCTLARR 2013 (High Compensation),720.0,8.270676691729317
618110,Improvement and upgradation to two lane with Paved Shoulder configuration from existing km 55.00 to km 90.00 Design length 34.76 of NH-227A near Chhapia Village to near Sikriganj in the State of UP on EPC Mode.,Roads & Highways,Uttar Pradesh,Ministry of Road Transport & Highways,MoRTH,0,,307,,,125.88,2021-08-11,,2024-05-02,2025-07-05,,0,0,0,,,0,0,,2021.0,14.1,,,0,1,26.733988838692536,Sanctioned in Pre-Election Year (Rush),-3.4,4.0,7.5,290.0,Post-RFCTLARR 2013 (High Compensation),665.0,7.258064516129026
618111,Improvement and upgradation to two lane with paved shoulder configuration from existing km 90.00 to 130.00 Design length 39.15 of NH-227A  near Sikriganj to Barhalganj in the State of UP on EPC Mode.,Roads & Highways,Uttar Pradesh,Ministry of Road Transport & Highways,MoRTH,0,,403,345.34,,0.0,2021-08-08,,2025-06-10,2026-07-31,,0,0,0,,,96,0,,2021.0,13.7,-57.660000000000025,-14.307692307692314,0,1,26.733988838692536,Sanctioned in Pre-Election Year (Rush),-3.4,4.0,7.5,290.0,Post-RFCTLARR 2013 (High Compensation),665.0,7.258064516129026
618116,lmprovement and Up-gradation from Km. 73.300 Bikapur to Km.140.960 Patranga of NH-227B 84 Kosi Parikrama Marg to 2LPS along with Parikrama Path,Roads & Highways,Uttar Pradesh,Ministry of Road Transport & Highways,MoRTH,0,,1680,,,142.53,2022-09-11,,2028-01-27,2028-01-27,,0,0,0,,,40,0,,2022.0,0.0,,,0,0,10.80589921017685,Sanctioned in Election Year,-1.7666666666666666,6.25,9.2,330.0,Post-RFCTLARR 2013 (High Compensation),720.0,8.270676691729317
618067,"Rehabilitation & Up-gradation from design Km. 0.000 to Km. 69.280 of NH-931 Pratapgarh - Amethi - Gauriganj -Musafirkhana to two lane with paved shoulder on Engineering, Procurement & Construction EpC mode in the State of Uttar Pradesh",Roads & Highways,Uttar Pradesh,Ministry of Road Transport & Highways,MoRTH,0,,1086,,,0.0,,,2027-11-09,2027-11-09,,0,0,0,,,9,0,,,0.0,,,0,0,-5.897937298933953,Sanctioned in Mid-Term,-0.6333333333333329,,,,Unknown,,
618167,Rehabilitation & Upgradation of NH-731A from Km.0.00 to Km.35.00 to 2-lane with paved shoulder under EPC mode,Roads & Highways,Uttar Pradesh,Ministry of Road Transport & Highways,MoRTH,0,,265,,,,,,2023-08-30,2026-05-30,,0,0,0,,,93,0,,,33.0,,,0,1,26.733988838692536,Sanctioned in Pre-Election Year (Rush),-3.4,,,,Unknown,,
618163,"Rehabilitation and Up-gradation from km. 0000 to km.40390 of NH-730S MaharajganjNichloulThuthibari to two lane with paved shoulders in the State of U.P. on Engineering, Procurement & Construction EPC Basis.",Roads & Highways,Uttar Pradesh,Ministry of Road Transport & Highways,MoRTH,0,,809,603.19,,0.0,2023-01-03,,2025-12-06,2026-12-31,,0,0,0,,,59,0,,2023.0,12.8,-205.80999999999995,-25.44004944375772,0,1,-5.897937298933953,Sanctioned in Mid-Term,-0.6333333333333329,6.5,9.8,375.0,Post-RFCTLARR 2013 (High Compensation),780.0,8.333333333333325
618263,"Rehabilitation and Up-gradation to 2LPS from Km. 0.000 to Km. 7.800 and Km. 35.400 to Km. 52.345 Design length  24.745 Km., except Bihar portion of NH-727B Tamkuhiraj to Bihar Border and Bihar Border to Majhauli on EPC mode in the State of Uttar Pradesh",Roads & Highways,Uttar Pradesh,Ministry of Road Transport & Highways,MoRTH,0,,701,,,0.0,,,2026-07-31,2026-08-31,,0,0,0,,,81,0,,,1.0,,,0,1,-5.897937298933953,Sanctioned in Mid-Term,-0.6333333333333329,,,,Unknown,,
618124,Rehabilitation and upgradation from km 51.600 to km 75.700 of NH-321G Nuhkhas to Etah section to two lane with paved shoulder configuration under EPC mode in the State of Uttar Pradesh,Roads & Highways,Uttar Pradesh,Ministry of Road Transport & Highways,MoRTH,0,,344,,,75.71,2022-08-01,,2025-08-28,2026-06-06,,0,0,0,,,65,0,,2022.0,9.3,,,0,1,10.80589921017685,Sanctioned in Election Year,-1.7666666666666666,6.25,9.2,330.0,Post-RFCTLARR 2013 (High Compensation),720.0,8.270676691729317
618187,"Rehabilitation and upgradation of Salon - Jais - Jagdishpur Road section of NH-931A, from design Chainage km 0.000 to km 5.740 to four lane divided carriageway and from design Chainage km 5.740 to km 53.500 to two lane with paved Total length km 53.500 along with One time improvement in 04 no's of realigned/bypassed built-up areas in a total length of 9.732 km in the state of Uttar Pradesh on EPC mode",Roads & Highways,Uttar Pradesh,Ministry of Road Transport & Highways,MoRTH,0,,947,,,0.0,,,2027-10-26,2027-10-26,,0,0,0,,,8,0,,,0.0,,,0,0,-5.897937298933953,Sanctioned in Mid-Term,-0.6333333333333329,,,,Unknown,,
618266,Rehabilitation and upgradation to 2-lane with paved sholuders configuration of Bewar- Allahaganj-  section of NH-730C  Km.0.000 to Km 52.770     pakage-I    in state of Uttar Pradesh undergreen national Highway Corridor Project  GNHCP    with the loan assistance of world Bank on EPC mode.,Roads & Highways,Uttar Pradesh,Ministry of Road Transport & Highways,MoRTH,0,,325,340.16,,0.0,,,2024-11-23,2026-08-31,,0,0,0,,,99,0,,,21.2,15.160000000000025,4.664615384615392,1,1,-0.5724854676765867,Sanctioned in Mid-Term,1.6333333333333335,,,,Unknown,,
618240,Rehabilitation and upgradation to 2-lane with paved sholuders configuration of Bewar-naer Karri village section   Km0.00 to Km30.00      Pakage-I    of NH-92 in state of Uttar Pradesh   undergreen national Highway Corridor Project  GNHCP    with the loan assistance of world Bank on EPC mode.,Roads & Highways,Uttar Pradesh,Ministry of Road Transport & Highways,MoRTH,0,,236,,,0.0,,,2024-03-15,2026-07-31,,0,0,0,,,100,0,,,28.5,,,0,1,-0.5724854676765867,Sanctioned in Mid-Term,1.6333333333333335,,,,Unknown,,
618265,Rehabilitation and upgradation to 2-lane with paved sholuders configuration of Miranpur Katra to radhaita section of NH-730CKm.114.000 to Km 137.250pakage-III in state of Uttar Pradesh undergreen national Highway Corridor ProjectGNHCP with the loan assistance of world Bank on EPC mode.,Roads & Highways,Uttar Pradesh,Ministry of Road Transport & Highways,MoRTH,0,,172,169.56,,0.0,,,2024-07-27,2026-08-31,,0,0,0,,,91,0,,,25.1,-2.4399999999999977,-1.4186046511627894,0,1,-0.5724854676765867,Sanctioned in Mid-Term,1.6333333333333335,,,,Unknown,,
618229,Rehabilitation and upgradation to 2-lane with paved sholuders configuration of Near Karri village-Etawah section Km30.000 to Km 57.346 Pakage-II of NH-92 in state of Uttar Pradesh undergreen national Highway Corridor ProjectGNHCP with the loan assistance of world Bank on EPC mode.,Roads & Highways,Uttar Pradesh,Ministry of Road Transport & Highways,MoRTH,0,,211,206.56,,,,,2024-02-17,2025-02-09,,0,0,0,,,100,0,,,11.8,-4.439999999999998,-2.104265402843601,0,1,-0.5724854676765867,Sanctioned in Mid-Term,1.6333333333333335,,,,Unknown,,
617963,Rehabilitation and upgradation to four lane road from km 70.500 to km 78.600 of NH-92 under EPC mode in the State of Uttar Pradesh,Roads & Highways,Uttar Pradesh,Ministry of Road Transport & Highways,MoRTH,0,,296,351.78,,0.0,2022-06-01,,2027-01-07,2027-07-01,,0,0,0,,,33,0,,2022.0,5.7,55.77999999999997,18.844594594594586,1,1,10.80589921017685,Sanctioned in Election Year,-1.7666666666666666,6.25,9.2,330.0,Post-RFCTLARR 2013 (High Compensation),720.0,8.270676691729317
618886,Road Safety Improvement of Critical Junctions on MuzaffarnagarHaridwar Section of NH-334 from Km 143000 to Km 196000,Roads & Highways,Uttar Pradesh,Ministry of Road Transport & Highways,NHAI,0,,239,0.1,,33.07,2025-11-04,,2027-10-03,2027-10-03,,0,0,0,,,20,0,,2025.0,0.0,-238.9,-99.95815899581591,0,0,1.889931456711258,Sanctioned in Mid-Term,11.3,6.25,9.5,465.0,Post-RFCTLARR 2013 (High Compensation),895.0,6.547619047619047
618565,Strengthening of existing 4L Ayodhya Bypass Section from design Km. 121 600 to Km. 144020 of NH 28 New NH 27Pkg-3,Roads & Highways,Uttar Pradesh,Ministry of Road Transport & Highways,NHAI,0,,526,281.13,,259.66,,,2025-03-08,2025-08-27,,0,0,0,,,81,0,,,5.7,-244.87,-46.553231939163496,0,1,-5.897937298933953,Sanctioned in Mid-Term,-0.6333333333333329,,,,Unknown,,
618893,Varanasi Gorakhpur Section Packege IV from km. 149.540 to km. 215.160 Mau-Gorakhpur,Roads & Highways,Uttar Pradesh,Ministry of Road Transport & Highways,NHAI,0,,2967,3475.65,,3453.91,,,2019-10-07,2026-08-31,,0,0,0,,,97,0,,,82.8,508.6500000000001,17.14357937310415,1,1,-12.69797674631511,Sanctioned in Mid-Term,-8.2,,,,Unknown,,
618529,Varanasi Ring Road Pkg-II connecting Sandaha Village km 11.70 / NH-29 with Revasa Village km 818.80 / NH-2,Roads & Highways,Uttar Pradesh,Ministry of Road Transport & Highways,NHAI,0,,1992,1832.66,,1750.54,,,2022-02-13,2026-10-31,,0,0,0,,,96,0,,,56.5,-159.33999999999992,-7.998995983935739,0,1,10.26683343756516,Sanctioned in Election Year,-8.666666666666666,,,,Unknown,,
618063,Widening & Strenghteningof section from Bharthana chowk to Kodarkoot km.0.00 to km.40.00 of NH-91-A on EPC mode,Roads & Highways,Uttar Pradesh,Ministry of Road Transport & Highways,MoRTH,0,,262,343.77,,112.46,,,2024-09-18,2025-08-03,,0,0,0,,,90,0,,,10.5,81.76999999999998,31.20992366412213,1,1,-0.5724854676765867,Sanctioned in Mid-Term,1.6333333333333335,,,,Unknown,,
618082,Widening & Upgradation to four lane configuration from Km.34.900 Bhadohi to km.73.134 Jaunpur of NH-135A on EPC mode,Roads & Highways,Uttar Pradesh,Ministry of Road Transport & Highways,MoRTH,0,,396,392.03,,0.0,,,2024-05-14,2026-09-30,,0,0,0,,,94,0,,,28.5,-3.9700000000000273,-1.0025252525252595,0,1,26.733988838692536,Sanctioned in Pre-Election Year (Rush),-3.4,,,,Unknown,,
618264,"Widening and Strengthening to two Lane with Paved Shoulder/Four Lane with paved shoulder configuration from km. 61.500 of NH-727B near Nawalpur km 178.500 of Sonauli  Balia Marg, Old SH-01 i.e. end point of Salempur Bypass to km. 106.495 of NH-727B near Sikanderpur under EPC mode",Roads & Highways,Uttar Pradesh,Ministry of Road Transport & Highways,MoRTH,0,,2062,,,0.0,,,2028-05-30,2028-05-30,,0,0,0,,,37,0,,,0.0,,,0,0,-5.897937298933953,Sanctioned in Mid-Term,-0.6333333333333329,,,,Unknown,,
618249,Widening to 4 lane from km. 108.50 to km 139.00 of NH-135A Pkg-II Jaunpur  Akbarpur section on Hybrid Annuity Mode in the state of Uttar Pradesh,Roads & Highways,Uttar Pradesh,Ministry of Road Transport & Highways,MoRTH,0,,1512,,,0.0,,,2027-03-29,2027-03-29,,0,0,0,,,36,0,,,0.0,,,0,0,-5.897937298933953,Sanctioned in Mid-Term,-0.6333333333333329,,,,Unknown,,
618248,Widening to 4 lane from km. 139.00 to km 179.20 of NH-135A Pkg-III Jaunpur  Akbarpur section and Akbarpur bypass on Hybrid Annuity Mode in the state of Uttar Pradesh.,Roads & Highways,Uttar Pradesh,Ministry of Road Transport & Highways,MoRTH,0,,1653,,,0.0,,,2028-01-15,2028-01-15,,0,0,0,,,21,0,,,0.0,,,0,0,-5.897937298933953,Sanctioned in Mid-Term,-0.6333333333333329,,,,Unknown,,
617964,"Widening to Four Lane rigid pavement configuration from Km 90.00 to Km 100.800 on NH-96 Km 42.0 to Km 53.300 as per new NH-330,design length of 11.300 km under EPC mode in the state of Uttar Pradesh.",Roads & Highways,Uttar Pradesh,Ministry of Road Transport & Highways,MoRTH,0,,310,,,32.4,2022-01-12,,2026-11-10,2026-11-10,,0,0,0,,,25,0,,2022.0,0.0,,,0,0,10.80589921017685,Sanctioned in Election Year,-1.7666666666666666,6.25,9.2,330.0,Post-RFCTLARR 2013 (High Compensation),720.0,8.270676691729317
618168,Widening to four lane with paved shoulder from Design Km.49.200 to Km.89.285 of NH-731B on EPC mode in the state of Uttar Pradesh,Roads & Highways,Uttar Pradesh,Ministry of Road Transport & Highways,MoRTH,0,,918,965.3,,128.0,,,2026-01-14,2027-01-31,,0,0,0,,,51,0,,,12.5,47.299999999999955,5.152505446623088,1,1,10.80589921017685,Sanctioned in Election Year,-1.7666666666666666,,,,Unknown,,
618267,Widening/Upgradation to four lane configuration of Shahjahanpur-Bisalpur section from km 0.00 to km 47.026 of NH-731K on Hybrid Annuity Mode in the state of Uttar Pradesh. ,Roads & Highways,Uttar Pradesh,Ministry of Road Transport & Highways,MoRTH,0,,1590,,,0.0,,,2028-05-11,2028-05-11,,0,0,0,,,0,0,,,0.0,,,0,0,-5.897937298933953,Sanctioned in Mid-Term,-0.6333333333333329,,,,Unknown,,
619292,4L Medinipur to Ballupur from Km. 458.65 to Km. 487.65 of NH-07Pkg-2,Roads & Highways,Uttarakhand,Ministry of Road Transport & Highways,NHAI,0,,1093,1072.5,,715.36,,,2025-02-17,2026-07-15,,0,0,0,,,94,0,,,16.9,-20.5,-1.8755718206770355,0,1,10.80589921017685,Sanctioned in Election Year,9.833333333333334,,,,Unknown,,
618875,4L of Haridwar  Nagina section Design Ch. LME from km 13.829 to km 17.110 & km 26.077 to km 27.508 and Design Ch. RME from km 13.839 to km 17.120 & km 26.078 to km 27.509 of EUP mitigation measures on NH74,Roads & Highways,Uttarakhand,Ministry of Road Transport & Highways,NHAI,0,,184,142.11,,115.42,,,2024-02-27,2026-12-30,,0,0,0,,,70,0,,,34.1,-41.889999999999986,-22.76630434782608,0,1,26.733988838692536,Sanctioned in Pre-Election Year (Rush),2.0666666666666664,,,,Unknown,,
618209,Construction & up gradation of existing road to 2-Lane with paved shoulder from existing chainage km 468000 to km 489350 Design Chainage km 465150 to km 471500 of NH-07 Old NH-58 including Joshimath bypass on EPC mode in the state of Uttarakhand Length 6.35 km,Roads & Highways,Uttarakhand,Ministry of Road Transport & Highways,MoRTH,0,,259,,,0.0,,,2025-09-13,2027-08-27,,0,0,0,,,37,0,,,23.4,,,0,1,10.80589921017685,Sanctioned in Election Year,9.833333333333334,,,,Unknown,,
617968,Construction & Widening Including Augustmuni Bypass Ch-16.545 to Ch - 19.890 to 2L/PS from Km 16.545-Km 33.130 & 45.980 -57.975 Augustmuni to Kund & Guptkashi to Sitapur on NH 109 in UK,Roads & Highways,Uttarakhand,Ministry of Road Transport & Highways,MoRTH,0,,419,,,0.0,,,2020-02-16,2024-03-15,,0,0,0,,,95,0,,,48.9,,,0,1,10.26683343756516,Sanctioned in Election Year,-4.866666666666666,,,,Unknown,,
618208,Construction and upgradation of existing road to 2-lane with paved shoulder from existing chainage Km 509.725 to Km 528.000 design chainage Km 490.550 to Km 507.850 of NH-58 new NH-07 Benakuli bend to Mana Village in EPC mode under Chardham Programme in the State of Uttarakhand.,Roads & Highways,Uttarakhand,Ministry of Road Transport & Highways,MoRTH,0,,180,,,,,,2021-10-30,,,0,0,0,,,95,0,,,0.0,,,0,0,-3.287904599659297,Sanctioned in Mid-Term,9.833333333333332,,,,Unknown,,
618393,"Construction for Mitigation Measures  of 10 Nos. Landslides, 01 No. Sinking Zones and 1 No. of Minor Bridge in between at Ch. Km 368.00 to Km 433.00 on NH-07 on EPC Mode in Uttarakhand Package-1",Roads & Highways,Uttarakhand,Ministry of Road Transport & Highways,NHIDCL,0,,217,,,113.17,2023-07-12,,2025-12-05,2024-02-29,,0,0,0,,,99,0,,2023.0,0.0,,,0,0,-5.897937298933953,Sanctioned in Mid-Term,4.666666666666667,6.5,9.8,375.0,Post-RFCTLARR 2013 (High Compensation),780.0,8.333333333333325
618391,"Construction for Mitigation Measures of 5 Nos. Landslides, 05 No. Sinking Zones and 01 No. Bridge from Ch. 450.00 to Ch. 468.00 18 Km. Length on NH-07 Package-III",Roads & Highways,Uttarakhand,Ministry of Road Transport & Highways,NHIDCL,0,,250,,,0.0,2023-07-12,,2025-12-05,2027-02-24,,0,0,0,,,88,0,,2023.0,14.7,,,0,1,-5.897937298933953,Sanctioned in Mid-Term,4.666666666666667,6.5,9.8,375.0,Post-RFCTLARR 2013 (High Compensation),780.0,8.333333333333325
618392,"Construction for Mitigation Measures of 5 Nos. Landslides, 5 Nos. Sinking Zones in between Ch. 433.00 to 450.00 BANERPANI VILLAGE on NH-07 on EPC mode in the state of Uttarakhand Package-2",Roads & Highways,Uttarakhand,Ministry of Road Transport & Highways,NHIDCL,0,,260,,,0.0,2023-07-12,,2026-06-08,2027-01-03,,0,0,0,,,64,0,,2023.0,6.9,,,0,1,-5.897937298933953,Sanctioned in Mid-Term,4.666666666666667,6.5,9.8,375.0,Post-RFCTLARR 2013 (High Compensation),780.0,8.333333333333325
617929,Construction of 2 lane with paved shoulder of Kund Bypass from Design Km 35.130 to Km 47.700 existing Km 33.130 to Km 41.260 of NH-109 in the State of Uttarakhand,Roads & Highways,Uttarakhand,Ministry of Road Transport & Highways,MoRTH,0,,247,,,110.98,,,2020-05-06,2026-12-31,,0,0,0,,,74,0,,,79.8,,,0,1,10.974572265809623,Sanctioned in Mid-Term,4.366666666666667,,,,Unknown,,
619293,Construction of 4 Lane Access Controlled Bypass for Dehradun on NH307 from Design Chainage km 0050 Jhajra on NH-07 to Design Chainage km 12220 Asharori on EPC Mode in the State of Uttarakhand under NHO,Roads & Highways,Uttarakhand,Ministry of Road Transport & Highways,NHAI,0,,716,337.11,,115.32,2023-07-12,,2027-04-23,2027-04-23,,0,0,0,,,43,0,,2023.0,0.0,-378.89,-52.91759776536312,0,0,-5.897937298933953,Sanctioned in Mid-Term,4.666666666666667,6.5,9.8,375.0,Post-RFCTLARR 2013 (High Compensation),780.0,8.333333333333325
619142,Construction of 4-lane connectivity to Banbasa ICP at India Nepal border from NH-09 old NH-125 Sitarganj-Tanakpur at Km 40.00 near Jagbuda bridge under Bharatmala Priyojana of NH-109D on EPC mode in the State of Uttarakhand,Roads & Highways,Uttarakhand,Ministry of Road Transport & Highways,National Highways Authority of India [NHAI],0,,217,237.01,,152.15,,,2024-09-01,2027-04-11,,0,0,0,,,74,0,,,31.3,20.00999999999999,9.221198156682023,1,1,10.80589921017685,Sanctioned in Election Year,9.833333333333334,,,,Unknown,,
617890,Construction of Champawat Bypass with two lane with paved shoulder configuration starting from existing chainage 121.700 to existing chainage 129.450 Design Length 9.847 of NH-125 in District-Champawat in the state of Uttrakhand on EPC mode.,Roads & Highways,Uttarakhand,Ministry of Road Transport & Highways,MoRTH,0,,221,,,0.0,,,2027-12-31,,,0,0,0,,,8,0,,,0.0,,,0,0,1.889931456711258,Sanctioned in Mid-Term,3.0,,,,Unknown,,
617967,Construction of Rudraprayag tunnel of length 900.30 MTR including approaches and one major bridge on river Alaknanda connecting NH-107/old-109 to NH-07old-58 on EPC mode in the state of Uttarakhand.,Roads & Highways,Uttarakhand,Ministry of Road Transport & Highways,MoRTH,0,,252,,,0.0,,,2025-07-25,2026-07-31,,0,0,0,,,99,0,,,12.2,,,0,1,26.733988838692536,Sanctioned in Pre-Election Year (Rush),2.0666666666666664,,,,Unknown,,
618390,"Construction, Operation & Maintenance of 2-L Bi-directional Silkyara Bend- Barkot Tunnel with escape passage including approaches Tunnel-4.531 & Approach road- 0.328 on Dharasu-Yamunotri section b/w Chainage 25.400km and 51.00km falling along NH-134 Old NH-94 on EPC mode",Roads & Highways,Uttarakhand,Ministry of Road Transport & Highways,NHIDCL,0,,1384,,,658.7,2018-09-03,,2022-07-08,2026-06-09,,0,0,0,,,69,0,,2018.0,47.0,,,0,1,10.974572265809623,Sanctioned in Mid-Term,4.366666666666667,6.5,10.35,195.0,Post-RFCTLARR 2013 (High Compensation),545.0,7.920792079207928
619295,Four/Six laning of Bhaniyawala-Jollygrant-Rishikesh spur section of NH-07 from Km. 0.000 to Km 19.780,Roads & Highways,Uttarakhand,Ministry of Road Transport & Highways,NHAI,0,,742,664.92,,0.3,2023-03-02,,2027-11-30,2027-11-30,,0,0,0,,,0,0,,2023.0,0.0,-77.08000000000004,-10.388140161725074,0,0,-5.897937298933953,Sanctioned in Mid-Term,4.666666666666667,6.5,9.8,375.0,Post-RFCTLARR 2013 (High Compensation),780.0,8.333333333333325
618211,Improvement/construction of 2-lane with paved shoulder of Askote Llipulekh road from Tawaghat village to Budhi village design km. 56935 to km 95748 and from end of Tunnel portal to Kali Mandir design km 113828 to km. 133078 [total design length  58.063 km] under project Hirak of BRO in the state of Uttarakhand under Bharatmala Pariyojna on EPC Mode,Roads & Highways,Uttarakhand,Ministry of Road Transport & Highways,MoRTH,0,,650,,,0.0,,,2026-11-24,2026-11-24,,0,0,0,,,31,0,,,0.0,,,0,0,10.80589921017685,Sanctioned in Election Year,9.833333333333334,,,,Unknown,,
617888,Landslide treatment work on NH 58 from Kodiyala Km. 266.130 to Devprayag Km. 296.925 10 location under EPC mode in the State of Uttarakhand on EPC Mode,Roads & Highways,Uttarakhand,Ministry of Road Transport & Highways,MoRTH,0,,193,,,0.0,2023-09-01,,2025-02-11,2026-07-31,,0,0,0,,,99,0,,2023.0,17.6,,,0,1,-5.897937298933953,Sanctioned in Mid-Term,4.666666666666667,6.5,9.8,375.0,Post-RFCTLARR 2013 (High Compensation),780.0,8.333333333333325
617970,Reconstruction of existing 2 L/IL to 2L with paved shoulder from existing km 52.200 to 92.880 of NH-,Roads & Highways,Uttarakhand,Ministry of Road Transport & Highways,MoRTH,0,,282,,,156.65,,,2019-06-18,2021-03-16,,0,0,0,,,100,0,,,20.9,,,0,1,0.6082214765100735,Sanctioned in Pre-Election Year (Rush),-11.8,,,,Unknown,,
618218,Rehabilitation & upgradation of existing road to 2-lane with hard shoulder from Joshimath km 0.00 to Saraithota km 29.725 road on NH-107B under Bharatmala Pariyojna on EPC mode in the state of Uttarakhand,Roads & Highways,Uttarakhand,Ministry of Road Transport & Highways,MoRTH,0,,338,,,0.0,,,2025-05-21,2027-03-31,,0,0,0,,,80,0,,,22.3,,,0,1,10.80589921017685,Sanctioned in Election Year,9.833333333333334,,,,Unknown,,
618119,Rehabilitation and up-gradation to 2-lane configuration of Bageshwar to Kangarchina road from km 129.600 to Km 161.600 Existing Chainage 136.00 to Km 169.00 of NH-309Ain the State of Uttarakhand Package-IV under NHO Annual Plan 2021-22,Roads & Highways,Uttarakhand,Ministry of Road Transport & Highways,MoRTH,0,,472,,,0.0,,,2027-02-26,,,0,0,0,,,65,0,,,0.0,,,0,0,10.80589921017685,Sanctioned in Election Year,9.833333333333334,,,,Unknown,,
617974,Rehabilitation and upgradation of 2 lane with paved shoulder from existing km. 195.175 to km. 220.000 Design Chainage km71.300 to Km. 95.947 Excluding existing chainage Km 200.300 to Km 202.400 Design chainage Km 76.400 to Km 78.400 on Dharasu to Yamunotri Road of NH- 134 Old NH-94,Roads & Highways,Uttarakhand,Ministry of Road Transport & Highways,MoRTH,0,,345,,,0.0,,,2028-04-02,,,0,0,0,,,54,0,,,0.0,,,0,0,1.889931456711258,Sanctioned in Mid-Term,3.0,,,,Unknown,,
618210,Rehabilitation and upgradation of Askot-Lipulekh on EPC Basis for Phase-I Existing Km 72.00 to 107.620 Design Chainage Km 21330 to Km 56935 under Project Hirak of BRO in the state of Uttarakhand under Bharatmala Pariyojna Phase-I on EPC Mode Length-35.605 Km CA No EPC/MORT&H/HRK/01/2021-22,Roads & Highways,Uttarakhand,Ministry of Road Transport & Highways,MoRTH,0,,604,,,0.0,,,2023-12-02,2026-07-31,,0,0,0,,,81,0,,,31.9,,,0,1,-0.5724854676765867,Sanctioned in Mid-Term,8.733333333333333,,,,Unknown,,
618213,Rehabilitation and Upgradation of road Rishikesh  Dharasu Old NH-94 with 2-lane with paved shoulder from km 76.000 to km 110.000 Design Chainage from km 74.733 to km 107.347 32.614 km including construction of Kamand re-alignment from existing Chainage Km 105.200 to Km 108.600 design chainage Km 103.436 to Km 105.949 - total length 2513 mtrs and land slide treatment work between design chainage Km 73.800 to Km 74.00 200m on EPC mode under improvement to NH connectivity to Chardham in,Roads & Highways,Uttarakhand,Ministry of Road Transport & Highways,MoRTH,0,,274,,,0.0,,,2021-01-05,2026-07-31,,0,0,0,,,96,0,,,66.8,,,0,1,10.974572265809623,Sanctioned in Mid-Term,4.366666666666667,,,,Unknown,,
618214,Rehabilitation and upgradation to 2 lane / 2 lane with paved shoulder configuration for design chainage km 107.347 to km 129.208 & km 133.878 to km 138.570 existing chainage km 110.000 to km 133.020 & km 137.330 to km 142.028 and land slide treatment at existing km 138.500 Design chainage km 134.970 of NH -94 on EPC mode under improvement to NH connectivity to Chardham in the state of Uttarakhand.,Roads & Highways,Uttarakhand,Ministry of Road Transport & Highways,MoRTH,0,,346,,,0.0,,,2021-07-09,2024-06-01,,0,0,0,,,100,0,,,34.8,,,0,1,10.974572265809623,Sanctioned in Mid-Term,4.366666666666667,,,,Unknown,,
617975,Rehabilitation and upgradation to 2 lane with paved shoulder configuration from km 122.00 Dharasu Bend to km 147.230 Silkyara Bend of NH-94 in the state of Uttarakhand,Roads & Highways,Uttarakhand,Ministry of Road Transport & Highways,MoRTH,0,,238,,,79.56,,,2019-11-28,2024-07-31,,0,0,0,,,100,0,,,56.1,,,0,1,10.26683343756516,Sanctioned in Election Year,-4.866666666666666,,,,Unknown,,
618040,Rehabilitation and Upgradation to Two lanes with Paved Shoulders configuration and Strengthening from Km 175.00 to Km 196.00 Gumkhal to Satpuli of NH-119 New NH-534 in the State of Uttarakhand under NHO Annual Plan 2021-22 under EPC mode,Roads & Highways,Uttarakhand,Ministry of Road Transport & Highways,MoRTH,0,,453,,,0.0,,,2027-01-07,,,0,0,0,,,42,0,,,0.0,,,0,0,10.80589921017685,Sanctioned in Election Year,9.833333333333334,,,,Unknown,,
618041,Rehabilitation and upgrading to two lanes with paved shoulders and Strengthening of Kotdwar-Pauri-Srinagar road section from Km 232.00 to 274.470 on NH-119 New 534 Paidul to Srinagar in the State of Uttarakhand on EPC Mode under NHO Annual Plan 2021-22.,Roads & Highways,Uttarakhand,Ministry of Road Transport & Highways,MoRTH,0,,299,,,0.0,2022-10-02,,2027-12-29,,,0,0,0,,,2,0,,2022.0,0.0,,,0,0,10.80589921017685,Sanctioned in Election Year,9.833333333333334,6.25,9.2,330.0,Post-RFCTLARR 2013 (High Compensation),720.0,8.270676691729317
619294,Road Safety Improvement of existing four lane section of Dehradun-Lal Tappar-Nepali Farm Section of NH-7 and Nepali Farm-Motichur NH-34 on EPC Mode in Uttarakhand under NHO.,Roads & Highways,Uttarakhand,Ministry of Road Transport & Highways,NHAI,0,,721,388.19,,1.6,,,2028-08-14,2028-08-14,,0,0,0,,,1,0,,,0.0,-332.81,-46.15950069348128,0,0,1.889931456711258,Sanctioned in Mid-Term,3.0,,,,Unknown,,
618212,"STABILIZATION OF LAND SLIDE AND SLOPE PROTECTION AT KM 11.00 TO KM 11.08, 29,730 KM TO 30,060 KM, 30,400 KM TO 31,060 KM, 34,750 KM TO 35,300 KM, 38,950 KM TO 39,030 KM & 39,460 KM TO 39,540 KM TWO LOC CLUBBED, KM 40,400 TO KM 40,650, KM 43,500  KM 43,680,  52,460  RISHIKESH - DHARASU ROAD NH-94 ON EPC MODE IN THE STATE OF UTTARAKHAND. NOSE OF LAND SLIDE - 12 NOS",Roads & Highways,Uttarakhand,Ministry of Road Transport & Highways,MoRTH,0,,197,,,0.0,,,2027-04-18,,,0,0,0,,,22,0,,,0.0,,,0,0,0.7306609465075553,Sanctioned in Mid-Term,10.25,,,,Unknown,,
617889,Treatment of landslide zone from location no. 01 to 28 km 62.860 to 152.750 on NH-12509 in the State of Uttarakhand under EPC mode in NHO Annual Plan 2022-23,Roads & Highways,Uttarakhand,Ministry of Road Transport & Highways,MoRTH,0,,192,,,0.0,2022-02-11,,2024-06-20,2026-07-31,,0,0,0,,,98,0,,2022.0,25.3,,,0,1,10.80589921017685,Sanctioned in Election Year,9.833333333333334,6.25,9.2,330.0,Post-RFCTLARR 2013 (High Compensation),720.0,8.270676691729317
619155,Upgradation and 4L of Haridwar Bypass from Km 0.000 Km 188.100 of NH-58 to Km. 15.100 Km 5.100 of NH 74 PKg-1,Roads & Highways,Uttarakhand,Ministry of Road Transport & Highways,National Highways Authority of India [NHAI],0,,1603,1423.89,,538.24,,,2024-10-29,2026-04-01,,0,0,0,,,71,0,,,17.0,-179.1099999999999,-11.173424828446656,0,1,26.733988838692536,Sanctioned in Pre-Election Year (Rush),2.0666666666666664,,,,Unknown,,
618219,Upgradation to 2-lane with Hard shoulder configuration of Suraithota Ch. 29.725 km to Malari Ch. 60.550 km road on NH- 107B under in the state of Uttarakhand.,Roads & Highways,Uttarakhand,Ministry of Road Transport & Highways,MoRTH,0,,293,,,0.0,,,2026-05-09,2026-12-31,,0,0,0,,,77,0,,,7.8,,,0,1,10.80589921017685,Sanctioned in Election Year,9.833333333333334,,,,Unknown,,
618039,Widening to 2 Lane from Existing Chainage Km 74.700  Km 100.660 Design Chainage Km 53.365 to Km 78.785 on NH- 507 in the State of Uttarakhand.,Roads & Highways,Uttarakhand,Ministry of Road Transport & Highways,MoRTH,0,,347,,,0.0,,,2028-04-23,,,0,0,0,,,32,0,,,0.0,,,0,0,0.7306609465075553,Sanctioned in Mid-Term,10.25,,,,Unknown,,
618207,Widening to 2-lane with Hard Shoulder configuration of Mana Ch. 0.00 to Mana Pass Ch. 50.987 road on NH-07 under Bharatmala Pariyojna in the state of Uttarakhand under Annual Plan 2022-23 length 50.987,Roads & Highways,Uttarakhand,Ministry of Road Transport & Highways,MoRTH,0,,574,,,0.0,,,2027-10-03,2028-10-03,,0,0,0,,,21,0,,,12.0,,,0,1,10.80589921017685,Sanctioned in Election Year,9.833333333333334,,,,Unknown,,
618823,4 laning of Barasat - Barajaguli Section of NH-12 from Km. 31.000 to Km. 48.679 in the district of North 24 - Parganas,Roads & Highways,West Bengal,Ministry of Road Transport & Highways,NHAI,0,,352,346.39,,87.41,2024-08-02,,2026-02-11,2027-10-31,,0,0,0,,,42,0,,2024.0,20.6,-5.610000000000014,-1.5937500000000038,0,1,0.7306609465075553,Sanctioned in Mid-Term,13.35,6.5,9.85,420.0,Post-RFCTLARR 2013 (High Compensation),840.0,7.692307692307687
618910,4L of Purulia Bypass section from Km 84.030 to Km 94.345 of NH-32,Roads & Highways,West Bengal,Ministry of Road Transport & Highways,NHAI,0,,558,562.57,,488.7,,,2023-08-08,2026-09-30,,0,0,0,,,94,0,,,37.7,4.57000000000005,0.8189964157706182,1,1,26.733988838692536,Sanctioned in Election Year,-1.9,,,,Unknown,,
618808,6L Elevated Kona Expressway from Km. 0.145 to Km. 7.337 of NH-117,Roads & Highways,West Bengal,Ministry of Road Transport & Highways,NHAI,0,,1213,1203.11,,428.26,,,2026-12-03,2027-12-31,,0,0,0,,,40,0,,,12.9,-9.8900000000001,-0.8153338829348804,0,1,-5.897937298933953,Sanctioned in Mid-Term,4.166666666666667,,,,Unknown,,
618574,Balance Works of 4L of NH-31D from Km. 113.200 to Km. 154.854 Package-II A Ghoshpukur-Salsalabari Section,Roads & Highways,West Bengal,Ministry of Road Transport & Highways,NHAI,0,,1818,962.31,,457.52,,,2027-06-01,2027-06-01,,0,0,0,,,58,0,,,0.0,-855.69,-47.06765676567657,0,0,-5.897937298933953,Sanctioned in Mid-Term,4.166666666666667,,,,Unknown,,
618572,Binnaguri Bypass-Descoped portion of Ghoshpukur-Dhupguri Section of NH-31Dpkg-1,Roads & Highways,West Bengal,Ministry of Road Transport & Highways,NHAI,0,,310,306.02,,2.17,,,2027-11-06,2027-11-06,,0,0,0,,,3,0,,,0.0,-3.980000000000018,-1.2838709677419413,0,0,1.889931456711258,Sanctioned in Pre-Election Year (Rush),16.0,,,,Unknown,,
618825,Bridge over Ganga River at d/s of Farraka Barrage including Approaches connecting Farakka-Raiganj,Roads & Highways,West Bengal,Ministry of Road Transport & Highways,National Highways Authority of India [NHAI],0,,622,646.1,,339.1,2018-09-08,,2021-12-18,2025-02-28,,0,0,0,,,95,0,,2018.0,38.4,24.100000000000023,3.8745980707395535,1,1,10.974572265809623,Sanctioned in Mid-Term,8.733333333333333,6.5,10.35,195.0,Post-RFCTLARR 2013 (High Compensation),545.0,7.920792079207928
618427,Construction & upgradation of existing road to 2-lane with paved shoulder including geometric improvement of Kafer- Lava More section from km 40.00 to km 61.100 of NH717-A on EPC under SARDP-NE A in state of West Bengal Pkg-VA,Roads & Highways,West Bengal,Ministry of Road Transport & Highways,NHIDCL,0,,311,273.78,,6.11,,,2023-04-05,2025-10-09,,0,0,0,,,0,0,,,30.2,-37.22000000000003,-11.967845659163997,0,1,-0.5724854676765867,Sanctioned in Pre-Election Year (Rush),7.166666666666667,,,,Unknown,,
618429,Construction & upgradation of existing road to 2-lane with paved shoulder including geometric improvement of sect. from Pedong bypass to Reshi Border km 79.700 to km 96.254 of NH-717A under SARDP-NE-A on EPC as part of Alternate connectivity to Gangtok Lava More-Reshi Border  Pkg-VB,Roads & Highways,West Bengal,Ministry of Road Transport & Highways,NHIDCL,0,,345,395.59,,362.55,,,2022-04-17,2025-04-04,,0,0,0,,,91,0,,,35.6,50.589999999999975,14.663768115942021,1,1,-0.5724854676765867,Sanctioned in Pre-Election Year (Rush),7.166666666666667,,,,Unknown,,
617893,Construction of additional major Bridge with 4- lane configuration of length 1.48 km on NH-60   NH-14    over River Kangshabati from Km. 117.770 to Km 119.250 and additional major Bridge with 4- lane configuration of length 0.900 km on NH-60   NH-14    over River Shilabati from Km. 173.220 to Km 174.120 in the district of Paschim Medinipur of West Bengal under Annual Plan for FY 2023-24 on EPC mode.   Job No 014-W8-2023-24/527   .,Roads & Highways,West Bengal,Ministry of Road Transport & Highways,MoRTH,0,,305,,,0.04,,,2028-05-15,2028-05-15,,0,0,0,,,0,0,,,0.0,,,0,0,-5.897937298933953,Sanctioned in Mid-Term,4.166666666666667,,,,Unknown,,
618430,Construction of alternative highway to Gangtok in Sikkim via Bagrakot -Chuikhim-Nimbong -Kafer-Bakhim-Algarah-Rhenock in the State of West Bengal and from Rhenok-Rorathang-Pakyong along with spur from Aritar-Rolep-Menla in the State of Sikkim from Km 0.00 to Km 13.00 of Bagrakot -Kafer section of NH 717A on EPC Mode under Phase-A of SARDP-NE in the State of West Bengal PKG- IVA,Roads & Highways,West Bengal,Ministry of Road Transport & Highways,NHIDCL,0,,403,,,0.39,,,2022-04-03,2026-08-30,,0,0,0,,,99,0,,,52.9,,,0,1,10.974572265809623,Sanctioned in Mid-Term,8.733333333333333,,,,Unknown,,
618431,Construction of alternative highway to Gangtok in Sikkim via Bagrakot -Chuikhim-Nimbong -Kafer-Bakhim-Algarah-Rhenock in the State of West Bengal and from Rhenok-Rorathang-Pakyong along with spur from Aritar-Rolep-Menla in the State of Sikkim from Km 13.00 to Km 25.60 of Bagrakot -Kafer section of NH 717A on EPC Mode under Phase-A of SARDP-NE in the State of West Bengal PKG- IVB,Roads & Highways,West Bengal,Ministry of Road Transport & Highways,NHIDCL,0,,296,,,0.39,,,2023-04-05,2025-03-07,,0,0,0,,,0,0,,,23.1,,,0,1,10.974572265809623,Sanctioned in Mid-Term,8.733333333333333,,,,Unknown,,
619004,"Construction of Dubrajpur Bypass with 4-lane configuration of length 5.676 km on NH-60   new NH-14    from design chainage 0.00   existing km 316.135 on NH-60    to design chainage 5.676   existing km 320.980 on NH-60    in the district of Birbhum, West Bengal under Annual Plan 2022-23 in EPC Mode- reg.    Job. No. 014-WB-2022-23/518   .",Roads & Highways,West Bengal,Ministry of Road Transport & Highways,MoRTH,0,,561,,,0.03,,,2027-12-18,2027-12-18,,0,0,0,,,6,0,,,0.0,,,0,0,-5.897937298933953,Sanctioned in Mid-Term,4.166666666666667,,,,Unknown,,
617960,Construction of new road at the missing link portion of NH-81 along approved alignment between Harishchandrapur and Eastern approach of Kalindri Bridge from Km 46.550 to Km 59.697 in the district of Malda.,Roads & Highways,West Bengal,Ministry of Road Transport & Highways,MoRTH,0,,271,291.2,,7.4,2016-12-08,,2018-11-01,2021-11-01,,0,0,0,,,0,0,,2016.0,36.0,20.19999999999999,7.453874538745383,1,1,0.6082214765100735,Sanctioned in Election Year,-5.366666666666667,6.25,10.4,138.0,Post-RFCTLARR 2013 (High Compensation),465.0,9.411764705882364
617931,Construction of ROB and its approaches in lieu of  LC No. 10/B/T at Km 307.050 of NH-60.,Roads & Highways,West Bengal,Ministry of Road Transport & Highways,MoRTH,0,,156,138.57,,0.0,2016-04-03,,2025-08-06,2027-03-31,,0,0,0,,,17,0,,2016.0,19.8,-17.430000000000007,-11.173076923076927,0,1,0.6082214765100735,Sanctioned in Election Year,-5.366666666666667,6.25,10.4,138.0,Post-RFCTLARR 2013 (High Compensation),465.0,9.411764705882364
617894,"Construction or 4 lane Raniganj Bypass of length 5.261 km on NH-60   new NH-14    from km 273.00 of NH to km 478.18 of NH-2   New NH 16    in paschim Bardhaman, West Bengal in EPC Mode- reg.   Job No. 014-WB-2022-23/514   ",Roads & Highways,West Bengal,Ministry of Road Transport & Highways,MoRTH,0,,411,,,174.31,2023-06-03,,2026-03-08,2027-05-18,,0,0,0,,,67,0,,2023.0,14.3,,,0,1,-5.897937298933953,Sanctioned in Mid-Term,4.166666666666667,6.5,9.8,375.0,Post-RFCTLARR 2013 (High Compensation),780.0,8.333333333333325
618824,"Development to 4-laning of the de-scoped stretches from Km 115.342 to Km 191.700 of NH-34 in Nadia District 3.962 & Murshidabad District 5.538 pertaining to Krishnagar to Berhampore section of NH-34 New NH-12 , in the state of West Bengal under NHO.",Roads & Highways,West Bengal,Ministry of Road Transport & Highways,National Highways Authority of India [NHAI],0,,201,197.74,,47.32,2024-05-03,,2026-01-16,2026-07-16,,0,0,0,,,48,0,,2024.0,5.9,-3.259999999999991,-1.6218905472636773,0,1,0.7306609465075553,Sanctioned in Mid-Term,13.35,6.5,9.85,420.0,Post-RFCTLARR 2013 (High Compensation),840.0,7.692307692307687
618227,Development to 4/6-lanning of NH-31 New NH-10 with both side service roads from km 569.258 to km 581.030 end of AH-02 project on NH- 31 near Shivmandir to Sevoke Army Cantonment in districts of Darjeeling and Jalpaiguri in the state of West Bengal on EPC Mode Job No. 010/WB/2021-22/490,Roads & Highways,West Bengal,Ministry of Road Transport & Highways,MoRTH,0,,995,1059.2,,456.48,,,2025-09-19,2027-03-31,,0,0,0,,,69,0,,,18.3,64.20000000000005,6.452261306532668,1,1,10.80589921017685,Sanctioned in Mid-Term,3.8333333333333335,,,,Unknown,,
619187,"Slope protection and landslide mitigation at 4 vulnerable locations km 1.950 to Km 2.100, km 11.100 to 11.450, km 22.435 to km 22.485 and km 22.610 to km 22.680 within Sevoke-Rangpo section of NH-10 old NH-31A in Darjeeling & Kalimpong district in the State of West Bengal on EPC mode",Roads & Highways,West Bengal,Ministry of Road Transport & Highways,NHIDCL,0,,152,,,0.0,2024-05-02,,2027-06-26,2027-06-26,,0,0,0,,,32,0,,2024.0,0.0,,,0,0,0.7306609465075553,Sanctioned in Mid-Term,13.35,6.5,9.85,420.0,Post-RFCTLARR 2013 (High Compensation),840.0,7.692307692307687
618328,4-Laning of Balance work of Dimapur-Kohima Road from design km 152.490 to km 166.700 Existing km 156.000 to km 172.900 Excluding Dimapur & Kohima Bypass under SARDP-NE Package-III,Roads & Highways,Nagaland,Ministry of Road Transport & Highways,NHIDCL,0,,563,794.75,,535.96,,,2025-09-28,2026-07-30,,0,0,0,,,84,0,,,10.0,231.75,41.16341030195382,1,1,0.6082214765100735,Sanctioned in Mid-Term,-5.766666666666666,,,,Unknown,,
618296,Balance work of Construction of 2-lane with hard shoulder of Kohima - Jessami road on NH-29 old NH-150 from existing km 98.380 near Chizami vill. to km120.367 Nagaland/Manipur Border [Design km 95.700 to design km 117.200] [Design Length 21.500 km] in the state of Nagaland Under Bharatmala Pariyojna on EPC Mode Package-V under NHO,Roads & Highways,Nagaland,Ministry of Road Transport & Highways,NHIDCL,0,,331,,,0.0,,,2025-11-21,2026-07-31,,0,0,0,,,98,0,,,8.3,,,0,1,-0.5724854676765867,Sanctioned in Mid-Term,4.866666666666667,,,,Unknown,,
618413,Construction of 2 laning with Hard shoulder of Peren-Dimapur section on NH 129A from Design Km 146.208 to Km 163.592 Length- 17.384 km in the state of Nagaland on EPC mode under NHO-TSP Package-III,Roads & Highways,Nagaland,Ministry of Road Transport & Highways,NHIDCL,0,,178,199.02,,0.0,2021-11-02,,2025-06-06,2026-07-30,,0,0,0,,,96,0,,2021.0,13.8,21.02000000000001,11.80898876404495,1,1,26.733988838692536,Sanctioned in Mid-Term,1.866666666666667,4.0,7.5,290.0,Post-RFCTLARR 2013 (High Compensation),665.0,7.258064516129026
618297,Construction of 2-lane with hard shoulder of Kohima - Jessami road on NH-29 Old NH-150 from existing Km 30.474 Near Kidwema road Chakahabama to existing Km 53.220 Near Kikruma Village Design Km 29.60 to Km 51.50 Design length-21.90 Km  in the state of Nagaland Under Bharatmala Pariyojna on EPC Mode under NHO Package-II -Balance work,Roads & Highways,Nagaland,Ministry of Road Transport & Highways,NHIDCL,0,,356,,,0.0,2020-11-03,,2026-01-04,2026-12-31,,0,0,0,,,43,0,,2020.0,11.9,,,0,1,-0.5724854676765867,Sanctioned in Mid-Term,4.866666666666667,4.0,7.8,260.0,Post-RFCTLARR 2013 (High Compensation),620.0,5.982905982905984
618423,Construction of 2-Lane with hard shoulders of Merangkong-Tamlu-Mon MTM Road from existing Km 20.456 to Km 41.065 Design Km. 20 to Km. 40.0 Design Length-20.000 Km in the State of Nagaland under SARDP-NE Phase-A Pkg-2 Balance work,Roads & Highways,Nagaland,Ministry of Road Transport & Highways,NHIDCL,0,,216,,,173.12,,,2025-08-21,2026-03-13,,0,0,0,,,100,0,,,6.7,,,0,1,10.974572265809623,Sanctioned in Election Year,5.666666666666667,,,,Unknown,,
619059,Construction of 2-Lane with hard shoulders of Merangkong-Tamlu-Mon Road on EPC Basis from existing road Km. 76.640 to Km 98.065 Design chainage Km. 63.800 to Km. 86.835 Design Length-23.035 Km in the state of Nagaland under SARDP-NE  PKG-IV Balance work,Roads & Highways,Nagaland,Ministry of Road Transport & Highways,NHIDCL,0,,324,,,143.39,,,2025-09-10,2026-12-31,,0,0,0,,,79,0,,,15.7,,,0,1,10.974572265809623,Sanctioned in Election Year,5.666666666666667,,,,Unknown,,
618422,"Construction of 2-lane with hard shoulders of Merangkong-Tamlu-Mon road Wakching Twon portion on EPC basis from existing Chainage Km 59000 to Km 73640 [Design Km. 59000 to Km, 72450] Design length - 13.450 Km under SARDP-NE package-V  Balance work",Roads & Highways,Nagaland,Ministry of Road Transport & Highways,NHIDCL,0,,162,,,14.12,,,2025-09-07,2026-04-23,,0,0,0,,,100,0,,,7.5,,,0,1,26.733988838692536,Sanctioned in Mid-Term,1.866666666666667,,,,Unknown,,
618290,"Construction of 2-lane with Paved shoulder of Kohima- Bypass Road Connecting NH-39New NH-02, NH-150New NH-02, NH-61New NH-29, NH-39New NH-02 from Design Km 32.00 to Design Km 43.454Design Length-11.454 Km in the State of Nagaland under SARDP-NE on EPC Mode Package-IV",Roads & Highways,Nagaland,Ministry of Road Transport & Highways,NHIDCL,0,,202,,,89.76,,,2022-04-17,2025-05-02,,0,0,0,,,34,0,,,36.5,,,0,1,-0.5724854676765867,Sanctioned in Mid-Term,4.866666666666667,,,,Unknown,,
618292,Construction of 2-Lane with paved shoulder of Kohima-Bypass Road connecting New NH-02 and New NH-29 from Design Km 10.500 to design Km 21.000 [Design Length- 10.500 km]  including TUNNEL of 500m at Ch. 11.000 in the state of Nagaland Under SARDP-NE on EPC Mode Package-2,Roads & Highways,Nagaland,Ministry of Road Transport & Highways,NHIDCL,0,,277,,,172.09,2020-07-07,,2022-10-15,2024-01-09,,0,0,0,,,67,0,,2020.0,14.8,,,0,1,-0.5724854676765867,Sanctioned in Mid-Term,4.866666666666667,4.0,7.8,260.0,Post-RFCTLARR 2013 (High Compensation),620.0,5.982905982905984
618291,"Construction of 2-lane with Paved shoulder of Kohima-Bypass Road connecting NH- 39 New NH-02, NH150New NH-02, NH7-61 New NH-29 and NH-39 New NH-02 from Design km 21.000 to km 32.268 [Design length11.268 km] in the state of Nagaland Under SARDP-NE on EPC Mode Package- 3",Roads & Highways,Nagaland,Ministry of Road Transport & Highways,NHIDCL,0,,160,342.29,,74.36,,,2025-06-15,2025-03-06,,0,0,0,,,35,0,,,0.0,182.29000000000002,113.93125000000002,1,0,-0.5724854676765867,Sanctioned in Mid-Term,4.866666666666667,,,,Unknown,,
618293,"Construction of 2-Lane with paved shoulder of Kohima-Bypass Road connecting NH-39New NH-02, NH-150New NH-02, NH-61New NH-29 and NH-39New NH-02 from design Km 0.00 to Km 10.500 in the State of Nagaland under SARDP-NE on EPC Mode Package-1 -Balance work",Roads & Highways,Nagaland,Ministry of Road Transport & Highways,NHIDCL,0,,232,350.88,,116.76,2020-07-07,,2026-11-08,2026-11-08,,0,0,0,,,27,0,,2020.0,0.0,118.88,51.241379310344826,1,0,-0.5724854676765867,Sanctioned in Mid-Term,4.866666666666667,4.0,7.8,260.0,Post-RFCTLARR 2013 (High Compensation),620.0,5.982905982905984
618329,Construction of 4/6 Laning from Km 132.375 to Km 153.058 Total New Alignment length of 20.683 Km  of Daboka-Dimapur Section Dimapur Bypass Nagaland Portion of NH-36 & 39 in the State of Nagaland on EPC basis  under PhaseA of SARDP-NE ,Roads & Highways,Nagaland,Ministry of Road Transport & Highways,NHIDCL,0,,819,,,,,,2020-09-04,2023-02-28,,0,0,0,,,0,0,,,29.8,,,0,1,10.26683343756516,Sanctioned in Pre-Election Year (Rush),-1.2,,,,Unknown,,
618414,Construction of Balance work for 2-lane with hard shoulder of Peren- Dimapur section on NH-129A from Design Km 126.775 to Km 146.208 Length 19.433 Km in the state of Nagaland on EPC mode under NHO-TSP Package-II,Roads & Highways,Nagaland,Ministry of Road Transport & Highways,NHIDCL,0,,259,,,135.86,,,2025-09-09,2025-09-09,,0,0,0,,,97,0,,,0.0,,,0,0,26.733988838692536,Sanctioned in Mid-Term,1.866666666666667,,,,Unknown,,
617886,Widening of existing Single lane / Intermediate lane road to 2 lane from Km 101 to Km 125 of NH 61,Roads & Highways,Nagaland,Ministry of Road Transport & Highways,MoRTH,0,,252,,,0.0,,,2026-06-17,2027-03-31,,0,0,0,,,44,0,,,9.4,,,0,1,-0.5724854676765867,Sanctioned in Mid-Term,4.866666666666667,,,,Unknown,,
618002,Widening of existing single lane to intermediate lane road from Mokokchung to Chare via Dikhu in the state of Nagaland on EPC mode,Roads & Highways,Nagaland,Ministry of Road Transport & Highways,MoRTH,0,,193,,,99.65,,,2025-06-18,,,0,0,0,,,0,0,,,0.0,,,0,0,26.733988838692536,Sanctioned in Mid-Term,1.866666666666667,,,,Unknown,,
618364,"Widening to 2 Lane with Hard shoulder of Akegwo-Avangkhu section of NH-202K for Package-I Design Chainage 0000 Km to 34795 Km, in the State of Nagaland on EPC mode under NH O-NE",Roads & Highways,Nagaland,Ministry of Road Transport & Highways,NHIDCL,0,,430,,,0.0,,,2026-02-23,2026-02-23,,0,0,0,,,87,0,,,0.0,,,0,0,10.80589921017685,Sanctioned in Pre-Election Year (Rush),1.4666666666666677,,,,Unknown,,
618366,Widening to 2 Lane with Hard shoulder of Akegwo-Avangkhu section of NH-202K for Package-II Design Chainage 34795 Km to 69875 Km in the State of Nagaland on EPC mode under NHO-NE,Roads & Highways,Nagaland,Ministry of Road Transport & Highways,NHIDCL,0,,443,,,0.0,,,2026-02-23,2026-02-23,,0,0,0,,,58,0,,,0.0,,,0,0,10.80589921017685,Sanctioned in Pre-Election Year (Rush),1.4666666666666677,,,,Unknown,,
618365,Widening to 2 Lane with Hard shoulder of Akegwo-Avangkhu section of NH-202K for Package-III Design Chainage 69875 Km to 106816 Km in the State of Nagaland on EPC mode under NHO-NE,Roads & Highways,Nagaland,Ministry of Road Transport & Highways,NHIDCL,0,,497,,,0.0,,,2026-02-25,2026-02-25,,0,0,0,,,86,0,,,0.0,,,0,0,10.80589921017685,Sanctioned in Pre-Election Year (Rush),1.4666666666666677,,,,Unknown,,
618072,Widening to Existing single lane /intermediate lane to 2 lane from Km185.00 to Km 220.00 of NH-61 New NH-02 in the state of Nagaland.,Roads & Highways,Nagaland,Ministry of Road Transport & Highways,MoRTH,0,,297,,,149.19,,,2024-07-20,2025-10-03,,0,0,0,,,94,0,,,14.5,,,0,1,26.733988838692536,Sanctioned in Mid-Term,1.866666666666667,,,,Unknown,,
