proposal_number,state_code,state_name,proposal_name,category,user_agency,area_ha,status
FP/MH/IND/1250/2017,MH,Maharashtra,Sree Kartikeya Kameshwari Industries,Industry,SHREE KARTIKEYA KAMESHWARI INDUSTRIES,0.0,DFO
FP/MH/IND/5880/2021,MH,Maharashtra,"DALMIA BHARAT SUGAR AND INDUSTRIES LIMITED, UNIT-NINAIDEVI",Industry,DALMIA BHARAT SUGAR AND INDUSTRIES LIMITED,0.0,Disposed
FP/MH/MIN/694/2016,MH,Maharashtra,PUNTAMBEKAR MINERALS PROP. DILIP MADAKE,Mining,PUNTAMBEKAR MINERALS,0.0,DFO
FP/MH/MIN/42236/2019,MH,Maharashtra,Guguldoh Manganese Ore Block,Mining,SHANTI G.D. ISPAT AND POWER PVT. LTD.,0.0,PENDING WITH-SG
WL/MH/TRANS/419749/2023,MH,Maharashtra,132 KV DC Mul -SICOM  Chandrapur Transmission line.,TRANS,,34.7085,Migrated to Parivesh 2
FP/MH/TRANS/2918/2012,MH,Maharashtra,Application for Wildlife clearance from Standing Committee of SBWL & NBWL for construction of part of 220 KV Kalwa- Salsette Transmission Line by M/s Tata Power Company Ltd.,Transmission Line,The Tata Power Co. Ltd.,0.0621,Disposed
FP/MH/Others/6081/2021,MH,Maharashtra,Proposal for Removal of Dry/Dead bamboo from the gregariously flowering bamboo area of Core Zone in Tadoba-Andhari Tiger Reserved.,Others,DY DIRECTOR TATR CORE  CHANDRAPUR,2003.32,Pending at Chief Wildlife Warden
FP/MH/RAIL/26520/2017,MH,Maharashtra,Construction of New Broad Gauge Railway Line between Wadsa-Gadchiroli,Railway,SOUTH EAST CENTRAL RAILWAY CONSTRUCTION ORGANIZATION,83.431,Disposed
FP/MH/IND/168/2015,MH,Maharashtra,"Construction of Jackwell , pump house and RCC Approach Bridge at Nathsagar Dam Paithan",Industry,MIDC,1.0,Pending at Chief Wildlife Warden
FP/MH/MIN/55897/2020,MH,Maharashtra,"DIVERSION OF 35.94 HA. FOREST LAND FOR OPENCAST MINING IN LOHARDONGRI IRON ORE BLOCK AT VILLAGE LOHARDONGRI FOREST COMPTT. NO. 439-RF (OLD COMPTT. NO. 95-RF), TAL. BRAMHAPURI, DISTT. CHANDRAPUR OF MAHARASHTRA STATE IN FAVOUR OF SUNFLAG IRON & STEEL COMPANY LIMITED.",Mining,SUNFLAG IRON & STEEL COMPANY LTD.,0.0,PENDING WITH-SG
FP/MH/ROAD/37601/2018,MH,Maharashtra,"Up-gradation of Nagpur Katol National Highway NH 353 J from existing KM 13+000 (Outer ring road, Nagpur) to 62+900 (Katol Bypass) two/ four lane with paved shoulder in state of Maharashtra",Road,NATIONAL HIGHWAYS AUTHORITY OF INDIA PIU II NAGPUR,0.0,Disposed
FP/MH/IND/867/2016,MH,Maharashtra,Balaji Speciality Chemicals Pvt. Ltd.,Industry,BALAJI BENZOCHEM PRIVATE LIMITED,0.0,DFO
FP/MH/ROAD/5187/2008,MH,Maharashtra,,Road,PUBLIC WORKS SOUTH DIVISION KOLHAPUR,0.0,Pending at Chief Wildlife Warden
FP/MH/OFC/46687/2020,MH,Maharashtra,NATIONAL OPTICAL FIBER NETWORK (NOFN),Optical Fibre Cable,AGM NOFN JALGAON,0.001463,Pending at CWLW for Final Disposal
FP/MH/TRANS/29180/2017,MH,Maharashtra,800 KV HVDC RAIGARH-PUGALUR TRANSMISSION LINE,Transmission Line,POWERGRID CORPORATION OF INDIA LIMITED BRAMHAPURI,25.149,Disposed
FP/MH/Pipeline/5447/2020,MH,Maharashtra,CONSTRUCTION OF WATER SUPPLY SCHEME AT BORATYAKHEDA UNDER NATIONAL RULAR DRINKING WATER PROGRAMME,Pipeline,RULER WATER SUPPLY ZP SUBDIVISION DHARNI,0.021,Pending With UA
FP/MH/OFC/5976/2021,MH,Maharashtra,MahaIT Project MAHANET (A BBNL Project) for Government of Maharashtra,Optical Fibre Cable,STERLITE TECHNOLOGIES LIMITED.,0.1076,Pending at CWLW for Final Disposal
FP/MH/TRANS/119929/2021,MH,Maharashtra,Diversion of forest land for construction of 400 kV Vikhroli receiving station and associated incoming transmission lines for strengthening of Mumbai transmission system,Transmission Line,KHARGHAR VIKHROLI TRANSMISSION PRIVATE LIMITED,1.86,Disposed
FP/MH/IRRIG/5828/2021,MH,Maharashtra,"Brahmagavhan Lift Irrigation Scheme-III Proposed By Executive Engineer, Minor Irrigation Division No.1 Aurangabad (MS)",Irrigation,MINOR IRRIGATION DIVISION NO. 1 AURANGABAD,4.45,Disposed
FP/MH/RAIL/41780/2019,MH,Maharashtra,"Third railway line between Kalyan and Kasara stations of 67.62 km in Ulhasnagar, Kalyan & Shahapur Talukas, Thane District, Maharashtra",Railway,CENTRAL RAILWAY CST MUMBAI,36.5467,Disposed
FP/MH/MIN/6638/2022,MH,Maharashtra,Durgapur Extn. Deep OC,Mining,Western Coalfields Ltd,0.0,Disposed
FP/MH/WATER/6707/2022,MH,Maharashtra,Construction of Hatru village water supply scheme Tq chikhaldara under Jal Jivan scheme,Drinking Water,RULER WATER SUPPLY ZP SUBDIVISION DHARNI,0.07,Disposed
FP/MH/WATER/6709/2022,MH,Maharashtra,Construction of Ruipathar village water supply scheme Tq chikhaldara under Jal Jivan scheme,Drinking Water,RULER WATER SUPPLY ZP SUBDIVISION DHARNI,0.06426,Disposed
FP/MH/Pipeline/5827/2021,MH,Maharashtra,Diversion of 0.1524 ha of Protected Area for laying gas pipeline by Bharat Gas Resources Limited on Ahmednagar- Aurangabad road passing through Jayakwadi Bird Sanctuary in Taluka Gangapur of Aurangabad District.,Pipeline,BHARAT GAS RESOURCES LIMITED,0.1524,Disposed
FP/MH/ROAD/5561/2020,MH,Maharashtra,Bhutkhora Minor Bridge at Ch. 64/400,Road,PUBLIC WORKS DEPARTMENT,0.085,Disposed
FP/MH/OFC/4522/2019,MH,Maharashtra,"Layimg of underground OFC duct & cable within RoW of  existing road MDR 62 from    Kolgaon - Shrigonda , Road passing through  GIB  WL sanctuary  .",Optical Fibre Cable,BHARAT SANCHAR NIGAM LIMITED,0.077,Draft
FP/MH/WATER/6554/2022,MH,Maharashtra,"Bhagwangad Parisar 46 Villages Rural Regional Water Supply Scheme, Tal. Shevgaon & Pathardi, Dist. Ahmednagar in the state of Maharashtra.",Drinking Water,MAHARASHATRA JEEVAN PRADHIKARAN,2.92,Disposed
FP/MH/OFC/5121/2020,MH,Maharashtra,NOFN Project for connecting all gp with Broadband,Optical Fibre Cable,BHARAT SANCHAR NIGAM LIMITED,0.2025,Pending at CWLW for Final Disposal
FP/MH/ROAD/30332/2017,MH,Maharashtra,4/6 Laning of Bamni - Rajura - MS Border Road (NH 930D),Road,NATIONAL HIGHWAYS AUTHORITY OF INDIA PIU II NAGPUR,0.0,Disposed
FP/MH/Pipeline/5557/2020,MH,Maharashtra,Diversion of 0.2787 ha Protected Area for laying gas pipeline by Bharat Gas Resources Ltd. on Limpangaon-Nagar Road passing through Great Indian Bustard Wildlife Sanctuary in Shrigonda Ta. of Ahmednagar District,Pipeline,BHARAT GAS RESOURCES LIMITED,0.2787,Disposed
FP/MH/ROAD/41448/2019,MH,Maharashtra,Chilati To Kuhi road,Road,EEPMGSYAMRAVATEE,3.504,Disposed
FP/MH/WATER/6111/2021,MH,Maharashtra,178 village water supply scheme paithan grid,Drinking Water,"MAHARASHTRA JEEVAN PRADHIKARAN DIVISION, AURANGABAD",0.681,Pending at Chief Wildlife Warden
FP/MH/ROAD/155542/2022,MH,Maharashtra,"PERMISSION FOR STRENGTHENING AND UPGRADATION OF MORNI TO METSHINDI – DISTRICT BORDER ROAD MDR-120 LIES IN KOYNA WILDLIFE SANCTUARY WHICH IS PART OF BUFFER ZONE OF SAHYADRI TIGER RESERVE PART FOR MORNI, ARAV, VALVAN, METSHINDI VILLAGERS IN TAL - MAHABALESHWAR DIST - SATARA",Road,EXECUTIVE ENGINEER PUBLIC WORK DIVISION (WEST) SATARA,2.3,Disposed
FP/MH/Others/5893/2021,MH,Maharashtra,Permission for survey in wildlife area To divert surplus westward flowing water to eastward  Pravra vally.1)Hiwra Nalla Diversion scheme near village ghatghar tal.akole & 2 )Samrad Nalla Diversion scheme near village samrad Tal. Akole dist. Ahmednagar,Others,MINOR IRRIGATION DIVISION NO.2 SANAGAMNER,37.25,PENDING WITH-SG
FP/MH/OFC/5005/2020,MH,Maharashtra,Laying of Optical Fiber Cable under NOFN along right of way through Melghat Tiger Reserve and Sipna Forest Division,Optical Fibre Cable,BHARAT SANCHAR NIGAM LIMITED,0.53,Draft_Migrated
FP/MH/TRANS/1688/2017,MH,Maharashtra,NATIONAL OPTICAL FIBER NETWORK,Transmission Line,BHARAT SANCHAR NIGAM LIMITED,0.355,Pending at Chief Wildlife Warden
FP/MH/Others/35309/2018,MH,Maharashtra,"Construction of Rope Suspension Bridge (Skywalk) connecting Hurricane Point and Goreghat Point at Chikhaldara Hill Station : Diversion of 0.872 HA Forest Land in Municipal Council Chikhaldara, District Amravati, Maharashtra",Others,CIDCO,0.0,Disposed
FP/MH/ROAD/43301/2019,MH,Maharashtra,"Improvement of Daund - Karmala - Paranda - Barshi to Osmanabad Road, SH 68, Km 137/260 to Km 189/120 (Korti district border to Awati District border excluding Karmala municipal length-1.32 Km) Dist.-",Road,"PUBLIC WORKS DIVISION, AKLUJ",1.41,Pending With UA
WL/MH/Pipeline/408723/2022,MH,Maharashtra,Laying Natural Gas Pipeline along with OFC Cable across Tiger Corridor,Pipeline,,0.0248,Migrated to Parivesh 2
FP/MH/Others/2456/2018,MH,Maharashtra,Permission for construction activity in Eco Sensitive Zone,Others,SHRI ANIRUDDHA KESHAV DANDEKAR,0.0,Pending at Chief Wildlife Warden
FP/MH/TRANS/4512/2019,MH,Maharashtra,"PROPOSED CONSTRUCTION OF 220KV DC KARAD-KOYANA (KDPH) TRANSMISSION LINE IN SAME RIGHT OF WAY OF EX.220KV LILO ON 220KV KARAD-POPHALI DC TR LINE KDPH A/P- HUMBARLI, KOYNANAGAR GOKUL TAL- PATAN DIST- SATARA",Transmission Line,MAHATRANSCO,4.6235,Disposed
FP/MH/ROAD/41446/2019,MH,Maharashtra,Makhala To madizadap road,Road,EEPMGSYAMRAVATEE,14.655,Disposed
FP/MH/ROAD/41436/2019,MH,Maharashtra,jarida to khandukheda,Road,EEPMGSYAMRAVATEE,6.39,Disposed
FP/MH/Others/4908/2020,MH,Maharashtra,"New Super Specialty Hospital Building in Dr. D.Y. Patil Hospital Complex located on plot no. 2, Sector 5, Nerul, Navi Mumbai by M/s. Continental Medicare Foundation",Others,MS CONTINENTAL MEDICARE FOUNDATION,6.0,PENDING WITH-SG
FP/MH/IND/931/2016,MH,Maharashtra,"M/s. Smruthi Organics Ltd.,",Industry,E. Purushotham,0.0,DFO
FP/MH/ROAD/18474/2016,MH,Maharashtra,New Service Road.,Road,MANDAR GADKARI ASSOCIATES,0.6025,Disposed
FP/MH/ROAD/153530/2022,MH,Maharashtra,Construction of Railing And Blackstone Staircase on Footpath.,Road,PRABHATCHANDRA JAIN,0.2664,Disposed
FP/MH/Others/5971/2021,MH,Maharashtra,"Elevation based studies on land snail diversity from Northern Western Ghats, Maharashtra, India.",Others,THACKERAY WILDLIFE FOUNDATION,0.4,Pending With UA
FP/MH/WATER/4903/2020,MH,Maharashtra,Chitegaon water supply scheme tq. Paithan,Drinking Water,MAHARASHTRA JEEVAN PRADHIKARAN MUMBAI,0.55,Disposed
FP/MH/RAIL/45255/2020,MH,Maharashtra,Construction of Rajnandgaon - Kalumna 3rd line,Railway,SOUTH EAST CENTRAL RAILWAY GONDIA,34.1914,Disposed
FP/MH/IRRIG/1601/2017,MH,Maharashtra,"Channaka-Korata (Rudha) barrage on Penganga river -Interstate Irrigation Project, Adilabad District of Telangana",Irrigation,IRRIGATION DEPTT,0.0,Disposed
FP/MH/Others/4592/2019,MH,Maharashtra,"CONSTRUCTION OF INTEGRATED BUS TERMINUS CUM COMMERCIAL COMPLEX ON PLOT NO. 3, SECTOR 9A, VASHI, NAVI MUMBAI , DIST. THANE BY NAVI MUMBAI MUNICIPAL TRANSPORT",Others,M/S NAVI MUMBAI MUNICIPAL TRANSPORT,0.0,Disposed
FP/MH/Others/42471/2019,MH,Maharashtra,"Diversion of 63.540 ha. forest land for development of Green Field Airport at Village Vihirgaon and Murti, Taluka Rajura of District Chandrapur in the State of Maharashtra.",Others,GREENFIELD AIRORT CHANDRAPUR,0.0,Disposed
FP/MH/IND/6519/2022,MH,Maharashtra,"Expansion of Synthetic Organic Chemical Manufacturing Unit at Gut No /S. No. 65, H. No 2, Village Gatesh Budruk, Talathi Saja Kone. Tal Wada, District Palghar, Maharashtra.",Industry,SYNERGIA LIFE SCIENCES PRIVATE LIMITED,1.426385,Disposed
FP/MH/TRANS/149/2015,MH,Maharashtra,Constnof765KVDCAurangabadtoPadgheTL,Transmission Line,POWERGRID TL CONSTN,7.6916,Pending at Chief Wildlife Warden
FP/MH/Others/5490/2020,MH,Maharashtra,"Proposed Redevelopment of Police staff quarters on plot bearing C.T.S. No. 258/A ( Old Sy. No. 89/P, 88/P, 87/P,77/P, 76/P, 70/P,73/P,72/P,71/P, 69, 66, 63/P, 68, 67, 65, 57/P, 64/P) Aarey Village (SRPF), At Goregaon (E) Mumbai. abutting National State-Maharashtra.",Others,ARIHANT RAILWAY,0.0,DFO
FP/MH/Others/4662/2019,MH,Maharashtra,"Residential & Commercial Development at Pocket D & E, Sector 60, Nerul in Navi Mumbai",Others,MISTRY CONSTRUCTION CO. PVT. LTD,0.0,PENDING WITH-SG
FP/MH/IND/5960/2021,MH,Maharashtra,Proposal for permission in ESZ gut no 501 and 600/2 of village Mhaisgaon taluka mhada dist. Solapur,Industry,"MANAGING DIRECTOR OF VITTHAL CORPORATION LTD, MHAISGAON",36.66,DFO
FP/MH/IRRIG/39591/2019,MH,Maharashtra,ASOLAMENDHA RENOVATION PROJECT,Irrigation,EXECUTIVE ENGINEER ASOLAMENDHA PROJECT RENOVATION DIVISION NO ONE  MUL,0.0,Disposed
FP/MH/IND/638/2016,MH,Maharashtra,Balaji Amines Limited,Industry,BALAJI AMINES LTD,0.0,DFO
WL/MH/MIN/QRY/417183/2023,MH,Maharashtra,Diversion of 146.996 ha forest land for integrated coal mining including post mine reclamation in Marki Mangli II Coal Block in Yevatmal District of Maharashtra,MIN/QRY,,0.0,Migrated to Parivesh 2
FP/MH/OFC/4876/2020,MH,Maharashtra,MahaNet Project,Optical Fibre Cable,STERLITE TECHNOLOGIES LIMITED.,2.4788,Pending at CWLW for Final Disposal
FP/MH/IRRIG/37261/2018,MH,Maharashtra,"Storage Tank Mamdapur, Tal: Yeola, Dist: Nashik",Irrigation,DISTRICT WATER CONSERVATION OFFICERSOIL WATER CONSERVATION DIVISIONNASHIK,28.6,Disposed
FP/MH/OFC/5746/2021,MH,Maharashtra,Laying of Optical Fiber Cable from makhala grampanchayat to Chunkhadi T-Point under NOFN along right of way through Melghat Wildlife Division and Sipna Wildlife Division,Optical Fibre Cable,BHARAT SANCHAR NIGAM LIMITED,0.545,Pending at CWLW for Final Disposal
FP/MH/Others/6004/2021,MH,Maharashtra,"Elevation based studies on land snail diversity from Northern Western Ghats, Maharashtra, India.",Others,THACKERAY WILDLIFE FOUNDATION,181067.517,Disposed
FP/MH/SCH/7217/2014,MH,Maharashtra,Neeraj test proposal,School,YOGESH KALE,2.0,DFO
FP/MH/IND/569/2016,MH,Maharashtra,"OC Specialities Pvt. Ltd., Solapur, Maharashtra",Industry,OC SPECIALITIES PVT LTD,0.0,DFO
FP/MH/TRANS/44469/2020,MH,Maharashtra,Diversion of 3.064 ha. Forest land for Proposed 220 K.V. Umred to Ngbhid EHV Transmission Line,Transmission Line,EXECUTIVE ENGINEER EHV PROJECT DIV I MSETCL NAGPUR,0.0,Disposed
FP/MH/Pipeline/39455/2019,MH,Maharashtra,Proposal for Installation of Polypropylene (PP) unit at Rasayani and Interconnecting Pipelines from BPCL Mumbai Refinery (MR) to Rasayani,Pipeline,BHARAT PETROLEUM CORPORATION LIMITED MAHUL RASAYANI PIPELINE,0.0,PENDING WITH-SG
FP/MH/IND/1665/2017,MH,Maharashtra,"Aarav Fragrances & Flavors Pvt. Ltd., Gut no 150, 151, 166, 167, 168, 169, 170, 171, 172, 239, 242, 282, 285, 286, 287, 289, 290, 291, 292, 293, 294, 295, 296, Village Jamghar- Lakhmapur, Tal. Wada, Dist. Palghar, Maharashtra",Industry,AARAV FRAGRANCES & FLAVORS PVT. LTD.,0.0,Pending at Chief Wildlife Warden
FP/MH/ROAD/48243/2020,MH,Maharashtra,"Link Road (MH-1051) Improvement/ Upgradation & Maintenance of VR-105, Murromgaon to Katezari From Km 0+000 to Km 11+350 in Dhanora Tehsil of Distt. Gadchiroli",Road,"OFFICE OF EXECUTIVE ENGINEER, PUBLIC WORKS DIVISION NO.2, GADCHIROLI",7.688,Pending at Chief Wildlife Warden
FP/MH/OFC/36363/2018,MH,Maharashtra,Melghat Digital Village at Dharni and Chikhaldhara Taluka,Optical Fibre Cable,RJIL,7.372,DFO
FP/MH/ROAD/5948/2021,MH,Maharashtra,"CONSTRUCTION OF ANIMAL UNDERPASS AT NAGBHID - BRAMHAPURI - ARMORI ROAD, NH - 353 D IN KM 109+650 & 111+175.",Road,MINISTRY OF ROAD TRANSPORT & HIGHWAYS,0.0,Disposed
FP/MH/ROAD/41447/2019,MH,Maharashtra,Hatru To Marita road,Road,EEPMGSYAMRAVATEE,3.87,Disposed
FP/MH/MIN/4954/2020,MH,Maharashtra,MUKUTBAN LIMESTONE MINE OF RCCPL PRIVATE LIMITED,Mining,RCCPL PRIVATELIMITED,0.0,Disposed
FP/MH/TRANS/45600/2020,MH,Maharashtra,132 KV DC Mul - SICOM Chandrapur Transmission line,Transmission Line,MSETCL EHV PROJECTS DIVISION CHANDRAPUR,99.29,Pending With UA
FP/MH/RAIL/6722/2022,MH,Maharashtra,Conversion of existing Railway Narrow Gauge line into broad gauge line from Nagbhid station to Itwari Station in the jurisdiction of Nagpur Division of South East Central Railway.,Railway,MAHARASHTRA RAIL INFRASTRUCTURE DEVELOPMENT CORPORATION LTD.,225.21,Disposed
WL/MH/ROAD/412081/2022,MH,Maharashtra,4-laning of Govindpur to Rajura section of NH-353B,ROAD,,0.0,Disposed
FP/MH/HYD/5731/2021,MH,Maharashtra,Koyna Hydro Electric Project (Stage-VI) (PSS) (400 MW) Tq. Patan Dist. Satara,Hydel,EE HED2 KOTHRUD PUNE,0.0,Disposed
FP/MH/Others/3903/2019,MH,Maharashtra,Scientific Drilling Investigations to probe Reservoir Triggered Seismicity in Koyna region,Others,MINSITRY OF EARTH SCIENCES,0.0,Disposed
FP/MH/IND/1949/2017,MH,Maharashtra,Devi Chemscience Private Limited,Industry,DEVI CHEMSCIENCE PRIVATE LIMITED,0.0,DFO
FP/MH/Others/2034/2018,MH,Maharashtra,City Gas Distribution Network in Palghar & Thane District,Others,GUJARAT GAS LIMITED,0.0,Pending at Chief Wildlife Warden
FP/MH/VELEC/4712/2019,MH,Maharashtra,Gaothan feeder separation under DDUGJY of central govt scheme,Village Electricity,"EXECUTIVE ENGINEER,MSEDCL,AKOT DIVISION",0.15,Pending at Chief Wildlife Warden
FP/MH/WATER/5989/2021,MH,Maharashtra,Aurangabad City Water Supply Project,Drinking Water,AURANGABAD MUNICIPAL CORPORATION,2.172,DFO
FP/MH/ROAD/48159/2020,MH,Maharashtra,"Link Road (MH-1052) Improvement /Upgradation and Maintenance of MDR-11, Podaboriya to Godalwahi From Km 36+200 To Km 40+370 at Dhanora Tehsil of Distt. Gadchiroli.",Road,"OFFICE OF EXECUTIVE ENGINEER, PUBLIC WORKS DIVISION NO.2, GADCHIROLI",5.004,Pending at Chief Wildlife Warden
FP/MH/ROAD/48279/2020,MH,Maharashtra,"Link Road (MH-1050) Improvement/ Upgradation & Maintenance of ODR-51, Dhanora to Pendhari From Km 0+000 to Km 36+650 in Dhanora Tehsil of Distt. Gadchiroli.",Road,"OFFICE OF EXECUTIVE ENGINEER, PUBLIC WORKS DIVISION NO.2, GADCHIROLI",18.412,Pending at Chief Wildlife Warden
FP/MH/WATER/6026/2021,MH,Maharashtra,Aurangabad City Water Supply Project,Drinking Water,AURANGABAD MUNICIPAL CORPORATION,2.172,Disposed
FP/MH/Approach/123966/2021,MH,Maharashtra,Gujaradari Pickup weir,Approach Access,EE MID AURANGABAD,0.00481,PENDING WITH-SG
FP/MH/ROAD/5943/2021,MH,Maharashtra,Upgradation to two lane with paved shoulder of Nilajphata to Bhandara NH 247,Road,MINISTRY OF ROAD TRANSPORT & HIGHWAYS,0.0,Disposed
FP/MH/IND/4043/2019,MH,Maharashtra,MVL Medisynth Private Limited,Industry,MVL MEDISYNTH PVT. LTD.,0.0,Under Examination
FP/MH/TRANS/144920/2021,MH,Maharashtra,HEIGHT INCREASING & TOWER SHIFTING OF 220KV VASAI-PADGHA TR LINE,Transmission Line,MAHATRANSCO,6.783,Disposed
FP/MH/HYD/1676/2017,MH,Maharashtra,1X2.5MW SONAWADE II SHEP,Hydel,EXECUTIVE ENGINEER KOLHAPUR IRRIGATION DIVISION NORTH,2.0,Disposed
FP/MH/OFC/4559/2019,MH,Maharashtra,National Optical Fiber Network,Optical Fibre Cable,BHARAT SANCHAR NIGAM LIMITED,0.09942,Pending at Chief Wildlife Warden
FP/MH/IND/917/2016,MH,Maharashtra,M/s. Sri Krishna Pharmaceuticals Limited,Industry,SRI KRISHNA PHARMACEUTICALS LIMITED,0.0,DFO
FP/GJ/MIN/4360/2019,GJ,Gujarat,Rangpur Limestone Mine,Mining,RANGPUR MINES,0.0,DFO
FP/GJ/QRY/4643/2019,GJ,Gujarat,shayog stone crusher,Quarrying,SAHYOG STONE CRUSHER,0.0,Pending With UA
FP/GJ/ROAD/4303/2019,GJ,Gujarat,Widening & Strengthening Four lane of Bilimora Chikhli Vansda Waghai Road Ch. Km. 53+400 to 59+600 passing through Vansda National Park,Road,NAVSARI RNB DIVISION,3.76,Disposed
FP/GJ/QRY/4780/2020,GJ,Gujarat,"Black Stone Quarry Lease, Nagadla Village, Kodinar Taluka, Gujarat State.",Quarrying,MORI SURSINHBHAI HAMIRBHAI,0.0,DFO
FP/GJ/Others/4784/2020,GJ,Gujarat,Proposal for laying OFC for GFGNL Project for Bharat Net Phase II in Panchmahal District Hac. 1.2006 (Division Eco Sensitive Zone Vadodara),Others,GFGNL,1.2006,DFO
FP/GJ/Others/5284/2020,GJ,Gujarat,Reliance Jio Infocomm Limited Tower Site Wild Life Divisin Vadodara Dist. Dahod (Ha. 0.0648),Others,RELIANCE JIO INFOCOMM LTD,0.0648,Disposed
FP/GJ/WATER/27692/2017,GJ,Gujarat,Girnar Mountain W.S.S.,Drinking Water,DEPUTY EXECUTIVE ENGINEER JUNAGADH,0.83,Disposed
FP/GJ/Others/41122/2019,GJ,Gujarat,Proposal for laying OFC for GFGNL Project for Bharat Net Phase II in Patan District,Others,GFGNL,0.6785,Disposed
FP/GJ/OFC/4391/2019,GJ,Gujarat,GFGNL Bharat Net Phase-2 Project Junagadh,Optical Fibre Cable,GFGNL,0.0,DFO
FP/GJ/Others/6033/2021,GJ,Gujarat,Proposal for laying OFC for Jio Digital Fibre Pvt. Ltd. 4G/5G Surendrangaar District (Wild Life Area Village Kuda and Narali),Others,JIO DIGITAL FIBER PRIVATE LIMITED,0.21078,Pending at Chief Wildlife Warden
FP/GJ/Others/28768/2017,GJ,Gujarat,proposal for laying OFC for Reliance Jio Infocomm Limited 4G Banaskantha District,Others,RELIANCE JIO INFOCOMM LTD,1.116,Draft
FP/GJ/IRRIG/4957/2020,GJ,Gujarat,Pilot Cut at Down Stream of Shingoda Dam,Irrigation,JUNAGADH IRRIGATION DIVISION,0.094,Disposed
FP/GJ/WATER/6798/2014,GJ,Gujarat,Junagaddh Water Supply Scheme based on Hasnapur Dam,Drinking Water,Deputy Executive Engineer,0.1328,Disposed
FP/GJ/Others/4777/2020,GJ,Gujarat,Proposal for laying OFC for GFGNL Project for Bharat Net Phase II in Panchmahal District (Division Wild Life Vadodara),Others,GFGNL,0.2034,DFO
FP/GJ/WATER/3911/2019,GJ,Gujarat,"Setting Up of 100 MLD Desalination Plant at Jodiya, Gu",Drinking Water,JODIYA WATER DESALINATION LIMITED,0.793,Disposed
FP/GJ/ROAD/6319/2022,GJ,Gujarat,Construction of Burkal Fulay Road,Road,"DEPUTY EXECUTIVE ENGINEER, R&B (PANCHAYAT) SUBDIVISION, NAKHATRANA, KUTCH",0.9889,DFO
FP/GJ/ROAD/34425/2018,GJ,Gujarat,"Forest land diversion proposal (between km 13+500 to Km 130+073) of ""Proposed new NH-754K greenfield alignment Sanchore-Santalpur section (EC-3) starting from Vantdau in Banaskantha district to Ranmalpura in Patan district, from km 4+888 to km 130+073.",Road,NATIONAL HIGHWAYS AUTHORITY OF INDIA (NHAI),4.16,Disposed
FP/GJ/Others/10815/2015,GJ,Gujarat,Temple Ukarda,Others,GAUSWAMI CHINUBHARTHI BABAJI PRAMUKH YOGI SHRI MUKUNDPURIJI MAHARAJ SEVA TRUST PALANPUR,0.95,Disposed
FP/GJ/Others/4958/2020,GJ,Gujarat,Proposal for laying OFC for GFGNL Project for Bharat Net Phase II in Dahod District (Wild Life Vadodara) Ha. 0.99306,Others,GFGNL,0.99306,DFO
FP/GJ/IND/2312/2018,GJ,Gujarat,M/s. Wildwoods Resorts & Realities Pvt. Ltd.,Industry,WILDWOODS RESORTS AND REALITIES PVT LTD,0.0,Draft
FP/GJ/WATER/5735/2021,GJ,Gujarat,Construction of 9 ML WTP and pipeline Network Suvai Dam based Scheme under Rapar RWSS,Drinking Water,EXECUTIVE ENGINEER PUBLIC HEALTH WORKS DIVISION BHACHAU,1.0,DFO
FP/GJ/ROAD/145652/2021,GJ,Gujarat,"Grant permission of 1.1520 Ha. Protected Area (Jambughoda WL Sanctuary) for Constructing of (1) Chalvad-Koba Faliya Road (650 Mt) And (2) Gondra- Ambapani Faliya Road (1270 Mt) in Jambughoda Taluka, District Panchmahal In Gujarat State.",Road,R&B PANCHAYAT GODHRA,1.152,Pending With UA
FP/GJ/RAIL/5842/2021,GJ,Gujarat,Doubling railway track between Palanpur- Samakhiali,Railway,RAIL VIKAS NIGAM LIMITED NEW DELHI,1.37,Pending With UA
FP/GJ/ROAD/29374/2017,GJ,Gujarat,Widening of Bhavnath road,Road,JUNAGADH MUNICIPAL CORPORATION,0.0633,Disposed
FP/GJ/Pipeline/2592/2018,GJ,Gujarat,Wildlife,Pipeline,LAXMI GUJARAT GANDHINAGAR,1.0,Disposed
FP/GJ/Others/41544/2019,GJ,Gujarat,Proposal for laying OFC for GFGNL Project for Bharat Net Phase II Banaskantha (Jesor) FCA District,Others,GFGNL,0.8047,Under Examination
FP/GJ/IRRIG/51396/2020,GJ,Gujarat,FOR LAYING WATER PIPELINE AT JAVANTRIGALA HEADWORKS (CH. 0.00) TO BILESHWAR PATIYA (CH. 7000.00) OF 200 MM DIA.,Irrigation,DEE PHS  SUB DN RANAVAV,0.0467,DFO
FP/GJ/OFC/4951/2020,GJ,Gujarat,Gujarat Fiber Grid Network Ltd,Optical Fibre Cable,GUJARAT FIBER GRID NETWORK LTD,1.26,Pending With UA
FP/GJ/TRANS/43086/2019,GJ,Gujarat,765 kV D/C Lakadia-Vadodara Transmission line,Transmission Line,LAKADIA VADODARA TRANSMISSION PROJECT LIMITED,30.81,Disposed
FP/GJ/SubStation/6178/2022,GJ,Gujarat,"Diversion of 0.49 Ha. Protected Area (Narayan Sarovar Wild life Sanctuary) for 66 KV Kanoj Substation At. Kanoj, Ta. : Lakhpat, Dist: Kutch in Favor of Gujarat Energy Transmission Corporation Limited (GETCO) Anjar.",Sub Station,GUJARAT ENERGY TRANSMISSION CORP LTD,0.49,Disposed
FP/GJ/QRY/4213/2019,GJ,Gujarat,Black Trap Mine of Devshibhai Samatbhai Chandera,Quarrying,BLACK TRAP MINE DEVSHIBHAI SAMATBHAI CHANDERA,0.0,DFO
FP/GJ/Others/41143/2019,GJ,Gujarat,Proposal for laying OFC for GFGNL Project for Bharat Net Phase II Banaskantha District,Others,GFGNL,1.222,Disposed
FP/GJ/Pipeline/4850/2020,GJ,Gujarat,Permission for diversion of forest land of 8.0976 Ha for proposed 18”Ø LPG Pipeline from Kandla-Gorakhpur in (Kandla-Viramgam & Viramgam–HPCL Sardhav) Sections passing through Wild life land in Kutch & Morbi District,Pipeline,IHB LIMITED,8.0976,Disposed
FP/GJ/OFC/49234/2020,GJ,Gujarat,Grant permission for optical fiber cable along the route mention here (Purna wildlife sanctuary Area),Optical Fibre Cable,GFGNL,0.6895,Pending With UA
FP/GJ/Pipeline/4212/2019,GJ,Gujarat,Chhara LNG Pipeline Connectivity,Pipeline,GUJARAT STATE PETRONET LIMITED GANDHINAGAR,0.0,Disposed
FP/GJ/QRY/5833/2021,GJ,Gujarat,Black Trap Mine Of Arjanbhai Jadavbhai  Ravaliya 4.00 Ha,Quarrying,ARJANBHAI JADAVBHAI RAVALIYA,0.0,DFO
FP/GJ/QRY/5834/2021,GJ,Gujarat,Black Trap Mine Of Arjanbhai Jadavbhai  Ravaliya,Quarrying,ARJANBHAI JADAVBHAI RAVALIYA,0.0,DFO
FP/GJ/QRY/5836/2021,GJ,Gujarat,Black Trap Mine Of  Parbatbhai  Arjanbhai  Ravaliya,Quarrying,ARJANBHAI JADAVBHAI RAVALIYA,0.0,DFO
FP/GJ/QRY/5837/2021,GJ,Gujarat,Black Trap Mine of Devayatbhai  Arjanbhai  Ravaliya,Quarrying,ARJANBHAI JADAVBHAI RAVALIYA,0.0,DFO
FP/GJ/IND/4364/2019,GJ,Gujarat,Nilkanthvarni Stone Crusher,Industry,NILKANTHVARNI STONE CRUSHER,0.0,DFO
FP/GJ/Pipeline/4845/2020,GJ,Gujarat,Mundra Barmer Crude Oil Pipeline Project,Pipeline,HPCL RAJASTHAN REFINERY LIMITED,19.0695,Disposed
FP/GJ/QRY/4764/2019,GJ,Gujarat,NAGABHAI DEVAYATBHAI CHANDERA,Quarrying,NAGABHAI DEVAYATBHAI CHANDERA,0.0,DFO
FP/GJ/RAIL/4765/2019,GJ,Gujarat,Gauge Conversion with Railway Electrification between Khijadiya-Visavadar-Veraval and Junagadh-Visavadar.,Railway,RAIL VIKAS NIGAM LIMITED NEW DELHI,148.141,DFO
FP/GJ/Pipeline/3885/2019,GJ,Gujarat,Khambha R.W.S.S.,Pipeline,PHS SUB DIV SAVARKUNDLA,0.75,Disposed
FP/GJ/QRY/4703/2019,GJ,Gujarat,BLACK TRAP MINE OF MANOJBHAI BABUBHAI VADGAMA,Quarrying,VADGAMA STONE QUARRY,0.0,Pending at Chief Wildlife Warden
FP/GJ/OFC/39768/2019,GJ,Gujarat,Bharatnet Phase-II Project for OFC work execution by GFGNL,Optical Fibre Cable,GUJARAT FIBER GRID NETWORK LTD,0.25,DFO
FP/GJ/ROAD/40726/2019,GJ,Gujarat,ROPEWAY APPROACH ROAD,Road,JUNAGADH MUNICIPAL CORPORATION,0.2,Pending at Chief Wildlife Warden
FP/GJ/Others/145293/2021,GJ,Gujarat,11 Kv Tourism Feeder Erection Power Line Project.At.Jaloya Village Ta :-Vav Dist:-Banaskantha.,Others,UGVCL RADHANPUR DIVISION OFFICE,1.1459,Disposed
FP/GJ/Pipeline/41347/2019,GJ,Gujarat,"Replacement of both Offshore Pipelines from Narara Bet to SPMs & interconnecting loop line between SPMs, shifting location of Pipe Line End Manifold (PLEM)  and SPM buoy at Vadinar.",Pipeline,INDIAN OIL CORP LTD,35.8,Draft
FP/GJ/Others/4929/2020,GJ,Gujarat,Proposal for laying OFC for GFGNL Project for Bharat Net Phase II in Dahod District Hac. 0.27369 (Wild Life Division Vadodara),Others,GFGNL,0.27369,DFO
FP/GJ/ROAD/152654/2022,GJ,Gujarat,Widening of existing road from gabbar taleti to gabbar circle road Km. 166/520 to 169/015,Road,PUBLIC WORK DEPARTMENT,3.420225,DFO
FP/GJ/TRANS/43664/2019,GJ,Gujarat,765 kV D/C Lakadia to Banaskantha Transmission Line,Transmission Line,LAKADIA BANASKANTHA TRANSCO LIMITED,9.749,Disposed
FP/GJ/ROAD/145958/2021,GJ,Gujarat,Construction of Vavdhara to Khara Road,Road,EXECUTIVE ENGINEER ROAD AND BUILDING DN JORAVAR PALACE PALANPUR DIST:- BANASKANTHA STATE:- GUJARAT,3.3345,Under Examination
FP/GJ/Pipeline/42543/2019,GJ,Gujarat,"Setting up of proposed 10 (2 x 5 Unit) MLD Desalination Plant & Associated facilities (Pipeline) at Village Ambaliyara Taluka: Bhachau, Dist. Kachchh, Gujarat by M/s. Electrotherm India Limited (Steel",Pipeline,ELECTROTHERM INDIA LTD. (STEEL DIV.),1.575,Draft
FP/GJ/QRY/4692/2019,GJ,Gujarat,HARESHBHAI BABUBHAI VADAGAMA C/O.VADAGAMA STONE QUARY,Quarrying,BLACK TRAP MINE HARESHBHAI BABUBHAI VADAGAMA,0.0,Pending at Chief Wildlife Warden
FP/GJ/OFC/143971/2021,GJ,Gujarat,Setting up of 4G Telecommunication Towers & Laying of Optical Fibre Cable Routes under Universal Service Obligation Fund (USOF) – Govt. of India for mobile coverage of uncovered villages in Narmada Di,Optical Fibre Cable,Jio Digital Fibre Private Limited,0.701,Disposed
FP/GJ/QRY/5140/2020,GJ,Gujarat,GAYATRI STONE CRUSHER,Quarrying,GAYATRI STONE CRUSHER,0.0,Pending With UA
FP/GJ/WATER/143358/2021,GJ,Gujarat,NAL SE JAL PROJECT,Drinking Water,J G SHIHORA UNIT MANAGER WASMO DEVBHUMI DWARKA,1.8792,Pending at Chief Wildlife Warden
FP/GJ/Others/40688/2019,GJ,Gujarat,Proposal for laying OFC for Jio Digital Fibre Private Limited 4G Kutch West District,Others,JIO DIGITAL FIBER PRIVATE LIMITED,0.9819,DFO
FP/GJ/Others/4185/2019,GJ,Gujarat,"Incorporation of service jetties and allied facilities at Rozi Pier Port, Jamnagar",Others,Gujarat Maritime Board,0.0,Draft
FP/GJ/Others/39093/2019,GJ,Gujarat,"Proposal for laying OFC for Reliance Jio Infocomm Limited 4G Gir East Dhar, Amreli District",Others,RELIANCE JIO INFOCOMM LTD,0.01791,Disposed
FP/GJ/QRY/5129/2020,GJ,Gujarat,"Black trap quarry lease, Valadar village, Kodinar taluka, Gir Somnath District",Quarrying,MANSIHBHAI GANDABHAI RATHOD,0.0,DFO
FP/GJ/Approach/4518/2019,GJ,Gujarat,Shingoda Irrigation Scheme,Approach Access,JUNAGADH IRRIGATION DIVISION,1.0583,Pending With UA
FP/GJ/QRY/4179/2019,GJ,Gujarat,Black Trap Quarry Lease Project,Quarrying,HAMIRBHAI BARAD,0.0,DFO
FP/GJ/QRY/4180/2019,GJ,Gujarat,Black Trap Quarry Lease Project,Quarrying,HAMIRBHAI BARAD,0.0,DFO
FP/GJ/ROAD/5007/2020,GJ,Gujarat,Widening of NH- 8A-Ext Section: KM 226/200 to 227/600 & 231/500 to 242/500,Road,"EXECUTIVE ENGINEER NATIONAL HIGHWAY DIVISION, GANDHIDHAM (GUJARAT)",4.96,Disposed
FP/GJ/OFC/5011/2020,GJ,Gujarat,"Proposal for Diversion of 4.6291 ha. Protected forest land for the grant permission for laying GFGNL Optical Fiber Cable line along the Shoolpaneshwar sanctuary area in Ta. Dediyapada, Dist. Narmada in Gujarat state.",Optical Fibre Cable,GFGNL,6.7118,DFO
FP/GJ/QRY/4751/2019,GJ,Gujarat,SURESHBHAI CHIMANBHAI SAVALIYA,Quarrying,SURESHBHAI CHIMANLAL SAVALIYA,0.0,Pending at Chief Wildlife Warden
FP/GJ/ROAD/4001/2019,GJ,Gujarat,Resurfacing of Chavand Lathi Amreli Dhari Kodinar road km 93/00 to 98/500 (Working Section 93/00 to 98/500) Ta. Dhari Dist. Amreli. in Gujarat,Road,EXECUTIVE ENGINEER R&B DIVISION AMRELI,1.925,Pending With UA
FP/GJ/QRY/4748/2019,GJ,Gujarat,SITARAM STONE CRUSHER,Quarrying,SITARAM STONE CRUSHER,0.0,Pending at Chief Wildlife Warden
FP/GJ/QRY/4749/2019,GJ,Gujarat,SHREE KANKESHWARI ENTERPRICE,Quarrying,SHREE KANKESHWARI ENTERPRISE,0.0,Pending at Chief Wildlife Warden
FP/GJ/QRY/4750/2019,GJ,Gujarat,KANKESHWARI ENTERPRICE,Quarrying,KANKESHWARI ENTRPRICE,0.0,Pending at Chief Wildlife Warden
FP/GJ/ROAD/14466/2015,GJ,Gujarat,Permission grant of use of road from Willingdon dam to Datar HillS(Nawab of Junagadh the road use at that time) for transporting goods /materials  throaugh vhicles like as tractor fore maintenance Trust & Its kitchen for all communities,Road,ADMINISTRATOR UPLA DATAR DARGAH TRUST AND MAMLATDAR JUNAGADH CITY,0.9885,Disposed
FP/GJ/QRY/5436/2020,GJ,Gujarat,GAYATRI STONE CRUSHER,Quarrying,GAYATRI STONE CRUSHER,0.0,Pending at Chief Wildlife Warden
FP/GJ/Pipeline/6548/2022,GJ,Gujarat,Mundra to Panipat  (Gujarat Sections),Pipeline,INDIAN OIL CORPORATION LTD,32.9997,Disposed
FP/GJ/VELEC/6547/2022,GJ,Gujarat,Application for wildlife clearance for Proposed of 66 KV S/C Line from existing 66 KV ambrapar SS to Proposed 66 KV Dholavira (Kharod) SS on D/C Panther tower with ACSR Dog Conductor.,Village Electricity,GUJARAT ENERGY TRANSMISSION CORP LTD,46.6,Under Examination
FP/GJ/ROAD/119729/2021,GJ,Gujarat,The Project of Widening  7.00  meter to 10.00 meter of S.H.No.172 Vyara - Bheskatri-Kalibel – Pimpari road K.m 06/800 to 28/534,Road,"(R&B) SUB DIVISION, WAGHAI",0.0668,Pending With UA
FP/GJ/QRY/5305/2020,GJ,Gujarat,Black Trap Quarry Lease Project,Quarrying,BAMBHANIYA MOHANBHAI BHAGWANBHAI,0.0,Pending With UA
FP/GJ/TRANS/38967/2019,GJ,Gujarat,New Ag Connection Bhaniya LS 19 (Bhaniya (0.14 Ha),Transmission Line,PGVCL KHAMBHA SDN,0.14,Disposed
FP/GJ/Others/5357/2020,GJ,Gujarat,GAYATRI STONE CRUSHER - STOCKIST,Others,GAYATRI STONE CRUSHER,0.0,Pending With UA
FP/GJ/QRY/5428/2020,GJ,Gujarat,BLACK TRAP MINE OF GOVINDBHAI LAKHMANBHAI NANADANIYA & OTHER,Quarrying,GEO MINING CONSULTING,0.0,DFO
FP/GJ/QRY/5429/2020,GJ,Gujarat,BLACK TRAP MINE OF DASHRATBHAI RAVJIBHAI KODALA & OTHER,Quarrying,GEO MINING CONSULTING,0.0,DFO
FP/GJ/QRY/5430/2020,GJ,Gujarat,BLACK TRAP MINE BHAGWANBHAI HARDASBHAI JOTVA & OTHER,Quarrying,GEO MINING CONSULTING,0.0,DFO
FP/GJ/OFC/41784/2019,GJ,Gujarat,GFGNL Bharat Net Phase-ii,Optical Fibre Cable,GFGNL,0.182925,Pending With UA
FP/GJ/QRY/2804/2018,GJ,Gujarat,Black Trap Mine Of Bhagwanbhai Hardasbhai Jotva,Quarrying,BHAGWANBHAI H JOTVA,2.0,Draft
FP/GJ/Others/40269/2019,GJ,Gujarat,"Diversion of 0.2785  ha, of forest land for infrastructure development at Ambaji Temple on Girnar Hill",Others,GUJARAT PAVITRA YATRADHAM VIKAS BOARD,0.2785,Disposed
FP/GJ/ROAD/144781/2021,GJ,Gujarat,Widening & Strengthening of Sasan-Talala Road,Road,DEPUTY EXECUTIVE ENGINEER-R&B CITY SUB DIVISION-JUNAGADH,2.2748,Disposed
FP/GJ/OFC/4410/2019,GJ,Gujarat,GFGNL Bharat Net Phase-2 Project Junagadh,Optical Fibre Cable,GFGNL,0.0,DFO
FP/GJ/ROAD/141350/2021,GJ,Gujarat,Upgradation of Visavadar-Sasan S.H. 111 between K.M. 57/6 to 72/0,Road,DEPUTY EXECUTIVE ENGINEER-R&B CITY SUB DIVISION-JUNAGADH,8.28,Pending With UA
FP/GJ/Others/49646/2020,GJ,Gujarat,Proposal for laying OFC for Jio Digital Fibre Pvt. Ltd 4G Banaskantha District,Others,JIO DIGITAL FIBER PRIVATE LIMITED,0.2161,Pending With UA
FP/GJ/Pipeline/42481/2019,GJ,Gujarat,"Replacement of both offshore pipelines from Narara bet to SPMs & interconnecting loop line between SPMs, Replacing & Relocating Pipe Line End Manifold (PLEM) and Installation of SPM buoy at Vadinar",Pipeline,INDIAN OIL CORP LTD,41.1,Disposed
FP/GJ/OFC/41765/2019,GJ,Gujarat,GFGNL Bharat Net Phase-ii,Optical Fibre Cable,GFGNL,0.1649,Pending With UA
FP/GJ/QRY/4668/2019,GJ,Gujarat,SHREEJI MINERALS,Quarrying,LAVJIBHAI KANJIBHAI JETHVA,0.0,Pending With UA
FP/GJ/ROAD/153127/2022,GJ,Gujarat,Widening & Strengthening of  Ankolvadi to Bamansa road  SH-98,Road,EXECUTIVE ENGINEER ROAD AND BUILDING DIVISION GIRSOMNATH,1.29982,Disposed
FP/GJ/TRANS/36259/2018,GJ,Gujarat,NEW AG CONNECTION BHANIYA LS 32P1,Transmission Line,PGVCL KHAMBHA SDN,0.1288,Disposed
FP/GJ/QRY/5418/2020,GJ,Gujarat,BLACK TRAP MINE OF KISHORBHAI RAJABHAI MAYTRA,Quarrying,GEO MINING CONSULTING,0.0,DFO
FP/GJ/QRY/4657/2019,GJ,Gujarat,MAHESH TRADING COMPANY,Quarrying,MAHESH TRADING COMPANY,0.0,DFO
FP/GJ/QRY/4661/2019,GJ,Gujarat,PRAVINCHANDRA MAGANLAL PANDAT,Quarrying,PRAVINCHANDRA PANDAT,0.0,Pending With UA
FP/GJ/QRY/4663/2019,GJ,Gujarat,SARMANBHAI VIRAMBHAI NANDANIYA,Quarrying,SARMANBHAI NANDANIYA,0.0,Pending With UA
FP/GJ/QRY/4664/2019,GJ,Gujarat,MURLIDHAR STONE CRUSHER,Quarrying,MURLIDHAR STONE CRUSHER,0.0,Pending With UA
FP/GJ/QRY/4665/2019,GJ,Gujarat,KHIMABHAI NARANBHAI RAM,Quarrying,KHIMABHAI NARANBHAI RAM,0.0,Pending With UA
FP/GJ/QRY/4666/2019,GJ,Gujarat,GAUTAMGIRI SURESHGIRI GAUSWAMI,Quarrying,GAUTAMGIRI SURESHGIRI GAUSWAMI,0.0,Pending With UA
FP/GJ/Others/5959/2021,GJ,Gujarat,"Proposal for laying OFC for Reliance Jio Infocomm Limited 4G/5G Porbandar District (Village Jampar Ghumli,)",Others,JIO DIGITAL FIBER PRIVATE LIMITED,0.0205,DFO
FP/GJ/TRANS/54160/2020,GJ,Gujarat,Bhaniya village 24 *7 hour 3-ph JGY power supply (Bhaniya – khishari ag electric link line (0.0595 Ha)) ta. Khambha dist. Amreli in Gujarat State,Transmission Line,PGVCL KHAMBHA SDN,0.0595,Disposed
FP/GJ/WATER/5483/2020,GJ,Gujarat,"Diversion of 0.1220 Ha. Protected Area (Sanctuary) for the project of Bodeli (North) Route water supply scheme for the underground water supply Pipeline in Targol, Kathiyari and Keva village of Bodeli and Jambughoda Taluka in Gujarat state.",Drinking Water,EXECUTIVE ENGINEER GWSSB CHHOTAUDEPUR,0.122,DFO
FP/GJ/QRY/4654/2019,GJ,Gujarat,MENSHIBHAI VASABHAI SOLANKI,Quarrying,MENSIBHAI VASABHAI SOLANKI,0.0,Pending With UA
FP/GJ/TRANS/40220/2019,GJ,Gujarat,New Ag Connection In Ls No:-139,Transmission Line,PGVCL VIJAPADI,0.07,Disposed
FP/GJ/MIN/892/2016,GJ,Gujarat,"Mevasa Bauxite Mine, S. No. 138 (SCABAL)",Mining,SAURASHTRA CALCINE BAUXITE AND ALLIED INDUSTRIES,0.0,Draft
FP/GJ/ROAD/43014/2019,GJ,Gujarat,Improvement of roadBakasar-Mavasari from km 0.000 to km 32.49 (net length 32.49 km) from existing Cl-9 specification to NHDL specification under 45 BRTF area under Project Chetak in Rajasthan state,Road,NINETY SIX BORDER ROADS RCC GREF,4.56,Disposed
FP/GJ/QRY/4726/2019,GJ,Gujarat,JAY NAGNATH TREADING CO.,Quarrying,JAY NAGNATH TRADING CO,0.0,Pending at Chief Wildlife Warden
FP/GJ/OFC/5290/2020,GJ,Gujarat,Proposal for grant of permission for laying Optical Fiber Cabel along with the routes mentiond here under shoolpaneshwar wildlife sanctuary (0.91656 Ha.),Optical Fibre Cable,GFGNL,0.91656,Pending With UA
FP/GJ/Others/40143/2019,GJ,Gujarat,"Diversion of 0.2900 ha. of forest land for renewal of old lease area falls in Gir Wildlife Sanctuary for religious  purpose. Shri Kankeshwari Mataji Temple Trust, Kankai  (Gir) in Junagadh district. G",Others,SHREE MATAJI KANKESHWARI TEMPLE TRUST,0.29,DFO
FP/GJ/MIN/4295/2019,GJ,Gujarat,Mining Lease Project,Mining,SHRI GOPALSINH HIMATSINH CHAUHAN,0.0,DFO
FP/GJ/WATER/42562/2019,GJ,Gujarat,"Diversion of 1.1260 ha. of forest land for laying of drinking water supply  pipeline from Anandpur weir to Junagadh city for Water Supply Scheme under  Junagadh Municipal Corporation. Dist. Junagadh,",Drinking Water,MUNICIPAL CORPORATION JUNAGADH,0.0,DFO
FP/GJ/Others/42615/2019,GJ,Gujarat,Laying of underground power cable for electrification of ropeway project on girnar hill,Others,PGVCL JUNAGADH,2.0,Disposed
FP/GJ/Others/2656/2018,GJ,Gujarat,NOFN,Others,RailTel Corporation of India limited,0.26325,Disposed
FP/GJ/Others/40270/2019,GJ,Gujarat,Diversion of 0.0498 ha. of forest land for renewal of old lease area falls in Gir Wildlife Sanctuary District Junagadh Gujarat State,Others,SHREE MATAJI KANKESHWARI TEMPLE TRUST,0.0498,DFO
FP/GJ/QRY/4645/2019,GJ,Gujarat,shayog stone crusher,Quarrying,SAHYOG STONE,0.0,Pending With UA
FP/GJ/QRY/4648/2019,GJ,Gujarat,menshibhai Vasabhai solanki,Quarrying,MENSHIBHAI VASABHAI SOLANKI,0.0,Pending With UA
FP/GJ/OFC/5199/2020,GJ,Gujarat,NOFN (Lakhpat),Optical Fibre Cable,RailTel Corporation of India limited,0.37539,Disposed
FP/GJ/QRY/5462/2020,GJ,Gujarat,Building Lime Stone Quarry Lease,Quarrying,KAMALIYA NARANBHAI PITHABHAI,0.0,Pending at Chief Wildlife Warden
FP/GJ/QRY/4624/2019,GJ,Gujarat,BLACK TRAP MINE OF HAJABHAI HAMIRBHAI MORI,Quarrying,HAJBHAI HAMIRBHAI MORI,0.0,DFO
FP/GJ/OFC/44879/2020,GJ,Gujarat,GFGNL(BBNL Phase -II) project from Dhrangadhra,Optical Fibre Cable,GUJARAT FIBER GRID NETWORK LTD,0.7,Pending With UA
FP/GJ/VELEC/5083/2020,GJ,Gujarat,"11 kv overhead line for surajgadh,najapur and chatariya",Village Electricity,PASCHIM GUJARAT VIJ COMPANY LIMITED,2.912,Pending With UA
FP/GJ/Others/4288/2019,GJ,Gujarat,Gujarat Fiber Grid Network Ltd,Others,GUJARAT FIBER GRID NETWORK LTD,0.1,DFO
FP/GJ/MIN/4856/2020,GJ,Gujarat,Building Lime Stone Quarry Lease Project,Mining,HARESHBHAI PARSHOTAMBHAI TEJANI,0.0,DFO
FP/GJ/QRY/4373/2019,GJ,Gujarat,Black Trap Quarry Lease Project,Quarrying,NILKANTHVARNI STONE CRUSHER,0.0,DFO
FP/GJ/Pipeline/4044/2019,GJ,Gujarat,Drinking Water pipeline,Pipeline,PHS SUB DIVISION UNA,0.375,Pending With UA
FP/GJ/DISP/6176/2022,GJ,Gujarat,Primary Health Centre (PHC),Dispensary/Hospital,PHC KUDA,0.876,DFO
FP/UP/Others/34243/2018,UP,Uttar Pradesh,"0.391267 ha. protected forest land proposed to exit entry of HPCL Retail out lat at khautali jansath meerapur Road (meerut pauri Road nh-119 KM 60, CHAINAGE 59.967 RHS) Khsra no- 455m 456 m Village rassolpur thashil jansat district muzaffarnagar",Others,Hindustan Petroleum Corporation Limited,0.391267,Disposed
WL/UP/OTHERS/407309/2022,UP,Uttar Pradesh,4G Saturation Project,OTHERS,,0.02,Migrated to Parivesh 2
FP/UP/Others/3610/2018,UP,Uttar Pradesh,U.P.state Bridge Corporation LTd. Construction Unit Ghaziabad  Costructuction  a Over Bridge   Over Bahu Nala  Site Situated at Village Chakanwla and Shishowali  On Bachhraon- Munda Khera Khader Marg In Block Gajraula  Tehsil Mandi Dhanaura District Amroha (U.P.),Others,UP STATE BRIDGE CORPORATION LIMITED,0.4158,Disposed
FP/UP/WATER/6496/2022,UP,Uttar Pradesh,"Construction of OWT in Tarapur, Akbarpur Garhi, Kunhera and Kishorpur Village, Tehsil- Mawana, District-Meerut under Rural Drinking Water Supply Scheme of Jal Jeevan Mission",Drinking Water,UTTAR PRADESH  JAL NIGAM,2.3227,Disposed
FP/UP/ROAD/149898/2021,UP,Uttar Pradesh,"Re-construction & road widening of Nayagaon-Makdumpur road from chainage km 00.000 to km 23.350 (Total Length 23.350) in district- Meerut, Uttar Pradesh State",Road,"EE PROVINCIAL DIVISION, PWD MEERUT",14.594,Disposed
FP/UP/Canal/40793/2019,UP,Uttar Pradesh,"Protected Forest Land Proposed to be diverted for Construction of Bridge for Proposed Rapti Canal on Tulsipur-Jarva Road at KM.72.820, at Village: Madharwa,District: Balrampur",Canal,IRRIGATION AND WATER RECOURSES DEPARTMENT UP,0.0,Disposed
FP/UP/RAIL/5517/2020,UP,Uttar Pradesh,Wildlife Clearance of Proposed Railway Track Electrification of Daliganj-Mailani-Kashganj Section From Ch.181.400 to 192.185 in District:Lakhimpur Kheri,Railway,RAIL VIKAS NIGAM LIMITED (RVNL),0.0,Disposed
FP/UP/Others/4558/2019,UP,Uttar Pradesh,"Proposed Establishment of HPCL Retail Outlet with in Hastinapur Wildlife Sanctuary Boundry on Ganeshpur-Chetawala Road in KM.06 (Ch.5.136) Protected Land at Village: Hastinapur Pandwan, Gata No.802 Tehsil: Mawana District: Meerut",Others,HINDUSTAN PETROLEUM CORPORATION LIMITED,0.0928,Pending With UA
FP/UP/Canal/38823/2019,UP,Uttar Pradesh,"Forest Land proposed to be diverted for Construction Canal passing through forest land in villages Thakurapur ,Jamdhara and Sugaon in KM.80.0- 98.0 in District Balrampur Under National Saryu Nahar Pariyojna(Rapti Main Canal)",Canal,RAPTI NAHAR NIRMAN KHAND II TULSIPUR BALRAMPUR,0.0,Disposed
FP/UP/TRANS/148929/2021,UP,Uttar Pradesh,Proposed Protected Forest Land to be diverted for 220 KV for (765 KV) Sub-Station) Meerut- -AmrohaTransmission Line in District-Amroha(0.07Ha PF) and No Forest Land(0Ha) in Hapur District,Transmission Line,UTTAR PRADESH POWER TRANSMISSION CORPORATION LTD,106.743,Disposed
FP/UP/OFC/143013/2021,UP,Uttar Pradesh,"Proposed Forest Land to be Diverted for laying of Underground Optical Fiber Cable Along Kataiya-Kishanpur-Allenganj Road,Total Length 16.7KM, Under 4G Saturation Project Under Mission 500, In District:- Lakhimpur Kheri (U.P)",Optical Fibre Cable,BSNL LAKHIMPUR,0.83635,Disposed
FP/UP/TRANS/41909/2019,UP,Uttar Pradesh,Forest Land Proposed to be diverted for 132KV Transmission line from Jansath Substation to Ramraj Substation crossing over  Bijnore-Meerut NH-119 Road in KM.49-50 and in Km. 50-51 in Hastinapur Wildlife Sanctuary in Muzffarnagar district,Transmission Line,ELECTRICITY TRANSMISSION DIVISION II UPPTCL MEERUT,51.4877,Disposed
FP/UP/ROAD/2111/2018,UP,Uttar Pradesh,Proposal for construction of approach road and Guide Bundh of Ganga River Bridge at Chetawala Ghat near Bhikund Hastinapur Tehsil Mawana Distt. Meerut and Tehsil Chandpur District Bijnor within the area of Hastinapur Wild Life Sanctuary Uttar Pradesh,Road,EXECUTIVE ENGINEER PD PWD MEERUT,11.146,Pending at Chief Wildlife Warden
FP/UP/RAIL/6173/2021,UP,Uttar Pradesh,Railway Electrification work of Kuraiya-Dudhiyakhurd Section from CH. No. 212.520 to 213.070 and Sandai-Mala Section from CH. No. 242.310 to 250.140 in Connection with the work of Railway Electrification of Daliganj-Mailani-Kasganj Section of Izzatnagar Division of North-Eastern Railway in District: Pilibhit,Railway,RAIL VIKAS NIGAM LIMITED (RVNL),6.704,Disposed
FP/UP/Others/42261/2019,UP,Uttar Pradesh,"Proposed BPCL Retail Outlet on Delhi-Moradabad Road NH-24(NEW NH-09) in KM.94(Ch.93.548),At KHASRA nO.57,58,59,60,67 & 68, at Village:Khargapur Ahatmali,District:Amroha",Others,BHARAT PETROLEUM CORPORATION LIMITED TERRITORY MEERUT,0.432,Disposed
FP/UP/Others/5078/2020,UP,Uttar Pradesh,"Proposed Establishment of BPCL Retail Outlet in Pilibhit Tiger Reserve Boundary on Pooranpur-Deoriya Kala-Bisalpur Road in Km 36 (Ch. 35.099) Protected Land, Gata No. 274 at Vill- Kamghat, Tehsil-Bisalpur & Distt Pilibhit",Others,BHARAT PETROLEUM CORPORATION LIMITED,0.14346,DFO
WL/UP/Pipeline/413751/2023,UP,Uttar Pradesh,"Proposed Reserved forest land to be diverted for Laying of Water Distribution Line along different  roads, under Raipura Group of Villages Drinking Water Scheme of Jal Jeevan Mission of Govt. of  India, in District:- Chitrakoot.",Pipeline,,3.1247,Migrated to Parivesh 2
FP/UP/Others/1067/2016,UP,Uttar Pradesh,Construction of Forest Rest House at Sandi Bird Sanctuary in Hardoi District,Others,CONSERVATOR OF FOREST ENDANGERED PROJECT UP LUCKNOW,0.14,DFO
FP/UP/Approach/154875/2022,UP,Uttar Pradesh,"Proposed Indian Oil retail outlet at Survey No. 664, 665 & 666 on Left Hand Side of NH-92 (new NH-719) at Chainage 75.609 Village Udi, Tehsil Etawah & District Etawah.",Approach Access,INDIAN OIL CORPORATION LIMITED,0.4298,PENDING WITH-SG
FP/UP/Others/146581/2021,UP,Uttar Pradesh,Construction OF IOCL Moradabad Proposed MS/HSD B  Petrol/Diesel pump (Retail Outlet)  Protected Land is required  to be diverted (FCA 1980 For Non forestry purposed) Site Situated Village Tigaya Bhoor  Khasra No- 236 o 237 On Delhi-Moradabad Road  NH-24 ( New NH-09) Km. Stone 106 Chainge 105+360 (LHS) Tehsil Mandi Dhanaura District Amroha(U.P).,Others,Indian Oil Corporation Limited,0.2551,Pending With UA
FP/UP/Others/6303/2022,UP,Uttar Pradesh,"Proposed Wildlife Clearance Proposal for Dredging of Sharda River for channelization of river for the flood control in Village- Chakpurwa, in North Kheri Forest Division/Buffer zone Dudhwa Tiger Reserve, Lakhimpur Kheri Tehsil-Gola, District- Lakhimpur Kheri",Others,BARRAGE MECHANICAL MAINTENANCE DIVISION VARANASI UP IRRIGATION DEPARTMENT,29.25,PENDING WITH-SG
FP/UP/ROAD/150065/2021,UP,Uttar Pradesh,"Proposed Reserved Forest Land to be diverted for New Construction of different roads Bhatwari-Matwar,Matwaria-Matwar,Badohi-Parsia,Fuliyari, Silhata, Meza Band- Sagra and Kharihat-Tidwar Road(Total Length:37.79km) in Tehsil:Lalganj  District: Mirzapur",Road,PROVINCIAL DIVISION PWD MIRZAPUR,52.906,Pending With UA
FP/UP/Others/5143/2020,UP,Uttar Pradesh,"Wildlife Clearance of Proposed Dredging work channelization of Sharda River near Village:Rahul Ambe Chandiya Hazar in Tehsil:Puranpur,District:Pilibhit",Others,BARRAGE MECHANICAL MAINTENANCE DIVISION VARANASI UP IRRIGATION DEPARTMENT,2.786,Disposed
FP/UP/ROAD/150997/2022,UP,Uttar Pradesh,Rehabilitation & up-gradation to four lane road from Km. 70.500 to 78.600 Km of NH-92 (new NH-719) under in District Etawah in the State of Uttar Pradesh (UP Portion),Road,MORTH (NH-UP),5.345,Disposed
FP/UP/TRANS/32650/2018,UP,Uttar Pradesh,"Lease Renewal of 400kv Anpara Varanasi DC Transmission Line Passing Through Forest Division Mirzapur,Sonbhadra,Obra,Renukoot and Kaimur Wildlife",Transmission Line,UP POWER CORPORATION LTD,42.464,DFO
FP/UP/Others/5325/2020,UP,Uttar Pradesh,M/S Bharat Petroleum Corporation Limited Meerut by Proposed  a Retail Outlet  site situated at Village Sudnipur Khasra   No.262 Along Chandpur-Bijnor Road (SH-51) Km.Stone 184 To 186 (Left Shoulder) Tehsil Chandpur District Bijnor (U.P.) Falling Within The Boundary of Hastinapur Wild Life  Sanctuary.,Others,BHARAT PETROLEUM CORPORATION LIMITED,0.3333,Disposed
FP/UP/Others/4425/2019,UP,Uttar Pradesh,PROPOSAL FOR  NOC/WILD LIFE CLEARANCE OF  CONSTRUCTION (M/S SHAKUNTLA TRADE LINK) OF  FIRE WORKS SHOP-5  FOR 300 K.G. FIRE WORKS AND 1200 K.G.CHINESE CRACKERS AND/ OR  SPARKLERS & FIRE WORKS STORE HOUSE NO.-3 S  SITE SITUATED AT  VILLAGE SHAHPUR (SHAHABPUR ) GATA/ KHASRA NO-579  GAJRAULA-TIGRI ROAD (LHS)  TEHSIL MANDI DHANAURA DISTRICT AMROHA.,Others,SHRI SHAKUNTALA TRADE LINK,0.5899,DFO
FP/UP/ROAD/59458/2020,UP,Uttar Pradesh,"WIDENING & STRENGTHENING OF PARWADH TO BASUHARI ROAD FROM KM. NO. 0.000 TO 61.500 UNDER ROAD CONNECTIVITY PROJECT ON LEFT WING EXTREMISIM AREA (RCPLWEA) IN TEHSIL:- ROBERTSGANJ, DISTRICT:- SONBHADRA",Road,PMGSY DIVISION PUBLIC WORKS DEPARTMENT SONEBHADRA,18.0,DFO
FP/UP/Others/5322/2020,UP,Uttar Pradesh,M/S Hindustan Petroleum Corporation Limited Meerut by Proposed  at Retail Outlet  site situated at Village Nekpur Khasra  No.309 Along Dhanaura-Kamelpur Road (O.D.R. NO.20)  km.  stone 10 Chainage .9.180 (Left Shouler) Tehsil Dhanaura District Amroha  (U.P.) Falling Within The Boundary Of Hastinapur Wild Life Sanctuary.,Others,HPCL MEERUT,0.1374,Disposed
FP/UP/MIN/4869/2020,UP,Uttar Pradesh,"Non Forest Land Proposed for Sand/Maurang Mining in Gata No.1288,Village:Motipur Kalan, within Eco Sensitive Zone of Sohelwa Wildlife Sanctuary,District:Sravasti",Mining,SAUMYA NARAYANA SRIVASTAVA,0.0,Pending With UA
FP/UP/Canal/44512/2020,UP,Uttar Pradesh,Forest Land Proposed to be diverted for Construction of Campierganj  Branch Canal in between km.51 to 62.106  under Saryu Nahar Pariyojna in District:Maharajganj,Canal,RAPTI NAHAR NIRMAN KHAND II TULSIPUR BALRAMPUR,0.0,Disposed
FP/UP/Others/2416/2018,UP,Uttar Pradesh,1-Constructon of 36.00 M Soti Bridge 840.40 M Main Bridge of Ganga river at Chetawala Ghat Near Bhikund Hastinapur Tehsil Mawana Distt. Meerut and construction of 70.88 M Kala Sote Bridge  of Gangar river at Chetawala Ghat Bhikund near village Narnour tehsil Chandpur in Distt Bijnor,Others,UP STATE BRIDGE CORPORATION LIMITED,0.8052,Pending at Chief Wildlife Warden
FP/UP/Others/157199/2022,UP,Uttar Pradesh,LEASE IS TO BE GRANTED FOR PLANTING FRUIT TREES AND ERECTING COW SHED FOR THE SHRI SHUKHDEV ASHRAM SWAMI KALYAN DEV SEVA TRUST SHUKRTAL IN DISTRICT MUZAFFRANAGAR FOR THE PERIOD OF 01.01.2010 TO 31.12.,Others,SHREE SUKHDEV ASHRAM SWAMI KALYAN DEV SEWA TRUST,2.0243,Disposed
FP/UP/Others/2571/2018,UP,Uttar Pradesh,Approval of Moga Pujabi Tadka site situated at village Mahamdabad  khasra no. 109 and 110 along Delhi- lucknow (old NH-24 New NH-9) Road km 94 -95 (Left Shoulder) Tehsil Hasanpur District -Amroha (U.P.),Others,MOGA PUNJABI TADKA,0.6378,DFO
FP/UP/TRANS/40906/2019,UP,Uttar Pradesh,400kV D/C Jaunpur Obra Transmission Line,Transmission Line,OBRA C BADAUN TRANSMISSION LIMITED,55.447,Disposed
WL/UP/Pipeline/401299/2022,UP,Uttar Pradesh,Patwadh Group of Villages Water Supply Scheme in Villages of Robertsganj and Ghorawal Block of Sonbhadra District,Pipeline,,16.3392,Disposed
FP/UP/ROAD/6556/2022,UP,Uttar Pradesh,"Widening of ODR from Mawana Jaisingh Mirzapur Marg to Maa Bhadrakali Hastinapur (Total Length 5.000 km) in district- Meerut, Uttar Pradesh State",Road,"EE PROVINCIAL DIVISION, PWD MEERUT",3.275,Disposed
FP/UP/Others/2248/2018,UP,Uttar Pradesh,"Proposed Establishment of IOCL Retail Outlet Under Kisan Seva Kendra Scheme in Hastinapur Wildlife Sanctuary on RamrajHastinapur Road(NayagaonMakdupur) in KM.06 (LHS) IN Non Protected Land at Village: Rathaura Khurd, Khasra No.188/3 Tehsil: Mawana District: Meerut",Others,Indian Oil Corporation Limited,0.177,Disposed
FP/UP/Others/60710/2020,UP,Uttar Pradesh,"Indian Oil Petrol Pump Outlet, Khasra No 59, Meerut Bareilly Road, NH 709, Chainage 0920, Village Garh Banger, Tehsil Garhmukhteshwar, District Hapur",Others,Indian Oil Corporation Limited (IOCL),0.20559,Disposed
FP/UP/Others/5004/2020,UP,Uttar Pradesh,"Proposed Establishment of HPCL Retail Outlet in Pilibhit Tiger Reserve Boundary on Pilibhit-Madhotanda Road in Km 2 (Ch. 1.396 to 1.439) Protected Land, Gata No. 288 at Vill- Chidaiyadeh, Tehsil & Distt Pilibhit",Others,HINDUSTAN PETROLEUM CORPORATION LTD,0.16403,DFO
FP/UP/Others/1551/2017,UP,Uttar Pradesh,Proposed IOCL Retail Outlet in Hastinapur Wildlife Sanctuary on Ramraj-Hastinapur Road(Nayagaon-Makdupur)in KM.05(CH.5.130)(LHS) in Village:Fazalpur Tehsil:Mabana District Meerut,Others,Indian Oil Corporation Limited,0.0,Pending With UA
FP/UP/Others/5000/2020,UP,Uttar Pradesh,"Proposed Establishment of BPCL Retail Outlet in Pilibhit Tiger Reserve Boundary on Pilibhit-Madhotanda Road in Km 9 (Ch. 8.362 to 8.92) Protected Land, Gata No. 159 at Vill- Dheram Mandariya, Tehsil & Distt Pilibhit",Others,BHARAT PETROLEUM CORPORATION LIMITED,0.14166,DFO
FP/UP/ROAD/6549/2022,UP,Uttar Pradesh,"Widening of Hastinapur to Saifpur Karamchand Marg (Total Length 3.000 km) in district- Meerut, Uttar Pradesh State",Road,"EE PROVINCIAL DIVISION, PWD MEERUT",1.8,Disposed
FP/UP/RAIL/4257/2019,UP,Uttar Pradesh,LUCKNOW-PILIBHIT GAUGE CONVERSION (PKG-3),Railway,RAIL VIKAS NIGAM LIMITED,6.704,Disposed
FP/UP/TRANS/4911/2020,UP,Uttar Pradesh,"Proposed non forest land within Hastinapur Wildlife Sanctuary for 132KV Transmission Line from Jansath Substation to Hastinapur Sub-Station, In District:Meerut",Transmission Line,ELECTRICITY TRANSMISSION DIVISION II UPPTCL MEERUT,34.4614,Disposed
FP/UP/ROAD/45282/2020,UP,Uttar Pradesh,"Improvement, upgradation and construction of Ganeshpur-Dehradun road (NH72A) in the state of Uttar Pradesh (Km 0.0 to Km 16.160) and Uttarakhand (km 16.160 to km 19.785) to 4 lane configuration.",Road,NHAI-PIU DEHRADUN,0.0,Disposed
FP/UP/Others/4814/2020,UP,Uttar Pradesh,"Establishment of Maa Bhameshwari Rice Mill at Village:Khai Khera Khadar,Gajraula,Dist:Amroha",Others,MAA BHAMESHWARI RICE  MILL,0.846,DFO
WL/UP/Pipeline/412320/2022,UP,Uttar Pradesh,"Proposed Reserved Forest Land to be diverted for Laying of Underground Pipeline in Chaura, Matwar, Magardaha, Aura, Barua, Sarai, Matwaria,  Halia, Parsia Kalan and Hardi Villages under Ahungi Kalan Group of Village Drinking Water Supply Scheme, in District:- Mirzapur.",Pipeline,,3.0552,Disposed
FP/UP/ROAD/151109/2022,UP,Uttar Pradesh,"Proposed Badaun-Bilsi-Bijnor (SH-51) Nagar Palika Parishad Gajraula Population area in Km 140,141, & 142   Two Lane Widening and Ugradation of road  Tehsil Dhanaura District Amroha Falling  Within The Boundary of Hastinapur  Wildlife Sanctuary.",Road,PWD  JOYA AMROHA,0.75,DFO
FP/UP/Others/3680/2018,UP,Uttar Pradesh,Proposal For Noc of Wild Life Clearance of Construction of Retail Outlet  M/S Indian Oil Corporaton Ltd. Moradabad . Site Situated at Village Mukkar Pur Gujjar Khasra No. 459 Along Chhachhari More  to Jaleel pur Road km. 1 Chanaige 0.250 (left Shoulder) Tehsil and District  Bijnor.(U.P.) Falling  Within The Boundary Boundary of Hastinapur Wild Life,Others,INDIAN OIL CORPORATION LIMITED,0.1887,Disposed
FP/UP/WATER/119894/2021,UP,Uttar Pradesh,"Patwadh Group of Villages Water Supply Scheme – Construction of Intake Jackwell, Pipeline and Water Treatment Plant at Kanach",Drinking Water,STATE WATER AND SANITATION MISSION NAMAMI GANGE AND RURAL WATER SUPPLY DEPARTMENT UP GOVERNMENT,6.4325,Disposed
FP/UP/Others/33319/2018,UP,Uttar Pradesh,NOFN Project,Others,BSNL MUZAFFARNAGAR,0.684,Disposed
FP/UP/ROAD/121267/2021,UP,Uttar Pradesh,"Widening & Strengthening of Bhadai Arar to Makarivari Road from Km. No. 0.000 to Km. No. 46.050 Under Road Connectivity Project on Left Wing Extremism Area (RCPLWEA) in  Tehsil: Robertsganj, District-Sonbhadra",Road,PMGSY DIVISION PUBLIC WORKS DEPARTMENT SONEBHADRA,5.31,Pending With UA
FP/UP/Approach/6095/2021,UP,Uttar Pradesh,"Proposed establishment of BPCL, Retail Outlet and approach access in National Chambal Sanctury Project Agra on between KMS Stone No. 33 and 34 on Chakarnagar to Hanumantpura Road (MDR 142) in Personal Agricultural Land KHASRA NO 2084mi at VILLAGE-Hanumantpura, TEHSIL-CHAKARNAGAR, DISTT.- ETAWAH, STATE - UTTAR PRADESH",Approach Access,BHARAT PETROLEUM CORP LIMITED,0.232,Pending at MoEFCC(WL)
WL/UP/Pipeline/413104/2023,UP,Uttar Pradesh,"Kadara Group of Villages Water Supply Scheme, District Sonbhadra",Pipeline,,8.9068,Disposed
FP/UP/Others/4978/2020,UP,Uttar Pradesh,Construction of Entry & Exit for BPCL Retail outlet Protected land is  is required to be diverted (Wildlife Act 1972 Abendment 2003 for Non forestry purpose) Along Chandpur-Basta   (Others Districts Road) Road km. stone 2 Chainage 1.250 (LHS) Site Situated at Village Chandpur  Khasra -1055 1080  Tehsil Chandpur District Bijnopr (U.P.).,Others,BHARAT PETROLEUM CORPORATION LIMITED TERRITORY MEERUT,0.15199,Disposed
FP/UP/TRANS/637/2016,UP,Uttar Pradesh,Construction of 11 KV Electricity line,Transmission Line,UP POWER CORPORATION LTD,0.0575,Disposed
FP/UP/ROAD/9071/2014,UP,Uttar Pradesh,Construction of service road along with rail over bridge in Gajraula on Badaun -Bilsi -Bijnor  (state highway 51) from k.m. 139 to 140,Road,UP STATE BRIDGE CORPORATION LIMITED,0.32,Disposed
FP/UP/Others/2695/2018,UP,Uttar Pradesh,"0.074582 ha. sanctuarey land proposed to transfer approach and exit road for proposed retail outlet of IOCL on MDR Road Jansath Morana road Chainage 28.877  to 28.917 RB. Khsara no. 115/2 Village Behra Sadat, Teh Jansath Distt. Muzaffarnagar",Others,IOCL NOIDA,0.074582,Draft
FP/UP/Others/3139/2018,UP,Uttar Pradesh,HPCL / RURAL OUTLET PETROL PUMP,Others,HINDUSTAN PETROLEUM CORPORATION LIMITED AGRA,0.2331,Disposed
FP/UP/Others/4475/2019,UP,Uttar Pradesh,"Proposed BPCL Retail Outlet on Budaun - Bilsi-Bijnore road ( SH-51) Km 149 Chainage 148.148 Khasra no. 25 village Jogipura tehsil Dhanaura district Amroha, Uttar Pradesh",Others,BHARAT PETROLEUM CORPORATION LIMITED MEERUT,0.19752,DFO
FP/UP/Others/1637/2017,UP,Uttar Pradesh,KISAN SEVA KENDRA / PETROL PUMP,Others,IOCL AGRA,0.1296,DFO
FP/UP/Others/120377/2021,UP,Uttar Pradesh,"Reliance 4G Project for Laying of OFC along with road on MDR-149 from Km5.40 to Km41.60,on ODR(1) from Km4.00 to Km7.80, on ODR(2) from Km0.00 to Km7.00, on ODR(3) from Km0.00 to Km7.50 & on ODR(4) from Km0.00 to Km1.00 of Total Km 55.50&0.5845 Ha in KatarniyaGhat Wild Life Division,Bahraich–UP",Others,Reliance Jeo Infocomm Ltd,0.5845,Disposed
FP/UP/Others/1797/2017,UP,Uttar Pradesh,"Ex-post Facto Approval of AQ Frozen Foods Pvt. Ltd. site situated along Kunda Feeder Road, Qasba Bachchraon, Tehsil Dhanaura, Distt. Amroha (U.P.)",Others,AQ FROZEN FOODS PVT LTD,3.504849,DFO
FP/UP/Others/5089/2020,UP,Uttar Pradesh,Proposal For NOC Wild Life Clearance of Retail Outlet M/S Bharat Petorleum Corporation Ltd. Meerut Site Situated at Village Shapur Rajera  Khasra No.221 Along  Dhanaura –Kamelpur Road (O.D.R.No.20) Km. Stone 3 (Chanaige 2.904) ( Left Shoulder ) Tehsil Mandi Dhanaura District Amroha (U.P.),Others,BHARAT PETROLEUM CORPORATION LIMITED,0.18752,Pending With UA
FP/UP/Others/1180/2017,UP,Uttar Pradesh,laying of OF Cable from from Chainage Km  74+ 560 M  (Udi Mod)  to Chainage Km 78 ( End point of Chambal Bridge towards Bhind  UP -MP boarder,Others,BBHARAT SANCHAR NIGAM LIMITED,0.1548,Pending at Chief Wildlife Warden
FP/UP/OFC/89811/2020,UP,Uttar Pradesh,"Proposed Forest Land to be Diverted for laying of Underground Optical Fiber Cable Along Palia-Chandan Chauki-Gorifanta Road,Total Length 48.0 KM,In District:- Lakhimpur Kheri (U.P)",Optical Fibre Cable,BSNL LAKHIMPUR,2.4048,Disposed
FP/UP/Others/4867/2020,UP,Uttar Pradesh,Construction of Entry & Exit for New BPCL Retail Outlet and Wild Life Hastinapur Sanctuary Private  & Non Forest  PWD Land  is required to be diverted (Wild Life Act Act 1972 for Non forestry purpose) Along Dhanaura-Sherpur Road   (Others District Road-5 ) Road km. Stone 1 Chainage 0.819 (LHS) Site Situated at Village Dhanaura Plot/ Gata No.198 Teh,Others,BHARAT PETROLEUM CORPORATION LIMITED,0.147,DFO
FP/UP/ROAD/43253/2019,UP,Uttar Pradesh,"Wildlife Clearance  proposal for ""Improvement and Up-gradation to 4-lane configuration of Meerut-Nazibabad section of NH-119 between Km 39+165 to Km 78+635 in the state of Uttar Pradesh"".",Road,NHAI PIU MEERUT,96.5067,Disposed
FP/MP/ROAD/37610/2018,MP,Madhya Pradesh,"Construction of Eight lane road (newly declared NH-148N) from Kandarwasa Village to Kher Khunta village in Ratlam District from CH:150+000 to 181+000 (31 km) in the State of Madhya Pradesh (sub package-2, part of Delhi-Mumbai Expressway)",Road,NHAI BHOPAL,225.0,Disposed
FP/MP/ROAD/4018/2019,MP,Madhya Pradesh,Construction of Karera - Bhitarwar Road,Road,MP ROAD DEVELOPMENT CORPORATION LTD,0.0,Disposed
WL/MP/SubStation/406109/2022,MP,Madhya Pradesh,CONSTRUCTION OF 33/11 KV SUBSTATION IN REHI(BAGDARA0 UNDER TSP YOJANA,,,10.26,Migrated to Parivesh 2
WL/MP/ROAD/401559/2022,MP,Madhya Pradesh,Diversion of 83.2310 ha area in National Chambal Sanctuary for Atal Progressway,ROAD,,108.0516,Migrated to Parivesh 2
FP/MP/RAIL/41734/2019,MP,Madhya Pradesh,Katni-Singrauli Doubling of Railway Line,Railway,DY CHIEF ENGINEER WEST CENTRAL RAILWAY JABALPUR,67.533,Pending With UA
FP/MP/ROAD/157183/2022,MP,Madhya Pradesh,Construction of road from To 4 SH 49 to Barhakala Via Itwakala Kohni Road,Road,MPRRDA PIU-I PANNA,2.6383,Disposed
FP/MP/TRANS/152756/2022,MP,Madhya Pradesh,LILO of Nainpur Mandla 132kV line at Baihar 132kV Substation,Transmission Line,MP POWER TRANSMISSION PACKAGE II LIMITED,39.633,Disposed
FP/MP/Pipeline/5498/2020,MP,Madhya Pradesh,Jabera Tendukhera Multi village rural water supply scheme,Pipeline,PHE DAMOH,0.40855,Disposed
WL/MP/IRRIG/422699/2023,MP,Madhya Pradesh,Construction of Percolation Tank in Janpad Panchayat Narsinghgarh Distrct Rajgarh under Manrega Project.,IRRIG,,0.1089,Migrated to Parivesh 2
FP/MP/OFC/5232/2020,MP,Madhya Pradesh,"Laying of OFC in Madhav National Park, Shivpuri by BSNL Gwalior.",Optical Fibre Cable,BBHARAT SANCHAR NIGAM LIMITED,0.5,Disposed
FP/MP/OFC/4812/2020,MP,Madhya Pradesh,Jio Digital Fiber Pvt. Ltd OFC 4G Project Gandhisagar-Rampura route ( Gandhi Sagar Heydel Wild Life Core area ),Optical Fibre Cable,JIO DIGITAL FIBRE PRIVATE LTD,0.9,Disposed
FP/MP/OFC/4817/2020,MP,Madhya Pradesh,Jio Digital Fiber Pvt.Ltd. Bhanupura - Gandhi Sagar Heydel - Border (Ratangarh)route Gandhi Sagar heydel Wild Life Core area &  Diversion .,Optical Fibre Cable,JIO DIGITAL FIBRE PRIVATE LTD,0.85,Disposed
FP/MP/Others/4416/2019,MP,Madhya Pradesh,Sindh phase II small hydro power project,Others,KKK GREEN PROJECT PVT LTD,1.564,Draft
FP/MP/WATER/155239/2022,MP,Madhya Pradesh,Ballaud Multi Village Rural Water SUpply Scheme,Drinking Water,MADHYA PRADESH JAL NIGAM MARYADIT SHAHDOL,0.1635,Disposed
FP/MP/ROAD/6231/2022,MP,Madhya Pradesh,Guna Gwalior Section: Provision of LHS in lieu of manned LC no.115 at KM 1292/2-3 between panihar Ghatigaon station,Road,"ASSISTANT DIVISIONAL ENGINEER SHIVPURI, WEST CENTRAL RAILWAY",0.2,Pending With UA
FP/MP/OFC/5553/2020,MP,Madhya Pradesh,BHARAT NET PHASE-2 District UMARIA Block MANPUR,Optical Fibre Cable,BSNL SHAHDOL,1.13,Disposed
FP/MP/ROAD/4175/2019,MP,Madhya Pradesh,Construction of H.L. Bridge across Parwati river on Sheopur-Khatoli Road in km. 20/10,Road,EXECUTIVE ENGINEER PWD BRIDGE CONSTRUCTION  DIVISION GWALIOR,1.567,Disposed
FP/MP/OFC/6529/2022,MP,Madhya Pradesh,Jio Digital Fiber Pvt Ltd. OFC 4G Project Pandhajhir Singrampur route Rani Durgawati Wild Life core area DFO Damoh,Optical Fibre Cable,JIO DIGITAL FIBRE PRIVATE LTD,0.5,Disposed
FP/MP/WATER/6546/2022,MP,Madhya Pradesh,Intake well and approach bridge,Drinking Water,CMO NAGAR PARISHAD CHURHAT,0.0972,Pending With UA
FP/MP/OFC/48799/2020,MP,Madhya Pradesh,Laying of OFC Under in ROW by BSNL Raisen (M.P.),Optical Fibre Cable,BSNL RAISEN MP,0.3197,Disposed
WL/MP/TRANS/406630/2022,MP,Madhya Pradesh,Construction Of 220kv Line From 400/220kv Rajgarh (Pgcil) To Pooling S/s Dhar,TRANS,,110845.0,Migrated to Parivesh 2
FP/MP/WATER/3999/2019,MP,Madhya Pradesh,WATER AUGMENTATION SCHEME OF GWALIOR CITY FROM CHAMBAL RIVER,Drinking Water,GWALIOR MUNICIPAL CORPORATION,0.2681,Pending at Chief Wildlife Warden
FP/MP/WATER/6531/2022,MP,Madhya Pradesh,Ballaud Multi Village Rural Water Supply Scheme,Drinking Water,MADHYA PRADESH JAL NIGAM MARYADIT SHAHDOL,0.571,Disposed
FP/MP/WATER/5925/2021,MP,Madhya Pradesh,Ballaud Multi Village Rural Water Supply Scheme,Drinking Water,MADHYA PRADESH JAL NIGAM MARYADIT SHAHDOL,0.0696,DFO
FP/MP/ROAD/5551/2020,MP,Madhya Pradesh,son bridge khadbada kumhari via amarpur road,Road,EEPWD BRIGE REWA,1.124,Disposed
FP/MP/IRRIG/143864/2021,MP,Madhya Pradesh,Kopra Medium Project,Irrigation,WATER RESOURCES DIVISION NO ONE  SAGAR,268.39,Draft
FP/MP/Others/6681/2022,MP,Madhya Pradesh,PQ Size Core drilling in Mohar Diamond Exploration Block,Others,NMDC LIMITED,0.5,Disposed
FP/MP/ROAD/36342/2018,MP,Madhya Pradesh,Up-gradation / Four laning of stretch form km 8.300 to km 20.740 (total length 12.440 km) on Obedullaganj-Betul Section of NH- 69 in the state of Madhya Pradesh.,Road,National Highways Authority of India,14.116,Disposed
FP/MP/OFC/5427/2020,MP,Madhya Pradesh,Laying of OFC from Panna-Lalar NOFN Project By BSNL in Panna Tiger Reserve (MP)old Forest Clearance Proposal NO (FP/MP/Others/35250/2018),Optical Fibre Cable,BHARAT SANCHAR NIGAM LIMITED PANNA,1.53,Disposed
WL/MP/SCH/421570/2023,MP,Madhya Pradesh,Aanganwadi building,SCH,,0.0625,Migrated to Parivesh 2
FP/MP/ROAD/6492/2022,MP,Madhya Pradesh,Wildlife Clearance of Itarsi Betul Road at three Tiger Corridor Locations,Road,National Highways Authority of India,0.0,Disposed
FP/MP/ROAD/51020/2020,MP,Madhya Pradesh,Mayapur Khuteli Lauar road to Bichhari Under Package No MP41209,Road,GM MPRRDA PIU SIDHI,0.48,Disposed
FP/MP/ROAD/4708/2019,MP,Madhya Pradesh,Bharat net phase-2 project work in Kanha National Park (Core Zone) BAIHAR Block By BSNL Balaghat (MP),Road,"BSNL, BALAGHAT",0.54,Disposed
FP/MP/Others/63/2015,MP,Madhya Pradesh,Civil Airport in sada area,Others,PMGSY ID UTTARKASHI,800.0,Disposed
FP/MP/Pipeline/5573/2020,MP,Madhya Pradesh,Laying of water supply pipe line Under Tendukheda-Jabera  Multi village rural water supply scheme,Pipeline,MP JAL NIGAM MARYADIT,0.30825,Disposed
FP/MP/Others/6657/2022,MP,Madhya Pradesh,PQ Size Core drilling in Amanganj  Diamond Exploration Block,Others,NMDC LIMITED,0.2,Disposed
WL/MP/Pipeline/423646/2023,MP,Madhya Pradesh,Laying Natural Gas Pipeline along with OFC Cable across Tiger Corridor,Pipeline,,1.3583,Disposed
FP/MP/ROAD/121709/2021,MP,Madhya Pradesh,Gulganj - Amanganj (NH-43Ext.) KM 43.00 to KM 77.00 under Panna Reserve Tiger Buffer Zone,Road,NHPWD DIV SAGAR (MORTH),31.9,Disposed
FP/MP/RAIL/6211/2022,MP,Madhya Pradesh,Katni-Singrauli Railway Doubling Project (Laying of Cable for Signal & Telecommunication,Railway,DY CHIEF ENGINEER WEST CENTRAL RAILWAY JABALPUR,0.64,Disposed
FP/MP/OFC/6018/2021,MP,Madhya Pradesh,Jio Digital Fiber Pvt Ltd OFC 4G Project  Gwalior-Ghatigaon route Son Bird Wild Life Sanctuary,Optical Fibre Cable,JIO DIGITAL FIBRE PRIVATE LTD,1.8,Disposed
FP/MP/WATER/6007/2021,MP,Madhya Pradesh,Madikheda Multi Village Water Supply Scheme Shivpuri (M.P.),Drinking Water,MP JAL NIGAM MARYADIT,3.37,Disposed
FP/MP/OFC/5831/2021,MP,Madhya Pradesh,Telesonic Network Ltd. OFC Project Mangli to MP/CG Border (Core area),Optical Fibre Cable,TELESONIC  NETWORK LIMITED.,0.35,Disposed
FP/MP/OFC/4349/2019,MP,Madhya Pradesh,Jio Digital Fibre Pvt. Ltd.Sagonia-Jhiri Bheda route(Ratapani Wild Life Core area) OFC 4G project,Optical Fibre Cable,JIO DIGITAL FIBRE PRIVATE LTD,0.3475,Disposed
FP/MP/TRANS/4094/2019,MP,Madhya Pradesh,765 kV Double Circuit Vindhyachal Pooling Varanasi Transmission Line,Transmission Line,POWERGRID VARANASI TRANSMISSION SYSTEM LIMITED,38.0292,Disposed
FP/MP/OFC/4536/2019,MP,Madhya Pradesh,Reliance Jio Infocomm Ltd OFC 4G Project Satanwara-Narwar route,Optical Fibre Cable,RELIANCE JIO INFOCOM LTD.,0.4,Disposed
FP/MP/OFC/5448/2020,MP,Madhya Pradesh,Laying of OFC line NOFN Project by BSNL GIB Wildlife Sanctuary,Optical Fibre Cable,BSNL GWALIOR,0.205,Disposed
FP/MP/OFC/5449/2020,MP,Madhya Pradesh,GIB Wildlife Sanctuary Ghatigaon Laying of OFC line NOFN Project by BSNL Proposed.,Optical Fibre Cable,BSNL GWALIOR,1.86,Disposed
FP/MP/OFC/6116/2021,MP,Madhya Pradesh,Jio Digital Fibre Pvt. Ltd. OFC 4G Project Khojipura to Bargawan Route Kuno National Park Core Area,Optical Fibre Cable,JIO DIGITAL FIBRE PRIVATE LTD,1.25,Pending With UA
FP/MP/TRANS/4196/2019,MP,Madhya Pradesh,220 KV Transmission Line for wind farm,Transmission Line,SPRNG VAYU VIDYUT PRIVATE LIMITED,10.51,Disposed
FP/MP/RAIL/4198/2019,MP,Madhya Pradesh,"Construction of Important Steel Girder Bridge for Mathura - Jhansi 3rd Railway Line Project on Chambal River in Revenue Village – Naikpura, District – Morena, Madhya Pradesh.",Railway,RAIL VIKAS NIGAM LIMITED,1.34,Disposed
FP/MP/OFC/5258/2020,MP,Madhya Pradesh,Telesonic Network Ltd OFC project Kurawar-Biaora route Chidikho Wild Life Sanctuary core area,Optical Fibre Cable,TELESONIC  NETWORK LIMITED,0.6,Disposed
FP/MP/ROAD/5570/2020,MP,Madhya Pradesh,PMGSY Belaha Mahua to Naudhiya Devarth (Manwari),Road,MADHYA PRADESH RURAL ROAD DEVELOPMENT AUTHORITY PROJECT IMPLEMENTATION UNIT SIDHI,0.236,Disposed
FP/MP/Pipeline/6646/2022,MP,Madhya Pradesh,Waidhan 2 Multi Village Rural Water Supply Scheme,Pipeline,MADHYA PRADESH JAL NIGAM MARYADIT,89.669,Disposed
FP/MP/OFC/5373/2020,MP,Madhya Pradesh,Telesonic Network Ltd.OFC Project Rajakhedi-Kesli-Deori-Tendukheda route Noradehi Wild life sanctuary,Optical Fibre Cable,TELESONIC  NETWORK LTD.,1.0,Disposed
FP/MP/RAIL/6040/2021,MP,Madhya Pradesh,Construction of Important Bridge on Gopad River in connection with Sidhi Singrauli New B.G.Rail line.,Railway,DY CHIEF ENGINEER WEST CENTRAL RAILWAY JABALPUR,11.94,Disposed
WL/MP/Pipeline/404921/2022,MP,Madhya Pradesh,Laying Natural Gas Pipeline along with OFC Cable across Tiger Corridor,Pipeline,,1.3583,Migrated to Parivesh 2
FP/MP/WATER/6256/2022,MP,Madhya Pradesh,Karanpura 1 mvrwss Dist. Umaria and Katni,Drinking Water,MADHYA PARDESH JAL NIGAM MARYADIT JABALPUR,0.229,Disposed
FP/MP/ROAD/6562/2022,MP,Madhya Pradesh,Construction/strengthening and Bituminous work of approcah road  of Parbati Dam,Road,BHUPENDRA SINGH,0.97,Disposed
FP/MP/OFC/5363/2020,MP,Madhya Pradesh,Jio Digital Fiber Pvt.Ltd. OFC 4G Project Polaha-Lawakhedi route (Ratapani Tiger Reserve core area),Optical Fibre Cable,JIO DIGITAL FIBRE PRIVATE LTD,0.37,Disposed
FP/MP/ROAD/6362/2022,MP,Madhya Pradesh,"4 laning of Harda -Betul Section of National Highway (NH-47) from Temagav  km 30+000 to Chicholi km 81+000 (length-51.000 km)  under BHARATMALA  Pariyojana Economic Corridor (Phase- I) in three districts of Harda, Hoshangabad and Betul in the State of Madhya Pradesh on EPC Mode.",Road,PRASHANT PATHAK,14.575,Disposed
FP/MP/ROAD/156717/2022,MP,Madhya Pradesh,Construction of road from Gumanganj to Kudai Nehar under the scheme of MPRCP Distt. Panna M.P.,Road,MPRRDA PIU-I PANNA,0.9012,Disposed
FP/MP/ROAD/4490/2019,MP,Madhya Pradesh,Construction of road from Chainpur to Bhartipur,Road,MPPWD CAPITAL ZONE,3.03,Disposed
FP/MP/OFC/3994/2019,MP,Madhya Pradesh,Reliance Jio Infocomm Ltd OFC 4G Project Satanwara-Narwar route,Optical Fibre Cable,RELIANCE JIO INFOCOM LTD.,0.35,DFO
WL/MP/ROAD/414113/2023,MP,Madhya Pradesh,Gudalha to Madiyan road,ROAD,,0.0,Migrated to Parivesh 2
FP/MP/OFC/3971/2019,MP,Madhya Pradesh,Reliance Jio Infocomm Ltd OFC 4G project  Mukki - Khursipar (Baihar-MP/CG Border(Chilpi) )Route,Optical Fibre Cable,RELIANCE JIO INFOCOM LTD.,1.5,Pending With UA
FP/MP/ROAD/120435/2021,MP,Madhya Pradesh,Constrcution of Bypass on WESTERN side of Gwalior City (design km 0.000 to 27.800),Road,PDPIUGWALIOR,38.025,Disposed
FP/MP/Pipeline/5287/2020,MP,Madhya Pradesh,Damoh-Patera Multi village rural water supply scheme Phase-II,Pipeline,MP JAL NIGAM MARYADIT,0.7631,Disposed
FP/MP/OFC/5090/2020,MP,Madhya Pradesh,Singrampur to Jabera OFC,Optical Fibre Cable,Tele sonic Network Limited,0.2867,Disposed
FP/MP/OFC/5189/2020,MP,Madhya Pradesh,io Digital Fiber Pvt Ltd. OFC 4G project Lohda- MP/UP Border route,Optical Fibre Cable,JIO DIGITAL FIBRE PRIVATE LTD,2.25,Disposed
FP/MP/ROAD/6222/2022,MP,Madhya Pradesh,Rehabilitation & upgradation to four lane road from Km. 70.500 to 78.600 Km of NH-92 (new NH-719) in the State of Uttar Pradesh (M.P. Portion),Road,MORTH (NH-UP),1.5,Disposed
FP/MP/IRRIG/11717/2015,MP,Madhya Pradesh,Bhadari forest case,Irrigation,GOVT OF MADHYA PRADESH WATER RESOURCES DIVISION UMARIA,13.775,DFO_Migrated
FP/MP/Pipeline/5531/2020,MP,Madhya Pradesh,Niwadi Prithvipur Multi Village Rural Water Supply Scheme,Pipeline,EXECUTIVE ENGINEER PHED TIKAMGARH,0.966,Disposed
FP/MP/MIN/5998/2021,MP,Madhya Pradesh,DATODA STONE QUARRY,Mining,AGARWAL ENTERPRISES,2.0,Disposed
FP/MP/Others/5844/2021,MP,Madhya Pradesh,Proposal for Denotification Area 445.731 hactare land from the Sailana Sanctuary District Ratlam.,Others,SUPERINTEND SAILANA SANCTUARY,445.731,Pending With UA
FP/MP/Others/6678/2022,MP,Madhya Pradesh,PQ Size Core drilling in Pathpura- Kishangarh Diamond Exploration Block,Others,NMDC LIMITED,0.6,Disposed
FP/MP/Others/6679/2022,MP,Madhya Pradesh,PQ Size Core drilling in Hathnitor Pahar Diamond Exploration Block,Others,NMDC LIMITED,0.7,Disposed
FP/MP/Others/4469/2019,MP,Madhya Pradesh,Sindh Phase-II small hydro power project.,Others,KKK GREEN PROJECT PVT LTD,1.564,Disposed
FP/MP/WATER/6132/2021,MP,Madhya Pradesh,Chambal Kanera Lift Irrigation and Drinking Scheme.,Drinking Water,EE  WRD BHIND,0.95,Disposed
FP/MP/OFC/43787/2020,MP,Madhya Pradesh,"NOFN (National Opitcal Fiber Network) D.E. Phones-II in Gram Panchayat Khapriya Khapa, Obedullaganj Block.",Optical Fibre Cable,PGMTD BSNL BHOPAL,0.158,Disposed
FP/MP/Others/5843/2021,MP,Madhya Pradesh,Proposal for Denotification 342.398 hactare area from Sailana Sanctuary Ratlam,Others,SUPERINTEND SAILANA SANCTUARY,342.398,Pending With UA
WL/MP/Pipeline/421010/2023,MP,Madhya Pradesh,Madikheda MVS,Pipeline,,14.07,Migrated to Parivesh 2
FP/MP/TRANS/3905/2019,MP,Madhya Pradesh,220 KV Transmission Line for Prithamnagar wind Farm,Transmission Line,KSHEMA POWER & INFRASTRUCTURE CO PVT LTD,8.75,Disposed
FP/MP/MIN/3966/2019,MP,Madhya Pradesh,"Diamond Mining Project, Panna",Mining,NMDC LIMITED DMP PANNA,275.963,Disposed
FP/MP/ROAD/51648/2020,MP,Madhya Pradesh,Construction of missing link of Balakot-Charai-Manka Road,Road,EE PWD DAMOH,0.915,Pending With UA
FP/MP/ROAD/5182/2020,MP,Madhya Pradesh,NH-75 harsa mod to salaiya,Road,MPRRDA PIU-I PANNA,5.4,Disposed
FP/MP/TRANS/4858/2020,MP,Madhya Pradesh,132 kv Prithvipur-Orchha line,Transmission Line,MPPTCL JABALPUR,13.23,Disposed
FP/MP/Others/6129/2021,MP,Madhya Pradesh,partial de-notification of land of National Chambal Sanctuary,Others,SUPERINTENDENT DEORI NCS,292.39,Disposed
FP/MP/OFC/5463/2020,MP,Madhya Pradesh,Jio Digital Fiber Pvt.Ltd. OFC 4G Project Damoh-Kudpura route (Noradehi ),Optical Fibre Cable,JIO DIGITAL FIBRE PRIVATE LTD,0.8,Disposed
FP/MP/Others/5589/2021,MP,Madhya Pradesh,Proposal for Denotification of 34812.177 ha. land from the Sardarpur Kharmor Sanctuary Dhar.,Others,SUPERINTENDENT KHARMOR SANCTUARY SARDARPUR DIST. DHAR,34812.177,Disposed
WL/MP/Pipeline/416706/2023,MP,Madhya Pradesh,"Retrofitting Piped Water Supply Scheme, Indergarh",Pipeline,,0.0307,Migrated to Parivesh 2
WL/MP/Pipeline/416710/2023,MP,Madhya Pradesh,"Retrofitting Piped Water Supply Scheme, Devgarh",Pipeline,,0.0785,Migrated to Parivesh 2
FP/MP/Others/3900/2019,MP,Madhya Pradesh,Proposal for denotifcation of 11173 ha. land from the Son Chiriaya Hukna Bird (Great indian bustard) Sanctuary Ghatigaon Gwalior.,Others,DIVISIONAL FOREST OFFICE GWALIOR,11173.0,Disposed
FP/MP/Pipeline/149550/2021,MP,Madhya Pradesh,MAJGAIN MVRWSS,Pipeline,EXECUTIVE ENGINEER PUBLIC HEALTH ENGINEERING DIVISION,0.1204,Disposed
FP/MP/MIN/48/2015,MP,Madhya Pradesh,Balaji Developers Stone Querry on Private Land at Kevadiya village Indore MP,Mining,BALAJI DEVELOPERS,0.0,Disposed
FP/MP/ROAD/4601/2019,MP,Madhya Pradesh,Construction of road from Harigarh to Dantla,Road,"GM, MPRRDA, MANDSOUR",2.0,Disposed
FP/MP/WATER/5699/2021,MP,Madhya Pradesh,Water Supply Scheme of Karera town,Drinking Water,MADHYA PRADESH URBAN DEVELOPMENT COMPANY LIMITED,0.4434,Disposed
FP/MP/Others/6121/2021,MP,Madhya Pradesh,partial denotification of land of national Chambal Sanctuary,Others,SUPERINTENDENT DEORI NCS,230.9,DFO
FP/MP/Others/6123/2021,MP,Madhya Pradesh,partial denotification of land of national Chambal Sanctuary,Others,SUPERINTENDENT BHIND,20.9,DFO
FP/MP/Others/6124/2021,MP,Madhya Pradesh,partial denotification of land of national Chambal Sanctuary,Others,SUPSHEOPURNCS18@GMAIL.COM,40.59,DFO
FP/RJ/MIN/1109/2016,RJ,Rajasthan,Rajpura Sandstone mine (64/1995),Mining,MS SB STONE,0.0,Draft
FP/RJ/MIN/1215/2017,RJ,Rajasthan,Sandstone mine (M.L No. 58/1989),Mining,MISS RATAN KANWAR,0.0,Draft
FP/RJ/MIN/1230/2017,RJ,Rajasthan,Gudha Sand Stone Mining Project(M. L.No.- 256/1998),Mining,SMT. RATAN KANWAR GURJAR,0.0,Draft
FP/RJ/MIN/1242/2017,RJ,Rajasthan,Parana Sand Stone Mining Project 175/1996,Mining,MS HARIHAR STONE,0.0,Draft
FP/RJ/MIN/1263/2017,RJ,Rajasthan,Sandstone mine  (15/2008),Mining,MS GANESH STONE,0.0,Draft
FP/RJ/MIN/1308/2017,RJ,Rajasthan,Lambakhoa Sandstone mine Ml. No. (15/2003),Mining,SHRI PRAHLAD DHAKAD,0.0,Draft
FP/RJ/MIN/1555/2017,RJ,Rajasthan,RAJPURA SANDSTONE MINING PROJECT M.L. NO. 133/1995,Mining,MS SHRI ARIHANT STONE,0.0,Draft
FP/RJ/MIN/2214/2018,RJ,Rajasthan,Parana Sand Stone mining Project (M.L. no. 960/91),Mining,M/S SHREE LAXMI STONE,0.0,Draft
FP/RJ/MIN/2368/2018,RJ,Rajasthan,Sandstone mine ML No. 287/1989,Mining,SHRI ALTAF HUSAAIN,0.0,Draft
FP/RJ/MIN/2374/2018,RJ,Rajasthan,Sandstone mine (M.L No. 128/2008),Mining,M/S JAI BASOTI MAA,0.0,Draft
FP/RJ/MIN/2385/2018,RJ,Rajasthan,Dabi Sand Stone mining Project (M.L. no. 334/2005),Mining,M/S NAVDEEP STONE,0.0,Draft
FP/RJ/OFC/6167/2021,RJ,Rajasthan,“Laying of Underground Optical Fiber Cable M/s Telesonic Networks Limited Along the Road Within the Existing Row from Pandoori to Mount Abu District -Sirohi (Rajasthan)”,Optical Fibre Cable,TELESONIC NETWORKS LIMITED,0.9468,Disposed
FP/RJ/OFC/6168/2021,RJ,Rajasthan,"“Laying of Underground Optical Fiber Cable M/s Telesonic Networks Limited Along the Road Within the Existing Row from Khoohdi to Damodara Via- Bida , Sum ,Kanoi in Desert National Park. District -Jaisalmer (Rajasthan)”",Optical Fibre Cable,TELESONIC NETWORKS LIMITED,2.2563,Disposed
FP/RJ/TRANS/23277/2016,RJ,Rajasthan,Construction of 11 Kv S/C Transmission Line Shivshakti Stone Crusher Crossing Point Jhinjhari to Bhabhan Village End Poiint,Transmission Line,JODHPUR VIDHYUT VITRAN NIGAM LTD,2.6768,Disposed
FP/RJ/ROAD/2479/2018,RJ,Rajasthan,CM ANNOUNCEMENT CONST OF BT ROAD SANGAD SAM  TO SAWROOP KHAN HOUSE,Road,PUBLIC WORKS DEPARTMENT RAJASTHAN JAIPUR,3.0,DFO
FP/RJ/Others/6712/2022,RJ,Rajasthan,"Alteration (rationalization) in the boundaries  of notified buffer area of the Ramgarh Vishdhari Tiger Reserve, Bundi (Rajasthan)",Others,DEPUTY CONSERVATOR OF FOREST BUNDI,539.782,Disposed
FP/RJ/MIN/3477/2018,RJ,Rajasthan,KOTRI-CHECHAT LIMESTONE MINING PROJECT PLOT NO 05,Mining,M/S P.C. BANGUR MINERALS LTD.,0.0,Pending at CWLW for Final Disposal
FP/RJ/ROAD/2529/2018,RJ,Rajasthan,Construction of Road Repair Approach to Bharathari  Ji  Km 00 to 2/500,Road,PWD DN I ALWAR,1.375,Pending With UA
WL/RJ/ROAD/422620/2023,RJ,Rajasthan,Construction of road Roteda To mandawara,ROAD,,7.435,Migrated to Parivesh 2
FP/RJ/MIN/4732/2019,RJ,Rajasthan,Proposal Silica Sand Mining Project M.L.No. 2/92 area 4.26 Ha. near village Manjhora Teh. Sapotera Dist Karauli Rajasthan,Mining,DURGA PRASAD AGRAWAL,0.0,Pending With UA
FP/RJ/MIN/3535/2018,RJ,Rajasthan,BHAWANIPURA SANDSTONE & KHANDA MINING PROJECT REF. NO 201810000631 SHRI NANDA KARAD,Mining,NANDA KARAD,0.0,Pending With UA
FP/RJ/MIN/3742/2018,RJ,Rajasthan,"CHECHAT LIME STONE (BUILDING STONE) MINING PROJECT ML NO. 10/2012, LEASE AREA 4.0 HACT. FOR SH. SARVJEET SINGH ANAND",Mining,SHRI SARVJEET SINGH,0.0,Disposed
FP/RJ/MIN/3743/2018,RJ,Rajasthan,"CHECHAT LIME STONE (BUILDING STONE) MINING PROJECT ML NO. 18/1992, LEASE AREA 25.0 HACT. FOR SARVJEET SINGH ANAND",Mining,SHRI SARVJEET SINGH,0.0,Disposed
FP/RJ/THE/164/2015,RJ,Rajasthan,"KOTA SUPER THERMAL POWER STATION, RVUN, KOTA Stage-2",Thermal,RRVU NIGAM LTD,124.82,Disposed
FP/RJ/THE/165/2015,RJ,Rajasthan,"KOTA SUPER THERMAL POWER STATION, RVUN, KOTA Stage-3",Thermal,RRVU NIGAM LTD,62.41,Disposed
FP/RJ/THE/166/2015,RJ,Rajasthan,"KOTA SUPER THERMAL POWER STATION, RVUN, KOTA Stage-4",Thermal,RRVU NIGAM LTD,57.952,Disposed
FP/RJ/THE/167/2015,RJ,Rajasthan,"KOTA SUPER THERMAL POWER STATION, RVUN, KOTA Stage-5",Thermal,RRVU NIGAM LTD,57.952,Disposed
FP/RJ/Others/2468/2018,RJ,Rajasthan,: Reliance 4G Project,Others,Jio Digital Fibre Private Limited,0.25695,Disposed
FP/RJ/Others/2470/2018,RJ,Rajasthan,"To lay the OPTICAL Fibre cable to connect Atal Seva Kendras  ( Maharajpur, Nibhera, Rahar and Daulatpura Gram Panchayat ) for  Providing Broadband Connectivity  from Maharajpur to Rahar  & Daulatpura to Tekhuti under   BharatNet  Project of Govt. Of India",Others,BSNL SAWAIMADHOPUR,1.3737,Disposed
FP/RJ/IRRIG/47910/2020,RJ,Rajasthan,"Construction of Mansa Mata Anicut, village Kho, G.P.  Manaksas, Tehsil Udaipurwati, District Jhunjhunu",Irrigation,"WATER RESOURCES DEPARTMENT,DIVISION,SIKAR",0.533,DFO
FP/RJ/Others/2537/2018,RJ,Rajasthan,Laying of Optical Fibre Cable From Rampura-Maharajpura to Nitata  for  Reliance Jio  Infocomm Limited,Others,RELIANCE JIO INFOCOMM LIMITED RAJASTHAN,0.2112,Draft
FP/RJ/Others/2539/2018,RJ,Rajasthan,"Laying Optical Fibre Cable From Dhand to Nimbi , Reliance Jio  Infocomm Limited",Others,RELIANCE JIO INFOCOMM LIMITED RAJASTHAN,0.1059,Disposed
FP/RJ/Others/5273/2020,RJ,Rajasthan,"Proposed Residential Scheme No. 13 by Urban Improvement Trust - Bhartapur, District - Bharatpur, Rajasthan.",Others,URBAN IMPROVEMENT TRUST,0.0,Disposed
WL/RJ/Others/416426/2023,RJ,Rajasthan,4G Saturation project of Government of India for 4G tower installation through BSNL for this uncovered village Bhoonjar Kalan of Rawatbhata,Others,,0.02,Migrated to Parivesh 2
FP/RJ/WATER/150690/2021,RJ,Rajasthan,"KALITEER LIFT SCHEME,DHOLPUR(RAJASTHAN)",Drinking Water,"SE,WRD, DHOLPUR (RAJ)",4.239,Disposed
FP/RJ/IRRIG/2676/2018,RJ,Rajasthan,"Khoh Minor Irrigation Project, Sapotra, District-Karauli (Raj.)”",Irrigation,WATER RESOURCE DEPARTMENT,18.54,Pending With UA
FP/RJ/MIN/2791/2018,RJ,Rajasthan,"Pitampura Masonary Stone Mining Project Plot No. 02, Area 1.000 Hact.",Mining,MANOJ KUMAR SHARMA,0.0,Disposed
FP/RJ/IND/1782/2017,RJ,Rajasthan,"NBWL Clearance for All units of DCM Shriram, Kota Complex at Shriram Nagar Industrial Area, Kota, Rajasthan.",Industry,DCM SHRIRAM LTD,0.0,Disposed
FP/RJ/Others/4553/2019,RJ,Rajasthan,"Kanha Hotels and Spa Pvt. Ltd. At Khasra No. 54,55 and 56 village Chimanpura Tehsil Amer Dist Jaipur",Others,KANHA HOTELS AND SPA LVT LTD,0.0,Disposed
FP/RJ/MIN/6085/2021,RJ,Rajasthan,M/s Shree Nakoda Grah Udhyog,Mining,SHREE NAKODA GRAH UDHYOG,0.0,Pending With UA
FP/RJ/MIN/6086/2021,RJ,Rajasthan,Tripal Singh S/o Jethu Singh,Mining,TRIPAL SINGH S/O JETHU SINGH,0.0,Draft
FP/RJ/MIN/2829/2018,RJ,Rajasthan,SHRI MANGAL MINES AND MINERALS,Mining,SHRI MANGAL MINES AND MINERALS,2.1568,Draft
FP/RJ/ROAD/6716/2022,RJ,Rajasthan,CONSTRUCTION OF RCC RETAINING WALL FOR SAFETY OF ROAD USERS AND RAIL TRUCK IN KM 294 ( IN MUKANDRA NATIONAL PARK) ON NH 12 (NEW NH 52) JAIPUR -JABALPUR ROAD  IN THE STATE OF RAJASTHAN,Road,EXECUTIVE ENGINEER PWD NH DIVISION KOTA,0.27,Pending at MoEFCC(WL)
FP/RJ/ROAD/6717/2022,RJ,Rajasthan,Construction of Approach Road and Vented Causeway on Chambal River from Dhiroli Ghat (Sawai Madhopur) to Ghatod Village (Kota) in the State of Rajasthan,Road,PUBLIC WORKS DEPARTMENT,2.4623,Pending With UA
FP/RJ/ROAD/5835/2021,RJ,Rajasthan,"Up Gradation of Existing Saran - Borimada - Guda Dhamawata Road From Km 0/000 to 6/000, Tehsil - Marwar Junction, District - Pali, Rajasthan",Road,PUBLIC WORKS DEPARTMENT DIVISION PALI,0.926,Pending With UA
FP/RJ/MIN/5164/2020,RJ,Rajasthan,"Shri Deependra Singh, Bhimana Masonary Stone Mining Project (Plot No 13/2018)",Mining,DEEPENDRA SINGH,1.0,Pending With UA
FP/RJ/MIN/5166/2020,RJ,Rajasthan,"M/s Shree Kalyan Enterprises, Bhimana Masonary Stone Mining Project (Plot No 12/2018)",Mining,KALYAN ENTERPRISES,1.0,Pending With UA
FP/RJ/MIN/5168/2020,RJ,Rajasthan,"Smt. Shweta Jyotiyana , Bhimana Masonary Stone Mining Project (Ref No- 2018100002157)",Mining,SMT. SHWETA JYOTIYANA,1.1518,Pending With UA
FP/RJ/MIN/5169/2020,RJ,Rajasthan,"Sh.Praveen Kumar Agrawal, Bhimana Masonary Stone Mining Project, Plot No.-11/2018",Mining,PRAVEEN AGRAWAL,1.0,Pending With UA
FP/RJ/MIN/5170/2020,RJ,Rajasthan,Sh. Praveen Kumar Agrawal Bhimana Masonary MIning Project Plot No.-19/2018,Mining,PRAVEEN AGRAWAL,1.0,Pending With UA
FP/RJ/MIN/5171/2020,RJ,Rajasthan,Sh. Praveen Kumar Agrawal Bhimana Masonary Stone Mining Project Plot No.-21/2018,Mining,PRAVEEN AGRAWAL,1.0,Pending With UA
FP/RJ/MIN/5172/2020,RJ,Rajasthan,BHIMANA MASONARY STONE MINING PROJECT PLOT No. 15/2018,Mining,BHANWAR KUNVAR,1.0,Pending With UA
FP/RJ/MIN/5268/2020,RJ,Rajasthan,LAKHERI LIMESTONE (BURNING) MINING PROJECT,Mining,MOHD HUSSAIN POA ANAS ALI,0.0,Pending With UA
FP/RJ/ROAD/2635/2018,RJ,Rajasthan,Renewal of Road From Gudha to Jaipur Via Andhi Jamwaramgarh road Km 47/0 to 53/0,Road,PUBLIC WORKS DEPARTMENT RAJASTHAN JAIPUR,3.708,Pending With UA
WL/RJ/Others/416290/2023,RJ,Rajasthan,4G Saturation project of Government of India for 4G tower installation through BSNL for this uncovered village Rajpura of Rawatbhata,Others,,0.0,Migrated to Parivesh 2
FP/RJ/OFC/3890/2019,RJ,Rajasthan,Laying Optical Fiber Cable From Khatkar to Pipliya Route,Optical Fibre Cable,DINESH ENGINEERS LIMITED,0.855,Pending With UA
FP/RJ/ROAD/148099/2021,RJ,Rajasthan,"“Construction of Gravel Road  from Approach Road Kishorpura to Dhani Ghatipura KM 0/00 to 0/950, at Village-Kishorpura, Tehsil–Udaipurwati ,District -Jhunjhunu (Rajasthan)”",Road,BLOCK DEVELOPMENT OFFICER,0.4095,Pending With UA
FP/RJ/Others/5577/2020,RJ,Rajasthan,Power connection to own khatedari land,Others,ANAVAR,0.1,Disposed
FP/RJ/MIN/3614/2018,RJ,Rajasthan,Masonry Stone Mining Project (10/2007);M/s Royal Luster Hotel & Resort Pvt Ltd,Mining,SUKHIYA DEVI,0.0,PENDING WITH-SG
FP/RJ/MIN/3634/2018,RJ,Rajasthan,Masonry Stone Mining Project (11/2007);M/s Royal Luster Hotel & Resort Pvt Ltd,Mining,ROYAL LUSTURE,0.0,PENDING WITH-SG
FP/RJ/Others/6665/2022,RJ,Rajasthan,"Wildlife Clearance for Development of Ecotourism Facilities in the Palighat area of National Chambal Sanctuary, District- Sawaimadhopur (Rajathan)”",Others,FOREST DEPARTMENT RAJASTHAN,9.0,Pending With UA
FP/RJ/RAIL/873/2016,RJ,Rajasthan,rehabilitation of existing cracked arch bridge no 150 of kota-nagda section,Railway,WCR/KOTA,0.5,Disposed
FP/RJ/Others/2490/2018,RJ,Rajasthan,Reliance 4G Project,Others,Jio Digital Fibre Private Limited,0.251775,Draft
FP/RJ/Others/911/2016,RJ,Rajasthan,Reliance 4G Project,Others,Jio Digital Fibre Private Limited,0.4725,Disposed
FP/RJ/TRANS/41653/2019,RJ,Rajasthan,"Construction of  33  KV  Transmission Line  From  Badli  Gss  to Gura, Tehsil- Kotra  District Udaipur (Raj) Total Route Lenth 6.327km",Transmission Line,AJMER  VIDYUT VITRAN NIGAM LIMITED,1.323,Pending With UA
FP/RJ/OFC/3552/2018,RJ,Rajasthan,Reliance jio 4g project.,Optical Fibre Cable,Jio Digital Fibre Private Limited,0.414,Pending With UA
FP/RJ/Others/150590/2021,RJ,Rajasthan,"Diversion of 466.592 ha. Forest land for Construction of New Green Field Airport Kota, District- Bundi in the State of Rajasthan",Others,AIRPORT AUTHORITY OF INDIA KOTA,0.0,Disposed
FP/RJ/ROAD/4203/2019,RJ,Rajasthan,Periodical Renewal from km 61/700 to km 69/565 on Shahpura- Alwar section of NH-248A,Road,"Chief Engineer (National Highway) Public Works Department, Government of Rajasthan",5.252,Pending With UA
FP/RJ/OFC/4206/2019,RJ,Rajasthan,Laying of Surface Optical Fiber Cable (OFC) along the road from km. 01.000 to 34.000 (in Mount Abu Wildlife Sanctuary),Optical Fibre Cable,FOXFIBE BROADNET PVT. LTD,0.034,Pending With UA
FP/RJ/ROAD/4208/2019,RJ,Rajasthan,STRENGTHENING AND WIDENING FROM 5.50 MTRS TO 7.0 MTRS FROM KM 8/00 TO 38/00 ON DAUSA TEHLA SARISKA ROAD SH-29A OF ALWAR DISTRICT IN STATE OF RAJASTHAN UNDER NCR PLANING BOARD.(BT OVERLAY ON EXISITNG ROAD 5.50 MTRS AT CHAINAGE KM 22+000-24+800 AND 7.0 MTRS AT KM 36+050-36+500),Road,PUBLIC WORKS DEPARTMENT NCRPB DIVISION RAJGARH,1.85,Draft
FP/RJ/Others/2536/2018,RJ,Rajasthan,Laying Optical Fibre Cable From Heerawala-to Andhi Bypass for  Reliance Jio  Infocomm Limited,Others,RELIANCE JIO INFOCOMM LIMITED RAJASTHAN,0.2439,Disposed
FP/RJ/VELEC/719/2016,RJ,Rajasthan,Jaipur Wax statue museum,Village Electricity,ANOOP SRIVASTAVA,0.07,Disposed
FP/RJ/MIN/5160/2020,RJ,Rajasthan,"M/s Krishna Crusher, Bhimana Masonary Stone Mining Project (Plot No 18/2018)",Mining,KRISHNA CRUSHER,1.0,Pending With UA
FP/RJ/MIN/5161/2020,RJ,Rajasthan,"M/s Krishna Crusher, Bhimana Masonary Stone Mining Project (Plot No 22/2018)",Mining,KRISHNA CRUSHER,1.0,Pending With UA
FP/RJ/MIN/5162/2020,RJ,Rajasthan,"M/s Krishna Crusher, Bhimana Masonary Stone Mining Project (Plot No 23/2018)",Mining,KRISHNA CRUSHER,1.0,Pending With UA
FP/RJ/MIN/5163/2020,RJ,Rajasthan,"Shri Naval Singh Ranawat, Bhimana Masonary Stone Mining Project (Plot No 14/2018)",Mining,NAVAL SINGH,1.0,Pending With UA
FP/RJ/WATER/112/2015,RJ,Rajasthan,Survey & Investigation work for transfer of water from Brahmini – Jawahar Sagar Dam to Bisalpur Dam,Drinking Water,PDCOR LIMITED,466.0,Disposed
FP/RJ/MIN/4940/2020,RJ,Rajasthan,"Smt. Shweta Jyotiyana , Bhimana Masonary Stone Mining Project  (Ref No-  2019100007879)",Mining,SMT. SHWETA JYOTIYANA,0.0,Pending With UA
FP/RJ/Others/4447/2019,RJ,Rajasthan,"“PERMISSION FOR ""CONSTURCTION OF GREEN FIELD HYBRIT TOWER (ID: No- I-RJ-JARR-ENB-9040 )RELIANCE JIO INFRATEL PRIVATE LIMITED”",Others,RELIANCE JIO INFRATEL PRIVATE LIMITED,0.0225,Pending With UA
FP/RJ/MIN/2480/2018,RJ,Rajasthan,"Pitampura Masonary Stone Mining Project Plot No. 01, Area 1.000 Hact.",Mining,MANOJ KUMAR SHARMA,0.0,Pending at CWLW for Final Disposal
FP/RJ/MIN/2483/2018,RJ,Rajasthan,"Pitampura Masonary Stone Mining Project Plot No. 04, Area 1.000 Hact.",Mining,KRISHANKANT SHARMA,0.0,Pending at CWLW for Final Disposal
FP/RJ/MIN/2484/2018,RJ,Rajasthan,Mining of Pitampura Masonary Stone (STP) Mining Project (Khasra  No. 177 ) STP Are 0.8566 Hact.,Mining,BRAJGOPAL CONSTRUCTION COMPANY PVT LTD,0.0,Pending at CWLW for Final Disposal
FP/RJ/MIN/2485/2018,RJ,Rajasthan,Mining of Pitampura Masonary Stone (STP) Mining Project (Khasra  No. 180 ) STP Area 0.5462  Hact.,Mining,BRAJGOPAL CONSTRUCTION COMPANY PVT LTD,0.0,Pending at CWLW for Final Disposal
FP/RJ/Canal/4280/2019,RJ,Rajasthan,Rehabilitation and modernization of bassi canal system,Canal,EXECUTIVE ENGINEER WATER RESOURCES DIVISION CHITTORGARH,0.00803,Disposed
FP/RJ/ROAD/2580/2018,RJ,Rajasthan,"Renewal of road from Karanpur-Mandrial road 0/0 to 10/0, 15/0 to 19/0, 26/0 to 29/0, 33/0 to 40/0 (MDR-3A)",Road,PUBLIC WORKS DEPARTMENT RAJASTHAN JAIPUR,3.6878,Disposed
FP/RJ/MIN/5263/2020,RJ,Rajasthan,Bada Pipliya Masonary Stones Mining Project M.L. No. 74/2005,Mining,SH. PARMINDER SINGH YADAV,1.0,Pending With UA
FP/RJ/MIN/5264/2020,RJ,Rajasthan,Bada Pipliya Masonary Stones Mining Project M.L. No. 73/2005,Mining,SH. PARMINDER SINGH YADAV,1.0,Pending With UA
FP/RJ/Others/5690/2021,RJ,Rajasthan,Power connection to own khatedari land,Others,SUNTA RAM,0.1,Pending at CWLW for Final Disposal
FP/RJ/MIN/3951/2019,RJ,Rajasthan,Dabi Sandstone mining project M.L. NO 265/2005 Shri Mangilal Rathor,Mining,MANGI LAL RATHORE,0.0,Pending With UA
FP/RJ/IRRIG/122392/2021,RJ,Rajasthan,Laying of Pipe Line From STP  to Along  SH_8 and  Soti Road in Beed   Jhunjhunu  used by Agricultural Proposes  Near by  Villages at District-Jhunjhunu  (Rajasthan),Irrigation,MUNICIPAL COUNCIL JHUNJHUNU,0.6926,Pending With UA
FP/RJ/ROAD/2488/2018,RJ,Rajasthan,CM ANNOUNCEMENT CONST OF BT ROAD SANGAD SAM ROAD TO SATTAR KHAN HOUSE,Road,PUBLIC WORKS DEPARTMENT RAJASTHAN JAIPUR,3.0,Disposed
FP/RJ/Others/692/2016,RJ,Rajasthan,LAYING OFC CABLE,Others,IDEA CELLULAR,0.351,Disposed
FP/RJ/TRANS/6690/2022,RJ,Rajasthan,"Laying for Under Ground 11KV  XLPE 185 mm Cable for Electrification of Existing Pole Kajalwas Main Gate to Kajalwas Duni , At Village-Dingor , Tehsil – Marwar Junction & District-Pali (Rajasthan)",Transmission Line,JODHPUR VIDYUT VITRAN NIGAM LIMITED,0.0622,Pending at CWLW for Final Disposal
FP/RJ/MIN/2954/2018,RJ,Rajasthan,Shri Ashok Jain Kardon Ka Gurha Quartz & Feldspar Mining Project  ML  No.-  17/2005,Mining,SHRI ASHOK JAIN,0.0,Pending With UA
FP/RJ/MIN/3023/2018,RJ,Rajasthan,Shri Gautam Jain Kardar Ka Gurha Quartz & Feldspar Mining Project  ML  No.-  10/1990 (R.M.L No.- 71/2011),Mining,SHRI GAUTAM JAIN,0.0,Pending With UA
FP/RJ/MIN/3077/2018,RJ,Rajasthan,Shri Ashok Jain  Khakha Ka Gurha Quartz & Feldspar Mining Project  ML  No.-  11/2005,Mining,SHRI ASHOK JAIN,0.0,Pending With UA
FP/RJ/MIN/3770/2019,RJ,Rajasthan,Shri Suresh Chandra Goyal  Atma Quartz & Feldspar Mining Project  ML  No.-  103/2007,Mining,SHRI SURESH CHANDRA GOYAL,0.0,Pending With UA
FP/RJ/Others/4698/2019,RJ,Rajasthan,"Repair work  Works at Pandupole (Alwar) under Spiritual Circuitby Ministry of Tourism , Government of India",Others,RAJASTHAN TOURISM DEVELOPMENT CORPORATION LIMITED,0.3643,Pending With UA
FP/RJ/MIN/1099/2016,RJ,Rajasthan,Dabi Sand Stone mining Project (M.L. no. 107/1990,Mining,M/S SINGHAL STONE COMPANY,0.0,Draft
FP/RJ/MIN/1189/2017,RJ,Rajasthan,Dabi Sandstone Mining Project (36/2003),Mining,M/S VIDHATA STONE,0.0,Draft
FP/RJ/MIN/1380/2017,RJ,Rajasthan,Naroli Sand Stone Mining Project (73/2008),Mining,NATWAR LAL GURJAR,0.0,Draft
FP/RJ/MIN/1491/2017,RJ,Rajasthan,Rajpura Sand Stone Mining Project (M.L. No.- 3/2008),Mining,M/S SHIV SHAKTI STONE,0.0,Draft
FP/RJ/MIN/1511/2017,RJ,Rajasthan,CHANT KA KHERA SANDSTONE MINING PROJECT (M.L. NO. 32/2004),Mining,M/S MATESHWARI STONE,0.0,Draft
FP/RJ/MIN/2267/2018,RJ,Rajasthan,Parana Sand Stone Mining Project (ML No. 359/1999),Mining,SHRI SHIV GOPAL SINGH,0.0,Draft
FP/RJ/MIN/2281/2018,RJ,Rajasthan,"Parana, Sand Stone mining Project (M.L. No. 664/1991)",Mining,SHRI MAHAMUD AHMED QURESHI,0.0,Draft
FP/RJ/MIN/2296/2018,RJ,Rajasthan,Bundi Sand Stone mining Project (M.L. no. 816/91),Mining,M/S BHAGYA LAXMI STONE SUPPLIERS,0.0,Draft
FP/RJ/MIN/2322/2018,RJ,Rajasthan,Gudha Sand Stone mining Project (M.L. no. 23/2003,Mining,SMT. VANDANAVIJAYVARGIYA,0.0,Draft
WL/RJ/OFC/422970/2023,RJ,Rajasthan,Laying of Underground OFC from New Ramgarh Mode to Amer-Kunda at Jaipur for JDFPL - 4G Project,OFC,,0.047,Migrated to Parivesh 2
FP/RJ/Others/32579/2018,RJ,Rajasthan,To lay the Optical Fibre cable from Andhi Mod to Mehangi Atal Seva Kendra under BHARATNET PROJECT,Others,BSNL JAIPUR,0.4169,Disposed
FP/RJ/OFC/4279/2019,RJ,Rajasthan,Laying of  Optical Fiber Cable Link No.5A along the road Badi Talab ch:00 to UpaliBadi  ch :700 meter (in Sujjangarh Wildlife Sanctuary) District – Udaipur ( Raj),Optical Fibre Cable,MINISTRY OF DEFENCE,0.0315,Pending With UA
FP/RJ/Others/5572/2020,RJ,Rajasthan,Power connection to own khatedari land,Others,RAN SINGH,0.1,Disposed
FP/RJ/Others/4427/2019,RJ,Rajasthan,"Repair work Works at Bharthari (Alwar) under Spiritual Circuitby Ministry of Tourism , Government of India",Others,RAJASTHAN TOURISM DEVELOPMENT CORPORATION LIMITED,0.0165,Pending With UA
FP/RJ/MIN/4429/2019,RJ,Rajasthan,"Silica Sand Mine M.L. No. 09/03 at village manoharpura, Karauli",Mining,RAMA MINERALS,0.0,DFO
FP/RJ/MIN/4432/2019,RJ,Rajasthan,"Silica Sand Mine M.L. No.26/08 at village manoharpura, Karauli",Mining,KUMAR INFRASTRUCTURE DEVELOPMENT PVT. LTD.,0.0,DFO
FP/RJ/Others/6305/2022,RJ,Rajasthan,"Wildlife Clearance for Tourist Facilities inside Fortified area of Nahargarh Fort  Department of Archaeology and Museums Rajasthan, Jaipur",Others,DEPARTMENT OF ARCHAEOLOGY AND MUSEUMS RAJASTHAN,21.255,Disposed
FP/RJ/Others/6306/2022,RJ,Rajasthan,"Wildlife Clearance for Tourist Facilities inside Amer Fort Premises, Department of Archaeology and Museums, Rajasthan, Jaipur",Others,DEPARTMENT OF ARCHAEOLOGY AND MUSEUMS RAJASTHAN,22.5,Disposed
FP/RJ/DISP/6307/2022,RJ,Rajasthan,"Development of Proposed Medical CollegeatDistrict Jail Campus, Ramnagar, District – Alwar, RajasthanMedical Education Department, Government of Rajasthan",Dispensary/Hospital,VADODARA,4.5,Disposed
FP/RJ/Others/691/2016,RJ,Rajasthan,CAFETARIA IN SAJJANGARH PALACE,Others,DCF WILDLIFE UDAIPUR,0.1,Disposed
FP/RJ/IND/201/2015,RJ,Rajasthan,Tanmay Dhyta Steel Concast Ltd,Industry,TANMAY DHAYATA STEEL CONCOST LTD,0.0,Disposed
FP/RJ/ROAD/4695/2019,RJ,Rajasthan,Patch Repair Sikar to Nokha Km 87/0 to 90/0,Road,EE PWD RATANGARH,1.485,Disposed
FP/RJ/MIN/2839/2018,RJ,Rajasthan,"CHECHAT LIME STONE (BUILDING STONE) MINING PROJECT ML NO. 176/2008, AREA 4.00 HACT.",Mining,HARBANS SETHI SUNDAR DAS SETHI,0.0,Disposed
FP/RJ/ROAD/6711/2022,RJ,Rajasthan,"Widening and strengthening of road from SH-20 to  Chhapar via Dewani, Rampur km 0.0 to 4.500.",Road,EE PWD RATANGARH,2.688,Disposed
FP/RJ/MIN/1121/2017,RJ,Rajasthan,Budhpura Sandstone mine Project (48/1990),Mining,M/S JITENDRA STONE,0.0,Draft
FP/RJ/MIN/1153/2017,RJ,Rajasthan,Ganeshpura Sand Stone Mining Project (ML No. 141/93),Mining,RAJNI GAUTAM,0.0,Draft
FP/RJ/MIN/1225/2017,RJ,Rajasthan,Rajpura Sandstone mine (M.L No.43/1994),Mining,M/S AMBE STONE COMPANY,0.0,Draft
FP/RJ/MIN/1226/2017,RJ,Rajasthan,Parana Sandstone Mining Project (M.L.No.-176/1996),Mining,SMT. REKHA YADAV,0.0,Draft
FP/RJ/MIN/1243/2017,RJ,Rajasthan,Sandstone mine ML.No 291/1994,Mining,M/S GANESH STONES,0.0,Draft
FP/RJ/MIN/2224/2018,RJ,Rajasthan,Dabi Sand Stone mining Project (M.L. no. 429/2005),Mining,M/S NATURAL STONE INTERNATIONAL KOTA,0.0,Draft
FP/RJ/MIN/2290/2018,RJ,Rajasthan,Bhawanipura Sand Stone mining Project (M.L. No.127/2005),Mining,SHRI SHIVLAL RATHORE,0.0,Draft
FP/RJ/MIN/2317/2018,RJ,Rajasthan,Sutra Sandstone mining Project (M.L. No. 69/2004),Mining,M/S BHOLENATH STONE,0.0,Draft
FP/RJ/MIN/2321/2018,RJ,Rajasthan,"Dabi Sand Stone mining Project (M.L. no. 68/2005, N/v Dabi Tehsil Talera Dist. Bundi",Mining,SHRI MOHAN LAL GURJAR,0.0,Draft
FP/RJ/Others/2524/2018,RJ,Rajasthan,Reliance 4G Project,Others,Jio Digital Fibre Private Limited,0.96093,Pending With UA
FP/RJ/WATER/20272/2016,RJ,Rajasthan,Fluoride Control Project  for Remaining Villages of Tehsil  Beawar,Drinking Water,PHED,2.5942,Disposed
FP/RJ/Others/6164/2021,RJ,Rajasthan,“Wildlife Permission for Eco-Development Activities at Nahargarh Wildlife Sanctuary Jaipur(Rajasthan)”,Others,GOVERNMENT OF RAJASTHAN FOREST DEPARTMENT,0.97,DFO
FP/RJ/Others/5563/2020,RJ,Rajasthan,Power connection to own khatedari land,Others,HUKAM SINGH,0.1,Disposed
FP/RJ/Others/5564/2020,RJ,Rajasthan,Power connection to own khatedari land,Others,SAJAN SINGH,0.1,Disposed
FP/RJ/MIN/1565/2017,RJ,Rajasthan,"SANDSTONE MINE VILLAGE – DHANESHWAR & SUTARA, TEHSIL & DISTRICT – BUNDI (RAJASTHAN)",Mining,KANHAIYA LAL RAMESHWAR DAS,0.0,Pending With UA
FP/RJ/ROAD/865/2016,RJ,Rajasthan,"patch repair work on SH-55 Gudha to jaipur via Jhiari, Andhi Jamwaramgarh KM 66/00 to 71/00",Road,PUBLIC WORKS DEPARTMENT RAJASTHAN JAIPUR,3.0,Disposed
FP/RJ/ROAD/161/2015,RJ,Rajasthan,NH-148D Gulabpura-Uniara,Road,National Highways Authority of India,10.8,Disposed
FP/RJ/MIN/1362/2017,RJ,Rajasthan,Sandstone mine  (ML No. 04/1996),Mining,HANUMAN STONE,0.0,Draft
FP/RJ/MIN/1469/2017,RJ,Rajasthan,Sandstone mine (309/2000),Mining,MS STAR STONE,0.0,Draft
FP/RJ/MIN/1470/2017,RJ,Rajasthan,Gudha Sandstone mining Project (20/2003),Mining,SMT. SAVITRI JAGETIA,0.0,Draft
FP/RJ/RAIL/4184/2019,RJ,Rajasthan,"Construction of Important Steel Girder Bridge for Mathura - Jhansi 3rd Railway Line Project on Chambal River in Revenue Village – Gher, District – Dholpur, Rajasthan.",Railway,RAIL VIKAS NIGAM LIMITED,8.405,Disposed
FP/RJ/MIN/3492/2018,RJ,Rajasthan,Shri Madhu Singh Rajput Devaji Ka Gurha Quartz & Feldspar Mining Project  ML  No.-  194/2008,Mining,SHRI MADHU SINGH RAJPUT,0.0,PENDING WITH-SG
FP/RJ/Others/2077/2018,RJ,Rajasthan,Reliance 4G Project,Others,Jio Digital Fibre Private Limited,0.93564,Disposed
FP/RJ/Others/518/2016,RJ,Rajasthan,Tulsi Palace Resort Pvt Ltd,Others,TULSI PALACE RESORT PVT LTD,0.0,Pending at Chief Wildlife Warden
FP/RJ/OFC/4739/2019,RJ,Rajasthan,JDFPL - 4G Projects,Optical Fibre Cable,Jio Digital Fibre Private Limited,0.743,Disposed
FP/RJ/ROAD/43232/2019,RJ,Rajasthan,"Permission to Use & Maintain Existing  Approach  Road From Old Delhi Gate (Existing Rasta Bavri ) to Boutique Hotel At Village- Amer ,Tehsil – Amer , District –Jaipur(Rajasthan)",Road,BOUTIQUE HOTELS INDIA  PRIVATE LIMITED,0.092,DFO
FP/RJ/MIN/1495/2017,RJ,Rajasthan,Naroli Sandstone mine (M.L.No.- 63/2009),Mining,SHRI MANMOHAN AJMERA,0.0,Draft
FP/RJ/MIN/2204/2018,RJ,Rajasthan,Gudha Sandstone Mine M.L. No. 89/2004,Mining,MS NEW PANCHMUKHI STONE COMPANY,0.0,Draft
FP/RJ/MIN/4019/2019,RJ,Rajasthan,"PIPAKHERI LIMESTONE(BUILDING STONE) MINE, M.L. NO. 26/2011, SHRI ATIQUR RAHAMAN",Mining,ATIQUR REHMAN,0.0,PENDING WITH-SG
FP/RJ/MIN/5125/2020,RJ,Rajasthan,GUWARI KHERA GRANITE MINING PROJECT MINING LEASE No. 80/2018 (Ref No. 2018100002062),Mining,SHRI VIRENDRA SINGH DEORA,1.0,Pending With UA
FP/RJ/MIN/5234/2020,RJ,Rajasthan,"Smt. Seema Agarwal, Selwara Marble Mining Project (ML No 198/89)",Mining,SMT SEEMA AGARWAL,1.0,Pending With UA
FP/RJ/MIN/5237/2020,RJ,Rajasthan,"Shri Yogesh Gupta, Selwara Marble Mining Project (ML No 197/89)",Mining,SHREE YOGESH GUPTA,1.0,Pending With UA
FP/RJ/OFC/4335/2019,RJ,Rajasthan,JDFPL,Optical Fibre Cable,Jio Digital Fibre Private Limited,0.3825,Pending With UA
FP/RJ/MIN/1096/2016,RJ,Rajasthan,Sandstone mine ML No. 146/2000,Mining,SHREE OM PRAKASH RATHORE,0.0,PENDING WITH-SG
FP/RJ/IRRIG/4445/2019,RJ,Rajasthan,"MAINTENANCE, RENOVATION,AND MODERNIZATION OF OLD CANAL SYSTEM OF JAISAMAND LAKE (NATURE OF WORK IS REPAIR),WRD , UDAIPUR, RAJASTHAN",Irrigation,WRD  UDAIPUR,13.398,Disposed
FP/RJ/MIN/950/2016,RJ,Rajasthan,Limestone (Building Stone) Mine ML no 22-93,Mining,FAIZAN JAMIL,0.0,Under Examination
FP/RJ/Others/1769/2017,RJ,Rajasthan,Vodafone Mobile Services Limited,Others,VODAFONE MOBILE SERVICES LIMITED,0.148,Disposed
FP/RJ/Others/862/2016,RJ,Rajasthan,LAYING OFC CABLE,Others,IDEA CELLULAR,0.5598,Disposed
FP/RJ/THE/159/2015,RJ,Rajasthan,"KOTA SUPER THERMAL POWER STATION, RVUN, KOTA",Thermal,RRVU NIGAM LTD,65.382,Disposed
FP/RJ/ROAD/6706/2022,RJ,Rajasthan,Periodic Renewal on NH-248A (Shahpura – Alwar-Ramgarh-Nuh-Gurgaon Road) from Km 62/00 to 65/700 & 66/100 to 69/565 in Alwar District under NH Division Jaipur in the State of Rajasthan,Road,"Chief Engineer (National Highway) Public Works Department, Government of Rajasthan",3.9408,Disposed
FP/RJ/TRANS/41962/2019,RJ,Rajasthan,"Construction of  33  KV  Transmission Line  From  Som to Daiya , Tehsil- Jhadol,  District Udaipur (Raj)",Transmission Line,AJMER  VIDYUT VITRAN NIGAM LIMITED,4.353,Pending With UA
FP/RJ/MIN/1086/2016,RJ,Rajasthan,Sandstone mine ML No. 284/2003,Mining,MS HEERA STONE,0.0,PENDING WITH-SG
FP/RJ/MIN/1091/2016,RJ,Rajasthan,Rajpura Sand Stone Mining Project (118/90),Mining,SMT. SUGNA BAI,0.0,Draft
FP/RJ/MIN/1136/2017,RJ,Rajasthan,Parana Sandstone mine 40/1994,Mining,SMT. SEEMA DEVI,0.0,Draft
FP/RJ/MIN/1173/2017,RJ,Rajasthan,Thari Sandstone Mining Project (ML No.-707/1991),Mining,SMT. RATAN KANWAR,0.0,Draft
FP/RJ/MIN/1187/2017,RJ,Rajasthan,Badpu Sand Stone Mining (M.L.No.- 24/2002),Mining,GOPAL LAL DHAKAR,0.0,Draft
FP/RJ/MIN/1214/2017,RJ,Rajasthan,Sandstone mine (M.L No. 1138/1991),Mining,SHRI SHANKAR LAL GURJAR,0.0,Draft
FP/RJ/MIN/1241/2017,RJ,Rajasthan,Dabi Sandstone mine ML No. - 23/2005,Mining,M/S NAKODA STONE COMPANY,0.0,Draft
FP/RJ/MIN/1309/2017,RJ,Rajasthan,BHAWANIPURA SAND STONE MINING PROJECT (348/2005) APPLICANT- M/S SHREE LAXMI STONE,Mining,M/S SHRI LAXMI STONE,0.0,Pending With UA
FP/RJ/MIN/2156/2018,RJ,Rajasthan,Gudha Sand Stone mining Project (M.L. No. 17/2002),Mining,SHRI RAM SINGH,0.0,Draft
FP/RJ/MIN/2219/2018,RJ,Rajasthan,Ganeshpura Sandstone Mine M.L. No. 70/2007,Mining,M/S SHUBHLAXMI MINERALS,0.0,Draft
FP/RJ/MIN/2253/2018,RJ,Rajasthan,BadpuSand Stone mining Project (M.L. no. 115/2003),Mining,SMT.SULOCHNA DHAKAR,0.0,Draft
FP/RJ/MIN/2254/2018,RJ,Rajasthan,Dabi Sand Stone mining Project (M.L. no. 427/2002),Mining,SHRI SURESH CHANDRA RATHORE,0.0,PENDING WITH-SG
FP/RJ/MIN/2277/2018,RJ,Rajasthan,Kolipura Sandstone Mining Project (M.L. No. 175/1994),Mining,SMT. PHEPHA BAI GURJAR,0.0,Draft
FP/RJ/MIN/2356/2018,RJ,Rajasthan,Lambkho Sandstone Mining Project (ML No. 15/2002),Mining,SMT. NEJU BAI GURJAR,0.0,Draft
FP/RJ/Others/6357/2022,RJ,Rajasthan,"Mobile Tower installation by Bharti Hexacom Limited in Private Land Patta No. 26 revenue Village – Khariya Jethwi, Tehsil  & District – Jaisalmer (Reference No. R/NN-634144 - IN-3064620)",Others,BHARTI HEXACOM LIMITED,0.0334,Disposed
FP/RJ/Others/6358/2022,RJ,Rajasthan,"Mobile Tower installation by Bharti Hexacom Limited in Private Land Patta No. 46, revenue Village – Katha, Tehsil  & District – Jaisalmer (Reference No. R/NN-626530 - IN-3126171)",Others,BHARTI HEXACOM LIMITED,0.0241,Disposed
FP/RJ/Others/6359/2022,RJ,Rajasthan,"Mobile Tower installation by Bharti Hexacom Limited in  Private Land Patta No. 15, revenue Village – Bida, Tehsil  & District – Jaisalmer (Reference No. R/NN-626377 - IN-3010434)",Others,BHARTI HEXACOM LIMITED,0.0188,Disposed
FP/KA/QRY/6268/2022,KA,Karnataka,"""Building Stone Quarry "" of Sri S.M.Patil",Quarrying,SANJEEVKUMAR PATIL,0.0,DFO
FP/KA/OFC/6242/2022,KA,Karnataka,Jio laying Optical Fiber Cable along the RoW of the road from Kalluru-Lingapura in Chincholi Taluk of Chincholi Wild Life area in Kalburgi District,Optical Fibre Cable,JIO DIGITAL FIBER PRIVATE LIMITED,0.407413,PENDING WITH-SG
FP/KA/TRANS/23117/2016,KA,Karnataka,"For laying / Establishment of 11 KV H/T AB Bunch Cable transmission line from Sulkeri Mogru to Panjala & Mallige enclosure passing through Naravi RF, Karkala Wildlife Division, Belthangady Taluk, D.K. District in favour of the Assistant Executive Engineer (Ele) MESCOM O&M Sub Division, Belthangady",Transmission Line,MANGALORE ELECTRICITY SUPPLY COMPANY LIMITED,0.0647,PENDING WITH-SG
FP/KA/IRRIG/32322/2018,KA,Karnataka,"For construction of Aqueducts in Sub-Distributary of Dy-3 in Sy.No. 76, 52 of Kudrehal Village and Sy.No.112 of Medleri Village and construction of Aqueduct in Dy-2 in Sy.No.10 of Yaklashapura and Sy.No. 151,154,155,158 & 181 of Airani Village in Ranibennur Taluk , Haveri District under UTP Main Canal in favour of EE, KNNL, UTP Division, Ranibennur",Irrigation,VISVESVARAYA JALA NIGAM LIMITED,2.0804,DFO
FP/KA/ROAD/6587/2022,KA,Karnataka,"For the improvement of the road from jaddinagdde to shamehakllu in sy. no: 1,8,170 of amasebailu village ,amasebaillu hobli, kundapura taluk. udupi district belongs to Amasebaiilu wild life range of kudremukha wildlife division,Karkala",Road,PANCHAYATH RAJ ENGINEERING DEPARTMENT,0.252,PENDING WITH-SG
FP/KA/QRY/6125/2021,KA,Karnataka,"""Building Stone Quarry "" of M/s V R Ballari & Company",Quarrying,V.R BALLARI,0.0,DFO
FP/KA/QRY/6126/2021,KA,Karnataka,"""Building Stone Quarry "" of M/s V R Ballari & company",Quarrying,V.R BALLARI,0.0,DFO
FP/KA/VELEC/18210/2016,KA,Karnataka,Adugundi Village Electrification,Village Electricity,EXECUTIVE ENGINEER  CESC  MADIKERI,0.04166,Disposed
FP/KA/VELEC/18158/2016,KA,Karnataka,Gonigadde Village Electrification,Village Electricity,EXECUTIVE ENGINEER  CESC  MADIKERI,0.04966,Disposed
FP/KA/VELEC/18154/2016,KA,Karnataka,Begur Hadi and Gadde Hadi Village Electrification,Village Electricity,EXECUTIVE ENGINEER  CESC  MADIKERI,0.10672,Disposed
FP/KA/QRY/6056/2021,KA,Karnataka,Building Stone Quarry of Sri. Srinivasarao S. Lingamaneni,Quarrying,SRI. SRINIVASARAO S. LINGAMANENI,0.0,DFO
FP/KA/QRY/6057/2021,KA,Karnataka,“Building Stone Quarry” of Sri. Srinivasarao S. Lingamaneni,Quarrying,SRI. SRINIVASARAO S. LINGAMANENI,0.0,DFO
FP/KA/QRY/3960/2019,KA,Karnataka,"“Multi Colour Granite Quarry” over an extent of 1-35 Acres at Sy No. 198, Dodda Koppa village, Kanakapura Taluk, Ramanagara District, Karnataka.",Quarrying,"M/S. MUNESHWARA GRANITES & EXPORTS CO,",0.0,Under Examination
FP/KA/TRANS/37833/2018,KA,Karnataka,Diversion of 0.2765Ha (say 0.3Ha) of Banthanal SF under Bannerghatta National Park for Construction of 765kv S/C Dharmapuri (Salem) Madhugiri (Tumkur) transmission line,Transmission Line,POWERGRID NM TRANSMISSION LTD,0.2765,Pending With UA
FP/KA/QRY/6122/2021,KA,Karnataka,"""Building Stone Quarry "" of Sri S R Ballari",Quarrying,SRI.  S. R. BALLARI,0.0,DFO
FP/KA/QRY/6263/2022,KA,Karnataka,"""Building Stone Quarry "" of Rajappa S Halagi",Quarrying,RAJAPPA HALAGI,0.0,DFO
FP/KA/Others/4366/2019,KA,Karnataka,"Residential Apartment Project by M/s. Sri Sai Associates at Sy No 24/2, 25/2, 27/3 & 27/4P Kaggalipura Village, Uttarahalli Hobli, Bangalore SouthTaluk, Bangalore Urban District.",Others,CONCORDE GROUP,0.0,DFO
FP/KA/MIN/4847/2020,KA,Karnataka,“Ordinary Sand Quarry” in patta land By Sri. Khaja Hussain,Mining,SRI. KHAJA HUSSAIN B,0.0,Disposed
FP/KA/VELEC/18484/2016,KA,Karnataka,Electrification of Udburkere Hadi Hamlet at Hunsur Division under DDG Scheme.,Village Electricity,CESC HUNSUR,0.05072,Disposed
FP/KA/VELEC/18479/2016,KA,Karnataka,Electrification of Thimmanahosahalli Hadi Hamlet at Hunsur Division under DDG Scheme.,Village Electricity,CESC HUNSUR,0.0565,Disposed
FP/KA/VELEC/18475/2016,KA,Karnataka,Electrification of Muleyur Hadi Hamlet at Hunsur Division under DDG Scheme.,Village Electricity,CESC HUNSUR,0.03945,Disposed
FP/KA/VELEC/18472/2016,KA,Karnataka,Electrification of Manimole Hadi Hamlet at Hunsur Division under DDG Scheme.,Village Electricity,CESC HUNSUR,0.0324,Disposed
FP/KA/VELEC/18467/2016,KA,Karnataka,Electrification of Golur Hadi Hamlet at Hunsur Division under DDG Scheme.,Village Electricity,CESC HUNSUR,0.10727,Disposed
FP/KA/VELEC/18454/2016,KA,Karnataka,Electrification of Bavalligadde Hadi Hamlet at Hunsur Division under DDG Scheme.,Village Electricity,CESC HUNSUR,0.05145,Disposed
FP/KA/VELEC/18452/2016,KA,Karnataka,Electrification of BalleHadi Hamlet at Hunsur Division under DDG Scheme.,Village Electricity,CESC HUNSUR,0.0972,Disposed
FP/KA/VELEC/18450/2016,KA,Karnataka,Electrification of Anemala Hadi Hamlet in Hunsur Division,Village Electricity,CESC HUNSUR,0.1512,Disposed
FP/KA/OFC/51672/2020,KA,Karnataka,"PROPOSAL OF JIO DIGITAL FIBER UNDERGROUND OFC CABLE LAYING in FOREST AREA ALONG THE   RIGHT OF WAY of NH/SH/OWD ROAD SIDE IN MADAMAKKI-NADUSALA, MUDRADY-VARANGA & KARVASE-KALASA OF KUDUREMUKHA DIVISION OF CHIKMAGALURU DISTRICT AND UDPUI DISTRICT",Optical Fibre Cable,JIO DIGITAL FIBER PRIVATE LIMITED,1.339,PENDING WITH-SG
FP/KA/Others/25957/2017,KA,Karnataka,Laying of OFC Cable Under Central Govt. NOFN Project,Others,BSNL GLB,0.2565,DFO
FP/KA/QRY/6311/2022,KA,Karnataka,Building Stone Quarry of SRI.NEELESH .G.MADARKHANDI,Quarrying,NEELESH MADARKHANDI,0.0,DFO
FP/KA/QRY/6118/2021,KA,Karnataka,"""Building Stone Quarry "" of Sri Ganesh Y Bankapur",Quarrying,SRI GANESH Y BANKAPUR,0.0,DFO
FP/KA/ROAD/3549/2018,KA,Karnataka,Construction of Bridge Across Sharavathi Backwaters Near Sigandhur in Sagar Taluk Shimoga District,Road,EXECUTIVE ENGINEER NATIONAL HIGHWAY DIVISION CHITRADURGA,9.888,PENDING WITH-SG
FP/KA/WATER/46172/2020,KA,Karnataka,"Laying of water pipeline & ancillary works, in forest land, in Bidoli, Amboli, Vadkal & Ulavi villages in Joida taluka of Uttarkannada District, for Irrigation, drinking water & ground water recharge in favour of ""Executive Engineer KNNL, Kalasa Project Division Khanapur Belagavi"".",Drinking Water,EXECUTIVE ENGINEER KNNL KALASA PROJECT DIVISON BELAGAVI,0.671,Pending at MoEFCC(WL)
FP/KA/QRY/6309/2022,KA,Karnataka,Building Stone Quarry of Ganesh.Y.Bankapur,Quarrying,GANESH BANKAPUR,0.0,DFO
FP/KA/QRY/6310/2022,KA,Karnataka,JYOTHI G BANKAPUR,Quarrying,JYOTHI BANKAPUR,0.0,DFO
FP/KA/Others/1700/2017,KA,Karnataka,KAIGA-5&6,Others,NPCIL,0.0,Disposed
FP/KA/IND/4837/2020,KA,Karnataka,"Comprising of augmentation of pulp mill and existing paper machines, installation of Multi-layer Coated Board Machine and installation of 35 MW steam turbine with 135 TPH FBC Boiler at West Coast Paper Mills Ltd, Dandeli, Karnataka by M/s. West Coast Paper Mills Limited",Industry,WEST COAST PAPER MILLS LTD.,0.0,PENDING WITH-SG
FP/KA/OFC/151170/2022,KA,Karnataka,Laying of OFC from Ramapuram to Marthalli,Optical Fibre Cable,JIO DIGITAL FIBER PRIVATE LIMITED,1.7936,PENDING WITH-SG
FP/KA/OFC/6689/2022,KA,Karnataka,FC proposal to lay Optic Fibre Cable in  IN GUDEKOTE SLOTH  BEAR  SANCTUARY (RAMDURGA-APPAYIANAHALLI) Stretch in  BELLARY  FOREST DIVISION in Bellary District,Optical Fibre Cable,JIO DIGITAL FIBER PRIVATE LIMITED,0.082,DFO
FP/KA/OFC/140929/2021,KA,Karnataka,Jio Digital Fiber Underground OFC Cable from Karkala to Sringeri  trough Reserve Forest in various villages of Chikkamagaluru and Udupi District.,Optical Fibre Cable,JIO DIGITAL FIBER PRIVATE LIMITED,0.76293,PENDING WITH-SG
FP/KA/QRY/6082/2021,KA,Karnataka,"""Building Stone Quarry "" Of M/s Shree Renuka Enterprises",Quarrying,M/S. SRI RENUKA ENTERPRISES,0.0,DFO
FP/KA/WATER/4761/2019,KA,Karnataka,FILLING OF TANKS IN YELBURGA AND KOPPAL TALUKAS OF KOPPAL DIST. FOR DRINKING PURPOSE,Drinking Water,MI & GWD DEPARTMENT,0.01,Disposed
FP/KA/QRY/6304/2022,KA,Karnataka,"""Ordinary Sand Quarry of Sri.Mahammadagous M Gadagoli",Quarrying,MAHHAMMADGOUSH GADAGOLI,0.0,DFO
FP/KA/QRY/2472/2018,KA,Karnataka,MULTI COLOUR GRANITE QUARRY,Quarrying,SRI PADMAVATHI BOVI SANGHA,0.0,PENDING WITH-SG
FP/KA/QRY/2478/2018,KA,Karnataka,MULTI COLOUR GRANITE QUARRY,Quarrying,MS TIRMUALA KALLUKUTIGARA SANGHAA,0.0,PENDING WITH-SG
FP/KA/TRANS/27085/2017,KA,Karnataka,66kV Hegganur line,Transmission Line,Karnataka Power Corporation Ltd.,2.124,DFO
FP/KA/OFC/60759/2020,KA,Karnataka,"laying JIO Optical Fiber Cable along the Right of Way in NH-PWD road from Kowdhalli-MMhillWL-Kurahatti-CauveryWL-Dhanthalli and Rampura-Ajjipura-MMHillsWL-DMSamudra-Hanur in Male Mahadeshwara Wild Life Division  and Cauvery Wild Life Division in Hanur Taluk, Chamarajanagar District.",Optical Fibre Cable,JIO DIGITAL FIBER PRIVATE LIMITED,0.5487,DFO
FP/KA/QRY/6202/2022,KA,Karnataka,"Building Stone Quarry Of M/s Adishakthi Stone Crusher , Partner : Vikram B Ballari",Quarrying,ADISHAKTI STONE CRUSHER,0.0,DFO
FP/KA/Others/34682/2018,KA,Karnataka,Thalassery - Valavupara road Kootupuzha Bridge,Others,EE KSTP KANNUR,0.177,Disposed
FP/KA/IND/4691/2019,KA,Karnataka,"M/s ACEBRIGHT (INDIA) PHARMA PVT. LTD., KIADB INDUSTRIAL AREA, JIGANI VILLAGE,  ANEKAL TALUK, BENGALURU",Industry,M/S ACEBRIGHT (INDIA) PHARMA PVT. LTD.,0.0,DFO
FP/KA/WATER/19533/2016,KA,Karnataka,Providing CWSS to Bukkasagara Devasamudra and other 5 Villages in Hospet Taluk Ballari District,Drinking Water,Assistant Executive Engineer,0.597,Disposed
FP/KA/QRY/6637/2022,KA,Karnataka,Odrinary Sand Block-01 of Sri. Hemagirish G Havinal at Korlahalli Village,Quarrying,HEMAGIRISH HAVINAL,0.0,DFO
FP/KA/QRY/6639/2022,KA,Karnataka,Odrinary Sand Block-02 of Sri. Hemagirish G Havinal at Korlahalli Village,Quarrying,HEMAGIRISH HAVINAL,0.0,PENDING WITH-SG
FP/KA/QRY/6640/2022,KA,Karnataka,Odrinary Sand Block-01 of Sri. Hemagirish G Havinal at Nagarahalli Village,Quarrying,HEMAGIRISH HAVINAL,0.0,PENDING WITH-SG
FP/KA/OFC/6076/2021,KA,Karnataka,Jio laying Optical Fiber Cable along the road from Karkala to Agumbe,Optical Fibre Cable,JIO DIGITAL FIBER PRIVATE LIMITED,0.633,PENDING WITH-SG
FP/KA/MIN/5930/2021,KA,Karnataka,“Natural Sand Quarry” of Sri. O. Mallikarjuna,Mining,SRI. O. MALLIKARJUNA,0.0,DFO
FP/KA/QRY/6046/2021,KA,Karnataka,“Building Stone Quarry” of Sri. Vikram B Ballari,Quarrying,SRI.  VIKRAM B BALLARI,0.0,DFO
FP/KA/QRY/6075/2021,KA,Karnataka,"""Building Stone Quarry"" of Sri. Anand M Nadagoudar",Quarrying,SRI. ANAND M NADAGOUDAR,0.0,DFO
FP/KA/WATER/149106/2021,KA,Karnataka,"PROVIDING FHTC'S TO BINKADAKATTI VILLAGE IN GADAG TALUK,SHINGATRAYANAKERI VILLAGE IN MUNDARAGI TALUK,KUSLAPUR,HOSUR,KADAKOL,M HOSALLI,KEREHALLI,ADRAHALLI AND MACHENAHALLI IN SHIRAHATTI TALUK OF GADAG DISTRICT THROUGH DBOT PACKAGE-2 OF MULTI VILLAGE  SCHEME IMPLEMENTATION UNDER JAL JEEVAN MISSION",Drinking Water,ZILLA PANCHAYAT GADAG,0.035,Pending at CWLW for Final Disposal
FP/KA/VELEC/5009/2020,KA,Karnataka,Laying of LT(Low Tension) Aerial Bunched Cable in Menasinahadya Tribal Colony in Kallugudde Village,Village Electricity,AEE MESCOM KOPPA,0.318,DFO
FP/KA/RAIL/34288/2018,KA,Karnataka,Tinaighat-Castlerock-Caranzol Railway doubling of South Western Railways(in the state of Karnataka),Railway,SOUTH WESTERN RAILWAY,9.564,DFO
FP/KA/OFC/152519/2022,KA,Karnataka,PROPOSAL OF JIO DIGITAL FIBER UNDERGROUND OFC CABLE LAYING   in  FOREST AREA  ALONG THE ROAD SIDE IN SUPA- ANASHI  & DANDELI-ANASHIi   IN Dandeli Wild Life Division KALI TIGER RESERVE OF  UTTAR  KANNADA,Optical Fibre Cable,JIO DIGITAL FIBER PRIVATE LIMITED,2.1385,DFO
FP/KA/QRY/6295/2022,KA,Karnataka,"""Building Stone Quarry "" of Sri.Prakash.G.Hegde",Quarrying,PRAKASH HEGDE,0.0,PENDING WITH-SG
FP/KA/QRY/6552/2022,KA,Karnataka,Building Stone Quarry of M/s. Welcome Entprises Prop . Sri. Manjunath R  Kabadi,Quarrying,WELCOME ENTERPRISES,0.0,DFO
FP/KA/REHAB/21487/2016,KA,Karnataka,Relocation of People from Devamachi and Maldare RFs and Nagarahole Tiger Reserve,Rehabilitation,DCF VIRAJPET,22.8,PENDING WITH-SG
FP/KA/HYD/2672/2018,KA,Karnataka,KHANDYA HYDEL SCHEME - 10 MW,Hydel,SLS GREEN POWER PVT LTD,0.0,Under Examination
FP/KA/IND/5495/2020,KA,Karnataka,"NBWL Clearance for the Exiting plant complex (Paper mill, printing and writing papers and boards, Captive Power Plant) located at Bangur Nagar Dandeli, Haliyal, Uttarkannada, Karnataka  by M/s. West Coast Paper Mills Limited",Industry,WEST COAST PAPER MILLS LTD.,0.0,PENDING WITH-SG
FP/KA/VELEC/18156/2016,KA,Karnataka,Bommadu Village Electrification,Village Electricity,EXECUTIVE ENGINEER  CESC  MADIKERI,0.1155,Disposed
FP/KA/VELEC/18152/2016,KA,Karnataka,Nagarahole Hadi Village Electrification,Village Electricity,EXECUTIVE ENGINEER  CESC  MADIKERI,0.04872,Disposed
FP/KA/RAIL/19023/2016,KA,Karnataka,New BG Railway Line between Hubli to Ankola,Railway,DEPUTY CHIEF ENGINEER,595.64,Disposed
FP/KA/TRANS/37754/2018,KA,Karnataka,LILO of One Ckt of Narendra(Existing)-Narendra(New) 400kV D/C Quad Transmission Line,Transmission Line,GOA TAMNAR TRANSMISSION PROJECT LIMITED,33.273,DFO
FP/KA/WATER/35135/2018,KA,Karnataka,"For gravity drinking water supply pipeline from Kithlemane Kodige, Hulugarbailu to Kigga at Chikmagalur District, Kudremukha WL  Division Karkala in favour of EE, KRIDL, Chikmagalur",Drinking Water,KARNATAKA RURAL INFRASTRUCTURE DEVELOPMENT LIMITED CHIKKAMAGALURU,0.3051,Disposed
FP/KA/MIN/6102/2021,KA,Karnataka,M/s Basaveshwar M-Sand and Stone Crusher,Mining,SRI BASAVESHWAR M-SAND AND STONE CRUSHER,0.0,DFO
FP/KA/QRY/6103/2021,KA,Karnataka,"""Building Stone Quarry "" of M/s Nandi Stone Crusher",Quarrying,M/S.  NANDI STONE CRUSHER,0.0,DFO
FP/KA/QRY/6252/2022,KA,Karnataka,"""Building Stone Quarry "" of Sri M/s Nandi Stone Crusher (Partner:Sri. Basavaraj G Veerapur)",Quarrying,NANDI STONE CRUSHERS,0.0,DFO
FP/KA/QRY/6253/2022,KA,Karnataka,Building Stone Quarry of M/s. Vijayalaxmi Stone Crusher (Prop: Sri. B.H. Kalal),Quarrying,BABURAO KALAL,0.0,DFO
FP/KA/MIN/6101/2021,KA,Karnataka,"""Multi Colour Granite Quarry"" of Sri M.N Manjunath",Mining,SRI M. N. MANJUNATH,0.0,DFO
FP/KA/Others/2222/2018,KA,Karnataka,CAGE CULTURE (AQUA CULTURE),Others,ASSISTANT DIRECTOR FISHERIES,1.0,PENDING WITH-SG
FP/KA/Others/2227/2018,KA,Karnataka,CAGE CULTURE (AQUA CULTURE),Others,ASSISTANT DIRECTOR FISHERIES,1.0,PENDING WITH-SG
FP/KA/QRY/6343/2022,KA,Karnataka,"“Building Stone Quarry” over an extent of 5-12 Acres in Sy. No.: 94/2 of Magadi Village, Shirahatti Taluk, Gadag District, Karnataka.",Quarrying,BASAVARAJ RAYAPUR,0.0,DFO
FP/KA/QRY/6344/2022,KA,Karnataka,Building stone quarry of Sri. Rajshekhar R Garag,Quarrying,RAJASHEKHAR GARAG,0.0,DFO
FP/KA/QRY/6345/2022,KA,Karnataka,Building stone quarry -2 of Sri. Rajshekhar R Garag,Quarrying,RAJASHEKHAR GARAG,0.0,DFO
FP/KA/Others/36486/2018,KA,Karnataka,"For laying of Under Ground water pipeline passing through Puradala Village Sy.No.21 of Puradala SF, Shetyhalli Wildlife Division, Shimoga for irrigation / agriculture purpose in favour of D.B Avinash.",Others,AVINASH D B,0.0642,Disposed
FP/KA/TRANS/147172/2021,KA,Karnataka,"Construction of 11 KV Transmission line From Konchavaram to Dharmasagar and Pedda Tanda to Venktapur Pedda Tanda to Anthwaram and Gopunaik Tanda cross to Sangapur under Nirantara Jyothi Yojane(NJY) In favour of Executive Engineer (EL) O&M Division, Sedam, Diversion of 10.3005 ha of forest land in Sy No.50/1, 70 & 63 of Lachmasagar, Sy No. 32 of Mom",Transmission Line,EXECUTIVE ENGINEER (ELE) O & M DIVISION GESCOM SEDAM,10.3005,Pending With UA
FP/KA/QRY/3996/2019,KA,Karnataka,Building Stone Quarry of A.M. Marularadhya,Quarrying,A M MARULARADHYA,0.0,PENDING WITH-SG
FP/KA/WATER/41470/2019,KA,Karnataka,"Laying of Water Pipe line and Water Tanks in the Bellary Forest Division, Chitradurga Forest Division and Tumakuru Forest Division for Drinking Water Supply Scheme To Rural Habitations And Town Of Pavagada Taluk In Tumkur District, Rural Habitations And Town Of Molakalmuru Taluk In Chitradurga District, Rural Habitations Of Challaker",Drinking Water,SUPERINTENDING ENGINEER RURAL WATER AND SANITATION DEPARTMENT BANGALORE CIRCLE BANGALORE,1.113,Disposed
FP/KA/QRY/3991/2019,KA,Karnataka,M.Kantharaju Ornamental stone,Quarrying,M KANTHARAJU,0.0,Under Examination
FP/KA/QRY/5614/2021,KA,Karnataka,Building Stone Quarry of Sri S H Patil,Quarrying,SHIVAYOGIGOUDA     H             PATIL,0.0,DFO
FP/KA/HYD/4729/2019,KA,Karnataka,Sharavathy Pumped Storage Project,Hydel,Karnataka Power Corporation Ltd.,877.507,Disposed
FP/KA/OFC/5852/2021,KA,Karnataka,Jio Digital Fiber Underground OFC Cable from Halsi - Londa to Karnataka/Goa Boarder trough Reserve Forest in various villages of Uttara Karnataka and Belgavi District.,Optical Fibre Cable,JIO DIGITAL FIBER PRIVATE LIMITED,0.3496,DFO
FP/KA/Others/5476/2020,KA,Karnataka,"construction of New Bridge Across Suligodu Hole at Sy No.103 of Kabbinale Village, Hebri Taluk, Udupi District, Karkala Wild Life Range, Kudremukh Wildlife Division in favour of the Executive Engineer, NH Division, PWP&IWTD Shimoga",Others,EXECUTIVE ENGINEER NATIONAL HIGHWAY DIVISION MANGALORE,0.0288,Pending at MoEFCC(WL)
FP/KA/Canal/37818/2018,KA,Karnataka,Diversion of 61 ha of forest land for construction of Tumkur Branch Canal of Upper Bhadra Project,Canal,VISVESVARAYA JALA NIGAM LTD,51.32,PENDING WITH-SG
FP/KA/ROAD/42755/2019,KA,Karnataka,"For improvement of Mud Road to CC Road from Kattinahole to Kodachadri Hill Top in Kodachadri & Chakra Forest , Modabare PF, Hosanagar, Sagar Range & Taluk, Sagar Division & Bynduru Range, Kundapura (T), Udupi (D) Karkala WL Division in favour of the Divisional Engineer, KRDCL, Shimoga.",Road,KARNATAKA ROAD DEVELOPMENT CORPORATION LIMITED,4.5053,Disposed
FP/KA/Approach/122371/2021,KA,Karnataka,Providing protection work to land slide portion of VUGPH road at ODY & PH road junction,Approach Access,KARNATAKA POWER CORPORATION LIMITED,0.0625,Pending With UA
FP/KA/IRRIG/15470/2015,KA,Karnataka,Construction of Aqueduct for Dy-2 under UTP Main canal,Irrigation,VISVESVARAYA JALA NIGAM LIMITED,0.9499,DFO
FP/KA/IRRIG/15454/2015,KA,Karnataka,Construction of Sub-Distributary under Distributary 3 of UTP Main canal,Irrigation,VISVESVARAYA JALA NIGAM LIMITED,0.9436,DFO
FP/KA/IRRIG/15471/2015,KA,Karnataka,Construction of Distributary No-2 (Aqueduct) of UTP Main canal,Irrigation,VISVESVARAYA JALA NIGAM LIMITED,0.21,DFO
FP/KA/IRRIG/1831/2017,KA,Karnataka,Modernization of Vijayanagara Channel System,Irrigation,KARNATAKA NEERAVARI NIGAM LIMITED,18.912,Disposed
FP/KA/OFC/50710/2020,KA,Karnataka,"laying JIO Optical Fiber Cable along the ROW of road from Kothegala-Mullur in Sargu Taluk, Mysore Diistict & Maddur-Noolpuzha,Siddaiahanapura-Bandipura & Bachahalli-Bandipura in Gundlupete Taluk, Chamarajanagar District, Bandipura Tiger Resrve",Optical Fibre Cable,JIO DIGITAL FIBER PRIVATE LIMITED,2.059,Pending at MoEFCC(WL)
FP/KA/ROAD/49295/2020,KA,Karnataka,Development of Bangalore Ring Road ((STRR) Phase-II NH-948A) from Ramanagara to Peddamadhagondapalli (Km 82.200 to 140.000) - 57.800 km in District Ramanagara and Bangalore Urban of Karnataka State and District Krishnagiri of Tamil Nadu State.,Road,NATIONAL HIGHWAYS AUTHORITY OF INDIA PIU BANGALORE EXPRESSWAY,11.0,Disposed
FP/KA/IRRIG/29905/2017,KA,Karnataka,"Construction of Jack well cum pump House and raising main for Kanderayanahalli tank filling in Haveri Division in favour of the Executive Engineer, KNNL, UTP Division, Ranebennur for meeting drinking water needs of nearby villages and ground water recharge",Irrigation,EE KNNL UTP DIVISION RANEBENNURU,0.7673,Draft
FP/KA/OFC/144741/2021,KA,Karnataka,"Laying Underground OFC cable all along Roght of Way of NH/SH/PWD/ Road from Biligalluru-Nagvalli in Biligalluru,Nadawada Bidaruru,Karumane,Mandhavalli,Aravadhi,Muddhane,Kanapagaru,Banukuli,Chennakonda, Thalale and Skakkarebyle Villages, Sagara, Shimogga and Thirthahalli Taluk of Shivamogga Wild Life (Sharavathi Wild Life and Sakkarebyle) in Shivam",Optical Fibre Cable,JIO DIGITAL FIBER PRIVATE LIMITED,1.303,PENDING WITH-SG
FP/KA/WATER/39356/2019,KA,Karnataka,"Construction of Jack well, Panel Room with allied components and laying of Pipe lines in Chliandavadi State Forest, Muguru State Forest, Bilikal State Forest for Providing Drinking Water supply for Kodihalli & 298 Habitations under DBOT in Kanakapura Taluka Ramanagara District”",Drinking Water,EXECUTIVE ENGINEER RDWSD RAMNAGARA,4.206,Disposed
FP/KA/QRY/3967/2019,KA,Karnataka,"“Black Granite Quarry” over an extent of 2-09 Acres at Sy No. 22, Doddaguli Village Kanakapura Taluk, Ramanagara District, Karnataka.",Quarrying,VIJAYALAKSHMI,0.0,Under Examination
FP/KA/QRY/3968/2019,KA,Karnataka,"Building Stone (M-Sand) Quarry” over an extent of 3-06 Acres at Sy No. 13(P), Ivagilu Village, Ramanagara Taluk & District, Karnataka.",Quarrying,M/S.   UNITED INFRA MINERALS PVT. LTD.,0.0,Under Examination
FP/KA/QRY/3970/2019,KA,Karnataka,"“Multi Colour Granite quarry” over an extent of 20-00 Acres at Sy No. 298, Nalahalli village, Uyyamballi Hobli, Kanakpura taluk, Ramanagara District, Karnataka",Quarrying,M/S.     EVERSHINE MONUMENTS,0.0,Under Examination
FP/KA/ROAD/4626/2019,KA,Karnataka,IMPROVEMENT OF KOODLU CONNETING ROAD IN NADPAL VILLEGE KARKALA TALUK,Road,AEE PWD KARKALA,0.45,DFO
FP/TN/WATER/38595/2019,TN,Tamil Nadu,Construction of Check Dam across Vairavanar River at Lower Camp in Uthamapalayam Taluk of Theni District to feed water supply for Madurai Corporation,Drinking Water,PERIYAR VAIGAI BASIN CIRCLE MADURAI,0.0,Disposed
FP/TN/IND/226/2015,TN,Tamil Nadu,Indane Bottling Plant,Industry,Indian Oil Corporation Limited (IOCL),0.0,Disposed
FP/TN/QRY/230/2015,TN,Tamil Nadu,ROUGH STONE QUARRY,Quarrying,TAMRAPARANI ENTERPRISES AND REALTY PRIVATE LIMITED,0.0,Disposed
FP/TN/QRY/574/2016,TN,Tamil Nadu,ROUGH STONE QUARRY by ANNAI VEILANKANNIS FOUNDATION,Quarrying,ANNAI VEILANKANNIS FOUNDATION,0.0,Disposed
FP/TN/MIN/524/2016,TN,Tamil Nadu,Gopinath Multicoloured Granite Krishnagiri,Mining,GOPINATH BLACK GRANITE,0.0,Under Examination
FP/TN/QRY/5607/2021,TN,Tamil Nadu,Mahalingam Quarry,Quarrying,MAHALINGAM QUARRY,0.0,Pending With UA
FP/TN/MIN/522/2016,TN,Tamil Nadu,Gopinath Black Granite Krishnagiri,Mining,GOPINATH BLACK GRANITE,0.0,Disposed
FP/TN/MIN/523/2016,TN,Tamil Nadu,Gopinath Black Granite Krishnagiri,Mining,GOPINATH BLACK GRANITE,0.0,Disposed
FP/TN/QRY/573/2016,TN,Tamil Nadu,Granite Quarry,Quarrying,SURIYA MINING SERVICES,0.0,Disposed
FP/TN/QRY/4073/2019,TN,Tamil Nadu,Suresh Rough Stone Quarry,Quarrying,JOSEPHBLUE,0.0,DFO
FP/TN/QRY/4075/2019,TN,Tamil Nadu,Mohamed Sherif Rough Stone Quarry,Quarrying,JOSEPHBLUE,0.0,DFO
FP/TN/QRY/4076/2019,TN,Tamil Nadu,Ajikumar Rough Stone Quarry,Quarrying,JOSEPHBLUE,0.0,DFO
FP/TN/QRY/2445/2018,TN,Tamil Nadu,ARUN ARAVIND,Quarrying,ARUN ARAVIND,0.0,DFO
FP/TN/Others/23908/2017,TN,Tamil Nadu,Laying OFC along Theni Mallapuram route,Others,Jio Digital Fibre Private Limited,0.19,Disposed
FP/TN/ROAD/4070/2019,TN,Tamil Nadu,Upgrading Melur–Thirupathur road (SH-191),Road,PROJECT DIRECTOR CKICP,8.49,DFO
FP/TN/QRY/1639/2017,TN,Tamil Nadu,G Perumal Rough stone quarry,Quarrying,G PERUMAL QUARRY,0.0,Disposed
WL/TN/CommPost/421459/2023,TN,Tamil Nadu,4G Saturation Project Gundri,CommPost,,0.0186,Migrated to Parivesh 2
FP/TN/QRY/776/2016,TN,Tamil Nadu,"Mr. Dinesh Polavarpu, Rough stone quarry",Quarrying,DINESH POLAVARPUR,0.0,Disposed
FP/TN/QRY/4057/2019,TN,Tamil Nadu,Rough Stone Quarry,Quarrying,ALEXPAUL KOOTTALIL,0.0,DFO
FP/TN/QRY/4059/2019,TN,Tamil Nadu,Anitha Raja Bai Rough Stone Quarry,Quarrying,ALEXPAUL KOOTTALIL,0.0,DFO
FP/TN/QRY/4060/2019,TN,Tamil Nadu,Dhas Rough Stone Quarry,Quarrying,ALEXPAUL KOOTTALIL,0.0,DFO
FP/TN/QRY/4061/2019,TN,Tamil Nadu,JEBA DHAS ROUGH STONE QUARRY,Quarrying,ALEXPAUL KOOTTALIL,0.0,DFO
FP/TN/QRY/4062/2019,TN,Tamil Nadu,GEORGE ANTONY QUARRY,Quarrying,ALEXPAUL KOOTTALIL,0.0,DFO
FP/TN/QRY/4064/2019,TN,Tamil Nadu,Rajeswaran Rough Stone Quarry,Quarrying,ALEXPAUL KOOTTALIL,0.0,DFO
FP/TN/QRY/6691/2022,TN,Tamil Nadu,"T.Pasupathi, Rough stone and Gravel Quarry Project",Quarrying,THANGAVEL PASUPATHI,0.0,DFO
FP/TN/MIN/33/2015,TN,Tamil Nadu,Nanjankulam Regrouped Limestone Mine (GO No. 526),Mining,M/s. THE INDIA CEMENTS LIMITED,0.0,Disposed
FP/TN/MIN/34/2015,TN,Tamil Nadu,Nanjankulam Regrouped Limestone Mine (GO No. 762),Mining,M/s. THE INDIA CEMENTS LIMITED,0.0,Disposed
FP/TN/MIN/35/2015,TN,Tamil Nadu,Nanjankulam Regrouped Limestone Mine (GO No. 813),Mining,M/s. THE INDIA CEMENTS LIMITED,0.0,Disposed
FP/TN/MIN/199/2015,TN,Tamil Nadu,TENKULAM LIMESTONE MINE (GO No. 257),Mining,M/s. THE INDIA CEMENTS LIMITED,0.0,Disposed
FP/TN/Others/31029/2017,TN,Tamil Nadu,"Installation of Solar Powered Aviation Obstruction Lights at the peak of Vallanadu Hills Vagaikulam, Thoothukudi",Others,Airports Authority of India,0.01,Disposed
FP/TN/QRY/288/2015,TN,Tamil Nadu,Multi Colour granite quarry,Quarrying,LOGANATHAN,0.0,Disposed
FP/TN/Others/3560/2018,TN,Tamil Nadu,Residential Building,Others,ROSZA MARIAH EDUCATIONAL SOCIETY,0.0,DFO
FP/TN/Others/24406/2017,TN,Tamil Nadu,Laying Optical Fiber Cable from Theppakkadu to  Moyar via Masinagudi in Mudumalai Tiger Reserve,Others,Jio Digital Fibre Private Limited,0.426,Disposed
FP/TN/IND/2581/2018,TN,Tamil Nadu,Qlife consumer products Pvt Ltd,Industry,QLIFE CONSUMER PRODUCTS PVT LTD,0.0,Under Examination
FP/TN/IND/1579/2017,TN,Tamil Nadu,Century Plyboards (India) Limited,Industry,CENTURY PLYBOARDS,0.0,Disposed
FP/TN/MIN/399/2015,TN,Tamil Nadu,"K.Krishnan, Grey Granite Krishnagiri",Mining,KRISHNAN GREY GRANITE,0.0,Disposed
FP/TN/ROAD/9818/2015,TN,Tamil Nadu,Four laning of NH-47B Nagercoil to Kavalkinaru,Road,NATIONAL HIGHWAY AUTHORITY OF INDIA TIRUNELVELI,0.88,Disposed
FP/TN/IND/755/2016,TN,Tamil Nadu,"Expansion of Carbon Black Plant (12,500 MTPM to 18750 MTPM) along with power plant (33.7 MW to 47 MW)",Industry,SKI CARBON BLACK INDIA PVT LTD UNIT HI TECH CARBON GUMMIDIPOONDI,0.0,Disposed
FP/TN/MIN/294/2015,TN,Tamil Nadu,"jeyaprakash , Multicoloured Granite Quarry",Mining,JAYAPRAKASH V,0.0,Disposed
FP/TN/MIN/404/2015,TN,Tamil Nadu,Amrish K Rough stone Quarry,Mining,AMRISH K ROUGH STONE,0.0,Disposed
FP/TN/MIN/405/2015,TN,Tamil Nadu,"Faldu Chinmanlal mohanbai , Rough Stone Quarry Krishnagiri",Mining,AMRISH K ROUGH STONE,0.0,Disposed
FP/TN/MIN/552/2016,TN,Tamil Nadu,Mathiyazhagan Granites Krishnagiri,Mining,MATHIYALAGAN GRANITES,0.0,Disposed
FP/TN/Approach/5454/2020,TN,Tamil Nadu,"Proposed Construction of Training Walls for permanent Stability of Bar Mouth at Village Pulicat, Taluk Ponneri, District Thiruvallur, Tamil Nadu",Approach Access,DEPARTMENT OF FISHERIES,0.0,Pending With UA
FP/TN/IND/6571/2022,TN,Tamil Nadu,Secondary Steel Manufacturing expansion,Industry,ARS STEELS & ALLOY INTERNATIONAL PRIVATE LIMITED,0.0,Disposed
FP/TN/QRY/548/2016,TN,Tamil Nadu,ROUGH STONE QUARRY - 1.79 HA,Quarrying,K KATHIRKAMARAJ,0.0,Disposed
FP/TN/QRY/549/2016,TN,Tamil Nadu,ROUGH STONE QUARRY -1.78.5 HA,Quarrying,K KATHIRKAMARAJ,0.0,Disposed
FP/TN/QRY/602/2016,TN,Tamil Nadu,S Shanmugavel Rough Stone And Gravel Quarry,Quarrying,SHANMUGAVEL S,0.0,DFO
FP/TN/TRANS/5505/2020,TN,Tamil Nadu,"Transmission line in Vandipannai Saragam, Ayyanar kovil Beat, Rajapalayam Range",Transmission Line,"EXECUTIVE ENGINEER, TANTRANSCO",0.004,DFO
FP/TN/QRY/4194/2019,TN,Tamil Nadu,Rough Stone Quarry,Quarrying,ANITHA ROUGH STONE QUARRY,0.0,DFO
FP/TN/QRY/4195/2019,TN,Tamil Nadu,Rough Stone Quarry,Quarrying,ROUGH STONE QUARRY,0.0,DFO
FP/TN/THE/752/2016,TN,Tamil Nadu,M/s ARS Metals Private Limited - Expansion by addition of 1x135 MW (GCPP & in-lieu of the one of the existing 60 MW unit ) and 1 x 135 MW (IPP) imported coal based thermal Power plant,Thermal,ARS Metals Pvt. Ltd.,0.0,Disposed
FP/TN/QRY/800/2016,TN,Tamil Nadu,KM GOPALIAH,Quarrying,GOPALIAH,0.0,Disposed
FP/TN/Others/30208/2017,TN,Tamil Nadu,Laying OFC in Anchetty to Denkanikottai route,Others,Jio Digital Fibre Private Limited,0.312,Disposed
FP/TN/IND/5014/2020,TN,Tamil Nadu,"“Proposed Development of Industrial Park at Therkuveerapandiyapuram & Silanatham villages of Ottapidaram Taluk and Meelavitan village of Thoothukudi Taluk, Thoothukudi District, Tamil Nadu”. by M/s. State Industries Promotion Corporation of Tamil Nadu Limited (SIPCOT)",Industry,STATE INDUSTRIES PROMOTION CORPORATION OF TAMILNADU LIMITED (SIPCOT),0.0,Draft_Migrated
FP/TN/Others/30207/2017,TN,Tamil Nadu,Laying OFC for Dharmapuri-Anchetty route Anchetty stretch,Others,Jio Digital Fibre Private Limited,0.258,Disposed
FP/TN/Others/4828/2020,TN,Tamil Nadu,Rationalization and Redefining of existing boundary of Vedanthangal Birds Sanctuary,Others,WILDLIFEDIVISIONCHN,5467.0,WITHDRAWN
FP/TN/Canal/5768/2021,TN,Tamil Nadu,Ramanathi Jambunathi Scheme in Tenkasi Taluk in Tenkasi Dist,Canal,SPECIAL PROJECT DIVISION TIRUNELVELI,0.0,Disposed
FP/TN/IND/407/2015,TN,Tamil Nadu,GMR KRISHNAGIRI SEZ LTD,Industry,GMR KRISHNAGIRI SEZ LTD,0.0,Disposed
FP/TN/OFC/4423/2019,TN,Tamil Nadu,"Chennai-Andaman Nicobar Islands Submarine Cable System Cable landing and construction of Beach Man Hole at eight islands of Andaman and Nicobar Islands: Port Blair, Little Andaman (Hut bay), Car Nicobar, Kamorta, Great Nicobar (Campbell bay), Havelock, Long and Rangat Islands.",Optical Fibre Cable,TELECOMMUNICATIONS CONSULTANTS INDIA LTD,0.0,Disposed
FP/TN/ROAD/4424/2019,TN,Tamil Nadu,Upgrading Thanjavur - Mannargudi Road (SH-63),Road,PDCKICP@GMAIL.COM,8.27,DFO
WL/TN/IND/401405/2022,TN,Tamil Nadu,Proposed expansion of Active Pharmaceutical Ingredients (APIs) manufacturing within the Existing Plant (Total capacity-23000 Kg/month)”,IND,,0.0,Migrated to Parivesh 2
WL/TN/IND/422048/2023,TN,Tamil Nadu,Expansion Of Grey And Ductile Iron Castings  Manufacturing,IND,,0.0,Migrated to Parivesh 2
FP/TN/QRY/5012/2020,TN,Tamil Nadu,Shaji Rough Stone Quarry,Quarrying,SHAJI BLUE METAL QUARRY,0.0,Draft_Migrated
FP/TN/ROAD/36722/2018,TN,Tamil Nadu,Reconstruction of culvert at km 250/2 & 250/6 of NH 209,Road,"Highways Department, Govt. of Tamilnadu",0.574,DFO
FP/TN/Others/5902/2021,TN,Tamil Nadu,India-Based Neutrino Observatory,Others,TATA INSTITUTE OF FUNDAMENTAL RESEARCH,0.0,PENDING WITH-SG
FP/TN/QRY/593/2016,TN,Tamil Nadu,Rough stone and saral quarry,Quarrying,RAJA JEBA DOSS,0.0,Disposed
FP/TN/IND/3719/2018,TN,Tamil Nadu,Proposed Production of Linear Alkyl Benzene Sulphonic Acid (LABSA) - Detergeo Chem Private Limited,Industry,Detergeo chem private limited,0.0,Disposed
FP/TN/QRY/157/2015,TN,Tamil Nadu,N M Granites Pvt Ltd,Quarrying,H A IQBAL HUSSAIN,0.0,Disposed
FP/TN/QRY/1685/2017,TN,Tamil Nadu,Mahaboof Sharif Multi Colour Granite Quarry,Quarrying,MAHABOOF SHARIF,0.0,Disposed
FP/TN/QRY/1611/2017,TN,Tamil Nadu,"OMANAKUMARI, NEW BLACK GRANITE QUARRY",Quarrying,OMANAKUMARI,0.0,Disposed
FP/TN/QRY/255/2015,TN,Tamil Nadu,K THANGAMUTHU ROUGH STONE & GRAVEL QUARRY,Quarrying,K THANGAMUTHU,0.0,Disposed
FP/TN/QRY/256/2015,TN,Tamil Nadu,T SUBRAMANI - ROUGH STONE AND GRAVEL QUARRY,Quarrying,T SUBRAMANI,0.0,Disposed
FP/TN/QRY/4997/2020,TN,Tamil Nadu,AniKumar Rough Stone Quarry,Quarrying,ANIKUMAR ROUGH STONE,0.0,DFO
FP/TN/Others/5311/2020,TN,Tamil Nadu,MM RESORTS,Others,MM RESORTS,0.0,DFO
FP/TN/QRY/2460/2018,TN,Tamil Nadu,Karunanithi Black Granite,Quarrying,KARUNANIDHI BLACK GRANITE QUARRY,0.0,Disposed
FP/TN/QRY/248/2015,TN,Tamil Nadu,T ASHOK KUMAR-Rough Stone & Gravel Quarry,Quarrying,T ASHOK KUMAR,0.0,Disposed
FP/TN/QRY/335/2015,TN,Tamil Nadu,Multi colour Granite Quarry,Quarrying,KARUNANITHI,0.0,Disposed
FP/TN/Others/2382/2018,TN,Tamil Nadu,M/s. Nucleus Grante Polishing Units,Others,PMA GRANITES,0.0,Disposed
FP/TN/MIN/5386/2020,TN,Tamil Nadu,Mining,Mining,SUNIL KUMAR K,0.0,DFO
FP/TN/QRY/2459/2018,TN,Tamil Nadu,Gnanam Grey granites,Quarrying,GNANAM GREY GRANITES,0.0,Disposed
WL/TN/Approach/411858/2022,TN,Tamil Nadu,"Proposed construction of Training walls for permanent stability of Bar Mouth at Pulicat village, Ponneri taluk, Tiruvallur district of Tamil Nadu.",Approach,,0.0,Migrated to Parivesh 2
FP/TN/IND/582/2016,TN,Tamil Nadu,Modern Building Materials Private Limited,Industry,My Home Industries Limited,0.0,Disposed
FP/TN/QRY/4494/2019,TN,Tamil Nadu,Rajakumaran Rough Stone Quarry,Quarrying,RAJAKUMARAN ROUGH STONE QUARRY,0.0,DFO
FP/TN/QRY/186/2015,TN,Tamil Nadu,N M Granites,Quarrying,Karnataka State Industrial & Infrastructure Development Corporation Limited,0.0,Disposed
FP/TN/REHAB/5747/2021,TN,Tamil Nadu,Crocodile Rearing Centre,Rehabilitation,DEPUTY DIRECTOR,2.33,Pending at Chief Wildlife Warden
FP/TN/QRY/380/2015,TN,Tamil Nadu,Rough Stone & Gravel Quarry of Thiru.D.Mohanraj,Quarrying,D MOHANRAJ,0.0,PENDING WITH-SG
FP/TN/QRY/1833/2017,TN,Tamil Nadu,Sangamam Quarry,Quarrying,SANGAMAM QUARRY,0.0,Disposed
FP/TN/HYD/2131/2018,TN,Tamil Nadu,Papanasam Diversion Weir Reservoir,Hydel,TAMIL NADU ELECTRICITY BOARD,45.23,Disposed
FP/TN/OFC/116522/2020,TN,Tamil Nadu,Laying of underground OFC along Cumbam-Cumuli NH road from Lower camp to Kumuli through Suranganar RF,Optical Fibre Cable,JIO DIGITAL FIBRE PRIVATE LIMITED,0.193,Disposed
FP/TN/QRY/5965/2021,TN,Tamil Nadu,Rajan Quarry,Quarrying,P.N.RAJAN QUARRY,0.0,DFO
FP/TN/QRY/625/2016,TN,Tamil Nadu,Seven Hills Granites,Quarrying,SEVEN HILLS GRANITES,0.0,Disposed
FP/TN/IND/2593/2018,TN,Tamil Nadu,M/s. Kamachi Industries Limited (Formely known as Kamachi Sponge & Power Corporation Limited),Industry,KAMACHI INDUSTRIES LIMITED,0.0,Pending at Chief Wildlife Warden
FP/TN/MIN/5949/2021,TN,Tamil Nadu,Rough Stone and Gravel,Mining,P PRAKASH,0.0,DFO
FP/TN/MIN/200/2015,TN,Tamil Nadu,TENKULAM LIMESTONE MINE (GO No. 447),Mining,M/s. THE INDIA CEMENTS LIMITED,0.0,Disposed
FP/TN/QRY/315/2015,TN,Tamil Nadu,Granite Quarry,Quarrying,SURIYA MINING SERVICES,0.0,Disposed
FP/TN/Others/6320/2022,TN,Tamil Nadu,Central Square- Multimodal Integration and Development,Others,CHENNAI METRO RAIL LIMITED,0.0,DFO
FP/TN/QRY/1634/2017,TN,Tamil Nadu,AVS Tech Building Solutions,Quarrying,AVS TECH BUILDING SOLUTIONS HOSUR,0.0,Disposed
FP/TN/Others/828/2016,TN,Tamil Nadu,Laying OFC along road side MTR area,Others,RELAINCE JIO INFORCOMM LIMITED,0.71595,PENDING WITH-SG
FP/TN/WATER/41506/2019,TN,Tamil Nadu,WSIS to Bodinayakanur,Drinking Water,COMMISSIONER BODINAYAKUNAR,0.0,Disposed
FP/TN/Others/1585/2017,TN,Tamil Nadu,Ramanathapuram-Tuticorin natural gas pipeline,Others,Indian Oil Corporation Limited (Pipelines Division),46.0,Disposed
FP/TN/QRY/310/2015,TN,Tamil Nadu,Granite Quarry,Quarrying,SURIYA MINING SERVICES,2.11,Disposed
FP/TN/Others/6267/2022,TN,Tamil Nadu,"Construction of Groyne at Keelavaippar in Vilathikulam taluk, Thoothukudi District",Others,PWD,4.82,DFO
FP/TN/IRRIG/2492/2018,TN,Tamil Nadu,Kanakkampalayam Tank Scheme,Irrigation,PROJECT PLANNING AND DESIGNS SUBDIVISION GOBICHETTIPALAYAM,35.8,Disposed
FP/TN/Others/699/2016,TN,Tamil Nadu,Narayanaguru College of Engineering,Others,NARAYANAGURU INTERNATIONAL INSTITUTE OF SCIENCE AND TECHNOLOGY,0.0,PENDING WITH-SG
FP/TN/OTHERS/1699/2010,TN,Tamil Nadu,India-based Neutrino Observatory,Others,INDIA BASED NEUTRINO OBSERVATORY,0.0,PENDING WITH-SG
FP/TN/Others/2150/2018,TN,Tamil Nadu,PMA Granites Polishing Unit,Others,PMA GRANITES,0.0,Disposed
FP/TN/Others/2151/2018,TN,Tamil Nadu,Susheela Granite Polishing Unit,Others,PMA GRANITES,0.0,Disposed
FP/TN/Others/2153/2018,TN,Tamil Nadu,SH Granites Polishing Unit,Others,PMA GRANITES,0.0,Disposed
FP/TN/Others/2155/2018,TN,Tamil Nadu,Shree Shanmugam Traders,Others,PMA GRANITES,0.0,Disposed
FP/TN/Others/2157/2018,TN,Tamil Nadu,M/s. Rehana Granite Polishing Unit,Others,PMA GRANITES,0.0,Disposed
FP/TN/Others/2159/2018,TN,Tamil Nadu,M/s. Shiva Stones,Others,PMA GRANITES,0.0,Disposed
FP/TN/Others/2162/2018,TN,Tamil Nadu,M/s. Manickam Granite Polishing Units,Others,PMA GRANITES,0.0,Disposed
FP/TN/Others/2163/2018,TN,Tamil Nadu,M/s. Naveen Granite Polishing Unit,Others,PMA GRANITES,0.0,Disposed
FP/TN/Others/2164/2018,TN,Tamil Nadu,"M/s. Kalamani, Senthilkumar Mythil Granite Polishing Unit",Others,PMA GRANITES,0.0,Disposed
FP/TN/IND/6212/2022,TN,Tamil Nadu,KANISHK STEEL INDUSTRIES LIMITED,Industry,KANISHK STEEL INDUSTRIES LIMITED,0.0,Disposed
FP/TN/Others/47017/2020,TN,Tamil Nadu,Laying of Optical Fiber Cable from Denkanikottai to Tamil Nadu border.,Others,TELESONIC NETWORKS,0.06435,Disposed
FP/AP/Pipeline/141032/2021,AP,Andhra Pradesh,"Proposal for Diversion of 0.40 ha. land for Proposed laying of additional pipe line from stage-1 to stage-2 along the road from Srinivasamangapuram to Srivarimettu through compartment nos 114 and 56 oof Perumalapally beat of Tirupathi Extension RF of SVNP Tirupathi range and Nagapatla beat of Nagapatla R.F of SVNP Chamala range, WLM Tirupathi.",Pipeline,TIRUMALA TIRUPATHI DEVASTHANAM,0.046,Pending at CWLW for Final Disposal
FP/AP/ROAD/19911/2016,AP,Andhra Pradesh,"Roads & Buildings Department, EE, NH, Vijayawada.",Road,MINISTRY OF ROAD TRANSPORT AND HIGHWAYS GOVT OF INDIA,21.343,Disposed
FP/AP/VELEC/122063/2021,AP,Andhra Pradesh,The erection of 33KV and 11KV lines is passing through Kandlakunta RF of  Sirigiripadu section in Compt.70 and Kandlakunta beat of Kandlakunta RF of Sirigiripadu section in Compt.75 of V.P South Range,Village Electricity,EXECUTIVE ENGINEER APCPDCL,0.5,PENDING WITH-SG
FP/AP/IRRIG/35747/2018,AP,Andhra Pradesh,Diversion of 309.22 Ha for Earth work Excavation of GNSS Main Canal from Km 119.000/Km 119.625 to Km 141.350 / Km 142.025 of Phase-II Package 04/06,Irrigation,EE NTR TGP DIVISION PML,309.22,Pending With UA
FP/AP/OFC/35350/2018,AP,Andhra Pradesh,Laying of Under ground Optical Fiber Cable (OFC),Optical Fibre Cable,Jio Digital Fibre Private Limited,1.19,Pending at CWLW for Final Disposal
FP/AP/Others/14866/2015,AP,Andhra Pradesh,"Peddavora to Macharla OFC Project, Idea Cellular Ltd - 0.30 Ha.",Others,IDEA CELLULAR LIMITED,0.3,Disposed
FP/AP/Others/23926/2017,AP,Andhra Pradesh,Thiruvallur-Bengaluru section of R-LNG pipeline,Others,Indian Oil Corporation Limited (Pipelines Division),4.6,Disposed
FP/AP/ROAD/19041/2016,AP,Andhra Pradesh,Formation of BT road from Sivapuramgudem to Kolanubharathi temple,Road,PANCHAYAT RAJ ENGINEERING DEPARTMENT,2.39,Disposed
FP/AP/ROAD/146577/2021,AP,Andhra Pradesh,Rehabilitation   and  up-gradation   of  National  Highway-565   from  Km  133.922  to  Km 154.900 (Davupally to Mallapalem Junction) to two lanes with paved shoulders in the state of Andhra Pradesh u,Road,MINISTRY OF ROAD TRANSPORT AND HIGHWAYS-RO-VIJAYAWADA,38.6,Disposed
FP/AP/OFC/147910/2021,AP,Andhra Pradesh,Laying of underground Optical Fibre Cable (OFC) from Sullurpet to SHAR Centre in Nellore District of Andhra Pradesh,Optical Fibre Cable,JIO DIGITAL FIBRE PRIVATE LIMITED,0.56,Pending at CWLW for Final Disposal
FP/AP/Pipeline/144181/2021,AP,Andhra Pradesh,"Proposal for Diversion of19.13ha land Proposed for Construction of Pump House , Pressure Main ,Break pressure tank ,Certain Portion of Gravity Main & Inspection Path of Varikapudisela Lift Irrigation Scheme Gangulakunta Beat Comp No.67, Gottipalla Beat Comp No,68 of Gangulakunta RF, V.P.South Range & Rajiv Gandhi wildlife santuary,Markapur division",Pipeline,"WATER RESOURCE DEPARTMENT,ANDHRA PRADESH",19.13,Disposed
FP/AP/OFC/81411/2020,AP,Andhra Pradesh,Execution of Optical Fiber Network(IPI) Project Nellore District in the State of Andhra Pradesh for the favour of Vindhya Telelinks Limited.,Optical Fibre Cable,M/S VINDHYA TELELINKS LTD,0.45,Disposed
FP/AP/Others/757/2016,AP,Andhra Pradesh,MODERNISATION OF EXISTING FACILITIES AND ADDITION OF NEW FACILITIES ENTAILING CAPACITY AT VISAKHAPATNAM PORT,Others,VISAKHAPATNAM PORT TRUST,0.0,Disposed
FP/AP/ROAD/30975/2017,AP,Andhra Pradesh,"Relaying of Visakha Valley School Road from NH-16 Jn., to Beach Road, Visakhapatnam",Road,BOIDI SESHARAO,1.85,DFO
FP/AP/IRRIG/34996/2018,AP,Andhra Pradesh,"Diversion of 281.50 Ha for Investigation, Design and Earth work excavation of GNSS Main Canal including construction of CM & CD works from KM 141.350 to Km 161.250/163.550 including Distributory system to irrigate an ayacut under GNSS Package-05/06 of Phase-II in Kadapa District",Irrigation,EE NTR TGP DIV II KDP,279.54,DFO
FP/AP/IRRIG/25639/2017,AP,Andhra Pradesh,"CONSTRUCTION OF SRI BALAJI RESERVOIR,  MALLEMADUGU RESERVOIR & KAILASAGIRI CANAL UNDER GNSS PHASE-II",Irrigation,CHIEF ENGINEER NTRTGP TIRUPATI,686.82,PENDING WITH-SG
FP/AP/RAIL/147706/2021,AP,Andhra Pradesh,"Diversion in an area of 29.26 Ha of forest land in Nandyal and Giddalur division for execution of various engineering works for laying of doubling railway line between Guntur and Guntakal stations"".",Railway,INDIAN RAILWAY SOUTH CENTRAL RAILWAY,32.25,Disposed
FP/AP/ROAD/154254/2022,AP,Andhra Pradesh,Proposed Diversion of Forest Land from Palamner Reserved Forest within Rayala Elephant Reserve for Construction of Bangalore-Chennai Expressway Phase-II in Chittoor District in the state of Andhra Pra,Road,"NATIONAL HIGHWAY AUTHORITY OF INDIA, PIU-CHITTOOR",0.0,Disposed
FP/AP/Others/716/2016,AP,Andhra Pradesh,Development of offshore LNG floating Storage and regasification Unit at kakinada deep water port,Others,KRISHNA GODAVARI LNG TERMINAL PRIVATE LIMITED,0.0,Disposed
FP/AP/Others/35298/2018,AP,Andhra Pradesh,"Diversion of 12.98 Ha forest land for Development of Samartha Sadguru Sri Kasinayana Ashramam at Jyothi Kshetram in Jyothi Beat, Porumamilla Range of Proddatur Division, Kadapa YSR District.",Others,SRIKASIREDDYNGNA,12.98,Pending at MoEFCC(WL)
FP/AP/Others/14653/2015,AP,Andhra Pradesh,Sagarnagar beach front(opposite senora hotel) development,Others,AP TOURISM DEVELOPMENT CORPORATION,0.0,PENDING WITH-SG
FP/AP/Others/14660/2015,AP,Andhra Pradesh,yendada beach front(opposite blind School) development,Others,AP TOURISM DEVELOPMENT CORPORATION,0.0,PENDING WITH-SG
WL/AP/Others/415580/2023,AP,Andhra Pradesh,“Rehabilitation and Up-gradation of National Highway-565 from Km 133.922 to Km 154.900 (Davupally to Mallapalem Junction) to two lane with paved shoulders in the state of Andhra Pradesh under NHDP-IV,Others,,0.0,Migrated to Parivesh 2
FP/AP/WATER/143980/2021,AP,Andhra Pradesh,"Diversion of forest land for construction of intake well & Raw water pumping main over an extent of 0.43 hectares in comp No. 354 & 355 of Sirivel Ext II RF, Nuthala North Beat, Rudravaram Range of Nandyala (wlm) Division, Kurnool circle, Kurnool District.",Drinking Water,PUBLIC HEALTH AND MUNICIPAL ENGINEERING DEPARTMENT,0.43,PENDING WITH-SG
FP/AP/Others/30841/2017,AP,Andhra Pradesh,Vijayawada-Dharmapuri Petroleum product  Pipeline Project,Others,HINDUSTAN PETROLEUM CORPORATION LIMITED BANGALORE,4.43,Disposed
FP/AP/ROAD/22175/2016,AP,Andhra Pradesh,Upgradation of NH-565 from Km.361/327 to Km.420/800 (Dornlala T Junction to Penchalakona section ) to two lane with paved shoulders in the state of Andhra Pradesh under NHDP-IV.,Road,MINISTRY OF ROAD TRANSPORT AND HIGHWAYS GOVT OF INDIA,33.459,Disposed
WL/AP/ROAD/418292/2023,AP,Andhra Pradesh,Bangalore-Chennai Expressway Phase-II - Wildlife Proposal for Non-Forest stretch falling within ESZ of Kaundinya Wildlife Sanctuary in Chittoor District in the state of Andhra Pradesh,ROAD,,0.0,Disposed
FP/AP/ROAD/27245/2017,AP,Andhra Pradesh,"Roads & Buildings Department (Executive Engineer(R&B) Division, Gudur.",Road,TRANSPORT ROADS AND BUILDINGS,16.95,DFO
FP/AP/IRRIG/29783/2017,AP,Andhra Pradesh,Construction of Anam Sanjeeva Reddy Somasila High Level Lift Canal from Somasila Reservoir upto Balancing reservoir No.IV under Phase –I  in SPSR Nellore District,Irrigation,WATER RESOURCES DEPARTMENT,2.54,Disposed
FP/AP/Others/4535/2019,AP,Andhra Pradesh,Development of LNG Facility at Kakinada Deep Water Port (KDWP),Others,EAST COAST CONCESSIONS PRIVATE LIMITED,0.0,PENDING WITH-SG
FP/AP/OFC/39298/2019,AP,Andhra Pradesh,Laying of Under Ground Optical Fiber Cable,Optical Fibre Cable,Jio Digital Fibre Private Limited,0.15,Pending at CWLW for Final Disposal
FP/AP/TRANS/24593/2017,AP,Andhra Pradesh,220KV PORUMAMILLA LINE,Transmission Line,EE CONSTRUCTION KDP,6.34,Disposed
FP/AP/TRANS/26388/2017,AP,Andhra Pradesh,765 KV Double Circuit line from Chilakaluripeta to Kadapa.,Transmission Line,POWER SYSTEM SOUTHERN INTERCONNECTOR TRANSMISSION SYSTEM LIMITED,27.744,DFO
FP/AP/WATER/51/2015,AP,Andhra Pradesh,Proposal for Construction of Vontimitta Lift Irrigation Scheme in the Sri Penusula Narasimha Wild life Sancturary.,Drinking Water,WATER RESOURCES DEPARTMENT,0.984,Disposed
FP/AP/Others/641/2016,AP,Andhra Pradesh,Installation of Cage Culture of GIFT Tilapia Fish in Kandaleru Reservoir.,Others,JOINT DIRECTOR OF FISHERIES,0.22,Pending at Chief Wildlife Warden
FP/AP/Others/4730/2019,AP,Andhra Pradesh,vijayawada-Dharmapuri Petroleum Product Pipeline Project,Others,HINDUSTAN PETROLEUM CORPORATION LIMITED BANGALORE,6.82,Disposed
FP/AP/Pipeline/42672/2019,AP,Andhra Pradesh,Laying of  20 inch gas  Pipeline (about 31 km) from Offshore Platform to Onshore gas Terminal at Mallavaram,Pipeline,ONGC,18.96,Pending at CWLW for Final Disposal
FP/AP/Others/38959/2019,AP,Andhra Pradesh,Diversion of forest land for erecting obstacle light mast for aviation purpose at Kadapa Airport,Others,"AIRPORTS AUTHORITY OF INDIA, KADAPA",0.03,Disposed
FP/TG/WATER/18057/2016,TG,Telangana,"Telangana Water Grid - Segment No.20/2, Mangapet, Warangal Dist - 1.989 Ha",Drinking Water,TELANGANA DRINKING WATER SUPPLY PROJECT,1.989,Disposed
FP/TG/WATER/17588/2016,TG,Telangana,"Telangana Water Grid - Segment No.25/2, Manuguru, Khammam Dist , 4.520 Ha",Drinking Water,TELANGANA DRINKING WATER SUPPLY PROJECT,0.231,Disposed
FP/TG/ROAD/21649/2016,TG,Telangana,Improvement of existing Road from  Nakerrekal to Mallampally  of NH- 365 in Warangal District - 24.80 Ha,Road,ROADS AND BUILDINGS DEPARTMENT NATIONAL HIGHWAY DIVISION,20.53,Disposed
FP/TG/Others/31133/2018,TG,Telangana,Laying of Optical Fiber cable for 4G connectivity at Sammakka Sarakka Jatara-0.6383 Ha,Others,Jio Digital Fibre Private Limited,0.5729,PENDING WITH-SG
FP/TG/Pipeline/4358/2019,TG,Telangana,"Laying of Water Pipeline for SCCL - 2 X 600 MW STPP, Jaipur, Adilabad Dist.",Pipeline,SINAGRENI COLLIERIES COMPANY LIMITED,6.51,Disposed
FP/TG/REHAB/35492/2018,TG,Telangana,"Denotification of forest land for Relocation of Maisampet and Rampur villages from Core area of Kawal Tiger Reserve, Nirmal District",Rehabilitation,TELANGANA FOREST DEPARTMENT,112.0,PENDING WITH-SG
FP/TG/ROAD/51433/2020,TG,Telangana,Upgradation and Improvement of existing road to BT standards from R/F Muthnoor to Fakeernaik thanda (Chimangudi)  of  Sirikonda  Mandal of Adilabad district - 0.2799 Ha,Road,PANCHAYAT RAJ ENGINEERING DEPARTMENT,0.2799,Disposed
FP/TG/ROAD/51432/2020,TG,Telangana,Upgradation and Improvement of existing road to BT standards PR road to Darmasagar at Darmasagar (V) of Sirikonda Mandal of Adilabad district - 0.9687 Ha,Road,PANCHAYAT RAJ ENGINEERING DEPARTMENT,0.9687,Disposed
FP/TG/OFC/142849/2021,TG,Telangana,Laying of OFC along the road within the existing RoW for execution of T-Fiber Project in Nagarjunasagar division of  Nalgonda  District  - 1.3105 Ha,Optical Fibre Cable,TELANGANA FIBER GRID CORPORATION LIMITED,1.3105,Disposed
FP/TG/WATER/18191/2016,TG,Telangana,"Telangana Water Grid - Segment No.22/1, Kowtala , Adilabad Dist - 4.714 Ha",Drinking Water,TELANGANA DRINKING WATER SUPPLY PROJECT,4.714,Disposed
FP/TG/WATER/18192/2016,TG,Telangana,"Telangana Water Grid - Segment No.22/2, Bejjur , Adilabad Dist - 3.876 Ha",Drinking Water,TELANGANA DRINKING WATER SUPPLY PROJECT,3.876,Disposed
FP/TG/WATER/18193/2016,TG,Telangana,"Telangana Water Grid - Segment No.22/3, Sirpur , Adilabad Dist - 4.684 Ha",Drinking Water,TELANGANA DRINKING WATER SUPPLY PROJECT,4.684,Disposed
FP/TG/WATER/18194/2016,TG,Telangana,"Telangana Water Grid - Segment No.22/4, Kagaznagar , Adilabad Dist - 2.425 Ha",Drinking Water,TELANGANA DRINKING WATER SUPPLY PROJECT,2.425,Disposed
FP/TG/WATER/18541/2016,TG,Telangana,"Telangana Water Grid - Segment No.22/5, Dahegaon , Adilabad Dist - 3.813 Ha",Drinking Water,TELANGANA DRINKING WATER SUPPLY PROJECT,3.813,PENDING WITH-SG
FP/TG/WATER/19157/2016,TG,Telangana,"Telangana Water Grid - Segment No.24, Kaddam , Adilabad Dist - 20.418 Ha",Drinking Water,TELANGANA DRINKING WATER SUPPLY PROJECT,20.418,Disposed
FP/TG/ROAD/49729/2020,TG,Telangana,Diversion of 7.887 ha (revised from 6.3099 Ha) of forest land in Utnoor FDPT division for Upgradation and Improvement of existing road to BT standards R/F Muthnoor to Fakeernaik Thanda of Sirikonda Mandal of Adilabad district in favour of PR department,Road,PANCHAYAT RAJ ENGINEERING DEPARTMENT,6.3099,Disposed
FP/TG/ROAD/50104/2020,TG,Telangana,Diversion of 7.363 ha (Revised from 5.89 ha )of forest land in Echoda 4.618 ha and Utnoor FDPT 2.745 ha division for Upgradation and Improvement of existing road to BT standards L039 Kuntala K to Mathurathanda of M Neredigonda Mandal of Adilabad district in favour of PR department,Road,PANCHAYAT RAJ ENGINEERING DEPARTMENT,5.89,Disposed
FP/TG/Others/149086/2021,TG,Telangana,Construction of Exclusive Intercity/ Intra City Bus Bay and bus stop at Mahavir Harina Vanasthali National Park  in Rangareddy District -  1.354 Ha,Others,HYDERABAD METROPOLITAN DEVELOPMENT AUTHORITY,1.354,Pending at MoEFCC(WL)
FP/TG/OFC/141960/2021,TG,Telangana,Laying of OFC along the road within the existing RoW for execution of T-Fiber Project in Mulugu District  - 0.9999 Ha,Optical Fibre Cable,TELANGANA FIBER GRID CORPORATION LIMITED,0.0781,Disposed
FP/TG/OFC/142701/2021,TG,Telangana,Laying of OFC along the road within the existing RoW for execution of T-Fiber Project in  Guduru WL division of Mahabubabad District - 1.7844 Ha,Optical Fibre Cable,TELANGANA FIBER GRID CORPORATION LIMITED,1.6745,PENDING WITH-SG
FP/TG/ROAD/49722/2020,TG,Telangana,Upgradation and improvement of existing road to BT standards R/F L052 - PR road to Thummalpahad of Sirikonda Mandal of Adilabad District - 2.258 ha (Revised from 1.806 Ha),Road,PANCHAYAT RAJ ENGINEERING DEPARTMENT,1.806,Pending at MoEFCC(WL)
FP/TG/ROAD/46839/2020,TG,Telangana,Upgradtion of existing road from earthen road to BT standards from R/F  Gangapur to Korisini  in Komarambheem Asifabad  District - 1.6891 Ha,Road,PANCHAYAT RAJ ENGINEERING DEPARTMENT,1.6891,Disposed
FP/TG/ROAD/46838/2020,TG,Telangana,Upgradtion of existing road from earthen road to BT standards from Etiguda to Talai  in Komarambheem Asifabad  District - 3.0367 Ha,Road,PANCHAYAT RAJ ENGINEERING DEPARTMENT,3.0367,Disposed
FP/TG/ROAD/46836/2020,TG,Telangana,Upgradation of existing road from earthen road to BT standards from ZP road to Gerreguda in Komarambheem Asifabad  District - 0.5944 Ha,Road,PANCHAYAT RAJ ENGINEERING DEPARTMENT,0.5944,Disposed
FP/TG/ROAD/46837/2020,TG,Telangana,Upgradtion of existing road from earthen road to BT standards from Etiguda to Agarguda via Gundepally  in Komarambheem Asifabad  District - 7.4189 Ha,Road,PANCHAYAT RAJ ENGINEERING DEPARTMENT,7.4189,Disposed
FP/TG/IRRIG/29724/2017,TG,Telangana,Sitarama Lift Irrigation Project in Bhadradri - Kothagudem and Khammam Districts - 1531.0548 Ha,Irrigation,CHEIF ENGINEER I AND CAD KHAMMAM,0.0,Disposed
FP/TG/TRANS/6383/2022,TG,Telangana,Conversion of existing electrical lines using by ABC cable at Singaram and Kothasingaram to ST Habitation,Transmission Line,NORTHERN POWER DISTRIBUTION COMPANY OF TELANGANA LIMITED ( TSNPDCL),0.6759,Disposed
FP/TG/TRANS/155864/2022,TG,Telangana,Conversion of existing electrical line by using ABC cable and extension of 3phase power supply to Venkatapuram ST Habitation in Allampally Mandal of Bhadradri Kothgudem District,Transmission Line,NORTHERN POWER DISTRIBUTION COMPANY OF TELANGANA LIMITED ( TSNPDCL),1.4043,Disposed
FP/TG/ROAD/32342/2018,TG,Telangana,4 - Laning of NH- 363 HKC in Telangana.,Road,National Highways Authority of India,4.6076,Disposed
FP/TG/OFC/39059/2019,TG,Telangana,"Laying of Optical Fiber Cable along the road between Pinapaka to Eturnagaram, Tadwai to Pambapuram, Tadwai to Eturnagaram & Eturnagaram to Neelampalli.",Optical Fibre Cable,Jio Digital Fibre Private Limited,2.6209,PENDING WITH-SG
FP/TG/OFC/145104/2021,TG,Telangana,Laying of OFC along the road within the existing RoW for execution of T-Fiber Project in Utnoor WL division of Adilabad District - 2.5333 Ha,Optical Fibre Cable,TELANGANA FIBER GRID CORPORATION LIMITED,2.5333,PENDING WITH-SG
FP/TG/OFC/145103/2021,TG,Telangana,Laying of OFC along the road within the existing RoW for execution of T-Fiber Project in Echoda division of  Adilabad District - 0.7433 Ha,Optical Fibre Cable,TELANGANA FIBER GRID CORPORATION LIMITED,0.049,PENDING WITH-SG
FP/TG/ROAD/20352/2016,TG,Telangana,Upgradation of Urattum  to Iylapur road via kondai  from km 1/9  to km 23/9  and from iylapur to Buttaigudem road via sarvai from km 0/0 to 13/0 in Warangal District - 22.725  Ha,Road,R AND B DIVISION WARANGAL,22.725,Disposed
FP/TG/WATER/40148/2019,TG,Telangana,Laying of pipe lines and Construction of OHSR's in the Villages /Habitations for Segments -15 and 20  for providing safe drinking water to Mulugu and Jayashanker Bhupalpally Districts -0.208 Ha,Drinking Water,TELANGANA DRINKING WATER SUPPLY PROJECT,0.208,Disposed
FP/TG/TRANS/6376/2022,TG,Telangana,"Conversion of existing electrical line by using ABC lines in Chinthavari Habitation , Laxmidevipally Habitation, Bhadradri Kothagudem District",Transmission Line,NORTHERN POWER DISTRIBUTION COMPANY OF TELANGANA LIMITED ( TSNPDCL),0.2115,Disposed
FP/TG/TRANS/6377/2022,TG,Telangana,Conversion of exisiting electrical lines by using ABC cable to Gandrabandam  ST Habitation,Transmission Line,NORTHERN POWER DISTRIBUTION COMPANY OF TELANGANA LIMITED ( TSNPDCL),0.4235,Disposed
FP/TG/TRANS/6378/2022,TG,Telangana,Conversion of existing electrical lines by ABC cable to Mamillavai to ST Habitation,Transmission Line,NORTHERN POWER DISTRIBUTION COMPANY OF TELANGANA LIMITED ( TSNPDCL),0.7657,Disposed
FP/TG/TRANS/6379/2022,TG,Telangana,Conversion of Existing Electrical line by using ABC cable at Siddaram ST Habitation  Tekulapally mandal og Kothagudem District,Transmission Line,NORTHERN POWER DISTRIBUTION COMPANY OF TELANGANA LIMITED ( TSNPDCL),0.5921,Disposed
FP/TG/ROAD/124335/2021,TG,Telangana,Formation of BT road from ZP road 9/4 km to Naguguda in Tiryani Mandal  of Komarambheem Asifabad District - 3.6777 Ha,Road,PANCHAYAT RAJ ENGINEERING DEPARTMENT,3.6777,Disposed
FP/TG/ROAD/124336/2021,TG,Telangana,Formation of BT road from Zp road 27/9 km to Gundala via Doddiguda  in Tiryani Mandal of Komarambheem Asifabad District - 4.361 Ha,Road,PANCHAYAT RAJ ENGINEERING DEPARTMENT,4.361,Disposed
FP/TG/ROAD/40087/2019,TG,Telangana,"Construction of BT road from Vemanapally to kammargoan via samputam, Kallampally, Ravulapally, Motlaguda from km 0/0 to 26/7 in Mancherial District - 20.7147 Ha",Road,EXECUTIVE ENGINEER RB MANCHERIAL,3.4732,Disposed
FP/TG/ROAD/34902/2018,TG,Telangana,Construction of BT  road from Gundala to Pasra from km 0/0 to 11/4 in gundala mandal of bhadradri kothagudem district- 9.02 ha,Road,ROADS AND BUILDINGS DEPARTMENT,4.934,Disposed
FP/TG/ROAD/35464/2018,TG,Telangana,Construction of ROB at L.C.80 of Asifabad Sirpur Road in Komaramam Bheem Asifabad District,Road,ROADS AND BUILDINGS DEPARTMENT,2.3495,Disposed
FP/TG/Others/33779/2018,TG,Telangana,"Laying of Optical Fiber Cable for 4G connectivity for the route Kollapur – Somasilla, Kollapur – Lingal & Bamanpalli-Kampalapalli under Achampet Division-0.6309 Ha",Others,Jio Digital Fibre Private Limited,0.6309,PENDING WITH-SG
FP/TG/OFC/145452/2021,TG,Telangana,Laying of OFC along the road within the existing RoW for execution of T-Fiber Project in Kagaznagar division of  Komarambheem Asifabad District - 1.8584 Ha,Optical Fibre Cable,TELANGANA FIBER GRID CORPORATION LIMITED,1.8584,Disposed
FP/TG/WATER/19597/2016,TG,Telangana,"Telangana Water Grid - Segment No.20/3, Eturunagaram, Warangal Dist - 22.258 Ha",Drinking Water,TELANGANA DRINKING WATER SUPPLY PROJECT,22.258,Disposed
FP/TG/ROAD/44233/2020,TG,Telangana,Construction of Road from Bejjur to Somini of Bejjur Mandal of  Komarambheem Asifabad District - 4.1139 Ha,Road,PANCHAYAT RAJ ENGINEERING DEPARTMENT,2.337,Disposed
FP/TG/ROAD/53572/2020,TG,Telangana,Construction of BT road from Eturunagaram to Tupakulagudem Road from K/m 0/0 to 40/0 in Mulugu District - 21.0851 Ha (Revised from 23.428 Ha),Road,R AND B DIVISION WARANGAL,23.428,Disposed
FP/TG/WATER/18118/2016,TG,Telangana,"Telangana Water Grid - Segment No.8/2, Singuru Medak Sub-Segment, Medak Dist , 3.582 Ha",Drinking Water,TELANGANA DRINKING WATER SUPPLY PROJECT,2.535,Disposed
FP/TG/ROAD/116718/2020,TG,Telangana,Construction of BT road from Rajaram to Babberachikuka road from km 0/0 to 3/00 in Kotapally mandal of Mancherial District -1.715 ha,Road,EXECUTIVE ENGINEER RB MANCHERIAL,2.1438,Disposed
FP/TG/ROAD/116721/2020,TG,Telangana,Construction of BT road from Parpally to Kavarakothapally road from km 0/0 to 5/00 in Kotapally mandal  of Mancherial district - 3.6915  Ha,Road,EXECUTIVE ENGINEER RB MANCHERIAL,3.6915,Disposed
FP/TG/ROAD/116722/2020,TG,Telangana,Construction of BT road from Bopparam to Algaon road from km 0/0 to 5/680 in Kotapally mandal of Mancherial district - 2.7941 Ha,Road,EXECUTIVE ENGINEER RB MANCHERIAL,2.7941,Disposed
FP/TG/Others/33837/2018,TG,Telangana,Laying of Optical Fiber Cable for 4G connectivity for the route Amrabad – Padara & Padara - Ippalapally under Amrabad Division-0.4528 Ha,Others,Jio Digital Fibre Private Limited,0.4528,PENDING WITH-SG
FP/TG/Others/14813/2015,TG,Telangana,"Peddavora to Macharla OFC Project, Idea Cellular Ltd - 0.35 Ha",Others,IDEA CELLULAR LIMITED,0.35,Disposed
FP/TG/ROAD/49733/2020,TG,Telangana,Upgradation and Improvement of existing road to BT standards L054 -PR road to Lachimpur B village  of Sirikonda Mandal of Adilabad district - 2.12 Ha,Road,PANCHAYAT RAJ ENGINEERING DEPARTMENT,2.12,Pending With UA
FP/TG/ROAD/44123/2020,TG,Telangana,Construction of High Level Bridge at 1/00 km on R/F Kethini to Dimda  in  Komarambheem Asifabad District - 0.416 Ha,Road,PANCHAYAT RAJ ENGINEERING DEPARTMENT,0.416,Disposed
FP/TG/ROAD/46851/2020,TG,Telangana,Formation of BT road from Karji to Motlaguda via Rampur village in Dahegoan mandal of Komarambheem Asifabad District - 4.8025 Ha,Road,PANCHAYAT RAJ ENGINEERING DEPARTMENT,4.8025,Disposed
FP/TG/ROAD/144272/2021,TG,Telangana,Widening and Strengthening of kagaznagar to Penchikalpet road from km 20/0 to 25/0  and 30/0 to 35/0 in Komarambheem Asifabad Distirct - 2.2634,Road,ROADS AND BUILDINGS DEPARTMENT,2.2634,Disposed
FP/TG/ROAD/4418/2019,TG,Telangana,Widening and Upgradation of the existing road from Mondikunta to Mamilavai in Bhadradri Kothagudem District,Road,PANCHAYAT RAJ ENGINEERING DEPARTMENT,3.43,Disposed
FP/TG/OFC/145101/2021,TG,Telangana,Laying of OFC along the road within the existing RoW for execution of T-Fiber Project in Achampet division of Nagarkurnool District  - 0.6642 Ha,Optical Fibre Cable,TELANGANA FIBER GRID CORPORATION LIMITED,0.6642,PENDING WITH-SG
FP/TG/WATER/19019/2016,TG,Telangana,"Telangana Water Grid - Segment No.17/3, Kothaguda , Warangal Dist - 21.911 Ha",Drinking Water,TELANGANA DRINKING WATER SUPPLY PROJECT,21.911,Disposed
FP/TG/ROAD/5493/2020,TG,Telangana,Widening and up-gradation of the existing road from Pathuru  to Rayalanka. to an extent of 0.170 Ha,Road,PANCHAYAT RAJ ENGINEERING DEPARTMENT,0.17,Disposed
FP/TG/WATER/18548/2016,TG,Telangana,"Telangana Water Grid - Segment No.22/7, Vemanapalli , Adilabad Dist - 1.177 Ha",Drinking Water,TELANGANA DRINKING WATER SUPPLY PROJECT,1.177,Disposed
FP/TG/ROAD/119580/2021,TG,Telangana,Construction of BT road from Vanjariguda to Geethabanda from km 0/0 to 2/958   of  Lingapur Mandal of Komaram Bheem Asifabad District - 1.388 Ha,Road,ROADS AND BUILDINGS DEPARTMENT,1.388,Disposed
FP/TG/ROAD/119556/2021,TG,Telangana,Construction of BT road from Movad to Koutan movad from km 0/0 to 4/960 of Asifabad Mandal of Komaram Bheem Asifabad District  -  1.419 Ha,Road,ROADS AND BUILDINGS DEPARTMENT,1.935,Disposed
FP/TG/ROAD/119551/2021,TG,Telangana,"Construction of BT road from Movad to Chorpalli from km 0/0 to 16/746 via  Movad, Balanpur, Samthulagundam villages  of Asifabad and Lingapur Mandal of Komaram Bheem Asifabad District  - 7.0062 Ha",Road,ROADS AND BUILDINGS DEPARTMENT,7.0062,Disposed
FP/TG/ROAD/119542/2021,TG,Telangana,Construction of BT road from  Kamargoan to Nandigoan  road from km 0/0 to 3/998  in Bejjur  mandal of Komarambheem Asifabad District - 2.9929  Ha,Road,ROADS AND BUILDINGS DEPARTMENT,2.9929,Disposed
FP/TG/ROAD/119567/2021,TG,Telangana,Construction of BT road from Raghavapur to Govena from km 0/0 to 9/234 via Seetharam Thanda village  of  Lingapur Mandal of Komaram Bheem Asifabad District  - 1.744 Ha,Road,ROADS AND BUILDINGS DEPARTMENT,2.378,Disposed
FP/TG/ROAD/119541/2021,TG,Telangana,Construction of BT road from O-Kharji  to Loha  road from km 0/0 to 4/179 in Dahegoan mandal of Komarambheem Asifabad District - 2.4746 Ha,Road,ROADS AND BUILDINGS DEPARTMENT,3.3745,Disposed
FP/TG/ROAD/119547/2021,TG,Telangana,Construction of BT road from Dampur to Kereguda from km 0/0 to 7/875  via thatiguda village  of Tiryani Mandal of Komarambheem  Asifabad District - 5.551 Ha,Road,ROADS AND BUILDINGS DEPARTMENT,5.551,Disposed
FP/TG/ROAD/119548/2021,TG,Telangana,"Diversion of  3.90 Ha(0.101 ha in Jannaram and 3.799 ha in Asifabad division) of forest land in Asifabad division for Construction of BT road from Gundala to Mangi from km 0/0 to 11/250 via Jajjigutta village  of   Tiryani Mandal of Komaram Bheem Asifabad District  in favour of EE, R&B, Komarambheem",Road,ROADS AND BUILDINGS DEPARTMENT,5.318,Disposed
FP/TG/ROAD/119571/2021,TG,Telangana,Construction of BT road from Sirpur (U) to Devudupalli from km 0/0 to 3/700  of  Sirpur (U)  Mandal of Komaram Bheem Asifabad District  - 0.447 Ha,Road,ROADS AND BUILDINGS DEPARTMENT,0.447,Disposed
FP/TG/WATER/20033/2016,TG,Telangana,"Telangana Water Grid - Segment No.22/17, Powerguda , Adilabad Dist - 29.216 Ha",Drinking Water,TELANGANA DRINKING WATER SUPPLY PROJECT,24.933,Disposed
FP/TG/IRRIG/20502/2016,TG,Telangana,Package - II & IV - DR.B.R.Ambedhkar Pranahitha - 1081.0149 Ha,Irrigation,CHIEF ENGINEER PROJECTS ADILABAD,567.0137,Disposed
FP/TG/ROAD/119540/2021,TG,Telangana,Construction of BT road from O-Dimda to chittam road from km 0/0 to 3/170 in kowtala mandal of Komarambheem Asifabad District - 3.1624 Ha,Road,ROADS AND BUILDINGS DEPARTMENT,3.1624,Disposed
FP/TG/ROAD/119538/2021,TG,Telangana,Construction of HLB on Dimda to Chittam road at km 4/850  in Kowtala Mandal of Komarambheem Asifabad District - 0.9332 Ha,Road,ROADS AND BUILDINGS DEPARTMENT,0.9332,Disposed
FP/TG/ROAD/119549/2021,TG,Telangana,Construction of BT road from Mangi to Dampur from km 10/098 via  Thokiguda villages  of Tiryani Mandal of Komaram Bheem Asifabad District  - 10.07 Ha,Road,ROADS AND BUILDINGS DEPARTMENT,10.07,Disposed
FP/TG/ROAD/119562/2021,TG,Telangana,"Construction of BT road from Pangidi to Madura thanda from km 0/0 to 9/859 via  Chinnadoba, Peddadoba, Somuguda and Babjipet villages  of Sirpur (U)  Mandal of Komaram Bheem Asifabad District  - 3.037",Road,ROADS AND BUILDINGS DEPARTMENT,3.037,Disposed
FP/TG/OFC/150296/2021,TG,Telangana,Laying of OFC along the road within the existing RoW for execution of T-Fiber Project in Medak District -  2.7283 Ha,Optical Fibre Cable,TELANGANA FIBER GRID CORPORATION LIMITED,0.1868,PENDING WITH-SG
FP/TG/ROAD/57142/2020,TG,Telangana,Construction of BT road from Chinnaboinapallt to Kondai from km 0/0 to 16/0 in Eturunagaram mandal of Mulugu District -10.133 Ha,Road,R AND B DIVISION WARANGAL,10.133,Disposed
FP/TG/ROAD/122925/2021,TG,Telangana,Construction of BT road from Venkatapur to Kolamguda  from km 0/0 to 3/290  in Jannaram Mandal of Mancherial District - 2.3945 Ha,Road,EXECUTIVE ENGINEER RB MANCHERIAL,3.2943,Disposed
FP/TG/ROAD/122827/2021,TG,Telangana,Formation of BT road from Cheruvumundu Thanda to Doravarivempally  from km 0/00 to 7/400 at  Kothaguda Mandal  of Mahabubabad District -4.0555 Ha,Road,PANCHAYAT RAJ ENGINEERING DEPARTMENT,4.0555,Disposed
FP/TG/ROAD/123095/2021,TG,Telangana,Formation of BT road from L032-Mattewada to Veerampet  km 0/0 to 8/000  at Gudur Mandal of Mahabubabad District - 5.9359 Ha,Road,PANCHAYAT RAJ ENGINEERING DEPARTMENT,5.9359,Disposed
FP/TG/ROAD/40351/2019,TG,Telangana,Construction of causeway across Jarnpannavaagu at 0/140 krns on R/F R&B Road to Motlagudem of Govindaraopet(M) in  Mulugu District - 0.1339 Ha,Road,DIST PANCHAYATH RAJ ENGIEER PIU MULUGU DIST,0.0511,Disposed
FP/TG/ROAD/40352/2019,TG,Telangana,Construction of causeway across Jarnpannavaagu at 0/550  krns on PWD R&B Road to Muthapur of Govindaraopet(M) in Mulugu District - 0.5 Ha,Road,DIST PANCHAYATH RAJ ENGIEER PIU MULUGU DIST,0.0429,Disposed
WL/TG/Pipeline/406315/2022,TG,Telangana,"Diversion of 3.17 Ha of forest land in Khanapur forest division for construction of Construction of Laxmipur LIS on left flank of Kaddam river in Kadam (M) of Nirmal District in favor of Chief Engineer, Irrigation, Adilabad",Pipeline,,3.1699,Disposed
FP/TG/ROAD/5487/2020,TG,Telangana,Widening and Upgradation of the existing road from Allapalli to Mailaram in Bhadradri Kothagudem District - 1.25 Ha,Road,PANCHAYAT RAJ ENGINEERING DEPARTMENT,1.25,Disposed
FP/TG/ROAD/5488/2020,TG,Telangana,Widening and up-gradation of the existing road to Thunikibandla of Kinnerasani WLS Forest Division.,Road,PANCHAYAT RAJ ENGINEERING DEPARTMENT,0.358,Disposed
FP/TG/RAIL/34624/2018,TG,Telangana,Permission in an area of 189.6808 ha  for laying of new third BG railway line along the existing tacks within the railway boundary between MAkhudi and Rechni road railway stations in Komarambheem Asifabad and Mancherial District.,Railway,CHIEF ENGINEER CONSTRUCTION VI SECUNDERABAD,168.43,DFO
FP/TG/ROAD/6336/2022,TG,Telangana,Construction of Four Lane Access controlled New Greenfield Highway from Mancherial Warangal section of NH 163G under Nagpur-Vijaywada Corridorin the state of Telanganaunder Intercorridor route of Bharatmala Pariyojana  the total area of the project is 595.686 ha out of which 130 ha is falling under Eco sensitive Zone of Shiwaram Wildlife sanctuary,Road,KISHOR FULE,130.0,Disposed
FP/TG/WATER/19344/2016,TG,Telangana,"Telangana Water Grid - Segment No.1/8, Achampeta , Mahabubnagar Dist - 4.986 Ha",Drinking Water,"TELANGANA DRINKING WATER SUPPLY PROJECT, RWS&S",4.986,Disposed
FP/TG/TRANS/6612/2022,TG,Telangana,"Conversion of existing electrical line by using ABC lines for Thipagutta Habitation, Bhadradri Kothagudem District",Transmission Line,NORTHERN POWER DISTRIBUTION COMPANY OF TELANGANA LIMITED ( TSNPDCL),0.4898,Disposed
FP/TG/TRANS/6614/2022,TG,Telangana,Conversion of existing electrical lines  by using ABC cable from Dongatogu to ST Habitation,Transmission Line,NORTHERN POWER DISTRIBUTION COMPANY OF TELANGANA LIMITED ( TSNPDCL),0.8077,Disposed
FP/TG/TRANS/155854/2022,TG,Telangana,Conversion of existing electrical line by using ABC cable and extension of 3phase power supply to Adavi Ramavaram ST Habitation in Allampally Mandal  of Bhadradri Kothgudem  District,Transmission Line,NORTHERN POWER DISTRIBUTION COMPANY OF TELANGANA LIMITED ( TSNPDCL),1.5979,Disposed
FP/TG/TRANS/6615/2022,TG,Telangana,Conversion of existing electrical lines by using ABC cable from Ghanapuram to ST Habitation,Transmission Line,NORTHERN POWER DISTRIBUTION COMPANY OF TELANGANA LIMITED ( TSNPDCL),0.2193,Disposed
FP/TG/ROAD/119263/2021,TG,Telangana,"Construction of BT road from Govena to Jambuldhara from km 0/0 to 9/400 via Sidamguda, Nagaguda and Maraguda village of Lingapur Mandal of Komaram Bheem Asifabad District  - 3.412Ha",Road,ROADS AND BUILDINGS DEPARTMENT,4.654,Disposed
FP/TG/ROAD/119264/2021,TG,Telangana,"Construction of BT road from Kamana to Serkepalli from km 0/0 to 8/920 via Patakguda, Laxmpur, Lainguda village of Wankidi Manda! of Komaram Bheem Asifabad District  - 0.521Ha",Road,ROADS AND BUILDINGS DEPARTMENT,2.156,Disposed
FP/TG/TRANS/27465/2017,TG,Telangana,765 kV D/C Warora Pool Warangal (New) Transmission Line,Transmission Line,WARORA KURNOOL TRANSMISSION LIMITED,3.1142,Disposed
FP/TG/OFC/154345/2022,TG,Telangana,Laying of Optical Fiber Cable along the road from  Kaghaznagar to Kouthal to Yelur within the existing ROW  through Kagaznagar division of Komarambheem Asifabad District  1.1188 ha (0.9934 ha in forest and 0.1254 Ha in non forest),Optical Fibre Cable,TELESONIC NETWORK LIMITED.,0.9934,Disposed
FP/TG/ROAD/143080/2021,TG,Telangana,Providing BT Road from Rayadhari to Pochampally via Godumalla(V) of Pembi(M) in Nirmal District. 1.1221 ha,Road,TRIBAL WELFARE ENGINEERING DEPARTMENT,1.4637,Disposed
FP/TG/ROAD/142208/2021,TG,Telangana,Upgradation and Widening of existing road from earthen road to BT standards R&B Road to Allampally of Kaddam (M) of Nirmal District - 7.14 Ha,Road,PANCHAYAT RAJ ENGINEERING DEPARTMENT,7.14,Disposed
FP/TG/ROAD/40176/2019,TG,Telangana,Upgration of existing road from earthern road to BT standards from R&B road to Kosagutta of pembi mandal  of Nirmal District - 0.3893 Ha,Road,PANCHAYAT RAJ ENGINEERING DEPARTMENT,0.3893,Disposed
FP/TG/WATER/17929/2016,TG,Telangana,"Telangana Water Grid - Segment No.11/5, Markal , Nizamabad Dist - 0.671 Ha",Drinking Water,TELANGANA DRINKING WATER SUPPLY PROJECT,0.671,DFO
FP/TG/IRRIG/30173/2017,TG,Telangana,Excavation of Left Flank main canal and 8-R Distributory for Neelwai Project (Package -12)  in Mancherial District - 18.083 Ha,Irrigation,Irrigation Department,0.0,Disposed
FP/TG/WATER/19318/2016,TG,Telangana,"Telangana Water Grid - Segment No.21/8, Sirichelma , Adilabad Dist - 4.737 Ha",Drinking Water,TELANGANA DRINKING WATER SUPPLY PROJECT,4.737,Disposed
FP/TG/ROAD/39753/2019,TG,Telangana,"Upgration of existing road from earthern road to BT standards from Rasimatla to Korikal via Ankena, Rayadhari of Nirmal District - 4.2063 Ha",Road,PANCHAYAT RAJ ENGINEERING DEPARTMENT,4.2063,Disposed
FP/TG/OFC/145010/2021,TG,Telangana,Laying of OFC along the road within the existing RoW for execution of T-Fiber Project in Asifabad division of  Komarambheem Asifabad District - 3.8561 Ha,Optical Fibre Cable,TELANGANA FIBER GRID CORPORATION LIMITED,1.4199,Disposed
FP/TG/ROAD/53281/2020,TG,Telangana,Formation of BT Road from PWD Road to Neelavancha (km 9/550 to 13/120) at Gudur Mandal of Mahabubabad District - 3.2411 ha,Road,PANCHAYAT RAJ ENGINEERING DEPARTMENT,3.2411,Disposed
FP/TG/ROAD/156953/2022,TG,Telangana,"proposal for Diversion of Forest land of 3.291 Ha for road ""O-Dimda to Chittam Road from km 010 to 3/170 in Kumrambheem Asifabad District (including the construction of High Level Bridges at krn 4/850 & 5/340",Road,ROADS AND BUILDINGS DEPARTMENT,3.291,Disposed
FP/TG/ROAD/38426/2019,TG,Telangana,"Construction of BT road from Sirpur to Methandani via  Cheerapalli, Lingaguda, Ravanpally, Medipally , chinnamalini from Km 0/0 to 24/0 in Komarambheem Asifabad district - 8.6142 ha",Road,ROADS AND BUILDINGS DEPARTMENT,11.7465,Disposed
FP/TG/IRRIG/41494/2019,TG,Telangana,"Construction of Barrage across river Godavari near Thupakulagudem(v), Kannaigudem (M) under PVNRSSP. Phase-I, Package-I",Irrigation,CHIEF ENGINEER GLIS WARANGAL,27.9133,Disposed
FP/TG/ROAD/20864/2016,TG,Telangana,"Widening to Two Lane Road of Kothagudem - Mylaram Copper Mines Road, Mylaram - Chandralagudem Road, Rajapuram - UlvanoorRoad in Khammam Dist, - 38.798 Ha",Road,ROADS AND BUILDINGS DEPARTMENT,38.798,Disposed
FP/TG/ROAD/53718/2020,TG,Telangana,Upgradation and Widening of the existing road from Earthen road to BT standards from R/FPWD road to Alliguda via Potharaj templein Keramaeri mandal of Komarambheem Asifabad District - 1.2117 Ha,Road,PANCHAYAT RAJ ENGINEERING DEPARTMENT,1.2117,Disposed
FP/TG/WATER/19248/2016,TG,Telangana,"Telangana Water Grid - Segment No.3/2, Chandampet - Nalgonda Dist, 13.532 Ha",Drinking Water,"RURAL WATER SUPPLY AND SANITATION, UPPAL, TELANGANA",12.953,Disposed
FP/TG/OFC/142820/2021,TG,Telangana,Laying of OFC along the road within the existing RoW for execution of T-Fiber Project in Eturunagaram division of  Mulugu District  - 0.5873 Ha,Optical Fibre Cable,TELANGANA FIBER GRID CORPORATION LIMITED,0.4229,PENDING WITH-SG
FP/TG/TRANS/146646/2021,TG,Telangana,Erection of 33KV Interlinking Line at Sulugupally village in Bejjur (M) of Komarambheem Asifabad,Transmission Line,NORTHERN POWER DISTRIBUTION COMPANY OF TELEANGANA LIMITED,5.6901,Disposed
FP/TG/TRANS/146651/2021,TG,Telangana,Erection of 33KV Interlinking Line at Penchikalpet Village to loadpally Cut point in Penchikalpet Mandal of Komarambheem Asifabad,Transmission Line,NORTHERN POWER DISTRIBUTION COMPANY OF TELEANGANA LIMITED,6.6766,Disposed
FP/TG/ROAD/40354/2019,TG,Telangana,Upgration of existing road from earthern road to BT standards from R/F Ervachintal to Dattojipet upto Gangapur  of Khanapur mandal of Nirmal District - 1.3332 Ha,Road,PANCHAYAT RAJ ENGINEERING DEPARTMENT,1.3332,Disposed
FP/TG/ROAD/143149/2021,TG,Telangana,Upgradation and Widening of the existing road from earthen road to BT standards  from R&B road to Morriguda of Utnoor Mandal in Adilabad District - 1.5891 Ha,Road,PANCHAYAT RAJ ENGINEERING DEPARTMENT,1.5891,PENDING WITH-SG
FP/TG/WATER/18830/2016,TG,Telangana,"Telangana Water Grid - Segment No.22/8, Wankidi, Adilabad Dist - 3.655 Ha",Drinking Water,TELANGANA DRINKING WATER SUPPLY PROJECT,3.655,Disposed
FP/TG/WATER/18831/2016,TG,Telangana,"Telangana Water Grid - Segment No.22/9, Asifabad , Adilabad Dist - 4.158 Ha",Drinking Water,TELANGANA DRINKING WATER SUPPLY PROJECT,4.158,Disposed
FP/TG/WATER/19856/2016,TG,Telangana,"Telangana Water Grid - Segment No.15/7, Manthani, Karimnagar Dist - 7.762 Ha",Drinking Water,TELANGANA WATER GRID SUPPLY PROJECT,7.762,Disposed
WL/TG/Pipeline/405097/2022,TG,Telangana,"Diversion of forest land to extent of 0.9928 Ha in Nalgonda District, Nagarjuna Sagar forest Division for Peddagattu Lift Irrigation Scheme for  Execution of one Pump house and Laying of  700 & 1000 mm dia M.S Pipeline in forest land .",Pipeline,,0.9928,Disposed
FP/TG/WATER/18269/2016,TG,Telangana,"Telangana Water Grid - Segment No.23/3, Kotapally, Adilabad Dist - 3.386 Ha",Drinking Water,TELANGANA DRINKING WATER SUPPLY PROJECT,3.386,Disposed
FP/TG/ROAD/143077/2021,TG,Telangana,Providing BT Road from Pandawapur to Damguda of Kaddam(M) in Nirmal District,Road,TRIBAL WELFARE ENGINEERING DEPARTMENT,0.9704,DFO
FP/TG/WATER/19082/2016,TG,Telangana,"Telangana Water Grid - Segment No.22/15, Dhanora , Adilabad Dist - 4.804 Ha",Drinking Water,TELANGANA DRINKING WATER SUPPLY PROJECT,4.804,Disposed
FP/TG/WATER/20311/2016,TG,Telangana,"Telangana Water Grid - Segment No.25/7, Banjara, Khammam Dist , 6.926 Ha",Drinking Water,TELANGANA DRINKING WATER SUPPLY PROJECT,6.926,Disposed
FP/TG/ROAD/40085/2019,TG,Telangana,"Construction of BT road from Racherla to Arjunagutta via vechally, Royalapally, Sirsa, Annaram in Mancherial district - 15.9062 ha",Road,EXECUTIVE ENGINEER RB MANCHERIAL,15.9062,Disposed
FP/TG/MIN/5506/2020,TG,Telangana,"Cluster of  Ramagundam Mines [GDK No.1&3, 2&2A and 5 Incline, GDK Coal Mine (2&2A and 5 Incline), GDK No.11 Incline, GDK No.7-LEP, Ramagundam Coal Mine (Vakilpalli Mine, Adriyala longwall Project, GDK 10&10A Inclines, RGOC-I Exp. & RGOC-II Ext.) MOCP, RGOC III Exp. Ph-II.]",Mining,SINAGRENI COLLIERIES COMPANY LIMITED,3296.47,Disposed
FP/TG/IRRIG/35476/2018,TG,Telangana,JCR Devadula - Diversion of 4.99215 Ha (4.9256 ha in Warangal Rural and 0.06655 ha in Mulugu divisions) of forest land in Mulugu and Warangal(R) forest divisions for JCR DLIS Ramappa Pakhal Execution of Pipeline for laying of 2500 mm dia MS pipeline to carryput 8.2 cumecs discharge from Ramappa tank in  Jayashanker Bhupalpally dist in favour of I &,Irrigation,EXECUTIVE ENGINEER,4.99215,Disposed
FP/WB/OFC/51603/2020,WB,West Bengal,"THE PROPOSED ROUTE OF OFC CABLE FROM TIN MILE TO RANGBULL TIN MILE ALONG TINMILE-RANGBULL ROAD INSIDE FOREST AREA AT DARJEELING, (W.B.)Proposal of Diversion of 0.16 Ha of forest land in favour of Reliance Jio Infocomm Ltd at Senchal Wildlife Sanctuary along PWD Road  (3rd Mile to Mongpoo/Rambi) from 3rd Mile to Ranju valley Check Post for Rollout o",Optical Fibre Cable,Jio Digital Fibre Private Limited,0.16,Draft
FP/WB/RAIL/40708/2019,WB,West Bengal,SIVOK RANGPO NEW BG RAIL LINE PROJECT,Railway,NORTH EAST FRONTIER RAILWAY,1.5278,Disposed
FP/WB/Others/33843/2018,WB,West Bengal,Roll Out of 4th Generation (4G) Broadband Services in West Bengal in BichaBhanga,Others,Jio Digital Fibre Private Limited,0.0225,DFO
FP/WB/Approach/30899/2017,WB,West Bengal,Teesta Low Dam IV Power Station,Approach Access,NHPC LIMITED,0.157,Under Examination
FP/WB/ROAD/11490/2015,WB,West Bengal,Asian Highway 48,Road,PUBLIC WORKS ROADS DIRECTORATE,7.8659,PENDING WITH-SG
FP/WB/OFC/145628/2021,WB,West Bengal,Proposal of Diversion of 0.19989 Ha of forest land in favour of Reliance Jio Infocomm Ltd from 8th Mile/Sonada to Jore Bunglow through Senchal Wildlife Sanctuary (PA),Optical Fibre Cable,Jio Digital Fibre Private Limited,0.3998,DFO
FP/OR/ROAD/20160/2016,OR,Orissa,Widening & strengthening to NH-220 from km 35/700 to 71/120 km (Rairangpur - Jashipur section,Road,EXECUTIVE ENGINEER NHDIVISION BARIPADA,0.0,PENDING WITH-SG
FP/OR/WATER/21815/2016,OR,Orissa,"Bulk Water Supply to IIT, NISER, INFOCITY-II & other adjoining areas",Drinking Water,EXECUTIVE ENGINEER PHASE DIVISION III,4.31,Disposed
FP/OR/Others/17057/2015,OR,Orissa,Establishment of Lighthouse as advised by Central Advisory Committee for Lighthouses (CACL),Others,DIRECTORATE OF LIGHT HOUSES AND LIGHTSHIPS KOLKATA,0.0,Disposed
FP/OR/ROAD/148087/2021,OR,Orissa,"Rehabilitation and Upgradation to Four laning of 7.6 km stretch (km 229.00 to km 236.600) inside buffer zone of Similipal Tiger Reserve of Baharagora to Singhara Section (km 199.200 to km 310.806) of NH-6 in the State of Odisha under NHDP Phase- IV, on EPC mode",Road,NATIONAL HIGHWAY AUTHORITY OF INDIA PIU BALASORE,0.0,Disposed
FP/OR/ROAD/17548/2016,OR,Orissa,"Improvement of road and CD Works to Nh-6 to Odasingh road in Jamankira block of Sambalpur District under Pradhan Mantri Gram Sadak Yojana (PMGSY), Government of India.",Road,CHIEF ENGINEER,3.849,DFO
FP/OR/Others/53/2015,OR,Orissa,CONSTRUCTION OF JETTY AND PUBLIC RAIN SHELTER AT TALACHUA IN KENDRAPARA DISTRICT,Others,DIRECTORATE OF PORTS AND INLAND WATER TRANSPORT,0.2,Disposed
FP/OR/Others/4741/2019,OR,Orissa,IMPROVEMENT OF JETTY AND PUBLIC RAIN SHELTER AT KASTURIKANA IN BHADRAK DISTRICT,Others,DIRECTORATE OF PORTS AND INLAND WATER TRANSPORT,0.08,Disposed
FP/OR/ROAD/26360/2017,OR,Orissa,"Improvement of road and c.d works to ""NH6 to Sarda"" in Jamankira Block of Sambalpur District.",Road,CHIEF ENGINEER,2.159,DFO
FP/OR/IRRIG/27418/2017,OR,Orissa,Rengali Irrigation Project,Irrigation,"JICA PROJECT, BRAHMANI LEFT BASIN, SUKINDA",7.562,Disposed
FP/OR/ROAD/17550/2016,OR,Orissa,REHABILITATION AND UPGRADATION OF NH-6 PACKAGE-1 BAHARGORA TO SINGARA (KM 199.200 TO KM 310.806) SECTION OF NH-6 IN THE STATE OF ORISSA,Road,NATIONAL HIGHWAY AUTHORITY OF INDIA PIU BALASORE,0.0,Disposed
FP/OR/Others/74/2015,OR,Orissa,CONSTRUCTION OF JETTY AND PUBLIC RAIN SHELTER AT GUPTI IN KENDRAPARA DISTRICT,Others,DIRECTORATE OF PORTS AND INLAND WATER TRANSPORT,0.368,Disposed
FP/OR/ROAD/17495/2016,OR,Orissa,"Improvement of road and C.D. works to NH-6 Tansara Road in Jamankira  block of Sambalpur District under Pradhan Mantri Gram Sadak Yojana, Government of India.",Road,CHIEF ENGINEER,1.61,DFO
FP/OR/ROAD/3790/2019,OR,Orissa,Widening & Strengthening of the (existing Road) Baripada-Bamanghaty road S.H-50 to double lane with paved shoulder from 0/00 km to 26/000 km (Bisoi to Rairangpur) under Inter State Connectivity Scheme,Road,EXECUTIVE ENGINEER RAIRANGPUR RB DIVISION,19.8,PENDING WITH-SG
FP/OR/Others/4467/2019,OR,Orissa,IMPROVEMENT TO PASSENGER JETTY AND PUBLIC RAIN SHELTER AT NIMTALA IN BHADRAK DISTRICT,Others,DIRECTORATE OF PORTS AND INLAND WATER TRANSPORT,0.08,Disposed
FP/OR/Others/621/2016,OR,Orissa,PRAMOD ECO RESORTS,Others,PADMA HOSPITALITY PVT LTD,1.416,PENDING WITH-SG
FP/OR/Others/5841/2021,OR,Orissa,CONSTRUCTION OF RO-PAX JETTY AND ALLIED INFRASTRUCTURE AT KANINALI IN BHADRAK DISTRICT,Others,DIRECTORATE OF PORTS AND INLAND WATER TRANSPORT,0.5,DFO
FP/OR/ROAD/31840/2018,OR,Orissa,"Construction of 200 feet master plan road from Rail Vihar to Ekamrakanan over a stretch of 1.930 KM  under Executive Engineer (R&B) Division  (No-III), bhubaneswar and under Tahasil: Bhubaneswar of Khurdha District.",Road,"EXECUTIVE ENGINEER, BBSR (R&B) DIVISION NO.III. BHUBANESWAR",9.197,Disposed
FP/OR/WATER/6499/2022,OR,Orissa,Intake works & forest clearance-Mega Rural Piped Water Project to 200 nos. of Villagers Pertaining to Hatadihi Block in Keonjhar District,Drinking Water,AMIYA PARIJA,0.06,Pending With UA
FP/OR/Others/5944/2021,OR,Orissa,"Proposal for rationalization of Karlapat Wildlife Sanctuary Boundary/Area of Kalahandi South Division, Odisha",Others,"DIVISIONAL FOREST OFFICER-CUM-WILDLIFE WARDEN, KALAHANDI SOUTH DIVISION",19399.8,Disposed
FP/OR/RAIL/34204/2018,OR,Orissa,"Propasal for diversion of 24.188ha of forest land for construction of Budhapank-Salegaon 3rd & 4th Railway line Project, (0-85km)",Railway,DCE CON I EAST COAST RAILWAY,0.788,Disposed
FP/JH/ROAD/3763/2018,JH,Jharkhand,PMGSY Road from Siyarkoni to Garmorwa in Gautam Budha Wildlife Sanctuary.,Road,"RDD (RWD) WORK DIVISION, INDERPURI CHOWK, HAZARIBAG",1.7894,Disposed
FP/JH/Others/1982/2017,JH,Jharkhand,KANTALDIH,Others,"ATOMIC MINERALS DIRECTORATE FOR EXPLORATION AND RESEARCH,EASTERN REGION,JAMSHEDPUR",977.0,Under Examination
FP/JH/ROAD/2533/2018,JH,Jharkhand,4/6 lanning of Ratgaon Mahulia Section of NH-33,Road,NATIONAL HIGHWAYS AUTHORITY OF INDIA PIU RANCHI,4.117,Pending With CF
FP/JH/ROAD/4346/2019,JH,Jharkhand,Widening to intermediate lane (5.50m) & Re-Construction of Kutmu-Garu-Mahuadanr Road (SH-09) including replacement of bridge and 50 nos. of culverts in KM 0.00 to KM 80.372 (Total Length - 80.372 KM),Road,EE RCD LATEHAR,19.8,DFO
FP/JH/ROAD/34304/2018,JH,Jharkhand,4-laning of Koderma-Meghatari section (Km 27.665 to Km 47.700) of NH-31,Road,NATIONAL HIGHWAYS AUTHORITY OF INDIA PIU HAZARIBAGH,57.591,Pending With UA
FP/JH/MIN/2083/2018,JH,Jharkhand,purnadih graphite mine,Mining,MOHAN MINERALS,0.0,Disposed
FP/JH/MIN/925/2016,JH,Jharkhand,Rajmahal Kaolinised Sandstone Mines,Mining,MS DALMIA AGENCIES LIMITED,0.0,Disposed
FP/JH/MIN/2681/2018,JH,Jharkhand,Murma Graphite Mine,Mining,MURMA GRAPHITE MINE,0.0,Pending With UA
FP/JH/RAIL/5781/2021,JH,Jharkhand,Wildlife Clearance Proposal for 'Construction of 3rd Railway line between Patratu- Sonnagar at Kechki Village (km 271.160 to Km 272.500)- (Package- 3)' in state of Jharkhand,Railway,"RVNL, RANCHI",2.948,Disposed
FP/JH/TRANS/23169/2016,JH,Jharkhand,Construction of 11 KV line (from Pokhariya village to Rajderwa) in Ichak block of Hazaribag district,Transmission Line,JHARKHAND BIJLI VITRAN NIGAM LIMITED,5.76,Draft
FP/JH/QRY/1571/2017,JH,Jharkhand,Churchu Stone Mine,Quarrying,JAY HANUMAN STONE WORKS,0.0,Pending With UA
FP/JH/QRY/1572/2017,JH,Jharkhand,Churchu Stone Mine,Quarrying,GANESH STONE WORKS,0.0,Pending With UA
FP/JH/Others/20633/2016,JH,Jharkhand,CRPF-CAMP (MB-01 @ Parasanath),Others,SP OFFICE,2.02,Disposed
FP/JH/Others/20641/2016,JH,Jharkhand,CRPF-CAMP (MB-02 @ Parasanath),Others,SP OFFICE,2.02,Disposed
FP/JH/Others/20642/2016,JH,Jharkhand,CRPF-CAMP (MB-03 @ Parasanath),Others,SP OFFICE,2.02,Disposed
FP/JH/QRY/1568/2017,JH,Jharkhand,Churchu - Pundri Stone Mine,Quarrying,PRAMOD KUMAR,0.0,Pending With UA
FP/JH/QRY/1569/2017,JH,Jharkhand,KANDADAG STONE MINE,Quarrying,M/S SHYAM SUNDER MEHTA,0.0,Pending With UA
FP/JH/ROAD/5248/2020,JH,Jharkhand,Pasagam to Pasagam Road Package No JH/02/TKE/145 L 4.00 KM Under PMGSY,Road,RURAL DEVELOPMENT SPECIAL DIVISION,0.8506,Disposed
FP/JH/MIN/958/2016,JH,Jharkhand,Raibazar Kaolinised Sandstone,Mining,STANDARD MERCANTILE COMPANY (MINING DIVISION) PVT LTD,0.0,Disposed
FP/JH/RAIL/5771/2021,JH,Jharkhand,Wildlife Clearance Proposal for 'Construction of 3rd Railway line between Patratu- Sonnagar- Package- 4 (km 235.421 to Km 248.756)' in state of Jharkhand,Railway,"RVNL, RANCHI",29.8462,Disposed
FP/JH/Others/4341/2019,JH,Jharkhand,Construction of 500 bedded Government Hospital at Jamshedpur,Others,JHARKHAND STATE BUILDING CONSTRUCTION CORPORATION LIMITED,0.0,Draft
FP/JH/ROAD/138926/2021,JH,Jharkhand,"Balance Work of Four laning of NH-33, (Rargaoan-Jamshedpur Section)",Road,PIU JAMSHEDPUR NHAI,0.687,Disposed
FP/JH/MIN/15444/2015,JH,Jharkhand,portango stone mine,Mining,RAM CHANDER MEHTA MANOJ KUMAR MEHTA AMITABH KUMAR,10.16,Draft
FP/JH/Others/26990/2017,JH,Jharkhand,Nature and Wildlife Awareness Centre,Others,DC KODERMA,0.267,Disposed
FP/JH/ROAD/49703/2020,JH,Jharkhand,Reconstruction of Kutmu- Garu- Mahuadanr Road,Road,"EXECUTIVE ENGINEER, ROAD CONSTRUCTION DEPARTMENT, ROAD DIVISION, LATEHAR",21.94,Pending With UA
FP/JH/ROAD/45091/2020,JH,Jharkhand,Six Laning of  the project from Chordaha (Jharkhand – Bihar border) to Gorhar of NH-2,Road,NATIONAL HIGHWAYS AUTHORITY OF INDIA PIU HAZARIBAGH,32.81,DFO
FP/JH/RAIL/18720/2016,JH,Jharkhand,Dedicated Freight Corridor,Railway,DFCCIL,82.8,Disposed
FP/JH/ROAD/4985/2020,JH,Jharkhand,Straightening of Existing Katcha Road( Survey/Forest Road) in Gautam Budha Wildlife SanctuarStraightening of Existing Katcha Road( Survey/Forest Road) in Gautam Budha Wildlife Sanctuary,Road,RURAL DEVELOPMENT SPECIAL DIVISION  HAZARIBAGH,2.6947,Pending With UA
FP/JH/MIN/2132/2018,JH,Jharkhand,Sohgara Graphite Mine of M/s Vinira Minerals,Mining,MS VINIRA MINERALS,0.0,Disposed
FP/JH/MIN/2625/2018,JH,Jharkhand,Gaura Graphite Mine,Mining,SRI SHISHIR KUMAR PODDAR,4.664,DFO
FP/JH/QRY/1546/2017,JH,Jharkhand,KANDDAG STONE MINES,Quarrying,MS JAI MATA METALS,0.0,Pending With UA
FP/JH/TRANS/36983/2018,JH,Jharkhand,Electrification of Phulwaria Village in Koderma,Transmission Line,JHARKHAND BIJLI VITRAN NIGAM LIMITED,0.175,Disposed
FP/JH/MIN/1663/2017,JH,Jharkhand,Saidpur Bujrug China Clay and Silica Sand Mine,Mining,MS SMT AGNES SELINA MAND,0.0,Disposed
FP/JH/MIN/2427/2018,JH,Jharkhand,Ahari Stone Mine,Mining,SHARIQUE AKHTAR,0.0,Draft
FP/JH/ROAD/45212/2020,JH,Jharkhand,"Construction of culvert over Harhi Nala at Village- Karwamadai, Panchayat- Chungru, Block- Barwadih, Latehar",Road,"EXECUTIVE ENGINEER, RDSD, LATEHAR",0.0244,Disposed
FP/JH/OFC/47925/2020,JH,Jharkhand,Laying OFC of Reliance Jio Infocomm Ltd on Chhipadohar- Mahuadanr & Garu- Bijaypur Road in Latehar District of Jharkhand,Optical Fibre Cable,Jio Digital Fibre Private Limited,2.4447,PENDING WITH-SG
FP/JH/Others/36290/2018,JH,Jharkhand,Digamber Jain Temple,Others,SHRI DIGAMBAR JAIN SAMMEDACHAL VIKAS COMMITTEE,0.016,Pending at Chief Wildlife Warden
FP/BR/ROAD/33851/2018,BR,Bihar,"Construction of all weather road. Only clearing of vegetation may required, no cutting of tree of trimming of branches will be required along the alignment of Forest Clearance PMGSY Road from L039-Kham Kala Lo38 to Chaudharna (VR 18) in Bhabhua District",Road,EXECUTIVE ENGINEER RWD WORKS DIVISION BHABUA,5.95,Disposed
FP/BR/ROAD/33859/2018,BR,Bihar,"Construction of all weather road. Only clearing of vegetation may required, no cutting of tree of trimming of branches will be required along the alignment of Forest Clearance PMGSY Road from L030 Lohra T01 to Morpa (VR 9) in Bhabhua District PMGSY Road",Road,EXECUTIVE ENGINEER RWD WORKS DIVISION BHABUA,13.723,Disposed
FP/BR/ROAD/44718/2020,BR,Bihar,"Construction of all weather road. Only clearing of vegetation may required, no cutting of tree or trimming of branches will be required along the alignment of T01 to Khondhar Road of Adhaura Block in",Road,EXECUTIVE ENGINEER RWD WORKS DIVISION BHABUA,4.8,Disposed
FP/BR/RAIL/2896/2018,BR,Bihar,SAKRI-HASANPUR ROAD NEW RAIL LINE,Railway,DY CHIEF ENGINEER/CONSTRUCTION/EC RAILWAY/SAMASTIPUR,38.0,Disposed
FP/BR/ROAD/2738/2018,BR,Bihar,Six laning of Aurangabad to Barwa Adda (KM 180.000 to 398.750) section of NH-2 in the States of Bihar and Jharkhand Submission of Wild Life Clearance Proposal for Issuance of NOC,Road,PROJECT DIRECTOR NHAI SASARAM,0.5554,DFO
FP/BR/Others/37493/2018,BR,Bihar,Reliance Jio Infocomm Limited,Others,Jio Digital Fibre Private Limited,0.087132,Pending With UA
FP/BR/ROAD/36499/2018,BR,Bihar,Construction of 2x2 lane Bridge across river Ganga between Sultanganj and Aguwani ghat with approach Road connecting NH-80 and NH-31. It is a linear project.,Road,SENIOR PROJECT ENGINEER BIHAR RAJYA PUL NIRMAN NIGAM LTD SPECIAL WORKS DIVISION KHAGARIA,4.22,Disposed
FP/BR/Others/38083/2019,BR,Bihar,Reliance Jio Infocomm Limited,Others,Jio Digital Fibre Private Limited,0.09864,Pending With CF
FP/BR/OFC/4832/2020,BR,Bihar,Dobhi-Barachatti OFC Forest Route in Gaya Division,Optical Fibre Cable,Jio Digital Fibre Private Limited,0.70308,PENDING WITH-SG
FP/BR/Others/6050/2021,BR,Bihar,The Alignment of proposed integrated building parking landscaping and Site development at Rajgir Notified PF of Rajgir Wildlife Sanctuary in Nalanda District,Others,NESAMANI K,2.3973,Disposed
FP/BR/ROAD/40700/2019,BR,Bihar,Construction of four laning of Rajauli- Bakhtiyarpur section from Km 47+723 to Km 54+405 of NH-31 (Package-I) in the State of Bihar,Road,NATIONAL HIGHWAYS AUTHORITY OF INDIA PIU PATNA,10.368,Disposed
FP/BR/Others/42268/2019,BR,Bihar,"The Tourism Department , Govt. of Bihar has been promoting tourist for ritual worship in the Maa Mundeshwari Devi temple situated at the top of Mundeshwari Hill in Bhagwanpur Block under Kaimur Distri",Others,BIHAR RAJYA PUL NIRMAN NIGAM LTD WORKS DIVISION ARA,1.3094,Disposed
FP/BR/Others/6298/2022,BR,Bihar,Beautification of Brari Ghat (RFD) Bhagalpur under Smart City Mission,Others,BHAGALPUR SMART CITY LIMITED,2.54,Disposed
FP/BR/OFC/47169/2020,BR,Bihar,"BBNL Optical fiber Through HDD, JCB & Manual Cable laying for existing part of Kaimur District as per CAD DRG for Network clarity. Map enclosed with highlighted area Kaimur District (Block Adhaura)",Optical Fibre Cable,CONSULTANT (T) CGM BBNL BIHAR,3.99,Disposed
FP/BR/ROAD/36702/2018,BR,Bihar,For Public intrest it is necessary to constructed bituminous road from Bhaluachatti to Badkichappi,Road,EXECUTIVE ENGINEER RCD ROAD DIVISION SHERGHATI GAYA,4.725,DFO
FP/BR/Others/35995/2018,BR,Bihar,The proposal for renovation and extension of Gurudwra Sri Gurunanak Sheetal Kund Rajgir Nalanda Bihar. For this purpose 0.50 ha of forest land is required in Nalanda District,Others,DEPARTMENT OF TOURISM GOVT OF BIHAR,0.5,Disposed
FP/BR/WATER/33325/2018,BR,Bihar,Rajgir Nager Panchyat facing acute water shortage every year in order to meet the public requirement the PHED Biharsharife has entrusted to ensure water supply from Falgu River in Nawada district through under ground pipeline the pipeline has to be passed along NH-82 to supply safe drinking water.,Drinking Water,EXECUTIVE ENGINEER P H DIVISION BIHARSHARIF,0.360636,Disposed
FP/BR/VELEC/37236/2018,BR,Bihar,Village electrification under Deen Dayal Upadhyay Grameen Vidhyuthikaran Yojana,Village Electricity,SOUTH BIHAR POWER DISTRIBUTION COMPANY LIMITED,4.94,Pending With UA
WL/BR/Others/409738/2022,BR,Bihar,Entry Level Activities I. E. Repair/ Modernization/ New Construction of Ghats Including Public Amenities/ Crematoria/ River Front Development Works/ Etc Under National Mission of Clean Ganga,Others,,0.0318,Migrated to Parivesh 2
FP/BR/WATER/148202/2021,BR,Bihar,Proposal For Seeking Prior Approval Under Forest Act For Commissioning OF Pipeline From Motnaje to Mugr Barahari Under Ganga Water Lift Project For Drinking Water Phase-I,Drinking Water,EXECUTIVE ENGINEER IRRIGATION DIVISION BIHARSHARIF,0.3147,Disposed
FP/BR/RAIL/17585/2016,BR,Bihar,Dedicated Freight Corridor,Railway,DFCCIL,63.85,Disposed
FP/BR/Others/41294/2019,BR,Bihar,Reliance Jio Infocomm Ltd.,Others,Jio Digital Fibre Private Limited,0.36579,Pending With UA
FP/BR/Others/6332/2022,BR,Bihar,Development of Public Recreational Space at Jogsar,Others,BHAGALPUR SMART CITY LIMITED,4.19,DFO
FP/BR/ROAD/5586/2020,BR,Bihar,Construction of New 4 lane Bridge (Parallel to existing Vikramshila Setu) from Km 8+920 to Km 13+375 (including Approach road 35 m Naugachhia side and 53 m Bhagalpur side) across river ganga on newly declared NH-131B at Bhagalpur  in the State of Bihar,Road,BIHAR RAJYA PUL NIRMAN NIGAM LIMITED,4.1474,Disposed
FP/BR/VELEC/18851/2016,BR,Bihar,Rajiv Gandhi Grameen Vidyutikaran Yojana (RE- DDUGJY XIIth Plan)),Village Electricity,SOUTH BIHAR POWER DISTRIBUTION COMPANY LIMITED PATNA BIHAR,12.02,Pending With UA
FP/BR/ROAD/35128/2018,BR,Bihar,"Construction of all weather road. Only clearing of vegetation may required, no cutting of tree of trimming of branches will be required along the alignment of Forest Clearance PMGSY Road from L027-T01 to Bahera (VR 7) in Bhabhua District",Road,EXECUTIVE ENGINEER RWD WORKS DIVISION BHABUA,9.17,Disposed
FP/BR/ROAD/34924/2018,BR,Bihar,"Construction of all weather road. Only clearing of vegetation may required, no cutting of tree of trimming of branches will be required along the alignment of Forest Clearance PMGSY Road from L026-L024 to Kaadharr Kala (VR 6) in Bhabhua District. Proposal for Forest Clearance PMGSY Road from L026-L024 to Kaadharr Kala (VR 6)",Road,EXECUTIVE ENGINEER RWD WORKS DIVISION BHABUA,12.46,Disposed
FP/BR/ROAD/34907/2018,BR,Bihar,"Construction of all weather road. Only clearing of vegetation may required, no cutting of tree of trimming of branches will be required along the alignment of Forest Clearance PMGSY Road from L056 Bhaganda-L062 to semra (VR 47) in Bhabhua District.",Road,EXECUTIVE ENGINEER RWD WORKS DIVISION BHABUA,0.875,Disposed
FP/AS/THE/499/2015,AS,Assam,:   NTPC BgTPP (National Bongaigaon Thermal Power Project),Thermal,NTPC,0.0,Disposed
FP/AS/IND/874/2016,AS,Assam,INDAdeptG  project of Guwahati Refinery,Industry,INDIAN OIL COPERATION LIMITED,0.0,Disposed
FP/AS/IND/876/2016,AS,Assam,INDMAX REVAMP OF GUWAHATI REFINERY,Industry,INDIAN OIL COPERATION LIMITED,0.0,Disposed
FP/AS/TRANS/119559/2021,AS,Assam,Diversion of Forest Land for 11 nos. of Tower Location (123 to 136A) against “Diversion work of 132KV S/C Haflong-Jiribam transmission line of POWERGRID in the section between tower location no. 104 to location no. 164 for facilitating the construction of NH-54 (E) under Borail Wildlife Sanctuary under Cachar Dist. of Assam State,Transmission Line,POWERGRID CORPORATION OF INDIA LIMITED,9.23,Disposed
FP/AS/MIN/1614/2017,AS,Assam,"Extended Reach Drilling (ERD) under Dibru Saikhowa National Park from Baghjan PML of Tinsukia District, Assam",Mining,OIL INDIA LIMITED,0.0,Disposed
FP/AS/MIN/1761/2017,AS,Assam,Onshore Oil & Gas exploration drilling (3 wells) in Deomali PEL area in Tirap and Changlang Districts in the State of Arunachal Pradesh,Mining,OIL INDIA LIMITED,0.0,Pending at Chief Wildlife Warden
FP/AS/TRANS/19330/2016,AS,Assam,Proposal for diversion of 208.807 Hectare forest land for construction of 400 kV D/C (Quad) Jigmelling-Alipurduar Transmission Line in the State of Assam,Transmission Line,POWERGRID CORPORATION OF INDIA LIMITED,208.807,Disposed
FP/AS/ROAD/722/2016,AS,Assam,Four laning work from km 0 to km 17.3 of NH-37A,Road,MORTH (NHIDCL),6.0,Disposed
FP/PB/ROAD/6021/2021,PB,Punjab,Construction of bridge across Beas River for widening & improvement of existing 2-lane to 4 laning from Ghoman (Ch: 54+000) to near Pandori village (Ch: 85+500) section of NH-503A in the State of Punjab.,Road,NATIONAL HIGHWAY AUTHORITY OF INDIA,1.4,DFO
FP/PB/ROAD/4616/2019,PB,Punjab,Construction of Pontoon Bridge Nangal Township to Bibhor Sahib and its,Road,EXECUTIVE ENGINEER CONSTRUCTION DIVISION PWD B AND R BR,1.517,Pending With UA
FP/PB/ROAD/35821/2018,PB,Punjab,The proposal is for obtaining wildlife clearance for Div. of 22.1701 Ha. Forest Land from KM 5.405 to KM 22.830 of the road passing through Aboahar Wild life Sanctuary (including Eco Sensitive Zone) for the part of project Rehabilitation & Upgradation to 2 Lane with paved Shoulders of Abohar Dabwali Road from Km. 0.00 to Km. 50.885 of NH354E,Road,EXECUTIVE ENGINEER CENTRAL WORKS DIVISION  PWD BR ABOHAR,22.17,Disposed
FP/PB/ROAD/5477/2020,PB,Punjab,Construction of bridges across Beas river and Kali Bein River as part of Development of Punjab Section from Km 135+056 to Km 397+712 of Delhi - Katra Expressway including Green field Connectivity to Amritsar (starts at Km 306+000 of Delhi – Katra Expressway and ends at Amritsar – Ajnala Road NH-354 for a total length of 99 Km),Road,NATIONAL HIGHWAY AUTHORITY OF INDIA PIU LUDHIANA (EXPRESSWAY),20.4,Disposed
WL/PB/MinorCanal/421503/2023,PB,Punjab,Concrete Lining of Kotli Distributary System with 10% enhanced capacity from RD 8850 to 11800 (900 mtr.) and Kakrala Minor RD 0-6000 (1829.26 mtr.) and Construction of Head regulator of Kakrala Minor,MinorCanal,,33400.46094,Disposed
FP/HR/Others/6172/2021,HR,Haryana,JMS Infra Reality Pvt Ltd.,Others,JMS INFRA REALITY PRIVATE LIMITED,6.7,DFO
FP/HR/IRRIG/148792/2021,HR,Haryana,Diversion of 23.03 Ha of forest land for construction of proposed Kansli dam.,Irrigation,HARYANA IRRIGATION DEPARTMENT YAMUNA NAGAR,23.48,Disposed
FP/HR/IRRIG/149579/2021,HR,Haryana,Diversion of 40.56 Hac of land for Construction of proposed Khillanwala dam,Irrigation,HARYANA IRRIGATION DEPARTMENT YAMUNA NAGAR,40.98,Disposed
FP/HR/DISP/6042/2021,HR,Haryana,"National Institute of Ayurveda, Panchkula, Haryana at Sector 5-D, Shree Mata Mansa Devi Shrine Board, Panchkula, Haryana by “Ministry of Ayush”",Dispensary/Hospital,"NATIONAL INSTITUTE OF AYURVEDA, MINISTRY OF AYUSH, GOVERNMENT OF INDIA",8.04,Disposed
FP/HR/Others/4493/2019,HR,Haryana,Affordable Group Housing Colony Project,Others,SIGNATURE INFRABUILD PVT LTD,0.0,Disposed
FP/HR/Others/5208/2020,HR,Haryana,"Affordable Group Housing Colony Project at Revenue Estate of Village- Dhorka, Sector- 95, Gurugram, Haryana by M/s Sternal Buildcon Private Limited",Others,M/S STERNAL BUILDCON PRIVATE LIMITED,0.0,Disposed
FP/HR/Others/5100/2020,HR,Haryana,"“SGT University” (Medical College cum Hospital and Research Institute) at Village-Budhera Dist.-Gurugram, Haryana",Others,M/S DASHMESH EDUCATIONAL CHARITABLE TRUST,21.29924,Disposed
FP/HR/Others/2653/2018,HR,Haryana,Expansion of affordble group housing project,Others,M/S FOREVER BUILDTECH PRIVATE LIMITED,0.0,Disposed
FP/HR/IRRIG/150870/2022,HR,Haryana,Diversion of 7.42 Hac of land for proposed Chikan dam,Irrigation,HARYANA IRRIGATION DEPARTMENT YAMUNA NAGAR,21.47,Disposed
FP/HR/ROAD/149699/2021,HR,Haryana,"Diversion of Forest Land for Widening & Strengthening of Road (MDR -118) from Sector-32, Panchkula to Morni Road (From KM 0- KM 17.7) in Distt. – Panchkula",Road,PROVINCIAL DIVISION PWD R&D PANCHKULA,8.757,Disposed
FP/HR/Others/4300/2019,HR,Haryana,"proposed Clinker Grinding Unit with Cement Production Capacity of 5.0 MTPA (Phase-I: 2.5 MTPA & Phase-II: 2.5 MTPA) and D.G. Set (6.5 MW) at Village: Jhanswa, Sub Tehsil: Sahalawas, Tehsil: Matanhail, District: Jhajjar (Haryana).",Others,WONDER CEMENT LIMITED,0.0,DFO
WL/HR/Others/420554/2023,HR,Haryana,"Affordable Group Housing Colony by  M/s Mega Infratech Pvt. Ltd. at Village- Garhi Harsaru, Sector 95 B, Gurugram",Others,,0.0,Migrated to Parivesh 2
FP/HR/IRRIG/149591/2021,HR,Haryana,DIVERSION OF 42.87 Ha of forest land for construction of Ambawali Dam,Irrigation,HARYANA IRRIGATION DEPARTMENT YAMUNA NAGAR,43.76,Disposed
FP/KL/VELEC/25412/2017,KL,Kerala,ELECTRIFICATION OF ROSEMALA AREA UNDER TOTAL ELETRIFICATION SCHEME OF GOVT OF KERALA,Village Electricity,KERALA STATE ELECTRICITY BOARD LTD,0.035,Disposed
FP/KL/ROAD/42244/2019,KL,Kerala,Six laning of Vadakkenchery - Thrissur section of NH 544,Road,National Highways Authority of India,0.9984,Disposed
FP/KL/QRY/5269/2020,KL,Kerala,"M/s Pynadath Granites Pvt. Ltd. has a quarry project located at Survey Nos. 2066/1, 2067/2, 2063, 2057, 2056/2, 3, 2067/1, Kuttichira Village, Kodassery Panchayath, Chalakudy Taluk, Thrissur District, Kerala",Quarrying,PYNADATH GRANITES PVT. LTD.,0.0,Pending at CWLW for Final Disposal
FP/KL/IRRIG/12012/2015,KL,Kerala,Mullai Periyar dam - Baby dam Strengthening,Irrigation,EXECUTIVE ENGINEER,0.25,Pending With UA
FP/KL/Others/21287/2016,KL,Kerala,"KTDC Ltd., Provision of accommodation and other services to the visitors",Others,"KERALA TOURISM DEVELOPMENT CORPORATION LTD.,",8.58,Pending at Chief Wildlife Warden
FP/KL/Others/4035/2019,KL,Kerala,"Residential cum Commercial Project jointly developed by M/s Puravankara Ltd., M/s Melmont Construction Pvt. Ltd. and M/s Purva Realties pvt. Ltd. at Edappally South and Vazhakkala Villages, Kanyannur Taluk, Ernakulam District, Kerala",Others,"PURAVANKARA LTD, MELMONT CONSTRUCTION PVT LTD AND PURVA REALTIES PVT LTD",0.0,Disposed
FP/KL/QRY/5262/2020,KL,Kerala,M/s Vilamana Industries,Quarrying,VILAMANA INDUSTRIES,0.0,Pending at CWLW for Final Disposal
FP/KL/MIN/4693/2019,KL,Kerala,Shri. David PV,Mining,GRANITE BUILDING STONE OF  DAVID P V,0.0,Pending at CWLW for Final Disposal
FP/KL/QRY/5154/2020,KL,Kerala,M/s New Bharat Stone Crusher & Hollow Bricks Industries,Quarrying,M/S NEW BHARAT STONE CRUSHER AND HOLLOW BRICKS INDUSTRIES,0.0,DFO
FP/KL/Others/34246/2018,KL,Kerala,"Holyday Home For Workers,Kumily,Idukki",Others,HOLIDAY HOME FOR WORKERS-KERALA LABOUR WELFARE FUIND BOARD,2.864,Pending at Chief Wildlife Warden
FP/KL/QRY/6299/2022,KL,Kerala,Granite Building Stone Quarry  of M/s Valad Granites,Quarrying,M/S VALAD GRANITES,0.0,DFO
FP/KL/Others/5034/2020,KL,Kerala,Integrated Urban Regeneration and water Transport System(IURWTS) in Cochin,Others,KOCHI METRO RAIL LIMITED,0.0,Disposed
FP/KL/IND/2836/2018,KL,Kerala,Ganesh Benzoplast Limited,Industry,M/S GANESH BENZOPLAST LIMITED,0.0,Disposed
FP/KL/DISP/1844/2017,KL,Kerala,"Expansion of Existing Hospital Project with Hotel, Convention Centre, Service Apartment, supporting Services & Infrastructure facilities jointly developed by  M/s DM Healthcare Pvt. Ltd., M/s Ambady Infrastructure Pvt. Ltd. and M/s DM Medcity Hospitals India Pvt. Ltd.",Dispensary/Hospital,DM HEALTHCARE PVT LTD AMBADY INFRASTRUCTURE PVT LTD AND DM MEDCITY HOSPITALS INDIA PVT LTD,0.0,Disposed
FP/KL/Others/747/2016,KL,Kerala,"International Ship Repair Facility project of Cochin Shipyard Ltd., Kochi, Kerala",Others,Cochin Shipyard Ltd,0.0,Disposed
FP/KL/QRY/5568/2020,KL,Kerala,Fourstar Granite Private Limited,Quarrying,FOURSTAR GRANITE PRIVATE LIMITED,0.0,Pending at CWLW for Final Disposal
FP/KL/Others/6047/2021,KL,Kerala,"Proposed Residential project to be developed by M/s Noel Villas & Apartments at Maradu Village, Ernakulam",Others,NOEL VILLAS & APARTMENTS,0.0,Disposed
FP/KL/Others/43385/2019,KL,Kerala,Ponkuzhi Temple Project,Others,MAHAGANAPATHY TEMPLE COMMITTEE,0.028,Disposed
WL/KL/ROAD/401933/2022,KL,Kerala,4/6 Lanning of Palakkad - Kozhikode of NH-966(Greenfield) from Km.0.000 to Km.121.006 (Total length 121.006Km) in the state of Kerala under Bharatmala Parajoya,ROAD,,0.0,Migrated to Parivesh 2
FP/KL/Others/4683/2019,KL,Kerala,"Proposed Residential Project ""Marine View at Marine Drive"" at Ernakulam Village, Kanayannur Taluk, Ernakulam District, Kerala of M/s Puravankara Projects Ltd.",Others,M/S PURAVANKARA PROJECTS LIMITED,0.0,Disposed
FP/KL/MIN/5318/2020,KL,Kerala,Granite Building Stone Quarry of M/s. Delta Aggregates & Sand Pvt. Ltd.,Mining,/S. DELTA AGGREGATES & SANDS PVT. LTD.,0.0,Pending at Chief Wildlife Warden
FP/KL/MIN/5051/2020,KL,Kerala,Al Nassar Granites,Mining,M S AL NASSAR GRANITES,0.0,Pending at Chief Wildlife Warden
FP/KL/MIN/5001/2020,KL,Kerala,Granite Building Stone Quarry of Mr.E.S Baiju,Mining,BUILDING STONE QUARRY OF MR E S BAIJU,0.0,Draft_Migrated
FP/KL/QRY/5226/2020,KL,Kerala,"Southern rocks aggregate & Mining Company, Kerala",Quarrying,SOUTHERN ROCK AND AGGREGATE MINING COMPANY,0.0,DFO
FP/KL/Others/1421/2017,KL,Kerala,Construction of dedicated berth and other infrastructure facilities at Beypore for Union Territory of Lakshadweep,Others,CENTRAL PUBLIC WORKS DEPARTMENT,0.0,DFO
FP/KL/Others/5901/2021,KL,Kerala,Petrochemical Park - KINFRA,Others,KERALA INDUSTRIAL INFRASTRUCTURE DEVELOPMENT CORPORATION,0.0,Disposed
FP/KL/QRY/341/2015,KL,Kerala,M/s Trissur Sand and Gravel Pvt. Ltd.,Quarrying,TRISSUR SAND AND GRAVEL PVT LTD,0.0,Pending at CWLW for Final Disposal
FP/KL/MIN/4998/2020,KL,Kerala,Granite Building Stone Quarry of Shri. Sudheesh A. T,Mining,SRI SUDHEESH A T,0.0,Under Examination
FP/KL/MIN/5224/2020,KL,Kerala,Granite Building Stone Quarry of M/s Oasis Dale Aggregate Products Pvt.Ltd,Mining,GRANITE BUILDING STONE QUARRY OF M/S OASIS DALE AGGREGATE PRODUCTS (P) LTD,0.0,Pending at Chief Wildlife Warden
FP/KL/OFC/155484/2022,KL,Kerala,OFC Kartikulam to Kutta boarder Thetturoad to Appapara,Optical Fibre Cable,JIO DIGITAL FIBRE PRIVATE LIMITED,0.5949,DFO
FP/KL/QRY/5046/2020,KL,Kerala,Ponmudi Blue Metals,Quarrying,PONMUDI BLUE METALS PVT. LTD,0.0,Pending at CWLW for Final Disposal
FP/KL/Others/13159/2015,KL,Kerala,Kochi Palakkad(Kanjikode) pipeline project,Others,KOCHI SALEM PIPELINE PVT LTD,0.4754,Disposed
WL/KL/Others/409956/2022,KL,Kerala,"Jal Jeevan Mission (JJM)-JJM-CWSS to Idukki- Kanjikuzhi, Vazhathope, Mariyapuram, Kamakshi, Vathikudy and Vannapuram (Part) Panchayaths in Idukki District",Others,,0.036,Migrated to Parivesh 2
WL/KL/RainHarvest/413570/2023,KL,Kerala,"Jal Jeevan Mission (JJM)-JJM - WSS TO NEDUMKANDAM, PAMPADUMPARA, UPPUTHARA ELAPPARA (PART) AND ARAKULAM (PART) PANCHAYATHS IN IDUKKI DISTRICT",RainHarvest,,0.033,Migrated to Parivesh 2
FP/KL/Others/32487/2018,KL,Kerala,Bridge Construction at Kumbichalkadavu,Others,PWD ROADS DIVISION THIRUVANANTHAPURAM,0.46,Disposed
FP/KL/QRY/4590/2019,KL,Kerala,Building Stone Quarry Of M/s. Chelakkara Granite,Quarrying,M/S CHELAKKARA GRANITE,0.0,Disposed
FP/KL/MIN/4593/2019,KL,Kerala,Granite Stone Quarry of M/s. Surya Granites,Mining,SURYA GRANITE,0.0,DFO
FP/KL/QRY/6250/2022,KL,Kerala,Wildlife Clearance for the proposed New Building Stone (Minor Mineral) Mining project of M/s Daiwik Industries Pvt. Ltd.,Quarrying,DAIWIK INDUSTRIES PRIVATE LIMITED,0.0,DFO
FP/KL/MIN/4994/2020,KL,Kerala,Granite Building Stone quarry of M/s. Kottiyoor Metals Private Limited,Mining,M/S. KOTTIYOOR METALS PRIVATE LIMITED,0.0,Under Examination
FP/KL/ROAD/4304/2019,KL,Kerala,"KR.12.95,AMBOORI  KUMBICHALKADAVU CHAKKAPARA PURAVIMALA",Road,PIU TVM,6.18,Pending at Chief Wildlife Warden
FP/KL/QRY/3192/2018,KL,Kerala,"Building Stone Quarry Project of M/s Kinalur Rock Sand at Kinalur Village, Thamarassery Taluk, Kozhikode, Kerala",Quarrying,KINALUR ROCK SAND,0.0,Pending With UA
FP/KL/OFC/3997/2019,KL,Kerala,OFC laying and MH installation in Kottakamboor Kanan Devan Hill stretches,Optical Fibre Cable,RELIANCE JIO INFOCOMM LIMITED RJIL,0.1463,DFO
FP/KL/VELEC/21930/2016,KL,Kerala,Electrification of Rosemala area,Village Electricity,KERALA STATE ELECTRICITY BOARD LTD,0.035,Pending at Chief Wildlife Warden
FP/KL/Others/4894/2020,KL,Kerala,Commercial Complex Project by M/s Nippon Motor Corporation Pvt. Ltd.,Others,NIPPON MOTOR CORPORATION PVT LTD,0.0,DFO
FP/KL/QRY/6288/2022,KL,Kerala,RAPHY JOHN,Quarrying,PUTHUSSERIPADY RAPHY,0.0,DFO
FP/KL/Others/6067/2021,KL,Kerala,"Jains Marine Bay, Proposed Residential Building Project at Ponjikkara",Others,JAIN HOUSING & CONSTRUCTIONS LTD AND SANDEEP MEHTA,0.0,Pending With UA
FP/KL/MIN/4803/2020,KL,Kerala,"Granite Building Stone Quarry of Shri. Thomas Philip, Proprietor of M/s. Delta Rock Products",Mining,MR THOMAS PHILIP PROPRIETOR OF DELTA ROCK PRODUCTS,0.0,DFO
FP/KL/QRY/4578/2019,KL,Kerala,"Building Stone Mine (Quarry) project of M/s Nellikunnu Granite & Crusher Pvt. Ltd. is situated at Survey No. 523/1pt, 571/1pt & 567pt of Maruthonkara Village & Panchayat, Vatakara Taluk, Kozhikode District, Kerala in an area of 7.8991 hectares",Quarrying,NELLIKKUNNU GRANITE AND CRUSHER PVT LTD,0.0,Disposed
FP/KL/WATER/40288/2019,KL,Kerala,Raising water level of Peppara Dam,Drinking Water,KERALA WATER AUTHORITY ARUVIKKARA,51.849,DFO
FP/KL/QRY/4886/2020,KL,Kerala,BUILDING STONE QUARRY PROJECT OF M/s. POPULAR METALS,Quarrying,POPULAR METALS ERUMELY,0.0,Pending With UA
FP/KL/QRY/5354/2020,KL,Kerala,M/s Vengunadu Granite And Sands (P) LTD.,Quarrying,VENGUNADU GRANITE AND SANDS PVT LTD,0.0,DFO
FP/KL/ROAD/13187/2015,KL,Kerala,Repair the existing ghat road from Mullai Periyar dam to Vallakkadavu approach road,Road,EXECUTIVE ENGINEER,2.5,Pending at CWLW for Final Disposal
FP/KL/QRY/5606/2021,KL,Kerala,Granite Building Stone Quarry of M/s A-one Sands Private Limited,Quarrying,GRANITE BUILDING STONE QUARRY OF M/S A-ONE SANDS PRIVATE LIMITED,0.0,Pending With UA
FP/KL/QRY/4572/2019,KL,Kerala,Penta Granite,Quarrying,JOSHY PENTA GRANITE,0.0,Pending at CWLW for Final Disposal
FP/KL/QRY/4574/2019,KL,Kerala,"Building Stone Mine (Quarry) project  of Mr. Biju V.T. at Survey No. 222/1, Block No:47 in Aryanad Village, Nedumangad Taluk, Thiruvanathapuram District, Kerala for an area of 4.2700 Ha.",Quarrying,GRANITE BUILDING STONE QUARRY OF MR BIJU VT THIRUVANANTHAPURAM,0.0,Disposed
FP/KL/Others/2502/2018,KL,Kerala,Proposed expansion of existing administrative bank office building project by M/s The South Indian Bank Ltd.,Others,THE SOUTH INDIAN BANK LTD.,0.0,Pending With UA
FP/KL/MIN/4357/2019,KL,Kerala,K.J. VASUDEVAN NAIR GRANITES,Mining,K J VASUDEVAN NAIR GRANITES,0.0,Pending With UA
FP/KL/QRY/4570/2019,KL,Kerala,Peejay Granite,Quarrying,JOSHY P.J,0.0,Pending at CWLW for Final Disposal
FP/KL/QRY/6333/2022,KL,Kerala,"Application for Wildlife Clearance for the building Stone Minor Mineral Mining (Quarry) project of Mr. Sreelath T. is located at Re-Survey Block No. 7, Re-Survey Nos. 93/27, Raroth Village, Thamarassery Taluk (Previously in Kozhikode Taluk), Kozhikode District, Kerala for an area of 1.7613 hectares.",Quarrying,THOTTATHIL SREELATH,0.0,DFO
FP/KL/QRY/4148/2019,KL,Kerala,"Building stone quarry project of M/s Mridhul Granites and Crusher Pvt. Ltd. at Survey No. 1450/1, 1457/1, 1461/1, 1462/1, 2, 1463/1, 2, 1464/1, 1465/1, Madakkathara Village & Panchayat, Thrissur Taluk & District, Kerala in an area of 5.8362 hectares",Quarrying,MRIDHUL GRANITES AND CRUSHER PVT LTD,0.0,Pending at CWLW for Final Disposal
FP/KL/TRANS/27023/2017,KL,Kerala,"Laying of ±320kV HVDC Under Ground Power Cable from Vadakkancherri to Thrissur, Kerala",Transmission Line,POWERGRID CORPORATION OF INDIA LIMITED,0.098,Disposed
FP/KL/Others/318/2015,KL,Kerala,Berde Ville,Others,KANAN DEVAN HILLS PLANTATIONS COMPANY PRIVATE LIMITED,0.0,Pending With CF
FP/KL/OFC/4140/2019,KL,Kerala,OFC laying and MH installation in Kottakamboor Kanan Devan Hill stretches,Optical Fibre Cable,RELIANCE JIO INFOCOMM LIMITED RJIL,0.0036,Pending With CF
FP/KL/QRY/4141/2019,KL,Kerala,"Quarry (Minor Mineral) site of M/s Nila Metals Pvt. Ltd. is situated at Survey No. 1853/1, 1854, 1855, 1856, 1857, 1858, 1860/1 of Pazhayannur Village, Thalappilly Taluk, Thrissur District, Kerala for an area of 2.8936 hectares",Quarrying,NILA METALS PVT LTD,0.0,DFO
FP/KL/QRY/4960/2020,KL,Kerala,M/s St. Basil Granites,Quarrying,ST BASIL GRANITES,0.0,DFO
FP/KL/MIN/4745/2019,KL,Kerala,Rudra Granites,Mining,RUDRA GRANITES,0.0,DFO
FP/KL/Others/4870/2020,KL,Kerala,"Proposed Housing Project (""Sobha Silver Sand"") of M/s Sobha Limited",Others,M/S SOBHA LIMITED,0.0,Disposed
FP/KL/MIN/4871/2020,KL,Kerala,"Shri. T S Shylesan, Proprietor of M/s. Thavalappara Granites",Mining,M/S. THAVALAPPARA GRANITES,0.0,Pending With UA
FP/KL/Others/5526/2020,KL,Kerala,Soil Survey for Sabarimala Ropeway Project,Others,TRAVANCORE DEVASWOM BOARD,0.0392,Pending at Chief Wildlife Warden
FP/KL/QRY/4464/2019,KL,Kerala,"Building Stone Mine ( Quarry ) project of  M/s Highrange Metal Crusher  Survey Nos. 1119, 969/3, 969/3, 969/4, 969/4, 969, Peermade Village, Peermade Taluk, Idukki District, Kerala for area 4.606 hectare.",Quarrying,HIGHRANGE METAL CRUSHER,0.0,Disposed
FP/KL/QRY/5466/2020,KL,Kerala,Granite Dimension Stone Quarry of Mr. T.D Ponraj,Quarrying,GRANITE DIMENSION STONE QUARRY OF MR.T.D PONRAJ,0.0,Pending With UA
FP/KL/Others/304/2015,KL,Kerala,New Dry Dock Facility at Cochin Shipyard Ltd,Others,Cochin Shipyard Ltd,0.0,Disposed
FP/KL/QRY/5336/2020,KL,Kerala,M/s Srikrishnagiri Rock Products Private Limited,Quarrying,SRI KRISHNAGIRI ROCK PRODUCTS PVT LTD,0.0,Pending at CWLW for Final Disposal
WL/KL/CommPost/417316/2023,KL,Kerala,Providing 4G/5G coverage to Uncovered Villages- Palakkad BAPARAMBIKULAM AREA,CommPost,,0.6583,Migrated to Parivesh 2
FP/KL/MIN/5756/2021,KL,Kerala,Granite Building Stone Quarry of Shri. David P V,Mining,GRANITE BUILDING STONE OF  DAVID P V,0.0,Pending at CWLW for Final Disposal
FP/KL/QRY/5796/2021,KL,Kerala,Granite Building Stone Quarry of M/s Star Metals,Quarrying,BUILDING STONE QUARRY OF MS STAR METALS,0.0,DFO
FP/KL/Others/6127/2021,KL,Kerala,Proposed Residential project to be developed by M/s ZANSS PROJECTS,Others,ZANSS PROJECTS,0.0,Disposed
FP/KL/QRY/5516/2020,KL,Kerala,M/s Bestone Granite Metals (PVT) Limited,Quarrying,O.P. MUHAMMED RASHEED,0.0,DFO
FP/KL/MIN/4771/2020,KL,Kerala,Granite Building Stone Quarry of M/s. Adani Vizhinjam Port Private Limited,Mining,M/S. ADANI VIZHINJAM PORT PRIVATE LIMITED,0.0,Disposed
FP/KL/Others/2133/2018,KL,Kerala,Kochi Water Metro Project,Others,KOCHI METRO RAIL LIMITED,0.0,Disposed
FP/HP/HYD/141152/2021,HP,Himachal Pradesh,JANGI THOPAN POWARI HEP,Hydel,JANGI THOPAN POWARI HEP (SJVN),0.0,Pending With UA
FP/HP/ROAD/5764/2021,HP,Himachal Pradesh,C/o Thunag Panjoot Lambashafer Chilamgad Shikari Mata road,Road,NODAL OFFICE HPPWD SHIMLA,2.753,PENDING WITH-SG
WL/HP/IND/402918/2022,HP,Himachal Pradesh,"Expansion of Grain based Distillery from 85 KLPD to 285 KLPD and Co-generation Power Plant from 1.5 to 9 MW by new installation of 200 KLPD Grain based Ethanol Plant  at Plot no. 1 & 1A,Industrial area, Phase III, Sansarpur Terrace, Tehsil Jaswan, District Kangra, Himachal Pradesh by M/s. Premier Alcobev Pvt. Ltd.",IND,,0.0,Migrated to Parivesh 2
FP/HP/HYD/49201/2020,HP,Himachal Pradesh,NIharni 5.00 MW,Hydel,KASOL HYDRO POWER PROJECTS,0.0,Under Examination
WL/HP/Others/422104/2023,HP,Himachal Pradesh,Rationalisation of  Boundary of Pong Dam Lake Wildlife Sanctuary,Others,,0.0,Disposed
FP/HP/IND/4727/2019,HP,Himachal Pradesh,"Premier Alcobev Pvt. Ltd. at Plot no. 1, Industrial area, Phase III, Sansarpur Terrace, Tehsil Jaswan, District Kangra, Himachal Pradesh",Industry,PREMIER ALCOBEV PVT. LTD.,0.0,Disposed
FP/HP/MIN/184/2015,HP,Himachal Pradesh,"SAND, BAJRI, BOULDER MINING FROM SOHAN KHAD, A TRIBUTARY OF RIVER BEAS (14.25HA)",Mining,Anita Kumari,0.0,Pending With UA
FP/HP/ROAD/5742/2021,HP,Himachal Pradesh,Up-gradation/widening of existing Jeepable road Janjehli Raigarh Shikari Mata Temple,Road,NODAL OFFICE HPPWD SHIMLA,1.59,Disposed
FP/HP/ROAD/5593/2021,HP,Himachal Pradesh,Extension of existing Dohranala-Shillirajgiri (Chesta) Road upto village Lot/ Rohalgi Km. 0/0 to 3/800 under Khokhan Wildlife Sanctuary,Road,HIMACHAL PRADESH PUBLIC WORK DEPARTMENT,1.55,Disposed
FP/HP/VELEC/1502/2017,HP,Himachal Pradesh,"Construction of 11KV HT Line to the Un-electrified Village. Shagore, Shakti, & Maror in Banjar Block Distt. Kullu. (H.P)",Village Electricity,HPSEBL,8.1872,Disposed
FP/UK/Others/42571/2019,UK,Uttarakhand,"Lease Renewal of Swami Shukdevanand Trust- Parmarth Ganga Ghat, Tehsil Yamkeshwar, District Pauri Garhwal",Others,SWAMI SHUKDEVANAND TRUST,0.97,Disposed
FP/UK/MIN/21355/2016,UK,Uttarakhand,"Collection of Miner Minerals from Song Nadi, Bhopal pani Block no. 8",Mining,UTTARAKHAND FOREST DEVELOPMENT CORPORATION (UAFDC),0.0,Pending With UA
FP/UK/Others/4707/2019,UK,Uttarakhand,Affordable Dhaulas Housing Project,Others,MDDAUTHORITY,0.0,Pending With UA
FP/UK/MIN/5059/2020,UK,Uttarakhand,WINDLASS RBM MINING PROJECT,Mining,WINDLASS RBM MINING PROJECT,0.0,Disposed
FP/UK/MIN/46859/2020,UK,Uttarakhand,"Collection of minor mineral from Chandrabhaga River, Narendranagar Forest Division",Mining,UTTARAKHAND FOREST DEVELOPMENT CORPORATION (UAFDC),0.0,Pending at MoEFCC(WL)
FP/UK/ROAD/150348/2021,UK,Uttarakhand,C/0 Motor Road Village Bhetuli to ANM Center Dharina,Road,CONSTRUCTION DIVISION PWD ALMORA,0.36,Disposed
FP/UK/Others/5156/2020,UK,Uttarakhand,"Regarding Forest Land Transfer Proposal for Expansion of the Jolly Grant Airport, District Dehradun. Uttarakhand",Others,"UTTARAKHAND CIVIL AVIATION DEVELOPMENT AUTHORITY, GOVERNMENT OF UTTARAKHAND",0.0,Pending With UA
FP/UK/ROAD/123812/2021,UK,Uttarakhand,Constuction of Naitwar to Nuranu motor road,Road,PMGSYID PUROLA,3.062,Disposed
FP/UK/ROAD/123820/2021,UK,Uttarakhand,Construction of Pawn to Sirga Motor Road,Road,PMGSYID PUROLA,2.485,Disposed
FP/UK/MIN/5052/2020,UK,Uttarakhand,Windlass RBM Mining Project,Mining,WINDLASS RBM MINING PROJECT,0.0,Disposed
FP/UK/MIN/38285/2019,UK,Uttarakhand,"Collection of Minor Minerals From Song 1, 2, 3 and Jakhan 1, 2 of Dehradun Forest division",Mining,UTTARAKHAND FOREST DEVELOPMENT CORPORATION (UAFDC),0.0,Pending With UA
FP/UK/ROAD/5775/2021,UK,Uttarakhand,Construction of Rambada to Garurchatti Bridle Way.,Road,PWD/DDMA GUPTKASHI,0.983,Disposed
FP/UK/ROAD/123523/2021,UK,Uttarakhand,Construction of Hadwari to sewa motor road,Road,PMGSYID PUROLA,6.037,Disposed
FP/UK/MIN/5321/2020,UK,Uttarakhand,Nagarsal RBM PROJECT,Mining,NAGARSAL R RBM PROJECTS,0.0,Disposed
FP/UK/Others/4608/2019,UK,Uttarakhand,Stone Crusher Unit,Others,LSC INFRATECH LTD,0.0,Disposed
FP/UK/WATER/6045/2021,UK,Uttarakhand,shri rudranath peyjal yojana in district chamoli,Drinking Water,PEY JAL NIGAM GOPESWAR,0.212,Disposed
FP/UK/ROAD/152108/2022,UK,Uttarakhand,"Construction of Pulinda Tachhali Syalinga motor road in Constituency Yamkeshwar, Block Dugadda. (District Pauri Garhwal) under CM Ghoshna 1196/2016.",Road,"ENGINEER IN CHIEF, PUBLIC WORK DEPARTMENT, DEHRADUN",0.0,Disposed
FP/UK/ROAD/156491/2022,UK,Uttarakhand,Construction of Kasar Bend to Timuri Link Motor Road,Road,CONSTRUCTION DIVISION PWD ALMORA,3.645,Disposed
FP/UK/ROAD/6629/2022,UK,Uttarakhand,Upgradation of Kimsar - Bhogpur Motor Road,Road,RAJAJI TIGER RESERVE,3.45,Disposed
FP/UK/ROAD/45283/2020,UK,Uttarakhand,"Improvement, up-gradation and construction of Ganneshpur- Dehradun road section (NH72A) in the state of Uttar Pradesh (km 00+00 to km 16+115) and Uttarakhand (Km 16+115 to km 19+746) to 4 lane configuration.",Road,NHAI-PIU DEHRADUN,0.0,Disposed
FP/UK/Others/154214/2022,UK,Uttarakhand,DEVELOPMENT OF ROPEWAY PROJECT FROM SONPRAYAG GAURIKUND KEDARNATH TEHSIL UKHIMATH DISTRICT RUDRAPRAYAG IN UTTARAKHAND STATE,Others,NATIONAL HIGHWAYS LOGISTICS MANAGEMENT LIMITED,26.43,Disposed
FP/UK/Others/155062/2022,UK,Uttarakhand,Development of Ropeway from Govind Ghat to Ghangaria to Hemkund  Sahib,Others,NATIONAL HIGHWAYS LOGISTICS MANAGEMENT LIMITED,27.4782,Disposed
FP/UK/MIN/1674/2017,UK,Uttarakhand,"PICKING OF BALU, BAJRI & BOULDER MINE AT VILLAGE-Dhakrani, TEHSIL-VIKAS  NAGAR OF DEHRADUN DISTRICT AND UTTARAKHAND STATE COVER 2.5780 HECTARE OF  AREA.",Mining,VIJAY THAKUR,0.0,Disposed
FP/UK/MIN/5424/2020,UK,Uttarakhand,SAKIDA SOAPSTONE DEPOSIT,Mining,M/S J D MINERALS,14.226,Disposed
FP/UK/ROAD/5207/2020,UK,Uttarakhand,4-laning of Haridwar-Nagina section of NH-74 from km 0.000 to km 30.000 in the State of Uttarakhand,Road,NATIONAL HIGHWAYS AUTHORITY OF INDIA PIU NAJIBABAD,0.0,Disposed
FP/UK/MIN/1804/2017,UK,Uttarakhand,"PICKING OF BALU, BAJRI & BOULDER MINE AT VILLAGE-Dhakrani, TEHSIL-VIKAS NAGAR OF DEHRADUN DISTRICT AND UTTARAKHAND STATE COVER 2.5893 HECTARE OF AREA.",Mining,KUSUMLATA,0.0,Disposed
FP/UK/MIN/5414/2020,UK,Uttarakhand,Bajeta Soapstone Mine,Mining,M/S J D MINERALS,0.0,Disposed
FP/UK/ROAD/123853/2021,UK,Uttarakhand,Construction of Naitwar to Halwari motor road,Road,PMGSYID PUROLA,3.0968,Disposed
FP/UK/ROAD/151120/2022,UK,Uttarakhand,upgradation of existing road to 2 lane configuration of rameswer-gangolighat berinag chaukori kanda bageswer takula almora section of NH-309A from km 171.00 to km206.00(36.00km),Road,EENHRANIHET,6.36,Disposed
FP/UK/MIN/2443/2018,UK,Uttarakhand,"picking of Balu/Bajri/Boluder mine at Village- Dhakrani, Tehsil- Vikasnagar, District- Dehradun, Uttarakhand with an area of 1.93 Ha",Mining,ARUN KUMAR SHARMA,0.0,Disposed
FP/UK/Others/146615/1981,UK,Uttarakhand,MANSA DEVI ROPEWAY,Others,NAGAR NIGAM HARIDWAR,1.72,Disposed
FP/UK/ROAD/122075/2021,UK,Uttarakhand,Diversion of 14.895 Ha  Forest Land in Haridwar Forest Division for construction / improvement of Haridwar Ring Road Section I ( from KM 00.000 to 15.300),Road,"NATIONAL HIGHWAY AUTHORITY OF INDIA, VASANT VIHAR, PIU, DEHRADUN",0.0,Disposed
FP/UK/WATER/40701/2019,UK,Uttarakhand,SONG DAM DRINKING WATER PROJECT,Drinking Water,"INFRASTRUCTURE (REHAB)DIVISION RISHIKESH, DEHRADUN",0.0,Disposed
FP/UK/ROAD/4641/2019,UK,Uttarakhand,laldhang chillarkhal road,Road,ROOLALDHANG,0.0,Disposed
FP/UK/Others/142130/2021,UK,Uttarakhand,Passenger Ropeway Facility from Har-Ki-Pauri to Chandi Devi Temple in Haridwar City,Others,"UTTARAKHAND METRO RAIL, URBAN INFRASTRUCTURE AND BUILDINGS CONSTRUCTION CORPORATION LIMITED",0.0,Disposed
FP/UK/WATER/5918/2021,UK,Uttarakhand,Jamrani Drinking Water Multipurpose Project,Drinking Water,Irrigation Department,0.0,Disposed
FP/UK/ROAD/6188/2022,UK,Uttarakhand,"Construction of Dhaula Bari Sewa Dokhri Motor Road in Block Mori, District Uttarkashi, Under CM Ghosna No 264/2018",Road,PWD,9.0325,Disposed
FP/UK/MIN/43206/2019,UK,Uttarakhand,"Picking of sand, bajri and boulders in Khasra No. 821 Ka, 816 Ri, Village Shaheedwala Grant, Tehsil Bhagwanpur, Distt. Haridwar",Mining,SWRAJ SINGH S/O MOHAR SINGH,0.0,Pending With UA
FP/UK/ROAD/5891/2021,UK,Uttarakhand,Construction of 90 M. span PSC box Bridge over Panod Nala of  NH-309,Road,MINISTRY OF ROAD TRANPORT AND HIGHWAYS  GOVERNMENT OF INDIA NEW DELHI,0.0,Disposed
FP/UK/ROAD/150780/2022,UK,Uttarakhand,C/0 of Dungari to Kunjbargal Link Motor Road,Road,CONSTRUCTION DIVISION PWD ALMORA,0.9,Disposed
WL/UK/Others/416953/2023,UK,Uttarakhand,construction  of chintal sthal in bhimbali and choti lincholi,Others,,0.0885,Migrated to Parivesh 2
FP/UK/ROAD/5890/2021,UK,Uttarakhand,Construction of 150 M. span PSC box Bridge over Dhangadi Nala of  NH-309,Road,MINISTRY OF ROAD TRANPORT AND HIGHWAYS  GOVERNMENT OF INDIA NEW DELHI,0.0,Disposed
FP/UK/HYD/6201/2022,UK,Uttarakhand,JIMBAGAD SMALL HYDRO PROJECT (3X4 MW),Hydel,UJVN LTD,3.706,DFO
FP/UK/MIN/8878/2014,UK,Uttarakhand,Extraction of RBM in Kot-Mot River,Mining,UTTARAKHAND FOREST DEVELOPMENT CORPORATION (UAFDC),0.0,DFO
FP/UK/Others/39678/2019,UK,Uttarakhand,"Wildlife clearance For Solid Waste Management and Processing Site in Rishikesh, Nagar Nigam Rishikesh",Others,NAGAR NIGAM RISHIKESH,0.0,Pending With UA
FP/UK/MIN/6731/2023,UK,Uttarakhand,Banjarewala Grant  RBM Mining Project,Mining,BHUPENDRA CHAUHAN,0.0,Draft_Migrated
FP/UK/VELEC/6584/2022,UK,Uttarakhand,Forest land transfer proposal for new 11 KV line from Tala village to Tungnath temple  in rudraprayag district under Deen Dayal Upaddhyay Gram jyoti yojana.,Village Electricity,UPCL,7.0,Pending With UA
FP/UK/ROAD/36212/2018,UK,Uttarakhand,Mendi to Tsangchokla Road,Road,ITBP MATLI UTTARKASHI,31.76,Disposed
FP/UK/ROAD/36218/2018,UK,Uttarakhand,Sumla to Thagla 1 Road,Road,ITBP MATLI UTTARKASHI,30.39,Disposed
FP/UK/Others/877/2016,UK,Uttarakhand,"Integrated Municipal Waste Management Project, Haridwar, Uttarakhand",Others,NAGAR NIGAM HARIDWAR,0.0,DFO
FP/UK/Others/49804/2020,UK,Uttarakhand,Dehradun  Mussoorie Ropeway Project,Others,MUSSOORIE SKY CAR COMPANY PRIVATE LIMITED,0.0,Pending With UA
FP/CG/Others/149523/2021,CG,Chhattisgarh,"Construction of high level bridge and approach road near CRPF Camp , Village - Birnasilli , Dist. - Dhamtari (Chhattisgarh)",Others,"CHIEF ENGINEER, PWD BRIDGE ZONE, RAIPUR",0.828,Disposed
FP/CG/MIN/1802/2017,CG,Chhattisgarh,Serangdag Bauxite Mine Block-1,Mining,MINERAL EXPLORATION CORPORATION LIMITED,0.0,PENDING WITH-SG
FP/CG/OFC/116946/2020,CG,Chhattisgarh,"JIO DIGITAL FIBRE PRIVATE LIMITED, Udanti Sitanadi Tiger Reserve Division in Chhattisgarh Laying of OFC along with RoW (Road Corridor) under Chhattisgarh",Optical Fibre Cable,JIO DIGITAL FIBRE PRIVATE LIMITED,1.068,Pending at Chief Wildlife Warden
FP/CG/ROAD/119866/2021,CG,Chhattisgarh,"Development of Economic Corridors, Inter-corridors, feeder routes and Coastal Road to improve the efficiency of freight movement in India (Lot-3/Odisha & Jharkhand/Package-2) Raipur-Vishakhapatnam (Ch. 0.000 - Ch. 124.661) in the State of Chhattisgarh under Bharatmala Pariyojana. (Forest Proposal is for between km 42+844 to Km 124.661)",Road,NHAI PIU DHAMTARI,198.3084,Disposed
FP/GA/RAIL/28650/2017,GA,Goa,Kulem–Madgaon Railway Doubling Project,Railway,SOUTH WESTERN RAILWAY CONSTRUCTION,14.4185,Disposed
FP/GA/TRANS/35354/2018,GA,Goa,Goa-Tamnar Transmission Project Limited,Transmission Line,GOA TAMNAR TRANSMISSION PROJECT LIMITED,11.54,Disposed
FP/GA/RAIL/22041/2016,GA,Goa,Castlerock - Kulem Railway Doubling,Railway,SOUTH WESTERN RAILWAY,113.857,Disposed
FP/GA/TRANS/146162/2021,GA,Goa,Netravali UG Cabling,Transmission Line,GOA ELECTRICITY DEPARTMENT,0.85632,Disposed
FP/GA/ROAD/19978/2016,GA,Goa,"NH-4A, WLS/NP/RF Goa",Road,PUBLIC WORKS DEPARTMENT,31.015,Disposed
FP/JK/ROAD/120321/2021,JK,Jammu and Kashmir,Construction and Upgradation of Road L-060 Kothar to Ponthal,Road,EXECUTIVE ENGINEER PMGSY DIVISION JAMMU,2.442,Disposed
FP/JK/IND/5574/2020,JK,Jammu and Kashmir,Jehlum Cement ltd,Industry,JEHLUM CEMENT LTD,0.0,Pending With UA
FP/JK/ROAD/5063/2020,JK,Jammu and Kashmir,BARKUNDA TO KHARWA,Road,EE PMGSY UDH,0.225,Disposed
FP/JK/ROAD/5064/2020,JK,Jammu and Kashmir,Mantlai to Gamsadu road,Road,EE PMGSY UDH,0.78,Disposed
FP/JK/WATER/49492/2020,JK,Jammu and Kashmir,WSS Check DARA ( Aug. Dara),Drinking Water,JAL SHAKTI DEPARTMENT PHE KASHMIR,0.1,Disposed
FP/JK/ROAD/46670/2020,JK,Jammu and Kashmir,Construction of Road from Sumwal to Sarail Choa (JK14-402),Road,EXECUTIVE ENGINEER PMGSY DIVISION RAMNAGAR,2.345,Disposed
FP/JK/IND/4923/2020,JK,Jammu and Kashmir,Zaffron Enterprises Pvt. ltd,Industry,ZAFFRON ENTERPRISES PVT LTD,0.0,Pending With UA
FP/JK/IND/5362/2020,JK,Jammu and Kashmir,M/s Kashmir Cements,Industry,KASHMIR CEMENTS,0.0,Pending With UA
FP/JK/HYD/44025/2020,JK,Jammu and Kashmir,Ujh Multipurpose Project,Hydel,JKSPDC,0.0,Disposed
FP/JK/IND/4914/2020,JK,Jammu and Kashmir,Trumboo Cement Industries Pvt. Ltd.,Industry,TRUMBOO CEMENT INDUSTRIES PVT.LTD.,0.0,Pending With UA
FP/JK/MIN/5356/2020,JK,Jammu and Kashmir,Sekinar Limestone Mine,Mining,KHYBERINDUSTRIES,0.0,Pending With UA
FP/JK/IND/5360/2020,JK,Jammu and Kashmir,Khyber Cement Plant,Industry,KHYBERINDUSTRIES,0.0,Pending With UA
FP/JK/MIN/4907/2020,JK,Jammu and Kashmir,Trumboo Cement Industries Pvt. Ltd.,Mining,TRUMBOO CEMENT INDUSTRIES PVT.LTD.,0.0,Pending With UA
FP/JK/ROAD/143592/2021,JK,Jammu and Kashmir,Improvement/Widening of Lakhanpur Thein Road RD 12/700 to RD 17/100,Road,EXECUTIVE ENGINEER PWD R&B KATHUA,4.367,Disposed
FP/JK/TRANS/4809/2020,JK,Jammu and Kashmir,Wildlife clearance for laying of 132 KV Barn Canal Transmission Line passing through ramnagar wildlife sanctuary,Transmission Line,"JKPTCL(PDD), JAMMU AND KASHMIR",5.84,DFO
FP/JK/ROAD/146042/2021,JK,Jammu and Kashmir,Development of Package-17 (KM 515+000 to KM 566+475) of Phase-II of Delhi-Katra Expressway,Road,NATIONAL HIGHWAY AUTHORITY OF INDIA,14.7711,Disposed
FP/JK/Others/5738/2021,JK,Jammu and Kashmir,Ramp Based Multi level Car Parking at Panjtirthi,Others,JAMMU MUNICIPAL CORPORATION,0.1,Disposed
FP/JK/IND/4796/2020,JK,Jammu and Kashmir,Mehboob Cement Industries Pvt. Ltd.,Industry,M/S. MEHBOOB CEMENT PVT LTD,0.0,Pending With UA
FP/JK/WATER/49078/2020,JK,Jammu and Kashmir,Snow Harvesting System at D-10 Top,Drinking Water,MINISTRY OF DEFENCE DRDO,0.6,Disposed
FP/JK/ROAD/155190/2022,JK,Jammu and Kashmir,Construction of alternative alignment of LakhanpurThein road km 11th to 12th due to submergences of 2x39mtrs RCC Tgirder bridge on Nora nallah at 410.0 mtr. level.,Road,EXECUTIVE ENGINEER PWD R&B KATHUA,2.84,Pending With UA
FP/JK/WATER/141501/2021,JK,Jammu and Kashmir,WSS Sonamarg,Drinking Water,JAL SHAKTI DEPARTMENT PHE KASHMIR,0.467,Disposed
FP/JK/IND/4774/2020,JK,Jammu and Kashmir,Trumboo Industries Pvt. Ltd.,Industry,TRUMBOO  INDUSTRIES PVT LTD,0.0,Disposed
FP/JK/Others/5039/2020,JK,Jammu and Kashmir,Development of Judicial Infrastructure for High Court at Jammu,Others,"LAW DEPARTMENT, J&K",40.6565,Disposed
FP/JK/ROAD/140949/2021,JK,Jammu and Kashmir,Limber Babagail,Road,"CHIEF ENGINEER, PMGSY, KASHMIR",0.4,Disposed
FP/JK/ROAD/140864/2021,JK,Jammu and Kashmir,Limber To Budrali,Road,"CHIEF ENGINEER, PMGSY, KASHMIR",0.605,Disposed
FP/JK/MIN/4775/2020,JK,Jammu and Kashmir,Umar Shafi Trumboo Limestone Mine C/o Trumboo Cement Industries Pvt. Ltd.,Mining,TRUMBOO  INDUSTRIES PVT LTD,0.0,DFO
FP/JK/HYD/5444/2020,JK,Jammu and Kashmir,Shahpurkandi Dam Project,Hydel,SHAHPURKANDI DAM PROJECT,51.08,Disposed
FP/JK/ROAD/141991/2021,JK,Jammu and Kashmir,Construction of Road from Dhar Road Larey To Sumal (Diversion of 0.525 ha of land for forest clearance and 1.995 ha of land for wildlife clearance),Road,EXECUTIVE ENGINEER PMGSY DIVISION RAMNAGAR,1.995,Disposed
FP/JK/Others/6175/2021,JK,Jammu and Kashmir,Development of Wayside Amenities Along the Mughal Road (PeerKi-Gali Nilana Top).,Others,DIRECTOR TOURISM JAMMU,0.75,Disposed
FP/LA/TRANS/151731/2022,LA,Ladakh,220 kV Phyang-Diskit S/C Transmission Line under plan PMDP-2015,Transmission Line,"CHIEF ENGINEER, LADAKH POWER DEVELOPMENT DEPARTMENT",157.93,Disposed
FP/LA/ROAD/4839/2020,LA,Ladakh,CONSTRUCTION OF ROAD DUNGTI-HENA-PP37 ALONG INDO-CHINA BORDER,Road,BORDER ROADS ORGANISATION 753 TF,33.6,DFO
FP/LA/ROAD/6658/2022,LA,Ladakh,Construction of Chusul Dungati Road from Km 0.000 to 56.240,Road,BORDER ROADS ORGANISATION 753 TF,47.992,Disposed
FP/LA/VELEC/5877/2021,LA,Ladakh,11KV TRANSMISSION LINE FROM SUMDHO TR TO THUKJAY GOMPA,Village Electricity,ENERGY POWER DEPARTMENT,30.1,Disposed
FP/LA/ROAD/5982/2021,LA,Ladakh,T01 to Teggar,Road,SUPERINTENDING ENGINEER PMGSY CIRCLE LADAKH,2.124,Pending With UA
FP/LA/VELEC/5875/2021,LA,Ladakh,11KV TRANSMISSION LINE FROM EIRATH TO KHERAPULLU & PHOBRANG TO KHASTET,Village Electricity,ENERGY POWER DEPARTMENT,44.1,Disposed
FP/LA/VELEC/115353/2020,LA,Ladakh,11KV Transmission line from Sumdho TR to Nyoma,Village Electricity,ENERGY POWER DEPARTMENT,23.1,Disposed
WL/LA/INFRA/417251/2023,LA,Ladakh,Karzok-Nurbo-Sumdo,INFRA,,28.87,Disposed
FP/LA/VELEC/5945/2021,LA,Ladakh,11KV LINE FROM REBEL SUMDHO TO KORZOK,Village Electricity,CHIEF ENGINNER DISTRIBUTION PDD LEH,30.1,Disposed
FP/LA/Others/6265/2022,LA,Ladakh,CONSTRUCTION OF ISRO LINK ROAD FROM ASTROPHYSICS ROAD TO NETRA OPTICAL TELESCOPE ON MT. SARASWATI HANLE,Others,BORDER ROADS ORGANISATION 753 TF,1.505,Disposed
FP/LA/Others/6527/2022,LA,Ladakh,Nomadic Museum Kyagar (Nyoma),Others,CENTRAL PUBLIC WORK DEPARTMENT,0.25,Disposed
FP/LA/ROAD/5983/2021,LA,Ladakh,T04 to Largyab- Pachathang,Road,SUPERINTENDING ENGINEER PMGSY CIRCLE LADAKH,15.6,Disposed
FP/LA/Others/5851/2021,LA,Ladakh,Ladakh Geothermal Field Development at Puga,Others,ONGC ENERGY CENTRE,3.0,Disposed
FP/LA/ROAD/5979/2021,LA,Ladakh,L027 Mahey To Korzok,Road,SUPERINTENDING ENGINEER PMGSY CIRCLE LADAKH,24.0,Disposed
FP/LA/ROAD/6003/2021,LA,Ladakh,T01 To Man Pangong Merak,Road,SUPERINTENDING ENGINEER PMGSY CIRCLE LADAKH,28.8,Disposed
FP/LA/Others/6034/2021,LA,Ladakh,Tourist Police facilitation Centre cum Check Post North pulu Nubra,Others,LADAKH POLICE,0.50585,Disposed
FP/LA/ROAD/6217/2022,LA,Ladakh,UPGRADATION OF ROAD KHALSATR-AGHAM,Road,51 RCC,27.5,Disposed
FP/TR/IND/15234/2015,TR,Tripura,Gojalia-GCS to OTPC-Palatana Pipeline,Industry,ONGC,0.646371,Disposed
FP/TR/ROAD/140077/2021,TR,Tripura,Proposal for diversion of 14.32 ha of forest land for improvement/ widening of road from Jatanbari to Mandirghat via Tirthamukh,Road,EXECUTIVE ENGINEER PWD AMARPUR DIVISION,2.946458,Disposed
FP/TR/MIN/13520/2015,TR,Tripura,Drilling of location TIDC,Mining,ONGC,0.2,Disposed
FP/TR/MIN/13521/2015,TR,Tripura,Drilling of location TIDD,Mining,ONGC,1.514,Disposed
FP/TR/MIN/13523/2015,TR,Tripura,Drilling of location TIDG,Mining,ONGC,1.28,Disposed
FP/TR/MIN/13524/2015,TR,Tripura,Drilling of location TIDA,Mining,ONGC,1.76,Disposed
FP/TR/MIN/13525/2015,TR,Tripura,Drilling of location TIDE,Mining,ONGC,1.496,Disposed
FP/TR/MIN/13527/2015,TR,Tripura,Drilling of location TIDF,Mining,ONGC,1.96,Disposed
FP/TR/MIN/13528/2015,TR,Tripura,Drilling of location TIAG,Mining,ONGC,1.42,Disposed
FP/TR/MIN/13529/2015,TR,Tripura,Drilling of location TIAC,Mining,ONGC,1.368,Disposed
FP/TR/TRANS/149768/2021,TR,Tripura,Proposal for Diversion of a Section of 132kv Rabindranagar- Belonia Line due to Garjee Railway Station under District Forest officer- Gomati,Transmission Line,TRIPURA STATE ELECTRICITY CORPORATION LIMITED,0.9,PENDING WITH-SG
FP/TR/SubStation/37737/2018,TR,Tripura,33kV Nidaya Substation,Sub Station,TRIPURA STATE ELECTRICITY CORPORATION LIMITED,0.3299,Disposed
FP/TR/TRANS/18979/2016,TR,Tripura,Construction of 132 KV Single Circuit transmission line (to be charged at 33KV voltage level from Ganganagar 33KV Sub-Station to Barabari,Transmission Line,TRIPURA STATE ELECTRICITY CORPORATION LIMITED,14.564466,Disposed
FP/TR/SubStation/35778/2018,TR,Tripura,33/11KV Barpathari Substation,Sub Station,TRIPURA STATE ELECTRICITY CORPORATION LIMITED,0.2209,Disposed
FP/MN/ROAD/20973/2016,MN,Manipur,Widening and improvement  of main alignment of NH 39 (Imphal-Moreh) of 29. 516 km from Khongkhang to Moreh and alternate alignment of 24.340km from Sita to Khudhengthabi,Road,NHIDCL BO IMPHAL,34.675,Disposed
FP/MN/ROAD/26522/2017,MN,Manipur,"Construction and Up-gradation of existing Ukhol-Tolloi-Tadubi Section of NH-102A (115km) of District Ukhrul & Senapati, Manipur.",Road,NHIDCL BO IMPHAL,0.0,Disposed
FP/MN/ROAD/122266/2021,MN,Manipur,"Construction of  Two lane with Paved Shoulder of  Old Tamenglong- Phelong Section (Package-3, From Km31.430  to Km43.480) of Tamenglong- Mahur Road in the state of Manipur  on EPC mode.",Road,NHIDCL BO IMPHAL,54.933,Pending With UA
FP/MN/ROAD/139300/2021,MN,Manipur,"Construction of  Two lane with Paved Shoulder of  Phelong-Azuram Section (Package-4,  From Km43.480 to Km54.180) of Tamenglong- Mahur Road  in the state of Manipur on EPC mode.",Road,NHIDCL BO IMPHAL,47.885,Pending With UA
FP/MN/ROAD/144625/2021,MN,Manipur,"Construction of  Two lane with Paved Shoulder of  Azuram- Mandeu Section (Package-5, From Km 54.180 to Km 80.630)  of Tamenglong- Mahur Road in the state of Manipur on EPC mode",Road,NHIDCL BO IMPHAL,112.162,Pending With UA
FP/MN/ROAD/23040/2016,MN,Manipur,"Construction of Moreh Bypass from NH-102 near Indo- Myanmar Border  to Land Custom Port of India to Bypass Moreh Town, Manipur",Road,NHIDCL BO IMPHAL,6.552,Disposed
FP/MN/TRANS/17453/2016,MN,Manipur,Construction and Stringing of 132 KV Transmission line from Kakching to Moreh,Transmission Line,MANIPUR STATE POWER COMPANY LIMITED,24.32916,Disposed
FP/MN/TRANS/15447/2015,MN,Manipur,Construction of 132KV line from Khengjang to Thanlon,Transmission Line,MANIPUR STATE POWER COMPANY LIMITED,17.1,Disposed
FP/MN/Others/5539/2020,MN,Manipur,Loktak Lake Eco-Tourism Project,Others,DEPARTMENT OF TOURISM,82.6,Pending at MoEFCC(WL)
FP/MN/ROAD/34131/2018,MN,Manipur,Widening and improvement of Yaingangpokpi-Nagaland Road Section of NH-202 into two laning with  paved shoulder of 48.273 km from Hungpungi to Longpi Kajui of 94.612 km in the State of Manipur on EPC Mode by NHIDCL,Road,NHIDCL BO IMPHAL,11.379,Pending at MoEFCC(WL)
FP/MN/ROAD/145545/2021,MN,Manipur,"Construction of Two lane with Paved Shoulder of  Mandeu- Jiri River Section (Package-6, From Km 80.630 to Km 96.870)  of Tamenglong- Mahur Road in the state of Manipur on EPC mode.",Road,NHIDCL BO IMPHAL,72.23,Pending With UA
FP/MZ/WATER/151118/2022,MZ,Mizoram,Alternate Gravity Water Supply Scheme,Drinking Water,PUBLIC HEALTH ENGINEERING DEPARTMENT,4.3,PENDING WITH-SG
FP/MZ/TRANS/39315/2019,MZ,Mizoram,CONSTRUCTION OF 132 KV WEST PHAILENG-MAR[PARA TRANSMISSION LINE UNDER NORTH EASTERN REGION POWER SYSTEM IMPROVEMENT PROJECT,Transmission Line,POWER AND ELECTRICITY DEPARTMENT MIZORAM,104.77,Disposed
FP/SK/TRANS/157621/2022,SK,Sikkim,"Diversion of forest land for laying of 220kV D/C Singhik to Chungthang TL in North Sikkim under CSSTDS by Energy & Power Department, Govt. of Sikkim",Transmission Line,ENERGY POWER DEPARTMENT SIKKIM,10.427,Pending With UA
WL/SK/TRANS/400335/2022,SK,Sikkim,132KV D/C Dikchupool to Perbing Transmission line,Transmission Line,,1.0395,Disposed
WL/SK/OTHERS/400416/2022,SK,Sikkim,Development of Zandidara,OTHERS,,1.6,Disposed
FP/SK/TRANS/148885/2021,SK,Sikkim,"Proposal for diversion of forest land for laying of 132KV D/C Dikchupool to Perbing TL under ""Comprehensive Scheme for strengthening of Transmission & Distribution System in Sikkim"" in East Sikkim by",Transmission Line,ENERGY POWER DEPARTMENT SIKKIM,5.7179,Disposed
FP/AR/VELEC/35182/2018,AR,Arunachal Pradesh,Proposal for diversion of 43.43 Ha. forest land for construction of 33 kV Miao- Diyun Distribution Line,Village Electricity,DEPARTMENT OF POWER GOVT OF ARUNACHAL PRADESH,26.85,Disposed
FP/AR/ROAD/44350/2020,AR,Arunachal Pradesh,Dembuen to Bruni Border Road,Road,NHIDCL,58.49,Disposed
FP/AR/ROAD/144739/2021,AR,Arunachal Pradesh,Construction of Foot Track for ITBP bruni-lama camp,Road,RO ITANAGAR MORT&H,19.7,PENDING WITH-SG
FP/AR/ROAD/144737/2021,AR,Arunachal Pradesh,Construction of Foot tracks for ITBP from Basam - Thathi,Road,RO ITANAGAR MORT&H,12.61,PENDING WITH-SG
FP/AR/ROAD/144735/2021,AR,Arunachal Pradesh,Construction of Foot Tracks for ITBP Mipi - Andra la Omkar,Road,RO ITANAGAR MORT&H,13.43,PENDING WITH-SG
FP/AR/ROAD/148566/2021,AR,Arunachal Pradesh,Balua Kapuda Foot Track,Road,BRO ARUNACHAL PRADESH,10.815,PENDING WITH-SG
FP/AR/ROAD/146221/2021,AR,Arunachal Pradesh,Construction of Foot tracks from Malinye-Balua for ITBP in state of Arunachal Pradesh,Road,BRO ARUNACHAL PRADESH,22.825,PENDING WITH-SG
FP/AR/Others/157587/2022,AR,Arunachal Pradesh,Augmentation of water supply at Roing NT,Others,PHE & WS DEPARTMENT,0.53,Disposed
FP/AR/ROAD/148555/2021,AR,Arunachal Pradesh,Mipi Andrala Project,Road,BRO ARUNACHAL PRADESH,103.95,Disposed
FP/AR/ROAD/33202/2018,AR,Arunachal Pradesh,Proposal for diversion of forest land for improvement/widening of NH 415 (Old NH-52A) from Design Chainage 40.400 KM to 59.170 KM (Pappunallah to Banderdewa Section) in Papum Pare District of Arunachal Pradesh,Road,PWD HIGHWAY ARUNACHAL PRADESH,0.96,Disposed
FP/AR/VELEC/35184/2018,AR,Arunachal Pradesh,Proposal for diversion of 27.34 Ha. forest land for construction of 33 kV Miao- Kharsang Distribution Line,Village Electricity,DEPARTMENT OF POWER GOVT OF ARUNACHAL PRADESH,4.5,Disposed
FP/AR/ROAD/30479/2017,AR,Arunachal Pradesh,Proposal for diversion of 30.99 Ha of forestland for improvement/up-gradation of Pakke-Seijosa-Itakhola road (62 KM) under NEC scheme at East Kameng District of Arunachal Pradesh,Road,EE PAKKE KESSANG DIVISION PWD ARUNACHAL PRADESH,22.53,Disposed
FP/AR/TRANS/35448/2018,AR,Arunachal Pradesh,Construction of 132kV T/L from Namsai to Miao under Comprehensive Scheme for Strengthening of Transmission and Distribution in Arunachal Pradesh,Transmission Line,DEPARTMENT OF POWER GOVT OF ARUNACHAL PRADESH,4.8681,Disposed
FP/AR/ROAD/6091/2021,AR,Arunachal Pradesh,Proposal for diversion of 41 ha for widening and Strengthening of Itanagar to Jote road 20 km (SH: Poma Range 0.00 km to 10.0 km).,Road,"EXECUTIVE ENGINEER, DOIMUKH DIVISION, PWD, AP",13.2,Disposed
FP/AR/ROAD/6063/2021,AR,Arunachal Pradesh,CONSTRUCTION OF PINJOLI BR,Road,BORDER ROADS ORGANISATION 14 TF,0.162,Disposed
FP/AR/ROAD/33459/2018,AR,Arunachal Pradesh,Two Laning of diversion of Forest land for Improvement /up-gradation of H-K Road from 0.00 Km to 10.611 Km by PWD Highways in Tirap District of AP.,Road,PWD HIGHWAY ARUNACHAL PRADESH,0.4,Disposed
FP/AR/Others/122946/2021,AR,Arunachal Pradesh,"Proposal for diversion of 6.18Ha of forestland for Flood Protection Work near General ground at Up-Stream side of Decorai Irrigation Project at Seijosa in Pakke Kessang District, Arunachal Pradesh",Others,"WATER RESOURCES DEPARTMENT, LEMMI",6.18,Disposed
FP/CH/Others/6097/2021,CH,Chandigarh,"(i) General Housing Scheme at Plot Nos. 1 & 2 (ii) Govt. Housing Scheme at Plot No. 7 at RGCTP Habitat Project, IT Park, Chandigarh.",Others,CHANDIGARH HOUSING BOARD,9.448,Disposed
WL/RJ/ROAD/412750/2022,DL,Delhi,"Wildlife Clearance for Strengthening and Widening of road from Kushalipura to Kamleshwar Mahadev Temple via Todra Tehsil - Khandar, District - Sawai Madhopur in the State of Rajasthan",ROAD,,6.8476,Migrated to Parivesh 2
FP/DN/ROAD/148752/2021,DN,Dadar & Nagar Haveli,Diversion of Forest land for Widening and Strengthening of  road stretch from Tinoda to Bindrabin (Ch. 15/8 to 17/4) under State Highway,Road,EXECUTIVE ENGINEER ROAD DIVISION,2.4813,Disposed
FP/DN/TRANS/108286/2020,DN,Dadar & Nagar Haveli,Construction of 220 kV D/C Vapi-II – Sayali Transmission Line,Transmission Line,VAPI II-NORTH LAKHIMPUR TRANSMISSION LIMITED,3.3985,Disposed
FP/DN/Pipeline/3947/2019,DN,Dadar & Nagar Haveli,Set up Gas Distribution Network in Dadra and Nagar Haveli Geographical Area (GA),Pipeline,GUJARAT GAS LIMITED,0.1602,Disposed
FP/DN/ROAD/149552/2021,DN,Dadar & Nagar Haveli,"Diversion of Forest Land (WLS) for Widening and Strengthening of Road Stretch at Dapada and Khadoli Satmalia(Ch. 23/7 to 25/4) , Surangi (Ch. 28/0 to 28/2) under NH 848A",Road,EXECUTIVE ENGINEER ROAD DIVISION,3.7941,DFO_Migrated
FP/PY/IND/1597/2017,PY,Pondicherry,Proposed Sulphonation Plant by M/s. Power Soaps Private Limited,Industry,POWER SOAPS PRIVATE LIMITED,0.0,PENDING WITH-SG
FP/PY/Pipeline/5092/2020,PY,Pondicherry,Puducherry Branchline of Ennore-Thiruvallur-Bengaluru-Puducherry-Nagapatinam-Madurai-Tuticorin R-LNG pipeline project-Puducherry UT section,Pipeline,Indian Oil Corporation Limited (Pipelines Division),3.83,Disposed
FP/PY/IND/1865/2017,PY,Pondicherry,Pondicherry LPG Indane Bottling Plant,Industry,IOCL LPG BOTTLING PLANT PONDICHERRY,0.0,PENDING WITH-SG
