proposal_number,file_number,proposal_name,company_name,status,state_code,category_code,year,search_query
IA/TN/MIS/62126/2017,5-24/2007-IA-III,"Widening and strengthening of existing 2 lane to 4/6 lane of selected stretches/Corridors of National Highway under NHDP Phase III Group-F, Tiruchirappalli (km 130.000) to Karur (km 218.000) NH-67 in the State of Tamil Nadu by NHAI",NHAI,Delisted EC,TN,MIS,2017,National Highway
IA/TN/NCP/89560/2017,To be assigned,"Widening and strengthening of existing 2 lane to 4/6 lane of selected stretches/Corridors of National Highway under NHDP Phase III Group-F, Tiruchirappalli (km 130.000) to Karur (km 218.000) NH-67 {Tr",NATIONAL HIGHWAYS AUTHORITY OF INDIA PIU KARUR,Delisted EC,TN,NCP,2017,National Highway
IA/TN/NCP/89656/2017,To be assigned,"Widening and strengthening of existing 2 lane to 4/6 lane of selected stretches/Corridors of National Highway under NHDP Phase III Group-F, Tiruchirappalli (km 130.000) to Karur (km 218.000) NH-67 {Tr",NATIONAL HIGHWAYS AUTHORITY OF INDIA PIU KARUR,Delisted EC,TN,NCP,2017,National Highway
IA/BR/NCP/89734/2018,10-62/2018-IA.III,Construction of new link National Highway 133B (Design Chainage km.0.000) starts at proposed Sahibganj Bypass and meet at Ch.200.870 of NH-80 (new name NH-33) (Design Chainage 1.800 of NH 133B) and en,National Highways Authority of India,EC Granted,BR,NCP,2018,National Highway
IA/HR/NCP/91009/2018,10-48/2018-IA.III,"Construction of New Four/Six-lane National Highway (NH-152D) from Gangheri, district Kurukshetra to Narnaul, district Mahendergarh in the state of Haryana",National Highways Authority of India,EC Granted,HR,NCP,2018,National Highway
IA/RJ/NCP/94687/2018,10-51/2018-IA.III,Construction of 4/6 lane Access Control National Highway No. 754K from Dhadhaniya Sasan (Jodhpur district) to Rajasthan-Gujarat Border near Sanchore (District-Jalore) in the state of Rajasthan,National Highways Authority of India,EC Granted,RJ,NCP,2018,National Highway
IA/GJ/NCP/129696/2018,10-45/2020-IA.III,Construction of Ahmedabad - Dholera Expressway Road (110 km) (NHAI/BM/21) in the State of Gujarat by Mis National Highways Authority of India,NHAI PIU AHMEDABAD,EC Granted,GJ,NCP,2018,National Highway
IA/GJ/NCP/140865/2018,To be assigned,Proposed New National Highway NH 754K greenfield alignment Sanchore to Santalpur section starting from Vantdau in Banaskantha district to Ranmalpura in Patan district in the state of Gujarat,NATIONAL HIGHWAYS AUTHORITY OF INDIA (NHAI),WithdrawEC,GJ,NCP,2018,National Highway
IA/AP/MIS/75727/2018,10-49/2018-IA.III,Construction of 6-lane highway from Chittoor to Thatchur from Design Ch. 0+000 to Ch. 126+550 of newly declared National Highway NH-716B in the state of Andhra Pradesh and Tamil Nadu under Bharatmala Pariyojana,NATIONAL HIGHWAY AUTHORITY OF INDIA PIU CHENNAI,Returned in present form,AP,MIS,2018,National Highway
IA/GJ/MIS/75732/2018,10-60/2018-IA.III,"Development of Economic Corridors, Inter Corridors and Feeder Routes to improve the efficiency of freight movement in India under Bharatmala Pariyojana (Lot-4),proposed new NH-754K greenfield alignment Sanchore -Santalpur section (EC-3 starting from Vantdau, in Banaskantha district to Ranmalpura in Patan district,approx. 124.6Km)",NATIONAL HIGHWAYS AUTHORITY OF INDIA (NHAI),EC Granted,GJ,MIS,2018,National Highway
IA/UP/NCP/162955/2020,10-44/2020-IA.III,Development of 6 lane National Highway from the junction of Eastern Peripheral Expressway at Khekra to Saharanpur Bypass at Latifpur village from 0.000 to km 118.533 of Delhi to Dehradun Economic Corridor under Bharatmala Pariyojana,National Highways Authority of India,EC Granted,UP,NCP,2020,National Highway
IA/BR/MIS/208048/2021,F. No. 21-28/2021-IA.III,"Warehouse Project in the revenue estate of Survey No. 302/303, National Highway no. 22, Hajipur Sarai Road, Village: Afajalpur Dhobghatti, Bihar",M/S ALCASO INFRASPACE PVT LTD,EC Granted,BR,MIS,2021,National Highway
IA/TG/NCP/166585/2020,10-51/2020-IA.III,Construction of 4 lane Access Controlled (New NH-365BG) Greenfield Highway Section from Khammam to Devarapalli of length 162.126 km from Khammam in the state of Telangana to Devarapalli in the State of Andhra Pradesh under Economic Corridor under Bharatmala Pariyojana,NHAI PIU KHAMMAM,EC Granted,TG,NCP,2020,National Highway
IA/MP/NCP/199099/2021,10-17/2019-IA-III,Four laning of Kothi – Satna - Mahiar Section  of NH 135BG from km 55.000 to km 76.960 (Package-II) and km 80.800 to km 119.535 (Package-III) under Bharatmala Pariyojana in the State of Madhya Pradesh,National Highways Authority of India,EC Granted,MP,NCP,2021,National Highway
IA/UK/NCP/211849/2021,10/25/2021-IA.III,Development of 6-lane access-controlled spur to Haridwar from Delhi – Saharanpur – Dehradun Economic Corridor in the states of Uttar Pradesh & Uttarakhand,National Highways Authority of India,EC Granted,UK,NCP,2021,National Highway
IA/KA/MIS/75227/2018,10-33/2018-IA.III,Satellite Town Ring Road (STRR) Phase-I in Bengaluru from Ch. 0.000 to Ch. 82.200 of Newly declared National Highway NH-948A under Bharatmala Pariyojana in the State of Karnataka,NATIONAL HIGHWAYS AUTHORITY OF INDIA PIU BANGALORE EXPRESSWAY,EC Granted,KA,MIS,2018,National Highway
IA/BR/NCP/205963/2021,10/21/2021-IA.III,"Development of 4 lanes inter corridor (green field alignment) from Tal Dasraha to Bela Nawada(NH 57) under Bharatmala Pariyojana (Lot-5, Package-7) in state of Bihar- Package-5 From Tal Dasraha (CH- 47+000) to Bela Nawada (CH 89+100) Proposed Length – 42.100 Km",National Highways Authority of India,EC Granted,BR,NCP,2021,National Highway
IA/KA/NCP/187221/2020,10-70/2020-IA.III,"Development of 4/6 lane Greenfield alignment from Akkalkot – KN/TS border section in the state of Maharashtra under Bharathmala Pariyojana, (Lot-5/Package-2) – Length 203.00 km",National Highways Authority of India,EC Granted,KA,NCP,2020,National Highway
IA/KA/INFRA1/406866/2022,10-34/2018-IA.III,Development of Satellite Town Ring Road (STRR) Phase-II newly declared National Highway NH-948A from Ramanagara to Peddamadhagondapalli (km 82.200 to km 140.000) 57.8 km in District Ramanagara and Bangalore Urban in the state of Karnataka and District Krishnagiri in the State of Tamil Nadu under Bharatmala Pariyojna,NATIONAL HIGHWAYS AUTHORITY OF INDIA PIU BANGALORE EXPRESSWAY,EC Granted,KA,INFRA1,2022,National Highway
IA/UP/INFRA1/417750/2023,10/10/2022-IA.III,Development of 4/6 lane (green field) access control expressway from Varanasi to Kolkata Package-I from Varanasi ring road Km 00.000 (near Barhuli village) to Km 73.800 (near Rampur village) in the state of Uttar Pradesh and Bihar under Bharatmala Pariyojana Phase-II(Lot-9 package-3). Total Length – 73.800 Km by M/s National Highways Authority of India,National Highways Authority of India,EC Granted,UP,INFRA1,2023,National Highway
IA/BR/INFRA1/419217/2023,10/12/2022-IA.III,"Development of 4/6 lane (green field) access control expressway from Varanasi to Kolkata Package -III from Km 114.000 (near Tetarahar village) to Km 184.400 (near Shahpur village, Bihar/Jharkhand Border) in the state Bihar under Bharatmala Pariyojana Phase-II (lot-9 package-3) (Total Length - 70.40 km) by M/s National Highways Authority of India",National Highways Authority of India,EC Granted,BR,INFRA1,2023,National Highway
IA/BR/INFRA1/420526/2023,10/11/2022-IA.III,Development of 4/6 lane (green field) access control expressway from Varanasi to Kolkata Package-II from Km 73.800 (near Rampur village) to Km 114.000 (near Tetarahar village)  in the state of Bihar under Bharatmala Pariyojana Phase-II(Lot-9 package-3). Total Length – 40.200 Km by M/s National Highways Authority of India,National Highways Authority of India,Delisted EC,BR,INFRA1,2023,National Highway
IA/JH/INFRA1/421051/2023,10/13/2022-IA.III,"Development of 4/6 lane (green field) access control expressway from Varanasi to Kolkata Package-IV from Km 184.400 (near Shahpur village, Bihar/Jharkhand Border) to Km 387.200 (near Kamalpur village, Jharkhand/WB Border) in the state Jharkhand under Bharatmala Pariyojana Phase -II (lot-9 package-3) (Total Length – 202.800 km) by M/s National Highways Authority of India",National Highways Authority of India,Upload Minutes by EAC,JH,INFRA1,2023,National Highway
IA/KA/MIS/58036/2016,10-57/2016-IA-III,"Improvement and Widening to Six lanes, Maintenance, Management and Operation of Bangalore to Mysore Section of National Highway No. 275.",NHAI PIU RAMANAGARA,TOR GRANTED,KA,MIS,2016,National Highway
IA/MH/MIS/58714/2016,To be assigned,Up-gradation to Two Lane with Paved shoulder configuration of Wakan-Pali-Khopoli Road (SH-93) from Km 0/000 to 41/000  Proposed National Highway,MAHARASHTRA STATE ROAD DEVELOPMENT CORPORATION,DELETED,MH,MIS,2016,National Highway
IA/KA/IND2/64492/2017,IA-J-11011/327/2017-IA-II(I),"Expansion of LPG Mounded Storage Facility at HPCL, Banglore, Opp Bangalore Hassan National Highway, Yediyur - 572142, Karnataka.",HPCL LPG BOTTLING PLANT YEDIYUR,TOR GRANTED,KA,IND2,2017,National Highway
IA/TN/MIS/64961/2017,5-24/2007-IA.III,"Widening and strengthening of existing 2 lane to 4/6 lane of selected stretches/Corridors of National Highway under NHDP Phase III Group-F, Tiruchirappalli (km 130.000) to Karur (km 218.000) NH-67 in the State of Tamil Nadu by NHAI – Revised Alignment of Trichy Bypass",NHAI,TOR GRANTED,TN,MIS,2017,National Highway
IA/MH/MIS/73540/2018,10-16/2018-IA.III,"Proposed New National highway -NH-965D (Inter Corridor Route of Bharatmala Project Route 2 starting from Lonand, in Satara district to Kedagaon, in Pune district approximately 51.375 km) by National Highway Authority of India.",NHAI PIU KOLHAPUR,TOR GRANTED,MH,MIS,2018,National Highway
IA/MH/MIS/73763/2018,10-17/2018-IA.III,"Proposed New National highway -NH-160D (Feeder Route of Bharatmala Project Route 4 starts from Junction of NH-60 near Nandur Shingote District-Nashik  connecting Dighe, Talegaon, Loni and terminating at its junction with NH-160 near Kolhar in District-Ahmednagar",NHAI PIU KOLHAPUR,TOR GRANTED,MH,MIS,2018,National Highway
IA/MH/MIS/73795/2018,10-18/2018-IA.III,"Proposed New National highway 753 BB Inter corridor route of Bharatmala project Route 3 from Songir village, Dhule Taluka - Dhule District to Visarwadi village, NavapurTaluka – Nandurbar District approximately 114.50 km",NHAI PIU KOLHAPUR,TOR GRANTED,MH,MIS,2018,National Highway
IA/MH/MIS/73995/2018,To be assigned,"Proposed New National highway (Feeder Route of Bharatmala Project Route 5) NH-348 B starts from Ulwe (Padeghar) connecting Jambhulpada, Kauli Belodak, Chiner, Sai, Barapada and NH-348 BB starts from Chirner connecting Koporli and terminating near Khopate village by National Highway Authority of India.",NHAI PIU KOLHAPUR,Delisted TOR,MH,MIS,2018,National Highway
IA/MH/MIS/74016/2018,To be assigned,"Proposed New National highway 548H Inter corridor route of Bharatmala project Route 1  Starting from its junction with NH-48 near  Sankeshwar connecting Gadhinglaj, Ajara, Amboli, Madkhol, Sawantwadi and Insuli terminating at its junction with NH-66 near Banda approximately 103.600 km by National Highway Authority of India.",NHAI PIU KOLHAPUR,Delisted TOR,MH,MIS,2018,National Highway
IA/KA/MIS/75235/2018,10-34/2018-IA.III,Satellite Town Ring Road (STRR) Phase-II in Bengaluru from Ch. 82.200 to Ch. 138.000 of Newly declared National Highway NH-948A under Bharatmala Pariyojana in the State of Karnataka,National Highways Authority of India,TOR GRANTED,KA,MIS,2018,National Highway
IA/TN/MIS/75239/2018,10-35/2018-IA.III,Satellite Town Ring Road (STRR) Phase-III in Bengaluru from Ch. 138.000 to Ch. 179.969 of Newly declared National Highway NH-948A under Bharatmala Pariyojana in the State of Karnataka,National Highways Authority of India,TOR GRANTED,TN,MIS,2018,National Highway
IA/HR/MIS/75711/2018,10-48/2018-IA.III,Construction of New Four-lane National Highway (NH-152D) from Gangheri to Narnaul in the state of Haryana. It is part of  Bharatmala Pariyojna.,National Highways Authority of India,TOR GRANTED,HR,MIS,2018,National Highway
IA/RJ/MIS/75752/2018,10-51/2018-IA.III,Construction of 4/6 lane Access Control National Highway No. 754K from Dhadhaniya Sasan ( Jodhpur district) to Rajasthan-Gujarat Border near  Sanchore (District-Jalore) in the state of Rajasthan. This is a part of Amritsar to Kandhla Corridor under Bharatmala Pariyojana.,National Highways Authority of India,TOR GRANTED,RJ,MIS,2018,National Highway
IA/BR/MIS/76219/2018,21-62/2018-IA.III,Construction of new link National Highway 133B (Design Chainage km.0.000) starts at proposed Sahibganj Bypass and meet at Ch.200.870 of NH- 33 (Design Chainage 1.800 of NH 133B) and ends at Ch.25.240 of NH-131A at Junction of NH- 131A & NH-133B (Design Chainage 15.885 of NH- 133B) including construction of 4-lane Ganga Bridge in the states of Bihar and Jharkhand,National Highways Authority of India,TOR GRANTED,BR,MIS,2018,National Highway
IA/UP/NCP/129211/2019,To be assigned,Development of Improvement and up-gradation of Package VI - Stretch of Palia Shahjahanpur via Hardoi - Lucknow (in principle declared National Highway) in the State of Uttar Pradesh,PROJECT IMPLEMENTATION UNIT,Delisted TOR,UP,NCP,2019,National Highway
IA/AP/NCP/237557/2021,10/53/2021-IA.III,Development of 4 lane National Highway starts from Kanamalopalli village (Ch: 0+000) to Kothapalem village (Ch: 120+849) in YSR Kadapa and Chittoor districts of Andhra Pradesh under Bharatmala Prayojana (Lot-5/Package-1),National Highways Authority of India,TOR GRANTED,AP,NCP,2021,National Highway
IA/BR/INFRA1/420451/2023,To be assigned,Development of 4/6 lane (green field) access control expressway from Varanasi to Kolkata Package-II from Km 73.800 (near Rampur village) to Km 114.000 (near Tetarahar village)  in the state of Bihar under Bharatmala Pariyojana Phase-II(Lot-9 package-3). Total Length – 40.200 Km by M/s National Highways Authority of India,National Highways Authority of India,Delisted TOR,BR,INFRA1,2023,National Highway
IA/GJ/MIS/50541/2016,F.No. 10-57/2013-IA.III,"Development of Vadodara Mumbai Expressway (Phase-I) in the states of Gujarat, Dadra Nagar & Haveli and Maharashtra by National Highways Authority of India",National Highways Authority of India,Delisted(Amendement),GJ,MIS,2016,National Highway
IA/DL/MIS/53787/2009,F.No.5-4/2007-IA. III,Eastern Peripheral Expressway (NE-II) passing through Kundli-Ghaziabad-Noida-Faridabad in Haryana and Uttar Pradesh by National Highways Authority of India,National Highways Authority of India,DELETED(Extension),DL,MIS,2009,National Highway
IA/HR/MIS/28291/2007,5-4/2007-IA.III,Construction of Eastern Peripheral Expressway (NE-II) passing through Kundli-Ghaziabad-Noida-Faridabad in the States of Haryana and UP by National Highway Authority of India,National Highways Authority of India,Delisted(Extension),HR,MIS,2007,National Highway
IA/TN/MIS/22277/1910,5-24/2007-IA.III,"Widening and Strengthening of existing 2 lane to 4/6 lane of selected stretches/Corridors of National Highways under NHDP Phase-III,Group-F,Tiruchchirppali (km 130.000) to Karur(km 218.000) NH-67 in t",National Highways Authority of India,Delisted(Amendement),TN,MIS,1910,National Highway
IA/GJ/NCP/161261/2020,10-37/2011-IA.III,"Extension of validity of  Environment Clearance for rehabilitation and upgradation of existing carriageway of Kisangarh-Udaipur-Ahmedabad section og NH-79A, NH-79, NH-76 and NH-8 in state of Gujarat by National Highways Authority of India, PIU-Ahmedabad",NHAI PIU AHMEDABAD,EC Granted(Extension),GJ,NCP,2020,National Highway
IA/GJ/MIS/32550/2013,10-57/2013-IA-III,"Development of Vadodara – Mumbai Expressway (Phase – I) from km. 104.700 (km.390.864 of NH-8) to km. 378.722 (km 80.00 of NE-1) in the States of Gujarat, Dadra and Nagar Haveli and Maharashtra by M/s",National Highways Authority of India,EC Granted,GJ,MIS,2013,Expressway
IA/UP/MIS/33179/2013,10-63/2013-IA-III,Development of Delhi-Meerut Expressway-New Alignment of Delhi Meerut Expressway from Dasna to Meerut (27.500 km to 64.552=37.052 km) & connector (0.00 km to 9.004 km=9.004 km) on Annuity Hybrid Model,National Highway Authority of India,EC Granted,UP,MIS,2013,Expressway
IA/HR/MIS/41167/2016,10-8/2016-IA-III,"Construction of Kundli-Manesar-Palwal Expressway (135.65 km) in state of Haryana, India.",HARYANA STATE INDUSTRIAL AND INFRASTRUCTURE DEVELOPMENT CORPORATION LTD,EC Granted,HR,MIS,2016,Expressway
IA/UP/NCP/64757/2017,21-185/2017-IA-III,"Proposed Corporate Office Project at Plot No. A-143, Sector – 136, Near Expressway, Noida, U.P.",VIRAT PROMOTERS PRIVATE LIMITED,EC Granted,UP,NCP,2017,Expressway
IA/UP/NCP/65872/2017,21-279/2017-IA-III,"Proposed Group Housing Project “Speedway Avenue” at Plot No. GH-A3, Jaypee Sports City, Sector 25, SDZ, Yamuna Expressway Greater Noida, District-Gautam Budh Nagar, Uttar Pradesh.",PYRAMID TOWNSHIP PVT LTD,EC Granted,UP,NCP,2017,Expressway
IA/MH/MIS/67224/2016,10-41/2016-IA.III,Development of Access Controlled Nagpur-Mumbai Expressway from Jalna Buldana district Boarder to Aurangabad/Nashik district Boarder in the state of Maharashtra state Road Development corporation ltd,MAHARASHTRA STATE ROAD DEVELOPMENT CORPORATION,EC Granted,MH,MIS,2016,Expressway
IA/UP/NCP/70347/2017,To be assigned,"Proposed Group Housing Project at GH-10, Sector 22 D, Yamuna Expressway Industrial Development Authority, Gautam Budh Nagar, Uttar Pradesh.",YAMUNA EXPRESSWAY INDUSTRIAL DEVELOPMENT AUTHORITY,Delisted EC,UP,NCP,2017,Expressway
IA/MH/MIS/59164/2016,10-79/2016-IA-III,Access Controlled Nagpur–Mumbai Expressway (Package-II),MAHARASHTRA STATE ROAD DEVELOPMENT CORPORATION,EC Granted,MH,MIS,2016,Expressway
IA/MH/MIS/73501/2016,To be assigned,Development of access controlled Nagpur-Mumbai Expressway from Kopargaon (Nashik District border (km 00.00) to Igatpuri (Nashik District border km 126.700) in the state of Maharashtra by Maharashtra S,MAHARASHTRA STATE ROAD DEVELOPMENT CORPORATION,Delisted EC,MH,MIS,2016,Expressway
IA/MH/MIS/53251/2016,10-42/2016-IA-III,Development of access controlled Nagpur-Mumbai Expressway from Kopargaon  (Nashik District border km 00.00) to Igatpuri  (Nashik District border Km 126.700) in the state of Maharashtra,MAHARASHTRA STATE ROAD DEVELOPMENT CORPORATION,transfertoseiaa,MH,MIS,2016,Expressway
IA/MH/MIS/61955/2017,10-3/2017-IA-III,Access Controlled Nagpur Mumbai Expressway,MAHARASHTRA STATE ROAD DEVELOPMENT CORPORATION,EC Granted,MH,MIS,2017,Expressway
IA/HR/NCP/91195/2018,10-52/2018-IA.III,"Construction of 8 lane Sohna Ferozepur Jhirka expressway of length 79.5 km from Dhunela/Alipur at NH 248 A , village Sohna to Rajasthan border near Ferozepur Jhirka in the state of Haryana",National Highways Authority of India,EC Granted,HR,NCP,2018,Expressway
IA/RJ/NCP/94430/2018,10-53/2018-IA.III,"Construction of 4/6 lane expressway from Chautala in Sirsa district in the state of Haryana to Rasiser in Bikaner district in the state of Rajasthan under Bharatmala Pariyojana (Lot-4, Pkg-5)",National Highways Authority of India,EC Granted,RJ,NCP,2018,Expressway
IA/MH/MIS/156726/2020,No.10-80/2016-IA-III,Development of Vadodara Mumbai Expressway (Phase-II) from km.26.320 to km.104.700 (km.390.864 of NH-8) of Main Expressway in the State of Maharashtra,National Highways Authority of India,EC Granted,MH,MIS,2020,Expressway
IA/HR/NCP/141416/2020,10-17/2020-IA.III,Development of Haryana Section from Km 0+000 to Km 135+056 of Delhi–Amritsar-Katra Expressway,National Highways Authority of India,EC Granted,HR,NCP,2020,Expressway
IA/KA/MIS/73474/2018,10-15/2018-IA.III,8 lan of bangalore Chennai Expressway Phase I from Banagalore at Km 0.000 and ends at Km 71.000 near NG Hulkur Village including Spur Alignment of 2.05 Km,National Highways Authority of India,EC Granted,KA,MIS,2018,Expressway
IA/PB/NCP/141510/2020,10-18/2020-IA.III,Development of Punjab Section from Km 135+056 to Km 396+863 of Delhi–Amritsar-Katra Expressway,National Highways Authority of India,EC Granted,PB,NCP,2020,Expressway
IA/PB/NCP/178014/2020,10-64/2020-IA.III,Development of access controlled Ludhiana – Rupnagar Greenfield highway starting from Delhi – Katra Expressway (NE-5) near village Manewal and terminating on NH-205 at Rupnagar near village Bheora including development of its spur (starting near village Pippal Majra and terminate at Kharar) in the state of Punjab under Bharatmala Pariyojana,National Highways Authority of India,EC Granted,PB,NCP,2020,Expressway
IA/UP/MIS/75114/2018,10-65/2018-IA.III,Construction of proposed 6-Lane Expressway from Lucknow to Kanpur in the State of Uttar Pradesh,National Highways Authority of India,EC Granted,UP,MIS,2018,Expressway
IA/PB/NCP/224855/2020,10-65/2020,Development of access controlled Amritsar-Bathinda Greenfield Highway starting from Delhi-Amritsar Expressway near Sultanpur Lodhi (village Tiba) and terminate at Bathinda (near Sangat Kalan) as a par,National Highways Authority of India,EC Granted,PB,NCP,2020,Expressway
IA/PB/NCP/224881/2021,10-63/2020-IA.III,"Development of access-controlled Ludhiana-Bathinda Greenfield Highway, starting from Delhi-Katra Expressway of NE-5 near Ludhiana (village Ballowal) and terminating at Amritsar-Bhatinda Greenfield hig",National Highways Authority of India,Returned in present form,PB,NCP,2021,Expressway
IA/TN/NCP/229845/2018,10-13/2018-IA-III,"8 lane of Bangalore Chennai Expressway Phase III from Km 156.000 near 190.Ramapuram Village, Gudipala mandal, Chittoor District in Andhra Pradesh and ends at Km 262.100 near Irungattukottai village, S",National Highways Authority of India,ClosedEC,TN,NCP,2018,Expressway
IA/AP/MIS/73485/2018,10-13/2018-IA.III,"8-lane of Bangalore-Chennai Expressway Phase-III from Km 156.000 near 190.Ramapuram Village, Gudipala Mandal,Chittoor District in Andhra Pradesh and ends at Km 262.569 near Irungattukottai village, Sriperambudur Taluq, Kanchipuram District in Tamil Nadu",National Highways Authority of India,EC Granted,AP,MIS,2018,Expressway
IA/PB/NCP/236213/2020,10-63/2020-IA.III,"Development of access-controlled Ludhiana-Bathinda Greenfield Highway, Starting from Delhi-Katra Expressway ( Chainage 251+800 of NE - 5) Near Ludhiana (Village -Ballowal) Terminating at (Proposed Cha",National Highways Authority of India,Upload Minutes by EAC,PB,NCP,2020,Expressway
IA/KA/MIS/73482/2018,10-14/2018-IA.III,"8-lane of Bangalore-Chennai Expressway Phase-II from Km 71.000 near N.G.Hulkur Village, Bangarpet Taluqa, Kolar District, Karnataka and ends at km 156.000 near 190.Ramapuram Village, Gudipala mandal,Chittoor District, Andhra Pradesh",National Highways Authority of India,EC Granted,KA,MIS,2018,Expressway
IA/RJ/NCP/238241/2021,10/40/2021-IA.III,Construction of 6-Lane Greenfield spur from Delhi-Vadodara Greenfield expressway near Bandikui to Jaipur in Bharatmala Pariyojana Phase-I in the state of Rajasthan,National Highways Authority of India,EC Granted,RJ,NCP,2021,Expressway
IA/UP/NCP/248152/2021,10/1/2022-IA.III,"Construction of 6 Lane 'Ganga Expressway' (Expandable upto 8 Lane), an access controlled Green field Expressway in district Meerut, Hapur, Bulandsahar, Amroha, Sambhal, Badaun, Shahjahanpur, Hardoi, Unnao, Raibareli, Partapgarh & Paryagraj, (CH 7+900-CH 601+847 Km) total length 593.947 Kms.",UPEIDA (GANGA EXPRESSWAY),EC Granted,UP,NCP,2021,Expressway
IA/KA/MIS/41775/2016,10-15/2016-IA-III,"6-laning of Bangalore Chennai Expressway including Spur Alingnments in the states of Karnataka, Andhra Pradesh and Tamil Nadu",National Highways Authority of India,WithdrawTOR,KA,MIS,2016,Expressway
IA/MH/MIS/53199/2016,10-41/2016-IA-III,Development of Access Controlled Nagpur-Mumbai Expressway from Jalna/Buldana District Boarder (Km 00.00 To Aurangabad/Nashik District Boarder (Km 154.00) In The State Of Maharashtra.,MAHARASHTRA STATE ROAD DEVELOPMENT CORPORATION,TOR GRANTED,MH,MIS,2016,Expressway
IA/MH/MIS/55641/2016,10-46/2016-IA-III,"Development of Access controlled Nagpur-Mumbai Expressway from Talegaon Village, Igatpuri Taluka (Nashik District border 00.00 km) to Vadape, Bhiwandi Taluka (Thane District 80.2 km) in the state of Maharashtra",MAHARASHTRA STATE ROAD DEVELOPMENT CORPORATION,TOR GRANTED,MH,MIS,2016,Expressway
IA/HR/MIS/56389/2016,10-48/2016-IA-III,DELHI-JAIPUR EXPRESSWAY (GREENFIELD) PROJECT,National Highways Authority of India,TOR GRANTED,HR,MIS,2016,Expressway
IA/HR/MIS/58392/2016,To be assigned,Delhi-Jaipur Expressway (Greenfield),National Highways Authority of India,DELETED,HR,MIS,2016,Expressway
IA/MH/MIS/59976/2016,10-80/2016-IA-III,Development of Vadodara Mumbai Expressway (Phase-II) from km.26.320 to km.104.700 (km.390.864 of NH-8) of Main Expressway in the State of Maharastra,DR.B.Mukhopadhyay,TOR GRANTED,MH,MIS,2016,Expressway
IA/JH/MIS/60916/2016,10-4/2017-IA-III,Development of Six-Lane Controlled Access Ranchi-Bokaro-Dhanbad Expressway under PPP framework,STATE HIGHWAYS AUTHORITY OF JHARKHAND,TOR GRANTED,JH,MIS,2016,Expressway
IA/JH/MIS/60922/2016,10-5/2017-IA-III,Development of Six lane  Controlled Access Jamshedpur- Bokaro-Dhanbad Expressway under PPP Framework,STATE HIGHWAYS AUTHORITY OF JHARKHAND,TOR GRANTED,JH,MIS,2016,Expressway
IA/UP/NCP/67035/2017,To be assigned,"Proposed “Affordable Housing” Project at Sector 22 D, Village Ballukhera, Yamuna Expressway Industrial Development Authority, Gautam Budh Nagar, Uttar Pradesh.",YAMUNA EXPRESSWAY INDUSTRIAL DEVELOPMENT AUTHORITY,transfertoseiaa,UP,NCP,2017,Expressway
IA/GJ/MIS/72899/2018,10-9/2018-IA.III,Construction of Ahmedabad-Dholera Expressway Road (110 km) (NHAI/BM/21) in the State of Gujarat,NHAI PIU AHMEDABAD,TOR GRANTED,GJ,MIS,2018,Expressway
IA/UP/INFRA1/415341/2023,10/43/2021-IA.III,Construction of four laning of Ghazipur–Balia new Greenfield Section: Starts at  Hridayapur Village (Km.0.000) near NH-24 in the State of  UP and Ends at Bahron Singh Ke Tola Village (Km. 115.460) near NH-31 in the State of Bihar and Construction of new Buxar Spur connectivity on proposed highway near Bathoor Village (km 0.000) to Buxar Village (km 17.300) in the state of Uttar Pradesh – Total length-132.760Kms.,National Highways Authority of India,EC Granted,UP,INFRA1,2023,Four Laning
IA/MP/MIS/83186/2018,10-17/2019-IA.III,Four laning of Kothi – Satna - Mahiar Section  of NH 135BG from km 55.000 to km 76.960 (Package-II) and km 80.800 to km 119.535 (Package-III) under Bharatmala Pariyojana in the State of Madhya Pradesh,National Highways Authority of India,TOR GRANTED,MP,MIS,2018,Four Laning
IA/MP/MIS/87756/2018,10-4/2019-IA.III,Four laning of Chitrakoot - Kothi Section of NH 135BG from km 0.000 to km 55.000 (Package-I) under Bharatmala Pariyojana in the State of Uttar Pradesh and Madhya Pradesh,National Highways Authority of India,TOR GRANTED,MP,MIS,2018,Four Laning
IA/MP/MIS/90109/2018,10-1/2019-IA.III,Four laning of Balaghat - Gondia Section of NH 543 from km 0.000 to km 48.070 (Package-1A & Package-1B) under Bharatmala Pariyojana in the State of Madhya Pradesh and Maharashtra,National Highways Authority of India,TOR GRANTED,MP,MIS,2018,Four Laning
IA/CG/NCP/194588/2021,10/14/2021-IA.III,Development of four laning Patthalgaon-Kunkuri CH/JH border Green field highway starting from village Tarua Ama near Patthalgaon and terminates near village Sai Tanger Toli at CG/JH border in the state of chhattisgarh under Bharatmala Pariyojana(Lot-5/Package-7) Total Length-100 km,National Highways Authority of India,TOR GRANTED,CG,NCP,2021,Four Laning
IA/UP/NCP/229313/2021,10/43/2021-IA.III,Construction of four laning of Ghazipur –Ballia- UP/Bihar New Greenfield section from Km. 0.000 to 115.460 of NH-31 and construction of new Buxar Spur connectivity from km 0.000 to km 17.300 in the state of Uttar Pradesh. NH(O)– Length 132.76 km.,National Highways Authority of India,TOR GRANTED,UP,NCP,2021,Four Laning
IA/MIS/GJ/23775/2014,10-18/2014-IA.III,Six Laning of Ahmedabad  (Km 12.0) to Bamanbore (Km. 182.5) section of NH-8A in the State of Gujarat (Km.0.000 to 170.700 of new NH 47),National Highways Authority of India,TOR GRANTED,MIS,GJ,2014,Six Laning
IA/MIS/GJ/23818/2014,10-17/2014-IA.III,Six Laning of Rajkot (Km. 185.244) to Bamanbore (Km. 215.600) section of NH-8B and Bamanbore (Km. 182.500) – Samaikhiali (Km. 306.000) section of NH-8A in the State of Gujarat                                                            (Km.184.700 to Km 341.477 of new NH-27),National Highways Authority of India,TOR GRANTED,MIS,GJ,2014,Six Laning
IA/MN/MIS/74915/2018,To be assigned,Construction and upgradation of exiting Ukhrul-Tolloi-Tadubi section of NH-102A (115km) of District Ukhrul & Senapati into two laning with Paved Shoulder on EPC Mode in the State of Manipur by NHIDCL,NHIDCL BO IMPHAL,Delisted EC,MN,MIS,2018,Two Laning
IA/MN/NCP/91113/2019,10-19/2019-IA.III,Widening and improvement of Yaingangpokpi-Nagaland Road Section of NH-202 into two laning with paved shoulder of 0.000 km from Laikot to Hungpung of 48.273 km in the State of Manipur on EPC Mode by NH,NHIDCL BO IMPHAL,Returned in present form,MN,NCP,2019,Two Laning
IA/MN/NCP/91843/2019,10-20/2019-IA.III,Widening and improvement of Yaingangpokpi-Nagaland Road Section of NH-202 into two laning with paved shoulder of 48.273 km from Hungpung to Longpi Kajui of 94.612km in the State of Manipur on EPC Mode,NHIDCL BO IMPHAL,Returned in present form,MN,NCP,2019,Two Laning
IA/MN/NCP/91945/2019,10-21/2019-IA.III,Widening and improvement of Yaingangpokpi-Nagaland Raod Section of NH-202 into two laning with paved shoulder of 94.612 km from Longpi Kajui to Chingjaroi Khullen & Razai of 129.100 km in the State of,NHIDCL BO IMPHAL,Returned in present form,MN,NCP,2019,Two Laning
IA/MN/NCP/92031/2019,10-22/2019-IA.III,Widening and improvement of Yaingangpokpi-Nagaland Road Section of NH-202 into two laning with paved shoulder of 129.100 km from Chingjaroi Khullen & Razai to Jessami of 169.400 km in the State of Man,NHIDCL BO IMPHAL,Returned in present form,MN,NCP,2019,Two Laning
IA/UP/MIS/40935/2013,10-12/2013-IA-III,Rehabilitation and upgradation of existing carriageway to 6 - laning of Kanpur (Chakeri) to Allahabad (Km 483.687 to Km 630.00) section of NH-2 in the State of Utar Pradesh by M/s NHAI,National Highways Authority of India,EC Granted,UP,MIS,2013,NHAI
IA/RJ/MIN/25272/2014,To be assigned,"Limestone (Burning) mining project (M.L.No. 11/2013, Lease Area - 4.0 Ha.) n/v Manakpur, Tehsil & District- Nagaur ( Rajasthan). of  Shri Kanhaiya",Kanhaiya,DELETED,RJ,MIN,2014,NHAI
IA/RJ/MIN/25278/2014,To be assigned,"Limestone Mining Project (M.L. No. - 10/2013, Area - 4.00 Ha.) Near Village - Manakpur, Tehsil & District - Nagaur (Rajasthan) of Shri Kanhaiya Lal.",Kanhaiya,DELETED,RJ,MIN,2014,NHAI
IA/OR/MIS/86510/2018,10-5/2019-IA.III,"CONSTRUCTION OF 2/4 LANING WITH PAVED SHOULDER NH CONFIGURATION UNDER BHARATMALA SCHEME- GOPALPUR-SATPADA-KONARK-ASTARANG-NAUGAON-PARADWIP PORT-RATANPUR (PKG NO.-NHAI/BM/18) IN THE STATE OF ODISHA, Proposed Length-240.122 Kms",National Highways Authority of India,WithdrawTOR,OR,MIS,2018,NHAI
IA/OR/NCP/154293/2020,10-16/2020-IA.III,Construction of 2/4 laning with paved shoulder and NH configuration under Bharatmala Pariyojana for Tangi-Brahamgiri-Puri-Konark-Astarang-Naugaon-Paradwip port-Ratanpur (pkg no.-NHAI/BM/18) in the state of Odisha.,National Highways Authority of India,TOR GRANTED,OR,NCP,2020,NHAI
IA/MH/MIS/26749/2013,F. No. 10-4/ 2013 - IA.III,Development of Six lane SPUR - Phase II starting from km 26.320 of Vadodara - Mumbai Expressway and terminates at km 24.416 of NH-4B in the State of Maharashtra (total length of 94.390 Km) by M/s NHAI,National Highways Authority of India,TOR GRANTED(Extension),MH,MIS,2013,NHAI
IA/MH/MIS/30303/2013,F.No.10-59/2013 -IA.III,Development of VadodaraMumbai Expressway (Phase-II) from km 26.32 to km 104.700 (km 390.864 of NH-8) of Main Expressway in the state of Maharashtra by M/s NHAI,National Highways Authority of India,TOR GRANTED(Extension),MH,MIS,2013,NHAI
IA/GJ/MIS/30304/2013,F.No.10-57/2013-IA. III,"Development of Vadodara – Mumbai Expressway (Phase – I) from km. 104.700 (km.390.864 of NH-8) to km. 378.722 (km 80.00 of NE-1) in the States of Gujarat, Dadra and Nagar Haveli and Maharashtra by M/s NHAI",National Highways Authority of India,Delisted(Extension),GJ,MIS,2013,NHAI
IA/GJ/MIS/53789/2016,F.No.- 10-57/2013-IA-III,"Development of Vadodara - Mumbai Expressway (Phase - I) from km. 104.700 (km.390.864 of NH-8) to km. 378.722 (km 80.00 of NE-1) in the States of Gujarat, Dadra and Nagar Haveli and Maharashtra by M/s NHAI",National Highways Authority of India,DELETED(Amendement),GJ,MIS,2016,NHAI
IA/GJ/MIS/60894/2016,F.No.- 10 -57/2013-IA-III,"Development of Vadodara – Mumbai Expressway (Phase – I) from km. 104.700 (km.390.864 of NH-8) to km. 378.722 (km 80.00 of NE-1) in the States of Gujarat, Dadra and Nagar Haveli and Maharashtra by M/s NHAI",National Highways Authority of India,DELETED(Amendement),GJ,MIS,2016,NHAI
IA/KL/MIS/21854/2014,10-35/2010-IA.III,CRZ and EC of widening and improvement of 2 lane to 4/6 lane of NH-47 from Cherthalai to Thiruvananthapuram in the State of Kerala by NHAI,NATIONAL HIGHWAYS AUTHORITY OF INDIA THIRUVANANTHAPURAM,Delisted(Amendement),KL,MIS,2014,NHAI
IA/JK/MIS/18929/2013,10-13/2013-IA-III,Rehabiliation and upgradation of existing carriageway to 4/6lane ring road/bypass road to jammu and kashmir,National Highways Authority of India,Rejected,JK,MIS,2013,Bypass
IA/HR/NCP/232701/2021,10/46/2021-IA.III,Construction of 6 lane Greenfield connectivity from DND-Faridabad-Ballabhgarh bypass (from km 32+600) to Jewar International Airport under Bharatmala Pariyojna (Lot-4/Pkg-1) in the State of Haryana and Uttar Pradesh. Proposed Length – 31.060 Km.,National Highways Authority of India,EC Granted,HR,NCP,2021,Bypass
IA/WB/IND/214214/2021,IA-J-11011/265/2021-IA-II(I),"Proposed Expansion of existing Rolling Mill products-Angles (Structure), Pipes, Profile and Strips from 77400 TPA to 200000 TPA & New installation of 3x15T Induction Furnace for Manufacturing of M.S. Ingot/Billet (200000 TPA) at Kashiram Jote, Phulbari Ghoshpukur Bypass, Silliguri, District-Darjeeling West Bengal- 734434 by M/s Purbanchal Concast Pvt. Ltd.",M/S PURBANCHAL CONCAST PVT. LTD.,Returned in present form,WB,IND,2021,Bypass
IA/WB/IND1/404663/2022,IA-J-11011/265/2021-IA-II(IND-I),"Environmental Clearance for Proposed installation of 3x15T Induction Furnace with 1x2 strand of CCM for manufacturing of MS Ingot/Billet (200000 TPA) and 1x25 TPH Rolling Mill (197000TPA) at Kashiram Jote, Phulbari Ghoshpukur Bypass, Silliguri, District-Darjeeling West Bengal-734434 by M/s. Purbanchal Concast Pvt. Ltd.",M/S PURBANCHAL CONCAST PVT. LTD.,EC Granted,WB,IND1,2022,Bypass
IA/UP/INFRA1/409388/2022,10/44/2021-IA.III,"DEVELOPMENT OF 4/6 LANE AYODHYA BYPASS TOTAL LENGTH OF 67.572 KMS (NORTHERN AYODHYA BYPASS STARTING AT KM 112+540, ENDING AT KM 139+928 OF NH–28 AND SOUTHERN AYODHYA BYPASS STARTING AT KM 112+540, ENDING AT KM 153+281 OF NH–28) UNDER NHDP PHASE-VII IN THE STATE OF UTTAR PRADESH",National Highways Authority of India,EC Granted,UP,INFRA1,2022,Bypass
IA/AP/NCP/168040/2020,10-50/2020-IA.III,"Development of 4/8 lane Access control Anantapur-Amaravati (Chilakaluripet) green field alignment NH-544F starting near the junction with NH-565 near Ganugapenta, Prakasam district at Km.236.000 connecting Vaddipadu, Sangapuram, Alavalapadu, Vemavaram, Nuzendla, murikipudi and terminating at its junction with Chilakaluripeta Bypass of NH-16 near Boppudi, Guntur District at Km. 335.182 in the State of Andhra Pradesh (Total Length: 99.182 km), package-III",National Highways Authority of India,TOR GRANTED,AP,NCP,2020,Bypass
IA/WB/IND/214613/2021,IA-J-11011/265/2021-IA-II(I),"Proposed expansion of existing Rolling Mill products-Angles (Structure), Pipes, Profile and Strips from 77400 TPA to 280000 TPA) & New installation of 3x15T Induction Furnace for Manufacturing of M.S. Ingot/Billet (200000 TPA) at Kashiram Jote, Phulbari Ghoshpukur Bypass, Silliguri, District-Darjeeling West Bengal- 734434 by M/s Purbanchal Concast Pvt. Ltd.",M/S PURBANCHAL CONCAST PVT. LTD.,Returned in present form,WB,IND,2021,Bypass
IA/UP/NCP/227533/2021,10/41/2021-IA.III,Development of 4/6 Lane North -East side Gorakhpur bypass starting from NH-29E (chainage 83+308) and end at NH-28 (chainage 285+100) under NHDP Phase-VII in the state of Uttar Pradesh. Total Length – 26.616 km,National Highways Authority of India,TOR GRANTED,UP,NCP,2021,Bypass
IA/UP/NCP/229054/2021,10/44/2021-IA.III,Development of 4/6 Lane Ayodhya Bypass starting from NH-28 (chainage 139+928) and end at NH-28 (chainage 153+281) under NHDP Phase-VII in the state of Uttar Pradesh. Total Length – 67.572 km.,National Highways Authority of India,TOR GRANTED,UP,NCP,2021,Bypass
IA/MP/NCP/291176/2022,10/40/2022-IA.III,"Development of 6 lane (Greenfield) access control Expressway from Agra to Gwalior Section: Starts near Deori village (Design Ch. 0.000) in district Agra and ends near Susera village merge into Gwalior bypass (Design Ch. 88.400) in the state of Uttar Pradesh, Rajasthan and Madhya Pradesh. Total Length - 88.400 km.",National Highways Authority of India,TOR GRANTED,MP,NCP,2022,Bypass
IA/WB/IND1/401785/2022,IA-J-11011/265/2021-IA-II(IND-I),"Environmental Clearance for Proposed installation of 3x15T Induction Furnace with 1x2 strand of CCM for manufacturing of MS Ingot/Billet (200000 TPA) and 1x25 TPH Rolling Mill (197000TPA) at Kashiram Jote, Phulbari Ghoshpukur Bypass, Silliguri, District-Darjeeling West Bengal-734434 by M/s. Purbanchal Concast Pvt. Ltd.",M/S PURBANCHAL CONCAST PVT. LTD.,Delisted TOR,WB,IND1,2022,Bypass
IA/BR/INFRA1/409319/2022,10/2/2023-IA.III,"Construction Of 4 Lane Bakarpur-manikpur Section, Starting From Design Km 0.000 at Sitalpur Bypass Of NH-19 near Village Bakarpur In District Saran And Terminate At Design Km 38.813 Near Village Manikpur Merge Into SH-74 In District Mujaffarpur In The State Of Bihar. (Total Project Length= 38.813 Km)",National Highways Authority of India,TOR GRANTED,BR,INFRA1,2022,Bypass
IA/DL/MIS/104396/2019,10-30/2019-IA.III,"Development of Urban Extension Road-II (NH-344M) from design chainage Km 0.000 to Km 38.111 in the state of NCT of Delhi, Development of link road (new NH-344P) (Km 0.000 to Km 29.600) between Bawana Industrial Area Delhi (from Km 7.750 of UER II) till bypass of NH-352A at village Barwasni Sonipat, Haryana in the state of NCT of Delhi/Haryana and Development of link road (new NH-344N) (Km 0.000 to Km 7.500) between Dichaon Kalan till Bahadurgarh Bypass/NH-10 in the state of NCT of Delhi/Haryana",MINISTRY OF ROAD TRANSPORT & HIGHWAYS,TOR GRANTED(Amendement),DL,MIS,2019,Bypass
IA/JK/MIS/18918/2013,10-33/2013-IA-III,Construction of Standalone Ring Road/By pass link road around srinagar city,National Highways Authority of India,Rejected,JK,MIS,2013,Ring Road
IA/KA/INFRA1/405741/2022,10/46/2022-IA.III,"Development Of Eight Lane Peripheral Ring Road Connecting Tumakuru Road To Hosur Road (Crossing Ballari Road And Old Madras Road) In Bengaluru Urban District, Karnataka",BANGALORE DEVELOPMENT AUTHORITY BDA,EC Granted,KA,INFRA1,2022,Ring Road
IA/JK/MIS/73497/2018,To be assigned,Construction of standalone Ring Road/by-pass link road around Jammu City of NH-1A in the state of J&K,National Highways Authority of India,Delisted TOR,JK,MIS,2018,Ring Road
IA/AP/MIS/88514/2018,10-18/2019-IA.III,"Development of New NH-544F starting from its junction with NH-44 near Maruru (Raptadu), Anantapur district at Km.0.000 connecting Itukalapalli, Husenapuram (Tadipatri), Nagireddipalli, Nallagatla, Giddalur, Kagitaalagudem (Cumbum), Rayayaram, Nuzendla, Kommalapadu, Kavuru, Phirangipuram, Medikonduru, Velavarthipadu and terminating at its junction with Vijaywada Inner Ring Road near Pedda Parimi, Guntur District at Km. 385.310 in the State of Andhra Pradesh (Total Length: 385.310 km)",National Highways Authority of India,WithdrawTOR,AP,MIS,2018,Ring Road
IA/UP/NCP/253149/2022,10/10/2022-IA.III,“Development of 4/6 lane (green field) access control expressway from Varanasi to Kolkata Package-I from Varanasi ring road Km 00.000 (near Barhuli village) to Km 73.800 (near Rampur village) in the state of Uttar Pradesh and Bihar under Bharatmala Pariyojana Phase-II (lot-9 package-3). Proposed Length – 73.800 Km,National Highways Authority of India,TOR GRANTED,UP,NCP,2022,Ring Road
IA/KL/NCP/255052/2022,To be assigned,"Proposed Outer Ring Road (Northern Ring: Navaikulam to Thekkada), Thiruvananthapuram",CAPITAL REGION DEVELOPMENT PROJECT,Delisted TOR,KL,NCP,2022,Ring Road
IA/UP/NCP/284612/2022,10/34/2022-IA.III,Development of 6 Lane Kanpur Ring Road starting from NH-19 (Existing Ch. 506+820) near Sachendi village and ends at same point i.e. NH-19 (Existing Ch. 506+820) near Sachendi village in Kanpur Nagar district under NHDP Phase-VII in the state of Uttar Pradesh.,National Highways Authority of India,TOR GRANTED,UP,NCP,2022,Ring Road
IA/MP/NCP/290185/2022,10/38/2022-IA.III,"Development of 4 lane Ring Road for Jabalpur city starting from village Manegaon, Design Ch. 19+100 and ends near Barela village, Design Ch.108+542 in Jabalpur district in the state of Madhya Pradesh",National Highways Authority of India,TOR GRANTED,MP,NCP,2022,Ring Road
IA/UP/INFRA1/404236/2022,10/43/2022-IA.III,"Construction of 4 lane Inner Ring Road Phase -1 in and around Prayagraj city starting from near village Adampur, Design Ch. 0+000 and ends near Khodaypur Kasgaon village, Design Ch.65+066 in Prayagraj and Kaushambi districts in the state of Uttar Pradesh",National Highways Authority of India,TOR GRANTED,UP,INFRA1,2022,Ring Road
IA/KA/INFRA1/405544/2022,To be assigned,"Development Of Eight Lane Peripheral Ring Road Connecting Tumakuru Road To Hosur Road (Crossing Ballari Road And Old Madras Road) In Bengaluru Urban District, Karnataka",BANGALORE DEVELOPMENT AUTHORITY BDA,Delisted TOR,KA,INFRA1,2022,Ring Road
IA/UP/INFRA1/418707/2023,To be assigned,"Construction of 4 lane Inner Ring Road Phase -1 in and around Prayagraj city starting from near village Adampur, Design Ch. 0+000 and ends near Khodaypur Kasgaon village, Design Ch.65+066 in Prayagraj and Kaushambi districts in the state of Uttar Pradesh",,Under Examination for TOR,UP,INFRA1,2023,Ring Road
IA/MP/NCP/293397/2022,10/38/2022-IA.III,"Development of 4 lane Ring Road for Jabalpur City starting from village Manegoaon, Design Ch. 19+100 and ends near Barela, Design Ch. 117+000 in Jabalpur district in the state of Madhya Pradesh",National Highways Authority of India,TOR GRANTED(Amendement),MP,NCP,2022,Ring Road
IA/KL/NCP/254991/2017,To be assigned,"Proposed Outer Ring Road (ORR) under CRDP-II, Thiruvananthapuram, Kerala (Southern Ring: Mangalapuram-Thekkada-Vizhinjam)",CAPITAL REGION DEVELOPMENT PROJECT,Returned to proponent due to Shortcoming(EC),KL,NCP,2017,Ring Road
IA/MH/MIS/63032/2017,11-10/2017-IA-III,"Mumbai Coastal Road Project (South)
 - Princess Flyover to Worli end of Sea Link.",MUNICIPAL CORPORATION OF GREATER MUMBAI,EC Granted,MH,MIS,2017,Flyover
IA/MH/MIS/61725/2017,To be assigned,Mumbai Coastal Road Project (South)  from Princess Flyover to Worli end of Sea Link,MUNICIPAL CORPORATION OF GREATER MUMBAI,DELETED,MH,MIS,2017,Flyover
IA/MH/MIS/62969/2017,To be assigned,Mumbai Coastal Road Project (South) from Princess Flyover to Worli end of Sea Link,MUNICIPAL CORPORATION OF GREATER MUMBAI,DELETED,MH,MIS,2017,Flyover
IA/MH/MIS/24155/2014,10-72/2012-IA-III,Rehabilitation and Up-gradation of existing 2 lane to 4 lane from Solapur to Yedshi section of NH-21,National Highways Authority of India,EC Granted,MH,MIS,2014,NH-
IA/MH/MIS/24591/2014,To be assigned,"Widening of existing NH-48 (A1·E section from km 3.600 to km 27.270, D·G Section from  km 0.000 to km 4.462) SH-54 (from km 5.300 to km 14.850) and Amra Marg (from km 0.000 to  km 6.200) to 6/8 lanes on boundaries of proposed Navi Mumbai Internationa",National Highways Authority of India,DELETED,MH,MIS,2014,NH-
IA/MH/MIS/24619/2014,11-42/2014-IA.III,"Widening of existing NH – 4B, NH-348 (Previous SH – 54 and Amra Marg) to  Six/ Eight lanes on the boundaries of Proposed Navi Mumbai International  Airport and JNPT on DBFOT pattern",National Highways Authority of India,EC Granted,MH,MIS,2014,NH-
IA/GJ/MIS/116/2012,10-12/2012-IA-III,Widening and improvement of the existing highway to 2-lanes with paved shoulder/ 4 lane/6 lane of Bhavnagar-Pipavav ? Porbandar- Dwarka Section of NH-8E.,National Highways Authority of India,EC Granted,GJ,MIS,2012,NH-
IA/MH/MIS/251/2012,To be assigned,TOR for widening of existing 2-lane to 4/6 lane of Solapur to Bijapur section of NH-13 in the State of Maharashtra and Karnataka.,National Highways Authority of India,DELETED,MH,MIS,2012,NH-
IA/UP/NCP/63931/2017,21-152/2017-IA-III,"Group Housing Colony  at Khasra No. 1104 & 1111 at Noor Nagar Pargna Loni, NH-58, Raj Nagar Extension by M/s LR Infrahomes India Pvt. Ltd.",L R INFRAHOMES INDIA PVT. LTD.,EC Granted,UP,NCP,2017,NH-
IA/UP/NCP/65728/2016,21-316/2017-IA-III,"Development of Hindon Elevated Road at Ghaziabad from NH-24 (U.P. Gate) to Raj Nagar Extension, Uttar Pradesh",GHAZIABAD DEVELOPMENT AUTHORITY,Violation,UP,NCP,2016,NH-
IA/UP/NCP/66189/2017,21-291/2017-IA-III,"Affordable Group Housing Project “Sikka Kannan Green “
KHASRA NO-321, 322, 324, 325, 329, 330 VILLAGE SADABAD
& KHASRA NO- 679, 679 K, 680, 681, 682 & 683 &
VILLAGE- ABUPUR, MODI NAGAR, NH-58, GHAZIABAD (UP)",SIKKA DEVELOPERS PVT LTD,EC Granted,UP,NCP,2017,NH-
IA/AN/MIS/67724/2017,10-38/2015-IA.III,Construction of 2-lane Bridge over Middle Strait Creek (at Km. 107) of NH-223 connecting South Andaman Island & Baratang Island in the Andaman & Nicobar Islands(F.No. 10-38/2015-IA.III),CHIEF ENGINEER APWD,EC Granted,AN,MIS,2017,NH-
IA/UP/NCP/69987/2017,To be assigned,"Affordable Housing Project ‘Diya Green City, NH-24’",M/S EUREKA BUILDER PVT. LTD.,WithdrawEC,UP,NCP,2017,NH-
IA/UP/NCP/70304/2017,To be assigned,"Group Housing Colony Bluemoon Homes at Khasra no. 1104m,1111m,1116m & 1123m Village Noor Nagar Pargna Loni, NH-58, Raj Nagar Extension, Ghaziabad, UP by M/s LR Infrahomes India Private Limited",LR INFRAHOMES INDIA PVT. LTD.,Delisted EC,UP,NCP,2017,NH-
IA/BR/NCP/72206/2018,21-4/2018-IA.III,"Proposed “Harinagar Group Housing” near AIIMS, NH-98, Bhusaula Danapur &
Mohammadpur Korji, P.S.- Phulwarisharif, District- Patna, Bihar by M/s Balprada Built
Pvt. Ltd.",BALPRADA BUILT PRIVATE LIMITED,EC Granted,BR,NCP,2018,NH-
IA/RJ/NCP/93313/2018,10-61/2018-IA.III,"Development of 8 lanes (Greenfield Highway) from Firozpur Jhirka (Ch. 79+394) to Itawa (Ch. 284+000) Section of NH-148 N (Total length 204.606 km), Under Bharatmala Priyojana Lot-4/Pkg-4 in the state",National Highways Authority of India,EC Granted,RJ,NCP,2018,NH-
IA/CG/NCP/94760/2018,10-72/2018-IA.III,"Durg Raipur Section H53, Mumbai Kolkata Economic Corridor",NATIONAL HIGHWAY AUTHORITY OF INDIA PIU BILASPUR,EC Granted,CG,NCP,2018,NH-
IA/CG/NCP/113887/2019,10-59/2018-IA.III,"Development of Bilaspur—Urga section of NH-130A (Raipur—Dhanbad  Economic Corridor) start at Junction with NH-130 & NH-130A, near Nehru  Chowk, Bilaspur and terminate at junction with NH149B & SH-4 ne",NATIONAL HIGHWAY AUTHORITY OF INDIA PIU BILASPUR,EC Granted,CG,NCP,2019,NH-
IA/CG/IND/114886/2019,To be assigned,"Amendment in Mini Steel Plant (Fe-Mn, Fe-Si, Si-Mn & Ferro Chrome), 40 MW Captive Power Plant (25 MW Coal + 15 MW Biomass), PO Garhumaria, NH- 200, Jharsuguda Road, District – Raigarh, Chhattisgarh by",R R ENERGY LTD,DELETED,CG,IND,2019,NH-
IA/CG/IND/115048/2019,J-11011/552/2008-IA.II(I),"Amendment in Mini Steel Plant (Fe-Mn, Fe-Si, Si-Mn & Ferro Chrome) Capacity 30,000 TPA alongwith 40 MW Captive Power Plant (25 MW Coal + 15 MW Biomass), PO Garhumaria, NH- 49, Jharsuguda Road, Distric",R R ENERGY LTD,EC Granted,CG,IND,2019,NH-
IA/RJ/NCP/118931/2018,10-67/2018-IA.III,"Development of 8 lane (Greenfield highway) from Durjanpura village (Ch. Km 349.000) to near Banda Hera village (Ch. Km 392.800) Section of NH-148 N (Total length 43.8 Km), Under BHARATMALA PRIYOJANA L",National Highways Authority of India,EC Granted,RJ,NCP,2018,NH-
IA/RJ/NCP/119826/2018,10-76/2018-IA.III,"Development of 8 lane (Greenfield highway) from Banda Hera village (Ch. 392.800) to Moondiya village (Ch. 452.425)  Section of NH-148 N (Total length 59.625 Km), Under BHARATMALA PRIYOJANA Lot-4/Pkg-4",National Highways Authority of India,EC Granted,RJ,NCP,2018,NH-
IA/RJ/NCP/122295/2018,10-66/2018-IA.III,"Development of 8 lane (Greenfield Highway) from Itawa village (Ch. 284.000) to after Chambal River near Durjanpura village at (Ch. 349.000) Section of NH-148 N (Total length 65.0 Km), Under BHARATMALA",National Highways Authority of India,EC Granted,RJ,NCP,2018,NH-
IA/TN/NCP/163271/2018,File No.: 10-49/2018-IA.III,"Construction of Six-lane Highways from Chittoor to Thatchur  NH-716B (Km 0.00 to Km 126.550) from District  Chittoor,  Andhra Pradesh to  Thatchur, Thiruvallur District, Tamil Nadu.",NATIONAL HIGHWAY AUTHORITY OF INDIA PIU CHENNAI,Returned in present form,TN,NCP,2018,NH-
IA/BR/NCP/204598/2021,10/19/2021-IA.III,Development of 4 lane inter corridor (Green field alignment) from Amas (Old NH-2/New NH-19) to Shiwrampur under Bharatmala Pariyojna(Lot-5/Package-7) in state of Bihar- Package-I from Amas (Ch. 00+000) to Shiwrampur   (Ch. 55+002). Proposed Length – 55.002 Km,National Highways Authority of India,EC Granted,BR,NCP,2021,NH-
IA/TG/NCP/215098/2021,10/30/2021-IA.III,Construction of 4 lane Access Controlled New Greenfield Highway Section of Khammam-Vijayawada of length 89.429 km from V.Venkatayapalem village to Jakkampudi village (on NH-16) (Design Chainage 220+480 to 309+909) under Other Economic Corridor in the states of Telangana & Andhra Pradesh,National Highways Authority of India,EC Granted,TG,NCP,2021,NH-
IA/AP/INFRA1/412477/2022,10/7/2022-IA.III,Development of 6-lane (Greenfield) access controlled Economic Corridor from Bengaluru– Kadappa – Vijayawada (BKV) Section: Package-I Starts at Koduru Village on NH-44 (Design Ch. 0.000) and Ends near Kothapalle Village (Design Ch. 160.000) in the State of Andhra Pradesh (Total Length-160.000 km).,National Highways Authority of India,EC Granted,AP,INFRA1,2022,NH-
IA/AP/INFRA1/412483/2022,10/9/2022-IA.III,"Development of 6-lane (Greenfield) access control Economic corridor from Bengaluru– Kadappa – Vijayawada (BKV) Section Package III: Starts near Uppalapadu village (Design Ch. 226.000) and ends near Muppavaram village on NH-16 (Design Ch. 342.500) in the state of Andhra Pradesh, Total Length - 116.5 km.",National Highways Authority of India,EC Granted,AP,INFRA1,2022,NH-
IA/MIS/MH/23934/2014,10-19/2014-IA.III,Rehabilitation and Upgradation of existing Two lane to Four lane of Aurangabad-Dhule section of NH-211 from Km 290.200 to Km 376.000 and Km 390.000 to Km 452.800 excluding Gautala Autram Ghat section (Km 376.000 to Km 390.000) in the State of Maharashtra under NHDP-IVB  Group B: Package-7,National Highways Authority of India,TOR GRANTED,MIS,MH,2014,NH-
IA/MH/MIS/29244/2015,10-22/2015-IA-III,The Project is “up gradation of Gadichiroli -Sironcha of NH- 353 C in the state of Maharastra to two / four lane with paved shoulder configuration (Package no- NH/IAHE/02)” The total length is about 204.55km,MINISTRY OF ROAD TRANSPORT & HIGHWAYS,TOR GRANTED,MH,MIS,2015,NH-
IA/TN/MIS/123179/2019,To be assigned,"The Proposed Construction of Doubling of Railway Line between Existing Holding Yard No.1 at Ch.00m (Near Bridge No.5) to Entry of Container Rail Terminal Yard of M/s Kamarajar Port Ltd, at Athipattu,","M/s. KAMARAJAR PORT LIMITED, CHENNAI",Delisted EC,TN,MIS,2019,Railway Line
IA/TG/THE/24773/2012,To be assigned,Expansion by Addition of 800MW Supercritical Coal Basesd Kothagudem Thermal Power Station (VII),TELANGANA STATE POWER GENERATION CORPORATION LIMITED,Reject,TG,THE,2012,Thermal Power
IA/TG/THE/24785/2012,To be assigned,Expansion by addition of 800 MW Super critical Coal Based Kothagudem Thermal Power Station (Stage-VI,TELANGANA STATE POWER GENERATION CORPORATION LIMITED,Reject,TG,THE,2012,Thermal Power
IA/TG/THE/24790/2012,J-13012/24/2012-IA.II (T),Expansion by Addition of 800MW Supercritical Coal Basesd Kothagudem Thermal Power Station (VII),TELANGANA STATE POWER GENERATION CORPORATION LIMITED,EC Granted,TG,THE,2012,Thermal Power
IA/AP/THE/10486/2012,J-13012/25/2012-IA-II(T),"Sri Damodaram Sanjeevaiah Thermal Power Station (SDSTPS), Stage-II, (1x800 MW)",ANDHRA PRADESH POWER DEVELOPMENT COMPANY LIMITED ( A SUBSIDIARY OF ANDHRA PRADESH POWER GENERATION CORPORATION LIMITED),EC Granted,AP,THE,2012,Thermal Power
IA/AP/MIS/26061/2014,11-49/2014-IA-III,Installation of Water Pipelines and Coal Transportation system for the 1980 MW Coal Based Thermal Power Project of Kineta Power Private Limited.,KINETA POWER LTD,ClosedEC,AP,MIS,2014,Thermal Power
IA/GJ/MIS/26604/2015,11-5/2015-IA-III,"CRZ Clearance for intake and outfall facilities of proposed 2x660MW coal based thermal power plant at kodinar, Gujarat",SHAPOORJI PALLONJI ENERGY GUJARAT PVT LTD,EC Granted,GJ,MIS,2015,Thermal Power
IA/UP/THE/26810/2011,J-13012/113/2011-I.A.I (T),3X660 MW THERMAL POWER PLANT,NEYVELI UTTAR PRADESH POWER LIMITED,EC Granted,UP,THE,2011,Thermal Power
IA/TN/THE/10259/2011,J-13012/01/2012-IA II (T),"2X800MW Stage-III Uppur Supercritical Thermal Power Plant in Uppur, Valamavoor & Thiruppalaikudi villages of Thiruvadanai Taluk",TANGEDCO,EC Granted,TN,THE,2011,Thermal Power
IA/TN/MIS/28759/2015,11-24/2015-IA-III,North Chennai Thermal power project stage III (1x800 MW),TANGEDCO,ClosedEC,TN,MIS,2015,Thermal Power
IA/TN/MIS/28765/2015,11-23/2015-IA-III,Uppur Thermal Power Project (2 x 800 MW),TANGEDCO,ClosedEC,TN,MIS,2015,Thermal Power
IA/CG/THE/29770/2009,To be assigned,"2x800 MW Coal Based Thermal Power plant near godhna village, chattissgarh",Karnataka Power Corporation Ltd.,DELETED,CG,THE,2009,Thermal Power
IA/UP/THE/30897/2007,J-13012/144/2007-IA.II(T),Expansion by addition of 2x660MW coal based Obra Ç'TPP of M/s UPRVUNL at Obra Thermal Power Station,JAWAHARPUR VIDYUT UTPADAN NIGAM LIMITED,EC Granted,UP,THE,2007,Thermal Power
IA/UP/THE/10282/2011,J-13012/100/2011-IA II (T),2X660 mw Coal based Super Thermal Power at Khurja village,THDC INDIA LIMITED,EC Granted,UP,THE,2011,Thermal Power
IA/AP/THE/21378/2014,To be assigned,Super Thermal Power Project,NTPC Limited,DELETED,AP,THE,2014,Thermal Power
IA/UP/THE/10525/2011,To be assigned,"Proposed 600 MW Coal based Thermal Power plant at Murka village , Mau Tehsil",Pankaj Sahay,DELETED,UP,THE,2011,Thermal Power
IA/TG/THE/26699/2015,J-13012/02/2015-IA.I(T),"Manuguru thermal power project (4x270 mw) at Manuguru Mandal, Khammam district, Telangana state",TELANGANA STATE POWER GENERATION CORPORATION LIMITED,EC Granted,TG,THE,2015,Thermal Power
IA/BR/THE/52766/2008,To be assigned,"Proposed 2*660MW Thermal Power Plant near Chausa, District Buxar, Bihar by M/s SJVN Thermal Private Limited",SJVN THERMAL PVT LTD,DELETED,BR,THE,2008,Thermal Power
IA/CG/IND/26823/2015,J-11011/235/2008-IA.II(I),"Proposed Expansion of Integrated Cement Plant - Clinker ( 2 x 1.5 to 2 x 2.6 Million TPA), Cement (2 x 2.6 to 2 x 3.0 Million TPA), Waste Heat Recovery Power Plant (15 to 30 MW), Captive Thermal Power Plant (25 MW) along with Synthetic Gypsum Unit (65 TPH) and DG Sets {2000 KVA (size 1000/500/250/125)} near Village Khapradih, Tehsil Simga, District Balodabazar - Bhatapara (Chhattisgarh) by M/s. Shree Cement Ltd.",Shree Cement Ltd.,EC Granted,CG,IND,2015,Thermal Power
IA/TG/THE/31153/2015,J-13012/18/2015-IA.I (T),5 X 800 MW  YADADRI THERMAL POWER STATION,TELANGANA STATE POWER GENERATION CORPORATION LIMITED,EC Granted,TG,THE,2015,Thermal Power
IA/UP/THE/31254/2015,J-13012/17/2015-IA-I (T),Jawaharpur Thermal Power Project,JAWAHARPUR VIDYUT UTPADAN NIGAM LIMITED,EC Granted,UP,THE,2015,Thermal Power
IA/BR/THE/53362/2016,J-13012/69/2008-IA.II(T),"Proposed 1320 MW (2*660) Thermal Power Project near Chausa, District Buxar, State Bihar by M/s SJVN Thermal Private Limited (STPL)",SJVN THERMAL PVT LTD,EC Granted,BR,THE,2016,Thermal Power
IA/OR/THE/10522/2012,J-13012/43/2012-IA.II(T),Proposed 3x800mw Supercritical thermal Power Project,ODISHA THERMAL POWER CORPORATION LIMITED,EC Granted,OR,THE,2012,Thermal Power
IA/JH/THE/54853/2016,J-13012/01/2016 - IA. I (T),1600 (2x800) MW Godda Thermal Power Plant of Adani Power (Jharkhand) Limited,Adani Power Ltd.,EC Granted,JH,THE,2016,Thermal Power
IA/JH/THE/32025/2015,J-13012/21/2015-IA.I,"Patratu Super Thermal Power Project, Phase-I (3 x 800 MW)",PATRATU VIDYUT UTPADAN NIGAM  LIMITED,EC Granted,JH,THE,2015,Thermal Power
IA/RJ/THE/25512/2014,To be assigned,Expansion of Kawai Thermal Power Plant,Adani Power Ltd.,Delisted EC,RJ,THE,2014,Thermal Power
IA/TN/MIS/70702/2017,11-48/2017-IA.III,"Foreshore facilities (Pipe Coal conveyor and Cooling water intake and outfall pipe lines) of the 
proposed ETPS Replacement Thermal Power project (1X660 MW)",TANGEDCO,Rejected,TN,MIS,2017,Thermal Power
IA/RJ/IND/71885/2017,J-11011/343/2012-IA-II(I),Amendment in Environmental Clearance under the Provision of Section 7(ii) of EIA Notification 2006 with respect to increase in Waste Heat Power Generation Capacity from 90 MW to 125 MW and reduction of Captive Thermal Power Generation Capacity from 1,SHREE CEMENT EAST PRIVATE LIMITED,EC Granted,RJ,IND,2017,Thermal Power
IA/OR/THE/66791/2014,J-13012/31/2009-IA.I (T),Talcher Thermal Power Project Stage-III (2x660 MW),NTPC Limited,EC Granted,OR,THE,2014,Thermal Power
IA/TG/THE/27094/2015,J-13015/08/2015-IA.I (T),3x600 MW Coal Based  Singareni Thermal Power Plant– Expansion from 2x600 MW to 3X600 MW,THE SINGARENI COLLIERIES CO LTD,EC Granted,TG,THE,2015,Thermal Power
IA/TN/THE/60765/2016,J-13012/11/2016-IA. II  (T),Thermal Power Station II (2nd Expansion),NLC INDIA LIMITED,EC Granted,TN,THE,2016,Thermal Power
IA/WB/THE/25248/2014,To be assigned,Katwa STPP,NTPC Limited,Delisted EC,WB,THE,2014,Thermal Power
IA/WB/THE/107519/2019,J-13012/01/2019-IA.I(T),"Proposed 1x660 MW Coal based Supercritical Sagardighi Thermal Power Phase-III Expansion Unit–5, Village Manigram, Chandpara, Kanchanpara, Harirampur, at District Murshidabad, West Bengal by M/s The We",THE WEST BENGAL POWER DEVELOPMENT CORPORATION LIMITED,EC Granted,WB,THE,2019,Thermal Power
IA/TN/THE/2062/2008,J-13012/15/2018-IA.I(T),1x600 MW Ennore TPS at vill. Ernavur,TANGEDCO,EC Granted,TN,THE,2008,Thermal Power
IA/UP/THE/117100/2016,J-13012/09/2016-IA I (T),"Singrauli Super Thermal Power Project, Stage-III (2x800 MW)",NTPC Limited,EC Granted,UP,THE,2016,Thermal Power
IA/GJ/THE/18733/2007,To be assigned,500 MW coal based power plant Extn Unit-6 at Ukai TPS,Gujarat State Electricity Corporation Limited (GSECL),Delisted EC,GJ,THE,2007,Thermal Power
IA/OR/THE/67938/2017,J-13012/14/2017-IA.I(T),NLC-Talabira Thermal Power Project,NLC INDIA LTD,EC Granted,OR,THE,2017,Thermal Power
IA/GJ/THE/144074/2018,13012/04/2018-IA.I(T),"Establishing 1x800 MW Coal Based Supercritical Thermal Power Plant and Decommissioning of 2x120 MW Units at Ukai Thermal Power Plant at Vill. Vagda, Tehsil –Fort Songadh, Dist-Tapi, Gujarat",Gujarat State Electricity Corporation Limited (GSECL),EC Granted,GJ,THE,2018,Thermal Power
IA/RJ/IND/6507/2007,J-11011/807/2007-IA.II(I),Clinkar and Captive Power Plant,UDAIPUR CEMENT WORKS LIMITED,Returned in present form,RJ,IND,2007,Thermal Power
IA/RJ/IND/184900/2007,J-11011/807/2007-IA.II(I),"Udaipur Cement Works Limited (A subsidiary of JK Lakshmi Cement Ltd.)- Proposed Expansion of Integrated Cement Plant-Clinker (2.00 MMTPA to 5.00 MMTPA), Cement (2.85 MMTPA to 7.00 MMTPA), WHRB (12 MW",UDAIPUR CEMENT WORKS LIMITED,EC Granted,RJ,IND,2007,Thermal Power
IA/KA/IND/118234/2019,J-11011/306/2019-IA.II(I),"Proposed Greenfield Cement Plant with Clinker Production: 2.00 MTPA, Cement Production: 3.00 MTPA And Captive Coal Based Thermal Power Plant: 43 MW & Waste Heat Recovery Power Plant: 7 MW","NUVOCO VISTAS CORPORATION LIMITED., MUMBAI",Returned in present form,KA,IND,2019,Thermal Power
IA/MP/THE/10749/2003,J-13012/07/2019-IA.I(T),1x210 MW Amarkantak Thermal Power Station,MP POWER GENERATING COMPANY LTD JABALPUR,EC Granted,MP,THE,2003,Thermal Power
IA/TR/THE/125111/2019,J-13012/13/2019-IA.I(T),"Regularization of Environmental Clearances of 3X21 MW (OC) at Rokhia Sepahijala, Tripura.",TRIPURA STATE ELECTRICITY CORPORATION LIMITED,EC Granted,TR,THE,2019,Thermal Power
IA/MP/THE/410823/2022,J-13012/12/2019-IA. II(T),"1x660 MW Satpura Super-critical Thermal Power Project (Expansion, Phase-V, Unit no. 12) at Sarni, Tehsil Ghoradongri, Village Brahmanwada Ryt, District Betul, Madhya Pradesh",MADHYA PRADESH POWER GENERATING CO. LIMITED (MPPGCL),EC Granted,MP,THE,2022,Thermal Power
IA/MP/THE/420097/2023,J-13011/56/2006-IA.II (T),"EXPANSION OF BANDHAURA THERMAL POWER PLANT BY ADDING 1600 (2X800) MW CAPACITY TO THE EXISTING 1200 (2X600) MW IN AN AREA OF 920 ACRES AT VILLAGE BANDHAURA, TEHSIL MADA, DISTRICT SINGRAULI, MADHYA PRADESH",ESSAR POWER M P LIMITED,EC Granted,MP,THE,2023,Thermal Power
IA/IND/CG/23524/2014,J-11011/235/2008-IA.II(I),"Application for amendment in Environmental Clearance with respect to installation of project in phased manner, Integrated Cement Plant (2x1.5 Million TPA Clinker & 2x2.6 Million TPA Cement), 2X25 MW Captive Thermal Power Plant located Near Village Khapradih, Tehsil Simga in District: Balodabazar-Bhatapara   (Chhattisgarh) and Limestone Mining (4.8 Million TPA, 531.126 ha) located near village Semaradih & Bharuwadih, Tehsil- Balodabazar in District Balodabazar-Bhatapara (Chhattisgarh) by M/s. Shr",SHREE CEMENT EAST PRIVATE LIMITED,ClosedTOR,IND,CG,2014,Thermal Power
IA/THE/GJ/24032/2014,To be assigned,CRZ Clearance for Marine Facilities of Saurashtra Super Thermal Power Project,Universal Crescent Power Private Limited,DELETED,THE,GJ,2014,Thermal Power
IA/THE/TN/24044/2014,To be assigned,"1 x 160 MW COAL BASED THERMAL POWER PROJECT, PPN POWER GENERATING COMPANY PVT LTD",PPN Power Generating Company Pvt Ltd,DELETED,THE,TN,2014,Thermal Power
IA/TN/THE/24202/2014,To be assigned,Proposed expansion of coal based thermal power plant,S. Elangovan,Rejected,TN,THE,2014,Thermal Power
IA/TN/THE/24763/2014,To be assigned,Proposed expansion of coal based thermal power plant,S. Elangovan,Rejected,TN,THE,2014,Thermal Power
IA/AR/RIV/10000/2009,J-12011/40/2009-IA-1,Kalai-II Hydroelectric Project (1200 MW),KALAI POWER PRIVATE LIMITED,Delisted EC,AR,RIV,2009,Hydroelectric
IA/AR/RIV/10114/2009,J-12011/60/2006-IA-1,Etalin Hydroelectric Project (4000 MW),ETALIN HYDRO ELECTRIC POWER COMPANY LTD,Delisted EC,AR,RIV,2009,Hydroelectric
IA/AR/RIV/10029/2009,J-12011/45/2009-IA-I,Nyukcharong Chu Hydroelectric Project (96 MW),SEW  NYUKCHARONG CHU POWER CORPORATION LTD,Delisted EC,AR,RIV,2009,Hydroelectric
IA/AR/RIV/10034/2009,J-12011/46/2009-IA-I,Mago Chu Hydroelectric Project (96 MW),SEW  NYUKCHARONG CHU POWER CORPORATION LTD,Delisted EC,AR,RIV,2009,Hydroelectric
IA/AR/RIV/10023/2009,J-12011/44/2009-IA-I,New Melling Hydroelectric Project (96 MW),SEW  NYUKCHARONG CHU POWER CORPORATION LTD,Delisted EC,AR,RIV,2009,Hydroelectric
IA/AR/RIV/26777/2009,J-12011/53/2009-IA-I,Tagursht Hydroelectric Project,L AND T ARUNACHAL HYDROPOWER LIMITED,Delisted EC,AR,RIV,2009,Hydroelectric
IA/HP/RIV/29585/2015,J-12011/18/2015,Luhri Hydroelectric Project Stage - 1,SJVN Limited,EC Granted,HP,RIV,2015,Hydroelectric
IA/UK/RIV/73500/2007,J-12011/92/2007-IA.I(R),Devsari Hydroelectric Project,SJVN Limited,Delisted EC,UK,RIV,2007,Hydroelectric
IA/HP/MIS/90253/2017,10-24/2017-IA-III,INSTALLATION OF MATERIAL ROPEWAYS 5 NOS. ALONG WITH 1 NO. OF LONGITUDINAL ROPEWAY FOR THE CONSTRUCTION OF DEOTHAL CHANJU 30 MW HYDROELECTRIC POWER PLANT,HIMACHAL PRADESH POWER CORPORATION LIMITED,EC Granted,HP,MIS,2017,Hydroelectric
IA/HP/RIV/105017/2019,J- 12011/09/2019 IA-I ( R ),Third Unit of 50 MW (Phase-II) For Tidong-I Hydroelectric Project (100MW+50MW) Himachal Pradesh,TIDONG POWER  GENERATION PRIVATE LIMITED,EC Granted,HP,RIV,2019,Hydroelectric
IA/OR/RIV/140749/2020,J-12011/03/2007-IA.I,Shaheed Lakhan Nayak SHEP,MEENAKSHI ODISHA POWER PRIVATE LIMITED,EC Granted,OR,RIV,2020,Hydroelectric
IA/WB/RIV/162957/2020,J-12011/11/2020-IA-1 (R),"Rammam Hydro Power Project, Stage-III (3X40 MW)",NTPC Limited,EC Granted,WB,RIV,2020,Hydroelectric
IA/UK/RIV/41642/2016,J-12011/07/2016-IA-I (R),Jakhol Sankri Hydroelectric Project,SJVN LIMITED,TOR GRANTED,UK,RIV,2016,Hydroelectric
IA/HP/RIV/57780/2016,F. No. J-12011/24/2016-IA (R),Installation of 6 no. of Material Ropeways for the construction of Chanju-III 48 MW Hydroelectric Project in Distt. Chamba of Himachal Pradesh,HIMACHAL PRADESH POWER CORPORATION LIMITED,Delisted TOR,HP,RIV,2016,Hydroelectric
IA/OR/RIV/60030/2016,J-11020/40/2016 -IA-I (R),"Upper Indravati Pumped Storage Hydroelectric Project (4X150MW), District Kalahandi, Odisha",ODISHA HYDROPOWER CORPORATION LIMITED,TOR GRANTED,OR,RIV,2016,Hydroelectric
IA/AR/RIV/101783/2019,J-12011/61/2006-IA-I,Attunli Hydroelectric Power (680 MW),ATTUNLI HYDRO ELECTRIC POWER COMPANY LIMITED,TOR GRANTED,AR,RIV,2019,Hydroelectric
IA/UK/RIV/113906/2019,"J-12011/13/2019-IA-1 (R),",Bokang Bailing Hydroelectric Project,THDC INDIA LIMITED,TOR GRANTED,UK,RIV,2019,Hydroelectric
IA/SK/RIV/114561/2019,J-12011/14/2019-IA I (R),Rongnichu Hydroelectric Project,MADHYA BHARAT POWER CORPORATION LIMITED,TOR GRANTED,SK,RIV,2019,Hydroelectric
IA/HP/RIV/167225/2020,J-12011/14/2020-IA-1 (R),Jangi Thopan Powari Hydroelectric Project,SJVN Limited,TOR GRANTED,HP,RIV,2020,Hydroelectric
IA/HP/RIV/194468/2021,J-12011/01/2021-IA-I (R),Purthi  Hydroelectric Project (232 MW),SJVN Limited,TOR GRANTED,HP,RIV,2021,Hydroelectric
IA/AR/RIV/236123/2021,J-12011/10/2022-IA.I (R),"Oju Hydroelectric Project  (8 X 231.25)1850 MW +2 X14) 28 MW, Arunachal Pradesh",OJU SUBANSIRI HYDRO POWER CORPORATION PVT LTD,TOR GRANTED,AR,RIV,2021,Hydroelectric
IA/OR/RIV/403660/2022,To be assigned,Kharag Hydroelectric Project (HEP) 63 MW,ODISHA HYDRO POWER CORPORATION LIMITED,Delisted TOR,OR,RIV,2022,Hydroelectric
IA/HP/RIV/27135/2014,J-12011/47/2005-IA.I,Karchham-Wangtoo Hydroelectric Project (1000 MW),Jaiprakash Power Ventures Ltd,Delisted(Amendement),HP,RIV,2014,Hydroelectric
IA/HP/RIV/27346/2006,J-12011/94/2005-IA.I,Rampur Hydroelectric project (412 MW),RAMPUR HYDRO ELECTRIC PROJECT  SJVN LTD,EC Granted(Amendement),HP,RIV,2006,Hydroelectric
IA/SK/RIV/10100/2006,J-12011/59/2006-IA.I,Rongnichu Hydroelectric Project ( 96 MW),MADHYA BHARAT POWER CORPORATION LIMITED,EC Granted(Extension),SK,RIV,2006,Hydroelectric
IA/UK/RIV/27020/2014,J-12011/1/2008-IA.I,Alaknanda Hydroelectric Project 300 MW,GMR BADRINATH HYDRO POWER GENERATION PVT LTD,Delisted(Extension),UK,RIV,2014,Hydroelectric
IA/MZ/RIV/73503/2003,J.12011/56/2002-IAI,Bairabi Dam & Hydroelectric Project,SIKARIA POWER LIMITED,,MZ,RIV,2003,Hydroelectric
IA/AR/RIV/141805/2020,J-12011/04/2008-IA.I,Demwe Lower Hydroelectric Project (1750 MW),M/S. ATHENA DEMWE POWER LIMITED,EC Granted(Extension),AR,RIV,2020,Hydroelectric
IA/HP/RIV/184065/2020,J-12011/08/2020-IA-1(R),Dugar Hydroelectric Project in Chamba District of Himachal Pradesh,NHPC LIMITED,TOR GRANTED(Amendement),HP,RIV,2020,Hydroelectric
IA/HP/RIV/276332/2022,J-12011/58/2007-IA.I (R),Shongtong Karchham Hydroelectric project,"SHONGTONG KARCHHAM HYDRO ELECTRIC PROJECT, HPPCL",Returned in present form(Amendement),HP,RIV,2022,Hydroelectric
IA/AR/RIV/297228/2023,J-12011/04/2008-IA.I (Pt.1),(1750 MW) Demwe Lower Hydroelectric Project in Lohit District of Arunachal Pradesh by Athena Demwe Power Ltd,M/S. ATHENA DEMWE POWER LIMITED,Returned in present form(Extension),AR,RIV,2023,Hydroelectric
IA/AR/RIV/298980/2023,To be assigned,Demwe Lower Hydroelectric Project (1750 MW) in Lohit District of Arunachal Pradesh by M/s Athena Demwe Power Ltd,M/S. ATHENA DEMWE POWER LIMITED,Returned to proponent due to Shortcoming(AmendementEC),AR,RIV,2023,Hydroelectric
IA/SK/RIV/9959/2006,J-12011/35/2006-IA-1 (R),Teesta Stage-VI Hydroelectric Project (500MW),,EC Transferred,SK,RIV,2006,Hydroelectric
IA/OR/THE/60598/2016,J-11015/276/2011-IA.II(M),Backfilling of Ash from Talcher Thermal Power Station of NTPC in South Balanda Coal Mines of M/s MCL,NTPC Limited,EC Granted(Extension),OR,THE,2016,NTPC
IA/OR/THE/109654/2019,J-13011/14/94-IA.II(T),Permission for Backfilling of Ash from Talcher Thermal Power Station of NTPC in abandoned voids of Quarry No. 4 & 7 of Jagannath Mines of M/s MCL,NTPC Limited,,OR,THE,2019,NTPC
IA/JH/THE/283765/2022,J-13011/26/89 IA.II (T),"3x660 MW North Karanpura Super Thermal Power Project, near Tandwa Village, Distt: Chatra, Jharkhand of NTPC Limited",NTPC Limited,EC Granted(Amendement),JH,THE,2022,NTPC
IA/UP/THE/25448/2014,To be assigned,"2x660MW Super Thermal Power Project, Khurja",THDC INDIA LIMITED,DELETED,UP,THE,2014,Super Thermal
IA/CG/THE/75138/2018,J-13012/79/2007-IA.I(T),"Lara Super Thermal Power Project, Stage-II (2x800 MW)",NTPC Limited,TOR GRANTED,CG,THE,2018,Super Thermal
IA/WB/THE/248261/2021,J-13012/24/2014-IA.I (T),Katwa Super Thermal Power Project (2X660 MW),NTPC Limited,Returned in present form,WB,THE,2021,Super Thermal
IA/OR/THE/417290/2023,J-13012/65/2008-IA.I(T),"Darlipali Super Thermal Power Project, Stage-II (1x800 MW)",NTPC Limited,TOR GRANTED,OR,THE,2023,Super Thermal
IA/MP/THE/11832/2006,No:J- 13011/56/2006-IA.II(T),Mahan Super Thermal Power Project,ESSAR POWER M P LIMITED,EC Granted(Amendement),MP,THE,2006,Super Thermal
IA/WB/THE/11768/2006,No:J- 13011/ 28/2006-IA.II(T),"Farakka Super Thermal Power Project, Stage-III (1x500 MW)",NTPC Limited,EC Granted(Amendement),WB,THE,2006,Super Thermal
IA/UP/THE/52631/2011,J-13012/03/2008-IA.II (T),2x660MW Meja Super Thermal Power Project,NTPC Limited,,UP,THE,2011,Super Thermal
IA/CG/THE/10253/2006,J-13011/8/2006-IA.II(T)ia,"2x250 MW O.P. Jindal Super Thermal Power Plant Expansion, Stage-II",JINDAL POWER LIMITED,EC Granted(Amendement),CG,THE,2006,Super Thermal
IA/MP/THE/17134/2013,J-13012/125/2009-IA.II(T),"2x800mw Gardarwara STPP, Stage-I Super Thermal Power Plant",NTPC Limited,EC Granted(Amendement),MP,THE,2013,Super Thermal
IA/TN/MIS/22074/1910,11-48/2009-IA.III,Establishing Captive Coal Jetty for 2x800 MW upgrading Super Thermal Power Project,TANGEDCO,EC Granted(Extension),TN,MIS,1910,Super Thermal
IA/MP/THE/95055/2002,J-13011/7/2001-IA.II(T),2x500 MW Vindhyachal Super Thermal Power Project (Stage-III),NTPC Limited,EC Granted(Amendement),MP,THE,2002,Super Thermal
IA/OR/THE/105399/2019,J-13012/65/2008-IA.II(T),"Darlipali Super Thermal Power Project, Stage-I (2x800 MW)",NTPC Limited,EC Granted(Amendement),OR,THE,2019,Super Thermal
IA/MH/THE/105566/2019,J-13012/95/2008-IA.II(T),"Solapur Super Thermal Power Project, (2x 660 MW)",NTPC Limited,EC Granted(Amendement),MH,THE,2019,Super Thermal
IA/KA/THE/105615/2019,J-13012/06/2009-IA.II(T),Kudgi Super Thermal Power Plant Stage-I (3x800MW),NTPC Limited,EC Granted(Amendement),KA,THE,2019,Super Thermal
IA/MP/THE/105718/2019,J-13012/125/2009-IA.II(T),"Gadarwara Super Thermal Power Project, Stage-I (2x800 MW)",NTPC Limited,EC Granted(Amendement),MP,THE,2019,Super Thermal
IA/CG/THE/107445/2019,J-13012/97/2007-IA.II(T),"Lara Super Thermal Power Project, Stage-I (2x800 MW)",NTPC Limited,EC Granted(Amendement),CG,THE,2019,Super Thermal
IA/CG/THE/107493/2019,J-13011/10/1996-IA.II(T),Sipat Super Thermal Power Project 3x660 MW,NTPC Limited,EC Granted(Amendement),CG,THE,2019,Super Thermal
IA/MP/THE/109345/2019,J-13012/125/2009-IA.II(T),"Gadarwara Super Thermal Power Project, Stage-I (2x800 MW)",NTPC Limited,EC Granted(Amendement),MP,THE,2019,Super Thermal
IA/OR/THE/116910/2019,J-13011/14/94-IA II (T) Pt,Talcher Super Thermal Power Project,NTPC Limited,EC Granted(Amendement),OR,THE,2019,Super Thermal
IA/CG/THE/123339/2019,J-13012/79/2007-IA.II(T),"Lara Super Thermal Power Project, Stage-I (2x800 MW)",NTPC Limited,EC Granted(Extension),CG,THE,2019,Super Thermal
IA/CG/THE/123986/2019,J-13012/79/2007-IA.II(T),"Lara Super Thermal Power Project (STPP), Stage-I (2x800 MW)",NTPC Limited,EC Granted(Amendement),CG,THE,2019,Super Thermal
IA/UP/THE/139691/2020,J-13012/96/2007-IAII(T),"Tanda Super Thermal Power Project Stage-II, (2x660 MW)",NTPC Limited,EC Granted(Extension),UP,THE,2020,Super Thermal
IA/CG/THE/223393/2021,J-13011/10/1996-IA.II (T),Sipat Super thermal Power Project Stage-I (3x660 MW),NTPC Limited,EC Granted(Amendement),CG,THE,2021,Super Thermal
IA/CG/THE/223442/2021,J-13011/05/2002-IA.II (T),"Sipat Super Thermal Power Project, Stage-II (2x500 MW)",NTPC Limited,EC Granted(Amendement),CG,THE,2021,Super Thermal
IA/JH/THE/236374/2021,J-13011/26/1989-IA.II (T),North Karanpura Super Thermal Power Project(3x660 MW),NTPC Limited,Delisted(Amendement),JH,THE,2021,Super Thermal
IA/BR/THE/236422/2021,J-13011/29/2007-IA.II (T),"Barh Super thermal Power Project (Stage-II), District Patna, Bihar",NTPC Limited,EC Granted(Amendement),BR,THE,2021,Super Thermal
IA/MP/THE/237313/2021,J-13012/125/2009-IA.II (T)],"Gadarwara Super Thermal Power Project, Stage-I (2x800 MW)",NTPC Limited,EC Granted(Amendement),MP,THE,2021,Super Thermal
IA/JH/THE/240635/2021,J-13012/21/2015-IA.I (T),"Patratu Super Thermal Power Project, Phase-I (3 x 800 MW)",PATRATU VIDYUT UTPADAN NIGAM  LIMITED,EC Granted(Amendement),JH,THE,2021,Super Thermal
IA/OR/THE/246362/2021,J-13011/14/1994-IA.II (T),Talcher Super Thermal Power Station Stage-I (2x500 MW) & Stage-II (4x500 MW),NTPC Limited,Returned in present form(Amendement),OR,THE,2021,Super Thermal
IA/KA/THE/250015/2022,J-13012/06/ 2009-IA. II(T),Kudgi Super Thermal Power Plant Stage-I (3x800MW),NTPC Limited,EC Granted(Amendement),KA,THE,2022,Super Thermal
IA/CG/THE/266455/2022,J-13012/06/2009 IA.II(T),Korba Super Thermal Power Station Stage III,NTPC Limited,EC Granted(Amendement),CG,THE,2022,Super Thermal
IA/CG/THE/268608/2022,J-13012/11/2018-IA.I(T),"Lara Super Thermal Power Project, Stage-II, Raigarh Dist, chattisgarh.",NTPC Limited,Pending at proponent due to addtional details Sought(Amendement),CG,THE,2022,Super Thermal
IA/CG/THE/276959/2022,J-13012/02/2019-IA.I(T),"Sipat Super Thermal Power Project, Stage-III (1x800 MW) Based on Ultra Super Critical Technology",NTPC Limited,TOR GRANTED(Amendement),CG,THE,2022,Super Thermal
IA/CG/THE/281613/2022,J-13012/11/2018 IA.I (T),"Lara Super Thermal Power Project, Stage-II, Raigarh Dist, Chattisgarh.",NTPC Limited,TOR GRANTED(Amendement),CG,THE,2022,Super Thermal
IA/WB/THE/11743/2011,To be assigned,"SagardighiThermal Power Projects( 2x500MW +20%) ,Ph-II Extension at   Sagardighi",THE WEST BENGAL POWER DEVELOPMENT CORPORATION LIMITED,Delisted EC,WB,THE,2011,Power Station
IA/WB/THE/25982/2014,J-13012/27/2014-IA.I(T),"Proposed 1 x 500 MW Coal Based Sagardighi Phase III Extension Unit – 5 at Sagardighi Thermal Power Station (SgTPP) in Murshidabad District, West Bengal",THE WEST BENGAL POWER DEVELOPMENT CORPORATION LIMITED,TOR GRANTED,WB,THE,2014,Power Station
IA/TN/MIS/26866/2015,11-7/2015-IA-III,Tuticorin Thermal Power Station - Proposed Desalination Plant,TANGEDCO,TOR GRANTED,TN,MIS,2015,Power Station
IA/JH/THE/69754/2017,J-13012/15/2017-IA.I(T),"Obtaining Terms of Reference for expansion of 420 MW Tenughat Thermal Power Station by addition of 2 units of 660 MW at Lalpania Village, Bokaro District, Jharkhand",TENUGHAT VIDYUT NIGAM LIMITED,Delisted TOR,JH,THE,2017,Power Station
IA/WB/THE/94262/2019,J-13012/01/2019-IA.I(T),"Proposed 1x660 MW Coal Based Supercritical Sagardighi Phase III Extension Unit-5 at Sagardighi Thermal Power Station (SgTPP) in Murshidabad District, West Bengal by M/s The West Bengal Power Development Corporation Ltd",THE WEST BENGAL POWER DEVELOPMENT CORPORATION LIMITED,TOR GRANTED,WB,THE,2019,Power Station
IA/MP/THE/94619/2019,J-13012/07/2019-IA.I(T),"Installation of 1x660MW-supercritical TPP at existing decommissioned /retired units of PH-I (1x20 MW + 1x30 MW) and PH-II {2xl2O MW)= 1o,, 290MW at ATPS site (Amarkantak thermal power station (ATPS), Chachai village, Anuppur Dist, Madhya Pradesh",MP POWER GENERATING COMPANY LTD JABALPUR,TOR GRANTED,MP,THE,2019,Power Station
IA/MP/THE/120787/2019,J-13012/12/2019-IA.II(T),"Installation of 1x660 MW Supercritical Thermal Power Unit No. 12, PH-V at Satpura Thermal Power Station, MPPGCL, Sarni, Distt. Betul, M.P.",MADHYA PRADESH POWER GENERATING CO. LIMITED (MPPGCL),TOR GRANTED,MP,THE,2019,Power Station
IA/TG/THE/408253/2022,To be assigned,4000 MW (5 X 800 MW) Yadadri Thermal Power Station By M/s. Telangana State Power Generation Corporation Limited (TSGENCO),TELANGANA STATE POWER GENERATION CORPORATION LIMITED,Delisted TOR,TG,THE,2022,Power Station
IA/WB/THE/50507/2014,J-13011/01/2003-IA.II(T),"2340 MW Mejia Thermal Power Station ar Durlovpur, District Bankura,West Bengal byM/s. Damodar Vqlley Corporation Ltd - reg. permission to acquire additional land for construction of new ash pond.",DAMODAR VALLEY CORPORATION,Delisted(Extension),WB,THE,2014,Power Station
IA/MH/THE/10223/2005,J-13011/24/2005-IA.II(T)i,1x500 MW Coal based expansion project at Khperkheda Thermal Power Station,JAYAKUMAR SUBHASH DUGE,EC Granted(Amendement),MH,THE,2005,Power Station
IA/UK/RIV/75334/1993,J-11016/27/82/Env 5,Amendment in Existing Environment Clearance of Tanakpur Power Station for construction Head regulator and link canal,NHPC LIMITED,EC Granted(Amendement),UK,RIV,1993,Power Station
IA/TG/THE/105598/2019,J-13012/02/2015-IA.I(T),1080 MW (4 x 270 MW) Bhadradri Thermal Power Station,TELANGANA STATE POWER GENERATION CORPORATION LIMITED,EC Granted(Amendement),TG,THE,2019,Power Station
IA/UP/THE/107452/2019,J-13012/50/2010-IA.II(T),Expansion by Addition of 500 MW (Stage-IV) Coal Based Thermal Power Plant at Feroz Gandhi Unchahar Thermal Power station,NTPC Limited,EC Granted(Amendement),UP,THE,2019,Power Station
IA/AP/THE/114419/2019,J-13011/20/2007-IA.II(T),Sri Damodaram Sanjeevaiah Thermal Power Station (Coal Based Super Critical Thermal Power Plant)   Stage-I (2x800 MW),ANDHRA PRADESH POWER DEVELOPMENT COMPANY LIMITED ( A SUBSIDIARY OF ANDHRA PRADESH POWER GENERATION CORPORATION LIMITED),Rejected(Amendement),AP,THE,2019,Power Station
IA/TN/THE/139166/2020,J-13012/15/2018-IA-I(T),"1X660MW Supercritical Ennore Thermal Power station expansion project,Ernavur village,District Ennore, Tamil Nadu by M/s Tamil Nadu Generation and Distribution Corporation (TANGEDCO)",TANGEDCO,Delisted(Amendement),TN,THE,2020,Power Station
IA/TG/THE/263273/2022,J-13012/18/2015-IA.I(T),"TSGENCO - Environmental Clearance (EC) granted by MoEF & CC, GoI, New Delhi for 4000 MW (5 X 800 MW) Supercritical Coal Based Yadadri Thermal Power Station (YTPS) at Veerlapalem Village, Dameracherla Mandal, Nalgonda District, Telangana State – Issue of Amendment to the Specific Condition – A (xxi) for exemption from providing HDPE lining to Ash Pond",TELANGANA STATE POWER GENERATION CORPORATION LIMITED,Returned in present form(Amendement),TG,THE,2022,Power Station
IA/TN/THE/296458/2023,J-13012/250/2007-IA.II (T),"Amendment in Environmental Clearance for Discharge of Treated Trade Effluent in to the Existing drain for Neyveli New Thermal Power Station (2X500 MW), Neyveli, Kurinjipadi Tehsil, Cuddalore District, Tamil Nadu",NLC INDIA LIMITED,Returned in present form(Amendement),TN,THE,2023,Power Station
IA/BR/THE/53046/2016,J-13012/04/2016-IA.I (T),4000 MW Ultra Mega Power Project near Kakwara village in district Banka in the State of Bihar,BIHAR MEGA POWER LIMITED BMPL,TOR GRANTED,BR,THE,2016,Ultra Mega
IA/JH/THE/98383/2019,J-13012/05/2019-IA.I(T),4000 MW Deoghar Ultra Mega Power Project,DEOGHAR MEGA POWER LIMITED,Delisted TOR,JH,THE,2019,Ultra Mega
IA/TN/MIS/23183/1910,10-18/2009-IA.III,Establishment of Captive Jetty for the proposed Ultra Mega Thermal Power Project,COASTAL TAMIL NADU POWER LTD,Returned in present form(Amendement),TN,MIS,1910,Ultra Mega
IA/JH/THE/11786/2007,No:J- 13011/ 59/ 2007-IA II(T),4000 MW Tilaya Ultra Mega Power Project at Tilaya,JHARKHAND INTEGRATED POWER LTD,EC Granted(Extension),JH,THE,2007,Ultra Mega
IA/BR/THE/117428/2019,J-13012/04/2016-IA-1 (T),4000 MW Bihar Ultra Mega Power Project,BIHAR MEGA POWER LIMITED A WHOLLY OWNED SUBSIDIARY OF POWER FINANCE CORPORATION LIMITED A GOVT OF INDIA UNDERTAKING,TOR GRANTED(Extension),BR,THE,2019,Ultra Mega
IA/BR/THE/157287/2020,J-13012/04/2016-IA.I(T),4000 MW BIHAR ULTRA MEGA POWER PROJECT,BIHAR MEGA POWER LIMITED A WHOLLY OWNED SUBSIDIARY OF POWER FINANCE CORPORATION LIMITED A GOVT OF INDIA UNDERTAKING,Returned in present form(Extension),BR,THE,2020,Ultra Mega
IA/GJ/THE/12060/2006,J-13011/41/2006-IA.II(T),4000 MW Ultra Mega Power Project Near Tunda,The Tata Power Co. Ltd.,EC Transferred,GJ,THE,2006,Ultra Mega
IA/GJ/MIS/20043/2007,11-11/2007-IA-III,4000 MW Ultra Mega Power Project Near Tunda,The Tata Power Co. Ltd.,Returned to proponent due to Shortcoming(TransferEC),GJ,MIS,2007,Ultra Mega
IA/MP/CMIN/9049/2002,J-11015/46/2002-IA.II(M),Amadand opencast coal mining project,SOUTH EASTERN COALFIELDS LIMITED,EC Granted,MP,CMIN,2002,Coal Mining
IA/JH/CMIN/20227/2013,J-11015/372/2013.IA-II (M),Cluster IV (5 Mines) Coal Mining Project,BHARAT COKING COAL LTD.,EC Granted,JH,CMIN,2013,Coal Mining
IA/TG/CMIN/26154/2007,J-11015/692/2007-IA.II (M),Kakaitya Opencast Sector-I Coal Mining Project,THOMARAPPARA BRICKS & METALS,EC Granted,TG,CMIN,2007,Coal Mining
IA/UP/CMIN/8080/2011,J-11015/243/2011-IA-II(M),Krishnashila OCP expansion coal mining project (4 MTPA to 5 MTPA (Peak) in an area of  851.78 ha),NORTHERN COALFIELDS LIMITED,EC Granted,UP,CMIN,2011,Coal Mining
IA/TG/CMIN/27136/2015,J-11015/162/2015-IA-II(M),Kakatiya Khani Opencast - 2 Coal Mining Project,THE SINGARENI COLLIERIES CO LTD,EC Granted,TG,CMIN,2015,Coal Mining
IA/MP/CMIN/29605/2015,J-11015/225/2015-IA-II(Coal Mining),Amelia (North) Coal Mine-Expansion Project,Jaiprakash Power Ventures Limited,Delisted EC,MP,CMIN,2015,Coal Mining
IA/MH/CMIN/31533/2015,J-11015/425/2007-IA-II(M),Marki Mangli - III Opencast Coal Mining Project,BS ISPAT LIMITED,Delisted EC,MH,CMIN,2015,Coal Mining
IA/MP/CMIN/20237/2013,J-11015/371/2013-IA-II(M),Nandan-II UG Extn. Coal Mining Project,Western Coalfields Limited,Delisted EC,MP,CMIN,2013,Coal Mining
IA/TG/CMIN/90278/2017,To be assigned,Kalyani Khani - 6 incline Underground Coal Mining Project,THOMARAPPARA BRICKS & METALS,Delisted EC,TG,CMIN,2017,Coal Mining
IA/WB/CMIN/76052/2018,J-11016/22/96-IA-II(M)],Tara (East)&Tara (West) Coal Mine,WEST BENGAL POWER DEVELOPMENT CORP. LTD,EC Granted,WB,CMIN,2018,Coal Mining
IA/TG/CMIN/114765/2019,J-11015/905/2007-IA.II(M),Manuguru Opencast coal mining project,THE SINGARENI COLLIERIES CO LTD,EC Granted,TG,CMIN,2019,Coal Mining
IA/TG/CMIN/186675/2018,23-254/2018-IA.III (V),GAUTHAMKHANI OPENCAST EXPANSION COAL MINING PROJECT,THOMARAPPARA BRICKS & METALS,EC Granted,TG,CMIN,2018,Coal Mining
IA/JH/CMIN/268464/2020,IA-J-11015/13/2020-IA-II(M),"Banhardih Coal Mining Project of 12 MTPA in mine lease area of 1818.10 ha of to M/s. Patratu Vidyut Utapdan Nigam Limited (PVUNL) located in villages Ate, Banhardih, Bari, Barwadih, Jagaldaga, Rampur,",PATRATU VIDYUT UTPADAN NIGAM LIMITED,Returned in present form,JH,CMIN,2020,Coal Mining
IA/MH/CMIN/272284/2022,J-11015/67/2006-IA-II(M),"Expansion of Singhori opencast coal mining project for increase in production capacity from 1.12 MTPA to 1.20 in land area of 423.91 Ha (within the already sanctioned EC ML area of 425.04 Ha) located in the village Singhori, tehsil Parseoni, District Nagpur (Maharashtra) in-line with MoEF & CC’s Office Memorandum vide no. F. No. IA3-22/10/2022-IA.III (E 177258) dated 11.04.2022 & 07.05.2022 and as per EIA Notification, 2006",Western Coalfields Limited,EC Granted,MH,CMIN,2022,Coal Mining
IA/MH/CMIN/272500/2022,J-11015/537/2008-IA-II(M),"Dinesh (Makardhokra-III) opencast coal mining project (Phase-I) for increase in production capacity from 4.20 MTPA to 4.50 in land area of 919.63 Ha located in the Village Hevti, Tehsil Umrer, District Nagpur (Maharashtra) in compliance with MoEF & CC’s Office Memorandum vide no. F. No. IA3-22/10/2022-IA.III (E 177258) dated 07.05.2022 and U/S 7 (ii) of EIA Notification, 2006",Western Coalfields Limited,EC Granted,MH,CMIN,2022,Coal Mining
IA/MP/CMIN/405242/2022,J-11015/72/2004-IA-II(M),Expansion of Khairaha Underground coal mining project,SOUTH EASTERN COALFIELDS LIMITED,EC Granted,MP,CMIN,2022,Coal Mining
IA/JH/CMIN/407889/2022,IA-J-11015/13/2020-IA-II(M),"Banhardih Coal Mining Project of 12 MTPA in mine lease area of 1818.10 ha of to M/s. Patratu Vidyut Utapdan Nigam Limited (PVUNL) located in villages Ate, Banhardih, Bari, Barwadih, Jagaldaga, Rampur, Sabano, Surli, Tota and Udaypura in Latehar & Chandwa tehsils, Latehar District in Jharkhand State",PATRATU VIDYUT UTPADAN NIGAM LIMITED,Returned in present form,JH,CMIN,2022,Coal Mining
IA/TG/CMIN/64575/2017,IA-J-11015/47/2017-IA-II(M),Kalyani Khani - 6 Incline Underground Coal Mining Project,THOMARAPPARA BRICKS & METALS,TOR GRANTED,TG,CMIN,2017,Coal Mining
IA/TG/CMIN/74922/2018,J-11015/464/2012-IA-II(M),Kakatiya Khani Opencast - III Coal Mining Project,THOMARAPPARA BRICKS & METALS,TOR GRANTED,TG,CMIN,2018,Coal Mining
IA/OR/CMIN/96943/2019,IA-J-11015/28/2019-IA-II(M),Mandakini-B Coal Mining Project,NTPC Limited,TOR GRANTED,OR,CMIN,2019,Coal Mining
IA/JH/CMIN/160604/2020,IA-J-11015/13/2020-IA-II(M),banardih coal mining project,PATRATU VIDYUT UTPADAN NIGAM LIMITED,TOR GRANTED,JH,CMIN,2020,Coal Mining
IA/MP/CMIN/185753/2020,IA-J-11015/23/2020-IA-II(M),"Bikram Coal Mine (ML Area: 239 Ha), for 0.36 MTPA Coal Production by Opencast & Underground Coal Mining at Tehsil - Burhar, District – Shahdol, M.P.",COAL MINE BIRLA CORPORATION LIMITED,TOR GRANTED,MP,CMIN,2020,Coal Mining
IA/MP/CMIN/235101/2021,J-11015/280/2010-IA-II(M),"Sahapur West UG Coal Mining located at Village Khamhariya Khurd, Kushmaha Khurd, Sahapur, Tehsil – Pali of Umaria District and Village, Khamhariya Kala, Kathotiya, Tehsil – Sohagpur of Shahdol District, Madhya Pradesh",SARDA ENERGY AND MINERALS LIMITED,TOR GRANTED,MP,CMIN,2021,Coal Mining
IA/CG/CMIN/263727/2022,J-11015/37/2004-IA-II(M),Expansion of Karwahi Open cast coal Mine Sub Block Gare IV 7 Coal Mining,SARDA ENERGY AND MINERALS LIMITED,TOR GRANTED,CG,CMIN,2022,Coal Mining
IA/JH/CMIN/406787/2022,IA-J-11015/13/2020-IA-II(M),"Banhardih Coal Mining Project of 12 MTPA in mine lease area of 1818.10 ha of to M/s. Patratu Vidyut Utapdan Nigam Limited (PVUNL) located in villages Ate, Banhardih, Bari, Barwadih, Jagaldaga, Rampur, Sabano, Surli, Tota and Udaypura in Latehar & Chandwa tehsils, Latehar District in Jharkhand State",PATRATU VIDYUT UTPADAN NIGAM LIMITED,Delisted TOR,JH,CMIN,2022,Coal Mining
IA/WB/CMIN/7351/2007,J-11015/127/2007-IA.II(M),Transdamodar Coal Mining Project 	(1 MTPA),WEST BENGAL MINERAL DEVELOPMENT AND TRADING CORPORATION LIMITED,DELETED(Amendement),WB,CMIN,2007,Coal Mining
IA/CG/CMIN/27316/2007,"J-11015/288/2007-IA,II(M) dtd 12.06.2012","Gare IV/2 and IV/3 Opencast and Underground Coal Mining Project of a combined production of 6.25MTPA ( OCP from 5.25 MTPA to 6.25MTPA and 0.75MTPA production in UGP) in an ML area of 964.65Ha and for establishment of a pit-head coal washery of 4.75MTPA (800TPH) within the Gare IV/2 and IV/3 ML of M/s Jindal Power Ltd. at Gharghoda Tehsil, Raigarh district, Chhattisgarh-Environmental Clearance-reg.",SOUTH EASTERN COALFIELDS LIMITED,EC Granted(Amendement),CG,CMIN,2007,Coal Mining
IA/MH/CMIN/20415/2012,J-11015/292/2008-IA.II (M),Proposed Nerad Malegaon coal Mining project.,RAJIV MUNJAL,Delisted(Corrigendum),MH,CMIN,2012,Coal Mining
IA/MH/CMIN/27926/2008,J-11015/292/2008-IA.II(M),Proposed Nerad Malegaon Coal Mining Project,RAJIV MUNJAL,DELETED(Corrigendum),MH,CMIN,2008,Coal Mining
IA/JH/CMIN/8804/2007,J-11015/38/2007-IA.II(M),Pakri Baswadih Coal Mining Project,NTPC Limited,EC Granted(Amendement),JH,CMIN,2007,Coal Mining
IA/OR/CMIN/10821/2007,No. J-11015/1140/2007-IA.II(M),Dulanga Opencast Coal Mining Project (8 MTPA),NTPC Limited,Delisted(Corrigendum),OR,CMIN,2007,Coal Mining
IA/WB/CMIN/69384/2008,J-11015/312/2007-IA.II(M),Barjora (North) Coal Mining Project,WEST BENGAL POWER DEVELOPMENT CORPORATION LIMITED,DELETED(Amendement),WB,CMIN,2008,Coal Mining
IA/AP/CMIN/18274/2013,J-11015/78/2013-IA-II(M),MANUGURU OPENCAST-II EXPANSION COAL MINING,THE SINGARENI COLLIERIES CO LTD,Delisted(Amendement),AP,CMIN,2013,Coal Mining
IA/MP/CMIN/20464/2013,J-11015/79/2013-IA-II(M),Nigahi Opencast Expansion Coal Mining,NIGAHI PROJECT NORTHERN COALFIELDS LIMITED,EC Granted(Amendement),MP,CMIN,2013,Coal Mining
IA/CG/CMIN/21032/2005,J-11015/96/2004-IA.II (M),Chotia I captive coal mining project,BALCO,Delisted(Amendement),CG,CMIN,2005,Coal Mining
IA/MP/CMIN/9077/2002,J-11015/47/2002-IA.II(M),Damini Underground coal mining project,SOUTH EASTERN COALFIELDS LIMITED,EC Granted(Extension),MP,CMIN,2002,Coal Mining
IA/MP/CMIN/7363/2002,J-11015/13/2002-IA.II(M),Jhirira Underground coal mining project,SOUTH EASTERN COAL FIELDS LIMITED,Deferred by EAC(Extension),MP,CMIN,2002,Coal Mining
IA/MP/CMIN/79083/2005,J-11015/63/2005-IA II (M),Expansion of Bijuri underground coal mining project,SOUTH EASTERN COAL FIELDS LIMITED,EC Granted(Extension),MP,CMIN,2005,Coal Mining
IA/CG/MIN/20324/2013,J-11015/156/2013.IA.II(M),Kawar-Nagur Iron Ore Mining Project,S K SAHA,EC Granted,CG,MIN,2013,Iron Ore Mining
IA/OR/MIN/129891/2007,F. No. 23-236/2018-IA.III (V),Daitari Iron Ore mining project,ODISHA MINING CORPORATION LIMITED,Returned in present form,OR,MIN,2007,Iron Ore Mining
IA/JH/MIN/139621/2020,"File No. J-11015/453/2008-IA. II(M),","Amendment in EC of Durgaiburu Iron Ore Mining Lease (1443.756 ha) of Gua Ore Mines, SAIL for change in excavation and despatch pattern of iron ore fines from Fines Dump keeping total production within",KIRIBURU- MEGHAHATUBURU GROUP OF IRON ORE MINE,EC Granted,JH,MIN,2020,Iron Ore Mining
IA/OR/MIN/146098/2020,J-11015/ 351/2006-IA.II(M),Amendment in EC of Barsua-Taldih-Kalta Iron Ore Mining Project (ML-130 lease-2486.383 ha) of M/s Steel Authority of India Limited (SAIL) for change in  product mix and operation keeping total producti,"Rourkela Steel Plant, Steel Authority of India Limited (SAIL)",EC Granted,OR,MIN,2020,Iron Ore Mining
IA/CG/MIN/181523/2019,J-11015/62/2019-IA.II(M),"Enhancement of Iron Ore mining capacity from 0.05 MTPA to 2.95 MTPA with  1.0 MTPA Beneficiation plant at the mining lease area 192.25 Ha located at village – Chhotedongar, Tehsil and District – Naray",JAYASWAL NECO INDUSTRIES LIMITED,EC Granted,CG,MIN,2019,Iron Ore Mining
IA/OR/MIN/186262/2018,23-236/2018-IA.III (V),Daitari Iron Ore Mining Project,ODISHA MINING CORPORATION LIMITED,EC Granted,OR,MIN,2018,Iron Ore Mining
IA/OR/MIN/216764/2021,J-11015/351/2006 - IA.II(M),Amendment in Environmental Clearance of Barsua-Taldih-Kalta Iron Ore Mining Project of SAIL for change in mining lease area from 2486.383 ha to 2564.323 ha on account of amalgamation of two contiguous mining leases without change in production capacity under para 7(ii) of EIA Notification 2006.,"Rourkela Steel Plant, Steel Authority of India Limited (SAIL)",Returned in present form,OR,MIN,2021,Iron Ore Mining
IA/OR/MIN/236861/2021,J-11015/351/2006-IA-II(M),Amendment in Environmental Clearance of Barsua-Taldih-Kalta Iron Ore Mining (Capacity 8.05 MTPA ROM) and Beneficiation Plant (Capacity 3.5 MTPA) Project of M/s SAIL for change in mining lease area from 2486.383 ha to 2564.323 ha on account of amalgamation of two contiguous mining leases (ML – 130 & ML – 162) without change in production capacity or mining or beneficiation technology under para 7(ii) of EIA Notification 2006.,"Rourkela Steel Plant, Steel Authority of India Limited (SAIL)",EC Granted,OR,MIN,2021,Iron Ore Mining
IA/JH/MIN/238525/2021,J-11015/251/2009-IA.II(M),"Amendment in Environmental Clearance of Dhobil Iron Ore Mining Project (Capacity 0.75 MTPA ROM & ML Area-513.036 ha) of M/s SAIL - Bokaro Steel Plant for continuation of iron ore transportation through road for another 5 years beyond January, 2022, and change in product mix by including excavation and despatch of iron ore fines from existing Fines Dumps maximum up to 0.15 MTPA for sale in open market or conversion into pellets for captive consumption without change in EC production capacity of 0",,Returned in present form,JH,MIN,2021,Iron Ore Mining
IA/MIN/RJ/23853/2014,J-11015/208/2014-IA.II(M),"BANERA IRON ORE MINING LEASE, BHILWARA, M/s RINL","RASHTRIYA ISPAT NIGAM LIMITED, VISAKHAPATNAM STEEL PLANT",TOR GRANTED,MIN,RJ,2014,Iron Ore Mining
IA/OR/MIN/27288/2015,To be assigned,Mahaparbat Iron Ore Mining Project,ODISHA MINING CORPORATION LIMITED,DELETED,OR,MIN,2015,Iron Ore Mining
IA/OR/MIN/27308/2015,To be assigned,Kurmitar iron ore mining project,ODISHA MINING CORPORATION LIMITED,DELETED,OR,MIN,2015,Iron Ore Mining
IA/OR/MIN/27375/2015,To be assigned,Daitari Iron ore mining project,ODISHA MINING CORPORATION LIMITED,DELETED,OR,MIN,2015,Iron Ore Mining
IA/MH/MIN/58688/2016,J-11015/186/2016-IA.II(M),Fuser Iron Ore Mining Project,CORPORATE ISPAT ALLOYS LIMITED,TOR GRANTED,MH,MIN,2016,Iron Ore Mining
IA/GA/MIN/59571/2016,J-11015/206/2016.IA.II(M),"Morandega Advona iron ore mining lease in respect of  A.H.Jaffar & Sons, Paramount travels, opp. Union Bank of India, Margao- 403602,",A H JAFFAR SONS,Delisted TOR,GA,MIN,2016,Iron Ore Mining
IA/OR/MIN/74015/2018,23-236/2018-IA.III (V),Daitari Iron Ore Mining Project,ODISHA MINING CORPORATION LIMITED,TOR GRANTED,OR,MIN,2018,Iron Ore Mining
IA/OR/MIN/74053/2018,23-237/2018-IA.III (V),Kurmitar iron ore mining project,ODISHA MINING CORPORATION LIMITED,TOR GRANTED,OR,MIN,2018,Iron Ore Mining
IA/OR/MIN/83284/2018,J-11015/179/2018-IA.II(M),Expansion of Katamati Iron Ore Mining Project of M/s TATA Steel Limited,TATA STEEL LIMITED KHONDBOND IRON AND MN MINES,WithdrawTOR,OR,MIN,2018,Iron Ore Mining
IA/CG/MIN/108636/2019,IA-J-11015/62/2019-IA-II(M),Enhancement of Iron Ore mining capacity from 0.05 MTPA to 2.95 MTPA with 1.0 MTPA Beneficiation plant at the mining lease area of Chhotedongar Iron Ore Mine by M/s Jayaswal Neco Industries Limited,JAYASWAL NECO INDUSTRIES LIMITED,TOR GRANTED,CG,MIN,2019,Iron Ore Mining
IA/OR/MIN/208682/2021,IA-J-11015/31/2021-IA-II(M),Guali Iron Ore Mining Project,ODISHA MINING CORPORATION LIMITED,TOR GRANTED,OR,MIN,2021,Iron Ore Mining
IA/OR/MIN/20364/2009,J-11015/351/2006-IA.II(M),"Integrated Barsua-Taldih-Kalta Iron Ore Mining (ML-130 lease), Beneficiation and Pelletisation Plant Project","Rourkela Steel Plant, Steel Authority of India Limited (SAIL)",EC Granted(Amendement),OR,MIN,2009,Iron Ore Mining
IA/JH/MIN/19265/2009,J-11015/249/2009-IA.II(M),Mclellan Iron Ore Mining Project,KIRIBURU- MEGHAHATUBURU GROUP OF IRON ORE MINE,Delisted(Amendement),JH,MIN,2009,Iron Ore Mining
IA/OR/MIN/128851/2019,J-11015/351/2006-IA.II(M),"Integrated Barsua-Taldih-Kalta Iron Ore Mining Project of M/s Steel Authority of India Limited (SAIL), located Sudargarh Dist., Odisha.","Rourkela Steel Plant, Steel Authority of India Limited (SAIL)",Returned in present form(Amendement),OR,MIN,2019,Iron Ore Mining
IA/JH/MIN/135407/2020,F.No. J-11015/272/2011-IA. II (M),"Topailore Iron Ore Mining Project of Gua Ore Mines, M/s Steel Authority of India Limited",KIRIBURU- MEGHAHATUBURU GROUP OF IRON ORE MINE,EC Granted(Amendement),JH,MIN,2020,Iron Ore Mining
IA/CG/MIN/154941/2020,J-11015/62/2019-IA-II(M),Expansion of Chhotedongar Iron ore mining capacity from 0.05 MTPA to 2.95 MTPA and 1.0 MTPA Beneficiation Plant,JAYASWAL NECO INDUSTRIES LIMITED,Returned in present form(Amendement),CG,MIN,2020,Iron Ore Mining
IA/OR/MIN/7222/2008,J-11015/1154/2007-IA.II(M),Tantra Raikela Bandhal Iron Ore Mining Project,Jindal Steel & Power Ltd.,EC Granted(Amendement),OR,MIN,2008,Iron Ore Mining
IA/JH/MIN/242657/2021,J-11015/251/2009-IA.II(M),"Amendment in Environmental Clearance of Dhobil Iron Ore Mining Project (Capacity 0.75 MTPA ROM & ML Area-513.036 ha) of M/s SAIL - Bokaro Steel Plant for continuation of iron ore transportation through road for another 5 years w.e.f. 23.01.2022, located in Village Dhobil, Tehsil Manoharpur, Dist: West Singhbhum, Jharkhand",,EC Granted(Amendement),JH,MIN,2021,Iron Ore Mining
IA/OR/MIN/282235/2022,23-236/2018-IA.III(V),Daitari Iron Ore Mining Project,ODISHA MINING CORPORATION LIMITED,EC Granted(Amendement),OR,MIN,2022,Iron Ore Mining
IA/JH/MIN/18318/2013,J-11015/8/2013-IA.II(M),Bauxite and Laterite Mine,Durga Bhagat,EC Granted,JH,MIN,2013,Bauxite
IA/MP/MIN/24840/2011,To be assigned,Tamar Bauxite Mine,The M.P. State Mining Corporation Limited,DELETED,MP,MIN,2011,Bauxite
IA/GJ/MIN/25275/2010,To be assigned,"EIA / EMP for Mining of 2,59,250 TPA ROM of Bauxite at Village Mewasa of Taluka Kalyanpur in Distric",M/S. Orient Abrasives Limited,Reject,GJ,MIN,2010,Bauxite
IA/GJ/MIN/25276/2010,J-11015/31/2010-IA II (M),"EIA / EMP for Mining of 2,59,250 TPA ROM of Bauxite at Village Mewasa of Taluka Kalyanpur in Distric",M/S. Orient Abrasives Limited,EC Granted,GJ,MIN,2010,Bauxite
IA/JH/MIN/8387/2011,J-11015/297-2011-IA.II (M),Kujam-II Bauxite Mining Project,Hindalco Industries Ltd.,EC Granted,JH,MIN,2011,Bauxite
IA/MH/MIN/25557/2007,J-11015/703/2007-IA.II (M),Expansion of Bauxite Mining from 56000 TPA to 135000 TPA from Danda-Bagmandla-Saigaon Bauxite Mine,ALATGE STONE CRUSHING INDUSTRIES,EC Granted,MH,MIN,2007,Bauxite
IA/JH/MIN/27165/2011,J-11015/298/2011-IA.II (M),Amtipani Bauxite Mines,HIL Limited,Delisted EC,JH,MIN,2011,Bauxite
IA/MH/MIN/20610/2013,J-11015/417/2013-IA-II(M),Rowale Bauxite Mine,ASHAPURA MINECHEM LTD,EC Granted,MH,MIN,2013,Bauxite
IA/MH/MIN/20609/2013,J-11015/418/2013-IA-II(M),Umbershet Bauxite Mine,ASHAPURA MINECHEM LTD,EC Granted,MH,MIN,2013,Bauxite
IA/MP/MIN/19037/2013,J-11015/197/2013-IA.II (M),"Kumhra Laterite, Bauxite, Ochre and white Earth Mine",JAI LAL BHARAT LAL,Delisted EC,MP,MIN,2013,Bauxite
IA/CG/MIN/32925/2015,J-11015/51/2015-IA.II(M),Barima Bauxite Mine,CHHATTISGARH MINERAL DEVELOPMENT CORPORATION LTD,EC Granted,CG,MIN,2015,Bauxite
IA/MH/MIN/25845/2014,J-11015/494/2014-IA.II(M),Proposed Expansion of Bauxite Production Capacity from 0.075 MTPA to 0.130 MTPA from Meghare Bauxite Mine (ML Area: 55.06 Ha.),MANOHAR V DARYANANI,Delisted EC,MH,MIN,2014,Bauxite
IA/CG/MIN/26649/2015,J-11015/46/2015-IA-II(M),"Pathrai Bauxite Mine of M/s Chhattisgarh Mineral Development Corporation Ltd. (CMDC), Raipur",CHHATTISGARH MINERAL DEVELOPMENT CORPORATION LTD,EC Granted,CG,MIN,2015,Bauxite
IA/GJ/MIN/53145/2015,J-10015/192/2010.IA.II (M),"EIA/EMP of Mining for Enhancement of Capacity from 27189 TPA ROM to 324430TPA Bauxite ROMin Lease Area 37.2098 Ha at Survey No. 330/P, Mewasa Village, Kalyanpur Taluka, District Devbhoomi Dwarka, Guja",M/S. Orient Abrasives Limited,Delisted EC,GJ,MIN,2015,Bauxite
IA/MIN/GJ/23961/2014,J-11015/218/2014-IA.II(M),"EC for the Bauxite Mine near Lamba & Bhatia villages, Kalyanpur Tehsil, Devbhumi Dwarka (Earlier Jamnagar) District, Gujarat",M/s. Vinod Pandya,Delisted EC,MIN,GJ,2014,Bauxite
IA/GJ/MIN/26577/2011,J-11015/47/2011-IA.II (M),Bauxite mining project,M/S. Orient Abrasives Limited,Delisted EC,GJ,MIN,2011,Bauxite
IA/MIN/CG/23667/2014,J-11015/198/2014-IA.II(M),Serangdag Bauxite Mine Block-l,MINERAL EXPLORATION CORPORATION LIMITED,EC Granted,MIN,CG,2014,Bauxite
IA/MP/MIN/22890/2012,To be assigned,"Barui Orche, White Clay, Laterite & Bauxite Mine",KUNJILAL ISHWARI PRASAD AGRAWAL,DELETED,MP,MIN,2012,Bauxite
IA/GJ/MIN/56987/2012,J-11015/276/2012-IA.II(M),"Expansion of Mining from 71,500 TPA RoM to 1, 78,794 TPA ROM of Bauxite in Lease with Area 65.3971 ha, Survey No. 185, 286, 290, & 299 at Palakhada Village, Taluka & District Porbandar, Gujarat",SAURASHTRA MINERALS PVT LTD,Delisted EC,GJ,MIN,2012,Bauxite
IA/JH/MIN/58092/2012,J-11015/50/2013-IA.II (M),Serka Serangdag Bauxite Mine,SERKA SERENGDAG,Delisted EC,JH,MIN,2012,Bauxite
IA/GJ/MIN/19178/2013,J-11015/244/2013-IA.II(M),Bauxite Mine,PRABHUDAS VITHALDAS,Delisted EC,GJ,MIN,2013,Bauxite
IA/GJ/MIN/18529/2013,J-11015/120/2013-IA-II(M),Bauxite Mine,SMT PUSHPABEN PRABHUDAS MAKHECHA,Delisted EC,GJ,MIN,2013,Bauxite
IA/GJ/MIN/26635/2013,J-11015/264/2013-IA-II(M),Virpur Kenedy Bauxite Mine,PRABHUDAS VITHALDAS,Delisted EC,GJ,MIN,2013,Bauxite
IA/MP/MIN/31222/2015,J-11015/365/2015-IA-II(M),"MUNGWARI BAUXITE, LATERITE, OCHRE & WHITE CLAY MINE having an area of 4.95 Ha with proposed production capacity of 42,612 TPA  at village Mungwari,Tehsil Majhgawan ,Dist.Satna,madhya Pradesh having Interstate Boundary Between M.P & U.P at 4.73 Km. Ranipur WLS at 4.73 Km. Combined area of mines within 500m radius of project site is > 5 Ha. Consultant ENVIRTA Sustainable Solutions India Pvt Ltd.",RAM CHANDRA BANSAL,Delisted EC,MP,MIN,2015,Bauxite
IA/MP/MIN/30354/2015,J-11015/368/2015-IA-II(M),"Ochre, White Earth & Bauxite Mine having an area of 16.18 ha and proposed capacity of 40,000 TPA at village Salaiya ,Tehsil Semaria,District Rewa ,Madhya Pradesh of M/s Madhya Pradesh Mineral Supply Company having interstate boundary of MP & UP at 3.5 km ,also ranipur wildlife sanctuary at 3.5 KM from the project site.Consultant :ENVIRTA Sustainable Solutions India Pvt Ltd.",MADHYA PRADESH MINERAL SUPPLY COMPANY,Delisted EC,MP,MIN,2015,Bauxite
IA/MP/MIN/30430/2015,J-11015/324/2015-IA-II(M),"GHATANIA  OCHRE , WHITE EARTH & BAUXITE MINE",MADHYA PRADESH MINERAL SUPPLY COMPANY,Delisted EC,MP,MIN,2015,Bauxite
IA/MP/MIN/30475/2015,J-11015/367/2015-IA-II(M),"UDALI BAUXITE, OCHRE &WHITE EARTH MINE having an area of 3.723 Ha with proposed production of 19,964 TPA at Village - Udali Tehsil - Majhgawan, District- Satna State - Madhya Pradesh of M/s Madhya Pradesh Mineral Supply Company ,having interstate boundary of MP & UP at 4.73 km ,also ranipur wildlife sanctuary at 4.73 KM from the project site ,combined area of leases in 500m of project is > 5 Ha Consultant :ENVIRTA Sustainable Solutions India Pvt Ltd",MADHYA PRADESH MINERAL SUPPLY COMPANY,Delisted EC,MP,MIN,2015,Bauxite
IA/CG/MIN/56490/2016,J-11015/166/2016-IA-II(M),PROPOSED EXPANSION OF MAINPAT BAUXITE MINE FROM EXISTING  0.75 MTPA TO 2.25 MTPA,BALCO,Delisted EC,CG,MIN,2016,Bauxite
IA/KL/MIN/19326/2013,To be assigned,Bauxite and Aluminous Laterite Mine,ASHAPURA MINECHEM LTD,DELETED,KL,MIN,2013,Bauxite
IA/MP/MIN/58931/2016,To be assigned,Kubri lime stone and Bauxite mine,SUKHDEO PRASHAD GOENKA,WithdrawEC,MP,MIN,2016,Bauxite
IA/JH/MIN/63495/2017,To be assigned,Amtipani Chirodih Bauxite Mine (Area- 130.01 ha) with Production Capacity 4.5 Lac TPA (ROM),HINDALCO INDUSTRIES LTD JHARKHAND,Delisted EC,JH,MIN,2017,Bauxite
IA/MP/MIN/99541/2016,To be assigned,Kubri lime stone  and bauxite mine,SUKHDEO PRASHAD GOENKA,Delisted EC,MP,MIN,2016,Bauxite
IA/GJ/MIN/18422/2013,J-11015/115/2013-IA.II(M),Bauxite Mine,SAURASHTRA CALCINE BAUXITE AND ALLIED INDUSTRIES,Delisted EC,GJ,MIN,2013,Bauxite
IA/GJ/MIN/129089/2018,To be assigned,Habardi Bauxite Mine,SHRI NARESH KUMAR PRABHUDAS MAKHECHA,Delisted EC,GJ,MIN,2018,Bauxite
IA/OR/MIN/69870/2017,IA-J-11015/8/2018-IA-II(M),"Pottangi Bauxite Deposit, Pottangi Village, Pottangi Tehsil, Koraput District, Odisha",NALCO,Returned in present form,OR,MIN,2017,Bauxite
IA/GJ/MIN/136533/2018,To be assigned,mewasa bauxite mine,TUSHAR MINERAL INDUSTRIES,Delisted EC,GJ,MIN,2018,Bauxite
IA/JH/MIN/153859/2020,IA-J-11015/297/2011-IA-II(M),"Mobile Bauxite Beneficiation project in Kujam II Bauxite mine within lease hold area of Hindalco Industries Limited (HIL). Chirodih & Bishunpur, Gumla, Jharkhand",HINDALCO INDUSTRIES LTD JHARKHAND,Delisted EC,JH,MIN,2020,Bauxite
IA/GJ/MIN/74338/2018,To be assigned,"Bauxite mining project with enhancement of production capacity from 44543.356 TPA to 1,10,022 TPA of bauxite (ROM) by M/s.  Orient Abrasives Ltd., located at Village-Moti Balachor, Taluka-Abdasa, District-Kutch,Gujarat (Area-110.07ha)",M/S. Orient Abrasives Limited,deleted,GJ,MIN,2018,Bauxite
IA/GJ/MIN/125317/2019,J-11015/21/2020-IA.II(M),"Virpur Bauxite Mine, 4.6461 Ha",M/S CARBORANDUM UNIVERSAL LTD,Delisted EC,GJ,MIN,2019,Bauxite
IA/OR/MIN/7291/2011,J-11015/121/2011-IA.II(M),"KJST Iron Ore, Manganese & Bauxite Mine (ML Area: 188.268 ha) with expansion in Iron Ore production Capacity from 2.0169 to 2.80 MTPA ROM (2.41 MTPA Iron Ore + 0.39 MTPA mineral Reject), Iron Ore waste 1.50 MTPA, Top Soil 0.008 MTPA and Bauxite Production Capacity 0.13 MTPA (ROM), Bauxite waste 0.10 MTPA (Total Excavation: 4.538 MTPA) along with 3 crushing unit (2 existing & 1 proposed) and 5 screening units (3 existing & 2 proposed) at villages Kalmanga, Jaldihi, Sidimba and Tantigram, Tehsil: Koira, District: Sundergarh, Odisha","PRABODH MOHANTY, KJST IRON MANGANESE & BAUXITE MINES",EC Granted,OR,MIN,2011,Bauxite
IA/OR/MIN/250275/2020,J-11015/79/2020-IA.II(M),"Maliparbat Bauxite Mine of M/s Hindalco Industries Ltd for a Production Capacity of 0.6 MTPA over an Mining Lease Area of 268.110 ha at Aligaon, Kankaramba, Sorishpadar Village, Pottangi Tehsil, Korap",HINDALCO INDUSTRIES LIMITED,Pending at proponent due to addtional details Sought,OR,MIN,2020,Bauxite
IA/RJ/CMIN/21938/2014,J-11015/94/2014-IA-II(M),Giral Lignite Mines project,Rajasthan State Mines & Minerals Limited,EC Granted,RJ,CMIN,2014,Lignite
IA/GJ/CMIN/22951/2010,J-11015/325/2010-IA.II(M),Expansion Mangrol Valia Lignite Mine,GUJARAT INDUSTRIES POWER COMPANY LTD.,Delisted EC,GJ,CMIN,2010,Lignite
IA/GJ/CMIN/27153/2011,J-11015/274/2011-IA.II(M),Capacity Expansion of Surkha (N) Lignite mine from 3 MTPA to 5 MTPA,GUJARAT MINERAL DEVELOPMENT CORPORATION LIMITED,Delisted EC,GJ,CMIN,2011,Lignite
IA/TN/CMIN/6992/2011,J-11015/01/2012-IA.II(M),Restructuring of Mine-1 Lignite Mine (reduction from 10.5 MTPA to 8 MTPA and expansion in ML area from 2762 ha to 3219 ha),NEYVELI LIGNITE CORPORATION LIMITED,EC Granted,TN,CMIN,2011,Lignite
IA/RJ/THE/33074/2014,J-13012/01/2015 - IA. I (T),Expansion of 1080 MW TPP by adding 1x660 MW Lignite,RAJ WESTPOWER LIMITED,Delisted EC,RJ,THE,2014,Lignite
IA/TN/CMIN/124860/2017,IA/TN/CMIN/61589/2017,"Proposed Mine-III Lignite Opencast Mine of 11.5 MTPA Production Capacity in an Area of 4841.99 ha at Vridhachalam and Bhuvanagiri Tehsils, Cuddalore District, Tamil Nadu",NLCIL,Delisted EC,TN,CMIN,2017,Lignite
IA/RJ/CMIN/240621/2018,J-11015/21/1999-IA.II(M),Kasnau-Matasukh Lignite Mines,RAJASTHAN STATE MINES AND MINERALS LTD,EC Granted,RJ,CMIN,2018,Lignite
IA/GJ/CMIN/274795/2006,J-11015/234/2006-IA.II(M),Surkha N GMDC Lignite Mining Project Capacity Expansion from 3 to 5 Million TPA,GUJARAT MINERAL DEVELOPMENT CORPORATION LIMITED,Returned in present form,GJ,CMIN,2006,Lignite
IA/GJ/CMIN/417807/2023,IA-J-11015/137/2018-IA-II(M),Amod Lignite Mine Project (G-19 Extn.) (1.0 Million TPA) of Gujarat Mineral Development Corporation Ltd.,GUJARAT MINERAL DEVELOPMENT CORPORATION LIMITED,Delisted EC,GJ,CMIN,2023,Lignite
IA/GJ/CMIN/418042/2023,J-11015/234/2006-IA.II(M),Surkha (N) Lignite Mine Project of M/s Gujarat Mineral Development Corporation Ltd.,GUJARAT MINERAL DEVELOPMENT CORPORATION LIMITED,EC Granted,GJ,CMIN,2023,Lignite
IA/RJ/CMIN/48763/2016,J-11015/66/2016-IA-II(M),Shivkar Lignite Project,Rajasthan State Mines & Minerals Limited,Delisted TOR,RJ,CMIN,2016,Lignite
IA/TN/CMIN/61589/2017,IA-J-11015/1/2017-IA-II(M),Mine-III Lignite Opencast Mine (11.5 MTPA),NEYVELI LIGNITE CORPORATION LIMITED,TOR GRANTED,TN,CMIN,2017,Lignite
IA/RJ/CMIN/79923/2018,J-11015/21/1999-IA-II(M),Kasnau Matasukh Lignite Project,RAJASTHAN STATE MINES AND MINERALS LTD,Delisted TOR,RJ,CMIN,2018,Lignite
IA/RJ/CMIN/80982/2018,IA-J-11015/131/2018-IA-II(M),Sonari Lignite Project,RAJASTHAN STATE MINES AND MINERALS LTD,TOR GRANTED,RJ,CMIN,2018,Lignite
IA/GJ/CMIN/81346/2018,IA-J-11015/137/2018-IA-II(M),AMOD LIGNITE MINE PROJECT (G-19 EXTENSION),GUJARAT MINERAL DEVELOPMENT CORPORATION LIMITED,TOR GRANTED,GJ,CMIN,2018,Lignite
IA/GJ/CMIN/83120/2018,J-11015/38/99.IA-II(M),Expansion of Mangrol-Valia Lignite Mine from 4.2 to 5.4 MTPA,SLPP-GUJARAT INDUSTRIES POWER COMPANY LTD.,TOR GRANTED,GJ,CMIN,2018,Lignite
IA/GJ/CMIN/88207/2018,IA-J-11015/170/2018-IA-II(M),"ENV. CLEARANCE AS PER MOEFCC NOTIFICATION DATED 06.04.2018 FOR KHADSALIYA LIGNITE MINES PROJECT OF GUJARAT HEAVY CHEMICALS LTD ( GHCL LTD) VILLAGE KHADSALIYA, BHAVNAGAR , GUJARAT",GHCL LIGNITE,DELETED,GJ,CMIN,2018,Lignite
IA/RJ/CMIN/188918/2020,IA-J-11015/28/2020-IA-II(M),Barsingsar opencast Lignite Mining project (Applied for fresh EC under violation category),NEYVELI LIGNITE CORPORATION LIMITED,TOR GRANTED,RJ,CMIN,2020,Lignite
IA/GJ/CMIN/241556/2021,IA-J-11015/111/2021-IA-II(M),Lakhpat & Punharajpur Lignite Block of M/s Gujarat Mineral Development Corporation Limited,GMDC LAKHPAT & PUNHARAJPUR LIGNITE BLOCK,TOR GRANTED,GJ,CMIN,2021,Lignite
IA/TN/IND3/274349/2022,IA-J-11011/183/2022-IA-II(I),1200 MTPD capacity lignite to methanol project of NLCIL at Neyveli TN,NLCIL,TOR GRANTED,TN,IND3,2022,Lignite
IA/GJ/CMIN/401740/2022,J-11015/40/95-IA-II(M),Vastan Lignite Mine,SLPP-GUJARAT INDUSTRIES POWER COMPANY LTD.,TOR GRANTED,GJ,CMIN,2022,Lignite
IA/GJ/CMIN/414889/2023,IA-J-11015/137/2018-IA-II(M),Amod Lignite Mine Project (G-19 Extn.) (1.0 Million TPA) of Gujarat Mineral Development Corporation Ltd.,GUJARAT MINERAL DEVELOPMENT CORPORATION LIMITED,Delisted TOR,GJ,CMIN,2023,Lignite
IA/GJ/CMIN/8889/2005,J-11015/405/2005-IA.II(M),Rajpardi (G-19 Extn.) Lignite Mine,GUJARAT MINERAL DEVELOPMENT CORPORATION LIMITED,DELETED(Amendement),GJ,CMIN,2005,Lignite
IA/RJ/CMIN/9276/2007,J-11015/568/2007-IA.II(M),Jalipa Lignite Mine Project (6 MTPA in ML area of 3982.3125 ha),BARMER LIGNITE MINING COMPANY LIMITED,,RJ,CMIN,2007,Lignite
IA/RJ/THE/17074/2011,J-13012/32/2008-IA.II (T),Expansion by addition of 1x250 MW Lignite Based Barsingsar Thermal Power Plant,NLC INDIA LTD,,RJ,THE,2011,Lignite
IA/GJ/CMIN/7805/2010,J-11015/202/2010-IA.II(M),"Proposed Ghogha-Surka Lignite Mining, Khadsaliya-I Lignite Mining and Khadsaliya-II Lignite Miing Project",Gujarat power Corporation Limited,EC Granted(Amendement),GJ,CMIN,2010,Lignite
IA/RJ/CMIN/21183/2014,J-11015/17/2014-IA-II(M),Revised Mining Plan (1st Revision) and Mine Closure Plan (July 2012) Kapurdi Lignite Block Project,Barmer Lignite Mining Company Ltd.,EC Granted(Amendement),RJ,CMIN,2014,Lignite
IA/GJ/MIN/26807/1996,J-11015/40/95-IA.II (M) dated 19.6.1996p:/,Vastan Lignite Mine.,SLPP-GUJARAT INDUSTRIES POWER COMPANY LTD.,Delisted(Amendement),GJ,MIN,1996,Lignite
IA/GJ/CMIN/8809/2001,J-11015/38/99-IA.II(M),Mangrol Valia lignite mine,SLPP-GUJARAT INDUSTRIES POWER COMPANY LTD.,Delisted(Amendement),GJ,CMIN,2001,Lignite
IA/RJ/CMIN/105046/2019,J-15012/23/97-IA-II(M),Barsingsar Lignite Project,NEYVELI LIGNITE CORPORATION LIMITED,Returned in present form(Amendement),RJ,CMIN,2019,Lignite
IA/GJ/MIN/105267/2019,IA/GJ/CMIN/105280/2019,Surkha (N) GMDC Lignite Mining Project CAPACITY EXPANSION FROM 3.0 TO 5.00 MTPA,GUJARAT MINERAL DEVELOPMENT CORPORATION LIMITED,Returned in present form(Amendement),GJ,MIN,2019,Lignite
IA/RJ/CMIN/113733/2019,J-11015/17/2014-IA.II (M),Kapurdi Lignite Mining Project,BARMER LIGNITE MINING COMPANY LIMITED,EC Granted(Amendement),RJ,CMIN,2019,Lignite
IA/GJ/THE/116337/2019,J-13011/39/2008-IA II (T),"2x250 MW Lignite Based Thermal Power Plant at Padva, Taluka: Ghogha, Dist. Bhavnagar, Gujarat",Gujarat State Electricity Corporation Limited (GSECL),EC Granted(Amendement),GJ,THE,2019,Lignite
IA/RJ/CMIN/126390/2019,J-15012/23/97.IA-II,Barsingsar Lignite Mining Project,NEYVELI LIGNITE CORPORATION LIMITED,Returned in present form(Amendement),RJ,CMIN,2019,Lignite
IA/GJ/CMIN/157735/2020,J-11015/202/2010-IA.II(M),Ghogha Surkha Opencast Lignite Mine,Gujarat power Corporation Limited,EC Granted(Amendement),GJ,CMIN,2020,Lignite
IA/GJ/CMIN/159262/2020,J-11015/144/08-IA.II (M),Tadkeshwar lignite mine - Gujarat Mineral Development Corp. Ltd,GUJARAT MINERAL DEVELOPMENT CORPORATION LIMITED,EC Granted(Amendement),GJ,CMIN,2020,Lignite
IA/TN/CMIN/206615/2021,J-11015/01/2012-IA-II (M),Expansion of Lignite Mine-1 in Mine Lease Area from 3178.4 ha 3635.4 ha for 10.5 MTPA capacity of M/s. Neyveli Lignite Corporation Limited in district Cuddalore (Tamil Nadu).,NLCIL,EC Granted(Amendement),TN,CMIN,2021,Lignite
IA/TN/MIN/220488/2021,J-110115/02/2012-IA.II(M),"M/s. NLC India Limited proposes Amendment in Existing EC – J-110115/02/2012-IA.II(M) Dt: 02.09.2015 granted for Inclusion for manufacturing of Crushed Stone Sand (M-Sand) of 0.262 Million m3 per annum (0.42 MTPA) from operating Lignite Open Cast Mine-IA (7.0 MTPA) in a total project area of 2005.8 ha located in district Cuddalore , Tamil Nadu",NEYVELI LIGNITE CORPORATION LIMITED,EC Granted(Amendement),TN,MIN,2021,Lignite
IA/GJ/CMIN/224531/2021,J-11015/202/2010-IA.II(M),"Proposed Ghogha-Surka Lignite Mining, Khadsaliya-I Lignite Mining and Khadsaliya-II Lignite Miing Project",Gujarat power Corporation Limited,EC Granted(Amendement),GJ,CMIN,2021,Lignite
IA/RJ/MIN/291550/2022,IA-J-11015/28/2020-IA-II(M),Barsingsar opencast Lignite Mining project,NLCIL,TOR GRANTED(Amendement),RJ,MIN,2022,Lignite
IA/TN/IND3/299617/2023,To be assigned,1200 MTPD capacity lignite to methanol project of NLCIL at Neyveli TN,NEYVELI LIGNITE CORPORATION LIMITED,Returned to proponent due to Shortcoming(AmendementTOR),TN,IND3,2023,Lignite
IA/GJ/THE/115817/2019,J-13011/39/2008-IA II (T),2X250 MW Lignite Based TPP at Padva,Gujarat State Electricity Corporation Limited (GSECL),EC Transferred,GJ,THE,2019,Lignite
IA/TG/CMIN/171196/2019,J-11015/268/2007-IA.II(M),Jalagam Vengala Rao Opencast Mine (I&II Expansion),THOMARAPPARA BRICKS & METALS,EC Granted,TG,CMIN,2019,Opencast Mine
IA/CG/CMIN/235298/2021,J-11015/03/2008-IA-II(M),Parsa East and Kanta Basan Opencast Mine and Pit Head Coal Washery expansion from 15 MTPA to 21 MTPA,RAJASTHAN RAJYA VIDYUT UTPADAN NIGAM LIMITED,EC Granted,CG,CMIN,2021,Opencast Mine
IA/TG/CMIN/96178/2019,J-11015/268/2007-IA.II(M),Jalagam Vengala Rao Opencast Mine (I & II Expansion),THE SINGARENI COLLIERIES CO LTD,TOR GRANTED,TG,CMIN,2019,Opencast Mine
IA/TG/CMIN/199489/2021,IA-J-11015/21/2021-IA-II(M),GOLETI OPENCAST MINE,THE SINGARENI COLLIERIES CO LTD,Returned in present form,TG,CMIN,2021,Opencast Mine
IA/TG/CMIN/199832/2021,IA-J-11015/22/2021-IA-II(M),P.V.NARASIMHA RAO Opencast Mine (Erstwhile Venkatapur Block-1),THOMARAPPARA BRICKS & METALS,TOR GRANTED,TG,CMIN,2021,Opencast Mine
IA/TG/CMIN/263348/2022,J-11015/147/2005-IA-II(M),Goleti Opencast Mine,THOMARAPPARA BRICKS & METALS,TOR GRANTED,TG,CMIN,2022,Opencast Mine
IA/TG/CMIN/278939/2022,23-257/2018-IA(III),JAWAHAR  KHANI OPENCAST MINE [Amalgamation of JK-5 OC and 21 Incline (Conversion to OC) ],THE SINGARENI COLLIERIES CO LTD,Returned in present form,TG,CMIN,2022,Opencast Mine
IA/TG/CMIN/403791/2022,23-257/2018-IA(III),JAWAHAR KHANI OPENCAST MINE [Amalgamation of JK-5 OC and 21 Incline(Conversion to OC)],THE SINGARENI COLLIERIES CO LTD,TOR GRANTED,TG,CMIN,2022,Opencast Mine
IA/CG/CMIN/10814/2007,No. J-11015/03/2008-IA.II(M),Parsa East and Kente Basan Opencast Mine,RAJASTHAN RAJYA VIDYUT UTPADAN NIGAM LIMITED,Delisted(Amendement),CG,CMIN,2007,Opencast Mine
IA/MH/CMIN/33839/2012,J-11015/390/2012.IA-II(M),Padmapur Extn. Deep Opencast Mine,Western Coalfields Limited,TOR GRANTED(Extension),MH,CMIN,2012,Opencast Mine
IA/TG/CMIN/84096/2007,J-11015/268/2007-IA.II(M),Jalagam Vengal Rao Opencast Mine - II Expansion,THOMARAPPARA BRICKS & METALS,Returned in present form(Amendement),TG,CMIN,2007,Opencast Mine
IA/OR/CMIN/244489/2021,J-11015/72/2021-IA.II(M),Subhadra Opencast Mine,Mahanadi Coalfields Limited,TOR GRANTED(Amendement),OR,CMIN,2021,Opencast Mine
IA/JH/CMIN/250045/2022,J-11015/30/2020-IA.II(M),Sirka Opencast Mine,Central Coalfields Limited,TOR GRANTED(Amendement),JH,CMIN,2022,Opencast Mine
IA/AP/MIS/24106/2012,To be assigned,"Installation of Dual Sub-sea Pipeline and Umbilical for Odalarevu Facility, East Godavari District, Andhra Pradesh",ONGC,Reject,AP,MIS,2012,CIL
IA/GJ/IND/2967/2012,To be assigned,Setting up of Surface Production Facilities -3 Nos in CB-ONN-2000/01,Gujarat State Petroleum Corporation Ltd.,DELETED,GJ,IND,2012,CIL
IA/GJ/IND/4548/2012,To be assigned,Proposed surface production facilities – Two Nos in CB-ONN-2003/2,Gujarat State Petroleum Corporation Ltd.,DELETED,GJ,IND,2012,CIL
IA/GJ/MIS/26230/2014,11-51/2014-IA-III,"Construction/Establishment  of Seawater Intake and Effluent Disposal facilities in Arabian Sea for proposed Soda Ash Project by RSPL Limited near Village Kuranga,Taluka Dwarka/Okhamandal, Dist. Devbhumi Dwarka (earlier Jamnagar District), Gujarat",RSPL Limited,ClosedEC,GJ,MIS,2014,CIL
IA/WB/MIS/282/2013,10-7/2013-IA-III,"ToR for Development of Integrated Common Hazardous Waste Treatment, Storage, Disposal and Recycling Facilities",SANJIV KUMAR,EC Granted,WB,MIS,2013,CIL
IA/WB/MIS/26322/2015,To be assigned,"development of integrated common hazardous waste treatment, storage, disposal and recycling facilities at Saltora, Bankura District, West Bengal by M/s ramky Enviro Engineers Limited",SANJIV KUMAR,DELETED,WB,MIS,2015,CIL
IA/BR/MIS/26565/2013,10-6/2013-IA.III,"Development of Integrated Common Hazardous Waste Treatment, Storage, Disposal and Recycling faciliti",SANJIV KUMAR,EC Granted,BR,MIS,2013,CIL
IA/MH/MIS/21481/2013,11-79/2013-IA-III,ToR for obtaining for the proposed expansion of the Dharamtar jetty facility by M/s JSW Dharamtar Port Limited,JSW DHARAMTAR PORT PRIVATE LIMITED,EC Granted,MH,MIS,2013,CIL
IA/BR/MIS/258/2013,To be assigned,"ToR for Development of Integrated Common Hazardous Waste Treatment, Storage, Disposal and Recycling Facilities",SANJIV KUMAR,EC Granted,BR,MIS,2013,CIL
IA/WB/MIS/27233/2010,11-140/2010-IA-III,"Development of Port facilities at Haldia dock-II at Mouza Shalukkhali & Rupnarayanchak, P.S. Sutahat",Syama Prasad Mookerjee Port Kolkata,EC Granted,WB,MIS,2010,CIL
IA/TN/MIS/27423/2013,To be assigned,"Proposed Common Hazardous Waste Management Facility at SIPCOT Industrial Growth Centre, Perundurai (",INDUSTRIAL WASTE MANAGEMENT ASSOCIATION,transfertoseiaa,TN,MIS,2013,CIL
IA/KA/MIS/142/2012,10-19/2012-IA-III,"Hazardous Waste  Management facility Phase ?II  of Integrated Waste Management Facility in Karnataka at village Madanhatti, distt Kolar, Karnataka.",SMS INFRASTRUCTURE LIMITED,Delisted EC,KA,MIS,2012,CIL
IA/MH/IND/26466/2015,To be assigned,Installation of Diesel Hydro treatment Unit (DHT) and associated facilities to produce 100% BS-IV HSD,Bharat Petroleum Corporation Limited,DELETED,MH,IND,2015,CIL
IA/MH/IND2/27656/2015,J-11011/21/2015-IA II (I)..,Installation of Diesel Hydro treatment Unit (DHT) and associated facilities to produce 100% BS-IV HS,Bharat Petroleum Corporation Limited,EC Granted,MH,IND2,2015,CIL
IA/HR/NCP/27763/2015,To be assigned,"SERVICE/MAINTENANCE AND TRAINING FACILITY FOR CUSTOMERS FROM DEFENCE FORCES AND DRDO LABS INCLUDING INSPECTION,CALIBRATION AND MAINTENANCE SERVICES PROJECT",Tata Power Company Ltd.,transfertoseiaa,HR,NCP,2015,CIL
IA/BR/MIS/26083/2014,10-30/2014-IA-III,Proposed Common Bio Medical Waste Management & Recycling Facility,SANJIV KUMAR,transfertoseiaa,BR,MIS,2014,CIL
IA/KL/MIS/28205/2015,11-21/2015-IA-III,Laying of LPG pipeline from Puthuvypin to kochi refinery including pumping facility at puthuvypin,KOCHI SALEM PIPELINE PRIVATE LIMITED,EC Granted,KL,MIS,2015,CIL
IA/GJ/IND2/28700/2013,J-11011/159 /2013 -IA II(I),Environmental Clearance for our proposed Agro/Chemical intermediates manufacturing facility to be se,Maulik Jayantibhai Patel,EC Granted,GJ,IND2,2013,CIL
IA/GJ/MIS/28772/2011,11-82/2011-IA-III,Developing Integrated Facilities within existing Kandla Port at Kandla,Kandla Port Truts,EC Granted,GJ,MIS,2011,CIL
IA/WB/MIS/25041/2014,11-44/2014-IA.III,"Development of Cryogenic LPG import, Storage and Distribution Facility along with allied infrastructure.",Aegis Logistics Limited,EC Granted,WB,MIS,2014,CIL
IA/KL/MIS/26542/2015,To be assigned,Centralized Bio-Medical Waste Treatment Facility,MALABAR ENVIRO VISION PRIVATE LIMITED,DELETED,KL,MIS,2015,CIL
IA/HR/IND2/27869/2015,J-11011/155/2015-IA-II(I),"Greenfield Facility of Manufacturing Plant for Mehtylcobalamin (b12) at HSIIDC Barhi part 2, Tehsil Ganaur, District Sonipat by M/s Royal Enterprises",ROYAL ENTERPRISES,EC Granted,HR,IND2,2015,CIL
IA/TN/IND2/30100/2015,To be assigned,Proposed LPG Bottling Facility,Indian Oil Corporation Limited (IOCL),DELETED,TN,IND2,2015,CIL
IA/MH/IND2/30816/2013,J-11011/121/2013-IA II (I),Construction of Storage tanks associated facilities at Mumbai Refinery - II,Hindustan Petroleum Corporation Limited,EC Granted,MH,IND2,2013,CIL
IA/KL/MIS/22905/2013,To be assigned,TOR for augmentations of existing Ship Repair Facility at Cochin Port Trust by M/s Cochin Shipyard Ltd.,Cochin Shipyard Ltd,EC Granted,KL,MIS,2013,CIL
IA/AP/MIS/655/2012,11-93/2012-IA-III,Modernization od existing facilities and addition of New facilities entailing capacity addition in terms,VISAKHAPATNAM PORT TRUST,EC Granted,AP,MIS,2012,CIL
IA/GJ/MIS/27227/2015,11-13/2015-IA-III,Development of Integrated facilities (stage II) within the existing Kandla Port Trust Limit at Kutch district of Gujarat. (1.Setting up of Oil Jetty No.7.  2. Setting up of Barge jetty at Jafarwadi 3.Setting up of Barge port at Veera; 4.Administrative office building at Tuna Tekra; 5. Road connecting from Veera barge jetty to Tuna gate,Kandla Port Truts,EC Granted,GJ,MIS,2015,CIL
IA/AP/IND2/32218/2014,J-1011/1303/2007-IA II (I),"Enhancement of complex fertilizer plant capacity from 3200 MTPD to 4500 MTPD in existing facility at Kakinada, East Godavari District, Andhra Pradesh by M/s Coromandel Fertilizers Ltd.",COROMANDEL INTERNATIONAL LIMITED,EC Granted,AP,IND2,2014,CIL
IA/KL/MIS/32325/2013,10-64/2013-IA-III,"Construction of Dedicated Berth and other Infrastructure Facilities for the Administration of the Union Territory of Lakshdweep at Beypore, Calicut, Kerala by M/s CPWD, Calicut Central Circle",CENTRAL PUBLIC WORKS DEPARTMENT,EC Granted,KL,MIS,2013,CIL
IA/MH/MIS/32430/2015,11-2/2016-IA-III,PROPOSED CONSTRUCTION OF SEWER TUNNEL PHASE 1 FROM DON BOSCO SCHOOL JUNCTION  BORIVALI WEST TO MALAD WASTE WATER TREATMENT FACILITIES BY MCGM,MUNICIPAL CORPORATION OF GREATER MUMBAI,EC Granted,MH,MIS,2015,CIL
IA/MH/MIS/32432/2015,11-3/2016-IA-III,PROPOSED CONSTRUCTION OF SEWER TUNNEL PHASE II FROM GOREGAON PUMPING STATION TO MALAD WASTE WATER TREATMENT FACILITIES BY MCGM- (PST II),MUNICIPAL CORPORATION OF GREATER MUMBAI,EC Granted,MH,MIS,2015,CIL
IA/AP/MIS/32642/2015,11-35/2015-IA-III,"Installation of Proposed Sulphuric acid (2*12500 MT) and Phosphoric acid (2*10000 MT) storage tanks along with unloading facilities and pipelines at the existing fertilizer Wharf of Coromandel Internation Limited, Visakhapatnam",COROMANDEL INTERNATIONAL LIMITED,EC Granted,AP,MIS,2015,CIL
IA/AP/MIS/18264/2013,11-27/2013-IA-III,Import of 5 MMTPA LNG floating storage unit (FSU) and handling facility within krishnapatnam Port Ltd.,LNG BHARAT PVT LIMTED,EC Granted,AP,MIS,2013,CIL
IA/TN/IND2/40795/2015,J-11011/129/2015-IA-II(I),"Proposed Bulk LPG Storage & Bottling Facility at B37/pt to B43/pt, B50/pt, B51/pt, C30 to 41 etc. SIPCOT Industrial Growth Centre, Gangaikondan village, Tirunelveli Taluk & District Tamil Nadu by M/s",Indian Oil Corporation Limited (IOCL),Delisted EC,TN,IND2,2015,CIL
IA/WB/IND2/30096/2015,J-11011/207/2015-IA II (I),"Development of Refrigerated LPG(Propane/Butane)Import,Storage, Bottling and Bulk distribution facilities of M/s BPCL at HDC Haldia .t",Bharat Petroleum Corporation Limited,EC Granted,WB,IND2,2015,CIL
IA/GJ/MIS/22261/2014,10-7/2014-IA.III,"Commom Hazardous Waste Treatment, Storate and Disposal Facility and Incineration facility at survey No.163,180,181,182,183 and 184 at village vadgam, Taluka Khambhat Distt.Anand, Gujarat",HINDUSTAN ENVIRO LIFE PROTECTION SERVICES LTD,EC Granted,GJ,MIS,2014,CIL
IA/GJ/IND2/51463/2014,J-11011/311/2014-IA II (I),Installation of Manufacturing Facility Technical Grade Pesticides and Pesticide Specific Intermediates by Jubilant Life Sciences Limited (Unit 3) at SEZ  Operated by M/s. Jubilant Infrastructure Limit,M/s. Jubilant Life Sciences Limited,Delisted EC,GJ,IND2,2014,CIL
IA/GJ/MIS/51652/2012,11-7/2012-IA-III,"Environment & CRZ clearance for proposed Ship Recycling facility at West Port, Mundra, Kutch by M/s. Adani Ports and Special Economic Zone Limited (APSEZL)",ADANI PORTS AND SPECIAL ECONOMIC ZONE LTD,EC Granted,GJ,MIS,2012,CIL
IA/AS/IND2/27791/2015,J-11011/150/2015-IA-II(I),"Installation of LPG Mounded Bullet, Facility upgradation of Exist. LPG Bottling Plant & Complete Euro-IV HSD Project at Numaligarh refinery Limited",NUMALIGARH REFINERY LIMITED,EC Granted,AS,IND2,2015,CIL
IA/GJ/MIS/52562/2016,11-82/2011-IA.III,Development of 07 Integrated facilities (stage-I) within the existing Kandla Port Trust limit at Kutch district of Gujarat,Kandla Port Truts,EC Granted,GJ,MIS,2016,CIL
IA/GJ/NCP/56251/2016,To be assigned,Integrated Group Housing Facility by AMC,ISCON HOUSE,DELETED,GJ,NCP,2016,CIL
IA/TR/IND2/57350/2013,J-11011/248/2013-IAII(I),"Field Development for Setting up of Surface Facilities, Group Gathering Station (GSS), Development Drilling and Interconnecting Pipeline between wells for 'Kathalchari Field Development Block AA-ONN-2",JUBILANT OIL AND GAS PVT LTD,Returned in present form,TR,IND2,2013,CIL
IA/KL/MIS/27087/2015,10-9/2015-IA-III,"New Dry Dock Facility at Cochin Shipyard Ltd, Kochi, Kerala",Cochin Shipyard Ltd,EC Granted,KL,MIS,2015,CIL
IA/GA/IND2/59274/2015,J-11011/186/2015-IA II (I),"Proposed Unit at its existing facility at ZACL, Goa",ZUARI AGRO CHEMICALS LTD,Rejected,GA,IND2,2015,CIL
IA/MH/IND2/51174/2016,J-11011/98/2016- IA II(I),Installation of Gasoline Hydrotreatment Unit (GTU) and associated facilities to produce 100% BS-VI MS,BHARAT PETROLEUM CORPORATION LIMITED,EC Granted,MH,IND2,2016,CIL
IA/GJ/IND2/51468/2016,J-11011/101/2016- IA II(I),"New Project for Manufacturing of Caustic Soda, Synthetic Organic, Inorganic, Specialty Chemicals & Coal based Captive Power Plant by KCIL (Unit 2)",KUTCH CHEMICAL INDUSTRIES LIMITED,EC Granted,GJ,IND2,2016,CIL
IA/WB/MIS/30603/2015,10-26/2015-IA-III,"Setting up of Mini Bulk Carriers Handling Facility in the Upstream of  3rd Oil Jetty with the Help of  Floating Crane/ Pontoon Fitted Crane at HDC, Kolkata Port Trust",Syama Prasad Mookerjee Port Kolkata,EC Granted,WB,MIS,2015,CIL
IA/TN/MIS/24486/2012,11-51/2012-IA.III,Development of two additional coal berths at Ennore Port,"M/s. KAMARAJAR PORT LIMITED, CHENNAI",EC Granted,TN,MIS,2012,Berth
IA/TN/MIS/25269/2012,11-51/2012-IA.III,Construction of coal berth CB 3 & CB 4,"M/s. KAMARAJAR PORT LIMITED, CHENNAI",EC Granted,TN,MIS,2012,Berth
IA/KL/MIS/31513/2015,11-31/2015-IA-III,Heat Traced Pipeline from South Tanker Berth / North Tanker Berth Jetty to Kochi Refinery,Bharat Petroleum Corporation Ltd.,EC Granted,KL,MIS,2015,Berth
IA/GA/MIS/33657/2008,To be assigned,Modernisation of berth No.7 for coal handling at Mormugao Port Trust,Mormugao Port Trust,DELETED,GA,MIS,2008,Berth
IA/MH/MIS/26552/2015,10-4/2015-IA-III,Construction of Fifth Oil Berth at Jawahr Dweep,MUMBAI PORT TRUST,EC Granted,MH,MIS,2015,Berth
IA/MIS/GJ/23582/2014,11-34/2014-IA-III,"Expansion of existing jetty by setting a new berth at Gulf of Kutch, Jamnagar",Reliance Industries Limited,EC Granted,MIS,GJ,2014,Berth
IA/PY/MIS/19327/2013,11-41/2013-IA.III,Development of Bulk Liquid Berth for Handling LNG,Karaikal Port Pvt Ltd,EC Granted,PY,MIS,2013,Berth
IA/AP/MIS/28607/2015,11-19/2015-IA-III,: Development of Multipurpose Terminal by replacement of existing EQ-2 to EQ-5 berths  to cater to 14.00 M draft vessels in  Inner Harbor of  Visakhapatnam Port Trust on DBFOT basis.,VISAKHAPATNAM PORT TRUST,EC Granted,AP,MIS,2015,Berth
IA/GA/MIS/26758/2015,10-5/2015-IA-III,"Proposed Terminal Capacity Enhancement At Berth 5A-6A of Mormugao Port for Handling Coal And Coal Products, Iron Ore And Limestone  including Unitised and Steel Products",SOUTH WEST PORT LIMITED,EC Granted,GA,MIS,2015,Berth
IA/GJ/MIS/70542/2017,11-45/2017-IA.III,"Berthing jetty and allied infrastructure for Indian Coast Guard vessels located at pathfinder inlet creek, of Gulf of Kachchh, Vadinar, Devbhoomi Dwarka District Gujarat state.",INDIAN COAST GUARD STATION VADINAR,Delisted EC,GJ,MIS,2017,Berth
IA/GJ/MIS/71340/2017,11-49/2017-IA.III,"CRZ Clearance for proposed project for creation of dedicated coastal berth parking at Porbandar Port under Sagar Mala Project at Porbandar Village, Porbandar Tehsil, Porbandar District Gujarat.",Gujarat Maritime Board,Delisted EC,GJ,MIS,2017,Berth
IA/MH/MIS/62185/2017,10-10/2017-IA-III,Construction of two offshore container berths and development of container terminal on BOT basis in Mumbai Harbour.,MUMBAI PORT TRUST,Returned in present form,MH,MIS,2017,Berth
IA/AP/MIS/58669/2016,10-62/2016-IA-III,"Improving the capacity utilization of OR-I & OR-II berths at Visakhapatnam port trust (VPT), Andhra Pradesh, India.",VISAKHAPATNAM PORT TRUST,EC Granted,AP,MIS,2016,Berth
IA/TN/MIS/67583/2017,10-55/2017-IA-III,"Deepening the Harbour Basin and Approach Channel to handle 15.20m draught vessels, Modification of Port entrance, Construction of 6nos of Berths and Strengthening / Up-gradation of existing Berths-1 to 9, NCB-I and NCB-II at V.O. Chidambaranar Port.",V.O.CHIDAMBARANAR PORT TRUST,EC Granted,TN,MIS,2017,Berth
IA/GA/MIS/93270/2015,10-33/2015-IA-III,"Redevelopment of Berths 8, 9 and Barge Berth at the Port of Mormugao, Goa.",Mormugao Port Trust,EC Granted,GA,MIS,2015,Berth
IA/OR/MIS/70593/2017,To be assigned,"Environmental Impact Assessment (EIA) Study for the Development of Outer Harbour, Inner Harbour including Western Dock & Mechanization of existing Operational Berths at Paradip Port, Odisha",PARADIP PORT TRUST,Under examination of SCZMA,OR,MIS,2017,Berth
IA/GJ/IND/69706/2017,IA-J-11011/494/2017-IA-II(I),Lakhpat Cement Works,ADANI CEMENTATION LIMITED,EC Granted,GJ,IND,2017,Berth
IA/AP/NCP/220069/2021,10-9/2009-IA.III,General-Cum-Bulk cargo berth in the Outer Harbour of Visakhapatnam Port Trust,VISAKHAPATNAM PORT TRUST,EC Granted,AP,NCP,2021,Berth
IA/AP/NCP/240579/2021,11-93/2012-IA.III,Development of WQ7 & WQ8 berth in the Northern arm of Inner harbour of Visakhapatnam Port Trust- Revised scope of proposal for handling of multiple cargo through semi mechanized mode,VISAKHAPATNAM PORT TRUST,EC Granted,AP,NCP,2021,Berth
IA/MH/INFRA1/408716/2022,File no:10-77/2018-IA.III,"Berthing Jetty, Conveyor Corridor with Backup Facilities and Approach Road of ACL at Amba River, Village Shahbaj, Taluka Alibag, District Raigad, Maharashtra by M/S Adani Cementation Limited",ADANI CEMENTATION LIMITED,Returned in present form,MH,INFRA1,2022,Berth
IA/TN/MIS/29149/2015,10-28/2016-IA.III,Construction of Five numbers of Shallow Draught Berth at V.O.Chidambaranar Port,V.O.CHIDAMBARANAR PORT TRUST,TOR GRANTED,TN,MIS,2015,Berth
IA/GA/MIS/33482/2015,10-33/2015-IA-III,"Redevelopment of Berths 8, 9  and Barge Berths at the Port of Mormugao, Goa",Mormugao Port Trust,Delisted TOR,GA,MIS,2015,Berth
IA/GJ/MIS/52235/2016,10-10/2008-IA.III,"EC and CRZ clearance for proposed additional dredging to facilitate berthing of cape size vessels at existing offshore jetty off Tekra, near Tuna, Gujarat",ADANI KANDLA BULK TERMINAL PRIVAT LIMITED,TOR GRANTED,GJ,MIS,2016,Berth
IA/TN/MIS/55278/2016,10-44/2016-IA-III,Construction of Two numbers of Shallow Draught Berth at V.O.Chidambaranar Port,V.O.CHIDAMBARANAR PORT TRUST,TOR GRANTED,TN,MIS,2016,Berth
IA/GA/MIS/62248/2017,10-8/2017-IA-III,"Modernization and Expansion of Port Infrastructure for Fishing, Coastal, & Multipurpose Cargo Berth and Liquid / General Cargo",Mormugao Port Trust,TOR GRANTED,GA,MIS,2017,Berth
IA/OR/MIS/62887/2017,10-18/2017-IA-III,Area Development of Multimodal Logistic Park & Industrial Park for Smart Industrial Port City (SIPC) in Paradip Port & Debottlenecking efficiency by Mechanization of existing operational berths in Port Master Plan.,PARADIP PORT TRUST,Delisted TOR,OR,MIS,2017,Berth
IA/MH/MIS/71139/2017,10-65/2017-IA-III,"Deepening and Widening of Approach Channel to Second Chemical Berth SCB at Pir Pau, Mumbai",MUMBAI PORT TRUST,TOR GRANTED,MH,MIS,2017,Berth
IA/GJ/MIS/71557/2017,10-1/2018-IA-III,Multipurpose berthing facility at Mundra by APSEZ,ADANI PORTS AND SPECIAL ECONOMIC ZONE LIMITED,TOR GRANTED,GJ,MIS,2017,Berth
IA/GJ/MIS/75528/2018,10-56/2018-IA-III,Construction of 14th & 16th Cargo Berth  through internal resources by Deendayal Port Trust at Kandla – Environmental & CRZ Clearance for remaining works reg.,Kandla Port Truts,Delisted TOR,GJ,MIS,2018,Berth
IA/MH/MIS/75879/2018,10-58/2018-IA-III,"Berthing Jetty, Conveyor Corridor and Approach Road",ADANI CEMENTATION LIMITED,Delisted TOR,MH,MIS,2018,Berth
IA/MH/MIS/75927/2018,To be assigned,"Berthing Jetty, Conveyor Corridor and Approach Road",ADANI CEMENTATION LIMITED,Delisted TOR,MH,MIS,2018,Berth
IA/MH/MIS/80788/2018,To be assigned,"Berthing Jetty, Conveyor Corridor and Approach Road for Raigad Cement Bulk Terminal of ACL",ADANI CEMENTATION LIMITED,WithdrawTOR,MH,MIS,2018,Berth
IA/MH/MIS/121821/2019,10-50/2019-IA-III,Construction of Third Chemical Berth at  Pir Pau Jetty by Mumbai Port Trust,MUMBAI PORT TRUST,TOR GRANTED,MH,MIS,2019,Berth
IA/GJ/NCP/214735/2021,10/31/2021-IA.III,Third Berth (Jetty) at PLL LNG Terminal,PETRONET LNG LIMITED (PLL),TOR GRANTED,GJ,NCP,2021,Berth
IA/KA/NCP/239741/2021,10/55/2021-IA.III,Development of multipurpose cargo Berth (Berth No.17) at New Mangalore Port.,NEW MANGALORE PORT TRUST,TOR GRANTED,KA,NCP,2021,Berth
IA/GJ/MIS/19098/2011,10-10/2008-IA.III,Environmental and CRZ clearance for construction of berthing and allied facilities off Tekra,ADANI KANDLA BULK TERMINAL PRIVAT LIMITED,,GJ,MIS,2011,Berth
IA/AP/MIS/21758/1910,11-33/2010-IA.III,Environmental and CRZ Clearance for the project(i) development of East quay-IA(EQ-1A)berth on south side of EQ-1(ii)development of East quay-1(EQ-1)by replacing the existing EQ-1 berth and part of EQ-,VISAKHAPATNAM PORT TRUST,EC Granted(Amendement),AP,MIS,1910,Berth
IA/KA/MIS/21480/1910,11-2/2010-IA.III,Development of four berths in Western Dock Arm,NEW MANGALORE PORT TRUST,EC Granted(Amendement),KA,MIS,1910,Berth
IA/MH/MIS/33485/2015,To be assigned,Mumbai Trans Harbour Sea Link,Fine Envirotech Engineers,DELETED,MH,MIS,2015,Harbour
IA/TN/MIS/42594/2016,To be assigned,"Reconstruction of Fishing Harbour at Mookaiyur in Ramanathapuram District, Tamil Nadu",DEPARTMENT OF FISHERIES,DELETED,TN,MIS,2016,Harbour
IA/AN/MIS/30097/2015,11-34/2015-IA-III,60 m Extension of Hope Town Wharf at Port Blair Harbour,ALHW,EC Granted,AN,MIS,2015,Harbour
IA/AN/MIS/59422/2016,To be assigned,Extension of existing Dry Dock in Port Blair Harbour,ALHW,DELETED,AN,MIS,2016,Harbour
IA/MH/MIS/56511/2016,10-54/2016-IA.III,Deepening and Widening of Existing Mumbai Harbour Channel and JN Port Channel (Phase II),JAWAHARLAL NEHRU PORT TRUST,EC Granted,MH,MIS,2016,Harbour
IA/MH/MIS/26130/2014,10-31/2014-IA-III,Setting up of Floating Storage Unit ( FSRU) in Mumbai Harbour,MUMBAI PORT TRUST,EC Granted,MH,MIS,2014,Harbour
IA/MH/NCP/69930/2017,To be assigned,Harbour Heights,SUMER BUILDCORP PVT LTD,Delisted EC,MH,NCP,2017,Harbour
IA/MH/NCP/67593/2017,21-314/2017-IA-III,"Harbour Heights at plot bearing C.T.S No. 525 of Mazgaon division E, Mumbai, Maharashtra by M/s. Sumer Buildcorp Pvt. Ltd.",SUMER BUILDCORP PVT LTD,EC Granted,MH,NCP,2017,Harbour
IA/WB/IND2/86195/2006,J-11011/333/2006-IA.II(I),"Expansion of Existing Grain Based Distillery (110 to 170 KLPD) within Existing Plant Premises at Village Durgapur, Block - Diamond Harbour-II, District South 24 Parganas, West Bengal",IFB AGRO INDUSTRIES LIMITED,EC Granted,WB,IND2,2006,Harbour
IA/MH/NCP/279348/2020,To be assigned,Construction of New Wharf at Naval Dockyard (Mumbai) in Mumbai Naval Harbour along with Associated Services.,INDIAN NAVY DGNP MUMBAI,Delisted EC,MH,NCP,2020,Harbour
IA/MH/NCP/280439/2020,To be assigned,Construction of Jetty at Naval Station (Karanja) in Mumbai Naval Harbour along with Associated Services,INDIAN NAVY DGNP MUMBAI,Delisted EC,MH,NCP,2020,Harbour
IA/KL/MIS/27081/2015,10-13/2015-IA-III,DEVELOPMENT OF COCHIN OUTER HARBOUR,COCHIN PORT TRUST,TOR GRANTED,KL,MIS,2015,Harbour
IA/GJ/MIS/55944/2016,10-47/2016-IA-III,Expansion for Outer Harbour Development of Hazira Port by M/s. Adani Hazira Port Private Limited,Mr. P N Roy Chowdhury,TOR GRANTED,GJ,MIS,2016,Harbour
IA/OR/MIS/60156/2016,F. No. 21-28/2016-IA-III,"Development of Outer Harbour Paradip Port Trust, Paradip, Dist Jagatsinghpur, Odisha",PARADIP PORT TRUST,TOR GRANTED,OR,MIS,2016,Harbour
IA/TN/MIS/60857/2016,10-89/2016-IA-III,Deepening the Harbour Basin and Approach Channel to handle 14.5m draught vessels and Modification of Port Entrance at V.O. Chidambaranar Port,V.O.CHIDAMBARANAR PORT TRUST,TOR GRANTED,TN,MIS,2016,Harbour
IA/KA/MIS/67310/2017,10-52/2017-IA-III,"Proposed Construction of breakwater and fish landing center at Belambar fishing harbour, Belambar village, Ankola taluka, Uttara Kannada district, Karnataka state",DEPARTMENT OF FISHERIES KARWAR,transfertoseiaa,KA,MIS,2017,Harbour
IA/WB/IND2/69992/2017,IA-J-11011/491/2017-IA-II(I),"Proposed Expansion of Existing Grain Based Distillery (110 to 170 KLPD) within Existing Plant Premises at Village Durgapur, Block- Diamond Harbour-II, District South 24 Parganas, West Bengal",IFB AGRO INDUSTRIES LIMITED,TOR GRANTED,WB,IND2,2017,Harbour
IA/MH/MIS/71612/2017,To be assigned,"Capital dredging at Naval Harbour, Mumbai, Maharashtra",INDIAN NAVY DGNP MUMBAI,Delisted TOR,MH,MIS,2017,Harbour
IA/KA/MIS/130131/2019,10-25/2020-IA-III,Development of Majali Fishing Harbour Project,DEPARTMENT OF FISHERIES KARWAR,TOR GRANTED,KA,MIS,2019,Harbour
IA/MH/MIS/582/2012,11-65/2012-IA-III,Proposed Mumbai Trans Harbour Sea Link (MTHL) for CRZ clearance.,MUMBAI METROPOLITAN REGION DEVELOPMENT AUTHORITY A,Delisted(Amendement),MH,MIS,2012,Harbour
IA/TN/MIS/18654/1910,10-7/2005-IA-III,Environmental Clearance for optimization of Inner Harbour Development at Tuticorin Port,V.O.CHIDAMBARANAR PORT TRUST,Delisted(Extension),TN,MIS,1910,Harbour
IA/MH/MIS/136/2005,10-18/2005-IA.III,Environemntal clearance fot eh cosntruction of two offshore container berths & dev. of container Terminal on BOT basis in Mumbai Harbour,MUMBAI PORT TRUST,DELETED(Extension),MH,MIS,2005,Harbour
IA/AP/NCP/254532/2022,10-9/2009-IA.III,"Amendment in existing Environmental Clearance for change in the existing Mechanized Coal Handling Import Terminal to Multi Cargo Import – Export Terminal with total handling of 10.18 MMTPA at General – Cum – Bulk Cargo Berth in the Outer Harbour of Visakhapatnam Port Trust, Visakhapatnam, Andhra Pradesh",VISAKHAPATNAM PORT TRUST,EC Granted(Amendement),AP,NCP,2022,Harbour
IA/AP/NCP/295920/2022,10-9/2009-IA.III,"Amendment in existing CRZ and Environmental Clearance for Change in the Product Mix (Removal of Caping for Individual Cargo) and increase in transportation of Multi Cargo through road from 2.5 MMTPA to 5.0 MMTPA without increase in total handling capacity of Multi Cargo Import-Export Terminal (10.18 MMTPA) at General – Cum – Bulk Cargo Berth in the Outer Harbour of Visakhapatnam Port Authority at Visakhapatnam, Andhra Pradesh”.",VISAKHAPATNAM PORT AUTHORITY,Deferred by EAC(Amendement),AP,NCP,2022,Harbour
IA/GJ/NCP/297933/2023,10-47/2016-IA.III,Expansion for Outer Harbour Development of Hazira Port (Gujarat) by M/s Adani Hazira Port Limited,Adani Hazira Port Pvt. Ltd.,EC Transferred,GJ,NCP,2023,Harbour
IA/MH/MIS/53002/2016,To be assigned,"Proposed jetty, water sports, floating restaurant and boat repair yard in Varsave (Vasai) creek at survey no. 28 & 29",HOTEL BEANO RESORT LTD,DELETED,MH,MIS,2016,Jetty
IA/AN/MIS/54013/2015,11-16/2015-IA-III,Extension and Widening of the Jetty at Neil Island in A&N Islands,ALHW,EC Granted,AN,MIS,2015,Jetty
IA/KL/MIS/59533/2016,To be assigned,Construction of Jetty for Indian Coast Guard in Cochin Port by Cochin Port Trust.,INDIAN COAST GUARD,DELETED,KL,MIS,2016,Jetty
IA/WB/MIS/31632/2015,10-27/2015-IA-III,"Construction, Supply, Installation, Commissioning, Operation, Maintenance And Transfer Of Cargo Handling Facilities at Outer Terminal –Ii Near 2nd Oil Jetty On The River Hoogly For Handling Mini Bulk Carriers Including  Construction of Hardstand, Road Network and Railway Network as well as Supply, Operation & Maintenance Of Required Cargo Handling Equipment and Conveyor System for Shore Handling at Haldia Dock Complex, Kolkata Port Trust",Syama Prasad Mookerjee Port Kolkata,EC Granted,WB,MIS,2015,Jetty
IA/GJ/MIS/27340/2015,10-14/2015-IA-III,Environmental Clearances for the project of Modernization of Navlakhi Port by way of 1) Mechanization of the existing facilities & 2) Construction of new  mechanized jetty,Gujarat Maritime Board,EC Granted,GJ,MIS,2015,Jetty
IA/WB/MIS/72846/2018,11-6/2018-IA.III,Laying of 24 inch underground MS/HSD pipeline (9 KM) from Haldia Jetty-3 to BPCL's existing installation at Haldia.,BHARAT PETROLEUM CORPORATION LIMITED HALDIA,EC Granted,WB,MIS,2018,Jetty
IA/MH/MIS/73858/2015,To be assigned,"Development of Deep Water Jetty Facility on Kundalika Riv€r, Village: Korlai, District: Raigarh, Mahaxashtra   and Capaciq/ expansion at existing Inland Water Jetty Facility, on Kundalika River al Vii",INDO ENERGY INTERNATIONAL LTD,Delisted EC,MH,MIS,2015,Jetty
IA/AP/MIS/64642/2017,To be assigned,"Proposed LNG, LPG  import facilities with Captive Jetty & Breakwaters at T. Challapalli Village.",HINDUSTAN LNG LIMITED,Delisted EC,AP,MIS,2017,Jetty
IA/MH/MIS/138751/2018,To be assigned,"Development of Jetty for Captive and Third Party Cargo (10.0 MTPA) at Nate Village, Rajapur Taluka, Ratnagiri District, Maharashtra",ADINATH PORT AND LOGISTICS PRIVATE LIMITED,Delisted EC,MH,MIS,2018,Jetty
IA/GJ/MIS/139630/2014,10-14/2017-IA-III,Expansion of existing jetty & and storage terminal capacity at Gujarat Chemical Port Terminal Company Limited (GCPTCL),GUJARAT CHEMICAL PORT TERMINAL COMPANY LIMITED,EC Granted,GJ,MIS,2014,Jetty
IA/GJ/MIS/647/2012,F.No 10-22/2018-ia-III,Dredging in berthing area and turning Circle near the existing captive jetty,GUJARAT STATE FERTILIZERS AND CHEMICALS LIMITED,EC Granted,GJ,MIS,2012,Jetty
IA/OR/MIS/74417/2018,10-68/2018-IA-III,"Proposed development of all weather, multi cargo, greenfield, captive jetties for handling capacity 52 MTPA at Jatadhari Muhan river, Dist. Jagatsinghpur, Odisha",JSW UTKAL STEEL LIMITED,EC Granted,OR,MIS,2018,Jetty
IA/MIS/MH/23794/2014,11-10/2014-IA.III,DEVELOPMENT OF CAPTIVE JETTY,I LOG PORTS PRIVATE LIMITED,TOR GRANTED,MIS,MH,2014,Jetty
IA/AN/MIS/27682/2015,11-16/2015-IA-III,Extension and Widening of the Jetty at Neil Island,ALHW,TOR GRANTED,AN,MIS,2015,Jetty
IA/MH/MIS/27767/2015,11-17/2015-IA-III,"development of multipurpose terminal with jetty (existing) for cargo handling, ship repairs using floating dry dock and ship breaking yard(small ships)",MARINE SYNDICATE LTD,TOR GRANTED,MH,MIS,2015,Jetty
IA/WB/MIS/29421/2015,To be assigned,Establishment of isolated storage & handling facilities and twin transfer pipelines from Jetty.,PROJECTS & DEVELOPMENT INDIA LIMITED,DELETED,WB,MIS,2015,Jetty
IA/GJ/IND/30709/2015,J-11011/214/2015-IA-II(I),"Proposed Installation of 4.0 MTPA Integrated Cement Plant and captive limestone mine with Captive Thermal Power Plant, Desalination Plant and Captive Jetty",HEIDELBERG CEMENT INDIA LTD,TOR GRANTED,GJ,IND,2015,Jetty
IA/MH/MIS/32962/2015,To be assigned,"Development of Deep Water Jetty Facility on Kundalika River, Village: Korlai, District: Raigarh, Maharashtra. And Capacity/ expansion at existing Inland Water Jetty Facility, on Kundalika River al Viilage: Sanegaon, District: Raigad, Maharashtra.",Fine Envirotech Engineers,DELETED,MH,MIS,2015,Jetty
IA/MH/MIS/33587/2015,10-34/2015-IA-III,"Development of Deep Water Jetty Facility on Kundalika River, Village: Korlai, District: Raigarh, Maharashtra. And Capacity/ expansion at existing Inland Water Jetty Facility, on Kundalika River al Viilage: Sanegaon, District: Raigad, Maharashtra.",INDO ENERGY INTERNATIONAL LTD,TOR GRANTED,MH,MIS,2015,Jetty
IA/GJ/MIS/52202/2016,10-33/2016-IA.III,ERECTION & COMMISSIONING OF CONVEYING SYSTEM AT GMB-PINDARA JETTY,BOMBAY MINERALS LTD,TOR GRANTED,GJ,MIS,2016,Jetty
IA/WB/MIS/56967/2016,10-56/2016-IA.III,"SETTING UP OF A RIVERINE JETTY (OUTER TERMINAL 1)  AT HALDIA DOCK COMPLEX, KOLKATA PORT TRUST, WEST BENGAL",Syama Prasad Mookerjee Port Kolkata,TOR GRANTED,WB,MIS,2016,Jetty
IA/MH/MIS/58314/2016,10-60/2016-IA-III,"Proposed Expansion of Cpative Jetty Facility in Revdanda Creek at Salav, Dist. Raigad, maharashtra",JSW SALAV PORT PVT LTD,TOR GRANTED,MH,MIS,2016,Jetty
IA/GJ/MIS/62501/2017,10-14/2017-IA-III,Expansion of existing jetty & and storage terminal capacity at Gujarat Chemical Port Terminal Company Limited (GCPTCL),GUJARAT CHEMICAL PORT TERMINAL COMPANY LIMITED,TOR GRANTED,GJ,MIS,2017,Jetty
IA/AP/IND2/62550/2017,IA-J-11011/47/2017-IA-II(I),PROPOSED LNG & LPG IMPORT FACILITIES WITH CAPTIVE JETTY AND BREAKWATERS,HINDUSTAN LNG LIMITED,Delisted TOR,AP,IND2,2017,Jetty
IA/GJ/MIS/63020/2017,To be assigned,Construction of Coast Guard Jetty and Allied Services at Vadinar,INDIAN COAST GUARD STATION VADINAR,Delisted TOR,GJ,MIS,2017,Jetty
IA/AP/MIS/63767/2017,10-22/2017-IA-III,Proposed LNG and LPG import facilities with Captive Jetty & Breakwaters,HINDUSTAN LNG LIMITED,TOR GRANTED,AP,MIS,2017,Jetty
IA/GJ/MIS/64384/2017,10-28/2017-IA-III,"Development of captive jetty at Village Dhunay, along Kori Creek, Kutch",SATYESH BRINECHEM PRIVATE LIMITED,TOR GRANTED,GJ,MIS,2017,Jetty
IA/GJ/MIS/65908/2017,10-45/2017-IA.III,"Development of Coast Guard Jetty and allied facilities within existing Okha Port, Okha, District- Devbhumi Dwarka, Gujarat",Gujarat Maritime Board,TOR GRANTED,GJ,MIS,2017,Jetty
IA/AP/MIN/67711/2017,To be assigned,M/s. JETTY SATYANARAYANA & OTHERS,M/S. JETTY SATYANARAYANA & OTHERS,transfertoseiaa,AP,MIN,2017,Jetty
IA/GJ/MIS/70962/2017,10-63/2017-IA-III,"Jetty, Desalination plant with intake and outfall and related Infrastructures (backup storage , utilities and amenities) for integrated unit of Lakhpat Cement Works",ADANI CEMENTATION LIMITED,TOR GRANTED,GJ,MIS,2017,Jetty
IA/MH/MIS/72309/2018,10-4/2018-IA-III,"Inland Water Transportation for Passenger and Ro-Ro Services in Vasai Creek-Ulhas River including Construction of 10 Terminals, consisting of Ro-Ro Jetty, shore protection if required, Terminal Building, Parking area, Utilities, Bunkering and Fuelling centres, Banking and Recreational Facilities, Restaurants and rest areas including other passenger amenities.",THANE MUNICIPAL CORPORATION,TOR GRANTED,MH,MIS,2018,Jetty
IA/MH/MIS/73169/2018,10-21/2018-IA-III,"Phase II-A Expansion of Dharamtar Jetty facility to handle various Liquid and Solid cargo at Village Beneghat/Dolvi, Tehsil Pen, District Raigad, Maharashtra",JSW DHARAMTAR PORT PRIVATE LIMITED,TOR GRANTED,MH,MIS,2018,Jetty
IA/OR/MIS/120752/2019,To be assigned,Development of Stretch between Pankapal and Dhamra / Paradip of National Waterway No.5 in the State of Odisha by Inland Waterways Authority of India (Total Length 212) Km.,INLAND WATERWAYS AUTHORITY OF INDIA,WithdrawTOR,OR,MIS,2019,Inland Waterways
IA/OR/MIS/123720/2019,10-51/2019-IA-III,Development of Stretch between Pankapal and Dhamra / Paradip of National Waterway No.5 in the State of Odisha by Inland Waterways Authority of India (Total Length 212) Km.,INLAND WATERWAYS AUTHORITY OF INDIA,Returned in present form,OR,MIS,2019,Inland Waterways
IA/KL/NCP/255401/2022,To be assigned,EIA study for obtaining CRZ and EIA clearance for the proposed development of Inland Waterways from Mahe to Valapattanam River,KERALA WATERWAYS AND INFRASTRUCTURE LIMITED,ClosedTOR,KL,NCP,2022,Inland Waterways
IA/OR/MIS/71799/2014,F.No.10-27/2014-IA.III,Development of Stretch between Pankapal to Dhamra and Paradip of National Waterway No 5 in the State of Odisha for Navigation by M/s Inland Waterways Authority of India,INLAND WATERWAYS AUTHORITY OF INDIA,TOR GRANTED(Extension),OR,MIS,2014,Inland Waterways
IA/GJ/IND2/28828/2014,J-11011/226/2014-IA II (I),Dahej Nagothane Ethane Pipeline Project,Reliance Gas Pipelines Limited,EC Granted,GJ,IND2,2014,Pipeline Project
IA/GJ/MIS/33748/2015,11-37/2015-IA-III,Dahej Nagothane Ethane Pipeline Project,Reliance Gas Pipelines Limited,Delisted EC,GJ,MIS,2015,Pipeline Project
IA/TN/MIS/69466/2017,11-44/2017-IA.III,"Common Corridor Pipeline Project, R-LNG spur pipeline from Ennore to Manali",Indian Oil Corporation Limited (Pipelines Division),EC Granted,TN,MIS,2017,Pipeline Project
IA/OR/MIS/71841/2017,11-5/2018-IA.III,Paradip-Hyderabad Pipeline Project,IOCL PARADIP HYDERABAD PIPELINE,EC Granted,OR,MIS,2017,Pipeline Project
IA/GJ/IND2/53487/2016,J-11011/144/2016- IA II(I),Anjar - Chotila Natural Gas transportation pipeline project with associated facilities,GUJARAT STATE PETRONET LIMITED,EC Granted,GJ,IND2,2016,Pipeline Project
IA/OR/IND2/61689/2017,IA-J-11011/16/2017-IA-II(I),Jagdishpur - Haldia & Bokaro - Dhamra Natural Gas Pipeline Project (JHBDPL) - Phase - II`,GAIL INDIA LIMITED,TOR GRANTED,OR,IND2,2017,Pipeline Project
IA/GJ/IND2/66162/2017,IA-J-11011/390/2017-IA-II(I),Capacity Augmentation of Jamnagar Loni LPG Pipeline Project,ESSQUARE GEO SERVICES,Delisted TOR,GJ,IND2,2017,Pipeline Project
IA/AS/IND2/113784/2019,IA-J-11011/251/2019-IA-II(I),Nambor –Golaghat– Numaligarh area gas pipeline Project of Assam Gas Company Ltd.,ASSAM GAS COMPANY LTD,Delisted TOR,AS,IND2,2019,Pipeline Project
IA/AP/IND2/189295/2020,IA-J-11011/334/2020-IA-II(I),M/s. Bharat Petroleum Corporation Ltd. Krishnapatnam - Hyderabad Multi-product (HSD/MS /SKO/ ATF) pipeline project,BHARAT PETROLEUM CORP LTD,TOR GRANTED,AP,IND2,2020,Pipeline Project
IA/GJ/IND2/260396/2022,IA-J-11011/91/2022-IA-II(I),Laying of pipeline of length 191 km from Churwa to Bhabhar(IPS-1) section of New Mundra Panipat crude Oil Pipeline project of capacity 17.5 MMTPA,INDIAN OIL CORPORATION LTD,TOR GRANTED,GJ,IND2,2022,Pipeline Project
IA/PB/MIS/28504/1999,J-11011/25/1998 IA.II (I),Crude Oil Pipeline project from Mundra Coast in Gujarat to Bathinda in Punjab,HPCL MITTAL PIPELINES LIMITED,DELETED(Amendement),PB,MIS,1999,Pipeline Project
IA/PB/MIS/28892/1999,J-11011/25/1998 IA.II(I),Crude Oil Pipeline project from Mundra Coast in Gujarat to Bathinda in Punjab,HPCL MITTAL PIPELINES LIMITED,Delisted(Amendement),PB,MIS,1999,Pipeline Project
IA/KL/IND/4746/2012,J-11011/396/2012-IA II (I),LPG Pipeline from kochi Refinery to Coimbatore,Bharat Petroleum Corporation Ltd.,EC Granted,KL,IND,2012,Refinery
IA/RJ/IND/24706/2013,. J-11011/87/2013-IA II (I),Grass root Refinery (9 MMTPA) cum Petrochemical Complex (Rajasthan Refinery Project) at Village Saaj,Hindustan Petroleum Corporation Limited,EC Granted,RJ,IND,2013,Refinery
IA/PB/IND/26087/2013,J-11011/275/2007 IA II (I),Expansion of Refinery from 9MMTPA to 11.25MMTPA of HPCL-Mittal Energy Ltd Village Phulo Kheri Tehsil,HPCL-MITTAL ENERGY LIMITED (HMEL),EC Granted,PB,IND,2013,Refinery
IA/GJ/IND/26448/2011,J-11011/49/2015 IA(II) I,"Proposed installation of GT-6 along with HRSG-6 at Gujarat Refinery,  Koyali, District Vadodara, Guj",Indian Oil Corporation Limited (IOCL),EC Granted,GJ,IND,2011,Refinery
IA/BR/IND/24783/2014,To be assigned,Replacement of reactors & allied modernization jobs of Coker A  and Installation of Biturox Unit  at IOCL Barauni Refinery,Indian Oil Corporation Limited,DELETED,BR,IND,2014,Refinery
IA/AP/IND2/30205/2014,J-11011/63/2013-IA II (I),Expansion of Visakh Refinery from 8.33 MMTPA to 15.0 MMTPA at Village Malkapuram,Hindustan Petroleum Corporation Limited,EC Granted,AP,IND2,2014,Refinery
IA/OR/MIS/30869/2015,11-30/2015-IA-III,Pet Coke Evacuation Project for IOCL Paradip Refinery -  Odisha-Above ground conveyor belt,Indian Oil Corporation Limited,EC Granted,OR,MIS,2015,Refinery
IA/GJ/IND2/36039/2015,To be assigned,Expansion of 9.0  MMTPA Refinery to 60 MMTPA with Petrochemical complex by M/s  ESSAR Oil Limited,NAYARA ENERGY LIMITED,DELETED,GJ,IND2,2015,Refinery
IA/IND/HR/23749/2014,To be assigned,Recovery of Styrene at Indian Oil Panipat Refinery & Petrochemical  Complex.,INDIAN OIL CORPORATION LIMITED. PANIPAT REFINERY & PETROCHEMICAL COMPLEX,DELETED,IND,HR,2014,Refinery
IA/MH/IND/26226/2014,J-11011/413/2014-IA II (I),Mumbai Refinery Expansion Project (MREP),Hindustan Petroleum Corporation Limited,EC Granted,MH,IND,2014,Refinery
IA/OR/IND/30479/2015,J-11011/65/2008-IA-II(I),3RD PHASE EXPANSION BY ADDITION OF 5TH STREAM IN ALUMINA REFINERY FOR ENHANCEMENT OF CAPACITY FROM 2.275 MTPA TO 3.275 MTPA,NATIONAL ALUMINIUM COMPANY,EC Granted,OR,IND,2015,Refinery
IA/PB/IND2/61343/2016,J- 11011/386/2016-IA.II(I),BS VI Fuel Quality project of Guru Gobind Singh Refinery Limited,HPCL-MITTAL ENERGY LIMITED (HMEL),EC Granted,PB,IND2,2016,Refinery
IA/UP/IND2/53945/2016,J-11011/151/2016- IA II(I),"Proposed Quality Improvement Project from BS-IV to BS-VI grade at Mathura Refinery, Indian Oil Corporation Ltd.",Indian Oil Corporation Limited (IOCL),EC Granted,UP,IND2,2016,Refinery
IA/HR/IND2/56442/2016,J-11011/177/2016- IA II(I),"BS-VI Fuel Quality Up-gradation, Capacity Expansion of PX/PTA, NCU, MEG, HDPE, PP Units &  New Catalyst Manufacturing Unit at Panipat Refinery & Petro-Chemical Complex (PRPC)",INDIAN OIL CORPORATION LIMITED. PANIPAT REFINERY & PETROCHEMICAL COMPLEX,EC Granted,HR,IND2,2016,Refinery
IA/BR/IND2/63765/2017,To be assigned,Installation of IndJet unit at Barauni Refinery,Indian Oil Corporation Limited,DELETED,BR,IND2,2017,Refinery
IA/OR/IND2/63183/2017,IA-J-11011/121/2017-IA-II(I),BS VI MS_HSD Project at IOCL Paradip Refinery,Indian Oil Corporation Limited,EC Granted,OR,IND2,2017,Refinery
IA/HR/IND2/72123/2018,To be assigned,"Installation of 100 KLPD Lingo-Cellulosic 2G Ethanol Plant at Gram Panchayat Baholi, Block Madlauda, Panipat Refinery Road, Panipat-132140, District Panipat, Haryana",INDIAN OIL CORPORATION LIMITED. PANIPAT REFINERY & PETROCHEMICAL COMPLEX,DELETED,HR,IND2,2018,Refinery
IA/GJ/IND2/78904/2018,To be assigned,"Reliance Industries Limited, Refinery Division",RELIANCE INDUSTRIES LIMITED JAMNAGAR,DELETED,GJ,IND2,2018,Refinery
IA/GJ/IND/86812/2016,J-11011/113/2016-IA.II(I),"Greenfield Copper Refinery Plant (1.0 MTPA) project of M/s Adani Enterprises Limited located at Adani Ports and Special Economic Zone land in village(s) Siracha and Navinal, Taluka Mundra, District Ku",ADANI ENTERPRISES LTD,EC Granted,GJ,IND,2016,Refinery
IA/BR/IND2/28027/2015,J-11011/15/2015 IA II (I),BS-IV Project : MS & HSD Quality Up-gradation,Indian Oil Corporation Limited,EC Granted,BR,IND2,2015,Refinery
IA/MH/IND2/96004/2018,J-11011/145/2018-IA-II (I),Installation of Petro Resid Fluidized Catalytic Cracking Unit (PRFCC) and Associated Facilities at BPCL Mumbai Refinery,BHARAT PETROLEUM CORPORATION LIMITED,EC Granted,MH,IND2,2018,Refinery
IA/GJ/IND2/119511/2018,J-11011/320/2006-IA-II(I),Expansion of Refinery Capacity from 20 MMTPA to 46 MMTPA with Petrochemical Complex.,C Manoharan,Returned in present form,GJ,IND2,2018,Refinery
IA/MH/IND2/74952/2018,IA-J-11011/168/2018-IA-II(I),Proposal for Installation of Polypropylene (PP) unit at Rasayani and Interconnecting Pipelines from BPCL Mumbai Refinery (MR) to Rasayani,BHARAT PETROLEUM CORPORATION LIMITED,EC Granted,MH,IND2,2018,Refinery
IA/GJ/IND2/60736/2016,J-11011/96/2015-IA II(I),Proposed BS-IV and VI Project,Indian Oil Corporation Limited (IOCL),WithdrawEC,GJ,IND2,2016,Refinery
IA/AS/IND2/134396/2018,J-11011/274/2015-IA-II(I),"Expansion of Numaligarh Refinery from 3 MMTPA to 9 MMTPA at Pankagrant, Golaghat tehsil & district, Assam",NUMALIGARH REFINERY LIMITED,EC Granted,AS,IND2,2018,Refinery
IA/GJ/IND2/134702/2018,IA-J-11011/93/2018-IA-II(I),J-18/LAB revamp/N-butanol project at Gujarat Refinery,Indian Oil Corporation Limited (IOCL),EC Granted,GJ,IND2,2018,Refinery
IA/TN/IND2/76843/2018,IA-J-11011/276/2018-IA-II(I),"Installation of 9 MMTPA Grass root Cauvery Basin Refinery at Panangudi village, Tehsil & District Nagapattinam, Tamil Nadu",CHENNAI PETROLEUM CORPORATION LIMITED,EC Granted,TN,IND2,2018,Refinery
IA/GJ/IND2/175608/2018,J-11011/320/2006-IA-II(I),Expansion of Refinery Capacity from 20 MMTPA to 46 MMTPA with Petrochemical Complex.,C Manoharan,EC Granted,GJ,IND2,2018,Refinery
IA/WB/IND3/182392/2017,J-11011/175/2016-IA-II(I),Installation of 2nd Catalytic Iso-Dewaxing unit at Haldia Refinery of Indian Oil Corporation Limited.,Indian Oil Corporation Limited (IOCL),EC Granted,WB,IND3,2017,Refinery
IA/HR/IND2/220613/2018,J-11011/177/2016- IA II(I),Panipat Refinery Capacity Expansion from Existing 15 MMTPA to 25 MMTPA within the Existing Refinery Complex,INDIAN OIL CORPORATION LIMITED. PANIPAT REFINERY & PETROCHEMICAL COMPLEX,EC Granted,HR,IND2,2018,Refinery
IA/GJ/IND2/137870/2020,J-11011/87/2013-IA-II(I),"Arab Mix Crude Oil Pipeline from Crude Oil Terminal at Mundra, Gujarat to HPCL Rajasthan Refinery (HRRL) at Pachpadra, Barmer district, Rajasthan",HPCL RAJASTHAN REFINERY LIMITED,EC Granted,GJ,IND2,2020,Refinery
IA/BR/IND2/226738/2021,IA-J-11011/337/2021-IA-II(I),"Greenfield Project of Grain Based Distillery Plant (200 KLPD) along with Co-Generation Power Plant of 9 MW at Village-Kakwara Tola Paharidih, Tehsil/Block-Banka, Distt.-Banka, Bihar by M/s. Bhagalpur Biorefinery Private Limited",M/S. BHAGALPUR BIOREFINERY PVT. LTD.,Delisted EC,BR,IND2,2021,Refinery
IA/CG/IND/185716/2020,J-11011/201/2020-IA.II(I),"Greenfield 300000 TPA Alumina Refinery an 30 MW Cogeneration Power Plant at Chiranga, tehsil Batauli (earlier tehsil Sitapur), district Sarguja,Chhattisgarh",MAA KUDARGARHI ALUMINA & REFINERY PRIVATE LIMITED - MINERAL BENEFICIATION PLANT,Returned in present form,CG,IND,2020,Refinery
IA/WB/IND2/248365/2021,IA-J-11011/11/2022-IA-II(I),M/s Sangam Bio-Refinery Limited,SANGAM BIO-REFINERY LIMITED,EC Granted,WB,IND2,2021,Refinery
IA/AS/IND2/263391/2019,J-11011/71/2012-IA-II(I),Proposed CDU Revamp from Existing 1.0MMTPA to 1.2 MMTPA within the Existing Refinery Complex,INDIAN OIL COPERATION LIMITED,EC Granted,AS,IND2,2019,Refinery
IA/CG/IND/266728/2020,J-11011/201/2020-IA.II(I),Greenfield Alumina Refinery 150000 TPA and 2x10 MW Captive Cogeneration Power Plant at village Chiranga tehsil Batauli distrct Surguja Chhattisgarh by Maa Kardargarhi Alumina Refinery Private Limited,MAA KUDARGARHI ALUMINA & REFINERY PRIVATE LIMITED - MINERAL BENEFICIATION PLANT,Returned in present form,CG,IND,2020,Refinery
IA/TN/IND2/273889/2021,J-11011/42/2016-IA.II(I),Installation of New Catalytic Dewaxing Unit and Modification of Once Through Hydrocracker Unit (OHCU) for Production of Group II/III LOBS within the Existing Refinery Complex,CHENNAI PETROLEUM CORPORATION LIMITED,EC Granted,TN,IND2,2021,Refinery
IA/CG/IND/275654/2020,J-11011/201/2020-IA.II(I),Greenfield Alumina Refinery 150000 TPA and 2 x 10 MW Captive Cogeneration Power Plant at village Chiranga tehsil Batauli district Surguja Chhattisgarh by Ms Maa Kudargarhi Alumina Refinery Pvt Ltd,MAA KUDARGARHI ALUMINA & REFINERY PRIVATE LIMITED - MINERAL BENEFICIATION PLANT,EC Granted,CG,IND,2020,Refinery
IA/BR/IND2/282627/2022,IA-J-11011/337/2021-IA-II(I),"Greenfield Project of Grain Based Distillery Plant (100 KLPD) along with Co-Generation Power Plant of 4.5 MW at Village-Kakwara Tola Paharidih, Tehsil/Block-Banka, Distt.-Banka, Bihar by M/s. Bhagalpur Biorefinery Private Limited",M/S. BHAGALPUR BIOREFINERY PVT. LTD.,EC Granted,BR,IND2,2022,Refinery
IA/MP/IND2/290279/2022,J-11011/135/2013/IA II (I),"Expansion of Refinery capacity from 7.8 MMTPA to 12 MMTPA with Petrochemical Complex of M/s Bharat Oman Refineries Limited at Agasode village, Bina tehsil, Madhya Pradesh",Bharat Oman Refineries Limited (BORL),EC Granted,MP,IND2,2022,Refinery
IA/WB/IND2/401855/2022,IA-J-11011/405/2022-IA-II(I),North Eastern Bio-Refinery Pvt. Ltd.,NORTH EASTERN BIO-REFINERY PRIVATE LIMITED,EC Granted,WB,IND2,2022,Refinery
IA/MP/IND2/407495/2022,IA-J-11011/507/2022-IA-II(I),"Proposed 120 KLPD grain based distillery at Gram - Ghurasiya & Manakpur, Pacheti Dem Road, Agar Malwa, Madhya Pradesh by M/s. Satva Refinery Private Limited",SATV REFINERY PRIVATE LIMITED,EC Granted,MP,IND2,2022,Refinery
IA/KL/IND/3777/2012,J-11011/26/2013-IA-II(I),Propylene Derivatives Petrochemicals,Bharat Petroleum Corporation Limited,EC Granted,KL,IND,2012,Petrochemical
IA/MH/IND2/26902/2013,To be assigned,M/s Satyam Petrochemicals,SATYAM PETROCHEMICALS,DELETED,MH,IND2,2013,Petrochemical
IA/MH/IND2/26923/2013,J-11011/69/2010-IAII(I),M/s Satyam Petrochemicals,SATYAM PETROCHEMICALS,EC Granted,MH,IND2,2013,Petrochemical
IA/MH/IND2/28995/2015,J-11011/176/2015-IA-II(I)7,"Expansion & Debottlenecking of Petrochemical Complex at  Nagothane Manufacturing Division (NMD) of M/s. Reliance Industries Limited,t",Reliance Industries Limited,EC Granted,MH,IND2,2015,Petrochemical
IA/GJ/IND/24200/2014,J-11011/40/2015-IA II (I),"Debottlenecking and Expansion of Existing Petrochemical Complex, Reliance Industries Limited, Hazira",Reliance Industries Limited,EC Granted,GJ,IND,2014,Petrochemical
IA/GJ/IND2/51643/2016,J-11011/39/2016-IA II (I),Expansion & Debottlenecking of Petrochemical Plant  of  Dahej Manufacturing Division (DMD) of M/s. Reliance Industries Limited,Reliance Industries Limited,EC Granted,GJ,IND2,2016,Petrochemical
IA/MH/IND2/50347/2016,J-11011/73/2016- IA II(I),Expansion of Petrochemical and synthetic organic chemicals  manufacturing facility,I G PETROCHEMICAL LTD,EC Granted,MH,IND2,2016,Petrochemical
IA/MH/IND2/50477/2016,J-11011/77/2016- IA II(I),Expansion of Petrochemical manufacturing facility,MYSORE PETROCHEMICALS LTD,EC Granted,MH,IND2,2016,Petrochemical
IA/WB/IND2/67219/2016,J-11011/194/2016-IA-II(I),"Expansion of existing ethylene capacity with new product diversification at Tehsil Sutahata -1, Haldia, District  East Medinipur, West Bengal by M/S Haldia Petrochemicals LImited",HALDIA PETROCHEMICALS LTD,EC Granted,WB,IND2,2016,Petrochemical
IA/MH/IND2/72459/2018,To be assigned,"Proposed establishment of synthetic organic chemical (Plasticizer) manufacturing facility at Plot T-2 (part), MIDC Taloja, Tal Panvel, Dist Raigad, Maharashtra by IG Petrochemicals Limited",I G PETROCHEMICAL LTD,DELETED,MH,IND2,2018,Petrochemical
IA/KL/IND2/71215/2017,IA-J-11011/552/2017-IA-II(I),Polyol/ Propylene Glycol/Mono Ethylene Glycol Petrochemical Project,BHARAT PETROLEUM CORP LTD,EC Granted,KL,IND2,2017,Petrochemical
IA/GJ/IND2/69719/2017,To be assigned,"Exploration and Development of drilling wells in the existing PML area (PML 4 sq.km) of Baola Field at Village Salajada, Tehsil Bavla, District Ahmedabad, Gujarat by M/s Sun Petrochemicals Pvt. Ltd.",SUN PETROCHEMICALS PRIVATE LIMITED,DELETED,GJ,IND2,2017,Petrochemical
IA/GJ/IND2/81450/2010,J-11011/729/2009-IA II(I),"Exploration and Development of drilling wells in the existing PML area (PML 4 sq.km) of Baola Field at Village Salajada, Tehsil Bavla, District Ahmedabad, Gujarat by M/s Sun Petrochemicals Pvt. Ltd",SUN PETROCHEMICALS PRIVATE LIMITED,EC Granted,GJ,IND2,2010,Petrochemical
IA/UP/IND2/92646/2018,J-11011/461/2017-IA-II (I),Proposed Expansion of Distillery Plant (M/s Mohit Petrochemicals Private Limited) is from 40 KLPD to 100 KLPD and power from 1.0 MW to 3.5 MW,M/S MOHIT PETROCHEMICALS PRIVATE LIMITED,EC Granted,UP,IND2,2018,Petrochemical
IA/GJ/IND2/100410/1998,J-11011/212/2017-IA-II (I),Expansion and debottlenecking of existing petrochemical manufacturing facility at Vadodara Manufacturing Division (VMD) of M/s. Reliance Industries Limited (RIL),Reliance Industries Limited,EC Granted,GJ,IND2,1998,Petrochemical
IA/KL/NCP/122958/2018,To be assigned,"Petrochemical Park at Ambalamugal, Ernakulam District, Kochi, Kerala",KERALA INDUSTRIAL INFRASTRUCTURE DEVELOPMENT CORPORATION,Delisted EC,KL,NCP,2018,Petrochemical
IA/KL/NCP/74865/2018,21-63/2018-IA.III,"Petrochemical Park at Ambalamugal, Ernakulam District, Kochi, Kerala",KERALA INDUSTRIAL INFRASTRUCTURE DEVELOPMENT CORPORATION,Returned in present form,KL,NCP,2018,Petrochemical
IA/UP/IND2/161777/2019,J-11011/595/2010-IA (II) I,"Expansion of Petrochemical Complex by Adding Polypropylene Unit at Pata, District Auraiya, Uttar Pradesh by M/s Gail (India) Limited",GAIL INDIA LIMITED PATA,EC Granted,UP,IND2,2019,Petrochemical
IA/AS/IND2/204512/2019,No.J-11011/390/2006-IA-II(I),Expansion of Petrochemical Complex by setting up Hydrogenated Pyrolysis Gasoline - 2nd stage & Butene-1 units at Lepetkata by M/s Brahmaputra Cracker and Polymer Limited,BRAHMAPUTRA CRACKER AND POLYMER LIMITED,EC Granted,AS,IND2,2019,Petrochemical
IA/MH/IND2/249482/2016,J-11011/73/2016-IA-II(I),"Proposed expansion of Petrochemical based product manufacturing facility by IG Petrochemicals Limited, Plot No T-2, V-45, V-11 to V-14, T-2/1, T-1, MIDC Taloja, Tehsil Panvel, Dist Raigad, Maharashtra",I G PETROCHEMICAL LTD,EC Granted,MH,IND2,2016,Petrochemical
IA/UK/IND2/277807/2022,IA-J-11011/201/2022-IA-II(I),"Proposed Grain based distillery plant of capacity – 100 KLD along with Co Gen Power of 3.0 MW at village: Narkhera, Tehsil – Bazpur, District – Udham Singh Nagar (Uttarakhand). by ORB Petrochemical India Private Limited",ORB PETRO CHEMICAL INDIA PRIVATE LIMITED,Delisted EC,UK,IND2,2022,Petrochemical
IA/UK/IND2/282605/2022,IA-J-11011/201/2022-IA-II(I),"Proposed Grain based distillery plant of capacity – 100 KLD along with Co Gen Power of 3.0 MW at village: Narkhera, Tehsil – Bazpur, District – Udham Singh Nagar (Uttarakhand). by ORB Petrochemical India Private Limited",ORB PETRO CHEMICAL INDIA PRIVATE LIMITED,EC Granted,UK,IND2,2022,Petrochemical
IA/GJ/IND2/289667/2021,J-11011/39/2016-IA- II (I),Expansion of Petrochemical Complex of Reliance Industries Limited at Dahej,MS RELIANCE INDUSTRIES LIMITED,EC Granted,GJ,IND2,2021,Petrochemical
IA/GJ/IND2/289949/2021,J-11011/40/2015-IA II (I),Expansion and Debottlenecking of Existing Petrochemical complex at Hazira,MS RELIANCE INDUSTRIES LIMITED,EC Granted,GJ,IND2,2021,Petrochemical
IA/GJ/THE/290329/2021,J-13012/5/2021-IA.I(T),Expansion of 470 MW to 680 MW with an additional 45 MW and debottlenecking of existing petrochemical complex at Hazira,MS RELIANCE INDUSTRIES LIMITED,EC Granted,GJ,THE,2021,Petrochemical
IA/TG/IND3/291982/2022,SIA/TG/IND3/78202/2022,M/s Virchow Petrochemical Private Limited,VIRCHOW PETROCHEMICAL PRIVATE LIMITED,Rejected From MOEFCC,TG,IND3,2022,Petrochemical
IA/TG/IND3/291983/2022,SIA/TG/IND3/78202/2022,M/s Virchow Petrochemical Private Limited,VIRCHOW PETROCHEMICAL PRIVATE LIMITED,Rejected From MOEFCC,TG,IND3,2022,Petrochemical
IA/UP/IND2/403825/2022,IA-J-11011/464/2022-IA-II(I),SHASHIVA SUGAR AND PETROCHEMICAL WORKS PRIVATE LIMITED,SHASHIVA SUGAR AND PETROCHEMICAL WORKS PRIVATE LIMITED,Delisted EC,UP,IND2,2022,Petrochemical
IA/OR/INFRA1/408435/2022,21-78/2016-IA.III,"Proposed Petroleum Chemicals & Petrochemicals Investment Region (PCPIR) at Paradeep, Odisha, encompassing parts of Jagatsinghpur and Kendrapara districts",IDCO,Returned in present form,OR,INFRA1,2022,Petrochemical
IA/OR/IND2/409486/2022,IA-J-11011/121/2017-IA-II(I),Grass root Green Needle Coker Unit (GNCU) with Needle Coke Calcination Unit (CCU) at Paradip Refinery cum Petrochemical Complex,INDIAN OIL CORPORATION LIMITED,Returned in present form,OR,IND2,2022,Petrochemical
IA/TG/IND3/414428/2023,IA-J-11011/42/2023-IA-II(I),Virchow Petrochemical Pvt Ltd,VIRCHOW PETROCHEMICAL PRIVATE LIMITED,EC Granted,TG,IND3,2023,Petrochemical
IA/GJ/IND2/416346/2023,IA-J-11011/41/2023-IA-II(I),Proposed 240 KLPD Grain-based Distillery Project (Ethanol) along with Captive Power Plant (7.5 MW) by M/s. CIL Nova Petrochemicals Limited,CIL NOVA PETROCHEMICALS LIMITED,Delisted EC,GJ,IND2,2023,Petrochemical
IA/GJ/IND2/420905/2023,IA-J-11011/41/2023-IA-II(I),Proposed 300 KLPD Grain-based Distillery Project (Ethanol) along with Existing Captive Power Plant (7.5 MW) by M/s. CIL Nova Petrochemicals Limited,CIL NOVA PETROCHEMICALS LIMITED,Returned in present form,GJ,IND2,2023,Petrochemical
IA/GJ/IND2/425730/2023,IA-J-11011/41/2023-IA-II(I),Proposed expansion Project of Grain based 300 KLD Ethanol + Dry CO2 - 120 TPD Distillery Plant with Existing 7.5 MW Captive Power Plant By M/s. CIL Nova Petrochemicals Limited,CIL NOVA PETROCHEMICALS LIMITED,EC Granted,GJ,IND2,2023,Petrochemical
IA/IND/OR/23786/2014,J/11011/264/2014 IA II (I),Grass Root Refinery cum Petrochemical Complex of 15 MMTPA for unloading Crude Oil  at Paradip village Abhaychandrapur district Jagatshipur CuttackOrissa by M/s IOCL - Amendment in Environment Clearance (EC) to include Rapid Rail Loading System (RRLS) for Pet-Coke evacuation and minor revision in Secondary Unit capacities without affecting the product mix,Indian Oil Corporation Limited,TOR GRANTED,IND,OR,2014,Petrochemical
IA/HP/IND/25730/2014,To be assigned,Expansion of Man Made Fibre Unit (Spandex Yarn – Petrochemical Based Fibre),RAJIV KSHETRAPAL,DELETED,HP,IND,2014,Petrochemical
IA/HR/IND/27342/2015,J-11011/106/2015-IA-II(I),"1) Olefins Production from RFCC and DCU off gases (from Panipat Refinery) and its integration with Naphtha Cracker Unit and 2) Mounded Bullet Storage for C4 Mix at Panipat Refinery & Petrochemical Complex,Panipat (Haryana).",INDIAN OIL CORPORATION LIMITED. PANIPAT REFINERY & PETROCHEMICAL COMPLEX,Delisted TOR,HR,IND,2015,Petrochemical
IA/MH/IND2/27434/2015,J-11011/90/2015-IA-II(I),Proposed Debottlenecking of Existing Petrochemical Complex along with Expansion of 48 MW Captive Co-generation Power Plant (CCPP) to 240 MW CCPP based on Coal / Pet coke,Reliance Industries Limited,DELETED,MH,IND2,2015,Petrochemical
IA/MH/IND2/28025/2015,J-11011/192/2015-IA (II) I,Proposed Debottlenecking of Existing Petrochemical Complex along with Expansion of 48 MW Captive Co-generation Power Plant (CCPP) to 240 MW CCPP based on Coal / Pet coke,Reliance Industries Limited,TOR GRANTED,MH,IND2,2015,Petrochemical
IA/UK/IND2/61790/2017,IA-J-11011/21/2017-IA-II(I),"Environmental Clearance for proposed LPG bottling plant, (3x600 MT capacity, horizontal mounded bullet) by IOCL at Plot no. 6A, SIDCUL Industrial Area, Sector – 01, SIDCUL, Sitarganj, District Udham Singh Nagar, Uttarakhand.",IOCL SITARGANJ,EC Granted,UK,IND2,2017,IOCL
IA/PB/IND2/70075/2016,To be assigned,"EIA / RA STUDY FOR INSTALLATION OF PETROLEUM STORAGE TANKS FOR STORAGE CAPACITY AUGMENTATION AT IOCL PETROLEUM TERMINAL, PHOOS MANDI, BHATINDA, PUNJAB",INDIAN OIL CORPORATION LTD PUNJAB,DELETED,PB,IND2,2016,IOCL
IA/PB/IND2/70084/2016,To be assigned,"EIA / RA STUDY FOR INSTALLATION OF PETROLEUM STORAGE TANKS FOR STORAGE CAPACITY AUGMENTATION AT IOCL, PETROLEUM TERMINAL, SUCHI PIND, JALANDHAR, PUNJAB",INDIAN OIL CORPORATION LTD PUNJAB,DELETED,PB,IND2,2016,IOCL
IA/PB/IND2/70086/2016,To be assigned,"EIA / RA STUDY FOR INSTALLATION OF PETROLEUM STORAGE TANKS FOR STORAGE CAPACITY AUGMENTATION AT IOCL PETROLEUM TERMINAL, KAMMOMAJRA KHURD, JIND ROAD SANGRUR, PUNJAB",INDIAN OIL CORPORATION LTD PUNJAB,DELETED,PB,IND2,2016,IOCL
IA/DL/IND2/64268/2017,IA-J-11011/255/2017-IA-II(I),"EC for expansion of additional storage tanks at IOCL, Delhi Terminal, Bijwasan, New Delhi",INDIAN OIL CORPORATION LIMITED MARKETING DIVISION,EC Granted,DL,IND2,2017,IOCL
IA/OR/MIS/73805/2018,To be assigned,CRZ Clearance Of “Expansion Project Of LPG Import Facility For LPG Terminal At Paradip by IOCL,Indian Oil Corporation Limited,Delisted EC,OR,MIS,2018,IOCL
IA/OR/MIS/73812/2018,11-16/2018-IA.III,CRZ Clearance Of “Expansion Project Of LPG Import Facility For LPG Terminal At Paradip by IOCL,Indian Oil Corporation Limited,EC Granted,OR,MIS,2018,IOCL
IA/RJ/IND2/64953/2017,To be assigned,Transmix Separator Plant of capacity 6.4 TPH at Mohanpura Terminal of Koyali – Sanganer Pipeline by IOCL.,INDIAN OIL CORPORATION LIMITED.,DELETED,RJ,IND2,2017,IOCL
IA/UK/IND2/67857/2017,To be assigned,"Construction of Additional tankages at Roorkee Terminal, IOCL, Roorkee",INDIAN OIL CORPORTION LTD MARKETING DIVISION UPSOII,DELETED,UK,IND2,2017,IOCL
IA/TN/IND2/76191/2017,SIA/TN/IND2/6469/2017,Capacity expansion of IOCL Trichy TOP Terminal,INDIAN OIL CORPORATION LIMITED IOCL,EC Granted,TN,IND2,2017,IOCL
IA/OR/IND2/89481/2016,IA-J-11011/31/2019-IA-II(I),"Construction of Proposed Common User Facility (CUF) at Sadashibpur (Meramundali), Dhenkanal, Odisha by BPCL, HPCL and IOCL with BPCL as lead company",BHARAT PETROLEUM CLEARANCE LIMITED MERAMUNDALI,EC Granted,OR,IND2,2016,IOCL
IA/PB/IND2/96344/2016,To be assigned,"EIA / RA STUDY FOR INSTALLATION OF PETROLEUM STORAGE TANKS FOR STORAGE CAPACITY AUGMENTATION AT IOCL PETROLEUM TERMINAL, VILLAGE KAMMOMAJRA KHURD, JIND ROAD SANGRUR, PUNJAB",INDIAN OIL CORPORATION LTD PUNJAB,DELETED,PB,IND2,2016,IOCL
IA/KA/MIN/72345/2018,IA-J-11015/28/2018-IA-II(M),Devadari Iron Ore Mine,KIOCL LIMITED,EC Granted,KA,MIN,2018,IOCL
IA/BR/IND/26336/2015,J-11011/15/2015-IA II (I),BS-IV Project: MS Quality Up-gradation & HSD Quality Up-gradation at IOCL Barauni Refinery,Indian Oil Corporation Limited,TOR GRANTED,BR,IND,2015,IOCL
IA/TN/IND2/27969/2015,J-11011/158/2015-IA-II(I),"Relaying and rerouting of Petroleum Product Pipeline between IOCL, Korukkupet and IOCL Fore Shore Terminal along the existing ROW of  Railway corridor and Port Premises",INDIAN OIL CORPRATION LIMITED,DELETED,TN,IND2,2015,IOCL
IA/TN/IND2/35463/2015,To be assigned,"Relaying and rerouting of Petroleum Product Pipeline between IOCL, Korukkupet and IOCL Fore Shore Terminal along the existing ROW of Railway corridor",INDIAN OIL CORPRATION LIMITED,DELETED,TN,IND2,2015,IOCL
IA/KL/IND2/37029/2015,J-11011/28/2016-IA II (I),LPG pipeline from IOCL Import Terminal to Kochi Refinery,KOCHI SALEM PIPELINE PRIVATE LIMITED,TOR GRANTED,KL,IND2,2015,IOCL
IA/OR/IND2/59973/2016,J- 11011/344/2016-IA.II(I),Installation of  Ethylene Recovery Unit (ERU) and Mono Ethylene Glycol Unit (MEG) at IOCL Paradip Refinery cum Petrochemical Complex,Indian Oil Corporation Limited,TOR GRANTED,OR,IND2,2016,IOCL
IA/DL/IND2/64278/2017,IA-J-11011/287/2017-IA-II(I),EC for Expansion of Additional Storage Tanks at IOCL Tikri Kalan Terminal,INDIAN OIL CORPORATION LIMITED MARKETING DIVISION,TOR GRANTED,DL,IND2,2017,IOCL
IA/MH/IND2/64594/2017,23-49/2018-IA.III,Environmental Clearance for existing 3 additional above ground tanks for the storage of 1 x 2929 KL & 1 x 2933 KL HSD & 1 x 1347 KL MS at IOCL Akola depot.,Indian Oil Corporation Limited (IOCL),Delisted TOR,MH,IND2,2017,IOCL
IA/MH/IND2/64619/2017,23-50/2018-IA.III,"Environmental Clearance for constructed 3 additional tanks  for  storage of 1 x 2,984 KL MS , 1 x 4,160 KL HSD  and  1 x 50 KL Ethanol  at  IOCL Pune Terminal, Kadam Wak Wasti, Loni Kalbhor, Tal. Haveli, Pune-Solapur Road, Pune District 412201, Maharashtra.",Indian Oil Corporation Limited (IOCL),Delisted TOR,MH,IND2,2017,IOCL
IA/UP/IND2/64919/2017,IA-J-11011/263/2017-IA-II(I),"Construction of Additional tankages and Tank lorry filling bays at Baitalpur Depot of IOCL, Baitalpur, UP",INDIAN OIL CORPORATION LIMITED,TOR GRANTED,UP,IND2,2017,IOCL
IA/UP/IND2/64929/2017,IA-J-11011/265/2017-IA-II(I),"Construction of Additional tankages at Lucknow Terminal, IOCL, Lucknow",INDIAN OIL CORPORATION LIMITED,TOR GRANTED,UP,IND2,2017,IOCL
IA/UP/IND2/64956/2017,IA-J-11011/267/2017-IA-II(I),"Construction of Additional tankages at Ambabai Depot, IOCL, Jhansi",INDIAN OIL CORPORATION LIMITED,TOR GRANTED,UP,IND2,2017,IOCL
IA/GJ/IND2/65218/2017,IA-J-11011/309/2017-IA-II(I),Installation of additional tankages and other facilities at IOCL Sidhpur Petroleum Storage Terminal,INDIAN OIL COPERATION LIMITED,TOR GRANTED,GJ,IND2,2017,IOCL
IA/GJ/IND2/65241/2017,IA-J-11011/317/2017-IA-II(I),Installation of additional tankages and other facilities at IOCL Hazira Petroleum Storage Terminal,INDIAN OIL CORPORATION LIMITD,DELETED,GJ,IND2,2017,IOCL
IA/GJ/IND2/65259/2017,IA-J-11011/318/2017-IA-II(I),Installation of additional tankages and other facilities at IOCL Kandla Fore Shore Terminal,INDIAN OIL CORPORATION LIMITD,TOR GRANTED,GJ,IND2,2017,IOCL
IA/UP/IND2/65987/2017,IA-J-11011/366/2017-IA-II(I),"Construction of Additional Ethanol tank (Capacity1600KL) at Mughalsarai Depot within existing plant at IOCL, Chandauli(U.P.)",IOCL,TOR GRANTED,UP,IND2,2017,IOCL
IA/UP/IND2/67837/2017,IA-J-11011/445/2017-IA-II(I),"Construction of Additional tankage at Agra Terminal, IOCL, Agra",INDIAN OIL CORPORTION LTD MARKETING DIVISION UPSOII,ClosedTOR,UP,IND2,2017,IOCL
IA/UP/IND2/67840/2017,IA-J-11011/444/2017-IA-II(I),"Construction of Additional tankages at Aonla Depot, IOCL, Aonla",INDIAN OIL CORPORTION LTD MARKETING DIVISION UPSOII,DELETED,UP,IND2,2017,IOCL
IA/UP/IND2/67846/2017,IA-J-11011/446/2017-IA-II(I),"Construction of Additional Tankage at Mathura Marketing Terminal, IOCL, Mathura.",INDIAN OIL CORPORTION LTD MARKETING DIVISION UPSOII,DELETED,UP,IND2,2017,IOCL
IA/UP/IND2/67856/2017,IA-J-11011/447/2017-IA-II(I),"Construction of Additional tankages at Meerut Terminal, IOCL, Meerut",INDIAN OIL CORPORTION LTD MARKETING DIVISION UPSOII,DELETED,UP,IND2,2017,IOCL
IA/UP/IND2/67859/2017,IA-J-11011/448/2017-IA-II(I),"Construction of Additional Tankage at Najibabad Depot, IOCL, Najibabad, Dist Bijnor",INDIAN OIL CORPORTION LTD MARKETING DIVISION UPSOII,DELETED,UP,IND2,2017,IOCL
IA/RJ/IND2/70092/2017,To be assigned,"Environmental Clearance for constructed three tanks of total 5,248 KL capacity MS and HSD Storage at IOCL Bulk Depot, Mathura Road, Dhormui, Bharatpur, Rajasthan.",IOCL BHARATPUR,Delisted TOR,RJ,IND2,2017,IOCL
IA/RJ/IND2/70093/2017,To be assigned,"Environmental Clearance for constructed three tanks of total 5,248 KL capacity MS and HSD Storage at IOCL Bulk Depot, Mathura Road, Dhormui, Bharatpur, Rajasthan.",IOCL BHARATPUR,Delisted TOR,RJ,IND2,2017,IOCL
IA/TR/IND2/71501/2017,IA-J-11011/562/2017-IA-II(I),Agartala POL Depot of IOCL,Indian Oil Corporation Limited,TOR GRANTED,TR,IND2,2017,IOCL
IA/KL/IND2/73822/2018,IA-J-11011/122/2018-IA-II(I),Demolition of Old tanks and Construction of additional tankage and allied facilities at IOCL Kozikode Depot,IOCL KHOZHIKODE DEPOT KERALA,TOR GRANTED,KL,IND2,2018,IOCL
IA/RJ/IND2/74470/2018,23-271/2018-IA.III (V),"Environmental clearance for construction of 2 additional tanks for the storage of 2 x 2,614 KL MS (HT type) at IOCL Bulk POL, Mathura Road, Dhormui, Bharatpur, Rajasthan",INDIAN OIL CORPORATION,transfertoseiaa,RJ,IND2,2018,IOCL
IA/UP/IND2/74642/2018,IA-J-11011/149/2018-IA-II(I),"Installation of 66 KLPD 2nd Generation Ethanol Plant at IOCL IBP Land, Mathura Refinery Road, Mathura",Indian Oil Corporation Limited (IOCL),TOR GRANTED,UP,IND2,2018,IOCL
IA/OR/IND2/75330/2018,J-11011/395/2012-IA II(I),"Integrated Paraxylene & Purified Terephthalic Acid (PX-PTA) Project at IOCL Paradip Refinery & Petrochemical Complex, Paradip",Indian Oil Corporation Limited,TOR GRANTED,OR,IND2,2018,IOCL
IA/UP/IND2/113956/2019,J-11011/595/2010-IA II (I),"Expansion of Petrochemical Complex by adding Polypropylene unit at Pata, District Auraiya, Uttar Pradesh by M/s GAIL (India) Limited",GAIL INDIA LIMITED PATA,TOR GRANTED,UP,IND2,2019,GAIL
IA/JH/IND2/411143/2022,IA-J-11011/536/2022-IA-II(I),CBM/ Natural Gas Connectivity from EPS 1(GGS-1) of Jharia CBM Block I to SV 28 station on JHBDPL of GAIL (India) Limited,PRABHA ENERGY PRIVATE LIMITED,Delisted TOR,JH,IND2,2022,GAIL
IA/UP/IND2/119282/2019,J-11011/595/2010-IA-II(I),"Expansion of Petrochemical Complex by adding Polypropylene unit at Pata, District Auraiya, Uttar Pradesh by M/s GAIL (India) Limited",GAIL INDIA LIMITED PATA,TOR GRANTED(Amendement),UP,IND2,2019,GAIL
IA/GJ/IND2/35453/2015,J-11011/18/2016-IA II (I),"Expansion of the system capacity of MDPL from existing 5.0 MMTPA to 6.9 MMTPA by way of, installation of additional pump facilities at Bachau and Pindwara and laying 280 Kms. extension spur pipeline from Palanpur station to HPCL proposed Marketing terminal Near Vadodara.",Hindustan Petroleum Corporation Ltd,EC Granted,GJ,IND2,2015,HPCL
IA/HR/IND2/83334/2018,IA-J-11011/400/2018-IA-II(I),Proposed POL Depot by Hindustan Petroleum Corporation Limited (HPCL),HPCL HISAR,EC Granted,HR,IND2,2018,HPCL
IA/GJ/IND2/136431/2020,IA-J-11011/16/2020-IA-II(I),"To lay Natural Gas transportation pipeline by GSPL of approx. length 86.615 km & 36” Dia. to connect proposed LNG Terminal of HPCL Shapoorji Energy Pvt. Ltd. (HSEPL) from village- Chhara (dist.: Gir-Somnath) to Gujarat State Petronet Ltd. (GSPL)'s Dispatch terminal at village- Lonthpur (dist.-Amreli) in state of Gujarat with associated facilities of 03 SV Stations, 01 DT & 01 RT.",GUJARAT STATE PETRONET LIMITED,Delisted EC,GJ,IND2,2020,HPCL
IA/UP/IND2/77139/2018,IA-J-11011/272/2018-IA-II(I),"Setting up of Ligno-Cellulosic Biomass based second generation (2G) Ethanol Bio-Refinery with production capacity of 100 KLD of Ethanol (Fuel grade) at village-Sainjani, Tehsil- Dataganj, District Badaun (Uttar Pradesh) by M/S HPCL",HPCL BIOREFINERY BADAUN,TOR GRANTED,UP,IND2,2018,HPCL
IA/GJ/IND2/127843/2019,IA-J-11011/372/2019-IA-II(I),Construction of 44 x 60000 KL Crude Oil floating Roof Storage Tanks and associated Pumping facilities at Mandvi with Cross country pipeline and Pumping station at Gundala on existing Mundra Bathinda Pipeline by HPCL Mittal Pipelines Limited,HPCL MITTAL PIPELINES LIMITED,DELETED,GJ,IND2,2019,HPCL
IA/AP/IND/26366/2014,F. No. J-11011/63/2013-IA-II (I),"Expansion of Visakh Refinery (from 8.33 MMTPA to 15 MMTPA) at Village Malkapuram, Visakhapatnam , AP by HPCL",Hindustan Petroleum Corporation Limited,TOR GRANTED(Amendement),AP,IND,2014,HPCL
IA/GJ/NCP/230102/2021,11-1/2014-IA.III,Amendment in existing Environmental & CRZ Clearance of Development of LNG storage and re-gasification terminal by M/S HPCL Shapoorji Energy Limited.,HSEPL,Delisted(Amendement),GJ,NCP,2021,HPCL
IA/GJ/NCP/264417/2022,11-1/2014-IA.III,Amendment in existing Environmental & CRZ Clearance of Development of LNG storage and re-gasification terminal by M/S HPCL Shapoorji Energy Limited.,HSEPL,Delisted(Amendement),GJ,NCP,2022,HPCL
IA/MH/IND2/296690/2023,J-11011/413/2014-IA-II(I),"Expansion of Mumbai Refinery from 7.5 MMTPA to 9.5 MMTPA at B.D. Patil Marg, Mahul, Mumbai, Maharashtra by M/s HPCL.",Hindustan Petroleum Corporation Limited,Returned in present form(Amendement),MH,IND2,2023,HPCL
IA/RJ/IND2/296698/2023,J-11011/87/2013-IA-II(I),"Transfer of Environmental Clearance (EC) from M/s. Hindustan Petroleum Corporation Limited (HPCL) to M/s HPCL Rajasthan Refinery Limited (HRRL) for the project “Setting up a Grass Root Rajasthan Refinery cum Petrochemical Complex Project (RRPC) at Pachpadra Tehsil, District Barmer (Rajasthan) by M/s Hindustan Petroleum Corporation Limited",HPCL RAJASTHAN REFINERY LIMITED,EC Transferred,RJ,IND2,2023,HPCL
IA/TN/IND2/28764/2014,J-11011/33/2015-IA-II(I),BPCL,Bharat Petroleum Corporation Limited,EC Granted,TN,IND2,2014,BPCL
IA/TN/IND2/80264/2017,To be assigned,Proposed capacity expansion of BPCL Karur oil receiving terminal by the increase in tankage for ethanol & introduction of tankage for biodiesel,MS BPCL,DELETED,TN,IND2,2017,BPCL
IA/UP/IND2/69498/2017,IA-J-11011/471/2017-IA-II(I),BPCL Jhansi-Augmentation of LPG Storage Capacity,BPCL JHANSI,EC Granted,UP,IND2,2017,BPCL
IA/OR/IND2/221065/2021,IA-J-11011/351/2017-IA-II(I),M/s. Bharat Petroleum Corporation Limited (BPCL),BHARAT PETROLEUM CORP LTD,EC Granted,OR,IND2,2021,BPCL
IA/KL/IND2/425942/2023,IA-J-11011/552/2017-IA-II(I),Proposed Polypropylene (PP) Project at BPCL-Kochi Refinery by Bharat Petroleum Corporation Limited (BPCL),BHARAT PETROLEUM CORPORATLTD,Delisted EC,KL,IND2,2023,BPCL
IA/KL/IND2/27609/2015,J-11011/118/2015-IA II (I),Construction of Additional crude storage tanks at Shore Tank Farm of BPCL-Kochi,BHARAT PETROLEUM CORPORATION LIMITED,Delisted TOR,KL,IND2,2015,BPCL
IA/MH/IND/29715/2015,To be assigned,Construction of additional LPG mounded storage vessel at BPCL LPG Bottling Plant Wai,BHARAT PETROLEUM CORPORATION LIMITED,DELETED,MH,IND,2015,BPCL
IA/UP/IND2/32612/2015,J-11011/281/2015-IA II (I),Installation of 72 Station Flexi Carousel machine for filling cylinders with additional facility at Bharat Petroleum Corporation Limited (BPCL) Existing LPG Bottling Plant at Teela Shahbajpur in Uttar Pradesh State.,Bharat Petroleum Corporation Limited,TOR GRANTED,UP,IND2,2015,BPCL
IA/MH/IND2/59382/2016,J- 11011/317/2016-IA.II(I),Augmentation of refrigerated LPG (Propane / Butane) import facility with provision of additional storage of 2 X 10000 MT and associated facilities at BPCL Uran LPG Plant.,BHARAT PETROLEUM CORPORATION LIMITED,TOR GRANTED,MH,IND2,2016,BPCL
IA/WB/IND2/60570/2016,J- 11011/355/2016-IA.II(I),BPCL Haldia Coastal Installation,BPCL HALDIA COASTAL INSTALLATION,TOR GRANTED,WB,IND2,2016,BPCL
IA/TN/IND2/63583/2017,IA-J-11011/399/2017-IA-II(I),"Construction of 3 nos x 300 MT capacity, Mounded Storage Vessels in BPCL Tuticorin LPG Plant",Bharat Petroleum Corporation Ltd.,DELETED,TN,IND2,2017,BPCL
IA/UP/IND2/67448/2017,IA-J-11011/413/2017-IA-II(I),"“Capacity expansion from 16,804 KL to 17,862 KL (i.e. 1,058 KL additional capacity: 858 KL capacity for Bio Diesel A/G based Cone roof tank and 200 KL capacity for Ethanol based U/G tank) at BPCL Aonla POL Depot, Noorpur Village, Tehsil: Aonla, District; Bareilly, UttarPradesh”.",BPCL AONLA,TOR GRANTED,UP,IND2,2017,BPCL
IA/WB/IND2/67808/2017,IA-J-11011/441/2017-IA-II(I),BPCL  Haldia Coastal Installation,"BHARAT PETROLEUM CORPORATION LIMITED, HALDIA COASTAL INSTALLATION",DELETED,WB,IND2,2017,BPCL
IA/UP/IND2/69483/2017,IA-J-11011/470/2017-IA-II(I),BPCL ALLAHABAD-AUGMENTATION OF LPG STORAGE CAPACITY,BPCL ALLAHBAD,DELETED,UP,IND2,2017,BPCL
IA/PB/IND2/69687/2017,IA-J-11011/509/2017-IA-II(I),Bharat Petroleum Corporation Limited (BPCL) - Bathinda,BPCL BATHINDA,TOR GRANTED,PB,IND2,2017,BPCL
IA/UP/IND2/70257/2017,IA-J-11011/508/2017-IA-II(I),Bina-Panki Proposed Multi-product Pipeline of BPCL Mumbai,BHARAT PETROLEUM CORPORATION LIMITED BINA PANKI PIPELINE,DELETED,UP,IND2,2017,BPCL
IA/UP/IND2/70984/2017,IA-J-11011/544/2017-IA-II(I),"Environmental Clearance for Proposed  New  3 x 1,450 MT capacity  LPG  mounded storage vessel at Bhaunti, PO: Panki  Tehsil:, Kanpur Nagar, District: Kanpur, Uttar Pradesh State, by Bharat Petroleum Corporation Limited (BPCL).","BHARAT PETROLEUM CORPORATION LIMITED, KANPUR",DELETED,UP,IND2,2017,BPCL
IA/PB/IND2/73900/2018,IA-J-11011/125/2018-IA-II(I),BPCL-Augmentation of existing POL Depot at Lalru.,"BHARAT PETROLEUM CORPORATION LIMITED,LALRU",TOR GRANTED,PB,IND2,2018,BPCL
IA/TG/IND2/82686/2018,IA-J-11011/331/2018-IA-II(I),BPCL Cherlapalli POL Installation,BHARAT PETROLEUM CORPORATION LIMITED CHERLAPALLI POL INSTALLATION,TOR GRANTED,TG,IND2,2018,BPCL
IA/MH/IND2/142184/2020,IA-J-11011/51/2020-IA-II(I),"Proposed BPCL MR Ethylene Cracker Project at  Rasayani, Maharashtra",BPCL MR RASAYANI,TOR GRANTED,MH,IND2,2020,BPCL
IA/KL/IND2/425526/2023,IA-J-11011/552/2017-IA-II(I),Proposed Polypropylene (PP) Project at BPCL-Kochi Refinery by Bharat Petroleum Corporation Limited (BPCL),BHARAT PETROLEUM CORPORATLTD,Delisted TOR,KL,IND2,2023,BPCL
IA/TN/IND2/52975/2014,J-11011/34/2015-IA-II(I),Constructio of Ennore installation of BPCL,Bharat Petroleum Corporation Limited,Delisted(Amendement),TN,IND2,2014,BPCL
IA/MH/IND2/65206/2016,IA/IFIIIND215938212016,Augmentation of refrigerated LPG (Propane / Butane) import facility with provision of additional storage of 2 X 12000 MT and associated facilities at BPCL Uran LPG Plant.,BHARAT PETROLEUM CORPORATION LIMITED,TOR GRANTED(Amendement),MH,IND2,2016,BPCL
IA/MH/IND2/149968/2020,IA-J-11011/51/2020-IA-II(I),"Proposed BPCL MR Ethylene Cracker Project at  Rasayani, Maharashtra",BPCL MR RASAYANI,Returned in present form(Amendement),MH,IND2,2020,BPCL
IA/MH/MIS/24902/2014,21-70/2014-IA.III,"Proposed Residential Project with MCGM Parking on plot bearing C.S No. 1551 of Girgaum Division, D/Ward, Mumbai, Maharashtra. By M/s Hubtown ltd.",HUBTOWN LTD,EC Granted,MH,MIS,2014,Maharashtra
IA/MH/MIS/24908/2014,21-71/2014-IA.III,"Proposed Residential Project on Plot Bearing S No. 269/1A, 269/1B, 270, 408, 421/1 & 421/2 at village Majewade, Thane, Maharashtra. By M/s Hubtown ltd.",HUBTOWN LTD,EC Granted,MH,MIS,2014,Maharashtra
IA/MH/MIS/25045/2014,21-98/2014-IA-III,"“Proposed Residential development” C.T.S. No. - 216 A, B of Ador Welding, J. B. Advani Mills, Opp. Asian paints Factory, L. B. S. Road, Bhandup. Mumbai State - Maharashtra",M/s. Godrej Properties Ltd.,EC Granted,MH,MIS,2014,Maharashtra
IA/MH/MIS/25074/2014,21-102/2014-IA-III,"“Prerna Co-op Housing Society”  At Plot bearing C.S. No.777(pt.),778 (pt.),779(pt.)780(pt.), New C.S.No.1004 of Worli-Div known as ""New Municipal Labour Camp, G/South Ward, at Sasmira Marg, Worli, Mumbai. State – Maharashtra.",M/s. Saumya Buildcon Pvt. Ltd.,EC Granted,MH,MIS,2014,Maharashtra
IA/MH/MIS/25143/2014,21-109/2014-IA-III,"“Naman Premier” at 304, 305, 317, 322 of Marol Village, Premier Textile Processor, Military Road, Marol Andheri (E) Mumbai 400059, State- Maharashtra.",shree naman developers private limited,EC Granted,MH,MIS,2014,Maharashtra
IA/MH/MIS/25221/2014,21-115/2014-IA-III,"“Island City Centre”  C. S. No. 223, 1/983, 1/128 (pt) & 120 (pt) Dadar Naigaum division at G.D. Ambedkar Marg, Wadala, Mumbai State: Maharashtra.",M/s. BOMBAY DYEING & MFG. CO. LTD.,EC Granted,MH,MIS,2014,Maharashtra
IA/MH/MIS/25279/2014,21-134/2014-IA-III,"Proposed Expansion of Residential & Commercial Project on Plot bearing S.No.       (Old)/H.No. 456/3 (New 132), 457 (New 135), 458 (New 134), 460 (New 136) at village Navghar, Tal & Dist. Thane,     Maharashtra. By M/s Akruti Jay Chandan JV",Akruti Jay Chandan JV,EC Granted,MH,MIS,2014,Maharashtra
IA/MH/NCP/25324/2014,21-147/2014-IA-III,"Proposed Redevelopment of property on plot bearing CTS No. 8, Borla village, N G Acharya Marg, Chembur, Mumbai- 71, Maharashtray",Narendra V. Shenoy,ClosedEC,MH,NCP,2014,Maharashtra
IA/MH/MIS/25496/2014,21-187/2014-IA-III,"“Proposed Residential Development” at Plot bearing  C.S. No. 1/464 at Lower Parel Division at Pandurang  Budhkar Marg, Mumbai. Maharashtra",M/s. Shree Ahuja Properties Pvt Ltd.,EC Granted,MH,MIS,2014,Maharashtra
IA/MH/MIS/25620/2014,21-192/2014-IA-III,"Proposed Redevelopment of Property Bearing C.S. No. 1255, 1256, 1257, 1258,1260, 1261, 1262, 1263, 1264, 1265, 1308, 1309, 1310 & 1311 of Byculla, Div., Situated at Shaikh Burhan Kamruddin Street , Temkar Street E-Ward , Mumbai, Maharashtra",Fine Envirotech Engineers,EC Granted,MH,MIS,2014,Maharashtra
IA/MH/MIS/26720/2012,21-1/2013-IA-III,"Finalization of ToR for Mega Industrial Park in Shendra, Maharashtra by M/s Delhi Mumbai Industrial",AURANGABAD INDUSTRIAL TOWNSHIP LIMITED,EC Granted,MH,MIS,2012,Maharashtra
IA/MH/MIS/26900/2015,11-85/2011-IA-III,"All weather green field port at Nandgaon, Taluka Palghar, Maharashtra",JSW INFRASTRUCTURE LIMITED,EC Granted,MH,MIS,2015,Maharashtra
IA/MH/MIS/27396/2015,To be assigned,"Modification of Building and construction project  - Construction of Children’s Hospital for Crippled Children, Haji Ali Park, Mumbai, Maharashtra",SOCIETY FOR REHABILITATION OF CRIPPLED CHILDREN,DELETED,MH,MIS,2015,Maharashtra
IA/MH/MIS/27433/2015,To be assigned,"Modification of Building and construction project  - Construction of Hospital for Crippled Children, Haji Ali Park, Mumbai, Maharashtra",SOCIETY FOR REHABILITATION OF CRIPPLED CHILDREN,DELETED,MH,MIS,2015,Maharashtra
IA/MH/IND/22101/2014,To be assigned,"J-11011/118/2014-IA.II(I) TOR Proposal for Distillery of 45 KLPD by M/s Indreshwar Sugar Mills Ltd., solapur, Maharashtra",INDRESHWAR SUGAR MILLS LTD,DELETED,MH,IND,2014,Maharashtra
IA/MH/IND2/27632/2014,J11011/ 118/2014IA. II(I),"Proposal for Distillery of 45 KLPD by M/s Indreshwar Sugar Mills Ltd., solapur, Maharashtra",INDRESHWAR SUGAR MILLS LTD,EC Granted,MH,IND2,2014,Maharashtra
IA/MH/IND2/28756/2014,J-11011/212/2014-IA-II(I),"Tor Proposal for expansion of Sugar and distillery project at Alegaon, Daund, Pune, Maharashtra by M",DAUND SUGARS LIMITED,EC Granted,MH,IND2,2014,Maharashtra
IA/MH/IND/22948/2014,To be assigned,"TOR proposal for set up Molasses Based Distillery having capacity 50 KLPD at Sakharwadi, Satara District, Maharashtra by M/s New Phaltan Sugar Works Distilleries Division Ltd.",M/S NEW PHALTAN SUGAR WORKS DISTILLERIES DIVISION LTD.,DELETED,MH,IND,2014,Maharashtra
IA/MH/IND/22120/2014,To be assigned,"TOR Proposal for setting up a new molasses based distillery unit of 30 KLPD by M/s Siddhi sugar And Allied Industries Ltd. Latur, Maharashtra",SIDDHI SUGAR AND ALLIED INDUSTRIES LTD.,DELETED,MH,IND,2014,Maharashtra
IA/MH/IND2/29709/2012,J-11011/84/2012-IA II (I),"Expansion of existing pesticide unit at Gat No. 367, Village Rasegaon, Tehsil Dindori, District Nashik, Maharashtra",SPECTRUM ETHERS LIMITED,EC Granted,MH,IND2,2012,Maharashtra
IA/MH/MIS/30890/2015,11-40/2015-IA-III,"Asia Africa Europe One (AAE-1) Submarine Cable System at Versova Beach, Mumbai, Maharashtra.",Reliance Jeo Infocomm Ltd,EC Granted,MH,MIS,2015,Maharashtra
IA/MH/NCP/31729/2015,To be assigned,"Slum Rehabilitation Scheme “Shiv Shankar Nagar SRA CHS Ltd.” at plot bearing  CTS No. 818 (pt) & 819 (pt) of village Kandivali, situated at Shankarpada, Dahanukarwadi, Kandivali (West), Mumbai Suburban , Maharashtra",BRIZEAL REALTORS AND DEVELOPERS PRIVATE LIMITED,DELETED,MH,NCP,2015,Maharashtra
IA/MH/MIS/32506/2015,11-43/2015-IA-III,"CRZ clearance for setting up of 10 MW wind farm by dismantling and removal of existing 1.1 MW wind farm at Deogad, Dist. Sindhudurg, Maharashtra",MAHARASHTRA STATE ELECTRICITY DISTRIBUTION CO,EC Granted,MH,MIS,2015,Maharashtra
IA/MH/NCP/33558/2015,To be assigned,"Proposed Residential & Commercial buildings on Gat No. 1234, 1235, 1236, 1237, 1257, Chakan Shikrapur road, Chakan Village: Chakan, Tal. Khed, District- Pune, Maharashtra",DNYANADA BUILDERS,DELETED,MH,NCP,2015,Maharashtra
IA/MH/MIS/34174/2015,To be assigned,"Development of the existing 2 lanes carriageway to 4 / 6 lanes dual carriageway configurations including strengthening of existing 2 lanes of
Solapur to Bijapur Section of NH 13 (New NH no 52) in the states of Maharashtra & Karnataka",National Highways Authority of India,DELETED,MH,MIS,2015,Maharashtra
IA/MH/MIS/52977/2016,11-12/2016-IA-III,"Proposed Residential Project under SRA Scheme at Plot bearing C.T.S No. 20 (pt), 22 (pt), 23 (pt), 24 (pt), 32 (pt) & 38 (pt), Worli Division, G/South Ward, Mumbai. Maharashtra",HUBTOWN LTD,Delisted EC,MH,MIS,2016,Maharashtra
IA/MH/MIS/60038/2016,11-39/2016-IA-III,"Tarapur Industrial Area Providing and laying 1000 mm OD HDPE Marine outfall pipeline from Landfall point to outfall point (Diffuser) in Arabian Sea By MAHARASHTRA INDUSTRIAL DEVELOPMENT CORPORATION, MUMBAI","MAHARASHTRA INDUSTRIAL DEVELOPMENT CORPORATION, MUMBAI",Delisted EC,MH,MIS,2016,Maharashtra
IA/MH/NCP/60414/2016,21-8/2017-IA-III,"Expansion of “VICINIA” Residential  project
Plot Bearing CTS No. 15A,15C,15D,15E &15F Chandivali, Kurla, Mumbai Maharashtra by M/s. Forbes And Company Ltd., Mumbai",SHAHPOORJI PALLONJI AND COMPANY PRIVATE LIMITED,EC Granted,MH,NCP,2016,Maharashtra
IA/MH/NCP/60444/2016,21-90/2016-IA-III,"Application for Amendment in Environmental Clearance for Construction of Hotel, IT & Commercial Project, Pune, Maharashtra.",SUMA SHILP,EC Granted,MH,NCP,2016,Maharashtra
IA/MH/MIS/60484/2016,21-51/2016-IA-III,"“SHANTI GREENS”
PROPOSED RESIDENTIAL DEVELOPMENT ON PLOT BEARING SURVEY NOS. 57/3, 
SHILPHATA DIVA NAKA, NEAR M.B.T. ROAD THANE, MAHARASHTRA",MARVEL LIFE SPACES LLP,Delisted EC,MH,MIS,2016,Maharashtra
IA/MH/MIS/60593/2016,21-57/2016-IA-III,"RESIDENTIAL DEVELOPMENT
WITH SHOPS
At  Village Varose, Tal. Khalapur, Dist.: Raigad, Maharashtra.
By M/s. C. BHANSALI DEVELOPERS PVT. LTD.",M/S. C. BHANSALI DEVELOPERS PVT. LTD.,EC Granted,MH,MIS,2016,Maharashtra
IA/MH/IND2/35354/2013,J -11011/211/2010-IA –II,"Extension of TOR for proposed expansion of a molasses based Distillery Unit (60 KLPD to 100 KLPD) at post Kisanveer Nagar, Tehsil Wai, Dist: Satara Maharashtra.",KISAN VEER SATARA SAHAKARI SAKHAR KARKHANA LTD,EC Granted,MH,IND2,2013,Maharashtra
IA/MH/IND2/60606/2013,To be assigned,"Environmental Clearance for Proposed Expansion of Molasses Based Distillery Unit (60 KLPD to 100 KLPD) at Post Kisanveer Nagar, Tehsil Wai, Dist: Satara, Maharashtra",KISAN VEER SATARA SAHAKARI SAKHAR KARKHANA LTD,DELETED,MH,IND2,2013,Maharashtra
IA/MH/MIS/60650/2016,21-59/2016-IA-III,"Environmental Clearance for Proposed Residential Building on Plot Bearing C.T.S No. 284 Of Village Bhandup, Mumbai, Maharashtra",Fine Envirotech Engineers,Delisted EC,MH,MIS,2016,Maharashtra
IA/MH/NCP/60824/2016,21-5/2017-IA-III,"proposed residential development at S. No. 17/7, 22/2A, 17/6/1(1+2+3), 17/6/2, Kharadi Pune, Maharashtra",NYATI HOUSING,EC Granted,MH,NCP,2016,Maharashtra
IA/MH/MIS/60882/2016,21-98/2016-IA-III,"“Kailas Hospitalities”- Proposed Hotel on plot A-5
(PT) bearing C.T.S. No. 1/9 A -1 (PT)of village
Ghatkopar, Vikhroli Park site, Vikhroli (W), Mumbai.,
Maharashtra.",SHREE KISHOR D.PATEL CA TO WOODEN BOXES MFG.,WithdrawEC,MH,MIS,2016,Maharashtra
IA/MH/NCP/60962/2016,21-75/2016-IA-III,"Proposed Construction project “Vishal Vishwa” by Vishal Constructions at Village –Talegaon Dhamdhere, Taluka- Shirur, District – Pune, Maharashtra.",VISHAL CONSTRUCTIONS,EC Granted,MH,NCP,2016,Maharashtra
IA/MH/MIS/61186/2016,21-13/2017-IA-III,"Proposed building of Eye Hospital and Cancer Day care Center with Sanatorium at C.S.No. 3/207(pt) & 4/207 (pt) of Salt Pans Division, Wadala, Mumbai, Maharashtra.",SHANTILAL SANGHVI FOUNDATION,Delisted EC,MH,MIS,2016,Maharashtra
IA/MH/MIS/61650/2017,11-3/2017-IA-III,"CRZ Clearance for Holiday Resort project at Gut No. 204 mouje Sasawane, Tal - Aligaug, Dist - Raigad, State - Maharashtra",SHRI MEHUL C C JOHNSON,EC Granted,MH,MIS,2017,Maharashtra
IA/MH/NCP/61753/2017,21-23/2017-IA-III,"“PRIDE PLATINUM”, S. No 16A, 16B, 16C, 16KH, 16G, 16GH, 16D, 16CH, 16CHH, 16J, 16AZ, 16T, 16TH, 16P At Baner, Pune, Maharashtra",MS PLATINUM CONSTRUCTIONS,Delisted EC,MH,NCP,2017,Maharashtra
IA/MH/MIS/61811/2017,To be assigned,SEZ Phase III Commercial project at village Hinjewadi Taluka Mulshi District Pune Maharashtra,NALANDA SHELTER PRIVATE LIMITED,Delisted EC,MH,MIS,2017,Maharashtra
IA/MH/MIS/61823/2017,21-15/2017-IA-III,"Proposed Residential cum Commercial project at Village Kolshet, Tal & Dist : Thane (W), Maharashtra.",AAKASH DEVELOPERS,EC Granted,MH,MIS,2017,Maharashtra
IA/MH/MIS/61837/2017,21-18/2017-IA-III,Proposed Residential Housing Project at Balkum Thane Maharashtra,RAJLAXMI DEVELOPERS,Rejected,MH,MIS,2017,Maharashtra
IA/MH/MIS/61844/2017,21-72/2017-IA-III,"SEZ Phase III –IT/ITES Mulshi
Pune Maharashtra",NALANDA SHELTER PRIVATE LIMITED,transfertoseiaa,MH,MIS,2017,Maharashtra
IA/MH/MIS/61846/2017,21-19/2017-IA-III,"Proposed group housing scheme ""Pushkar Spring Gardens"" at Nagpur, Maharashtra",PUSHKAR HOMES PVTLTD,EC Granted,MH,MIS,2017,Maharashtra
IA/MH/NCP/62075/2017,21-28/2017-IA-III,"Expansion sought in Environmental Clearance of SRA Project for Residential Cum Commercial Development at Plot bearing C.T.S.No. 198,199,213,214 & 215(Part) at village Mogra, Andheri (East), District Mumbai, Maharashtra",STARWING DEVELOPERS PVT LTD,transfertoseiaa,MH,NCP,2017,Maharashtra
IA/MH/NCP/62119/2017,21-29/2017-IA-III,"Proposed Commercial Construction project 'Runwal REGALIA' by M/s Runwal Erectors Pvt Ltd At Survey no.153A/1 to 4/1/1 & Survey No.153A/1 to 4/1, Hadapsar, Pune, Maharashtra.",RUNWAL ERECTORS PVT LTD,EC Granted,MH,NCP,2017,Maharashtra
IA/MH/NCP/62176/2017,21-33/2017-IA-III,"“MANTRI VANTAGE”, S. No. 16/4a, at Village – Kharadi, Tal: Haveli, Dist – Pune State – Maharashtra",MS MANTRI DWELLINGS PVT. LTD.,EC Granted,MH,NCP,2017,Maharashtra
IA/GJ/IND/25398/2012,J-11011/405/2012/IA- II (I),EC Application for EPS M1 & M1A1 for Gujarat State Petroleum corporation Limited,Gujarat State Petroleum Corporation Ltd.,EC Granted,GJ,IND,2012,Gujarat
IA/GJ/IND/21186/2013,J-11011/28/2014.IA-II(I),"Proposed Bulk Drug and Bulk Drug Intermediates plant at Distt. Vadodara, Gujarat",RIATA ORGANICS PVT. LTD.,EC Granted,GJ,IND,2013,Gujarat
IA/GJ/IND/20396/2013,J-11011/324/2013-IA.II(I),"On shore oil and gas exploration,
development & production in block
CB-ONN-2010/8 in Gujarat",Bharat PetroResources Ltd.,EC Granted,GJ,IND,2013,Gujarat
IA/GJ/MIS/22994/2014,10-85/2011-IA-III,"ToR for development of Greenfield International Airport at Dholera, Ahmedabad, Gujarat",AIRPORTS AUTHORITY OF INDIA,EC Granted,GJ,MIS,2014,Gujarat
IA/GJ/MIS/28969/2015,11-27/2015-IA-III,"CRZ Clearance for the proposed project of Construction of administration building and staff quarters at Okha, Dist- Devbhumi Dwarka, Gujarat by Gujarat Maritime Board",Gujarat Maritime Board,EC Granted,GJ,MIS,2015,Gujarat
IA/GJ/MIS/30267/2015,To be assigned,"CRZ Clearance for the proposed project of Construction of administration building and staff quarters at Okha, Dist- Devbhumi Dwarka, Gujarat by Gujarat Maritime Board",Gujarat Maritime Board,DELETED,GJ,MIS,2015,Gujarat
IA/GJ/MIS/30729/2013,21-49/2010-IA-III,"Finalization of ToR for development of Petroleum, Chemical and Petro-chemical Investment Region (PCPIR) at Dahej, Vagra, Dist. Bharuch, Gujarat by M/s. Gujarat Industrial Development Corporation",GUJARAT INDUSTRIAL DEVELOPMENT CORPORATION,EC Granted,GJ,MIS,2013,Gujarat
IA/GJ/IND2/34224/2014,J-11011/182/2014-IA II (I),"Proposal for modification of existing tarapur EPS and connection of additional well to the same EPS to enhance the production of GSPC in CB-ON-2 block in Tarapur Block, Anand District, gujarat",Gujarat State Petroleum Corporation Ltd.,EC Granted,GJ,IND2,2014,Gujarat
IA/GJ/IND2/52432/2014,J-11011/183/2014-IA II(I),"proposal of Drilling of 2 wells and Setting up of EPS in Sanand Miroli Block CB-ONN-2002/03, in Ahmedabad, Mehsana & Gandhinagar Districts of Gujarat",Gujarat State Petroleum Corporation Ltd.,Rejected,GJ,IND2,2014,Gujarat
IA/GJ/MIS/24799/2014,11-43/2014-IA.III,"Upgradation of existing ship recycling yard at Alang Sosiya, Gujarat for undertaking safe and environmentally sound ship recycling operations",Gujarat Maritime Board,EC Granted,GJ,MIS,2014,Gujarat
IA/GJ/MIN/34245/2015,J-11015/15/2016-IA.II(M),"Proposed Limestone Mine (M.L. Area- 851.3216 ha) with Production Capacity of 3.21 MTPA (ROM) at Villages- Methala, Madhuvan, Jhanjmer, Rajpara, Ralia & Gadhula, Taluka- Talaja, District– Bhavnagar (Gujarat).",ULTRATECH CEMENT LIMITED,Delisted EC,GJ,MIN,2015,Gujarat
IA/GJ/MIN/34191/2015,J-11015/14/2016-IA.II(M),"Proposed Limestone Mine (M.L. Area- 670.4826 ha) with Production Capacity of 2.074 MTPA at Villages- Kalsar, Dayal & Kotda, Taluka- Mahuva, District– Bhavnagar (Gujarat).",ULTRATECH CEMENT LIMITED,EC Granted,GJ,MIN,2015,Gujarat
IA/GJ/IND/31338/2015,J-11011/136/2015-IA-II(I),"Installation of 3.0 MTPA Crude Steel Plant at Anjar, Gujarat",M/s Welspun Steel Ltd.,EC Granted,GJ,IND,2015,Gujarat
IA/GJ/MIS/60544/2016,To be assigned,"Construction of New Lighted Beacon at Bet Dwarka, District Devbhumi Dwarka, Gujarat State",DIRECTORATE GENERAL OF LIGHTHOUSES AND LIGHTSHIPS,Delisted EC,GJ,MIS,2016,Gujarat
IA/GJ/MIS/61267/2016,11-1/2017-IA-III,Setting of LiDAR based offshore structure at Gulf of Khambat Off Gujarat coast,NATIONAL INSTITUTE OF WIND ENERGY,EC Granted,GJ,MIS,2016,Gujarat
IA/GJ/MIS/61568/2017,11-21/2017-IA.III,"Construction of New Lighted Beacon at Bet Dwarka, District Devbhumi Dwarka, Gujarat State",DIRECTORATE GENERAL OF LIGHTHOUSES AND LIGHTSHIPS,EC Granted,GJ,MIS,2017,Gujarat
IA/GJ/IND2/38613/2016,J-11011/31/2016-IA II (I),Gujarat Fluorochemicals Limited,GUJARAT FLUOROCHEMICALS LIMITED,EC Granted,GJ,IND2,2016,Gujarat
IA/GJ/IND2/62610/2015,J-11011/25/1998/2015-IA II (I),"expansion of single point mooring, Crude Oil Terminal, the pipeline connecting SPM to COT at Mundra Port and crude oil pipeline from Mundra coast in Gujarat to Bhatinda in Punjab from 9 MMTPA to 11.25",HPCL MITTAL PIPELINES LIMITED,EC Granted,GJ,IND2,2015,Gujarat
IA/GJ/MIN/26384/2015,J-11015/19/2015-IA-II(M),"Proposed expansion in Laterite production capacity from 36,000 TPA to 2,50,000 TPA from Baranda Laterite Mine (ML Area: 400 ha) at Village-Baranda, Taluka-Lakhpat, District – Kachchh (Gujarat)",M/s. UltraTech Cement Ltd.,Pending for recommendation at Competent Authority,GJ,MIN,2015,Gujarat
IA/GJ/IND2/58913/2016,J- 11011/321/2016-IA.II(I),"Expansion of Viscose Staple Fibre (1,27,750 to 2,55,500 TPA), Sulphuric Acid (1,38,700 to 2,19,000 TPA), Carbon-Disulphide (54,750 to 65,700 TPA) along with Proposed Solvent Spun Cellulosic Fibre (or Excel Fibre) (36,500 TPA) and Captive Power Plant (55 MW) at Plot No. 1, GIDC Industrial Area, Vilayat, Tehsil: Vagra, District: Bharuch (Gujarat) by M/s. Grasim Industries Ltd. (Grasim Cellulosic Division)",GRASIM CELLULOSIC DIVISION A UNIT OF GRASIM INDUSTRIES LIMITED,EC Granted,GJ,IND2,2016,Gujarat
IA/GJ/IND2/42396/2016,J-11011/45/2016-IA II (I),"Exploratory Drilling of Twenty Nine (29) Wells in additional Ten (10) ML Blocks of Western Onshore Basin, District Mehsana-Patan, Gujarat",ONGC,EC Granted,GJ,IND2,2016,Gujarat
IA/GJ/IND2/67092/2013,To be assigned,"Expansion of synthetic organics of M/s. Meghmani Finechem Ltd. at Plot No. CH-1/CH-2, GIDC Estate, Dahej, Taluka Vagra, District Bharuch, Gujarat",MEGHMANI FINECHEM LTD,DELETED,GJ,IND2,2013,Gujarat
IA/GJ/MIS/22260/2014,To be assigned,"ToR for Common ETP at Jamnagar, Gujarat",JAMNAGAR ELECTROPLATERS ASSOCIATION,Delisted EC,GJ,MIS,2014,Gujarat
IA/GJ/MIS/61975/2017,10-9/2017-IA-III,"Development of 3 remaining integrated facilities (Stage I) within the  existing Kandla Port trust at Gandhidham, Kutch, Gujarat",Kandla Port Truts,EC Granted,GJ,MIS,2017,Gujarat
IA/GJ/IND2/69401/2014,J-10011/96/2014-IA II (I),drilling of 14 wells and setting up of EPS plus 5 already drilled wells in CB-ONN-2000/01 Ahmedabad Block in Ahmedabad DistrictGujarat by Gujarat State Petroleum Corporation Limited,Gujarat State Petroleum Corporation Ltd.,EC Granted,GJ,IND2,2014,Gujarat
IA/GJ/NCP/69479/2017,To be assigned,"Gujarat Housing Board (“AFFORDABLE HOUSING PROJECT, GUJARAT”)",GUJARAT HOUSING BOARD VALSAD,Delisted EC,GJ,NCP,2017,Gujarat
IA/GJ/IND2/59092/2016,J- 11011/320/2016-IA.II(I),"Expansion of Viscose Staple Fibre (1,27,750 to 2,33,600 TPA), Sulphuric Acid (1,46,000 to 2,19,000 TPA), Carbon-Disulphide (21,600 to 37,295 TPA) and Captive Power Plant (25 to 45 MW) at Birladham, Village: Kharach, Tehsil: Hansot, District: Bharuch (Gujarat) by M/s. Birla Cellulosic (A Unit of Grasim Industries Ltd.)",BIRLA CELLULOSIC A UNIT OF GRASIM INDUSTRIES,EC Granted,GJ,IND2,2016,Gujarat
IA/GJ/IND2/60010/2016,J- 11011/345/2016-IA.II(I),"Exploratory Drilling of Forty Eight (48) Wells in Thirteen (13) ML Blocks of Western Onshore Basin District Surat, Bharuch and Vadodara, Gujarat",ONGC,EC Granted,GJ,IND2,2016,Gujarat
IA/GJ/IND2/61482/2017,IA-J-11011/3/2017-IA-II(I),Gujarat Insecticides Limited,GUJARAT INSECTICIDES LIMITED,EC Granted,GJ,IND2,2017,Gujarat
IA/GJ/IND/64880/2017,IA-J-11011/337/2006-IA-II(I),"Environmental Clearance of proposed Expansion of Cement Plant Capacity (4.00 MTPA to 8.6 MTPA) & Clinkerigation Plant Capacity (3.5MTPA to7.0 MTPA) At: Sanghipuram, Village: Motiber, Taluka:Abdasa, District:Kutch, Pin Code No: 370511, State :Gujarat .",SANGHI INDUSTRIES LIMITED,EC Granted,GJ,IND,2017,Gujarat
IA/GJ/IND2/64773/2016,J-11011/46/2016-IA II (I),"Exploratory drilling of 11 wells for shale oil/shale gas in Cambay basin, Gujarat",ONGC,EC Granted,GJ,IND2,2016,Gujarat
IA/DL/NCP/73800/2018,21-20/2018-IA-III,"Proposed “Gujarat Bhawan” at 25-B, Akbar Road, New Delhi",NBCC,EC Granted,DL,NCP,2018,Gujarat
IA/GJ/IND2/64701/2017,J-11011/229/2017-IA-II(I),Gujarat Fluorochemicals Limited,GUJARAT FLUOROCHEMICALS LIMITED,Delisted EC,GJ,IND2,2017,Gujarat
IA/GJ/IND2/73826/2018,To be assigned,Expansion in Existing Plant Facility (AS-I) For Production of Ammonium Sulphate By Gujarat State Fertilizers and Chemicals Ltd.,GUJARAT STATE FERTILIZERS AND CHEMICALS LTD VADODARA UNIT,DELETED,GJ,IND2,2018,Gujarat
IA/GJ/IND2/69768/2017,To be assigned,"Exploration and Development of drilling wells in the existing PML area (PML12.7 sq.km) of Modhera Field at Village Matresan, Tehsil Becharaji, District Mehsana, Gujarat",SUN PETROCHEMICALS PRIVATE LIMITED,DELETED,GJ,IND2,2017,Gujarat
IA/HR/MIN/26537/2015,J-11015/42/2015-IA-II(M),"Sand Minor Mineral Mine/quarry of Mimarpur Sand Unit” having total area of 36.85Ha at village Mimarpur, district Sonipat, Haryana(nterstate boundary of Haryana and Uttar Pradesh passing at 0.09 km from mine)",MS MALIK BUILDCON PVT LTD,EC Granted,HR,MIN,2015,Uttar Pradesh
IA/UP/IND2/49988/2014,J-11011/169/2014- IA -II (I),"Proposed Expansion in capacity of existing Molasses based Distillery (from 75 KLPD to 150 KLPD)  At Village Barkatpur, Tehsil Najibabad, District Bijnore, Uttar Pradesh",UTTAM SUGAR MILLS LIMITED,EC Granted,UP,IND2,2014,Uttar Pradesh
IA/UP/THE/51568/2014,J-13012/35/2013-IA. I(T),"1x660 MW Coal Based Supercritical Panki Extension Power Project at Panki, Disst. Kanpur, Uttar Pradesh",JAWAHARPUR VIDYUT UTPADAN NIGAM LIMITED,EC Granted,UP,THE,2014,Uttar Pradesh
IA/UP/NCP/63527/2017,21-100/2017-IA-III,"Proposed Group Housing At Plot No: GH-01A/B (Alpha), Sector 107 Noida, Distt: Gautam Budh Nagar, Uttar Pradesh",ACE INFRACITY DEVELOPERS PVT LTD,EC Granted,UP,NCP,2017,Uttar Pradesh
IA/UP/NCP/63556/2017,21-101/2017-IA-III,IT/ITES Project Centrade located at Plot no 1 Sector 140 Noida Uttar Pradesh,LANCET INFOCOM PVT LTD,EC Granted,UP,NCP,2017,Uttar Pradesh
IA/UP/NCP/63668/2017,21-127/2017-IA-III,"Proposed Group Housing at Plot No SC-01/ 08, Sector 152, Noida, Uttar Pradesh",STAR LANDCRAFT PVT LTD,EC Granted,UP,NCP,2017,Uttar Pradesh
IA/UP/NCP/63677/2017,21-128/2017-IA-III,"Of Environmental Clearance For Construction Of Proposed Group Housing At Plot No SC-01/ 09, Sector 152, Noida, Uttar Pradesh",STAR LANDCRAFT PVT. LTD.,EC Granted,UP,NCP,2017,Uttar Pradesh
IA/UP/NCP/63775/2017,21-130/2017-IA-III,"Expansion of GROUP HOUSING AT KHASRA NO. 1726M/1, 1725M/2, 1724M, 1056M, 1058M, 1060/1 AT VILLAGE PASONA PARGANA, LONI, DISTRICT-GHAZIABAD, UTTAR PRADESH",NIPUN BUILDERS & DEVELOPERS PVT. LTD.,EC Granted,UP,NCP,2017,Uttar Pradesh
IA/UP/NCP/63785/2017,21-131/2017-IA-III,"Proposed Group Housing ""Casa Greens Royal Palace"" at GH-5 & 6, Sector-17, Vrindavan Yojna, Lucknow, Uttar Pradesh",RADHYE KRISHNA TECHNO BUILD PVT LTD,EC Granted,UP,NCP,2017,Uttar Pradesh
IA/UP/NCP/63844/2017,21-132/2017-IA-III,"Expansion of Group Housing Project “CASA GREEN 1” at Plot No: GH-04 A, Sector-16, Greater Noida, Gautam Budh Nagar, Uttar Pradesh.",RADHEY KRISHNA TECHNO PVT. LTD.,EC Granted,UP,NCP,2017,Uttar Pradesh
IA/UP/NCP/63868/2017,21-133/2017-IA-III,"Proposed Group Housing At Plot No SC-02/ E, Sector 150, Noida, Uttar Pradesh",SAMRIDDHI  BUILDMART  PVT LTD.,EC Granted,UP,NCP,2017,Uttar Pradesh
IA/UP/NCP/63995/2016,To be assigned,"Expansion Of Proposed Group Housing Project “SUNWORLD ARISTA” AT Plot No: GH-01/C, Sector-168, Noida, Uttar Pradesh.",SUNWORLD RESIDENCY PVT LTD,Delisted EC,UP,NCP,2016,Uttar Pradesh
IA/UP/NCP/64002/2017,F.No. 21-212/2017-IA-III,"Proposed Group Housing Project at Plot No. – SC-01/01, Sector – 152, Noida, Uttar Pradesh by M/s ATS Homes Pvt. Ltd.",MS ATS HOMES PVT LTD,EC Granted,UP,NCP,2017,Uttar Pradesh
IA/UP/NCP/64105/2017,21-136/2017-IA-III,"Expansion Of Group Housing Project ""Signature
Heights"" at Khasra No: 977,976,981, Village Noor
Nagar, Pargana - Loni, Tah & Dist Ghaziabad,
Uttar Pradesh",ANNIKA PROMOTERS PRIVATE LIMITED,Delisted EC,UP,NCP,2017,Uttar Pradesh
IA/UP/MIS/64361/2017,To be assigned,"IT/ITES project ""Noida World One"" located at Sector 140 Noida Uttar Pradesh",CBS INTERNATIONAL PROJECTS PVT LTD,Delisted EC,UP,MIS,2017,Uttar Pradesh
IA/UP/NCP/64499/2017,21-155/2017-IA-III,"PROPOSED GROUP HOUSING PROJECT AT PLOT NO. GH-04B, SECTOR-10, GREATER NOIDA, UTTAR PRADESH.",PROSPER BUILDTECH PRIVATE LTD.,EC Granted,UP,NCP,2017,Uttar Pradesh
IA/UP/MIS/64738/2017,21-188/2017-IA-III,"Construction of Proposed Group
Housing and Staff Quarters at UPSRTC Campus, Vikas Nagar, Kanpur, Uttar Pradesh state",KANPUR DEVELOPMENT AUTHORITY,Violation,UP,MIS,2017,Uttar Pradesh
IA/UP/NCP/64838/2016,F.No. 21-213/2017-IA-III,"Proposed Residential Complex at Plot No. 04/BS – 02(GH-03) Siddhartha Vihar, District -Ghaziabad, Uttar Pradesh",APEX HEIGHTS PVT LTD,EC Granted,UP,NCP,2016,Uttar Pradesh
IA/UP/NCP/64920/2017,F.No. 21-205/2017-IA-III,"Expansion of Group Housing Project ""Apex Athena"" at Plot No.-12A, Sector- 75, Noida, Uttar Pradesh.",APEX DREAM HOMES PVT LTD,Delisted EC,UP,NCP,2017,Uttar Pradesh
IA/UP/NCP/64960/2017,F.No. 21-207/2017-IA-III,"Expansion Of Group Housing Project  ""Raj Nagar Residency"" At Khasra No: 897, 918, 935, 938, 939, 940, 941,942,944,1074,1075, 1079 Village Saddiq Nagar, Raj Nagar Extension, Dist Ghaziabad, Uttar Pradesh",M R MITTAL INFOTECH PVT LTD,WithdrawEC,UP,NCP,2017,Uttar Pradesh
IA/UP/NCP/65067/2017,F.No. 21-209/2017-IA-III,"Construction of proposed commercial complex at
plot no: C4A, Sector 16B, Greater Noida (west)
Uttar Pradesh",MAHESHWARI INFRATECH PVT. LTD.,EC Granted,UP,NCP,2017,Uttar Pradesh
IA/DL/NCP/65082/2017,21-301/2017-IA-III,"PT. DEEN DAYAL UPADHYAYA, INSTITUTE OF ARCHAEOLOGY BUILDING AND UNESCO CATEGORY-II CENTRE At PLOT NO.2 SECTOR KNOWLEDGE PARK –II GREATER NOIDA, UTTAR PRADESH",ARCHAEOLOGICAL SURVEY OF INDIA,EC Granted,DL,NCP,2017,Uttar Pradesh
IA/UP/NCP/65161/2015,F.No. 21-235/2017-IA-III,"Proposed group housing project at Plot No. SC-02/B, Sector-150, Noida, Uttar Pradesh",M/S ELATE REALTORS PVT. LTD.,EC Granted,UP,NCP,2015,Uttar Pradesh
IA/UP/NCP/65305/2016,21-263/2017-IA-III,"Expansion of Group Housing Project “Sethi Venice” Plot No. SC-01/A-4, Sector-150, Noida, Uttar Pradesh",ESTHETIC BUILDTECH PVT LTD,EC Granted,UP,NCP,2016,Uttar Pradesh
IA/UP/NCP/65484/2017,21-269/2017-IA-III,"Proposed Housing at Plot No.- GH-07 at Indirapuram Extension, Ghaziabad, Uttar Pradesh",GHAZIABAD  DEVELOPMENT  AUTHORITY,Delisted EC,UP,NCP,2017,Uttar Pradesh
IA/UP/NCP/65786/2017,21-277/2017-IA-III,"Expansion of Group Housing Project ""R G Euphoria""at Plot No. 12, GH-04, Vrindavan Yojna, Tehsil-Sadar, Lucknow, Uttar Pradesh",RG INFRACITY PVT. LTD,EC Granted,UP,NCP,2017,Uttar Pradesh
IA/UP/NCP/66947/2016,To be assigned,"Expansion of Proposed Group Housing Project “SUNWORLD ARISTA” at Plot No: GH-01/C, Sector- 168, Noida, Uttar Pradesh.",SUNWORLD RESIDENCY PVT LTD,Delisted EC,UP,NCP,2016,Uttar Pradesh
IA/UP/NCP/69995/2015,21-355/2017-IA-III,"EXPANSION OF RESIDENTIAL COMPLEX “CAPE TOWN” AT PLOT NO. GH-01, SECTOR-74, NOIDA, UTTAR PRADESH",SUPERTECH LTD,EC Granted,UP,NCP,2015,Uttar Pradesh
IA/UP/NCP/70276/2017,To be assigned,"Environment Clearance for Proposed Office Building""1425"" at Plot No. 05, Sector 142 Noida, Uttar Pradesh",SAGAR TECHNOCITY PRIVATE LIMITED,Delisted EC,UP,NCP,2017,Uttar Pradesh
IA/UP/IND2/58272/2016,J-11011/200/2016- IA II(I),"Environmental Clearance for 1 x 900 MT capacity mounded LPG storage vessel at Pattikalan- Rampur Indane Bottling Plant, Indian Oil Corporation Ltd. (MD), Tehsil: Swar, District: Rampur, Uttar Pradesh",IOCL RAMPUR,EC Granted,UP,IND2,2016,Uttar Pradesh
IA/UP/NCP/70902/2016,To be assigned,"Expansion of Group Housing Project at Plot No GH-04, Sector- Techzone-IV, Greater Noida, Uttar Pradesh",NIRALA INFRATECH PVT LTD,transfertoseiaa,UP,NCP,2016,Uttar Pradesh
IA/UP/IND2/65427/2017,IA-J-11011/315/2017-IA-II(I),"Proposed 60 KLPD Molasses Based Distillery along with  2.5 MW Co-generation Power Plant at Village Kuiyan, Post Areli, Tehsil Tilhar, District Shahjahanpur, Uttar Pradesh by Dalmia Chini Mills Nigohi – Distillery Division (A Unit of Dalmia Bharat Sugar and Industries Limited)",DALMIA BHARAT SUGAR AND INDUSTRIES LIMITED,EC Granted,UP,IND2,2017,Uttar Pradesh
IA/UP/MIS/66125/2017,10-46/2017-IA.III,"Development of New Civil Enclave at Bareilly Airforce Base, Izzatnagar, Bareilly Dist., Uttar Pradesh,",AIRPORTS AUTHORITY OF INDIA BAREILLY,EC Granted,UP,MIS,2017,Uttar Pradesh
IA/UP/MIS/67005/2017,10-49/2017-IA.III,Uttar Pradesh Waste Management Project (Division of Ramky Enviro Engineers Ltd.),RAMKY ENVIRO ENGINEERS LTD,EC Granted,UP,MIS,2017,Uttar Pradesh
IA/UP/RIV/74762/2017,J-12011/26/2017-IA.I,"Extension, Remodeling and Modernization Project of Kosi Canal System” DISTRICT RAMPUR, UTTAR PRADESH (CCA:- 24250 ha)","IRRIGATION AND WATER RESOURCES DEPARTMENT, UTTAR PRADESH",EC Granted,UP,RIV,2017,Uttar Pradesh
IA/UP/MIS/73712/2018,10-27/2018-IA-III,"Development of New Civil Enclave at Agra Airport (Near Air Force Base), Uttar Pradesh by Airports Authority of India.",AIRPORTS AUTHORITY OF INDIA AGRA,EC Granted,UP,MIS,2018,Uttar Pradesh
IA/UP/IND/81970/2017,J-11011/130/2017-IA II (I),"Expansion in paper production capacity from 45 TPD to 100 TPD at 9th Km stone, Nagina Road, Village Abdullpur Munna, Tehsil and District Bijnor (Uttar Pradesh) by M/s. Mohit Paper Mills limited",MOHIT PAPER MILLS LIMITED,EC Granted,UP,IND,2017,Uttar Pradesh
IA/UP/IND2/84145/2018,J-11011/137/2018-IA-II (I),"Proposed 225 KLPD molasses based distillery along with 12 MW co-generation power plant at village Ajbapur, Tehsil Mohammadi, District Lakhimpur Kheri, Uttar Pradesh by DSCL Sugar - Ajbapur, Distillery",DCM SHRIRAM LIMITED,EC Granted,UP,IND2,2018,Uttar Pradesh
IA/UP/IND2/91819/2018,J-11011/58/2018-IA-II (I),"Proposed 125 KLPD Grain based Distillery, 25KLPD Malt Spirit Plant and 4.5 MW Cogeneration Power Plant at Village Chiraura, Tehsil Akbarpur, District Kanpur Dehat, Uttar Pradesh",RAJASTHAN LIQUORS LIMITED,EC Granted,UP,IND2,2018,Uttar Pradesh
IA/UP/MIS/81283/2018,10-74/2018-IA-III,"Development of New Civil Enclave at               Kanpur Air Force Base, Uttar Pradesh",AIRPORTS AUTHORITY OF INDIA KANPUR,EC Granted,UP,MIS,2018,Uttar Pradesh
IA/UP/RIV/26603/2015,J-12011/02/2015-IA.1 (R),Construction of Badaun Lift canal in the state of Uttar Pradesh,UTTAR PRADESH IRRIGATION DEPARTMENT,EC Granted,UP,RIV,2015,Uttar Pradesh
IA/UP/MIS/74694/2018,10-31/2018-IA-III,"Development of Greenfield “JEWAR INTERNATIONAL AIRPORT” - Phase I and II, Gautam Buddh Nagar, Uttar Pradesh","DIRECTORATE OF CIVIL AVIATION, GOVT. OF UP",EC Granted,UP,MIS,2018,Uttar Pradesh
IA/UP/MIS/136594/2020,To be assigned,"“IT Park Project” located at B-6, Sector-132, Noida-201304, Uttar Pradesh by Espirit Technoconsultants Private Limited",ESPIRIT TECHNOCONSULTANTS PRIVATE LIMITED,Delisted EC,UP,MIS,2020,Uttar Pradesh
IA/UP/IND2/90871/2019,IA-J-11011/16/2019-IA-II(I),"Proposed 160 KLPD Molasses based Distillery along with 7.0 MW cogeneration power plant at Village Bhatiyura Prathipur, Tehsil Tilhar, District Shahjahanpur, Uttar Pradesh by Malbros International Pvt. Ltd.",MALBROS INTERNATIONAL PVT LTD,EC Granted,UP,IND2,2019,Uttar Pradesh
IA/UP/IND2/100648/2019,To be assigned,Onshore Oil and Gas Exploration and Appraisal in GV-ONHP-2017-1 block (1817 km2) in Kheri and Shahjahanpur districts of Uttar Pradesh,M/s Vedanta Limited(Division Cairn Oil & Gas),Delisted EC,UP,IND2,2019,Uttar Pradesh
IA/UP/IND2/113544/2019,To be assigned,"Proposed 110 KLPD Molasses based Distillery along with 4.0 MW cogeneration power plant at Village Sewrahi, Tehsil Tamakuhi Raj, District Kushinagar, Uttar Pradesh by The United Provinces Sugar Company Limited",THE UNITED PROVINCES SUGAR CO. LTD.,WithdrawEC,UP,IND2,2019,Uttar Pradesh
IA/MP/RIV/40729/2013,J-12011/31/2011-IA-I,"Lower orr project at village Didoni in Shivpuri District, Madhya Pradesh",National Water Development Agency,Delisted EC,MP,RIV,2013,Madhya Pradesh
IA/MP/IND/50963/2016,J-11011/86/2012-IA-II(I),"Enhancement in production capacity of Integrated Cement Project - Clinker (2.0 to 4.5 MTPA), Cement (2.5 to 5.2 MTPA), CPP (40 MW), WHRS (10 to 12 MW) and D.G. Set (2 x 6 MW) at Villages - Tonki, Temarni, Sondul and Golpura, Tehsil - Manawar, District - Dhar (Madhya Pradesh) by M/s. UltraTech Cement Ltd.",M/s. UltraTech Cement Ltd.,EC Granted,MP,IND,2016,Madhya Pradesh
IA/MP/IND2/72495/2016,J-11011/257/2015-IA-II (I),"Expansion of existing grain based distillery from 50 to 125 KLPD along with installation of 3.0 MW co-generation power plant at Village Borali, Tehsil Badnawar, District Dhar, Madhya Pradesh",OASIS DISTILLERIES LIMITED,EC Granted,MP,IND2,2016,Madhya Pradesh
IA/MP/MIS/67217/2017,10-50/2017-IA.III,Madhya Pradesh Waste Management Project (a Division of Ramky Enviro Engineers Limited),RAMKY ENVIRO ENGINEERS LTD,EC Granted,MP,MIS,2017,Madhya Pradesh
IA/MP/MIS/66897/2017,10-48/2017-IA.III,"Regional Integrated Solid Waste Management Project at Pahadiya, Rewa, Madhya Pradesh",REWA MSW HOLDING LIMITED,transfertoseiaa,MP,MIS,2017,Madhya Pradesh
IA/MP/IND/58186/2008,J-11011/607/2008-IA.II(I),"Cement Plant Expansion with a capacity of 1.5 to 2.2 MTPA of Clinker and 2.25 to 3.55 MTPA of Cement at Amilia Village, Maihar Tehsil, Satna District, Madhya Pradesh of M/s KJS Cement Pvt Ltd",KJS CEMENT PVT LTD,EC Granted,MP,IND,2008,Madhya Pradesh
IA/MIN/MP/24024/2014,J-11015/249/2014-IA.II(M),"Narora Limestone Mine (147.940 ha.) at Sonra , Hinauti & Narora villages , Tehsil – Huzur , District – Rewa , Madhya Pradesh",M/s. UltraTech Cement Ltd.,Returned in present form,MIN,MP,2014,Madhya Pradesh
IA/MP/IND2/87993/2018,IA-J-11011/209/2018-IA-II(I),"Proposed Chlorinated Paraffin Plasticizer Unit by M/s Swastik Chloroffin LLP At Village: Azimabad Pardi Nagda, District: Ujjain, State: Madhya Pradesh",SWASTIK CHLOROFFIN L L P,EC Granted,MP,IND2,2018,Madhya Pradesh
IA/MP/NCP/91704/2018,10-54/2018-IA.III,Construction of Eight lane road from Dhabla village in Mandsaur district to Kandarwasa village in Ratlam district from CH:0+000 to 150+000 in the state of Madhya Pradesh.,National Highways Authority of India,EC Granted,MP,NCP,2018,Madhya Pradesh
IA/MP/NCP/94029/2018,10-64/2018-IA.III,Construction of Eight lane road (newly declared NH 148N) from Kandarwasa village to Kajaliya village in Ratlam district from CH: 150+000 to 181+000 in the state of Madhya Pradesh.,National Highways Authority of India,EC Granted,MP,NCP,2018,Madhya Pradesh
IA/GJ/NCP/94616/2018,10-50/2018-IA.III,Construction of Eight lane road (newly declared NH 148N) from Kajaliya village in Ratlam district in the state of Madhya Pradesh to Dodka village in Vadodara district in the state of Gujarat from CH:,National Highways Authority of India,EC Granted,GJ,NCP,2018,Madhya Pradesh
IA/MP/MIN/25548/2014,J-11015/249/2014-IA.II(M),Narora Limestone Mine,M/s. UltraTech Cement Ltd.,EC Granted,MP,MIN,2014,Madhya Pradesh
IA/MP/IND2/110504/2017,IA-J-11011/513/2017-IA-II(I),"Drilling of 15 exploratory wells under non forest area in Nohta-Damoh-Jabera PML Block, Vindhyan Basin, Damoh District, Madhya Pradesh",OIL AND NATURAL GAS CORPORATION LIMITED,EC Granted,MP,IND2,2017,Madhya Pradesh
IA/MP/IND2/26969/2015,J-11011/119/2015-IA-II(I),"Expansion of Caustic Chlorine Products and Value Added Derivatives along with installation of new Chloromethane Plant at Birlagram, Nagda, District: Ujjain (Madhya Pradesh) by M/s. Grasim Industries Ltd. (Chemical Division)",GRASIM INDUSTRIES LIMITED CHEMICAL DIVISION,EC Granted,MP,IND2,2015,Madhya Pradesh
IA/DL/MIS/117518/2019,21-71/2019-IA-III,Construction of New Madhya Pradesh Bhawan,Government of Madhya Pradesh,EC Granted,DL,MIS,2019,Madhya Pradesh
IA/MP/MIS/117811/2019,10-40/2019-IA-III,"Integrated Common Hazardous Waste Treatment, Storage, Disposal & Recycling Facility at Industrial Growth Center (IGC), Maneri Village, Mandla District, Madhya Pradesh.",RAMKY ENVIRO ENGINEERS LTD,EC Granted,MP,MIS,2019,Madhya Pradesh
IA/MP/IND/162872/2020,J-11011/161/2011-IA.II(I),"Modernization/ Change in configuration of existing ferro alloys plant by adding Sub merged Arc furnace (SAF) without increasing the granted production capacity (54 TPD) along with 6 MW bio mass based power plant at Sarandi Industrial Growth Centre Tehsil Waraseoni, Dist-Balaghat, Madhya Pradesh",RAMINK POWER AND ALLOYS PVT. LTD.,Returned in present form,MP,IND,2020,Madhya Pradesh
IA/MP/MIN/71989/2017,IA-J-11015/5/2018-IA-II(M),"Bela Cement Limestone Mine 02 (BCLM - 02), (M.L. Area: 264.095 Ha.) with Limestone Production Capacity of 1.0 Million TPA (ROM) and 1.671 Lakh Cu.M Overburden at Villages Madheypur, Chhijwar & Baheliya, Tehsil- Huzur, District- Rewa, Madhya Pradesh.",M/s. UltraTech Cement Ltd.,EC Granted,MP,MIN,2017,Madhya Pradesh
IA/MP/MIN/76001/2018,IA-J-11015/86/2018-IA-II(M),"Proposed Limestone Mine (ML Area: 176.619 ha.) with 3.0 Million TPA Limestone Production Capacity and 1.135 Million TPA Overburden including Soil (Total Excavation 4.135 Million TPA) At Villages Chulhi & Majhiyar, Tehsil Kotar, District Satna, Madhya Pradesh.",PRISM JOHNSON LTD.,EC Granted,MP,MIN,2018,Madhya Pradesh
IA/MP/MIN/89876/2018,IA-J-11015/13/2019-IA-II(M),"Proposed Limestone Mine (ML Area: 575.830 ha) with Limestone Production Capacity - 4.0 Million TPA, Top Soil/Sub Soil - 1.25 Million TPA, Waste (OB/IB/Shale) - 1.00 Million TPA & Screen Rejects - 0.40 Million TPA (Total Excavation - 6.65 Million TPA) along with Installation of Crusher - 1200 TPH Capacity with Wobbler at Villages: Bairiha, Patrahai & Janardhanpur, Tehsil: Rampur Baghelan, District: Satna (Madhya Pradesh) by M/s Dalmia Cement (Bharat) Limited",DALMIA CEMENT (BHARAT) LIMITED,EC Granted,MP,MIN,2018,Madhya Pradesh
IA/MP/MIN/115209/2019,File number needs to be assigned,"Deora, Sitapuri & Udiyapura Limestone Auction Block with ML Area - 344.783 ha with Limestone Production Capacity - 2.0 Million TPA, Top Soil - 0.17 Million TPA, OB & IB - 0.25 Million TPA (Total Excavation - 2.42 Million TPA) at Villages: Deora, Sitapuri, Udiyapura and Muhali, Tehsil: Manawar, District: Dhar, State: Madhya Pradesh by M/s UltraTech Cement Limited (Unit: Dhar Cement Works)",M/s. UltraTech Cement Ltd.,Returned in present form,MP,MIN,2019,Madhya Pradesh
IA/MP/MIN/220904/2020,J-11015/80/2020/IA.II(M),Koni–Simariya Limestone Block of Jaykaycem (Central) Limited over an area of 3095.23 hectares with production capacity 9.05Million TPA of Total Excavation (Lime Stone: 5.08 Million TPA; Soil: 2.94Mill,JAYKAYCEM (CENTRAL) LIMITED,EC Granted,MP,MIN,2020,Madhya Pradesh
IA/MP/MIN/193710/2021,IA-J-11015/7/2021-IA-II(M),"Nayagaon & Chenpura Limestone Deposit (ML Area: 206.354 ha) proposed Production Capacity 2.502 Million TPA ROM (Cement Grade Limestone: 0.876 Million TPA & Subgrade Limestone: 1.626 Million TPA), Soil/Alluvium: 0.048 Million TPA, Waste: 0.5 Million TPA; Total Excavation: 3.05 Million TPA along with 2 x 500 TPH Capacity of Crusher with Screening",JK CEMENT LTD KANPUR,EC Granted,MP,MIN,2021,Madhya Pradesh
IA/MP/IND2/224066/2021,SW/224032/2021,"Proposed Fuel Ethanol plant having proposed production capacity of 350 KLPD of grain-based Fuel Ethanol and 12 MW of power cogeneration, to be installed at Plot no. J22 to J28, Industrial Growth Cente",AVJ AGRICO PVT. LTD.,Delisted EC,MP,IND2,2021,Madhya Pradesh
IA/MP/IND2/227852/2021,IA-J-11011/332/2021-IA-II(I),"Proposed Fuel Ethanol plant having proposed production capacity of 350 KLPD of grain-based Fuel Ethanol and 12 MW of power cogeneration, to be installed at Plot no. J22 to J28, Industrial Growth Center, Borgaon, Tehsil Sausar, District Chhindwara, Madhya Pradesh",AVJ AGRICO PVT. LTD.,EC Granted,MP,IND2,2021,Madhya Pradesh
IA/MP/MIN/101792/2019,J-11015/16/2019-IA.II(M),"Itoura Limestone Mining with 0.8 MTPA capacity at villages Itoura, Bachwai, Karhi Pawai, Giduri, and Rewra with ML area - 747.817 ha, Tehsil Raghurajnagar, Satna district, Madhya Pradesh by M/s. RCCLP Private Limited",RCCPL PRIVATE LTD,EC Granted,MP,MIN,2019,Madhya Pradesh
IA/MP/MIN/71986/2017,IA-J-11015/4/2018-IA-II(M),"Bela Cement Limestone Mine – 01 (BCLM – 01), (ML area 415.097 ha) with Proposed Limestone Production Capacity of 1.5 Million TPA (ROM) and 2.575 Lakh Cu.M Overburden at Village- Devra, Tehsil- Rampur Baghelan, and Village-Kothar, Tehsil- Amarpatan, District-Satna  (Madhya Pradesh).",M/s. UltraTech Cement Ltd.,EC Granted,MP,MIN,2017,Madhya Pradesh
IA/MP/IND2/241908/2021,IA-J-11011/499/2021-IA-II(I),"Proposed 135 KLPD Grain based Ethanol Plant along with 3.0 MW Cogeneration Power Plant at Village Chhidgaon Mel, Tehsil Timarni, District Harda, Madhya Pradesh by M/s. SMS Biofuel Private Limited",SMS BIOFUEL PRIVATE LIMITED,EC Granted,MP,IND2,2021,Madhya Pradesh
IA/MP/IND2/246378/2021,IA-J-11011/527/2021-IA-II(I),"Proposed grain-based Fuel Ethanol plant having proposed production capacity of 120 KLPD of Fuel Ethanol and 3 MW of power cogeneration, to be installed at Village Kaithra, Tehsil Shahpura, District Jabalpur, Madhya Pradesh",SHREEBALAJI BIOSOLUTIONS FUELS LLP,EC Granted,MP,IND2,2021,Madhya Pradesh
IA/MP/IND3/248560/2021,IA-J-11011/554/2021-IA-II(I),"Proposed expansion project for manufacturing of API by Ipca Laboratories Limited at Village Sejavta Tehsil, District Ratlam, Madhya Pradesh",M/s Ipca Laboratries Ltd.,Delisted EC,MP,IND3,2021,Madhya Pradesh
IA/MP/MIN/26252/2013,J-11015/442/2013-IA.II (M),Limestone Mine,M/s. UltraTech Cement Ltd.,EC Granted,MP,MIN,2013,Madhya Pradesh
IA/MP/IND/254132/2022,IA-J-11011/224/2016-IA-II(I),"Expansion in Clinker Production Capacity from 5.28 Million TPA to 6.6 Million TPA, Power generation capacity of WHRS from 30 MW to 50 MW, DG Set from 500 KVA to 2500 KVA and reduction in Captive Power Plant Capacity from 80 MW to 40 MW in Phased manner without change in Cement Production capacity of 6.o Million TPA at Villages: Devra, Hardua, Puraina, Sotipura & Madaiyan, Tehsil: Amanganj, District: Panna (Madhya Pradesh) by M/s. Jaykaycem (Central) Ltd.",JAYKAYCEM CEMENT LIMITED,EC Granted,MP,IND,2022,Madhya Pradesh
IA/MP/CMIN/84545/2018,IA-J-11015/163/2018-IA-II(M),TAWA-III UG,Western Coalfields Limited,EC Granted,MP,CMIN,2018,Madhya Pradesh
IA/MP/RIV/255619/2013,F. No. J-12011/31/2011-IA.I,"Lower Orr Dam Project, Madhya Pradesh",National Water Development Agency,Delisted EC,MP,RIV,2013,Madhya Pradesh
IA/MP/CMIN/182374/2020,IA-J-11015/21/2020-IA-II(M),"Wet Type Coal Washery Project                  Based on Heavy Media Cyclone (2.5 MTPA) at Village - Gorbi, Tehsil - Chitrangi, District- Singrauli - 486882 (MP) by M/s R.K Transport & Constructions Limited.",M/S R.K TRANSPORT & CONSTRUCTIONS LIMITED,EC Granted,MP,CMIN,2020,Madhya Pradesh
IA/MP/IND2/257928/2022,IA-J-11011/69/2022-IA-II(I),"Establishment of 100 KLPD Grain based Distillery with Electricity generation 3 MW by Quadrangle Biofuel Private Limited., located at Jaswadi Road, Village-Lohari, Tahsil and District-Khandwa Madhya Pradesh",QUADRANGLE BIOFUEL PRIVATE LIMITED,EC Granted,MP,IND2,2022,Madhya Pradesh
IA/MP/MIN/258597/2010,J-11011/700/2008-IA.II(I),"Proposed expansion of limestone mine from 3.5 MTPA to 5.0 MTPA within existing mining lease area (363.440 ha) [Forest area – 66.359 ha, revenue area – 297.08 ha] top soil/alluvium: 0.039 MTPA, Overbur",RCCPL PRIVATE LIMITED,EC Granted,MP,MIN,2010,Madhya Pradesh
IA/MP/MIS/260915/2022,21-40/2022-IA-III,"Expansion of Civil Enclave at Gwalior Airport at Maharajpur, Gwalior, Madhya Pradesh-474020",AIRPORTS AUTHORITY OF INDA (AAI),EC Granted,MP,MIS,2022,Madhya Pradesh
IA/MP/MIN/100548/2019,IA-J-11015/34/2019-IA-II(M),"Bigodi Limestone Mine with a production capacity of 0.85 MTPA spread over an area of 184.149 ha at Dithora, Sannehi Singti and Karaundi villages, Amarpatan Tehsil, Satna District, Madhya Pradesh",RCCPL PRIVATE LTD,EC Granted,MP,MIN,2019,Madhya Pradesh
IA/MP/IND/165208/2020,To be assigned,"Manganese Ore Beneficiation Plant (Capacity - 0.5 MTPA) Located At Village - Selwa, Tehsil - Katangi, District - Balaghat, Pincode- 481445 Madhya Pradesh by M/s Badebaba Mining and Consultancy LLP",M/S BADEBABA MINING AND CONSULTANCY LLP,transfertoseiaa,MP,IND,2020,Madhya Pradesh
IA/MP/IND3/214399/2021,IA-J-11011/248/2021-IA-II(I),Proposed Chemical Fertilizer and Synthetic Organic Chemical Manufacturing Unit,KRISHANA PHOSCHEM LIMITED,EC Granted,MP,IND3,2021,Madhya Pradesh
IA/MP/MIN/227653/2021,J-11015/29/2020-IA.II(M),"Amanganj Limestone Mine (ML Area: 1793.59 ha) with Proposed Limestone: 3.75 Million TPA, Top Soil: 0.40 Million TPA & OB/IB: 9.60 Million TPA (Total Excavation: 13.75 Million TPA) along with installation of 1600 TPH Capacity of Crusher at Villages: Beli, Baraha Kala, Hinouti, Tehsil: Gunour and Villages: Chikalhai, Daharra, Gaura, Hinouta Mishra, Kanti, Mahewa, Patelpura, Pawaiya, Tehsil: Amanganj, District: Panna, State: Madhya Pradesh",ECO CEMENTS LIMITED,EC Granted,MP,MIN,2021,Madhya Pradesh
IA/MP/IND/73253/2018,IA-J-11011/113/2018-IA-II(I),M/s Maihar Cement   (A Division of Century Textile & Industries Limited)  Increase in clinker  production from 3 million TPA to 4 million TPA and cement production from 5 million TPA to 6 million TPA through up-gradation and optimization of plant parameters/capacity utilization,M/s. UltraTech Cement Ltd.,EC Granted,MP,IND,2018,Madhya Pradesh
IA/RJ/MIS/22938/2013,10-45/2013-IA.III,"TOR for development of a domestic airport at Kishangarh,Ajmer, Rajasthan","Airports Authority of India, Jaipur",EC Granted,RJ,MIS,2013,Rajasthan
IA/RJ/MIN/24694/2013,J-11015/277-2013-IA.II (M),"River Bed Mining at tehsil Bari and Baser, district Dholpur, Rajasthan (232.92 Ha) by M/s Naval Kish",VARDAN ENVIRONET,Delisted EC,RJ,MIN,2013,Rajasthan
IA/RJ/MIN/26313/2011,J-11015/148/2011-IA.II (M),"Mining Lease M.L.9/97/Ajmer, Rajasthan for Quartz and Feldspar",PRADEEP GOYAL,Delisted EC,RJ,MIN,2011,Rajasthan
IA/RJ/MIN/26499/2013,J-11015/221/2013-IA.II (M),"River Sand Mine (Area - 120.312 Ha.) Tehsil - Nasirabad, District - Ajmer (Rajasthan)",Pankaj Singh Jadaun,Delisted EC,RJ,MIN,2013,Rajasthan
IA/RJ/IND/23462/2014,To be assigned,"TOR proposal for Rayon Tyre Cord, Dipped Fabric, Carbon Disulphide and Captive Power Plant at village-Ladpura, distt-Kota, Rajasthan by M/s Shriram Rayons.",M/s. Shriram Rayons (A unit of DCM Shriram Industries Ltd.),DELETED,RJ,IND,2014,Rajasthan
IA/RJ/MIS/30788/2014,To be assigned,"expansion of industrial area Kuber, in Ranpur village, Kota District, Rajasthan by M/s",RAJASTHAN STATE INDUSTRIAL DEVELOPMENT AND INVESTMENT CORPORATION LTD,DELETED,RJ,MIS,2014,Rajasthan
IA/RJ/MIN/30832/2014,J-11015/70/2014-IA.II(M),"Mining of Minor mineral in the mines of sand stone with production capacity of 0.8 million TPA of sandstone (ROM) by M/s Smt. Rashmi Sharma, located at Thesil Roopwas District Bharatpur Rajasthan",RASHMI SHARMA,Delisted EC,RJ,MIN,2014,Rajasthan
IA/RJ/IND2/31273/2013,To be assigned,"Expansion of Pesticide Manufacturing unit of M/s Ambay lab. Ltd. at village Sotanala, Tehsil Behror, District Alwar, Rajasthan",M/s AMBAY LABORATORIES PVT LTD.,DELETED,RJ,IND2,2013,Rajasthan
IA/RJ/MIN/31730/2012,J-11015/295/2012-IA.II (M),"Expansion of Dhandra Gypsusm Mine of M/s FCI Aravali Gypsum and Minerals India Ltd at Village Dhandra, Tahsil Anopgarh, Distt. Srirangagar, Rajasthan (132.37 ha)",FCI ARAVALI GYPSUM AND MINERALS INDIA LTD,EC Granted,RJ,MIN,2012,Rajasthan
IA/RJ/IND/26626/2015,J-11011/298/2012-IA(I),"Proposed Expansion of Integrated Cement Project - - Clinker (6.0 to 9.5 MTPA), Cement (8 to 12 MTPA), CTPP (80 to 140 MW) & WHRB (18 to 30 MW) near Villages: Sangaria, Borakheri, Peerkhera & Rasulpura, Tehsil: Nimbahera, District: Chittorgarh (Rajasthan)",WONDER CEMENT LIMITED,EC Granted,RJ,IND,2015,Rajasthan
IA/RJ/MIN/37888/2015,To be assigned,"Marble Mineral Mining Project M.L. No. 168/99, Area– 1.0 Ha.) At Near Village– Morwad, Tehsil- Rajsamand, District- Rajsamand, (Rajasthan) by M/s Mansarovar Mining Pvt. Ltd",MS MANSAROVAR MINING PVT LTD,DELETED,RJ,MIN,2015,Rajasthan
IA/RJ/IND2/26891/2015,J-11011/77/2015-IAII(I),"Proposed Expansion of Multi-Purpose Plant/ Fluorospeciality Plant (3000 TPA to 6000 TPA); Installation of New Generation Refrigerants & Refrigerant Blends Plant (90,000 TPA) and  Change in Product Mix of Chloromethanes and HC134a at Village & P.O. Jhiwana, Tehsil - Tijara, District - Alwar (Rajasthan) by M/s. SRF Limited.",SRF LIMITED,EC Granted,RJ,IND2,2015,Rajasthan
IA/RJ/MIN/56863/2015,J-11015/226/2015-IA.II(M),"Expansion of  limestone Production capacity from 19.6 to 25.3 Million TPA in captive lime stone mine (ML Area 750 ha) near Villages– Nimbeti and Jawangarh, Tehsil- Jaitaran, District- Pali (Rajasthan)",SHREE CEMENT EAST PRIVATE LIMITED,WithdrawEC,RJ,MIN,2015,Rajasthan
IA/RJ/IND/26617/2015,J-11011/343/2012-IA.II(I),"Proposed expansion of existing integrated cement plant capacity, Clinker from 11.2 to 15.0 Million TPA, Cement 8.8 to 13.2 Million TPA, WHRS from 65 to 80 MW, CPP 180 MW, Synthetic Gypsum 1560 TPD & DG Sets from 1000 to 2000 KVA, located near Village Ras, Pali (Rajasthan).",SHREE CEMENT EAST PRIVATE LIMITED,EC Granted,RJ,IND,2015,Rajasthan
IA/RJ/IND2/30770/2015,J-11011/232/2015-IA II (I),"Proposed 125 KLPD Grain Based Distillery along with 3.5 MW Co-generation Power Plant at RIICO Industrial Area, Village Guwadi & Majhari, Tehsil Shahabad, District Baran (Rajasthan)",CARYA CHEMICALS AND FERTILIZERS PVT LTD,EC Granted,RJ,IND2,2015,Rajasthan
IA/RJ/MIN/26624/2015,J-11015/46/2015-IA-II(M),"Proposed Limestone Mine (ML Area 255.0032 ha) Production Capacity 5.0 MTPA At Villages –Karunda, Payri, Dhanora, Maliya Khedi Tehsil– Nimbahera, District–Chittorgarh (Rajasthan)",WONDER CEMENT LIMITED,EC Granted,RJ,MIN,2015,Rajasthan
IA/RJ/MIN/61479/2016,To be assigned,"Satalkhedi-Pipakhedi Limestone (Building Stone) Mine, near village - Satalkhedi-Pipakhedi, Tehsil – Ramganjmandi, District – Kota (Rajasthan)",SHRI PANKAJ KUMAR BAIRWA,WithdrawEC,RJ,MIN,2016,Rajasthan
IA/RJ/MIS/62679/2015,To be assigned,"Proposed Industrial Area Development (Baggad Industrial Area) near at Village-Baggad, Tehsil - Bhim, District - Rajsamand (Rajasthan)",RIICO LIMITED,DELETED,RJ,MIS,2015,Rajasthan
IA/RJ/MIN/62699/2014,J-11015/63/2014-IA.II(M),"Dhani AbdullaWali Gypsum Mine (Area-1278 ha) at Village-Dhani Abdulla,Tehsil-Kolayat,District-Bikaner,Rajasthan",Rajasthan State Mines & Minerals Limited,Returned in present form,RJ,MIN,2014,Rajasthan
IA/RJ/MIN/63433/2015,J-11015/317/2015-IA.II(M),"CHANAVADA SOAPSTONE MINE Near Village –Chanavada,M.L. Area– 83.491 ha., M.L. No. 09/2000, Tehsil – Girwa, District – Udaipur, State - Rajasthan",M S KRISHNA MINERS TRADERS,EC Granted,RJ,MIN,2015,Rajasthan
IA/RJ/MIS/41577/2013,21-6/2013-IA-III,Finalisation of ToR for development of Jodhpur-Pali-Marwar Industrial Area in Rajasthan,DELHI MUMBAI INDUSTRIAL CORRIDOR DEVELOPMENT CORPORATION,EC Granted,RJ,MIS,2013,Rajasthan
IA/RJ/IND/67716/2017,J-11011/113/2011-IA-II(I),"Proposed Enhancement in Clinker Production Capacity (1.6 to 1.94 MTPA) by Process Optimization at Villages - Bhawaliya & Mangrol, Tehsil - Nimbahera, District - Chittorgarh (Rajasthan) by M/s. Nuvoco Vistas Corp. Ltd. (Formerly Lafarge India Limited)",NUVOCO VISTAS CORP. LTD. (FORMERLY LAFARGE INDIA LIMITED),EC Granted,RJ,IND,2017,Rajasthan
IA/RJ/MIN/30932/2015,J-11015/372/2015-IA-II(M),"Proposed River Bed Mining Project of Bajri, Area-247.10 ha with production capacity 0.342 MTPA At Tehsil & District: Alwar (Rajasthan)",MATESHWARI MINTECH PVT LTD,Delisted EC,RJ,MIN,2015,Rajasthan
IA/RJ/MIN/30926/2015,J-11015/373/2015-IA.II(M),"Proposed River Bed Mining Project of Bajri, Area -237.20 ha with production capacity 0.43 million TPA At Tehsil- Laxmangarh, District: Alwar (Rajasthan)",MATESHWARI MINTECH PVT LTD,Delisted EC,RJ,MIN,2015,Rajasthan
IA/RJ/MIN/70696/2015,J-11015/371/2015-IA.II (M),"River Bed Mining Project of Bajri (Area-581.28 ha) with Production Capacity 1.65 Million TPA at Tehsil: Ramgarh, District: Alwar (Rajasthan) by M/s Mateshwari Mintech Pvt. Ltd.",MATESHWARI MINTECH PVT LTD,Delisted EC,RJ,MIN,2015,Rajasthan
IA/RJ/MIN/62838/2017,IA-J-11015/23/2017-IA-II(M),"Proposed a Limestone Mine {Block 3B1 (b), Area- 247.8711 ha} with Production Capacity 1.70 Million TPA (ROM) (Limestone  production capacity 0.68 Million TPA ) and Crusher Capacity of 1500 TPH near Village Deh, Tehsil- Jayal & Village- Sarasni, Tahsil- Nagaur, District: Nagaur (Rajasthan)",M/S. EMAMI CEMENT LTD.,EC Granted,RJ,MIN,2017,Rajasthan
IA/RJ/MIN/62857/2017,J-11015/40/2017-IA.II(M),"Proposed Limestone Mine {Block 3B1 (a), Area- 267.6288 ha} with Production Capacity 1.70 Million TPA (ROM) (Limestone production capacity 0.68 Million TPA) at Village- Deh, Tehsil-Jayal, District- Nagaur (Rajasthan)",M/S. EMAMI CEMENT LTD.,EC Granted,RJ,MIN,2017,Rajasthan
IA/RJ/IND2/71946/2017,IA-J-11011/505/2017-IA-II(I),"Expansion in bulk drug manufacturing [API (65 to 72 TPA) and Steroid (5 to 8 TPA)] Plant at Plot No. C-24 & 25, RIICO Industrial Area, Village Sotanala, Tehsil Behror, District Alwar (Rajasthan) by M/",SHREE JEE LABORATORY PVT. LTD.,EC Granted,RJ,IND2,2017,Rajasthan
IA/RJ/IND2/66213/2017,IA-J-11011/376/2017-IA-II(I),"Capacity expansion of Drug manufacturing unit from 2 existing products to 12 proposed products by   M/s Alka Laboratories Pvt Ltd at B-1124 RIICO industrial area,phase-III Bhiwadi, Tehsil-Tijara, District-Alwar, State- Rajasthan",ALKA LABORATORIES PRIVATE LIMITED,EC Granted,RJ,IND2,2017,Rajasthan
IA/RJ/IND2/27647/2015,To be assigned,"Enhancement of Existing EC for drilling of Development/Production Wells, Installation & Commissioning of Gas Production and Processing Facilities at SGL Gas Field at District Jaisalmer, Rajasthan",FOCUS ENERGY LIMITED,DELETED,RJ,IND2,2015,Rajasthan
IA/RJ/IND2/27570/2015,To be assigned,"Enhancement of Existing EC for exploratory drilling and testing for Hydrocarbon Block in RJ-ON/6 at District Jaisalmer, Rajasthan.",FOCUS ENERGY LIMITED,DELETED,RJ,IND2,2015,Rajasthan
IA/RJ/NCP/73894/2018,21-25/2018-IA-III,"Proposed Group Housing Project “Mahima Sansaar” (Phase-1) at Plot No. GH-02 in Sahara City Homes Scheme, Village- Bilwa & Manpur Nagalya, Tehsil- Sanganer, District- Jaipur (Rajasthan) of M/s. Mahima Real Estate Pvt. Ltd.",MAHIMA REAL ESTATE PVT LTD,transfertoseiaa,RJ,NCP,2018,Rajasthan
IA/RJ/MIN/74793/2015,J-11015/423/2015-IA.II(M),"KAKROLIA SOAPSTONE & CHINA CLAY MINE Near Village – Kakrolia, Tehsil – Kotri, District – Bhilwara, State - Rajasthan M.L. Area– 232.5 ha, M.L. No-107/09 (R)",GOLCHA MINERALS PRIVATE LIMITED,Returned in present form,RJ,MIN,2015,Rajasthan
IA/RJ/THE/64601/2017,J-13012/07OK/2017-IA.I(T),"Modernization & Expansion in Power Plant from 125.3 MW to 141 MW at Existing Facility of Shriram Nagar Industrial Area, Kota, Rajasthan.",DCM SHRIRAM LIMITED,EC Granted,RJ,THE,2017,Rajasthan
IA/RJ/IND2/74891/2018,J-11011/486/2009-IA.II (I),"Expansion of grain based distillery from 65 KLPD to 74 KLPD by modernization and efficiency improvement at SP-156, RIICO Industrial Area, Village Ajitgarh, Tehsil Sri Madhopur, District Sikar (Rajasthan) by Agribiotech Industries Limited",AGRIBIOTECH INDUSTRIES LIMITED,EC Granted,RJ,IND2,2018,Rajasthan
IA/RJ/IND2/75045/2018,NIL,"Capacity Expansion in Grain Based Distillery (125 KLPD to 140 KLPD) by modernization in fermentation technology at Village Shyampur, Tehsil Behror, District Alwar (Rajasthan) by M/s. Globus Spirits Limited",GLOBUS SPIRITS LIMITED,EC Granted,RJ,IND2,2018,Rajasthan
IA/RJ/NCP/75845/2018,21-70/2018-IA-III,"Affordable Housing Project at Plot no. GH-1 at village Shrirampura, Tehsil- Sanganer, Jaipur (Rajasthan).",ARG DEVELOPERS PVT. LTD.,transfertoseiaa,RJ,NCP,2018,Rajasthan
IA/RJ/IND/26554/2015,To be assigned,"Shree Cement Ltd. is proposing 2 x 2.6  Million TPA Clinker, 3.0 Million TPA Cement, 2 x 25 MW Captive Power Plant & 2 x 20 MW Waste Heat Recovery Power Generation  near village Joga Tehsil & District Jaisalmer (Rajasthan). 2000 KVA DG sets ( Size, 1000 / 500 / 250 / 125  KVA)  will be installed for plant lighting purpose if CPP and grid power fail.",Shree Cement Ltd.,DELETED,RJ,IND,2015,Rajasthan
IA/RJ/MIN/26526/2015,To be assigned,"Shree Cement Ltd. is proposing limestone mining of 8.0 Million TPA from Parewar (SN-V Block) Lime Stone Mines, area 912.0 ha,  located near Village Joga and Parewar Tehsil & District Jaisalmer (Rajasthan) to meet the raw material requirement of proposed adjacent integrated cement plant of capacity, 2x2.6 Million TPA Clinker, 3.0 Million TPA Cement, 2x20 MW WHRS  and 2x25 MW CPP.",Shree Cement Ltd.,DELETED,RJ,MIN,2015,Rajasthan
IA/RJ/MIS/64611/2017,10-29/2017-IA-III,"Development of Bhiwadi International Airport near Bhiwadi, Distt. Alwar, Rajasthan",DELHI MUMBAI INDUSTRIAL CORRIDOR DEVELOPMENT CORPORATION,Delisted EC,RJ,MIS,2017,Rajasthan
IA/RJ/IND2/88420/2017,To be assigned,"Proposed 90 KLPD Grain Based Distillery along with 3.0 MW Co-generation Power Plant at Village Ganora, Tehsil Ganora, District Banswara (Rajasthan) by Express Digital Payment Services Private Ltd.",EXPRESS DIGITAL PAYMENT SERVICES PVT. LTD.,DELETED,RJ,IND2,2017,Rajasthan
IA/RJ/NCP/94368/2019,10-63/2018-IA.III,Construction of 4/6 lane road from Rasisar (Bikaner) to Deogarh (Jodhpur) in the state of Rajasthan from CH-0.000 km to 180.000 km. This is a part of Amritsar to Kandla Express Way under Bharatmala Pa,NATIONAL HIGHWAY AUTHORITY OF INDIA PIU JODHPUR,EC Granted,RJ,NCP,2019,Rajasthan
IA/RJ/MIN/8511/2012,J-11015/69/2018-IA.II(M),Bhatkotari Limestone Mine,WONDER CEMENT LIMITED,Returned in present form,RJ,MIN,2012,Rajasthan
IA/TN/MIS/27446/2015,11-14/2015-IA-III,"Reconstruction of Fish Landing centre at Mookaiyur in Ramanathapuram District, Tamil Nadu",DEPARTMENT OF FISHERIES,transfertoseiaa,TN,MIS,2015,Tamil Nadu
IA/TN/NCP/29272/2015,To be assigned,"Proposed Construction of 561 Dwelling Units at S.No. 337 pt and 340 pt (New Survey Number 6, Block No. 129 of Kodambakkam village, Guindy – Mambalam Taluk, Chennai – 600078, Tamil Nadu.",TAMIL NADU HOUSING  BOARD,DELETED,TN,NCP,2015,Tamil Nadu
IA/TN/IND2/29811/2013,J-11011/202/2013-IA II (I),"Development drilling of 66 Wells in 7ML/NELP Block Onshore in District Cuddalore, Nagapattinam, Tiruvarur and Tanjavar, Tamil Nadu",ONGC,Delisted EC,TN,IND2,2013,Tamil Nadu
IA/TN/IND2/30769/2014,To be assigned,"Expansion of Methyl Iso Butyl Ketone With a Capacity Of 30,000 MTPA, Along With Captive Power Plant of 2 MW at Chinna Sekkadu (V), Manali Industrial Area, Madhavaram Taluk, Chennai, Tamil Nadu By M/S",Cetex Petrochemicals Limited,DELETED,TN,IND2,2014,Tamil Nadu
IA/TN/IND2/33261/2013,J.11011/363/2013-IA.II(I),"Drilling of 8 additional exploratory/appraisal drilling in the Block CY-DWN-2001/2(CY-III-D5) of M/s Reliance Industries Ltd., Off the Coast of Tamil Nadu Bay of Bengal (TOR)",RELIANCE INDUSTRIES EXPLORATION AND PRODUCTION,EC Granted,TN,IND2,2013,Tamil Nadu
IA/TN/MIS/38715/2016,11-8/2016-IA-III,"CRZ Clearance – Proposed Beach Resort Project at R. S. No. 477/1, 2, 3, 5 & 6, 479/3, 4, 7 & 8 of Thengamputhur Village, Agastheeswaram Taluk, Kanniyakumari District, Tamil Nadu of M/s Escapade Resorts Pvt. Ltd.",ESCAPADE RESORTS PVT LTD,EC Granted,TN,MIS,2016,Tamil Nadu
IA/TN/MIS/57794/2016,11-25/2016-IA-III,"Laying of treated sewage conveying main to Creek of Buckingham Canal for the discharge of treated sewage from the proposed construction of 6 MLD STP at Navalur Village, Thiruporur Taluk, Kancheepuram District, Tamil Nadu",CHENNAI METROPOLITAN WATER SUPPLY AND SEWERAGE BOARD NAVALUR,Delisted EC,TN,MIS,2016,Tamil Nadu
IA/TN/MIS/59749/2016,11-36/2016-IA-III,"DESIGN, BUILD 150MLD CAPACITY DESALINATION PLANT BASED ON SEA WATER REVERSE OSMOSIS AT NEMMELI, EAST COAST ROAD, CHENNAI, TAMIL NADU AND OPERATION AND MAINTENANCE FOR 20 YEARS.",CHENNAI METROPOLITAN WATER SUPPLY AND SEWERAGE BOARD DESALINATION PLANT,EC Granted,TN,MIS,2016,Tamil Nadu
IA/TN/MIS/59770/2016,11-37/2016-IA-III,"DESIGN, BUILD 400MLD CAPACITY DESALINATION PLANT BASED ON SEA WATER REVERSE OSMOSIS AT PERUR, EAST COAST ROAD, CHENNAI, TAMIL NADU AND OPERATION AND MAINTENANCE FOR 20 YEARS",CHENNAI METROPOLITAN WATER SUPPLY AND SEWERAGE BOARD DESALINATION PLANT,EC Granted,TN,MIS,2016,Tamil Nadu
IA/TN/MIN/63410/2015,To be assigned,"Tamil Nadu Minerals Ltd-Colour Granite Quarry, Jekkery Village, Dnekanikottai Taluk, Krishnagiri District,TN",M/S. TAMIL NADU MINERALS LIMITED,transfertoseiaa,TN,MIN,2015,Tamil Nadu
IA/TN/NCP/64364/2017,To be assigned,"Construction of Residential Building Complex at Old No. 13, New No. 4, Ward No.1, Old Survey No.34/2 part, 37 (part), T.S No. 2/2, Block No. 12 in MTH Road (Presently CTH Road), Padi Village, Ambatur Taluk, Thiruvallur District, Tamil Nadu by M/s. An",SIDDHARTH N MAHER,transfertoseiaa,TN,NCP,2017,Tamil Nadu
IA/TN/IND2/65250/2015,To be assigned,"Proposed Bulk LPG Storage & Bottling Facility at B37/pt to B43/pt, B50/pt, B51/pt, C30 to 41 etc. SIPCOT Industrial Growth Centre, Gangaikondan Village, Tirunelveli Taluk & District Tamil Nadu by M/s",Indian Oil Corporation Limited (IOCL),Delisted EC,TN,IND2,2015,Tamil Nadu
IA/TN/IND2/60062/2016,J- 11011/349/2016-IA.II(I),"Proposed Expansion for the Manufacturing of Pigment and Intermediate Products at SIPCOT Industrial Complex, Kudikadu Village, Cuddalore Taluk, Cuddalore District, Tamil Nadu",CLARIANT CHEMICALS INDIA LIMITED,transfertoseiaa,TN,IND2,2016,Tamil Nadu
IA/TN/MIS/69795/2017,11-46/2017-IA.III,"Facilitation of new sea water intake system by realigning of existing intake and outfall pipeline route at Ennore by Coromandel International Limited, Ennore, Tiruvottiyur Taluk, Tiruvallur Dist., Tamil Nadu",COROMANDEL INTERNATIONAL LIMITED,EC Granted,TN,MIS,2017,Tamil Nadu
IA/TN/IND2/63663/2017,To be assigned,"Proposed Expansion of the Bulk Drug Unit at SIPCOT, Industrial Estate, Gummidipoondi by M/s Anjan Drug Private Limited, Tiruvallur District, Tamil Nadu",ANJAN DRUG PRIVATE LIMITED,DELETED,TN,IND2,2017,Tamil Nadu
IA/TN/MIS/74649/2018,11-13/2018-IA.III,"Construction of New Lighthouse at Kuthankuli, Survey No 467/29 in Thiruvambalapuram Village, Tirunelveli District, Tamil Nadu",DIRECTORATE OF LIGHTHOUSES AND LIGHTSHIPS MUMBAI,EC Granted,TN,MIS,2018,Tamil Nadu
IA/TN/MIS/75650/2018,To be assigned,"Post Facto Clearance under CRZ Notification 2011 for existing approach bund (rubble) at Thoothukudi Tehsil, Thoothukudi District, Tamil Nadu",THOOTHUKUDI CITY MUNICIPAL CORPORATION,Delisted EC,TN,MIS,2018,Tamil Nadu
IA/TN/MIS/73565/2018,10-23/2018-IA-III,"Integrated Common Hazardous Waste Treatment, Storage & Disposal Facility by Tamil Nadu Waste Management Limited, Unit-3 at Bargur, Krishnagiri District, Tamil Nadu.",TAMIL NADU WASTE MANAGEMENT LIMITED,EC Granted,TN,MIS,2018,Tamil Nadu
IA/TN/IND2/76158/2017,To be assigned,"Proposed expansion in production of pigments and pigment related products at Plot No. A6/ 3, Sipcot Industrial Complex, Pachayakuppam Village, Cuddalore District, Tamil Nadu by M/s. Supreme Dyechem Pv",SUPREME DYECHEM PRIVATE LIMITED,DELETED,TN,IND2,2017,Tamil Nadu
IA/TN/MIS/74913/2018,10-43/2018-IA-III,"Integrated Common Hazardous Waste Treatment Storage & Disposal Facility at EPIP SIPCOT, Pappankuppam (V) Gummidipoondi (T), Tiruvallur (D), Tamil Nadu by Tamil Nadu Waste Management Limited",TAMIL NADU WASTE MANAGEMENT LIMITED,EC Granted,TN,MIS,2018,Tamil Nadu
IA/TN/IND2/87037/2018,IA-J-11011/31/2018-IA-II(I),"Expansion of PVC Plant at Cuddalore, Tamil Nadu from 3,00,000 TPA to 6,00,000 TPA by M/s. Chemplast Sanmar Limited",CHEMPLAST SANMAR LIMITED,transfertoseiaa,TN,IND2,2018,Tamil Nadu
IA/TN/IND2/91262/2018,F.No 23-86/2018-ia.III(v),"Bulk LPG Storage & Bottling Facility at Gangaikondan village, Tirunelveli Taluk & District, Tamil Nadu.",Indian Oil Corporation Limited (IOCL),EC Granted,TN,IND2,2018,Tamil Nadu
IA/TN/MIS/101153/2019,To be assigned,"Development of Rail Corridor at MIDPL Port Facility at Kattupalli Village, Ponneri Taluk, Tiruvallur District, Tamil Nadu.",MARINE INFRASTRUCTURE DEVELOPER PRIVATE LIMITED,Under examination of SCZMA,TN,MIS,2019,Tamil Nadu
IA/TN/MIN/112499/2017,23-203/2018-IA.III (V),Mahimandalam Black Granite Mine of M/s Tamil Nadu Minerals Limited,M/S. TAMIL NADU MINERALS LIMITED,EC Granted,TN,MIN,2017,Tamil Nadu
IA/DL/MIS/127887/2019,10-60/2019-IA-III,Treatment Storage Disposal Facility by Tamil Nadu Waste Management Limited,RAMKY ENVIRO ENGINEERS LTD,EC Granted,DL,MIS,2019,Tamil Nadu
IA/TN/THE/140843/2020,13012/02/2020-IA.I(T),SRI ANDAL PAPER MILLS PRIVATE LIMITED (POWER DIVISION),SRI ANDAL PAPER MILLS PVT LTD (POWER PLANT),EC Granted,TN,THE,2020,Tamil Nadu
IA/TN/IND2/156565/2020,IA-J-11011/132/2020-IA-II(I),"Proposed Project of Poly Vinyl Chloride (PVC) Paste Resin Plant of 70,000 TPA Plant of M/s. Chemplast Sanmar Limited at Cuddalore, Tamilnadu",CHEMPLAST SANMAR LIMITED,EC Granted,TN,IND2,2020,Tamil Nadu
IA/TN/NCP/186694/2019,10-39/2019-IA.III,"Proposed Construction of Training Walls for Permanent Stability of Bar Mouth at Pulicat Village, Ponneri Taluk, Thiruvallur District of Tamil Nadu",DEPARTMENT OF FISHERIES,EC Granted,TN,NCP,2019,Tamil Nadu
IA/TN/MIS/208339/2020,21-36/2021-IA-III,"Extension of Runway with Blast Pad, RESA, Taxiway, Apron, GSE Area, Isolation Bay, New Domestic Terminal Building & Miscellenious Works at  Tuticorin Airport, Tamil Nadu","AIRPORTS AUTHORITY OF INDIA, TUTICORIN AIRPORT",EC Granted,TN,MIS,2020,Tamil Nadu
IA/TN/MIN/211156/2017,23-18/2019-IA.III (V),"Expansion in production capacity from 0.28 Million TPA to 1.34 Million TPA, of Kallankurichi Limestone Mines (G.O. No. 456) by Tamil Nadu Cements Corporation Limited.",TAMIL NADU CEMENTS CORPORATION LIMITED,EC Granted,TN,MIN,2017,Tamil Nadu
IA/TN/MIN/246274/2021,To be assigned,"M/s. Ultra Sahara Sand, New Orattukuppai Rough stone and Gravel Quarry Project over an Extent of 2.37.0Ha of Patta land in S.F.Nos. 188 (P) & 190 (P) of Orattukuppai Village, Madukkarai Taluk, Coimbatore District, Tamil Nadu",ULTRA SAHARA SAND,Delisted EC,TN,MIN,2021,Tamil Nadu
IA/TN/MIN/246440/2021,To be assigned,"M/s. Ultra Sahara Sand, Orattukuppai Rough stone and Gravel Quarry Project over an Extent of 2.50.0Ha of Patta land in S.F.Nos. 191 (P) & 198 (P)of Orattukuppai Village, Madukkarai Taluk, Coimbatore District, Tamil Nadu.",ULTRA SAHARA SAND,Delisted EC,TN,MIN,2021,Tamil Nadu
IA/TN/MIN/246477/2021,To be assigned,"Tvl. Sri Sawariya Rocks,  our New R.Vellodu Multi Colour Granite Quarry project for over an Extent of 1.56.0Ha of Patta land in S.F.No.782/2 of R.Vellodu Village, Vedasandur Taluk, Dindigul District, Tamil Nadu",SRI SAWARIYA ROCKS,Delisted EC,TN,MIN,2021,Tamil Nadu
IA/TN/MIN/246518/2021,To be assigned,"Tvl. Pollachi Granites, New Sokkanur Rough Stone and Gravel Quarry Project over an Extent of 2.42.0ha of Patta land in S.F.No.444/1 (P) of Sokkanur Village, Kinathukadavu Taluk, Coimbatore District, Tamil Nadu.",POLLACHI GRANITES,Delisted EC,TN,MIN,2021,Tamil Nadu
IA/TN/MIN/247520/2021,To be assigned,"P.Mayilvahanan, M/s. Swathi Exports Arasiramani Bit-II Multi - coloured Granite Quarry Project at over an Extent of 2.01.0Ha of Patta land in S.F.Nos. 549/1 & 549/6, of Arasiramani Bit-II Village, Sankari Taluk, Salem District, Tamil Nadu State",TVL SWATHI EXPORTS GRANITE,Delisted EC,TN,MIN,2021,Tamil Nadu
IA/TN/MIS/247830/2021,To be assigned,"Proposed construction of Multistoried commercial building at Kakapallam Village, Ambattur Taluk, Thiruvallur District, Tamil Nadu.",KVPS PROPERTY DEVELOPERS PRIVATE LIMITED,transfertoseiaa,TN,MIS,2021,Tamil Nadu
IA/TN/IND3/248368/2021,IA-J-11011/544/2021-IA-II(I),"“Proposed expansion of Active Pharmaceutical Ingredients (APIs) Bulk Drug manufacturing within the Existing Plant” of M/s. Sun Pharmaceutical Industries Ltd. Village Sathammai, Taluk Madurantakam, District Chengalpattu (Formerly Kancheepuram), Tamil Nadu",MS. SUN PHARMACEUTICAL INDUSTRIES LIMITED,EC Granted,TN,IND3,2021,Tamil Nadu
IA/TN/MIS/250599/2020,21-140/2021-IA-III,"Expansion of existing Integrated Terminal Building and Construction of New ATC Tower cum Technical Block & Miscelleneous Works at Madurai Airport, Tamil Nadu","AIRPORTS AUTHORITY OF INDIA, MADURAI AIRPORT",EC Granted,TN,MIS,2020,Tamil Nadu
IA/TN/IND2/282591/2022,IA-J-11011/252/2022-IA-II(I),"Proposed 75 KLPD Grain Based Distillery under Ethanol Blending Program by M/s Tatsavi and Manikanta Ventures Pvt. Ltd. At Plot No-A-18, SIPCOT Industrial Park, Tindivanam, Villupuram District (C District), Tamil Nadu, India",TATSAVI AND MANIKANTA VENTURES PRIVATE LIMITED,EC Granted,TN,IND2,2022,Tamil Nadu
IA/KA/MIS/22926/2013,10-53/2013-IA.III,"TOR for extension and development of existing Airport at Hubli, Karnataka","Airports Authority of India, Hubli",EC Granted,KA,MIS,2013,Karnataka
IA/KA/MIS/24163/2013,10-52/2013-IA.III,Development of Airport at Belgaum in Karnataka,"Airports Authority of India, Hubli",EC Granted,KA,MIS,2013,Karnataka
IA/IND/KA/23953/2014,J-11011/172/2007-IA-II(I),"EXPANSION OF INTEGRATED IRON & STEEL PLANT TO 1.4 MTPA CAPACITY TO BE SET UP IN KOPPAL DISTRICT, KARNATAKA BY KALYANI STEELS LIMITED (KSL)",Kalyani Steels Ltd,EC Granted,IND,KA,2014,Karnataka
IA/KA/IND2/32158/2014,J-11011/159/2014-IA II (I),"60 KLPD molasses based distillery plant and 3 MW cogeneration power plant to be located at village Yeregal, TalukaMuddebihal, Distt. Bijapur (Karnataka)",BALAJI SUGARS AND CHEMICALS PVT LTD,EC Granted,KA,IND2,2014,Karnataka
IA/KA/RIV/27177/2015,J-12011/5/2015-IA-1,"Proposed Tubachi-Babaleshwara Lift Irrigation Scheme near Janawad Village, Jamakhandi Taluk, Bagalkot District, Karnataka by M/s Karnataka Neeravari Nigam Ltd, Govt. of Karnataka",CHIEF ENGINEER KNNL,EC Granted,KA,RIV,2015,Karnataka
IA/KA/MIN/24494/2014,J-11015/251/2014-IA.II(M),"NMDC Limited Construction of new Screening & Beneficiation plant-II,  slime disposal pipeline-1 & 2, Tailing dam-1 & 2 at Donimalai for Donimalai and Kumaraswamy Iron Ore Mines of M/s. NMDC Limited, Bellary District, Karnataka state.",NMDC LIMITED,Delisted EC,KA,MIN,2014,Karnataka
IA/KA/MIS/27103/2015,21-58/2015-IA-III,"Karnataka Industrial Areas Development Board (KIADB), Chamarajanagara",KARNATAKA INDUSTRIAL AREAS DEVELOPMENT BOARD (KIADB),EC Granted,KA,MIS,2015,Karnataka
IA/KA/RIV/27139/2015,J-12011/6/2015-IA-1,"Proposed expansion of Upper Bhadra Lift Irrigation Scheme near Muttinakoppa Village, NR Pura Taluk, Chickmagalur District in Karnataka by M/s Karnataka Neeravari Nigam Limited",KARNATAKA NEERAVARI NIGAM LTD,EC Granted,KA,RIV,2015,Karnataka
IA/KA/IND/61156/2014,J-11015/125/2014/IA.II(M),"Construction of new Screening & Beneficiation plant-II, slime disposal pipeline-1&2, Tailing dam-1&2 at Donimalai of M/s. NMDC Limited located at District Bellary, Karnataka (10 MTPA)",NMDC LIMITED,ClosedEC,KA,IND,2014,Karnataka
IA/KA/IND/22038/2014,J-11011/80/2014-IA-II,"EC for 6 MTPA integrated Steel Plant at Kuduthini village Bellary District, Karnataka.",UTTAM GALVA FEROUS LIMITED,Rejected,KA,IND,2014,Karnataka
IA/KA/NCP/65436/2014,21-6/2014-IA.III,"Setting up of Kolhar Industrial Area 2nd Phase, Kolhar Village, Bidar, Karnataka by M/s Karnataka Industrial Areas Development Board (KIADB",KARNATAKA INDUSTRIAL AREAS DEVELOPMENT BOARD (KIADB),EC Granted,KA,NCP,2014,Karnataka
IA/KA/MIS/67427/2017,11-30/2017-IA.III,"Proposed Beach Resort Project at Beejadi Village, Kundapura Taluk, Udupi District, Karnataka",SUNIL SHETTY,EC Granted,KA,MIS,2017,Karnataka
IA/KA/NCP/67486/2017,To be assigned,"Construction Of Infrastructure (Non Residential & Residential Building) For CISF 10th Re-serve Battalion at Lakkur Village, Bangalore, Karnataka",CPWD KARNATAKA,Delisted EC,KA,NCP,2017,Karnataka
IA/KA/NCP/67661/2017,To be assigned,"Expansion Of Residential Apartment Building Called “Durga Petals” At Sy No. 6/1B, 20/4, 20/3, 8/2 & 20/2  (Municipal No. 3493) Of Doddanekundi Village, Varthur Hobli, Bengaluru East Taluk, Bengaluru. Karnataka",DURGA PROJECTS AND INFRASTRUCTURE PVT LTD,Delisted EC,KA,NCP,2017,Karnataka
IA/KA/IND/23395/2014,J-11011/205/2014-IA-II(I),"Tor proposal for installation of steel Plant, power plant based on waste heat Recovery at Hanumanhalli Village, Danapur mndal, Hospet Taluk, Bellary District-Karnataka by M/s The Sandur managenese & I",THE SANDUR MANGANESE IRON ORES LIMITED,EC Granted,KA,IND,2014,Karnataka
IA/KA/IND2/67245/2017,To be assigned,"Proposed Green Field POL Terminal at Nandur Kesartagi Industrial Area, 2nd Phase, Kalaburagi District, Karnataka by M/s Bharat Petroleum Corporation Limited",MS BPCL,DELETED,KA,IND2,2017,Karnataka
IA/KA/IND/51427/2016,J-11011/105/2016-IA-II(I),"Proposed Integrated Steel Plant of 0.7 MTPA capacity by M/s. Mukand Ltd. at Village- Kanakapur, Taluka & District- Koppal, Karnataka",MUKAND LTD,Returned in present form,KA,IND,2016,Karnataka
IA/KA/MIS/75619/2018,To be assigned,"Beach Resort at Sy No. 159, 160 & 264 Paduvari Village, Byndoor, Kundapur Taluk, Udupi District, Karnataka",AKKAYYA HOSPITALITY SERVICES,Delisted EC,KA,MIS,2018,Karnataka
IA/KA/MIS/75622/2018,To be assigned,"CRZ Clearance for Existing Conveying System of Cement Bulk Terminal  at New Mangalore Port, P.B. No. 17, Beach Road, Panambur, Mangalore (Karnataka)",M/s. UltraTech Cement Ltd.,Delisted EC,KA,MIS,2018,Karnataka
IA/KA/IND2/63010/2017,To be assigned,"Proposed Distillery, Sugar and Co-Gen Unit by M/s. G M Sugars & Energy Ltd at at Sy. No. 40/2, 40/3, 40/4, 40/5, 40/6, 41/2, 41/3, 41/4, 41/5, 41/6, 47(P), 50/1 (P) of Chatnahalli Village, Hirekerur Taluk, Haveri District, Karnataka State",GM SUGARS AND ENERGY LTD,DELETED,KA,IND2,2017,Karnataka
IA/KA/MIS/71634/2017,10-2/2018-IA-III,"Common Hazardous Waste and Bio-medical Waste Treatment Facility at Harohalli Industrial Area - 2nd Phase, Harohalli Village, Ramanagara District, Karnataka",MARIDI ECO INDUSTRIES PRIVATE LIMITED,EC Granted,KA,MIS,2017,Karnataka
IA/KA/MIN/96256/2019,To be assigned,"INCREASE OF MINING LEASE AREA FROM 512.354 HA TO 519 HA, ITAGI LIMESTONE MINE, ORIENT CEMENT LIMITED, KARNATAKA",M/s Orient Cement Ltd.,Delisted EC,KA,MIN,2019,Karnataka
IA/KA/MIN/99068/2019,J-11015/60/2011-IA.II(M),"Proposal for Increase of Mining Lease Area from 512.354 Ha to 519 Ha, Itagi Limestone Mine, Orient Cement Limited, Karnataka",M/s Orient Cement Ltd.,Rejected,KA,MIN,2019,Karnataka
IA/KA/NCP/29175/2015,21-135/2015-IA-III,Establishment of Canara Industrial Area,KARNATAKA INDUSTRIAL AREAS DEVELOPMENT BOARD CANARA,Deferred by EAC,KA,NCP,2015,Karnataka
IA/KA/MIN/51650/2016,To be assigned,"Proposed Dolomite and Limestone Mining Project, Kanubenahalli (V), Hodadurga (T), Chitradurga (D), Karnataka state",T K CHANDRAPPA,Delisted EC,KA,MIN,2016,Karnataka
IA/KA/IND2/105873/2017,J-11011/500/2017-IA-II(I),"Proposed Expansion of Coal Tar Distillation and Addition of Carbon Black Plant at Musinayakahalli, Taluk Sandur, District Ballari, Karnataka",EPSILON CARBON PRIVATE LIMITED,EC Granted,KA,IND2,2017,Karnataka
IA/KA/MIN/75088/2018,IA-J-11015/93/2018-IA-II(M),"Kumaraswamy Iron Ore Mine (ML No: 1111, M.L. area 639.80 Ha, 7.0 MTPA ROM Iron ore production capacity) of M/s. NMDC Limited, Ballari District, Karnataka - Environmental Clearance under EIA 2006.",NMDC LIMITED DONIMALAI,EC Granted,KA,MIN,2018,Karnataka
IA/KA/MIS/152717/2020,10-22/2020-IA-III,"Setting Up of 5 MLD Common Effluent Treatment Plant’ at Kadechuru Industrial Area, Yadgiri Taluk, Yadgiri District, Karnataka by M/s Mother Earth Environ Tech Pvt Ltd",MOTHER EARTH ENVIRONTECH PVT LTD,EC Granted,KA,MIS,2020,Karnataka
IA/KA/IND/180641/2014,J-11011/80/2014-IA.II(I),Setting up of 6MTPA Integrated Steel Plant and 500 MW of Captive Power Plant at Kudutini Village Bellary Karnataka,UGFL,Returned in present form,KA,IND,2014,Karnataka
IA/KA/MIN/77229/2018,IA-J-11015/112/2018-IA-II(M),Karigatta Limestone Mine (ML No.- 2015),MS CEMENT CORPORATION OF INDIA LIMITED,Delisted EC,KA,MIN,2018,Karnataka
IA/KA/MIN/77548/2018,IA-J-11015/113/2018-IA-II(M),Karigatta Limestone Mine (ML No.- 1880),MS CEMENT CORPORATION OF INDIA LIMITED,Delisted EC,KA,MIN,2018,Karnataka
IA/KA/MIN/77258/2018,IA-J-11015/114/2018-IA-II(M),Karigatta Limestone Mine (ML No.- 1339),MS CEMENT CORPORATION OF INDIA LIMITED,Delisted EC,KA,MIN,2018,Karnataka
IA/KA/IND/184016/2018,To be assigned,"Mill Development Plan (MDP) Comprising of augmentation of pulp mill and existing paper machines, installation of Multi-layer Coated Board Machine and installation of 35 MW steam turbine with 135 TPH F",THE WEST COAST PAPER MILLS LIMITED,DELETED,KA,IND,2018,Karnataka
IA/KA/IND/184771/2017,J-11011/408/2006-IA-II(I),"Mill Development Plan (MDP) Comprising of augmentation of pulp mill and existing paper machines, installation of Multi-layer Coated Board Machine and installation of 35 MW steam turbine with 135 TPH F",THE WEST COAST PAPER MILLS LIMITED,EC Granted,KA,IND,2017,Karnataka
IA/KA/IND2/198342/2017,J-11011/77/2017-IA-II  (I),"proposed Distillery, Sugar and Co-Gen Unit at Sy. No. 40/1, 40/2, 40/3, 40/4, 40/5, 40/6, 41/ 41/3, 41/4, 41/5, 41/6, 42, 47(P), 50/1(P), 41/1, 47/2, 49/1, 49/2, 53/5a/1, 62/2 of Chatnahalli Village,",GM SUGARS AND ENERGY LTD,Delisted EC,KA,IND2,2017,Karnataka
IA/KA/IND2/200952/2017,J-11011/77/2017-IA-II (I),"proposed Distillery, Sugar and Co-Gen Unit at Sy. No. 40/1, 40/2, 40/3, 40/4, 40/5, 40/6, 41/ 41/3, 41/4, 41/5, 41/6, 42, 47(P), 50/1(P), 41/1, 47/2, 49/1, 49/2, 53/5a/1, 62/2 of Chatnahalli Village,",GM SUGARS AND ENERGY LTD,EC Granted,KA,IND2,2017,Karnataka
IA/KA/IND2/204580/2020,IA/KA/IND2/189626/2020,"Proposed Graphite Manufacturing Plant at Musinayakahalli, Taluk Sandur, District Ballari, Karnataka by Epsilon Graphite Private Limited",EPSILON GRAPHITE PRIVATE LIMITED (EGPL),ClosedEC,KA,IND2,2020,Karnataka
IA/KA/MIN/154994/2020,J-11015/26/2020-IA-II(M),"Sedam Limestone Mine (ML Area: 995.97 ha) with Limestone Capacity 5.2 Million TPA, Soil 0.062 Million TPA and Waste 0.98 Million TPA; (Total Excavation 6.242 Million TPA) Crusher 1500 TPH (13ha outside ML for infrastructure)",DALMIA CEMENT (BHARAT) LIMITED,EC Granted,KA,MIN,2020,Karnataka
IA/KA/IND/31502/2010,J-11011/489/2009-IA.II(I),"Expansion of Integrated Steel Plant (from 10 MTPA to 16 MTPA) along with Captive Power Plant (600 MW) of M/s JSW Steel Limited located near Village Tornagallu, District Bellary in Karnataka",JSW STEEL LIMITED,Returned in present form,KA,IND,2010,Karnataka
IA/KA/MIS/193187/2021,21-50/2021-IA-III,"Proposed establishment of common Incinerator, common BMW Management Facility & CETP at KIADB Harohalli Industrial Area – 3rd phase, Kanakapura Taluk, Ramanagar District, Karnataka.",MOTHER EARTH ENVIRONTECH PVT LTD,EC Granted,KA,MIS,2021,Karnataka
IA/KA/IND/214105/2014,J-11011/80/2014-IA-II(I),Setting up of 6.0 MTPA Integrated Steel Plant along with 893 MW captive Power Plant at Village Kuduthini Bellary Karnataka,UGFL,Rejected,KA,IND,2014,Karnataka
IA/KA/NCP/138215/2020,21-33/2020-IA.III,"Proposed Mulawada Industrial Area at Mulawada village, Kolhar Hobli, Basavana Bagevadi Taluk, Vijayapura District, Karnataka",KARNATAKA INDUSTRIAL AREAS DEVELOPMENT BOARD (KIADB),EC Granted,KA,NCP,2020,Karnataka
IA/KA/IND2/220067/2012,J-11011/341/2012-IA.II(I),"Expansion of the Existing Distillery from 90 KLPD to dual feed 300 KLPD under EBP Scheme  at  Sangankeri Yadwad Road, Hunshyal P.G., Gokak Taluk, Belgaum District, Karnataka State. Pin: 591 224 by M/s",SATISH SUGARS LIMITED,EC Granted,KA,IND2,2012,Karnataka
IA/KA/IND/229388/2018,J-11011/489/2009-IA.II(I),"Expansion of Integrated Steel Plant from 16 MTPA to 18 MTPA and captive power Plant 1490 MW Located at Vijayanagar Works, Toranagallu, Bellary, Karnataka",JSW STEEL LIMITED,EC Granted,KA,IND,2018,Karnataka
IA/KA/IND2/234114/2021,IA-J-11011/110/2017-IA-II(I),"Expansion of Distillery unit 50 KLPD to 150 KLPD       (By addition of 100 KLPD Ethanol) Located at S. No 90, 92, Krishnanagar, Hosur post, Vijayapur Taluk & district, Karnataka State  by  M/s Nandi Sahakari Sakkare Karkhane Niyamit",NANDI SAHAKARI SAKKARE KARKHANE NIYAMIT,EC Granted,KA,IND2,2021,Karnataka
IA/TG/MIS/25096/2014,21-26/2014-IA-III,"Environmental Clearance for Commercial Complex at Kukatpally, Balanagar(Mandal), Ranga  Reddy, Andhra Pradesh by M/s PSR Constructions",PSR CONSTRUCTIONS,EC Granted,TG,MIS,2014,Andhra Pradesh
IA/AP/IND/26391/2012,J-11011/31/2012-IA (II) I,"Development Drilling of 40 wells at East Godavari, West Godavari and Krishna District Andhra Pradesh",ONGC,Delisted EC,AP,IND,2012,Andhra Pradesh
IA/AP/IND2/26992/2012,F. No. J-11011/31/2012-IA (II) I,"Development Drilling of 40 wells at East Godavari, West Godavari and Krishna District Andhra Pradesh",ONGC,Delisted EC,AP,IND2,2012,Andhra Pradesh
IA/AP/MIS/599/2012,11-70/2012-IA-III,"Prior EC for development of FSRU based LNG Terminal at Deep Water, Kakinada, East Godavari distt, Andhra Pradesh.",ANDHRA PRADESH GAS DISTRIBUTION CORPORATION,EC Granted,AP,MIS,2012,Andhra Pradesh
IA/AP/IND/23467/2014,J-11011/215/2014-IA-II(I),"TOR proposal for 1 lakh TPA Barytes Beneficiation plant at Gajulamandyam village, Distt-Chittor, Andhra Pradesh by M/s Garuda dtilling Mud Chemicals Pvt. Ltd.",GARUDA DRILLING MUD CHEMICALS PVT LTD,transfertoseiaa,AP,IND,2014,Andhra Pradesh
IA/AP/MIS/27872/2015,11-20/2015-IA-III,"Proposed Oil & Gas Development in Existing Ravva Offshore Field, PKGM-1 Block, off Surasaniyanam in Bay of Bengal, East Godavari District, Andhra Pradesh, India",M/s Vedanta Limited(Division Cairn Oil & Gas),EC Granted,AP,MIS,2015,Andhra Pradesh
IA/AP/MIS/30117/2015,11-29/2016-IA-III,"Exploratory and Appraisal Drilling of Ten Wells in Hydrocarbon Leads off the Coast of Nellore District, Andhra Pradesh in PR-OSN-2004/1 (Palar Block), Bay of Bengal",M/s Vedanta Limited(Division Cairn Oil & Gas),Delisted EC,AP,MIS,2015,Andhra Pradesh
IA/AP/MIS/30279/2010,21-61/2010-IA-III,"PROPOSED MULTI PRODUCT SPECIAL ECONOMIC ZONE (SEZ) AT NAIDUPETA, NELLORE DIST, ANDHRA PRADESH by ANDHRA PRADESH INDUST",ANDHRA PRADESH INDUSTRIAL INFRA STRUCTURE CORPORATION,EC Granted,AP,MIS,2010,Andhra Pradesh
IA/AP/IND2/30724/2014,J-11011/ 363/ 2014 - IA II (I),"Exploratory/Appraisal Drilling in KG-OSN-2009/3 Block in Offshore KG Basin, Prakasam & Guntur Districts, Andhra Pradesh by M/s Cairn India Limited",M/s Vedanta Limited(Division Cairn Oil & Gas),EC Granted,AP,IND2,2014,Andhra Pradesh
IA/AP/MIS/32881/2015,11-36/2015-IA-III,"Development drilling of 45 wells at Block KG-DWN-98/2, KG offshore, Tehsil Allavaram, District East Godavari, Andhra Pradesh",ONGC,ClosedEC,AP,MIS,2015,Andhra Pradesh
IA/AP/IND/23523/2014,J-11011/225/2014-IA-II(I),"TOR proposal for cement Plant unit-II with Clinker Production Capacity-2.5 MTPA and cement Production Capacity-2.5MTPA at Yanakandla Village, Kurnool Distt., Andhra Pradesh by M/s Sree Jayajyothi Ceme",My Home Industries Limited,EC Granted,AP,IND,2014,Andhra Pradesh
IA/AP/MIS/61129/2015,21-140/2015-IA-III,"Naidupeta Industrial Park at Menakuru & Konetirajupalem Villages, Naidupeta Mandal of District S.P.S.R. Nellore (Andhra Pradesh) by Andhra Pradesh Industrial Infrastructure Corporation Limited",ANDHRA PRADESH INDUSTRIAL INFRA STRUCTURE CORPORATION,EC Granted,AP,MIS,2015,Andhra Pradesh
IA/AP/NCP/30390/2015,21-137/2015-IA-III,"Proposed Industrial Park, Gollapuram (V), Hindupur (M), Anantapur (D) by Andhra Pradesh Industrial Infrastructure Corporation (APIIC).",ANDHRA PRADESH INDUSTRIAL INFRA STRUCTURE CORPORATION,EC Granted,AP,NCP,2015,Andhra Pradesh
IA/AP/NCP/61712/2015,21-141/2015-IA-III,"Industrial Park near Gandrajupalle Village, Gangavaram Mandal, Chittoor District, Andhra Pradesh State by M/s. Andhra Pradesh Industrial Infrastructure Corporation Limited (APIIC).",ANDHRA PRADESH INDUSTRIAL INFRA STRUCTURE CORPORATION,EC Granted,AP,NCP,2015,Andhra Pradesh
IA/AP/MIS/35914/2015,10-1/2016-IA-III,"Environmental Clearance for Development of Green Field Airport at Oravakallu, District-Kurnool, Andhra Pradesh",BHOGAPURAM INTERNATIONAL AIRPORT CORPORATION LTD,EC Granted,AP,MIS,2015,Andhra Pradesh
IA/AP/IND2/34992/2015,J-11011/10/2016-IA II (I),"Additional Exploratory Drilling of 15 wells  in  NELP - 1  Offshore Block KG-DWN-98/2, KG Basin, Andhra Pradesh",ONGC,EC Granted,AP,IND2,2015,Andhra Pradesh
IA/AP/MIS/61927/2017,11-17/2017-IA-III,"Establishment of Sea Front Facilities with sea water collection system, Pamanji & Vagarau near Nellore, Andhra Pradesh",NATIONAL INSTITUTE OF OCEAN TECHNOLOGY,EC Granted,AP,MIS,2017,Andhra Pradesh
IA/AP/IND2/49286/2016,J-11011/51/2016- IA II(I),"Enhancement of Phosphoric Acid production from 700 MTPD to 1000 MTPD P2O5 and other auxiliary facilities within the Existing Fertilizer Complex, Sriharipuram, Vishakhapatnam district, Andhra Pradesh by M/s Coromandel International Limited (Formerly M/s Coromandel Fertilizer Limited)",COROMANDEL INTERNATIONAL LIMITED,EC Granted,AP,IND2,2016,Andhra Pradesh
IA/AP/MIS/36165/2015,10-2/2016-IA-III,"Environmental Clearance for Development of Green Field Airport at Dagadarthi, District- Nellore, Andhra Pradesh",BHOGAPURAM INTERNATIONAL AIRPORT CORPORATION LTD,EC Granted,AP,MIS,2015,Andhra Pradesh
IA/AP/MIS/50659/2016,10-21/2016-IA.III,"Environmental Clearance for Development of Green Field International Airport at Bhogapuram, District- Vizianagaram, Andhra Pradesh",BHOGAPURAM INTERNATIONAL AIRPORT CORPORATION LTD,EC Granted,AP,MIS,2016,Andhra Pradesh
IA/AP/IND2/42009/2016,J-11011/37/2016-IA II (I),"Exploratory drilling of 5 wells for shale oil/shale gas in KG Basin, Andhra Pradesh",ONGC,EC Granted,AP,IND2,2016,Andhra Pradesh
IA/AP/IND2/57973/2016,J-11011/191/2016- IA II(I),Drilling of additional 18(Eighteen) locations in the onshore NELP- VI Block KG-ONN 2004/1in Andhra Pradesh by Oil India Limted,OIL INDIA LIMITED,EC Granted,AP,IND2,2016,Andhra Pradesh
IA/AP/IND/26062/2014,J-11011/410/2014-IA II (I),"Development Drilling of 31 Wells and Establishment of Early Production System  (one) at Nagayalanka in the Onland NELP-V Block KG-ONN-2003/1, Andhra Pradesh",ONGC,EC Granted,AP,IND,2014,Andhra Pradesh
IA/AP/IND2/27956/2015,J-11011/173/2015-IA-II(I),"Additional Development Drilling of 72 wells in East Godavari, West Godavari and Krishna district, A.P.",ONGC,Delisted EC,AP,IND2,2015,Andhra Pradesh
IA/AP/IND2/62860/2017,To be assigned,"Establishment of EPS at ‘BTSAD’, Bhimavaram, West Godavari District of A.P.",ONGC,DELETED,AP,IND2,2017,Andhra Pradesh
IA/AP/IND2/69756/2017,IA-J-11011/482/2017-IA-II(I),Work Over of the temporarily abandoned 2 (sweet gas) well and drilling 5 nos. of additional exploratory / development  well in an area of 9.63 sq. km of Achanta field in West Godavari Dist. in Andhra Pradesh for hydrocarbon prospecting and gas pipeline (with associated facilities) connecting the production wells to nearest ONGC GGS by M/s PFH Oil & Gas PL,PFH  OIL & GAS PRIVATE LIMITED,EC Granted,AP,IND2,2017,Andhra Pradesh
IA/AP/NCP/40091/2016,21-1/2016-IA-III,Proposed Industrial Park at Kopparthy,ANDHRA PRADESH INDUSTRIAL INFRA STRUCTURE CORPORATION,Returned in present form,AP,NCP,2016,Andhra Pradesh
IA/AP/MIN/105299/2013,23-239/2018-IA.III (V),"Iron Ore and Laterite mine over an extent of 201.914 Ha located at Survey No. 172, Village Pagadalapalli, Mandal Pendlimari, District YSR Kadapa, Andhra Pradesh by M/s Sri E. V. Ranga Reddy",DR E V RANGA REDDY,Delisted EC,AP,MIN,2013,Andhra Pradesh
IA/TG/MIS/107592/2019,21-48/2019-IA-III,Andhra Pradesh District of South India Assemblies of God,M/S. ANDHRA PRADESH DISTRICT OF SOUTH INDIA ASSEMBLIES OF GOD,EC Granted,TG,MIS,2019,Andhra Pradesh
IA/AP/NCP/143252/2019,To be assigned,"Development of Industrial Park over 4194.32 acre (1697.38 Ha) at Guttapadu Village, Orvakal Mandal, Kurnool District, Andhra Pradesh by M/s. Andhra Pradesh Industrial Infrastructure Corporation (APIIC",ANDRA PRADESH INDUSTRIAL INFRASTRUCTURE CORPORATION LIMITED,Delisted EC,AP,NCP,2019,Andhra Pradesh
IA/AP/MIS/63249/2016,10-59/2016-IA-III,Extension of Runway 26 at Vijayawada Airport,"AIRPORTS AUTHORITY OF INDIA, VIJAYAWADA",EC Granted,AP,MIS,2016,Andhra Pradesh
IA/AP/MIS/566/2009,10-18/2016-IA-III,"Phase II development of krishnapatnam port at krishnapatnam sh. potti sriramulu nellore distt, A.P.",Krishnapatnam Port Company Ltd,EC Granted,AP,MIS,2009,Andhra Pradesh
IA/AP/NCP/99167/2019,21-74/2018-IA.III,"Industrial Park Guttapadu, Orvakal Mandal, Kurnool District, Andhra Pradesh State by M/s. Andhra Pradesh Industrial Infrastructure Corporation Limited (APIIC)",ANDRA PRADESH INDUSTRIAL INFRASTRUCTURE CORPORATION LIMITED,EC Granted,AP,NCP,2019,Andhra Pradesh
IA/AP/NCP/80694/2018,21-76/2018-IA.III,"Industrial Park (Phase- I) at South Block, Srikalahasthi Node",ANDHRA PRADESH INDUSTRIAL INFRA STRUCTURE CORPORATION,EC Granted,AP,NCP,2018,Andhra Pradesh
IA/AP/NCP/121081/2019,21-76/2019-IA.III,Development of Kosalanagaram I.P,ANDHRA PRADESH INDUSTRIAL INFRA STRUCTURE CORPORATION,EC Granted,AP,NCP,2019,Andhra Pradesh
IA/AP/IND/146236/2020,J-11011/70/2020-IA.II(I),"3.0 mMTPA crude steel plant and Captive power generation of 88.6 MW plant Sy.No.418, 419 etc., of Sunnapurallapalli Village, Sy.No.373, 391/1 etc., of Peddandluru Village villages, Jammalamadugu mandal, YSR Kadapa district, Andhra Pradesh",AP HIGH GRADE STEELS LIMITED,Returned in present form,AP,IND,2020,Andhra Pradesh
IA/AP/NCP/121915/2019,10-5/2020-IA.III,"Phase-3 of Development of Economic Corridors, Inter-corridors and feeder routes and Coastal road primarily to improve the efficiency of freight movement in India under  Bharatmala Pariyojna Lot-3/Odisha & Jharkhand/ Package-2, (Ch 365.033 - Ch 464.662 km)",NATIONAL HIGHWAYS AUTHORITY OF INDIA PIUVISAKHAPATNAM,EC Granted,AP,NCP,2019,Andhra Pradesh
IA/AP/IND/202498/2008,J-11011/1149/2007-IA II (I),"Expansion of Integrated Steel Complex at Sy. No. 158,159, 160, 163-168 & 171, village Madhavaram and 13-19 of village Rassamarri, Mandal- Mantralyam, District- Kurnool, Andhra Pradesh",M/S. MARUTI ISPAT & ENERGY PVT. LTD,Delisted EC,AP,IND,2008,Andhra Pradesh
IA/AP/IND2/142679/2020,IA-J-11011/52/2020-IA-II(I),"Onshore Oil and Gas Development & Production from KG/ONDSF/KAZA/2018 Block, Krishna District, Andhra Pradesh",M/s Vedanta Limited(Division Cairn Oil & Gas),EC Granted,AP,IND2,2020,Andhra Pradesh
IA/AP/NCP/228803/2020,10-8/2020-IA.III,Development of Greenfield Non-Major Port at Ramayapatnam in Prakasam District of Andhra Pradesh,Government of Andhra Pradesh,EC Granted,AP,NCP,2020,Andhra Pradesh
IA/AP/IND3/232281/2020,J-11011/75/2007-IA II (I),"Expansion of Agrochemicals Manufacturing Unit (From 30 TPD to 70.1 TPD) and inclusion of Bio-based agrochemicals and Captive Cogeneration Power Plant 6 MW at Sy. No. 177, Arinama Akkivalasa village, E",NACL INDUSTRIES LIMITED,EC Granted,AP,IND3,2020,Andhra Pradesh
IA/TG/RIV/87571/2017,J-12011/1/2010-IA,"P V Narasimha Rao Kanthanapally Sujala Sravanthi Project, Thupakulagudem village, Eturnagaram Mandal, Jayashankar Bhupalapally District, Telangana",CHIEF ENGINEER GLIS WARANGAL,EC Granted,TG,RIV,2017,Telangana
IA/TG/RIV/55126/2016,F. No. J-12011/17/2016-IA-1 (R),"Channaka-Korata (Rudha) barrage on Penganga river -Interstate Irrigation Project, Adilabad District of Telangana",IRRIGATION DEPTT,EC Granted,TG,RIV,2016,Telangana
IA/TG/MIS/101910/2019,21-31/2019-IA-III,"Warehouse Project at at Yelumala, Distt.- Sangareddy, Telangana by M/s All Cargo Logistics Ltd",ALL CARGO LOGISTICS PVT LTD,EC Granted,TG,MIS,2019,Telangana
IA/TG/MIS/52885/2016,10-35/2016-IA-III,Expansion of Rajiv Gandhi International Airport,HYDERABAD INTERNATIONAL AIRPORT LIMITED,Returned in present form,TG,MIS,2016,Telangana
IA/TG/MIS/78250/2018,10-71/2018-IA-III,"THE PROPOSED EXPANSION OF RAJIV GANDHI INTERNATIONAL AIRPORT FROM 25 MPPA TO 50 MPPA, SHAMSHABAD, HYDERABAD, TELANGANA",HYDERABAD INTERNATIONAL AIRPORT LIMITED,EC Granted,TG,MIS,2018,Telangana
IA/TG/NCP/71421/2017,21-370/2017-IA.III,Zaheerabad NIMZ,ZAHEERABAD NIMZ LIMITED,EC Granted,TG,NCP,2017,Telangana
IA/TG/THE/221961/2021,To be assigned,"Expansion of RDF based Waste to Energy Power Plant from 19.8 MW to 48 MW at Integrated Municipal Solid Waste Management Project (IMSWMP) Sy.No. 173, Jawaharnagar Village, Kapra Mandal, Medchal District, Telangana State",HYDERABAD MSW ENERGY SOLUTIONS PRIVATE LIMITED,Delisted EC,TG,THE,2021,Telangana
IA/TG/THE/236074/2021,J-13012/02/2021-IA.I (T),"Expansion of RDF based Waste to Energy Power Plant from 19.8 MW to 48 MW at Integrated Municipal Solid Waste Management Project (IMSWMP) Sy.No. 173, Jawaharnagar Village, Kapra Mandal, Medchal District, Telangana.",HYDERABAD MSW ENERGY SOLUTIONS PRIVATE LIMITED,EC Granted,TG,THE,2021,Telangana
IA/TG/IND2/237939/2021,IA-J-11011/474/2021-IA-II(I),"Proposed 60 KLPD Grain based Distillery at Survey No. 104 and 105, Terlapadu Village, Madhira Mandal, Khammam District, Telangana by K B D Industries LLP",K B D INDUSTRIES LLP,EC Granted,TG,IND2,2021,Telangana
IA/AP/NCP/271683/2021,10/15/2021-IA.III,Development Greenfield Highway from KN/TS boarder near Nandinne village (Ch: 202+900) in the state of Telangana to outskirt of Kurnool (Ch: 280+400) in Andhra Pradesh under Bharatmala Pariyojana (Lot-,National Highways Authority of India,EC Granted,AP,NCP,2021,Telangana
IA/TG/NCP/217090/2021,10/32/2021-IA.III,Development of 4 lane access controlled New Greenfield Highway from Warangal (Ch: 112+240) to Khammam (Ch: 220+480) Section (Total length 108.24 Km) in the state of Telangana.,National Highways Authority of India,EC Granted,TG,NCP,2021,Telangana
IA/TG/IND2/401064/2022,J-11011/413/2022-IA-II(I),"Proposed Grain Based Distillery Capacity 10 KLD (Fuel Ethanol) at Veliminedu Village, Chityal Mandal, Nalgonda District, Telangana by Sri Venkateswara GRKV Biofuels Pvt. Ltd.",SRI VENKATESWARA GRKV BIOFUELS PRIVATE LIMITED,EC Granted,TG,IND2,2022,Telangana
IA/TG/IND2/401436/2022,IA-J-11011/391/2022-IA-II(I),"Proposed Fuel Ethanol plant having proposed production capacity of 250 KLPD of grain-based Fuel Ethanol and 8 MW of power cogeneration, to be installed at village Guggilla, Bejjanki Mandal, District Siddipet, Telangana",GREENWAYS BIOENERGY PRIVATE LIMITED,EC Granted,TG,IND2,2022,Telangana
IA/TG/IND2/401864/2022,IA-J-11011/404/2022-IA-II(I),"Greenfield Project of “Grain Based Distillery Plant of 100 KLD along with Co-Generation Power Plant of 3.5 MW” located at Sy. No. – 540, 541, 545, 546, 548, Village & Mandal- Narkatpally, District- Nalgonda, State- Telangana by M/s SRISRS Spirits Private Limited.",SRISRS SPIRITS PRIVATE LIMITED,EC Granted,TG,IND2,2022,Telangana
IA/TG/IND2/403695/2022,IA-J-11011/467/2022-IA-II(I),"Proposed 150 KLPD Grain based Distillery (Ethanol) with 3.2 MW Cogeneration Power Plant at S.No. 128, 130 & 132, Ravipahad Village, Mothey Mandal, Suryapeth District, Telangana State - 508213 by  M/s NMK Biofuels Pvt Ltd.",NMK BIOFUELS PRIVATE LIMITED,EC Granted,TG,IND2,2022,Telangana
IA/TG/IND3/400244/2022,IA-J-11011/391/2018-IA-II(I),"Expansion of existing unit for proposed inclusion of Resin manufacturing facility at Sy. No.s 143, 143aa/143a3, 143/U, 143/E, 143/Ru, 144/A2, 149, 149/A, 149/Ru, 149/Ruu and 149lu, Mothighanpur village, Balanagar mandal, Mahabubnagar district, Telangana by M/s. Divya Sai Lam Pvt. Ltd.","DIVYA SAI LAM PRIVATE LIMITED.,",EC Granted,TG,IND3,2022,Telangana
IA/TG/IND2/423434/2023,IA-J-11011/137/2023-IA-II(I),"Greenfield Project of Grain Based Distillery Plant of 200 KLD along with Co-Generation Power Plant of 4.5 MW at Survey No. 174/A/1, 174/1, 174/A1, 174/A2, 174/B, 174/B2 at Village- Pedda Dhanwada, Tehsil- Rajoli Mandal, District- Jogulamba Gadwal, Telangana by M/s Gayathri Renewable Fuels and Allied Industries Pvt. Ltd.",GAYATHRI RENEWABLE FUELS AND ALLIED INDUSTRIES PRIVATE LIMITED,Returned in present form,TG,IND2,2023,Telangana
IA/TG/IND2/425550/2023,IA-J-11011/137/2023-IA-II(I),"Greenfield Project of Grain Based Distillery Plant of 200 KLD along with Co-Generation Power Plant of 4.5 MW at Survey No. 174/A/1, 174/1, 174/A1, 174/A2, 174/B, 174/B2 at Village- Pedda Dhanwada, Tehsil- Rajoli Mandal, District- Jogulamba Gadwal, Telangana by M/s Gayathri Renewable Fuels and Allied Industries Pvt. Ltd.",GAYATHRI RENEWABLE FUELS AND ALLIED INDUSTRIES PRIVATE LIMITED,EC Granted,TG,IND2,2023,Telangana
IA/TG/MIN/30024/2015,J-11015/288/2015-IA-II(M),"Pavan Kumar 4.047 Ha of Laterite Mine,Sy No:473, Thattepally  Village,  Peddamul  Mandal,  Ranga Reddy  District Telangana.",PAVAN KUMAR,Delisted TOR,TG,MIN,2015,Telangana
IA/TG/MIN/30241/2015,J-11015/306/2015-IA-II(M),"River Sand Mining Project for mining of ordinary sand in Godavari river basin at Chalpaka Village,Eturunagaram Mandal of Warangal District. Telangana",TELANGANA STATE MINERAL DEVELOPMENT CORPORATION LIMITED,TOR GRANTED,TG,MIN,2015,Telangana
IA/TG/MIS/33982/2015,10-36/2015-IA-III,Telangana Waste Management Project (A Division of Mumbai Waste Management Limited),RAMKY ENVIRO ENGINEERS LIMITED,TOR GRANTED,TG,MIS,2015,Telangana
IA/TG/IND/59081/2016,J-11011/228/2016-IA-II(I),"M/s Adilabad Alloys & Associated Industries Limited is proposing rotary kiln of 4.0 Million TPA Clinker & 5.5 Million TPA Cement, VSK of 100 TPD Clinker & 165 TPD Cement, 30 MW Captive Power Plant, 30 MW Waste Heat Recovery Power Generation, 1560 TPD Synthetic Gypsum, 2000 KVA DG sets (Size, 1000 / 500 / 250 / 125 KVA) & Residential Colony (505 Units) in Mandal Jainath & District Adilabad (Telangana)",ADILABAD ALLOYS AND ASSOCIATED INDUSTRIES LIMITED,WithdrawTOR,TG,IND,2016,Telangana
IA/TG/MIS/59845/2016,F. No. 21-24/2016-IA-III,"Environmental Clearance for Development of Green Field Airport at Kothagudem Mandal in Khammam district, Telangana",TELANGANA STATE INDUSTRIAL INFRASTRUCTURE CORPORATION,WithdrawTOR,TG,MIS,2016,Telangana
IA/TG/RIV/61688/2017,J-12011/3/2017-IA-I(R),"PALAMURU – RANGAREDDY LIFT IRRIGATION SCHEME (PRLIS) FROM FORESHORE OF SRISAILAM RESERVOIR NEAR  YELLUR(V), KOLLAPUR(M)  TO  K.P.LAKSHMIDEVIPALLY RESERVOIR AT K.P LAKSHMIDEVIPALLY(V), KONDURG (M), MAHABUBNAGAR DISTRICT, TELANGANA STATE","CHIEF ENGINEER, PRLIS, I & CAD, TELANGANA STATE",Returned in present form,TG,RIV,2017,Telangana
IA/TG/THE/64959/2017,J-13012/08/2017-IA.I (T),"Proposed Expansion of ""Integrated Municipal Solid Waste Management Project"" (Proposed by GHMC) – Waste to Energy Power Plant from 19.8 MW to 48 MW at Sy.No. 173, Jawaharnagar Village, Kapra Mandal, Medchal District, Telangana State.",GREATER HYDERABAD MUNICIPAL CORPORATION,TOR GRANTED,TG,THE,2017,Telangana
IA/TG/RIV/65564/2017,J-12011/20/2017-IA-!(R),"Kaleswaram Lift Irrigation Scheme near Kannepally village, Mahadevpur Mandal, Jayashankar Bhoopalpally district, Telangana.",IRRIGATION AND CAD DEPARTMENT,TOR GRANTED,TG,RIV,2017,Telangana
IA/TG/MIN/66039/2017,J-11015/72/2017-IA-II(M),"Kankurthy Laterite Mine of M/s Cement Corporation of India Limited at village Kankurthy, Tehsil Kodangal & District Mahabubnagar, Telangana",MS CEMENT CORPORATION OF INDIA LIMITED,,TG,MIN,2017,Telangana
IA/TG/RIV/67158/2017,J-12011/24/2017-IA-I,Modigunta Vagu Irrigation Project near Krishnapuram village Wazeedu Mandelam Jayashankar Bhoopalpally District Telangana State,IRRIGATION AND CAD TELANGANA,TOR GRANTED,TG,RIV,2017,Telangana
IA/TG/MIN/67452/2017,23-186/2018-IA.III (V),"M/s Midwest Granites Pvt. Ltd., (Black Granite Mine) 4.234 Hectares,Sy. No: 187,188,189 & 192(Part) Theegalaveni Village, Gudur Mandal, Warangal District, Telangana",MIDWESTFOURTWOTHREESEVEN,transfertoseiaa,TG,MIN,2017,Telangana
IA/TG/MIN/67456/2017,23-187/2018-IA.III (V),"M/s.Midwest Granite Pvt. Ltd. (Black Granite Mine) 3.237 Hectares, Sy. No. 18,  Arpanapally Village,  Keasamudram Mandal,  Warangal District,  Telangana State",MIDWEST THREETWOTHREESEVEN,transfertoseiaa,TG,MIN,2017,Telangana
IA/TG/MIN/67629/2017,23-191/2018-IA.III (V),"M/s G.B.R. Minerlas Pvt. Ltd.,1.659 Ha. of Colour Granite Mine in Sy. No. 323  Asifnagar Village,  Kothapally  Mandal,  Karimnagar District,  Telangana.",MS G B R MINERLAS PRIVATE LIMITED,transfertoseiaa,TG,MIN,2017,Telangana
IA/TG/MIN/67645/2017,23-192/2018-IA.III (V),"M/s.Imperial Granites Pvt.Ltd.,1.80 Hect. of Colour Granite Mine,Sy.No.163 of Odyaram Village,Gangadhara Mandal,Karimnagar District.Telangana.",MS IMPERIAL GRANITES PVT LTD,transfertoseiaa,TG,MIN,2017,Telangana
IA/TG/MIN/67690/2017,23-194/2018-IA.III (V),Mining of Black Granite over an area of 10.93 Ha. in Sy no. 85 Village: Mallemadugu Tehsil- Khammam Rural District-Khammam (Telangana).,KHAMMAM GRANITE PRIVATE LIMITED,transfertoseiaa,TG,MIN,2017,Telangana
IA/TG/MIN/67691/2017,23-195/2018-IA.III (V),"Mining of Black Granite overan area of 10.52 ha in Sy. No. 162, Village- Polepally, Tehsil- Khammam Rural, District- Khammam, Telangana State.",KHAMMAM GRANITE PRIVATE LIMITED,transfertoseiaa,TG,MIN,2017,Telangana
IA/TG/MIN/68517/2017,F. No. 23-282/2018-IA.III (V),"M/s. Sreevaree Exports, 4.00Ha, Sy. No: 185, Parlapally Village, Thimmapur Mandal, Karimnagar District, Telangana State.",M/S. SREEVAREE EXPORTS 4.00 HECTARES,Delisted TOR,TG,MIN,2017,Telangana
IA/TG/MIN/68568/2017,F. No. 23-283/2018-IA.III (V),"M/s. Sreevaree Enterprises, 1.5Ha, Sy. No. : 1133 Gattubuthkur Village, Gangadhara Mandal, Karimnagar District, Telangana State.",M/S. SREEVAREE EXPORTS 4.00 HECTARES,Delisted TOR,TG,MIN,2017,Telangana
IA/TG/MIN/68613/2017,F. No. 23-285/2018-IA.III (V),"M/s. Sree Venkateshwara Exports, 3.00Ha, Sy. No. : 81 Kalawala Village, Shankarapatanam Mandal, Karimnagar District, Telangana State.",M/S. SREEVAREE EXPORTS 4.00 HECTARES,Delisted TOR,TG,MIN,2017,Telangana
IA/TG/MIN/68720/2017,23-288/2018-IA III (V),"M/s. Tulip Granites (P) Ltd., 1.214 Hectares, Sy. No: 464, Nagulamalyal Village, Karimnagar Mandal, Karimnagar District, Telangana State.",MS TULIP GRANITES PVT LTD,transfertoseiaa,TG,MIN,2017,Telangana
IA/TG/MIN/68813/2017,F. No. 23-301/2018-IA.III (V),"M/s Tulip Granites Pvt.Ltd., Sy.No. 464 & 465, Nagulamalyala (V), Karimnagar (D & M), Telangana",MS TULIP GRANITES PVT LTD,transfertoseiaa,TG,MIN,2017,Telangana
IA/TG/MIN/68882/2017,F. No. 23-302/2018-IA.III (V),"M/s. Tulip Granites (P) LTD - 1.74 ha  color granite mine Sy. No: 471, Nagulamalyal Village, Karimnagar Mandal, Karimnagar District, Telangana State.",TULIP GRANITES PVT LTD,transfertoseiaa,TG,MIN,2017,Telangana
IA/TG/MIN/68918/2017,23-1/2019-IA.III (V),"Quarry Lease for Rough Stone & Road Metal over an extent of 10.42 Hectares (25.75 Acres) in Sy. No. 747/1 of Village - Lakdaram, Mandal - Patanchereuvu, District - Sangareddy, State – Telangana of M/s Sai Super Sand Minerals Pvt. Ltd.",M/S SAI SUPER SAND MINERALS PVT. LTD,transfertoseiaa,TG,MIN,2017,Telangana
IA/TG/MIN/69072/2017,23-5/2019-IA.III (V),"M/S ROCK SAND MIINERALS PVT. LTD Sy. No. 345 (Govt. Land) of Girmapur (V), Medchal (M), Medchal - Malkajgiri District, Telangana State",M/S ROCK SAND MIINERALS PVT. LTD,transfertoseiaa,TG,MIN,2017,Telangana
IA/TG/MIN/69092/2017,23-6/2019-IA.III (V),"M/s. Midwest Granite (P) Ltd., 1.640 Hectares, Sy. No: 201 (Patta Land), Theegalaveni Village, Gudur Mandal, Mahbubabad District, Telangana State.",MIDWESTFOURTWOTHREESEVEN,transfertoseiaa,TG,MIN,2017,Telangana
IA/TG/MIN/69093/2017,23-7/2019-IA.III (V),"M/s. ROCK SAND MINERALS PVT. LTD. 6.073 Ha Sy. No: 210, Madharam (V), Jinnaram (M), Sangareddy District, Telangana State",M/S ROCK SAND MIINERALS PVT. LTD,transfertoseiaa,TG,MIN,2017,Telangana
IA/TG/MIN/69116/2017,23-8/2019-IA.III (V),"M/s. ROCK SAND MINERALS PVT. LTD. - 4.0ha- Sy. No: 144, Khajipally (V), Jinnaram (M), Sangareddy District, Telangana State",M/S ROCK SAND MIINERALS PVT. LTD,transfertoseiaa,TG,MIN,2017,Telangana
IA/WB/IND/24439/2011,To be assigned,"Exploratory drilling (3 wells) under NELP VII Block: WB-ONN-2005/3, West Bengal by M/s ONGC",ONGC,Reject,WB,IND,2011,West Bengal
IA/WB/IND/4745/2011,J-11011/396/2011IA II (I),Proposal for  Exploratory Drilling (3 Wells) in   Bengal Onshore Block WB-ONN-2005/3 under NELP-VII   in West Bengal,ONGC,EC Granted,WB,IND,2011,West Bengal
IA/WB/IND2/30023/2014,J-11011/262/2014-IA.II (I),"Proposed Grain based Extra Neutral Alcohol Production Plant at Vill: Basudevpur, PO: Ramkrishnapur, Block/PS: Kulpi, Dist: South 24 Parganas in West Bengal",M/s Transways Exim Private Limited,EC Granted,WB,IND2,2014,West Bengal
IA/WB/IND/30491/2014,J-11011/284/2007-IA.II(I),"Proposed Expansion of Coke Oven Plant (Non-recovery type) from 1.6 MTPA to 2.2 MTPA  at Haldia, Dist. East Medinipur, West Bengal",TATA STEEL LTD  HOOGHLY METCOKE DIVISION HALDIA,EC Granted,WB,IND,2014,West Bengal
IA/WB/IND/30848/2013,J-11011/326/2013-IA-II (I),"Proposed expansion of the Ferro Alloy Plant through setting up of 3x9 MVA Submerged Arc Furnaces at Haldia, District: Purba Medinipur in West Bengal",MODERN INDIA CONCAST LIMITED,Delisted EC,WB,IND,2013,West Bengal
IA/WB/MIN/30859/2013,J-11015/268/2012-IA.II(M),"Composite Sand Mining by M/s. Eastern Coalfields Ltd., Located at Eastern Coal fields Ltd. PO-Sanctoria, Dist- Burdwan, west Bengal. (85.58 ha)a",Eastern Coalfields Ltd.,EC Granted,WB,MIN,2013,West Bengal
IA/WB/MIN/30860/2013,J-110105/269/2012-IA.II (M),"Composite Sand Mine by M/s. Eastern Coalfields Ltd., Located in Distt. Birbhum, State- West Bengal (414.36)",Eastern Coalfields Ltd.,EC Granted,WB,MIN,2013,West Bengal
IA/WB/IND/23689/2014,To be assigned,"Proposal for expansion project in the existing LPG Import/Export Terminal with existing storage capacity 31500 MT at Kasberia, Midnapur, West Bengal by M/s Indian Oil Petronas.",INDIAN OIL PETRONAS PRIVATE LIMITED,DELETED,WB,IND,2014,West Bengal
IA/WB/IND2/36239/2014,J-11011/229/2014-IA-II(I),"Proposal for expansion project in the existing LPG Import/Export Terminal with existing storage capacity 31500 MT at Kasberia, Midnapore, West Bengal by M/s. Indian Oil Petronas (P) Ltd.",INDIAN OIL PETRONAS PRIVATE LIMITED,EC Granted,WB,IND2,2014,West Bengal
IA/WB/RIV/53589/2013,J-12011/    /2016-IA-I,"Turga Pumped Storage Project (1000 MW) , district Purulia, West Bengal by WBSEDCL",WEST BENGAL STATE ELECTRICITY DISTRIBUTION COMPANY LIMITED,EC Granted,WB,RIV,2013,West Bengal
IA/WB/IND2/58535/2015,J-11011/259/2015 – IA II (I),"200 KLPD grain based distillery plant and 10 MW co-generation power plant to be located at village Dakshin Simla, Police Station Kharagpur, District – West Medinipur, West Bengal",SVAKSHA DISTILLERY LTD,EC Granted,WB,IND2,2015,West Bengal
IA/WB/IND/75316/2018,J-11011/779/2007-IA.II (I),"Enhancement of pig iron production capacity from 188000 TPA to 224000 TPA at Gopalpur, Durgapur, District Burdwan, West Bengal",NEO METALIKS LIMITED,Returned in present form,WB,IND,2018,West Bengal
IA/WB/IND2/67726/2017,IA-J-11011/436/2017-IA-II(I),"Proposed additional storage facilities 3X300 MT Mounded storage vessel at Village - Panishalahat, Raiganj, Dist - Uttar Dinajpur, West Bengal",Bharat Petroleum Corporation Ltd.,EC Granted,WB,IND2,2017,West Bengal
IA/WB/IND2/87601/2016,J-11011/360/2016-IA-II(I),"Capacity Augmentation of Speciality Chemicals from 11000 TPA to 22000 TPA within existing plant at Konnagar, Hooghly district, West Bengal",NALCO WATER INDIA LIMITED KONNAGAR,DELETED,WB,IND2,2016,West Bengal
IA/WB/IND/90432/2017,J-11011/52/2017-IA.II(I),"Expansion Project of M/s Ispat Damodar Pvt. Ltd. in village- Nabagram, PO. Digha, PS: Neturia, Dist. Purulia, West Bengal",ISPAT DAMODAR PRIVATE LIMITED,Returned in present form,WB,IND,2017,West Bengal
IA/WB/IND2/98502/2017,J-11011/472/2017-IA-II (I),"LNG Regasification Terminal on the bank of Hooghly River at Kukrahati, West Bengal",BENGAL CONCESSIONS PRIVATE LIMITED,Delisted EC,WB,IND2,2017,West Bengal
IA/WB/IND2/69588/2017,IA-J-11011/472/2017-IA-II(I),"Floating Storage Unit (FSU)/Floating Storage and Regasification Unit (FSRU) based Liquefied Natural Gas (LNG) Terminal at Hooghly Estuary, West Bengal",BENGAL CONCESSIONS PRIVATE LIMITED,EC Granted,WB,IND2,2017,West Bengal
IA/WB/IND2/60903/2016,J- 11011/360/2016-IA.II(I),"Capacity augmentation of speciality chemicals from 11,000 TPA to 22,000 TPA within the existing plant",NALCO WATER INDIA LIMITED KONNAGAR,EC Granted,WB,IND2,2016,West Bengal
IA/WB/IND2/93561/2019,IA-J-11011/41/2019-IA-II(I),"PROPOSED SMALL SCALE LNG IMPORT, STORAGE & DISTRIBUTION FACILITY WITH TARGETED THROUGHPUT OF 1 MMTPA CAPACITY WITHIN THE INDUSTRIAL ZONE OF HALDIA DOCK COMPLEX AT HALDIA, WEST BENGAL, INDIA",VENERABLE LNG PRIVATE LIMITED,Delisted EC,WB,IND2,2019,West Bengal
IA/WB/IND/152904/2007,J-11011/779/2007-IA II (I),"Upgradation Of Existing Production Units And Additional Facilities To Create 0.6 Million Tonnes Capacity of Steel, of Neo Metaliks Limited, in Mouza Gopalpur, District Paschim Bardhaman, West Bengal",NEO METALIKS LIMITED,Returned in present form,WB,IND,2007,West Bengal
IA/WB/IND/62286/2017,IA-J-11011/52/2017-IA-II(I),Expansion of the Existing Plant of Ispat Damodar Pvt. Ltd.,ISPAT DAMODAR PRIVATE LIMITED,Returned in present form,WB,IND,2017,West Bengal
IA/WB/IND2/196378/2014,J-11011/337/2013-IA II(I),"Expansion of Grain based distillery from 120 to 240 KLPD & co-generation power plant from 3.5 MW to 8.0 MW within existing plant premises at Plot no B7, Industrial Park, Panagarh, Tehsil Ausgram- II,",GLOBUS SPIRITS LIMITED,EC Granted,WB,IND2,2014,West Bengal
IA/WB/IND/201973/2010,J-11011/366/2010-IA.II(I),"Expansion of Steel Plant by expanding Sponge Iron from 1,20,000 TPA to 3,18,000 TPA, MS Billets from 1,05,000 TPA to 3,72,300 TPA, Rolling Mill from 1,00,000 TPA to 3,00,000 TPA, Submerged Arc Furnace",GIRIDHAN METAL PRIVATE LIMITED,EC Granted,WB,IND,2010,West Bengal
IA/WB/IND/208095/2007,J-11011/779/2007-IA II (I),"Upgradation of Existing Production Units and Additional Facilities to Create 0.56 Million Tonnes Capacity of Steel by M/S. NEO METALIKS LIMITED located at Mouza Gopalpur, District Paschim Bardhaman, W",NEO METALIKS LIMITED,Rejected,WB,IND,2007,West Bengal
IA/WB/IND2/99797/2019,To be assigned,Manufacturing plant of Laminated Sheet using Synthetic Organic Chemicals,BIRANGSHU ROY,Delisted EC,WB,IND2,2019,West Bengal
IA/WB/IND2/173288/2020,IA-J-11011/207/2020-IA-II(I),"Proposed 660 KLPD Grain based Distillery, 10 KLPD Malt Spirit Plant and 22 MW Cogeneration Power Plant at Plot No. A22, Panagarh Industrial Park, Panagarh, Block Kanksa, District Paschim Bardhaman, West Bengal by Alcograin Distillers Private Limited",ALCOGRAIN DISTILLERS PRIVATE LIMITED,EC Granted,WB,IND2,2020,West Bengal
IA/WB/IND2/228886/2021,J-11011/93/2016-IA II (I),"Proposed 500 KLPD Grain based Ethanol Plant along with 15.0 MW Cogeneration Power Plant at Village Jorsha & Teghoria, Tehsil Mejhia, District Bankura, West Bengal by M/s. Ankoor Distilleries Private Limited",M/S. ANKOOR DISTILLERIES PRIVATE LIMITED,EC Granted,WB,IND2,2021,West Bengal
IA/WB/IND2/229533/2021,IA-J-11011/378/2021-IA-II(I),"Proposed 250 KLPD Grain based Ethanol Plant along with 6.0 MW Cogeneration Power Plant at Village Pratappur, Mouza- Kendula, Block Faridpur-Durgapur, District Paschim Bardhaman, West Bengalby M/s. Venky Power &Metals Private Limited",VENKY POWER & METALS PRIVATE LIMITED,EC Granted,WB,IND2,2021,West Bengal
IA/WB/IND/4617/2011,J-11011/376/2010-IA.II(I),Proposed for expansion of induction and furnace  and Ferro Alloys Unit,M/S CHHABRA ISPAT PVT. LIMITED,Returned in present form,WB,IND,2011,West Bengal
IA/WB/IND/60075/2016,J-11011/237/2016-IA-II(I),"EXPANSION OF DUCTILE IRON PIPE PLANT FROM 2,00,000 TPA TO 5,50,000 TPA IN PHASE EWISE",RASHMI METALIKS LIMITED,WithdrawEC,WB,IND,2016,West Bengal
IA/WB/IND/234684/2016,J-11011/237/2016-IA.II (I),"Expansion of Integrated Steel Plant Mini Blast Furnace (180000 to 500000 TPA), Sinter Plant (1090000 to 1440000 TPA) & Pellet Plant (900000 to 1200000 TPA) by revamping, augmentation & up gradation of",RASHMI METALIKS LIMITED,Returned in present form,WB,IND,2016,West Bengal
IA/WB/IND2/134818/2020,To be assigned,"Establishment of new natural and synthetic surfactant chemical manufacturing unit at Mouza  Kulepairi, P.S. Bangan, Dist-Howrah, West Bengal.",M/S DETERGEO CHEM (EAST) PRIVATE LIMITED (DCEPL),WithdrawEC,WB,IND2,2020,West Bengal
IA/WB/IND/254615/2003,J-11011/156/2020-IA.II (I),"Expansion of Steel Melting Shop (1,08,000 to 3,50,000 TPA) along with installation of Captive Power Plant of 10 MW (5 MW WHRB & 5 MW AFBC) within existing Steel Plant (66,000 TPA Sponge Iron Plant & 4",SPS STEELS ROLLING MILLS LIMITED,EC Granted,WB,IND,2003,West Bengal
IA/WB/IND/254828/2019,J-11011/237/2016-IA.II (I),"Expansion of Integrated Steel Plant; Mini Blast Furnace (1,80,000 TPA to 5,00,000 TPA), Sinter Plant (10,90,000 TPA to 14,40,000 TPA) & Pellet Plant (9,00,000 TPA to 12,00,000 TPA) by revamping, augme",RASHMI METALIKS LIMITED,EC Granted,WB,IND,2019,West Bengal
IA/WB/IND3/256360/2020,IA-J-11011/1/2020-IA-II(I),"Establishment of new natural and synthetic surfactant chemical manufacturing unit Mouza  Kulepairi, P.S. Bagnan, Dist-Howrah, West Bengal by M/s Detergeo Chem (EAST) Private Limited (DCEPL)",M/S DETERGEO CHEM (EAST) PRIVATE LIMITED (DCEPL),EC Granted,WB,IND3,2020,West Bengal
IA/WB/IND/260820/2007,J-11011/779/2007-IA.II (I),"Proposed Expansion and Upgradation of Pig Iron Manufacturing Plant to a 0.4 MTPA Capacity and Inclusion of Steel Melting Shop at Gopalpur, District Paschim Bardhman, West Bengal",NEO METALIKS LIMITED,EC Granted,WB,IND,2007,West Bengal
IA/WB/IND3/261808/2006,J-11011/136/2017-IA-II(I),"Expansion of Fertilizer Plant at Durgachak, Haldia, Purba Medinipur, PO + PS- Durgachak, West Bengal-721602.",INDORAMA INDIA PVT LTD,EC Granted,WB,IND3,2006,West Bengal
IA/WB/IND2/262239/2022,IA-J-11011/103/2022-IA-II(I),"Proposed 160 KLPD Grain-based Distillery Project (Ethanol) along with Captive Power Plant (4.4 MW) at Plot No. A9 & A10 near WBIDC Office, Panagarh Industrial Park, Paschim Bardhhaman, West Bengal.",PRATISHTHA SPIRITS PRIVATE LIMITED,EC Granted,WB,IND2,2022,West Bengal
IA/WB/IND/267283/2020,J-11011/492/2007-IA-II(I),"Revised Configuration of Modernisation-cum-expansion (3.5 MTPA to 2.7 MTPA Gross Hot Metal) by M/s Steel Authority of India Limited (SAIL), Durgapur Steel Plant (DSP) located at Durgapur, Faridpur Blo",DURGAPUR STEEL PLANT -STEEL AUTHORITY OF INDIA,EC Granted,WB,IND,2020,West Bengal
IA/WB/IND2/269186/2022,IA-J-11011/143/2022-IA-II(I),"Proposed 100 KLPD Grain based Ethanol Plant & 2.5 MW Cogeneration Power Plant at Village –Loharapara, Block- Suti-1,  Dist- Murshidabad, State – West Bengal by M/s O2 CHEMICALS PRIVATE LIMITED",O2 CHEMICALS PRIVATE LIMITED,Delisted EC,WB,IND2,2022,West Bengal
IA/WB/IND2/270384/2022,IA-J-11011/151/2022-IA-II(I),"Proposed 150 KLPD Grain based Ethanol Plant & 4.5 MW Co-generation Power Plant at Village Belari, Tehsil Ausgram – I, District Purba Bardhaman, West Bengal by M/s. Sterling Distillers LLP",STERLING DISTILLERS,EC Granted,WB,IND2,2022,West Bengal
IA/WB/IND2/270819/2022,IA-J-11011/155/2022-IA-II(I),"Proposed 100 KLPD Grain based Distillery at Khatian No. 4845, 6131, Mouza Goligram, J.L.No. 54, P.S. Galsi, Block Galsi –I, Dist. Purba, Bardhaman, West Bengal By M/s. Happy Niwas Private limited",HAPPY NIWAS PRIVATE LIMITED,EC Granted,WB,IND2,2022,West Bengal
IA/WB/IND2/271381/2022,IA-J-11011/159/2022-IA-II(I),Greenfield Project of 275 KLD Grain Based Ethanol Plant along with 7 MW Cogeneration Power Plant located at Village Ratul PO Katna PS Gazole District Malda West Bengal,JSR GRAIN ENERGY PRIVATE LIMITED,EC Granted,WB,IND2,2022,West Bengal
IA/OR/MIS/31339/2015,11-41/2015-IA-III,"5MLD Hybrid Desalination Project at IREL complex, Chatrapur, Odisha",INDIAN RARE EARTHS LIMITED,EC Granted,OR,MIS,2015,Odisha
IA/OR/IND/59721/2007,J-11011/1236/2007-IA II (I),"Expansion of Ferro Chrome Plant (38,000 TPA to 76,000 TPA) at kalinga Bazar, Choudwar, Cuttack, Odisha  by M/s Utkal Manufacturing & Services Limited.",INDIAN METALS & FERRO ALLOYS LTD 2X60 MW PP,EC Granted,OR,IND,2007,Odisha
IA/OR/IND/53279/2016,J-11011/434/2009-IA-II(I),"Expansion of Integrated Steel Plant (0.60 MTPA to 0.70 MTPA) at Kamanda, Sundergarh, Odisha",RUNGTA MINES LIMITED,EC Granted,OR,IND,2016,Odisha
IA/OR/IND/59204/2016,J-11011/229/2016-IA-II(I),"Proposed 20 MW (8 MW WHRB+ 12 MW AFBC) power plant within existing premises of Sponge Iron Plant (5X100 TPD) at village Karakolha, district Keonjhar, Odisha of M/s Rungta Mines Limited (Sponge Iron Division)",RUNGTA MINES LIMITED,ClosedEC,OR,IND,2016,Odisha
IA/OR/IND/59265/2016,J-11011/230/2016-IA-II(I),"Proposed Karakhendra Steel Plant (0.10 MTPA) at village Karakhendra, Keonjhar district, Odisha by M/s Rungta Mines Limited",RUNGTA MINES LIMITED,EC Granted,OR,IND,2016,Odisha
IA/OR/MIN/62694/2017,IA-J-11015/16/2017-IA-II(M),"Bainibasa Graphite Mining and Beneficiation Project over an area of 58.704 Hects in Village : Bainibasa, PO: Bhairabagada, Tahasil : Muniguda, Dist: Rayagada in the State of Odisha",PRADHAN INDUSTRIES,EC Granted,OR,MIN,2017,Odisha
IA/OR/RIV/67363/2017,J-12011/25/2017-IA.I,"Additional spillway of Hirakud Dam, Odisha",CHIEF ENGINEER AND BASIN MANAGER UPPER MAHANADI BASIN BURLA,EC Granted,OR,RIV,2017,Odisha
IA/OR/IND2/65843/2017,IA-J-11011/351/2017-IA-II(I),"Installation of 100 KLPD lingo-cellulosic 2G Ethanol Plant at village Baulsingha, Bhatli Tehsil, Bargarh district, Odisha",BHARAT PETROLEUM CORP LTD,EC Granted,OR,IND2,2017,Odisha
IA/OR/IND/79886/2018,J-110011/245/2008-IA.II(I),"Enhancement of Ferro Alloys Plant (145000 TPA to 160000 TPA) through process optimization within existing plant premises at Balgopalpur Industrial Estate, Balgopalpur, District- Balasore (Odisha) by B",ISPAT MINERAL LTD,EC Granted,OR,IND,2018,Odisha
IA/OR/IND/81404/2018,J-11011/434/2009-IA.II(I),"Enhancement of DRI ,Billets / Slab/ Bloom Caster 1 & 2 production and Rolling Mill 1 & 2 at village kamanda  in Sundergarh district of Odisha",RUNGTA MINES LTD,EC Granted,OR,IND,2018,Odisha
IA/OR/IND/81428/2018,J-11011/434/2009-IA.II(I),Amendment in Environmental clearance vide MOEF letter no. J-11011/434/2009.IA.(II) dated 06.11.2017 located at village Kamanda in Sundergarh District of Odisha,RUNGTA MINES LTD,EC Granted,OR,IND,2018,Odisha
IA/OR/IND2/89411/2017,IA-J-11011/32/2019-IA-II(I),"Proposed 60 TMTPA capacity LPG Bottling Plant at Village – Pitamahal, Tehsil- Seskhal, Dist- Rayagada, Odisha",HPCL RAYAGADA,EC Granted,OR,IND2,2017,Odisha
IA/OR/MIS/89529/2018,21-3/2019-IA-III,"ISPAT POST GRADUATE INSTITUTE  &  SUPER SPECIALTY HOSPITAL  At : Sector-19, Rourkela, Sundargarh ,Odisha",STEEL AUTHORITY OF INDIA LIMITED,EC Granted,OR,MIS,2018,Odisha
IA/OR/MIS/90750/2008,10-10/2009-IA-III (Pt.),"Proposed expansion of Odisha Waste Management Project (Division of Ramky Enviro Engineers Ltd) at Plot No. 420 / 648 / 1 under Khata no. 61, Village - Kanchichuan, Tehsil - Sukinda, District - Jajpur,",RAMKY ENVIRO ENGINEERS LTD,EC Granted,OR,MIS,2008,Odisha
IA/OR/MIS/107539/2009,11-104/2009-IA-III,"Revised Master Plan Development of Dhamra Port in Bhadrak District, Odisha",The Dhamra Port Company Limited,EC Granted,OR,MIS,2009,Odisha
IA/OR/IND/74415/2018,To be assigned,"Installation of Iron Ore Grinding and Desliming Plant of capacity 30 Million Metric Tons Per annum (MTPA) near Joda in Keonjhar District, Odisha along with transportation of iron ore slurry through pipeline of about 312 km from Joda to Integrated Steel Plant (ISP) near Paradeep, Odisha",JSW UTKAL STEEL LIMITED,Delisted EC,OR,IND,2018,Odisha
IA/OR/IND/128016/2019,IA-J-11011/437/2010-IA-II(I),"Expansion from 3,00,000 TPA to 3,40,000 TPA Newsprints, Kraft, Writing and Printing and Industrial Paper Board/ Packaging Board Production at Emami Paper Mills Ltd.,Balasore unit, Odisha under clause",EMAMI PAPER MILLS LIMITED,Returned in present form,OR,IND,2019,Odisha
IA/OR/IND/144804/2020,To be assigned,"Expansion from 3,00,000 TPA to 3,40,000 TPA Newsprints, Kraft, Writing and Printing and Industrial Paper Board/ Packaging Board Production at Emami Paper Mills Ltd., Balasore unit, Odisha under clause",EMAMI PAPER MILLS LIMITED,DELETED,OR,IND,2020,Odisha
IA/OR/IND/185460/2007,J-11011/29/2007-IA II (I),"Proposed Expansion of Aluminium Smelter  Production Capacity (from 16 LTPA to 18 LTPA), CPP (1215 MW)  by adding 2 LTPA Smelter Plant at Bhurkamunda Village, Kalimandir P.O, Jharsuguda District, Odish",VEDANTA LIMITED,Returned in present form,OR,IND,2007,Odisha
IA/OR/IND/151574/2020,J-11011/309/2018-IA.II(I),"Expansion of Dhenkanal Steel Plant located at Village- Jharbandh, Galpada, Tarkabeda Kothalu, Beruan Pal, Kankalu, Benipathar, Kadala and Badamunda, District-Dhenkanal, Odisha of M/s Rungta Mines limited",RUNGTA MINES LTD,EC Granted,OR,IND,2020,Odisha
IA/OR/IND/97783/2019,IA-J-11011/75/2019-IA-II(I),"Low Carbon Ferro Alloys Plant with capacity 18,000TPA over an area of 4.5Acre at Bargada Village, Bayree of Jajpur District, Odisha",MOHASHAKTI FERRO ALLOYS PVT LTD,EC Granted,OR,IND,2019,Odisha
IA/OR/IND/103521/2019,IA-J-11011/186/2019-IA-II(I),"Enhancement in production of  existing Sponge Iron capacity from 60000TPA to 270000TPA, Production of 135000 TPA Steel Billets, 120000 TPA TMT Bars, Production of 26 MW Power through WHRB (16MW)& AFBC (10MW) Route and Production of 30 million Fly ash Bricks per Annum of M/s Shree Hari Sponge Private Limited",SHREE HARI SPONGE PVT. LTD.,Returned in present form,OR,IND,2019,Odisha
IA/OR/MIN/195617/2018,23-151/2018-IA.III (V),"Proposed 70,200 TPA of Limestone production including subgrade and OB from Putka Limestone Mine (MLA 97.031 Ha) of M/s Jyoti Pramanik located at Village-Putka,Tehsil- Jharbandh,Dist-Bargarh,Odisha.",PUTKA LIMESTONE MINES,EC Granted,OR,MIN,2018,Odisha
IA/OR/NCP/131730/2019,10-4/2020-IA.III,"Development of Economic Corridors, Inter-corridors and feeder routes and Coastal road primarily to improve the efficiency of freight movement in India under  Bharatmala Pariyojna Lot-3/Odisha & Jharkhand/Package-2, (From Ch. 124.661-Ch. 365.033)",NATIONAL HIGHWAYS AUTHORITY OF INDIA PIU SAMBALPUR,EC Granted,OR,NCP,2019,Odisha
IA/OR/MIN/7226/2007,J-11015/1156/2007-IA.II(M),Nuagoan Iron ore mine,jsw renew energy three limited,EC Granted,OR,MIN,2007,Odisha
IA/OR/IND/18852/2013,J-11011/112/2013-IA-II (I),Expansion of Iron Ore Pelletizing Plant,ARDENT STEEL LTD,Delisted EC,OR,IND,2013,Odisha
IA/OR/MIN/210667/2019,IA-J-11015/63/2018-IA-II(M),Expansion of the Katamati Iron Mine from 8.0 MTPA to 13.5 MTPA (ROM) with Total Excavation of 15.0 MTPA along with Mineral Beneficiation Plant of 4.0 MTPA in ML Area of 403.3238 ha Located at Deojhar,TATA STEEL LIMITED KHONDBOND IRON AND MN MINES,EC Granted,OR,MIN,2019,Odisha
IA/OR/IND/204957/2021,IA-J-11011/129/2007-IA-II(I),"Proposal For Environment Clearance for completion of balance work of 6 MTPA Pellet Plant (Unit – 2) of approved 12 MTPA Pellet Plant of M/s ArcelorMittal Nippon Steel India Limited (Formerly Essar Steel India Limited) at Udayabata, Post- Paradip, Dist.- Jagatsinghpur, Odisha.",M/S ARCELORMITTAL NIPPON STEEL INDIA LIMITED,EC Granted,OR,IND,2021,Odisha
IA/OR/IND/2624/2007,To be assigned,Integrated steel plant (6.00 MTPA) alongwith Captive Power Plant (225 MW),M/S ARCELORMITTAL NIPPON STEEL INDIA LIMITED,DELETED,OR,IND,2007,Odisha
IA/CG/NCP/131198/2019,10-3/2020-IA.III,"Development of Economic Corridors, Inter-corridors and feeder routes and Coastal road primarily to improve the efficiency of freight movement in India under Bharatmala Pariyojna Lot-3/Odisha & Jharkhand/Package-2, (Ch 0.00 - Ch 124.661 km)",NATIONAL HIGHWAYS AUTHORITY OF INDIA PIU DHAMTARI,EC Granted,CG,NCP,2019,Odisha
IA/OR/IND2/228328/2021,IA-J-11011/348/2021-IA-II(I),"Manufacturing  of 45.0 KLD Ethanol by Grain Based distillery with Zero Liquid Discharge, to be used for Ethanol Blended Petrol Programme of the Government along with 1.5 MW Power Plant at Village- Manoharpali, P.O – Samleipadar,  Tehsil- Bijepur, District-  Bargarh, Odisha",BARGARH BIO FUELS DEVELOPMENT FOUNDATION,EC Granted,OR,IND2,2021,Odisha
IA/OR/IND2/229113/2021,IA-J-11011/367/2021-IA-II(I),"Establishment of proposed Grain Based Distillery Plant having Capacity 360 KLD along with 9.0 MW Co Generation Power at village - Gindilamal Tehsil – Ulunda, District – Subarnapur (Sonepur), Odisha of M/s Mash Spirits Pvt. Ltd.",M/S MASH SPIRITS PVT. LTD.,Delisted EC,OR,IND2,2021,Odisha
IA/OR/IND2/229184/2021,IA-J-11011/368/2021-IA-II(I),"Proposed 360 KL/Day Grain Based Distillery Project along with 9 MW Co-Gen Power Plant and ZLD Unit at Village Panimura Jungle, Tehsil Tarbha, District- Subranpur, Odisha by M/s. Mash Bio-Fuels Pvt. Ltd.",M/S MASH BIO-FUELS PVT. LTD.,Returned in present form,OR,IND2,2021,Odisha
IA/OR/IND2/229712/2021,IA-J-11011/381/2021-IA-II(I),"Proposed 200 KLPD Grain based Ethanol Plant along with 6.0 MW Cogeneration Power Plant at Village Deogaon, Tehsil Maneswar, District Sambalpur (Odisha) by M/s Premier Alcobev Private Limited",PREMIER ALCOBEV PRIVATE LIMITED,EC Granted,OR,IND2,2021,Odisha
IA/OR/MIN/230338/2021,To be assigned,"NEW PROPOSAL FOR GRANT OF EC OF UPPALADA STONE QUARRY-V OVER AN AREA OF 11.094 ACRES OR 4.490 HECTARES BEARING KHATA NO.376,PLOT NO.1723/2 IN VILLAGE UPPALADA, TAHASIL-PARLAKHEMUNDI,DISTRICT-GAJAPATI,",R.RAGHUPATI RAO,Delisted EC,OR,MIN,2021,Odisha
IA/OR/IND/233589/2021,To be assigned,"Expansion of Existing Facilities with addition of 2 X 300 TPD DRI Kiln and CPP (WHRB from 22 to 30 MW and CFBC 40 MW) within the Existing Integrated Steel Plant Premises over an area of 79.40 Ha by SMC Power Generation Limited at Industrial Growth Center, Kukurjanga, P.O.: Badmal, Dist: Jharsuguda, Odisha- 768202 in pursuance to the Notification NO. S.O.1247 (E) dated 18/03/2021",SMC POWER GENERATION LIMITED,DELETED,OR,IND,2021,Odisha
IA/OR/IND/234285/2019,J-11011/275/2019-IA.II (I),"Proposed Greenfield Project-3.85 MTPA throughput Iron Ore Beneficiation and 2.0 MTPA Pellet Plant with Producer Gas Plant (5X15000 Nm3/hr)  at Palaspanga, District- Keonjhar, Odisha.",ORISSA SPONGE IRON & STEEL LIMITED,Returned in present form,OR,IND,2019,Odisha
IA/OR/IND/234628/2021,IA-J-11011/189/07-IA.II(I),"Expansion of existing Integrated Steel Plant with addition of 2 X 300 TPD DRI Kiln and CPP (WHRB from 22 to 30 MW and CFBC 40 MW) within the existing plant premises at Industrial Growth Centre, Villag",SMC POWER GENERATION LIMITED,EC Granted,OR,IND,2021,Odisha
IA/OR/IND/5330/2008,J-11011/495/2006-IA.II(I),Proposed Expansion of Steel Plant,SHYAM METALICS AND ENERGY LIMITED,Returned in present form,OR,IND,2008,Odisha
IA/OR/MIN/176862/2020,J-11015/47/2020-IA-II(M),"Proposed Limestone Mine (Khatkurbahal (North) Block, Area: 156.43 ha) with production capacity of Limestone 1.6 MTPA and Mineral Reject 0.035 million TPA (ROM 1.635 million TPA), Top Soil 0.033 MTPA & Waste 3.875 MTPA (Total excavation - 5.543 MTPA) with Proposed crusher & screen with capacity of 800 TPH Limestone at Villages Khatkurbahal & Phalsakani, Tehsil Kutra, District Sundargarh, Odisha by M/s. Shiva Cement Ltd.",SHIVA CEMENT LTD,EC Granted,OR,MIN,2020,Odisha
IA/BR/IND/25209/2014,J-11011/329/2014-IA-II(I),"Environmental Clearance for Cement Plant at Kurari Villages, Durgavati Tehsil, Kaimoor District, Bihar State.",Kanodia Infratech Ltd.,EC Granted,BR,IND,2014,Bihar
IA/BR/MIN/26572/2015,J-11015/46/2015-IA-II(M),"Balu/Sand mining (minor mineral) over an area of 402.98 ha in District-Nawada, Bihar containing River Sand.",GOPAL PRASAD,EC Granted,BR,MIN,2015,Bihar
IA/JH/IND/25881/2009,F.No.J-11011/310/2009-IA II (I),BIHAR FOUNDRY AND CASTING LTD,BIHAR FOUNDRY AND CASTING LTD.,DELETED,JH,IND,2009,Bihar
IA/BR/NCP/67293/2017,21-308/2017-IA-III,"Existing and Proposed expansion of Darbhanga Medical College and Hospital, District Darbhanga, Bihar",BIHAR MEDICAL SERVICES AND INFRASTRUCTURE CORPORATION LIMITED,EC Granted,BR,NCP,2017,Bihar
IA/BR/IND2/67962/2016,To be assigned,"Environmental Clearance for the proposed t'Capacity Expansion of Muzaffarpur POL depot, Village:- Sherpur, Mauzaz- Sherpur, District:- Muzaffarpur, State:- Bihar",BPCL MUZAFFARPUR POL DEPOT,DELETED,BR,IND2,2016,Bihar
IA/BR/NCP/70303/2017,21-358/2017-IA-III,"THE HERITAGE” (MALL & MULTIPLEX), PROPOSED COMMERCIAL BUILDING
PLOT NO -671,672,673,674.TAUZI NO. – 5276, THANA NO. : - 36, SURVEY THANA – DANAPUR, KHAGAUL, VILLAGE MUSTAFAPUR, PATNA, BIHAR",M/S PLATINIUM HERITAGE HOME PVT. LTD.,EC Granted,BR,NCP,2017,Bihar
IA/BR/MIN/71453/2017,To be assigned,"Stone Mining Project at Mauja- Pachar, Anchal- Rafiganj, District-Aurangabad (Bihar)",K.P.S. STRUCTURE MAKERS PVT. LTD,DELETED,BR,MIN,2017,Bihar
IA/BR/NCP/71639/2017,21-5/2018-IA.III,"International Sports Academy cum Cricket Stadium by Building Construction Department, Government of Bihar","BUILDING CONSTRUCTION DEPARTMENT, GOVERNMENT OF BIHAR",EC Granted,BR,NCP,2017,Bihar
IA/BR/NCP/72364/2017,21-363/2017-IA-III,"Proposed Group Housing Aqua City Phase 1 at Danapur Patna, Bihar",SAAKAAR CONSTRUCTIONS PVT LTD,EC Granted,BR,NCP,2017,Bihar
IA/BR/RIV/57622/2016,J-12011/22/2016-IA-I,Kosi-Mechi Intrastate Link Project   (Construction of canal (76.20 km) on the existing barrage beyond existing Eastern Kosi Main Canal (41.30 km) for irrigation purpose under Kosi-Mechi Intrastate Link Project in the State of Bihar,WATER RESOURCE DEPARTMENT GOVERNMENT OF BIHAR,EC Granted,BR,RIV,2016,Bihar
IA/DL/NCP/155080/2020,21-11/2020-IA-III,Expansion of Atal Bihari Vajpayee Institute of Medical Sciences & Dr Ram Manohar Lohia Hospital - Construction of Super Specialty Block (Formerly PGIMER & Dr. Ram Manohar Lohia Hospital) located at  B,ATAL BIHARI VAJPAYEE INSTITUTE OF MEDICAL SCIENCES & DR RAM MANOHAR LOHIA HOSPITAL,EC Granted,DL,NCP,2020,Bihar
IA/BR/IND/184487/2011,J-11011/287/2010-IA.II(I),"EIA Report Enhancement of production 1 MTPA to 2 MTPA in Portland Pozzolana Cement grinding unit of M/s Emami Cement Limited Located at village Kulhariya village, Durgawati Tahasil, Bhabua (Kaimur), B",EMAMI CEMENT LTD.,Returned in present form,BR,IND,2011,Bihar
IA/BR/MIN/109225/2019,IA-J-11015/63/2019-IA-II(M),Madurna Stone Mines,STARNET MARKETING PRIVATE LIMITED,Delisted EC,BR,MIN,2019,Bihar
IA/BR/IND/188922/2020,J-11011/41/2020-IA.II(I),"Proposed Greenfield Project- Installation of Cement Grinding Unit of 0.60 MTPA Capacity (Product Mix of OPC, PPC, PSC & PCC) at village - Kurari, Durgawati, Kaimur (Bihar) of M/s. MITTALTECH Steel & C",MITTALTECH STEEL & CEMENT PVT. LTD.,Returned in present form,BR,IND,2020,Bihar
IA/BR/MIS/221558/2021,21-89/2021-IA-III,"Proposed Expansion Residential Building “Star Galaxy” at Mauza-Simlimurararpur, Khata No. 89, Khesra No. 1574 (Part), 1579 & 1580 (Part), 1581, 1594 & 1595, Dist - Patna, Bihar By M/s Sai Shree Balaje",M/S SAI SHREE BALAJEE HOMES PVT. LTD.,transfertoseiaa,BR,MIS,2021,Bihar
IA/BR/MIS/222820/2021,21-53/2021-IA-III,"Passenger Ropeway at  Pretshilla Hills, Gaya , Bihar",BIHAR STATE TOURISM DEVELOPMENT CORPORATION LIMITED,transfertoseiaa,BR,MIS,2021,Bihar
IA/BR/IND2/223202/2021,IA-J-11011/300/2021-IA-II(I),"Greenfield Project of Grain Based Distillery Plant (200 KLPD) at Village-Arawan, Tehsil-Ben, PO-Parwalpur, Distt- Nalanda–803114, Bihar by M/s Patel Agri Industries Private Limited-Unit#I",M/S PATEL AGRI INDUSTRIES PRIVATE LIMITED,EC Granted,BR,IND2,2021,Bihar
IA/BR/IND2/223280/2021,IA-J-11011/300/2021-IA-II(I),"Greenfield Project of Grain Based Distillery Plant (200 KLPD) at Village-Arawan, Tehsil-Ben, PO-Parwalpur, Distt- Nalanda–803114, Bihar by M/s Patel Agri Industries Private Limited-Unit#II",M/S PATEL AGRI INDUSTRIES PRIVATE LIMITED,EC Granted,BR,IND2,2021,Bihar
IA/BR/IND2/223382/2021,IA-J-11011/302/2021-IA-II(I),"Grain Based Distillery Plant (100 KLPD) along with Co-Generation Power Plant of 15 MW at Village-Arawan, Tehsil-Ben, PO-Parwalpur, Distt- Nalanda–803114 (Bihar) by M/s Patel Agri Industries Private Limited.-Unit#III",M/S PATEL AGRI INDUSTRIES PRIVATE LIMITED,EC Granted,BR,IND2,2021,Bihar
IA/BR/MIS/223674/2021,21-52/2021-IA-III,"Proposed Commercial and Residential Building “Nutan Crescent II” at Bhikhachak, Mauza-Chitkohra, Tehsil-Gardanibhag, Dist. - Patna, Bihar by Nutan Construction",NUTAN CRESCENT II,transfertoseiaa,BR,MIS,2021,Bihar
IA/BR/IND2/228044/2021,IA-J-11011/342/2021-IA-II(I),"Proposed 1G Grain based Bio ethanol Plant at 100 KLPD capacity with captive power plant of 50 TPH capacity at BIADA, Industrial Area, Panapur Village , Motipur Taluk, Muzaffarpur District, Bihar",NATURALS DAIRY PRIVATE LIMITED,EC Granted,BR,IND2,2021,Bihar
IA/BR/IND2/228207/2021,IA-J-11011/345/2021-IA-II(I),"60 KLPD Grain Based Ethanol Plant along with 2.0 MW Co-generation Power Plant at Khasra No. 406/410/411, Block Kudra, Village Daindih, District Kaimur, Bihar",M/S ESE ENERGY PRIVATE LIMITED,Returned in present form,BR,IND2,2021,Bihar
IA/BR/IND2/228654/2021,IA-J-11011/353/2021-IA-II(I),"Proposed 250 KLPD Grain based Ethanol Plant along with 6.0 MW Cogeneration Power Plant at Plot no Bariyarpur IP-48 (P), BIADA Industrial Area Motipur, Tehsil Motipur, District Muzaffarpur, Bihar by M/s. Micromax Biofuels Private Limited",MICROMAX BIOFUELS PRIVATE LIMITED,EC Granted,BR,IND2,2021,Bihar
IA/BR/IND2/229097/2021,IA-J-11011/359/2021-IA-II(I),"100 KLPD Grain Based Ethanol Plant along with 3.2 MW Co-generation Power Plant at Plot No. 10, Industrial Area, Nawanagar (Buxar), Bihar",M/S BHARAT PLUS ETHANOL PVT. LTD.,EC Granted,BR,IND2,2021,Bihar
IA/BR/IND2/229733/2021,IA-J-11011/385/2021-IA-II(I),"100 KLPD Grain Based Ethanol Plant along with 2.7 MW Co-generation Power Plant at Block Kasba, Village Basantpur, District Purnia, Bihar.by M/s Yash Biofuels Pvt. ltd.",M/S YASH BIOFUELS PVT. LTD.,Delisted EC,BR,IND2,2021,Bihar
IA/BR/IND/136756/2020,J-11011/41/2020-IAII(I),"Installation of Cement Grinding Unit of 0.60 MTPA Capacity  (Product Mix of OPC, PPC, PSC & PCC) in two Phases  (1st Phase: 1000 TPD & 2nd Phase: 1000 TPD) of M/s MITTALTECH Steel & Cement Pvt. Ltd.",MITTALTECH STEEL & CEMENT PVT. LTD.,EC Granted,BR,IND,2020,Bihar
IA/BR/IND2/249521/2022,IA-J-11011/1/2022-IA-II(I),"Proposed 150 KLPD Grain based Ethanol Plant along with 3.5 MW Co-generation power plant at Plot No. 4, Growth Centre Begusarai Industrial Area, Village Asurari, Tehsil Barauni, District Begusarai, Bihar by M/s. New Way Homes Private Limited",NEW WAY HOMES PRIVATE LIMITED,EC Granted,BR,IND2,2022,Bihar
IA/BR/IND2/250674/2022,IA-J-11011/345/2021-IA-II(I),"60 KLD Grain Based Ethanol Plant along with 2.0 MW Co-generation Power Plant at Khasra No. 406/410/411, Block Kudra, Village Daindih, District Kaimur, Bihar by M/s ESE Energy Private Limited",M/S ESE ENERGY PRIVATE LIMITED,EC Granted,BR,IND2,2022,Bihar
IA/BR/IND2/255068/2022,IA-J-11011/44/2022-IA-II(I),"Greenfield Project of 60 KLD Grain Based Ethanol Plant along with 1.4 MW Co-generation Power Plant located at Khasra No. 161, 164 & 165 Mauza Parbatta, Thana-Ismailpur, District Bhagalpur, Bihar",SAHU AGRO BUSINESS PRIVATE LIMITED,EC Granted,BR,IND2,2022,Bihar
IA/BR/NCP/205173/2021,10/18/2021-IA.III,"Development of 4 lanes inter corridor (green field alignment from Shiwrampur to Ramnagar to NH-57 under Bharatmala Pariyojna (Lot-5, Pkg-7) in state of Bihar. Package-II (Km 55+002 to Km 109+327) Proposed Length – 54.325 Km",National Highways Authority of India,EC Granted,BR,NCP,2021,Bihar
IA/HR/IND3/268419/2021,IA-J-11011/100/2021-IA.II.I,"Capacity Expansion of Formaldehyde Manufacturing Unit in Existing Facility from 80 TPD to 250 TPD  at Sampla-Beri Road, Ismaila, 11-B, District Rohtak, Haryana by M/s Banke Bihari Overseas Pvt. Ltd.",M/S BANKE BIHARI OVERSEAS PVT. LTD.,EC Granted,HR,IND3,2021,Bihar
IA/BR/IND2/274130/2012,J-11011/98/2012-IA II (I),"Expansion of Grain based Distillery from 650 KLPD to 1320 KLPD & Co-generation Power Plant from 20 MW to 40 MW at Village Devadi, Block Garhani, Anumandal Ara, District Bhojpur, Bihar by M/s Bihar Dis",BIHAR DISTILLERS & BOTTLERS PVT. LTD.,EC Granted,BR,IND2,2012,Bihar
IA/BR/NCP/205952/2021,10/20/2021-IA.III,Development of 4 lanes inter corridor (green field alignment) from Kalyanpur to Tal Dasraha under Bharatmala Pariyojna in state of Bihar Package-IV (From Km 0+000 to Km 47+000) Proposed Length –47.000 Km,National Highways Authority of India,EC Granted,BR,NCP,2021,Bihar
IA/BR/IND2/281942/2022,IA-J-11011/247/2022-IA-II(I),"“Greenfield project of 750 KLD Grain Based Ethanol Plant along with 20 MW Co-generation Power Plant” Village-Chakai, District- Jamui, Bihar",ANKUR BIOCHEM PRIVATE LIMITED,EC Granted,BR,IND2,2022,Bihar
IA/BR/IND2/402095/2022,IA-J-11011/425/2022-IA-II(I),"Greenfield Project of 60 KLD Grain Based Ethanol Plant along with 1.8 MW Co-generation Power Plant located at Industrial Area, Lohat Phase-2, District- Madhubani, Bihar by M/s Yash Biofuels Pvt. Ltd.",M/S YASH BIOFUELS PVT. LTD.,EC Granted,BR,IND2,2022,Bihar
IA/JH/IND1/414442/2023,IA-J-11011/384/2010-IA-II(IND-I),Bihar Foundry and Castings Limited,BIHAR FOUNDRY AND CASTINGS LIMITED,Delisted EC,JH,IND1,2023,Bihar
IA/JH/IND1/417175/2023,J-11011/384/2010-IA-II(IND-I),"Modification-cum-Expansion of Ferro Alloy Plant (under violation) Modification of existing 2x5 MVA SEAF’s to 2x6 MVA SEAF, Modification of existing 1x7.5 MVA SEAF to 1x9 MVA SEAF, Existing 1x9.0 MVA SEAF, establishment new 1x9 MVA SEAF  & new 12MT per batch CLU Converter for refining liquid HC FeMn to MC/LC FeMn by BIHAR FOUNDRY & CASTINGS LIMITED",BIHAR FOUNDRY AND CASTINGS LIMITED,Delisted EC,JH,IND1,2023,Bihar
IA/JH/IND/24501/2012,J-11011/228/2012-IAII,Development of North Karanpura CBM Block NK-CBM-20011 in Jharkhand by Ms ONGC Ltd,ONGC,EC Granted,JH,IND,2012,Jharkhand
IA/JH/IND/30339/2014,11011/691/2007-IA-II(I),"Expansion of Crude Steel production from 9.7 MTPA to 11 MTPA at Tata Steel Works, Jamshedpur, Jharkhand","Tata Steel Limited, Jamshedpur",EC Granted,JH,IND,2014,Jharkhand
IA/JH/IND/4969/2011,J-11011/430/2011-IA.II(I),"Proposed Development Plan of CBM Block BK-CBM-2001/1 of Bokaro, Jharkhand",ONGC,EC Granted,JH,IND,2011,Jharkhand
IA/JH/IND2/56677/2015,J-11011/143/2014-1A II (I),"Proposal of expansion of Oil Terminal at Jasidih Industrial area, Jasidih, Deoghar, Jharkhand",INDIAN OIL CORPORATION LIMITED PATNA,EC Granted,JH,IND2,2015,Jharkhand
IA/JH/IND/57123/2013,J-11011/106/2013- IA II (I),"Development of Jharia CBM Block, Jharkhand by M/s ONGC",ONGC,EC Granted,JH,IND,2013,Jharkhand
IA/JH/CMIN/26389/2015,J-11015/03/2015-IA-II(M),JHARKHAND EXPANSION OCP,CENTRAL COALFIELDS LIMITED,EC Granted,JH,CMIN,2015,Jharkhand
IA/JH/MIN/61791/2011,J-11015/271/2011-IA.II(M),"Jhillingburu-11 Iron & Manganese Ore Mining Project of Gua Ore Mines of M/s Steel Authority of India Ltd, District Singhbhum West, Jharkhand- Prescribing of TOR- Regarding","Rourkela Steel Plant, Steel Authority of India Limited (SAIL)",transfertoseiaa,JH,MIN,2011,Jharkhand
IA/JH/IND/53010/2016,To be assigned,"Capacity expansion of Sponge Iron Plant (from 200 to 400 TPD), up-gradation of CPP (from 8 to 15 MW) and installation of SMS with CCM (480 TPD), Rolling Mill (300 TPD), CPP (15 MW) and Fly-ash Brick Plant (60,000 bricks / day) of M/s Shah Sponge & Power Ltd., at Village Bhumri (Juri), East Sighbhum, Jharkhand",SHAH SPONGE AND POWER LIMITED,DELETED,JH,IND,2016,Jharkhand
IA/JH/MIS/52683/2016,10-31/2016-IA.III,"Environmental Clearance for Development of Deoghar Airport at Deoghar, Deoghar District, Jharkhand",AIRPORTS AUTHORITY OF INDIA,EC Granted,JH,MIS,2016,Jharkhand
IA/JH/IND2/66038/2017,To be assigned,"Manufacturing of 20 tonnes per annum Graphene at Main steel Works of Tata Steel Limited at Jamshedpur, District – East Singhbhum, State- Jharkhand","Tata Steel Limited, Jamshedpur",DELETED,JH,IND2,2017,Jharkhand
IA/JH/RIV/29061/2015,J-12011/17/2015-IA-1,"Proposed Kanhar Barrage Project near village Khuri  under Ranka Block under Garhwa District, Jharkhand",WATER RESOURCES DEPARTMENT,Delisted EC,JH,RIV,2015,Jharkhand
IA/JH/IND/81425/2018,J-11011/305/2012-lA.ll(I),Amendment in Environmental Clearance vide MOEF letter no. J-11011/305/2012-lA.ll(I) dated 07.08.2018 at village Chaliyama in Saraikela – Kharsawan district of Jharkhand,RUNGTA MINES LTD,EC Granted,JH,IND,2018,Jharkhand
IA/JH/IND2/73804/2018,IA-J-11011/117/2018-IA-II(I),"Proposed POL Depot at Village – Radhanagar, Taluk- Chas, District – Bokaro State- Jharkhand",MR RAMANA KUMAR DEEPALA,EC Granted,JH,IND2,2018,Jharkhand
IA/JH/MIS/53551/2016,To be assigned,"Common Bio-Medical Waste Treatment, Storage and Disposal Facility (CBMWTSDF)",NILAWARS WATERGRACE WASTE MANAGEMENT PRIVATE LIMITED,Delisted EC,JH,MIS,2016,Jharkhand
IA/JH/IND/6949/2008,J-11011/99/2007-IA.II(I),Expansion of Bokaro Steel Plant from 4 MT to 7 MT  Crude Steel,SAIL/BOKARO STEEL PLANT,Delisted EC,JH,IND,2008,Jharkhand
IA/JH/IND/109793/1991,J-11011/128/2017-IA-II (I),"Capacity expansion of M/s Anjaney Ferro Alloys Ltd. for enhancement of Ferro-alloys production from 16,100 to 37,800 TPA at village Bhutberia, P.O.-Mihijam, Distt- Jamtara, Jharkhand",ANJANEY FERRO ALLOYS LTD,EC Granted,JH,IND,1991,Jharkhand
IA/JH/MIS/78087/2018,10-70/2018-IA-III,Integrated Municipal Solid Waste Management Project for Deoghar Nagar Nigam at Pachiyari Kothiya Village,DEOGHAR NAGAR NIGAM,EC Granted,JH,MIS,2018,Jharkhand
IA/JH/CMIN/65302/2017,IA-J-11015/54/2017-IA-II(M),"Tubed Coal Mines Project M.L area 460 ha, production capacity 6.0 MTY, near villages Tubed, Mangra, Dihi, Ambajharan,Dhobiajharam, Nawari, Tehsil Latehar, District Latehar, State Jharkhand",MS DAMODAR VALLEY CORPORATION,EC Granted,JH,CMIN,2017,Jharkhand
IA/JH/MIS/141252/2017,10-15/2020-IA-III,"Integrated Municipal Solid Waste Management Facility  At Village Mohanpur, District, Giridih, Jharkhand (Giridih Nagar Nigam)",GIRIDIH NAGAR NIGAM,EC Granted,JH,MIS,2017,Jharkhand
IA/JH/MIS/141894/2020,21-22/2020-IA-III,"Construction of “500 bedded Government Hospital, Hazaribagh, Jharkhand",JHARKHAND STATE BUILDING CONSTRUCTION CORPORATION LIMITED,EC Granted,JH,MIS,2020,Jharkhand
IA/JH/CMIN/109757/2019,J-11015/91/2017-IA.II (M),"Modernization of Jamadoba Underground coal mine of 0.34 MTPA in ML area of 927.17 Ha by M/s Tata Steel Limited at Jorapokhar, Puttiya Dungri village, Jharia Tehsil, Dhanbad ( Jharkhand)",Tata Steel West Bokaro Division,EC Granted,JH,CMIN,2019,Jharkhand
IA/JH/NCP/161991/2020,21-45/2020-IA-III,"Construction (Including Structural Design) of 640 dwelling unit in 20 Nos. of G+3 Blocks (32 DU’s in each Blocks) at Plot No. - 2302, Khata No. – 148, Thana No. 25, village – Kalapathar, Tehsil, Chas, District Bokaro, Jharkhand",M/S. JHARKHAND URBAN INFRASTRUCTURE DEVELOPMENT COMPANY LIMITED,EC Granted,JH,NCP,2020,Jharkhand
IA/JH/IND/168412/2018,J-11011/99/2007-IA.II(I),"Expansion-cum-modernization of Bokaro Steel Plant from 4.5 MTPA hot metal to 5.77 MTPA hot metal at Bokaro Steel City, Jharkhand",SAIL/BOKARO STEEL PLANT,Returned in present form,JH,IND,2018,Jharkhand
IA/JH/MIS/177544/2017,To be assigned,"Common Biomedical Waste Treatment Facility at Sindri Industrial Area, Dhanbad, Jharkhand",MEDICARE ENVIRONMENTAL MANAGEMENT PVT LTD,transfertoseiaa,JH,MIS,2017,Jharkhand
IA/JH/IND/183069/2014,J-11011/4/2020-IA.II(I),"Enhancement of production capacity of various Forged, Machined & Finished products from 80,000 TPA to 130,000 TPA by addition of forging Press Lines 1 x 2000T, 1 x 2500T, 1 x 6300T and Hollow Spindle",RAMKRISHNA FORGINGS LIMITED- PLANT -V,EC Granted,JH,IND,2014,Jharkhand
IA/JH/MIN/183181/2020,To be assigned,Phutkadih Stone Deposit of M/s Jharkhand Stone Works,OVERSEAS MIN-TECH CONSULTANTS,Delisted EC,JH,MIN,2020,Jharkhand
IA/JH/MIN/7094/2011,J-11015/104/2011-IA-II(M),Iron ore beneficiation of NoamundiIron  Iron ore Mine,TATA STEEL LIMITED KHONDBOND IRON AND MN MINES,Returned in present form,JH,MIN,2011,Jharkhand
IA/JH/MIN/190924/2019,J-11015/104/2011.IA.II(M),Expansion of Noamundi Iron Ore Mine of M/s Tata Steel Limited from 10 MTPA to 19 MTPA (ROM) with total excavation of 27 MTPA (ML area 1160.06 ha) along with increase of Iron ore beneficiation plant ca,TATA STEEL LIMITED KHONDBOND IRON AND MN MINES,EC Granted,JH,MIN,2019,Jharkhand
IA/JH/IND/192305/2020,J-11011/137/2006-IA.II(I),"3.0 MTPA (Crude Steel production) Integrated Steel Plant of M/s. ESL Steel Limited (formerly M/s Electrosteel Steels Limited) located at Village Siyaljori, Bhagabandh, Budhibinor, Alkusha, Dhandabar,",ESL Steel Limited,Returned in present form,JH,IND,2020,Jharkhand
IA/JH/IND/192743/2018,IA- J-11011/317/2009-1A. II (I),"Expansion of Ferro Alloy Plant from 11,500 TPA to 37,500 TPA (Product mix of Ferro Manganese, Silico Manganese & Ferro Silicon) located at Phase – IV/C- 1 (P) 3 Industrial Area, Village – Goradih/Bali",SHREE BHOLEY ALLOYS PRIVATE LIMITED,Returned in present form,JH,IND,2018,Jharkhand
IA/JH/IND/193612/2019,J-11011/309/2019-IA.II(I),"Enhancement in production of sponge iron from 90,000 TPA to 2,25,000 TPA , MS Billet of 1,76,400 TPA by installation of four number of induction furnace of capacity 15 TPH,one Captive power plant of 3",RAMGARH SPONGE IRON PVT LTD,EC Granted,JH,IND,2019,Jharkhand
IA/JH/IND/196242/2018,J-11011/99/2007-IA.II(I),"Expansion-cum-modernization of Bokaro Steel Plant from 4.5 MTPA hot metal to 5.77 MTPA hot metal at Bokaro Steel City, Jharkhand",SAIL/BOKARO STEEL PLANT,EC Granted,JH,IND,2018,Jharkhand
IA/JH/IND/203094/2020,J-11011/137/2006-IA.II(I),"3.0 MTPA (Crude Steel production) Integrated Steel Plant of M/s. ESL Steel Limited (formerly M/s Electrosteel Steels Limited) located at Village Siyaljori, Bhagabandh, Budhibinor, Alkusha, Dhandabar,",ESL Steel Limited,Returned in present form,JH,IND,2020,Jharkhand
IA/JH/IND/207765/2021,J-11011/611/2010-IA.II(I),"Environment Clearance for Change in Configuration of the Existing 1.2 MTPA Integrated Steel Plant of TataSteel Long Products Limited at Adityapur Industrial Area, Village Gamharia, Saraikela-Kharsawan, Jharkhand",M/S.TATA STEEL LONG PRODUCTS LIMITED( FORMERLY KNOWN AS M/S TATA SPONGE IRON LIMITED ),Returned in present form,JH,IND,2021,Jharkhand
IA/JH/IND/212892/2020,J-11011/41/2013-IA-II(I),"Expansion of Jharkhand Ispat (P) Ltd. for enhancement of Sponge Iron Production from 60,000 to 120,000 TPA, Billet Production 108,000 TPA, 90,000 TPA Rolling Mill along with 18 MW Captive Power Plant",JHARKHAND ISPAT PVT LTD,Returned in present form,JH,IND,2020,Jharkhand
IA/JH/IND/214574/2010,J-11011/317/2009-IA.II(I),"Expansion of Ferro Alloy Plant from 11,500 TPA to 37,500 TPA (Product mix ofFerro Manganese, Silico Manganese & Ferro Silicon) located at Phase – IV/C- 1(P) 3 Industrial Area, Village – Goradih/Balidi",SHREE BHOLEY ALLOYS PRIVATE LIMITED,EC Granted,JH,IND,2010,Jharkhand
IA/JH/IND/217788/2020,J-11011/137/2006-IA.II(I),"3.0 MTPA (Crude Steel production) Integrated Steel Plant of M/s. ESL Steel Limited (formerly M/s Electrosteel Steels Limited) located at Village Siyaljori, Bhagabandh, Budhibinor, Alkusha, Dhandabar,",ESL Steel Limited,Delisted EC,JH,IND,2020,Jharkhand
IA/JH/IND/220926/2011,To be assigned,"Modification-cum-Expansion in existing Ferro Alloy's Plant capacity from 96TPD to SiMn-165TPD or FeMn-265TPD at survey plot no 1405(P) at Notified Ramgarh Industrial Area, Marar, Jharkhand",GAUTAM FERRO ALLOYS,Delisted EC,JH,IND,2011,Jharkhand
IA/JH/IND2/228956/2021,IA-J-11011/357/2021-IA-II(I),"Proposed 250 KLPD Grain based Ethanol Plant along with 6.0 MW Cogeneration Power Plant at Village Parasi, Post Barwa B.O, Tehsil Gobindpur, District Dhanbad, Jharkhand by M/s. K G Spirits LLP.",K G SPIRITS LLP,EC Granted,JH,IND2,2021,Jharkhand
IA/JH/IND2/229450/2021,IA-J-11011/376/2021-IA-II(I),"Establishment of Grain Based Distillery of 500 KLPD Capacity for the production of Ethanol and  20 MW Cogen Power Plant at Village -Tonagatu, Tehsil -Gola, Dist. –Ramgarh, Jharkhand by  M/s. INLAND POWER LIMITED",M/S INLAND POWER LTD.,Delisted EC,JH,IND2,2021,Jharkhand
IA/JH/MIN/173744/2020,J-11015/46/2020-IA-II(M),"Proposed project of M/s Fairmine Resources Limited for Stone Mining from Lolo Stone Deposit along with Crushing & Screening plant, at Plot no. - 2392 P, 2402 P, 2403, 2404, 2405 P, 2408 P, 2410 P, 2411 P, 2412 P, Khata no. 184,55&25, Mauza – Lolo, Block – Ramgarh, District – Ramgarh, State – Jharkhand, Area: 15.00 acres (6.07 Ha)",FAIRMINE RESOURCES LIMITED,transfertoseiaa,JH,MIN,2020,Jharkhand
IA/JH/IND/236898/2020,J-11011/41/2013-IA-II(I),"Expansion of Jharkhand Ispat (P) Ltd. for enhancement of Sponge Iron Production from 60,000 to 120,000 TPA, Billet Production 108,000 TPA, 90,000 TPA Rolling Mill along with 18 MW Captive Power Plant (WHRB–6MW & AFBC–12MW at village - Hesla, P.O. - Argada, Ramgarh District, Jharkhand",JHARKHAND ISPAT PVT LTD,EC Granted,JH,IND,2020,Jharkhand
IA/JH/IND2/239288/2021,IA-J-11011/479/2021-IA-II(I),"Proposed 100 KLPD Grain based Ethanol Plant along with 3.0 MW Cogeneration Power Plant at Plot No. IV/B-4 (P) & IV/B-10 (P), Phase IV, Bokaro Industrial Area, Tehsil Chas, District Bokaro, Jharkhand by M/s. Eastern India Cements Private Limited",EASTERN INDIA CEMENTS PVT. LTD.,EC Granted,JH,IND2,2021,Jharkhand
IA/AS/IND2/30204/2014,J-11011/113/2014-IAII (I),"Proposed Grain Based Distillery (ENA/RS 60 KLPD) and 6 KLPD Malt sprit plant along with Cogeneration Power Plant (3.0 MW) at Vill. Pacharia Dalar Pathar (Changsari), Dist. Kamrup, Assam",Manglam Distillers & Bottling Industries,EC Granted,AS,IND2,2014,Assam
IA/AS/IND2/31891/2014,J-11011/245/2014-IAII(I),"Development drilling (3 wells), construction of GGS and laying of transportation pipeline at onshore block AAP-ON-94/1, village Dirok, Tea Estate, Tehsil Margherita, District Tinsukia, Assam by M/s Hi",Hindustan Oil Exploration Company Ltd,EC Granted,AS,IND2,2014,Assam
IA/AS/THE/42093/2012,To be assigned,1X660 MW Super Critical Margherita Coal based Thermal  Power Project of Assam Power Generation Corporation Limited (APGCL),Assam Power Generation Corporation Ltd,DELETED,AS,THE,2012,Assam
IA/AS/IND2/52549/2014,J-11011/163/2014-IA II (I),"TOR proposal for carrying out Pre-drilling EIA study at NELP Block, Distt- Jorhat, Assam by M/s Oil India Limited",OIL-G&R,Delisted EC,AS,IND2,2014,Assam
IA/AS/IND2/60920/2014,J-11011/343/2014- IA II (I),"Proposed 8 nos. of exploratory drilling at ML areas of Sivasagar, Assam",ONGC,EC Granted,AS,IND2,2014,Assam
IA/AS/IND2/27496/2015,J-11011/111/2015-IA II (I),"15 Exploratory Locations in SAS Block Distt Golaghat, , Assam",ONGC,EC Granted,AS,IND2,2015,Assam
IA/AS/IND2/67150/2012,To be assigned,"Exploratory Drilling (30 wells) in Khagarijan Oil Gas Field, District Dibrugarh & Tinsukia, Assam by M/s Oil lndia Ltd. (OIL)",OIL INDIA LIMITED,DELETED,AS,IND2,2012,Assam
IA/AS/IND2/61229/2016,To be assigned,"Development drilling of 200 wells in Sivasagar District, Assam",ONGC,DELETED,AS,IND2,2016,Assam
IA/AS/IND2/63434/2017,IA-J-11011/147/2017-IA-II(I),Onshore Oil & Gas Exploratory Drilling and Testing of hydrocarbons in NELP IX Block: AA-ONN-2010/3 in Sadiya Area of Tinsukia district in the state of Assam.,OIL INDIA LIMITED,EC Granted,AS,IND2,2017,Assam
IA/AS/IND2/71519/2017,IA-J-11011/564/2017-IA-II(I),"Proposed Development Drilling wells and Testing of Hydrocarbons in Dipling, Sarojini and Saekhati Block in Sivasagar and Dibrugarh District, Assam By M/s. Ramayana Ispat Pvt. Ltd.",RAMAYANA ISPAT PVT LTD,Returned in present form,AS,IND2,2017,Assam
IA/AS/IND2/97724/2007,J-11011/1260/2007-IA II(I),"Onshore Oil & Gas Development Drilling and Production in Mechaki Area covering Mechaki, Mechaki Extension, Baghjan and Tinsukia Extension PMLs in Tinsukia District of Assam.",OIL INDIA LIMITED,EC Granted,AS,IND2,2007,Assam
IA/AS/IND2/56473/2016,J-11011/172/2016- IA II(I),"Exploratory drilling of three wells in Badarpur ML and Cachar District ML, Assam",ONGC,EC Granted,AS,IND2,2016,Assam
IA/AS/IND2/71746/2017,IA-J-11011/575/2017-IA-II(I),"Proposed Development Drilling wells and Testing of Hydrocarbons in Duarmara Block in Margherita, District - Tinsukia, Assam by M/s. Oilmax Energy Private Limited",OILMAX ENERGY PRIVATE LIMITED,EC Granted,AS,IND2,2017,Assam
IA/AS/IND2/75479/2018,IA-J-11011/206/2018-IA-II(I),"Exploration, Development and Production for Oil & Gas in 21 onshore PML blocks in Upper Assam North, A & AA Basin, Sivsagar district, Assam",ONGC,EC Granted,AS,IND2,2018,Assam
IA/AS/IND2/71708/2017,IA-J-11011/571/2017-IA-II(I),"Proposed Development Drilling wells and Testing of Hydrocarbons in Charaideo Block in Charaideo District, Assam By M/s. Oilmax Energy Private Limited",OILMAX ENERGY PRIVATE LIMITED,EC Granted,AS,IND2,2017,Assam
IA/AS/IND2/155930/2019,IA-J-11011/148/2019-IA-II(I),"Onshore Oil and Gas Exploration, Appraisal and Early Production in Block AA-ONHP-2017/14 in Karimganj, Hailakandi, Cachar Districts of Assam and Kolasib District of Mizoram",M/s Vedanta Limited(Division Cairn Oil & Gas),Delisted EC,AS,IND2,2019,Assam
IA/AS/IND2/99398/2019,To be assigned,"Onshore Oil and Gas Exploration and Appraisal in AA-ONHP-2017/4 block in Jorhat District, Assam, Wokha & Mokokchung Districts, Nagaland",M/s Vedanta Limited(Division Cairn Oil & Gas),Delisted EC,AS,IND2,2019,Assam
IA/AS/IND2/165606/2007,J-11011/375/2016-IA II (I),"Onshore Oil and Gas Development Drilling and Production Involving Onshore drilling of 179 wells, production facilities and laying of assorted oil & gas flowlines/delivery lines in District Tinsukia (A",OIL INDIA LIMITED,EC Granted,AS,IND2,2007,Assam
IA/AS/IND2/99149/2019,IA-J-11011/86/2019-IA-II(I),"Onshore Development and Production of oil & gas from 53 wells in 7 ML blocks in Jorhat and Golaghat districts, Assam",OIL AND NATURAL GAS CORPORATION LIMITED,EC Granted,AS,IND2,2019,Assam
IA/AS/IND2/75296/2018,IA-J-11011/197/2018-IA-II(I),"Exploration, Development and production in five onshore PML blocks in AAFB, A&AA Basin, Cachar District and Karimganj District, Assam",OIL AND NATURAL GAS CORPORATION LIMITED,EC Granted,AS,IND2,2018,Assam
IA/AS/IND2/228961/2021,IA-J-11011/358/2021-IA-II(I),"Proposed 300 KLPD Grain based Ethanol Plant along with 6.0 MW Cogeneration Power Plant at AIDCL Sipajhar Industrial Plot, Village Badiasisha, Tehsil Sipajhar, District Darrang, Assam by M/s. Kamakhya Biofuels Private Limited",KAMAKHYA BIOFUELS PVT. LTD.,EC Granted,AS,IND2,2021,Assam
IA/AS/IND2/229359/2021,IA-J-11011/374/2021-IA-II(I),"Proposed Fuel Ethanol plant having proposed production capacity of 100 KLPD of grain-based Fuel Ethanol and 4 MW of power cogeneration, to be installed at Industrial Growth Center, Matia, Tehsil and District Goalpara, Assam",SHANTANU TRANSNATIONAL LIFESCIENCES LLP,Delisted EC,AS,IND2,2021,Assam
IA/AS/IND2/245539/2021,IA-J-11011/519/2021-IA-II(I),"Proposed establishment of Grain based Ethanol Distillery capacity 250 KLD along with 7.0 MW at No. 02, Plot – B, Industrial Growth Centre, Matia Tehsil: Matia, District: Goalpara, Assam of M/s Gulshan Polyols Limited.",GULSHAN POLYOLS LIMITED,EC Granted,AS,IND2,2021,Assam
IA/AS/IND2/245748/2021,IA-J-11011/521/2021-IA-II(I),"Greenfield Project of 200 KLD Grain Based Ethanol Plant along with 4.0 MW Co-generation Power Plant at Industrial Growth Centre, Village-Monrai, PO & PS-Matia, District-Goalpara, Assam by M/s Seas Biotech Private Limited",M/S SEAS BIOTECH PRIVATE LIMITED,EC Granted,AS,IND2,2021,Assam
IA/AS/IND/4109/2006,J-11011/307/2006-IA.II(I),Cement Plant,CALCOM CEMENT INDIA LIMITED,EC Granted,AS,IND,2006,Assam
IA/AS/IND2/252318/2020,IA-J-11011/318/2020-IA-II(I),"Onshore Oil and Gas Development drilling in contract area AA/ONDSF/UMATARA/2018 located in Assam Shelf for two block i.e. Umatara and South Rajgarh’, of District- Dibrugah and Charaideo, Assam",M/S INDIAN OIL CORPORATION LIMITED,EC Granted,AS,IND2,2020,Assam
IA/AS/IND2/258244/2022,IA-J-11011/74/2022-IA-II(I),"120 KLD Grain Based Ethanol Plant along with 3 MW Co-generation Power Plant at Village: Loflong 2, Mouza: Sonapur, District: Kamrup (Metro), Assam by M/s Aadhar Green Industries LLP",AADHAR GREEN INDUSTRIES LLP,EC Granted,AS,IND2,2022,Assam
IA/AS/IND2/283592/2022,IA-J-11011/259/2022-IA-II(I),"Grain Based Fuel Ethanol Distillery Plant (100 KLPD) along with Power Generation of 3.0 MW at, Village Dhing, Teshil Nagaon, Dist., Nagaon , Assam by M/s North Eastern Energy Resources Ltd. Unit-2",BASANT KHETAN,Returned in present form,AS,IND2,2022,Assam
IA/AS/IND2/191486/2021,IA-J-11011/7/2021-IA-II(I),"Proposed Drilling of Development Wells Environmental Clearance of AA/ONDSF/Disaijan/2018 Block located in Dumduma Taluka, Distt. Tinsukia, Assam By M/s. Invenire Energy Pvt. Ltd.",INVENIRE ENERGY PRIVATE LIMITED,EC Granted,AS,IND2,2021,Assam
IA/AS/IND2/188998/2020,IA-J-11011/327/2020-IA-II(I),"Proposed Drilling of wells and Testing of Hydrocarbons, Setting of EPS/QPS in AA/ONDSF/LAXMIJAN/2016 Block located in Nazira Taluka, Sibsagar district, Assam by M/s. Megha Engineering & Infrastructure Ltd. (MEIL)",MEGHA ENGINEERING INFRASTRUCTURE,EC Granted,AS,IND2,2020,Assam
IA/AS/IND2/401540/2022,IA-J-11011/408/2022-IA-II(I),"Greenfield Project of 180 KLD Grain Based Ethanol Plant along with 4.5 MW Co-generation Power Plant located at Village- Changmaji Mikir Gaon, Circle-Dobaka, District- Hozai, Assam by M/s Opulent Biofuel Private Limited",OPULENT BIOFUEL PRIVATE LIMITED,EC Granted,AS,IND2,2022,Assam
IA/AS/IND2/402695/2022,IA-J-11011/441/2022-IA-II(I),Grainbased Fuel Ethanol Distillery Plant (100 KLPD ) along with Power generation of 3.0 MWat Village Dhing Tehsil Nagaon Ditrict Nagaon Assam by M/s.North Eastern Energy Resources Limited Unit 2,BASANT KHETAN,Returned in present form,AS,IND2,2022,Assam
IA/AS/MIN/412174/2022,To be assigned,"M/s ASSAM MINERAL DEVELOPMENT CORPORATION LTD, NEW UMRANGSHU LIMESTONE MINE, AREA– 430.00 HECT.",M/s Assam Mineral Development Corporation Ltd,Delisted EC,AS,MIN,2022,Assam
IA/AS/IND2/414841/2023,IA-J-11011/280/2021-IA-II(I),"Onshore Oil and Gas Development & Production in AA/ONDSF/HAZARIGAON/2018 Hydrocarbon Block (30.74 Sq.Km), Golaghat District, Assam",M/s Vedanta Limited(Division Cairn Oil & Gas),EC Granted,AS,IND2,2023,Assam
IA/AS/IND2/423980/2023,IA-J-11011/149/2023-IA-II(I),"Onshore Development and Production of oil and gas from 28 wells and establishment of kasomarigaon EPS and GGS at SUAB drill site in forest area in 6 PML Blocks, Golaghat district, Assam",OIL AND NATURAL GAS CORPORATION LIMITED,EC Granted,AS,IND2,2023,Assam
IA/IND/AS/23627/2014,J-11011/245/2014 IA II (I),"Development Drilling, Construction of GGS and laying of transportation Pipeline at onshore block AAP-ON-94/1 Tinsukia District, Assam by Hindustan Oil Exploration Company in Consortium with Oil India Ltd and Indian Oil Corporation Ltd",Hindustan Oil Exploration Company Ltd,WithdrawTOR,IND,AS,2014,Assam
IA/AS/IND/24306/2014,J-11011/245/2014 IA II (I),"Development Drilling, Construction of GGS, GPP, and laying of transportation Pipeline at onshore block AAP-ON-94/1 Tinsukia District, Assam by Hindustan Oil Exploration Company in Consortium with Oil India Ltd and Indian Oil Corporation Ltd",Hindustan Oil Exploration Company Ltd,TOR GRANTED,AS,IND,2014,Assam
IA/AS/IND/24348/2014,J-11011/302/2014 IA II (I),"Proposed Grain Based Distillery (ENA/RS 60 KLPD) and 6 KLPD Malt sprit plant along with Cogeneration Power Plant (3.0 MW) at Vill. Pacharia Dalar Pathar (Changsari), Dist. Kamrup, Assam",Manglam Distillers & Bottling Industries,TOR GRANTED,AS,IND,2014,Assam
IA/AS/IND/25281/2014,J-11011/104/2015-IA-II(I),"Installation of LPG Mounded Bullet, Facility upgradation of exist. LPG Bottling Plant & Complete Euro-IV HSD Project Project at Numaligarh Refinery Limited, Numaligarh, Assam, India.",NUMALIGARH REFINERY LIMITED,DELETED,AS,IND,2014,Assam
IA/AS/MIS/26999/2015,10-7/2015-IA-III,"Extension of Runway, Construction of Isolation Bay, Link Taxiway and Other Allied Works at Dibrugarh Airport in Assam State",AIRPORTS AUTHORITY OF INDIA,TOR GRANTED,AS,MIS,2015,Assam
IA/AS/IND/30282/2015,To be assigned,"Extension Drilling & Testing of Hydrocarbons at 7 (seven) locations under Dibru-Saikhowa National Park Area, North-West of Baghjan PML,  Tinsukia District, Assam.",OIL-G&R,DELETED,AS,IND,2015,Assam
IA/AS/IND2/33076/2015,J-11011/288/2015-IA II (I),"Extension Drilling & Testing of Hydrocarbons at 7 (seven) locations under Dibru-Saikhowa National Park Area, North-West of Baghjan PML,  Tinsukia District, Assam.",OIL-G&R,Delisted TOR,AS,IND2,2015,Assam
IA/AS/IND2/35692/2015,J-11011/26/2016-IA II (I),"Drilling of Five Exploratory Wells (NRAA, CHAS, MHAE, LKBE and PDAK ) in Sivasagar District, Assam",ONGC,TOR GRANTED,AS,IND2,2015,Assam
IA/AS/IND2/35702/2015,J-11011/27/2016-IA II (I),"Drilling of One Exploratory Well PDAL (RPD-11) in Sivasagar District, Assam",ONGC,TOR GRANTED,AS,IND2,2015,Assam
IA/PB/MIS/26133/2014,10-66/2013-IA-III,"ProposedCommon Effluent Treatment Plant situated at Khasra No. 19/21, 20/24, 20/25, 28/4, 28/5, 28/6 and 28/7 Village –Saidpura, Tehsil-Derabassi, District -SAS Nagar, Mohali, Punjab.5",M/S SAIDPURA ENVIROTECH PRIVATE LIMITED,EC Granted,PB,MIS,2014,Punjab
IA/PB/MIS/26363/2015,21-21/2015-IA-III,"Proposed office-cum-commercial complex “Hampton Plaza ‘’ at Phase-VIII, Focal Point, Ludhiana (Punjab) by M/s Ritesh Properties & Industries Ltd.",MR. ROOP KISHORE FATEHPURIA,Delisted EC,PB,MIS,2015,Punjab
IA/PB/MIS/26527/2015,21-21/2015-IA-III,"Proposed office-cum-commercial complex “Hampton Plaza ‘’ at Phase-VIII, Focal Point, Ludhiana (Punjab) by M/s. Ritesh Properties & Industries Ltd.",MR. ROOP KISHORE FATEHPURIA,Delisted EC,PB,MIS,2015,Punjab
IA/PB/IND2/27677/2013,J-11011/378/2013-IA II(I),"for  Bulk Drugs Manufacturing Unit at Focal Point, DeraBassi, District- Mohali, Punjab (Area 2500 sq",ADLEY LAB LTD,EC Granted,PB,IND2,2013,Punjab
IA/HR/NCP/27909/2015,To be assigned,"Punjab National Bank Institutional Building   At plot no. 84, sec-18, Gurgaon, Haryana",PUNJAB NATIONAL BANK,transfertoseiaa,HR,NCP,2015,Punjab
IA/JK/MIN/26569/2015,J-11015/43/2015-IA-II(M),"River Bed Minor Mineral Mine/quarry Having total area of 19.942Ha at village kedyan-gandyal, District Kathua, Jammu & Kashmir (interstate boundary of Punjab and Jammu & kashmir at 0.03 KM)",MS MOHAN PAUL SINGH PANNU,EC Granted,JK,MIN,2015,Punjab
IA/PB/MIS/48006/2016,To be assigned,Rehabilitation and up-gradation of NH 64 from KM 28.110 to 50.000 (Zirkpur to Patiala section) to 4 Lane in the state of Punjab on EPC Basis under NHDP-IV on behalf of “Ministry of Road and Transport & Highways”,CENTRODORSTRY INDIA PVT LTD,DELETED,PB,MIS,2016,Punjab
IA/JK/MIN/63195/2015,To be assigned,"Mining of river bed material(minor mineral) by M/s Dhyan Singh S/o Shri Harpal Singh with proposed production of 5,91,018.75 TPA  having an Interstate boundary of Jammu & Kashmir  and  Punjab about  0",DHYAN SINGH,DELETED,JK,MIN,2015,Punjab
IA/PB/NCP/64111/2017,To be assigned,"Proposed Group Housing ""Orchard Country 1"" at village Santa Majra, Mohali Punjab",ANSAL LOTUS MELANGE PROJECTS PVT LTD,DELETED,PB,NCP,2017,Punjab
IA/PB/NCP/63474/2017,To be assigned,"Integrated Township namely “Mohali Hills” at Sectors-98, 99, 105, 106, 108, 109 and 110, SAS Nagar, Mohali, Punjab by M/s. Emaar MGF Land Limited.",Emaar India Limited,WithdrawEC,PB,NCP,2017,Punjab
IA/PB/MIS/51358/2016,10-27/2016-IA.III,"Establishment of 500 kg/hr Hazardous Waste Incinerator at Existing Common Hazardous Waste Treatment, Storage, and Disposal Facility at Nimbuan, Dera Bassi, Mohali District, Punjab by Punjab Waste Management Project (PWMP), Ramky Enviro Engineers Limited.",PUNJAB WASTE MANAGEMENT PROJECT,EC Granted,PB,MIS,2016,Punjab
IA/PB/IND2/64593/2017,IA-J-11011/221/2017-IA-II(I),"Installation of 2G Ethanol Plant at Bathinda, Punjab by M/s Hindustan Petroleum Corporation Limited",MS HINDUSTAN PETROLEUM CORPORATION LIMITED,EC Granted,PB,IND2,2017,Punjab
IA/PB/IND2/72942/2018,IA-J-11011/54/2018-IA-II(I),"Manufacturing of Formaldehyde 100 M.T per day at Village Toffanpur, Tehsil Derabassi, District S.A.S. Nagar, and State Punjab by M/s. Trigun Organics",TRIGUN ORGANICS,EC Granted,PB,IND2,2018,Punjab
IA/PB/IND2/83229/2018,IA-J-11011/159/2018-IA-II(I),"Setup a new API manufacturing unit of 500 TPA at Village- Bhagwanpur, Tehsil- Derabassi, District- SAS Nagar, State- Punjab",UNITED BIOTECH PVT LTD,EC Granted,PB,IND2,2018,Punjab
IA/PB/IND2/86068/2017,IA-J-11011/460/2017-IA-II(I),"Expansion of Chemical Processing Unit of HPL Additives Ltd.,  Village: Bhagwanpur, Tehsil: Derabassi, Dist.: SAS Nagar, Punjab",HPL ADDITIVES LIMITED,Returned in present form,PB,IND2,2017,Punjab
IA/PB/MIS/70365/2017,10-61/2017-IA-III,"Establishment of Civil Enclave at Adampur, Jalandhar Dist, Punjab State",AIRPORTS AUTHORITY OF INDIA ADAMPUR,EC Granted,PB,MIS,2017,Punjab
IA/PB/MIS/76992/2018,10-69/2018-IA-III,Proposed Treatment Storage and Disposal Facility (Incineration Only) by M/s Sevrin Environ Management Co,SAVRIN ENVIRON MANAGEMENT CO,EC Granted,PB,MIS,2018,Punjab
IA/PB/IND2/127321/2019,J-11011/56/2019-IA II (I),"New Chemical Manufacturing Unit namely M/s Balaji Overseas located at Village- Hambran, Near Murti Agro Foods, Hambran road, Tehsil & District- Ludhiana, Punjab",BALA JI OVERSEAS,EC Granted,PB,IND2,2019,Punjab
IA/PB/IND2/145575/2019,J-11011/56/2019-IA II (I),"New Chemical Manufacturing Unit namely M/s Balaji Overseas located at Village- Hambran, Near Murti Agro Foods, Hambran road, Tehsil & District- Ludhiana, Punjab",BALA JI OVERSEAS,Delisted EC,PB,IND2,2019,Punjab
IA/PB/IND2/104211/2019,IA-J-11011/185/2019-IA-II(I),Proposed project for manufacturing of Pesticidesby Punjab Chemicals and Crop Protection Ltd.,PUNJAB CHEMICALS AND CROP PROTECTION LIMITED,Returned in present form,PB,IND2,2019,Punjab
IA/PB/IND/182645/2020,J-11011/344/2008-IA.II(I),"Proposed change in configuration of 450 TPD paper plant by agro pulp (from 165 to 200 TPD), hard wood pulp (200 to 180 TPD), conventional chemical recovery plant (580 Tonnes black liquor solids per day to 730 Tonnes black liquor solids per day) and co-generation power plant (from 28 MW to 38 MW) at village Saila Khurd, Tehsil Garhshanker, District Hoshiarpur, Punjab by Kuantum Papers Limited",KUANTUM PAPERS LIMITED,Returned in present form,PB,IND,2020,Punjab
IA/PB/IND2/163284/2020,To be assigned,"Environmental Clearance for Resin Manufacturing plant at Focal Point, Derabassi District Mohali, Punjab  by M/s. SBL Specialty Coatings Private Limited",SBL SPECIALTY COATINGS PVT LTD (FORMERLY SABOO COATINGS PRIVATE LIMITED),WithdrawEC,PB,IND2,2020,Punjab
IA/PB/MIS/184493/2020,F. No. 21-98/2020-IA.III,"Group Housing Project namely “Ludhiana Heights” at Village-Balloke (Hadbast No.103), T ehsil and Distt. Ludhiana (Punjab) by M/s Chatly Estate Pvt. Ltd.",CHATLY ESTATES PVT. LTD.,EC Granted,PB,MIS,2020,Punjab
IA/PB/MIS/185437/2012,F. No. 21-101/2020-IA.III,"Group housing project namely “Trishla City” at Village Nabha Sahib, Tehsil Dera Bassi, Distt. SAS Nagar (Mohali), Punjab by M/s Trishla Buildtech Pvt. Ltd.",TRISHLA BUILDTECH PVT LIMITED,EC Granted,PB,MIS,2012,Punjab
IA/PB/MIS/189419/2020,21-110/2020-IA-III,"Group Housing Project namely “Homeland Residences” at opposite Gurudwara Mata Sundar Kaur, Sector 77, Distt. SAS Nagar (Mohali), Punjab",M/S S.A. GLOBAL PVT. LTD.,EC Granted,PB,MIS,2020,Punjab
IA/PB/MIS/189685/2020,21-111/2020-IA-III,"Expansion of Group housing project namely “Green Lotus  Saksham” located  at  village Nabha  & Chatt,  Zirakpur, Distt. S.A.S Nagar, Punjab.",M/S MAYA BUILDERS,EC Granted,PB,MIS,2020,Punjab
IA/PB/IND/190704/2013,J-11011/74/2013-IA II(I),"EXPANSION OF  VARDHMAN SPECIAL STEELS LIMITED FROM 2,00,000 TPA TO 2,80,000 TPA OF ROLLED PRODUCTS LOCATED AT CITY- LUDHIANA, DISTRICT- LUDHIANA, STATE -  PUNJAB",VARDHMAN SPECIAL STEELS LIMITED,Returned in present form,PB,IND,2013,Punjab
IA/PB/MIS/192864/2020,IA3-10/8/2021-IA.III,"Mega Residential Project namely “The Palm” in Village Mullanpur Garibdas, Dhanauran and Mastgarh, New Chandigarh, District SAS Nagar (Mohali), Punjab  by M/s Manohar Infrastructure & Constructions Pvt",MANOHAR INFRASTRUCTURE CONSTRUCTION PVT LTD,EC Granted,PB,MIS,2020,Punjab
IA/PB/MIS/194264/2021,IA3-10/11/2021-IA.III,"Affordable Group Housing Project at Sector 94, Distt. SAS Nagar (Mohali), Punjab by M/s Janta Land Promoters Private Limited.",JANTA LAND PROMOTERS PVT. LTD.,EC Granted,PB,MIS,2021,Punjab
IA/PB/IND2/75550/2018,IA-J-11011/208/2018-IA-II(I),"Proposed 60 KLPD Grain based Distillery along with 2.0 MW Co-generation Power Plant at Village Chak Alia, Tehsil & District Gurdaspur (Punjab)",VRV HOSPITALITY PRIVATE LIMITED,EC Granted,PB,IND2,2018,Punjab
IA/PB/MIS/196141/2021,IA3-21/9/2021-IA.III,"Group Housing Residential Pocket 2B namely “Galaxy Heights II” at Sector 66A, 82 & 83, Distt. SAS Nagar, Mohali, Punjab by M/s Janta Land Promoters Private Limited.",JANTA LAND PROMOTERS PVT. LTD.,transfertoseiaa,PB,MIS,2021,Punjab
IA/PB/IND/208613/2013,J-11011/74/2013-IA.II(I),"EXPANSION OF VARDHMAN SPECIAL STEELS LIMITED FROM 2,00,000 TPA TO2,80,000 TPA OF ROLLED PRODUCTS LOCATED AT CITY- LUDHIANA, DISTRICT-LUDHIANA, STATE - PUNJAB",VARDHMAN SPECIAL STEELS LIMITED,Returned in present form,PB,IND,2013,Punjab
IA/PB/IND/212720/2019,J-11011/74/2013-IA.II(I),"EXPANSION OF VARDHMAN SPECIAL STEELS LIMITED FROM 2,00,000 TPA TO 2,80,000 TPA OF ROLLED PRODUCTS LOCATED AT CITY- LUDHIANA, DISTRICT-LUDHIANA, STATE -PUNJAB",VARDHMAN SPECIAL STEELS LIMITED,EC Granted,PB,IND,2019,Punjab
IA/PB/IND2/27543/2014,J-11011/348/2014-IA II (I),"BCL Industries and Infrastructures Ltd., Distillery Unit",BCL INDUSTRIES LTD.,Delisted EC,PB,IND2,2014,Punjab
IA/PB/IND2/220924/2021,IA-J-11011/301/2021-IA-II(I),"Proposed 300 KLPD Grain Based Ethanol Plant at Village Butter Seviyan, Tehsil Baba Bakala, District Amritsar, Punjab by Buttar Biofuels Private Limited",BUTTAR BIOFUELS PRIVATE LIMITED,EC Granted,PB,IND2,2021,Punjab
IA/PB/IND2/223638/2021,IA-J-11011/306/2021-IA-II(I),"Proposed Grain Based Ethanol Plant having installed capacity 190KLD and 5MW Co-generation plant by M/s Firozpur Green Energy Private Limited at Village- Lakho ke Behram, Tehsil- Guruharsahai, District- Ferozepur, Punjab",M/S FIROZPUR GREEN ENERGY PRIVATE LIMITED,EC Granted,PB,IND2,2021,Punjab
IA/PB/IND2/208157/2021,To be assigned,"220 KLPD grain based Ethanol (Biofuel) and 8 MW cogeneration power plant by Indus Biofuels and Spirits Pvt. Ltd. to be located at village Bherpura and Sultanpur, Tehsil and District Patiala, Punjab",INDUS BIOFUELS AND SPIRITS PVT. LTD.,Delisted EC,PB,IND2,2021,Punjab
IA/PB/IND2/28674/2010,J-11011/38/2010-IA.II(I),Proposed for expansion of 50 KLPD to 125 KLPD total Spirit Graing based distillery unit,PIONEER INDUSTRIES LTD.,Delisted EC,PB,IND2,2010,Punjab
IA/PB/IND2/225540/2021,IA-J-11011/327/2021-IA-II(I),"Proposed Fuel Ethanol plant having proposed production capacity of 220 KLPD of grain-based Fuel Ethanol and 8 MW of power cogeneration, to be installed at village Bherpura and Sultanpur, Tehsil and District Patiala, Punjab",INDUS BIOFUELS AND SPIRITS PVT. LTD.,EC Granted,PB,IND2,2021,Punjab
IA/PB/IND2/226190/2016,J-11011/38/2010-IA.II(I),Expansion of existing grain-based distillery with 200 KLPD of ENA/Ethanol capacity and a cogeneration power plant of 9 MW capacity with the proposed installation of additional 200 KLPD grain-based Fue,PIONEER INDUSTRIES LTD.,Returned in present form,PB,IND2,2016,Punjab
IA/HR/MIN/22808/2014,J-11015/58/2014-IA II (M),"Sand Mining at “Karnal Unit-4”, Haryana  with production capacity of 8.0 million TPA of Sand (ROM)",M/s Jai Yamuna Ji Developers,EC Granted,HR,MIN,2014,Haryana
IA/HR/NCP/26396/2015,To be assigned,"Industrial Estate at Dharuhera, Dist: Rewari, Haryana.",HARYANA STATE INDUSTRIAL & INFRASTRUCTURE DEVELOPMENT CO. LTD.,DELETED,HR,NCP,2015,Haryana
IA/HR/MIN/22819/2014,J-11015/59/2014-IA.II (M),"Sand Mining at “Panipat Unit-3”, Haryana  with production capacity of 7.0 Million TPA of Sand (ROM)",JAI KARAN,EC Granted,HR,MIN,2014,Haryana
IA/HR/NCP/27149/2015,21-100/2015-IA-III,"Affordable Group Housing Colony Project at Sector 71, Village Fazilpur Jharsa, Distt. Gurgaon Haryana by M/S Sarvpriya Securities Pvt. Ltd.",SARVPRIYA SECURITIES PVT LTD,transfertoseiaa,HR,NCP,2015,Haryana
IA/HR/MIS/27194/2015,To be assigned,"E.C. of Commercial Colony Project located at Village- Naurangpur, Sector-80,Gurgaon, Haryana by M/s R. P. Estates Pvt. Ltd",R. P. ESTATES PVT LTD,transfertoseiaa,HR,MIS,2015,Haryana
IA/HR/MIS/27198/2015,To be assigned,"Affordable Group Housing Colony Project M/s Revital Reality Pvt Ltd. Village- Naurangpur, Sec- 79-79B, Distt Gurgaon, Haryana",REVITAL REALITY PVT LTD,transfertoseiaa,HR,MIS,2015,Haryana
IA/HR/MIS/27223/2015,21-81/2015-IA-III,"Affordable Group Housing Colony Project at Sector 71, Village Fazilpur Jharsa, Distt. Gurgaon Haryana By M/S Sarvpriya Securities Pvt. Ltd",SARVPRIYA SECURITIES PVT LTD,transfertoseiaa,HR,MIS,2015,Haryana
IA/HR/MIS/27226/2015,21-84/2015-IA-III,"Affordable group housing colony At Sector 111, Village Chauma, Distt. Gurgaon Haryana by M/s Lotus Realtech Pvt. Ltd.",MS LOTUS REALTECH PRIVATE LIMITED,transfertoseiaa,HR,MIS,2015,Haryana
IA/HR/MIS/27250/2015,To be assigned,"Commercial Complex at Village Harsaru & Hayatpur, Sector-88, District Gurgaon, Haryana",BESTECH INDIA PVT LTD,DELETED,HR,MIS,2015,Haryana
IA/HR/MIS/27254/2015,10-15/2015-IA-III,"Construction of 25 MLD Sewerage Plant by Public Health Engineering Division, Kurukshetra,       Haryana.",PUBLIC HEALTH ENGG,transfertoseiaa,HR,MIS,2015,Haryana
IA/HR/MIS/27270/2015,To be assigned,Proposed Affordable Group Housing Scheme At Sec 99 A Gurgaon Manesar Urban Complex District Gurgaon Haryana,PRIME INFRA DEVELOPERS PVT LTD,DELETED,HR,MIS,2015,Haryana
IA/HR/MIS/27283/2015,To be assigned,"Proposed Expansion of Residential Plotted Colony, Located at Sector-11 & 14, Village- Sohna & Raipur, District- Gurgaon, Haryana",RAHEJA DEVELOPERS LTD.,DELETED,HR,MIS,2015,Haryana
IA/HR/MIS/27370/2015,To be assigned,"Proposed Group Housing Project at Village-  Badshahpur, Sector-65, Gurgaon, Haryana",BENCHMARK INFOTECH PVT. LTD.,DELETED,HR,MIS,2015,Haryana
IA/HR/MIS/27393/2015,21-85/2015-IA-III,"Amendment in Environmental Clearance for the Group Housing Project at Sector-3, Village Dharuhera, distt. Rewari, Haryana.",BRIHASPATI CONSTRUCTION PVT LTD,transfertoseiaa,HR,MIS,2015,Haryana
IA/HR/NCP/1536/2012,21-57/2012-IA-III,"TOR for the development of Industrial Estate at Growth Centre, Bawal, distt. Rewari, Haryana",HARYANA STATE INDUSTRIAL & INFRASTRUCTURE DEVELOPMENT CO. LTD.,Violation,HR,NCP,2012,Haryana
IA/HR/MIS/27459/2015,21-89/2015-IA-III,"Proposed Group Housing Project at Village-Badshahpur, Sector-65, Gurgaon, Haryana",AMAR NATH ICHHPUJANI,transfertoseiaa,HR,MIS,2015,Haryana
IA/HR/MIS/27487/2015,To be assigned,"Affordable Group Housing Sector-63 A Gurgaon Manesar Urban Complex Village-Ullahwas, Tehsil-Sohna, Distt-Gurgaon, Haryana",SUNRAYS HEIGHTS PVT LTD,DELETED,HR,MIS,2015,Haryana
IA/HR/MIS/27556/2015,21-106/2015-IA-III,"Affordable Group Housing Sector-63 A Gurgaon Manesar Urban Complex Village-Ullahwas, Tehsil-Sohna, Distt-Gurgaon, Haryana",SUNRAYS HEIGHTS PVT LTD,transfertoseiaa,HR,MIS,2015,Haryana
IA/HR/MIS/27638/2015,To be assigned,"IT Park by                    M/s Pursarth Apparels Pvt. Ltd.    at Village- Dundahera, Tehsil & District- Gurgaon, Haryana",PURSARTH APPARELS PRIVATE LIMITED,transfertoseiaa,HR,MIS,2015,Haryana
IA/HR/MIS/27727/2015,To be assigned,"Proposed Expansion of Residential Plotted Colony, Located at Sector-11 & 14, Village- Sohna & Raipur, District- Gurgaon, Haryana",RAHEJA DEVELOPERS LTD.,transfertoseiaa,HR,MIS,2015,Haryana
IA/HR/MIS/27749/2015,To be assigned,Proposed Affordable Group Housing Scheme At Sec 99 A Gurgaon Manesar Urban Complex District Gurgaon Haryana,PRIME INFRA DEVELOPERS PVT LTD,transfertoseiaa,HR,MIS,2015,Haryana
IA/HR/MIS/27750/2015,To be assigned,Proposed Affordable Group Housing Scheme At Sec 99 A Gurgaon Manesar Urban Complex District Gurgaon Haryana,PRIME INFRA DEVELOPERS PVT LTD,transfertoseiaa,HR,MIS,2015,Haryana
IA/HR/NCP/27831/2015,To be assigned,Group Housing Colony at Kadarpur & Maidawas Sec 63A Gurgoan Manesar Urban Complex Gurgoan Haryana,MAHAMAYA EXPORTS PRIVATE LIMITED,transfertoseiaa,HR,NCP,2015,Haryana
IA/HR/MIS/27836/2015,To be assigned,"Residential Group Housing Project In Revenue Estate of Village Kheri Sadh Sector-27 A  Rohtak, Haryana  M/s  DHL Infratech Pvt Ltd.",M/S DHL INFRATECH PVT LTD.,transfertoseiaa,HR,MIS,2015,Haryana
IA/HR/MIS/27837/2015,To be assigned,"Affordable Group Housing Colony  At Village Dharampur, Sector-108, District– Gurgaon Haryana",SHYAM KRIPA INFRASTRUCTURE PRIVATE LIMITED,transfertoseiaa,HR,MIS,2015,Haryana
IA/HR/NCP/27840/2015,To be assigned,"Commercial Project at Village- Pawala Khusrupur, Sec 109, Gurgaon, Haryana.",CITRA PROPERTIES LIMITED,transfertoseiaa,HR,NCP,2015,Haryana
IA/HR/MIS/27851/2015,To be assigned,"Proposed IT Park by               M/s Pursarth Apparels Pvt. Ltd.    at Village- Dundahera Sector 19, Tehsil & District- Gurgaon, Haryana (in 1.74 Acres)",PURSARTH APPARELS PRIVATE LIMITED,transfertoseiaa,HR,MIS,2015,Haryana
IA/HR/NCP/27866/2015,To be assigned,"Maharaja Agrasen Medical University at Village Nuna Majra, District-Jhajjar, Haryana.",MAHARAJA AGRASEN HOSPITAL CHARITABLE TRUST,transfertoseiaa,HR,NCP,2015,Haryana
IA/HR/NCP/27880/2015,To be assigned,"Affordable Group Housing Colony Project at village Palra, Sector 70A, Gurgaon, Haryana",PYRAMID INFRATECH PRIVATE LIMITED,transfertoseiaa,HR,NCP,2015,Haryana
IA/HR/NCP/27884/2015,To be assigned,"Affordable Group Housing Colony at Village Hayatpur, Sector 90, Gurgaon, Haryana by M/s Aster Infrahome Pvt ltd",ASTER INFRAHOME PVT LTD,transfertoseiaa,HR,NCP,2015,Haryana
IA/HR/NCP/27885/2015,To be assigned,"Group Housing Colony at revenue estate of village gurgaon, sector 3, Gurgaon, Haryana by M/s santur realtor pvt ltd",SANTUR REALTOR PVT LTD,transfertoseiaa,HR,NCP,2015,Haryana
IA/HR/NCP/27886/2015,To be assigned,"Commercial Colony at Village Daulatabad, Sector 103, Dist. Gurgaon, Haryana by M/s Bhagwati Infraprojects pvt ltd",BHAGWATI INFRAPROJECTS PRIVATE LIMITED,transfertoseiaa,HR,NCP,2015,Haryana
IA/HR/MIN/22818/2014,J-11015/66/2014-IA.II (M),"Boulder, Gravel & Sand Mining at “Kurukshetra Unit-1”, Haryana  with production capacity of 2.0 million TPA of Boulder, Gravel & Sand (ROM)",MARKENDESHWAR CONSTRUCTION CO,EC Granted,HR,MIN,2014,Haryana
IA/HR/NCP/27897/2015,To be assigned,"IT park project at Sector-19, Gurgaon, Haryana by M/s Dominant offset  Limited",DOMINANT OFFSET LIMITED,transfertoseiaa,HR,NCP,2015,Haryana
IA/HR/NCP/27907/2015,To be assigned,Adesh Haryana University at village Mohri dist Kurukshetra Haryana by Adesh Welfare Society.,ADESH WELFARE SOCIETY,transfertoseiaa,HR,NCP,2015,Haryana
IA/HR/NCP/27912/2015,To be assigned,"Commercial Colony ""INXT CITY CENTRE"" at sikhopur, sec-83, Gurgaon, Haryana by M/s Trishul Industries",TRISHUL INDUSTRIES,transfertoseiaa,HR,NCP,2015,Haryana
IA/HR/NCP/27915/2015,To be assigned,"Affordable Group Housing Colony at Sector 82, Faridabad, Haryana by M/s S3 Infrareality Pvt Ltd.",S3 INFRAREALITY PVT. LTD.,transfertoseiaa,HR,NCP,2015,Haryana
IA/HR/NCP/27945/2015,To be assigned,"Proposed Affordable Group Housing Colony  At  Killa No. 11, 12, 13/2, 14/2, 15, 16 & 17, Village: Dhamlaka, Sector-26 & 27,   District: Rewari (Haryana)",BM GUPTA DEVELOPERS PVT LTD,transfertoseiaa,HR,NCP,2015,Haryana
IA/HR/NCP/27957/2015,To be assigned,"Affordable Group Housing Colony at Village Devlawas, Sector-27, Rewari, Haryana",VICTORY BUILDESTATES PRIVATE LIMITED,transfertoseiaa,HR,NCP,2015,Haryana
IA/HR/NCP/27961/2015,To be assigned,"Group Housing Project located at Revenue Estate of Village Nuna Majra, Sector-37, Bahadurgargh, Haryana by M/s. HL Promoters Pvt. Ltd.",SANJEEV SURI,transfertoseiaa,HR,NCP,2015,Haryana
IA/HR/NCP/27967/2015,To be assigned,"Affordable Group Housing Colony ""SRS Palm"" at Sector 7 Palwal, Haryana by M/s SRS Real Estate Ltd.",SRS REAL ESTATE LIMITED,transfertoseiaa,HR,NCP,2015,Haryana
IA/HR/NCP/27971/2015,To be assigned,"Affordable Group Housing Colony at Village-Badha, Sector-86, Gurgoan, Haryana by M/s Pyramid Infratech Private Limited",PYRAMID INFRATECH PRIVATE LIMITED,transfertoseiaa,HR,NCP,2015,Haryana
IA/HR/MIS/27974/2015,To be assigned,"Group Housing Project “MICASA” at Sector 68 (HD), Sohna Road, Gurgaon, Haryana",PAREENA INFRASTRUCTURES PVT LTD,transfertoseiaa,HR,MIS,2015,Haryana
IA/HR/MIS/28007/2015,To be assigned,"Extension of EC Validity for Construction of On-going Commercial Complex and Hotel Project at Village-Hyderpur Viran & Wazirabad, Sector-53, Gurgaon, Haryana",MONIKA PROPERTY DEALERS PVT LTD,transfertoseiaa,HR,MIS,2015,Haryana
IA/HR/NCP/28615/2015,To be assigned,"Affordable Group Housing Colony at Village Padhana, Sector- 16, Distt. Karnal, Haryana by M/s. Ras Developments Pvt. Ltd.",RAS DEVELOPMENTS PVT. LTD.,transfertoseiaa,HR,NCP,2015,Haryana
IA/HR/NCP/28662/2008,To be assigned,"EIA for development of Industrial Estate of HSIIDC at Sector 3 and 37, Karnal, Haryana",HARYANA STATE INDUSTRIAL & INFRASTRUCTURE DEVELOPMENT CO. LTD.,DELETED,HR,NCP,2008,Haryana
IA/HR/NCP/28799/2015,To be assigned,"Revision and Expansion of Group Housing Project at Plot No. GH-02, Village Sarai Khawaja, Sector 41, Faridabad, Haryana by M/s Rise Projects Pvt. Ltd.",RISE PROJECTS PVT. LTD.,transfertoseiaa,HR,NCP,2015,Haryana
IA/HR/NCP/28831/2015,To be assigned,"Commercial Complex by M/s Ramprastha Estate Pvt Ltd at Sector 93 Gurgaon, Haryana",RAMPRASTHA ESTATE PVT LTD,transfertoseiaa,HR,NCP,2015,Haryana
IA/HR/NCP/28961/2015,To be assigned,"Group Housing colony at sec-2, sohna, haryana By m/s santur builders pvt. ltd.",SANTUR BUILDERS PVT LTD,transfertoseiaa,HR,NCP,2015,Haryana
IA/KL/NCP/25501/2014,21-159/2014-IA-III,"NAUTICA Proposed Multi-storied apartment complex at Kumbalam Village, Kanayanoor Taluk, Ernakulam District, Kerala by M/s Asten Realtors Pvt. Ltd.",ASTEN REALTORS PVT. LTD.,EC Granted,KL,NCP,2014,Kerala
IA/KL/NCP/25519/2014,21-157/2014-IA-III,"Proposed Residential Project at Kottooli Village, Kozhikode Municipality, Kottooli Taluk, Kozhikode District, Kerala",ASSAN KOYA P. S.,EC Granted,KL,NCP,2014,Kerala
IA/KL/NCP/25542/2014,21-163/2014-IA-III,"Proposed Residential Project at Vanchiyur Village, Thiruvananthapuram District, Kerala by M/s INDROYAL Property Developers Pvt. Ltd.",INDROYAL PROPERTY DEVELOPERS PVT. LTD.,EC Granted,KL,NCP,2014,Kerala
IA/KL/NCP/25553/2014,21-164/2014-IA-III,"TRAVANCORE MERIDIAN Proposed Residential Project at Vanchiyoor Village, Thiruvananthapuram District, Kerala by State Bank of Travancore Officers’ Housing Co-operative Society Limited No. T.1325 and Travancore Bank Officers’ Educational Society (TRA",STATE BANK OF TRAVANCORE OFFICERS' HOUSING CO-OPERATIVE SOCIETY LTD. & TRAVANCORE BANK OFFICERS' EDUCATIONAL SOCIETY,EC Granted,KL,NCP,2014,Kerala
IA/KL/NCP/25676/2014,To be assigned,"Proposed Expansion of Existing Hospital Project at River View Road, Thodupuzha Village, Idukki District, Kerala by M/s Chazhikattu Hospitals Pvt. Ltd.",CHAZHIKATTU HOSPITAL PVT. LTD.,DELETED,KL,NCP,2014,Kerala
IA/KL/NCP/25678/2014,To be assigned,"Environmental Clearance for Proposed Residential Project at Village Nellikode, Kozhikode Taluk & District, Kerala by M/s ULCCS IT INFRASTRUCTURE PVT. LTD.",ULCCS IT INFRASTRUCTURE PVT. LTD.,DELETED,KL,NCP,2014,Kerala
IA/KL/NCP/25682/2014,To be assigned,"Environmental Clearance for the proposed residential project at Village Attipra, Thiruvananthapuram Taluk & District, Kerala by M/s Heera Kerala Developers Pvt. Ltd.",HEERA CONSTRUCTION CO. PVT. LTD.,DELETED,KL,NCP,2014,Kerala
IA/KL/NCP/25686/2014,To be assigned,"Environmental Clearance for the Proposed Residential Project at Trivandrum Taluk & District, Kerala by M/s Hera Construction Co. Pvt. Ltd.",HEERA CONSTRUCTION CO. PVT. LTD.,DELETED,KL,NCP,2014,Kerala
IA/KL/NCP/25948/2014,To be assigned,"Extension of Validity of Environmental Clearance for the Group Housing Project at Rajagiri Valley, Kakkanad Village, Kanayannur, Ernakulam, Kerala by M/s CMI S. H. Provincial House",CARMELITES OF MARY IMMACULATE,DELETED,KL,NCP,2014,Kerala
IA/KL/NCP/25950/2014,To be assigned,"Proposed Residential Project ""SANCTUARY"" at Karakulam Village, Nedumangaud Taluk, Thiruvananthapuram District, Kerala by M/s Samson And Sons Builders & Developers Pvt. Ltd.",SAMSON AND SONS BUILDERS AND DEVELOPERS PVT LTD,DELETED,KL,NCP,2014,Kerala
IA/KL/MIS/27441/2014,10-21/2009-IA-III,"Finalization of ToR for development of a Multiuser Liquid Terminal at Cochin Port, Kerala by M/s Coc",COCHIN PORT TRUST,EC Granted,KL,MIS,2014,Kerala
IA/KL/MIS/33743/2015,To be assigned,"Proposed Infrastructure Development for Indian Coast Guard Academy at Kannur, Kerala",MECON LIMITED BANGALORE,DELETED,KL,MIS,2015,Kerala
IA/KL/MIS/53506/2016,11-19/2016-IA-III,"CRZ Clearance for Proposed Star Hotel Project at Alapuzha, Kerala",EAST VENICE HOTELS AND RESORTS PVT LTD,EC Granted,KL,MIS,2016,Kerala
IA/KL/MIS/62091/2017,10-2/2017-IA-III,"Application for prior Environmental clearance for the proposed Super Speciality hospital project of Kerala medicity medical services pvt ltd. at thonakkal, thiruvananthapuram",KERALA MEDICITY MEDICAL SERVICES PVT LTD,Delisted EC,KL,MIS,2017,Kerala
IA/KL/MIS/63037/2017,To be assigned,"M/s KAPICO KERALA RESORTS PRIVATE LIMITED intending to develop a resort project at Nediyathuruthu island in  Panavally Village & Panchayat, Cherthala Taluk, Alapuzha District, Kerala in an area of 6.9083 ha. (69,083 sq.m.).",KAPICO KERALA RESORTS PVT LTD,Delisted EC,KL,MIS,2017,Kerala
IA/KL/MIS/63272/2017,To be assigned,"M/s KAPICO KERALA RESORTS PRIVATE LIMITED intending to develop a resort project which is located at Nediyathuruthu island in Sy. Nos. 263/1, 263/2, 263/3, 263/4, 266/1, Panavally Village & Panchayat, Cherthala Taluk, Alapuzha District, Kerala",KAPICO KERALA RESORTS PVT LTD,Delisted EC,KL,MIS,2017,Kerala
IA/KL/NCP/63672/2017,To be assigned,"Environment Clearance for the Commercial Complex (Car Showroom cum Service Centre with related activities) at Thrikkakara Village, Kalamassery Municipality, Kanayanoor Taluk, Ernakulam District, Kerala developed by M/s Nippon Motor Corporation Pvt. L",NIPPON MOTOR CORPORATION PVT LTD,DELETED,KL,NCP,2017,Kerala
IA/KL/MIS/63800/2017,To be assigned,"CRZ Clearance for Ayurvedic Resort Project at Re-Survey No. 47 / 3 / 49, 54 / 1, 47 / 3 / 15, 47 / 3 / 25 & 48 / 11 of Punnayur Village, Chavakkad, Thrissur District, Kerala",RAJAH ISLANDS,Delisted EC,KL,MIS,2017,Kerala
IA/KL/MIN/64117/2015,To be assigned,"Mining project of M/s Marthoma Granites is situated at Survey No. 8/9, Alakkodu Village, Edavetty Panchayat, Thodupuzha Taluk, Idukki District, Kerala for an area of 7.4590 hectares",MARTHOMA GRANITES,DELETED,KL,MIN,2015,Kerala
IA/KL/NCP/64215/2017,To be assigned,"Residential Construction Project of M/s GREEN VISTAS INFRASTRUCTURE PROJECTS at 
Resurvey Nos. 359/3, Village Kakkanad, Municipality Thrikakkara,                      Taluk Kanayannur, District Ernakulam, Kerala",GREEN VISTAS INFRASTRUCTURE PROJECTS,DELETED,KL,NCP,2017,Kerala
IA/KL/MIS/64261/2017,To be assigned,"Ayurvedic Resort Project by M/s Rajah Island at Re-Survey No. 47 / 3 / 49, 54 / 1, 47 / 3 / 15, 47 / 3 / 25 & 48 / 11 of Punnayur Village, Chavakkad, 
Thrissur District, Kerala",RAJAH ISLANDS,Delisted EC,KL,MIS,2017,Kerala
IA/KL/NCP/64580/2017,To be assigned,"GREEN VISTAS – “PRAKRITI”  (Construction of Residential Project ) by  M/s GREEN VISTAS INFRASTRUCTURE PROJECTS at Re-survey No. 359/3, Village Kakkanad,  Thrikkakara Municipality, Taluk Kanayannur, District Ernakulam, Kerala",GREEN VISTAS INFRASTRUCTURE PROJECTS,DELETED,KL,NCP,2017,Kerala
IA/KL/NCP/64602/2017,To be assigned,"Residential Project of M/s Green Vistas Infrastructure Projects at Kakkanad Village, Ernakulam, Kerala.",GREEN VISTAS INFRASTRUCTURE PROJECTS,DELETED,KL,NCP,2017,Kerala
IA/KL/NCP/64905/2017,To be assigned,"Residential cum Commercial Project of M/s Artech Realtors Pvt. Ltd. at Vanchiyoor Village, Thiruvananthapuram, Kerala",ARTECH REALTORS PRIVATE LIMITED,Delisted EC,KL,NCP,2017,Kerala
IA/KL/MIS/65485/2017,To be assigned,"Ayurvedic Resort Project of M/s Rajah Islands at Punnayur Village, Chavakkad, Thrissur, Kerala",RAJAH ISLANDS,transfertoseiaa,KL,MIS,2017,Kerala
IA/KL/NCP/65613/2017,To be assigned,"Expansion of the existing Medical campus Project (“Sreevalsam Institute of Medical Sciences”) to be developed by M/s Sreevalsam Educational Trust at Edappal Village, Ponnani Taluk, Malappuram, Kerala",SREEVALSAM EDUCATIONAL TRUST,Delisted EC,KL,NCP,2017,Kerala
IA/KL/NCP/65616/2017,To be assigned,"Expansion of the existing Medical campus Project (“Sreevalsam Institute of Medical Sciences”) to be developed by M/s Sreevalsam Educational Trust at Edappal Village, Ponnani Taluk, Malappuram, Kerala.",SREEVALSAM EDUCATIONAL TRUST,Delisted EC,KL,NCP,2017,Kerala
IA/KL/MIN/66975/2014,To be assigned,"Heavy Mineral Sand mining at Block 3 of KMML , Sankaramangalam,     Chavara,Kollam district, Kerala for renewal of mining lease and enhancement of mineral sand production from 2,50,000 TPA to 7,50,000",KERALA MINERALS AND METALS LTD,DELETED,KL,MIN,2014,Kerala
IA/KL/NCP/64975/2017,To be assigned,"Expansion of IT/ITES project of M/s Technopark at Technopark Campus, Village Kulathoor, Thiruvananthapuram District, Kerala",TECHNOPARK,WithdrawEC,KL,NCP,2017,Kerala
IA/KL/NCP/73773/2018,21-18/2018-IA-III,"Environment Clearance for Expansion of Resort cum Hotel project at Mullackal Village, Alapuzha Municipality,  Ambalapuzha Taluk, Alappuzha District, Kerala by M/s VKL Resorts India Pvt. Ltd.",VKL RESORTS INDIA PVT. LTD.,EC Granted,KL,NCP,2018,Kerala
IA/KL/NCP/73794/2018,21-19/2018-IA-III,"Environmental Clearance for proposed Expansion of Hospital Project at Re-survey no. 48/1, 50/3 & 51/4, Chembiladu Village & Panchayat, Kannur Taluk, Kannur District, Kerala to be developed by M/s Malabar Institute of Medical Science",MALABAR INSTITUTE OF MEDICAL SCIENCES LTD.,EC Granted,KL,NCP,2018,Kerala
IA/KL/NCP/73861/2018,21-22/2018-IA-III,"Environmental Clearance for the Proposed Residential Project  at Village Attipara, Trivandrum Corporation, Trivandrum Taluk & District, Kerala. by M/s Malabar Developers Pvt. Ltd.",M/S MALABAR DEVELOPERS PRIVATE LIMITED,EC Granted,KL,NCP,2018,Kerala
IA/KL/NCP/74702/2018,21-48/2018-IA-III,"Proposed Commercial cum Office Complex project at Technopark Phase-3 Campus in (Non-SEZ plot) Sy. Nos.  290/2(part), 290/3(part) & others, Village Attipra, Taluk & District Thiruvananthapuram, Kerala.",DRAGONSTONE REALTY PRIVATE LIMITED,EC Granted,KL,NCP,2018,Kerala
IA/KL/NCP/74924/2018,21-52/2018-IA-III,"Environmental Clearance for Proposed expansion of existing administrative bank office building project at Re-survey no. 561 pt, 562/1 pt, 563/5 pt., Kakkanad Village, Thrikkakara Municipality, Kanayannur Taluk, Ernakulam District, Kerala by M/s The S",THE SOUTH INDIAN BANK LTD.,EC Granted,KL,NCP,2018,Kerala
IA/KL/NCP/70177/2017,To be assigned,Environmental & CRZ Clearance for Resort project by M/s Kapico Kerala Resorts Pvt. Ltd.,KAPICO KERALA RESORTS PRIVATE LIMITED,Delisted EC,KL,NCP,2017,Kerala
IA/KL/MIS/75571/2018,To be assigned,"CRZ Clearance for Resort project at Sy. No. 236/2B, 121/16/1, 177/2/2 & others, Panavally Village, Panavally Panchayat, Cherthala Taluk, Alappuzha  District, Kerala by M/s Vaamika Island Resorts Pvt. Ltd.",VAAMIKA ISLAND RESORTS PRIVATE LIMITED,Delisted EC,KL,MIS,2018,Kerala
IA/KL/MIS/77250/2017,To be assigned,"Construction of Residential Project at Kakkanad Village, Thrikkakara Municipality, Kanyannur Taluk, Ernakulam District, Kerala of M/s Green Vistas Infrastructure Projects",GREEN VISTAS INFRASTRUCTURE PROJECTS,Delisted EC,KL,MIS,2017,Kerala
IA/KL/MIS/81797/2018,To be assigned,"Proposed Construction Of Multi Storied Residential &Commercial Buildings at Ollur Village, Thrissur District, Kerala",SOBHA HIGHRISE VENTURES PRIVATE LIMITED,Delisted EC,KL,MIS,2018,Kerala
IA/KL/MIN/230373/2020,IA-J-11015/86/2021-IA-II(NCM),"Building Stone Mine (Minor Mineral) Quarry Project situated at Re-survey nos. - 25/1A (25/2308), 25/1A (25/2310) & others in village-Nediyenga, Sreekandapuram Municipality,  Taluk- Taliparamba, Distri",M/S SERA GRANITES INDIA PRIVATE LIMITED,EC Granted,KL,MIN,2020,Kerala
IA/KL/MIN/231582/2014,IA-J-11015/85/2021-IA-II(NCM),"Expansion of Existing Building Stone Mine ( Quarry, Minor Mineral Mining ) project of M/s Kilinakod Rock Products Pvt. Ltd. is situated at Re-Survey Nos. 24/3 pt., 25/2, 27/1, 28/2, 28/3 of Oorakam Vi",KILINAKOD ROCK PRODUCTS PVT LTD,EC Granted,KL,MIN,2014,Kerala
IA/KL/MIN/231862/2019,IA-J-11015/84/2021-IA-II(NCM),"Building Stone Minor Mineral (Quarry)  Project of Mr. Sachu Rajan Eapen is situated at Block 30, Re-Survey No. 55 of Koodal Village, Kalanjoor Panchayat, Konni Taluk, Pathanamthitta District, Kerala f",SACHU RAJAN EAPEN,EC Granted,KL,MIN,2019,Kerala
IA/KL/MIN/232046/2019,IA-J-11015/83/2021-IA-II(NCM),"Building Stone Minor Mineral (Quarry) project of  M/s Mattathil Mines and Developers (P) Ltd. located  at Re-Survey Nos. 898, 899/1, 899/2, 896/1, 896/2, 897/1 at Kodassery Village, Chalakudy Taluk, T",M/S MATTATHIL MINES & DEVELOPERS PVT. LTD.,EC Granted,KL,MIN,2019,Kerala
IA/KL/MIS/232811/2018,To be assigned,"Environmental Clearance for the township project “Sobha City” at Puzhakkal, Guruvayoor Road, Thrissur District, Kerala",MS SOBHA LTD,transfertoseiaa,KL,MIS,2018,Kerala
IA/KL/MIS/234751/2021,21-100/2021-IA-III,"Environmental Clearance for proposed Residential Apartment project to be developed by M/s Favourite Constructions Pvt. Ltd at Uliyazhathura Village, Thiruvananthapuram Corporation, Taluk & District, Kerala.",FAVOURITE CONSTRUCTIONS PVT. LTD.,EC Granted,KL,MIS,2021,Kerala
IA/HP/RIV/24589/2010,To be assigned,Rupin HEP 45 MW Himachal Pradesh,S B Power,Reject,HP,RIV,2010,Himachal Pradesh
IA/HP/RIV/24595/2010,To be assigned,Rupin HEP 45 MW Himachal Pradesh,S B Power,Reject,HP,RIV,2010,Himachal Pradesh
IA/HP/RIV/24596/2010,To be assigned,Rupin HEP 45 MW Himachal Pradesh,S B Power,Reject,HP,RIV,2010,Himachal Pradesh
IA/HP/MIS/26693/2015,10-32/2012-IA-III,"M/s Addl Chief Executive Officer,BBNDA Integrated Solid Waste Management at Himachal Pradesh",KARNATAKA INDUSTRIAL AREAS DEVELOPMENT BOARD (KIADB),EC Granted,HP,MIS,2015,Himachal Pradesh
IA/HP/MIS/27268/2013,10-52/2013-IA-III,"Restoration of Basic Strip & Prevention of Soil Erosion including
feasibility studies for runway extension at Shimla Airport,
Himachal Pradesh",AIRPORTS AUTHORITY OF INDIA,EC Granted,HP,MIS,2013,Himachal Pradesh
IA/HP/MIS/38962/2016,10-10/2016-IA-III,"Development of Passenger Ropeway between Dharamshala to Mc Ledoganj, Himachal Pradesh",DHARAMSHALA ROPEWAY LIMITED,EC Granted,HP,MIS,2016,Himachal Pradesh
IA/HP/MIS/64520/2017,10-30/2017-IA-III,"Proposed Common Effluent Treatment Plant (CETP-5MLD) Project
at Village-Pandoga Tehsil Haroli, District- Una, Himachal Pradesh",HIMACHAL PARDESH STATE INDUSTRIAL DEVELOPMENT CORPORATION LIMITED,Violation,HP,MIS,2017,Himachal Pradesh
IA/HP/MIS/64524/2017,To be assigned,"Proposed Common Effluent Treatment Plant (CETP-7MLD) Project at
Village-Kandrori Tehsil Indora, District- Kangra, Himachal Pradesh",HIMACHAL PARDESH STATE INDUSTRIAL DEVELOPMENT CORPORATION LIMITED,Delisted EC,HP,MIS,2017,Himachal Pradesh
IA/MIS/HP/23612/2014,F.No. 10-24/2014-IA.III,"Two way Passenger Ropeway from Shunarang at village Ralli to Badodhar at village Mebar constructed by Maheshwar Gram Vikas Committee, Gram Panchayat Mebar, Kinnaur District of Himachal Pradesh.",MAHESHWAR GRAM VIKAS COMMITTEE,EC Granted,MIS,HP,2014,Himachal Pradesh
IA/HP/MIN/75204/2018,J-11015/61/2018-IA.II(M),"Sand, Stone & bajri Falling in Mauza Upsampada Batamandi-I, Tehsil Paonta Sahib, District Sirmaur, Himachal Pradesh with crusher unit of 45TPH.",PROP SUNIL KUMAR,Returned in present form,HP,MIN,2018,Himachal Pradesh
IA/HP/MIN/75206/2018,J-11015/60/2018-IA.II(M),"Sand, Stone & bajri Falling in Mauza Upsampada Batamandi–II Area(6.8974 Ha), Tehsil- Paonta Sahib, District  Sirmaur, Himachal Pradesh with crusher unit of 45TPH.",PROP SUNIL KUMAR,Returned in present form,HP,MIN,2018,Himachal Pradesh
IA/HP/MIN/75207/2018,J-11015/59/2018-IA.II(M),"Sand, Stone & bajri Falling in Mauza Upsampada Batamandi Quarry–IV Area(5.0507 Ha),  Tehsil- Paonta Sahib, District- Sirmaur, Himachal Pradesh with crusher unit of 45TPH.",PROP SUNIL KUMAR,Returned in present form,HP,MIN,2018,Himachal Pradesh
IA/HP/MIN/75294/2018,To be assigned,"Sand, Stone & bajri Falling in Mauza Upsampada Batamandi-III, Tehsil Paonta Sahib, District Sirmaur, Himachal Pradesh with crusher unit of 45TPH.",UMESH KHANDUJA,DELETED,HP,MIN,2018,Himachal Pradesh
IA/HP/IND2/61777/2017,To be assigned,"Proposed augmentation in LPG Bulk Storage capacity at LPG Bottling Plant at Mehatpur, Una, Himachal Pradesh by M/s Indian Oil Corporation Ltd.",Indian Oil Corporation Limited,DELETED,HP,IND2,2017,Himachal Pradesh
IA/HP/IND2/80411/2017,IA-J11011/ 80/2017-IA-II(I),"Proposed augmentation in LPG Bulk Storage capacity at LPG Bottling Plant at Village Raipur Sahoran, Mehatpur, Una, Himachal Pradesh by M/s Indian Oil Corporation Ltd.",Indian Oil Corporation Limited,EC Granted,HP,IND2,2017,Himachal Pradesh
IA/HP/MIS/63811/2017,10-23/2017-IA-III,"Common Effluent Treatment Plant, Paonta Sahib proposed by Sirmour Green Environ Ltd",SIRMOUR GREEN ENVIRON LIMITED,EC Granted,HP,MIS,2017,Himachal Pradesh
IA/HP/MIS/104323/2016,To be assigned,"EIA Study for Development of Passenger Ropeway between Palchan and Rohtang,Himachal Pradesh",MANALI ROPEWAYS PRIVATE LIMITED,Delisted EC,HP,MIS,2016,Himachal Pradesh
IA/HP/IND2/72539/2018,IA-J-11011/44/2018-IA-II(I),"Exploration in onshore Kangra-Mandi PEL Block in Mandi and Kangra District, Himachal Pradesh",OIL AND NATURAL GAS CORPORATION LIMITED,EC Granted,HP,IND2,2018,Himachal Pradesh
IA/HP/IND/136337/2008,J-11011/173/2008-IA.II(I),"Expansion in Cement Production Capacity (1.5 MTPA to 2.2 MTPA) of Existing Stand-alone Grinding Unit at Village: Navagraon, P.O.: Jajhra, Tehsil: Nalagarh, District: Solan (Himachal Pradesh) by M/s. A",Ambuja Cement   Limited,EC Granted,HP,IND,2008,Himachal Pradesh
IA/HP/IND2/100583/2019,To be assigned,"Onshore Oil and Gas Exploration, and Appraisal in HF-ONHP-2017-1 block (666 km2) in Mandi and Bilaspur districts of Himachal Pradesh.",M/s Vedanta Limited(Division Cairn Oil & Gas),Delisted EC,HP,IND2,2019,Himachal Pradesh
IA/HP/MIS/178566/2018,21-82/2021-IA-III,"Capacity Enhancement of Secured Landfill by 10 lac MT at existing Common Hazardous Waste Treatment, Storage and Disposal Facilities (TSDF) at Village Majra, Post Office Dabhota, Tehsil Nalagarh, Distt",SHIVALIK SOLID WASTE MANAGEMENT LTD,Returned in present form,HP,MIS,2018,Himachal Pradesh
IA/HP/IND/184063/2019,J-11011/169/2019-IA-II (I),"Expansion of existing Steel Manufacturing unit namely ""M/s Saboo Tor Pvt. Ltd."" located at Kala Amb, Trilokpur road, Tehsil- Nahan, District- Sirmour, Himachal Pradesh",M/S SABOO TOR PVT. LTD.,Returned in present form,HP,IND,2019,Himachal Pradesh
IA/HP/IND/74439/2018,IA-J-11011/153/2018-IA-II(I),Expansion of Steel Manufacturing Unit,JAY AAY ALLOYS PVT. LTD.,EC Granted,HP,IND,2018,Himachal Pradesh
IA/HP/MIS/265137/2022,21-45/2022-IA-III,"Affordable Housing Project at Solan (Tehsil & Dist.), Himachal Pradesh (H.P.).",HANS THAKUR,EC Granted,HP,MIS,2022,Himachal Pradesh
IA/HP/IND2/136785/2018,J-11011/550/2008-IA II(I),Premier Alcobev Pvt. Ltd.,PREMIER ALCOBEV PVT. LTD.,EC Granted,HP,IND2,2018,Himachal Pradesh
IA/HP/IND2/408676/2022,IA-J-11011/110/2022-IA-II(I),"Proposed Grain Based Distillery for manufacturing of  capacity 100KLD of ENA/ETHANOL,  Brewery Unit for manufacturing of 75 KLD (2.5Lakh HLPA) of Beer, IMFL bottling Plant and 3MW CO-generation Plant located  at  village-Beed Plassi, Tehsil-Nalagarh, District-Solan, State-Himachal Pradesh.",RKV SPIRITS PRIVATE LIMITED,Returned in present form,HP,IND2,2022,Himachal Pradesh
IA/HP/IND2/417821/2023,IA-J-11011/110/2022-IA-II(I),"Proposed Grain Based Distillery for manufacturing of  capacity 100KLD of ENA/ETHANOL, Brewery Unit for manufacturing of 75 KLD (2.5Lakh HLPA) of Beer, IMFL bottling Plant and 3MW CO-generation Plant located at village-Beed Plassi, Tehsil-Nalagarh, District-Solan, State-Himachal Pradesh.",RKV SPIRITS PRIVATE LIMITED,EC Granted,HP,IND2,2023,Himachal Pradesh
IA/HR/MIN/30223/2015,J-11015/302/2015-IA-II(M),"River bed minor mineral mine having an area of 13.20 Ha with proposed production capacity of 570000 TPA at village Mandlai,Tehsil Raipur Rani ,Dist.Panchkula,Haryana having interstate boundary of Haryana & Himachal Pradesh at a distance of 0.21 Km, Consultant ENVIRTA Sustainable Solutions India Pvt Ltd.",SH RANBIR SINGH,TOR GRANTED,HR,MIN,2015,Himachal Pradesh
IA/HR/MIN/30506/2015,J-11015/332/2015-IA-II(M),"M/s Gorakhnath Boulder,Gravel & sand  Mine project (M.L. No- PKL B 1& 2) Village Gorakhnath, Tehsil- Kalka,State-Haryana Production - 478000 MTPA,Area-12.94 Ha The project lie between Haryana and Himachal Pradesh state boundaries at 0.38 km and 2.7 km between Haryana and Punjab state M/s Envirta Sustainable Solutions India Pvt. Ltd",NASIB SINGH,TOR GRANTED,HR,MIN,2015,Himachal Pradesh
IA/HR/MIN/30520/2015,J-11015/333/2015-IA-II(M),"BOULDER, GRAVEL AND SAND MINING PROJECT having an area of 13.40 Ha with proposed production capacity of 498000 MTPA at at Village Kiratpur and Paploha, Tehsil- Kalka, District- Panchkual, Haryana having Interstate boundaries between Haryana & Punjab located at 4.91 Km  and between Himachal Pradesh & Haryana state boundaries is located at 4.83 Km  from  project site. Consultant ENVIRTA Sustainable Solutions India Pvt Ltd.",M/S BARWALA ROYALTY COMPANY,TOR GRANTED,HR,MIN,2015,Himachal Pradesh
IA/HP/IND2/32588/2015,J-11011/279/2015-IA II (I),"KANGRA MANDI PEL BLOCK, Kangra Recess, Himalayan Foothills, Himachal Pradesh,  Frontier Basin, ONGC",ONGC,TOR GRANTED,HP,IND2,2015,Himachal Pradesh
IA/HP/IND2/32607/2015,J-11011/280/2015-IA II (I),"KANGRA MANDI PEL BLOCK, Kangra Recess, Himalayan Foothills, Himachal Pradesh,  Frontier Basin, ONGC",ONGC,TOR GRANTED,HP,IND2,2015,Himachal Pradesh
IA/HP/RIV/56555/2016,F. No. J-12011/20/2016-IA (R),Installation of 5 no. of Material Ropeways for the construction of Deothal Chanju HEP (30MW) in Distt. Chamba of Himachal Pradesh,HIMACHAL PRADESH POWER CORPORATION LIMITED,Delisted TOR,HP,RIV,2016,Himachal Pradesh
IA/HP/MIS/56914/2016,10-52/2016-IA.III,"Development of Passenger Ropeway between Palchan and Rohtang, Himachal Pradesh",MANALI ROPEWAYS PRIVATE LIMITED,TOR GRANTED,HP,MIS,2016,Himachal Pradesh
IA/HP/IND2/58264/2016,J-11011/302/2016- IA II(I),"Exploratory Drilling of Three wells in Kangra Mandi PEL block, Himachal Pradesh",ONGC,TOR GRANTED,HP,IND2,2016,Himachal Pradesh
IA/HP/IND/60625/2016,J-11011/173/2008-IA-II-(I),"Proposed Enhancement in Cement Production Capacity (1.5 MTPA to 1.86 MTPA) of Existing Stand-alone Grinding Unit by Process Optimization at Village- Navagraon, P.O. - Jajhra, Tehsil - Nalagarh, District - Solan (Himachal Pradesh)by M/s. Ambuja Cements Limited (Unit: Nalagarh)",Ambuja Cement   Limited,TOR GRANTED,HP,IND,2016,Himachal Pradesh
IA/HP/MIN/63460/2017,IA-J-11015/29/2017-IA-II(M),"Mining of Sand, Stone & Bajri from Kundlu Khad Proposed by Sh. Mohan Singh prop. M/s  Jai Mata Stone Crusher located at Mauza/Mohal Dalahthon, Tehsil Nalagarh, District Solan, Himachal Pradesh",MS JAI MATA STONE CRUSHER,TOR GRANTED,HP,MIN,2017,Himachal Pradesh
IA/HP/MIN/69006/2017,F. No.23-224/2018-IA.III (V),"Application for Environment Clearance under notification S.O. 804 (E) dated 14th March, 2017 for Baga- Bhalag limestone and shale mine (expansion from 3.10 MTPA to 5.25 Million TPA) within existing lease area located at Village: Baga & Bhalag, Taluka: Arki, District: Solan, Himachal Pradesh (331.424 ha) regarding.",M/s. UltraTech Cement Ltd.,TOR GRANTED,HP,MIN,2017,Himachal Pradesh
IA/HP/MIN/72401/2018,To be assigned,"Sand, Stone & bajri from Kundlu Khad, a primary tributary of Satluj River located at Mauza/Mohal Dalahthon in Tehsil Nalagarh, District Solan, Himachal Pradesh 165-09 Bighas (12.4503 Hectare), proposed by Sh. Mohan Singh Prop. M/s Jai Mata Stone Crusher",MS JAI MATA STONE CRUSHER,transfertoseiaa,HP,MIN,2018,Himachal Pradesh
IA/HP/IND/73359/2018,IA-J-11011/108/2018-IA-II(I),"Proposed merger and operational integration of the two facilities M/s Amba Shakti Ispat Ltd with M/s Amba Metals located at notified industrial area phase-2 Kala Amb, Tehsil Nahan and Dist. Sirmour Himachal Pradesh",AMBA SHAKTI ISPAT LIMITED,Returned in present form,HP,IND,2018,Himachal Pradesh
IA/HP/IND/75806/2018,IA-J-11011/240/2018-IA-II(I),"Expansion of Steel Manufacturing Unit namely “M/s. Crest Steel (Una) Pvt. Ltd.” at VPO Karluhi, Tehsil Amb, District Una, Himachal Pradesh",CREST STEEL UNA PRIVATE LIMITED,WithdrawTOR,HP,IND,2018,Himachal Pradesh
IA/HP/MIN/81200/2018,J-11015/130/2003-IA.II(M),"Existing operative captive Limestone Mine (Area: 231.25 ha.) for Production Capacity 4.5 Million TPA (Limestone, shale & Quartzite) and sub-grade mineral stacking 2,50,ooo CuM per annum (Maximum) with two nos. of existing Crushers having capacity 1000 TPH  & 400 TPH at Villages  Nalag, Bhaterh Uprali, Barmana, Jamthal, Dhawan Kothi, Baloh & Panjgain, Tehsil Sadar, District Bilaspur, Himachal Pradesh.- Reg revalidation of EC under EIA Notification 2006 as per MoEF&CC Notification SO1530(E) dated",M/S ACC LIMITED GAGAL CEMENT WORKS,TOR GRANTED,HP,MIN,2018,Himachal Pradesh
IA/HP/IND2/89396/2018,J-11011/550/2008-IA-II(I),"Expansion of Grain based Distillery (45 KLPD to 85 KLPD) and Co-generation Power Plant (1.3 to 1.5 MW) at Plot no. 1, Industrial area, Phase III, Sansarpur Terrace, Tehsil Jaswan, District Kangra, Himachal Pradesh by Premier Alcobev Pvt. Ltd.",PREMIER ALCOBEV PVT. LTD.,TOR GRANTED,HP,IND2,2018,Himachal Pradesh
IA/UK/MIS/22916/2013,To be assigned,TOR for development of an aerial passenger ropeway in Hemkund in Uttarakhand,Uttrakhand Infrastructure Projects Company Pvt. Ltd. (A 50:50 joint venture company of Government of Uttarakhand and IL&FS),WithdrawEC,UK,MIS,2013,Uttarakhand
IA/UK/MIS/24564/2013,To be assigned,TOR for development of an aerial passenger ropeway in Hemkund in Uttarakhand,Uttrakhand Infrastructure Projects Company Pvt. Ltd. (A 50:50 joint venture company of Government of Uttarakhand and IL&FS),WithdrawEC,UK,MIS,2013,Uttarakhand
IA/UK/MIS/24570/2013,10-56/2013-IA.III,TOR for development of an aerial passenger ropeway in Hemkund in Uttarakhand,Uttrakhand Infrastructure Projects Company Pvt. Ltd. (A 50:50 joint venture company of Government of Uttarakhand and IL&FS),EC Granted,UK,MIS,2013,Uttarakhand
IA/UK/MIS/24573/2013,To be assigned,TOR for development of an aerial passenger ropeway in Hemkund in Uttarakhand,Uttrakhand Infrastructure Projects Company Pvt. Ltd. (A 50:50 joint venture company of Government of Uttarakhand and IL&FS),WithdrawEC,UK,MIS,2013,Uttarakhand
IA/UK/MIS/24575/2013,To be assigned,TOR for development of an aerial passenger ropeway in Hemkund in Uttarakhand,Uttrakhand Infrastructure Projects Company Pvt. Ltd. (A 50:50 joint venture company of Government of Uttarakhand and IL&FS),WithdrawEC,UK,MIS,2013,Uttarakhand
IA/UK/MIS/24602/2013,To be assigned,TOR for development of an aerial passenger ropeway in Hemkund in Uttarakhand,Uttrakhand Infrastructure Projects Company Pvt. Ltd. (A 50:50 joint venture company of Government of Uttarakhand and IL&FS),DELETED,UK,MIS,2013,Uttarakhand
IA/UK/IND/23458/2014,J-11011/3602008-IA-II(I),"TOR proposal for enhancement of writing and printing grades of paper fom 90TDP to 140 TDP at Moradabad Road, Kashipur, District-Udham Singh nagar, Uttarakhand by M/s Naini Papers Limited.",NAINI PAPERS LIMITED,EC Granted,UK,IND,2014,Uttarakhand
IA/UK/MIN/32097/2013,J-11015/371/2012-IA.II(M),"EIA and EMP for Riverbed Mining Project in Bishanpur, located in Ganga River, Bishanpur Village of Haridwar District, Uttarakhand","Uttarakhand Forest Development Corporation, Dehradun",EC Granted,UK,MIN,2013,Uttarakhand
IA/UK/MIN/32100/2013,J-11015/374/2012-IA.II(M),"EIA & EMP for River bed Mining Project located in Kotawali River, Kotawali & Chidyapur Villages of Haridwar District, Uttarakhand","Uttarakhand Forest Development Corporation, Dehradun",EC Granted,UK,MIN,2013,Uttarakhand
IA/UK/MIN/32101/2013,J-11015/370/2012-IA.II(M),"EIA & EMP for River Bed Mining in Pilli Nadi, Located in Pilli Village of Haridwar District, Uttarakhand","Uttarakhand Forest Development Corporation, Dehradun",Delisted EC,UK,MIN,2013,Uttarakhand
IA/UK/MIN/32102/2013,J-11015/369/2012-IA.II(M),"EIA & EMP for River bed Mining Project located in Chidyapur River, Chidyapur Village of Haridwar District, Uttarakhand","Uttarakhand Forest Development Corporation, Dehradun",EC Granted,UK,MIN,2013,Uttarakhand
IA/UK/MIN/32103/2013,J-11015/368/2012-IA.II(M),"EIA & EMP for River bed Mining Project located in Shyampur River, Shyampur Village of Haridwar District, Uttarakhand","Uttarakhand Forest Development Corporation, Dehradun",EC Granted,UK,MIN,2013,Uttarakhand
IA/UK/MIN/32104/2013,J-11015/367/2012-IA.II(M),"EIA & EMP for River Bed Mining in Rawasan I, Located in Rawasan & Mitiveri Villages of Haridwar District, Uttarakhand","Uttarakhand Forest Development Corporation, Dehradun",EC Granted,UK,MIN,2013,Uttarakhand
IA/UK/MIN/32107/2013,J-11015/373/2012-IA.II(M),"EIA & EMP for River Bed Mining in Rawasan II, Located in Rawasan & Mitiveri Villages of Haridwar District, Uttarakhand","Uttarakhand Forest Development Corporation, Dehradun",EC Granted,UK,MIN,2013,Uttarakhand
IA/UK/NCP/53578/2016,21-3/2016-IA-III,"Group Housing ""swami Bhumanand vihar"" at village Jwalapur and Ranipur, Haridwar, Uttarakhand by NDR Constructions Pvt. Ltd.",NDR CONSTRUCTIONS PVT LTD,EC Granted,UK,NCP,2016,Uttarakhand
IA/UK/MIN/59381/2015,To be assigned,"Sand,Bajri & Boulder Mining from River Bed of Nandhaur/Kailash River(Area-468ha) at Tehsil-Haldwani,Dist-Nainital & Udham Singh Nagar,Uttarakhand",UKFDC,WithdrawEC,UK,MIN,2015,Uttarakhand
IA/UK/MIN/66789/2017,To be assigned,"Proposed Soapstone Mining Project, Khasra No. 60, 61, 63, Production 17508TPA, Near Village: Pranmati, Tehsil: Ghat, District: Chamoli, State: Uttarakhand, Applicant: M/s Golcha Minerals Private Limit",MS GOLCHA MINERALS PRIVATE LIMITED,DELETED,UK,MIN,2017,Uttarakhand
IA/UK/NCP/66880/2017,21-299/2017-IA-III,"Group Housing Project located at Village Khalagaon, Pargana Pachwa Doon, Tehsil-Sadar, Dehradun, Uttarakhand",DELMOS AVIATION PRIVATE LIMITED,EC Granted,UK,NCP,2017,Uttarakhand
IA/UK/NCP/67829/2017,21-327/2017-IA-III,"Redevelopment of Indira Market located at Plot no. 285 (part), Indira Market, Dehradun, Uttarakhand",SAAMAG MDDA REALTY PVT. LTD.,EC Granted,UK,NCP,2017,Uttarakhand
IA/UK/IND/58928/2016,J-11011/58/2013-IS-II(I),"Production Capacity Enhancement of Writing and Printing Grades of Paper (140 TPD to 170 TPD) and installation of Co-gen Power Plant (10 MW) at 7th K.M. Stone, Moradabad Road, Kashipur, District Udham Singh Nagar, Uttarakhand",Naini Tissues Limited,EC Granted,UK,IND,2016,Uttarakhand
IA/UK/MIN/75673/2018,J-11015/87/2018-IA-II(M),"Kholiyagaon Soap Stone Deposit with production capacity 41,480 Tonne, M.L. Area: 13.167 ha (Non-forest) at village: Kholiyagaon Tehsil & Dist. Bageshwar, State: Uttarakhand",RAJENDRA PRAKASH UPADHAYAY,transfertoseiaa,UK,MIN,2018,Uttarakhand
IA/UK/MIS/75682/2017,10-60/2017-IA-III,"Expansion Of Dehradun Airport In Respect Of Construction Of New Integrated Terminal Building And Allied Facilities At Dehradun, Uttarakhand",AIRPORTS AUTHORITY OF INDIA DEHRADUN,EC Granted,UK,MIS,2017,Uttarakhand
IA/UK/NCP/72389/2017,To be assigned,"Group Housing Project located at Plot 1, Awas Vikas Parishad Housing Colony, Veerbhadra Marg Yojna, Rishikesh, Uttarakhand by M/s Sunrise Techno Build LLP",SUNRISE TECHNOBUILD LLP,Delisted EC,UK,NCP,2017,Uttarakhand
IA/UK/MIS/170151/2020,10-57/2020-IA.III,Improvement & Upgradation of Kathgodam - Ranibagh - Bheemtal - Khutani - Padampur - Dhanachauli - Pahadpani - Shahar Phatak - Mornola - Devidhura - Lohaghat – Pancheswar road section of SH-10 under Uttarakhand State Highway Improvement Project (USHIP),PUBLIC WORKES DEPARTMENT UTTARAKHAND ADB CIRCLE PITHORAGARH,Delisted EC,UK,MIS,2020,Uttarakhand
IA/UK/IND2/218585/2021,J-11011/618/2010-IA II(I),"Expansion of Molasses Based Distillery from 60 KLPD to 120 KLPD by installation of new 60 KLPD Ethanol Plant at Village Laksar, Tehsil Laksar, District Haridwar, Uttarakhand by M/s. Rai Bahadur Narain Singh Sugar Mills Limited (Distillery Division)",RAI BAHADUR NARAIN SINGH SUGAR MILLS LTD. (DISTILLERY DIVISION),EC Granted,UK,IND2,2021,Uttarakhand
IA/UK/MIS/226658/2021,To be assigned,"Construction of Government Medical College at Haridwar, Uttarakhand","DEPARTMENT OF MEDICAL EDUCATION THROUGH DIRECTOR GENERAL,  MEDICAL EDUCATION DEPARTMENT , DEHRADUN",transfertoseiaa,UK,MIS,2021,Uttarakhand
IA/UK/IND2/234907/2021,IA-J-11011/447/2021-IA-II(I),"PROPOSED ESTABLISHMENT OF GRAIN BASED ETHANOL DSTILLERY OF CAPACITY 60 KLD ALONG WITH CO GEN POWER PLANT – 2.0 MW AT PLOT NO 26KA AND 27KA, AT VILLAGE-  SURPUR, TEHSIL – KALADHUNGI, DISTT – NAINITAL (UTTARAKHAND) BY M/S MAA SHEETLA VENTURES LIMITED",M/S MAA SHEETLA VENTURES LIMITED,EC Granted,UK,IND2,2021,Uttarakhand
IA/UK/IND2/240820/2021,IA-J-11011/491/2021-IA-II(I),"ESTABLISHMENT OF PROPOSED GRAIN BASED ETHANOL DISTILLERY CAPACITY – 300 KLD  &  CO GEN POWER – 9.0 MW   AT  KHASRA NO. – 495, 499, 503, 504, 505, 507, 512  TOTAL AREA – 4.318 HA (10.67 ACRE) VILLAGE: KISHANPUR, TEHSIL: KICCHA,  DISTRICT: UDHAM SINGH NAGAR,  STATE: UTTARAKHAND",KICCHA ETHANOLS PRIVATE LIMITED,Returned in present form,UK,IND2,2021,Uttarakhand
IA/UK/IND2/241521/2021,IA-J-11011/495/2021-IA-II(I),"Proposed establishment of Grain based Ethanol Distillery capacity 300 KLD along with Co gen power 9.0 MW at Khasra No. 495, 499, 503, 504, 507 and 512 in village : Kishanpur, Tehsil : Kiccha, District : Udham Singh Nagar, Uttarakhand of M/s Maasheetla Ventures Limited, Unit – Kichha",M/S MAA SHEETLA VENTURES LIMITED,EC Granted,UK,IND2,2021,Uttarakhand
IA/UK/IND2/202279/2021,IA-J-11011/82/2021-IA-II(I),"Proposed 100 KLPD Ethanol Plant (B-Heavy Molasses Based) along with 2.5 MW Co-generation Power Plant at Village Mundia Pistor, Tehsil Bazpur, District Udham Singh Nagar, Uttarakhand by Uttarakhand Sahakari Chini Mills Sangh Limited",UTTARAKHAND SAHAKARI CHINI MILLS SANGH LTD.,EC Granted,UK,IND2,2021,Uttarakhand
IA/UK/MIN/189135/2020,To be assigned,"Mining of Minor Mineral (Sand, Bajri and Boulders) from the river bed of River Jakhan-2 by M/s Uttarakhand Forest Development Corporation, located in Dehradun Forest Division, District Dehradun, Uttarakhand over an area of 96.50 ha with Production Capacity of 2866050.00 TPA.",MD UKFDC,Delisted EC,UK,MIN,2020,Uttarakhand
IA/UK/IND/254561/2022,IA-J-11011/685/2007-IA-II(I),"Proposed Expansion in Cement production capacity of Existing Stand-alone Clinker Grinding Unit from 2.0 to 2.5 MTPA at Village - Nalheri Dehviran, PO - Nalhera Anantpur, Tehsil - Roorkee, District - Haridwar (Uttarakhand) by M/s. UltraTech Cement Limited (Unit: Roorkee Cement Works)",M/s. UltraTech Cement Ltd.,Returned in present form,UK,IND,2022,Uttarakhand
IA/UK/IND/258872/2019,J-11011/195/2019-IA.II(I),"Expansion of M/s. Kashi Vishwanath Steels (P) Ltd. for production of MS Ingot/MS Billet from 57,600 TPA to 204,200 TPA and Rolled Production from 88,200 TPA to 200,000 TPA, located at Narain Nagar Ind",KASHI VISHWANATH STEELS PVT. LTD.,EC Granted,UK,IND,2019,Uttarakhand
IA/UK/MIS/265093/2022,21-50/2022-IA-III,"Environmental Clearance/No Objection Certificate for the Proposed EWS Housing under Pradhan Mantri Awasiya Yojana by M/s Ojas Build Well Private Limited located at Khasra No. 86/1, 87, 88/1 & 91, Village Matkota, Tehsil Rudrapur, District Udham Singh Nagar, Uttarakhand (Built up Area - 28469.74 Sq. m).",OJAS BUILD WELL PRIVATE LIMITED,Delisted EC,UK,MIS,2022,Uttarakhand
IA/UK/MIS/265626/2022,21-44/2022-IA-III,"Environmental Clearance/No Objection Certificate for the Proposed EWS Housing under Pradhan Mantri Awasiya Yojana by M/s Ojas Township Private Limited located at Khasra No. 463, Village Shimla Pistore, Tehsil Rudrapur, District Udham Singh Nagar, Uttarakhand (Built up Area - 41809.02 Sq. m).",OJAS TOWNSHIPS PRIVATE LIMITED,Delisted EC,UK,MIS,2022,Uttarakhand
IA/UK/IND3/279243/2022,IA-J-11011/220/2022-IA-II(I),"M/s.  Spectrum Puf & Insulations at MI-122, Central Hope Town, Selaqui, Dehradun – Uttarakhand",SPECTRUM PUF & INSULATIONS,transfertoseiaa,UK,IND3,2022,Uttarakhand
IA/UK/MIN/UK/MIN/189286/2020,To be assigned,"Mining of Minor Mineral (Sand, Bajri and Boulders) from the river bed of Song-2 River by M/s Uttarakhand Forest Development Corporation, located in Dehradun Forest Division, District Dehradun, Uttarakhand over an area of 136.85 ha with Production Capacity of 4064445.00 TPA.",UKFDC,Delisted EC,UK,MIN,MIN,Uttarakhand
IA/UK/MIS/280447/2021,21-60/2022-IA.III,"Sanitary Landfill At Tehsil Joshimath, Chamoli District, Uttarakhand",NAGAR PALIKA PARISHAD JOSHIMATH,EC Granted,UK,MIS,2021,Uttarakhand
IA/UK/IND2/252837/2022,IA-J-11011/19/2022-IA-II(I),"Proposed 2 KLPD Malt Spirit Plant, 2 KLPD Cane juice based Rum Plant & 2 KLPD Craft Gin plant along with Pilot Plant for fermentation & Bottling Plant at Plot No. 2A, Sector 4, IIE-Escort Farm, Kashipur, District Udham Singh Nagar, Uttarakhand by M/s. Himalaya Wine Company Private Limited",HIMALAYA WINE COMPANY PVT. LTD.,EC Granted,UK,IND2,2022,Uttarakhand
IA/UK/IND2/403067/2022,IA-J-11011/527/2022-IA-II(I),"Proposed 60 KLPD Grain Based Distillery along with 2.13 MW Co-gen under Ethanol Blending Program by M/s Athley Petrochem Pvt. Ltd. at Survey No. 145, 146M,150M, Village-Mundakheda Khurd, Taluka Laksar, District Haridwar, Uttarakhand",ATHLEY PETROCHEMS PRIVATE LIMITED,EC Granted,UK,IND2,2022,Uttarakhand
IA/UK/MIS/27002/2015,10-8/2015-IA-III,Extension of Runway and Other associated Works at Pantnagar Airport in Uttarakhand State,AIRPORTS AUTHORITY OF INDIA,TOR GRANTED,UK,MIS,2015,Uttarakhand
IA/UK/RIV/50355/2016,J-12011/09/2016-IA-I (R),"Mori Hanol Hydro Electric Project, Uttarakhand",KRISHNA KNITWEAR TECHNOLOGY LIMITED,TOR GRANTED,UK,RIV,2016,Uttarakhand
IA/UK/MIS/51218/2016,10-25/2016-IA.III,"Passenger Ropeway from Panch Koti to Boradi at New Tehri town in Tehri  Gharwal district , Uttarakhand",UTDB GOVERNMENT OF UTTARAKHAND,TOR GRANTED,UK,MIS,2016,Uttarakhand
IA/UK/IND2/63106/2017,IA-J-11011/123/2017-IA-II(I),"Environment Clearance for proposed modernization of Mash Poultry Feed to Pelletization and Installation of wood fired boiler of 750kg per hour capacity & DG set (250.0 KVA x 02 Nos. Standby arrangement) by Venky’s (India) Limited at Khasra no. 1050/1, Central Hope Town, Camp Road, Selaqui Industrial Area, Dehradun, Uttarakhand.",VENKYS INDIA LIMITED,DELETED,UK,IND2,2017,Uttarakhand
IA/UK/MIN/65073/2017,To be assigned,"Mining of Soapstone (Devbhoomi Mines) at Village-Devli, Tehsil- Kanda, Dist.-Bageshwar, Uttarakhand with an area of 17.824 ha",DEVBHOOMI MINES,WithdrawTOR,UK,MIN,2017,Uttarakhand
IA/CG/IND/24498/2014,J-11011/300/2013-IA-II(I),"Integrated Steel Plant (3.0 MTPA) at village Nagarnar, Tehsil: Jagdalpur, District: Bastar, Chhattisgarh by M/s. NMDC Limited -- request for extension of validity period of Environmental clearance issued by MoEF vide letter no:J-11011/681/2008.IA.II(I) dated 15/09/2009",NMDC LIMITED,EC Granted,CG,IND,2014,Chhattisgarh
IA/CG/IND/23490/2014,J-11011/216/2014-IA-II(I),"TOR proposal for pellet plants of capacity of 2.1 MTPA at Siltara, Distt-Raipur, Chhattisgarh by M/s Godawari Power and Ispat Limited.",ARDENT STEEL LIMITED,EC Granted,CG,IND,2014,Chhattisgarh
IA/CG/IND2/27614/2015,J-11011/154/2015-IA-II(I),"Expansion of Fertilizer plant at Plot NO. 96, SectorA, Sirgitti Industrial Area, Tehsil Bilha, District Bilaspur, Chhattisgarh by M/s BEC Fertilizers",BHILAI ENGINEERING CORPORATION LIMITED,EC Granted,CG,IND2,2015,Chhattisgarh
IA/CG/IND/31794/2015,To be assigned,"Proposed Expansion of Integrated Steel Plant At Village Borjhara, District Raipur, Chhattisgarh",SHRI BAJRANG POWER AND ISPAT LTD,DELETED,CG,IND,2015,Chhattisgarh
IA/CG/MIN/56376/2013,J-11015/434/2013-IA.II(M),"Enhancement of production capacity of limestone mines of M/s ACC Limited located at village Jamul Dhaur and Kurud, tehsil & District Durg, Chhattisgarh",ACC LTD,EC Granted,CG,MIN,2013,Chhattisgarh
IA/CG/MIS/61599/2015,10-6/2015-IA.III,"Extension of Runway at 24 Beginning, Expansion of Apron Suitable for C Type of Aircraft and other associated works at Swami Vivekananda Airport at Raipur (Chhattisgarh) by Airports Authority of India",AIRPORTS AUTHORITY OF INDIA,EC Granted,CG,MIS,2015,Chhattisgarh
IA/CG/IND2/59931/2016,J- 11011/341/2016-IA.II(I),"Proposed LPG Bottling Plant at Korba, Chhattisgarh by M/s Indian Oil Corporation Ltd.",INDIAN OIL COPERATION LIMITED,EC Granted,CG,IND2,2016,Chhattisgarh
IA/CG/MIN/27402/2015,J-11015/135/2015-IA.II(M),"Proposed Enhancement of Limestone Production Capacity from 3.17 MTPA to 5.50 MTPA (ROM), M.L. Area- 395.05 ha  at Villages-  Kukurdih & Risda, Tehsil–Balodabazar, District– Balodabazar- Bhatapara (Chhattisgarh).",M/S. EMAMI CEMENT LTD.,EC Granted,CG,MIN,2015,Chhattisgarh
IA/CG/IND/67506/2007,J-11011/1267/2007-IA II (I),"Expansion of integrated steel plant & Captive Power Plant (WHRB 8 MW; AFBC 17 MW) at village Punjipatra, District Raigarh, Chhattisgarh",SCANIA STEELS AND POWERS LIMITED,EC Granted,CG,IND,2007,Chhattisgarh
IA/CG/MIN/27511/2015,J-11015/167/2015-IA-II(M),"Environment Clearance for Pandridalli and Rajhara Pahar Lease (220.42 Ha) of Bhilai Steel Plant, M/s Steel Authority Of India Limited (SAIL), for Capacity 3.5 MTPA ROM at Iron Ore Complex (IOC) Dalli Rajhara, Tensil Dondi  Distt Balod, Chhattisgarh-State",S K SAHA,Rejected,CG,MIN,2015,Chhattisgarh
IA/CG/MIN/32238/2015,J-11015/400/2015-IA.II(M),"Capacity expansion of Bailadila Iron Ore Project, Deposit no: 14/11C  from 12 to 20 MTPA of M/s. NMDC Limited at Kirandul, South Bastar Dantewada District, Chhattisgarh.",NMDC LIMITED,WithdrawEC,CG,MIN,2015,Chhattisgarh
IA/CG/IND2/73488/2016,To be assigned,"ADDITIONAL 2X600 MT MOUNDED BULLETS VESSELS FOR LPG BOTTLING PLANT AT RAIPUR, CHHATTISGARH","INDIAN OIL CORPORATION LTD. RAIPUR, CG",DELETED,CG,IND2,2016,Chhattisgarh
IA/CG/CMIN/74978/2016,J-11015/70/2016-IA.II(M),"Proposed Coal Washery of   2.5 MTPA at Ghutku Village, Takhatpur Tehsil, Bilaspur District, Chhattisgarh",Prashant K Jain,EC Granted,CG,CMIN,2016,Chhattisgarh
IA/CG/MIN/27320/2015,To be assigned,"Environment Clearance for Nandini Limestone Mines of Bhilai Steel Plant, M/s Steel Authority of India Limited (SAIL) in Tehsil: Damdha, District: Durg (Chhattisgarh) for Expansion of Lease area from 526.34 ha to 549.03 ha  ( Expansion area 22.69 ha) with production capacity remaining same i.e.  1.08 MTPA",S K SAHA,DELETED,CG,MIN,2015,Chhattisgarh
IA/CG/CMIN/25774/2014,To be assigned,2x2 MTPA COAL WASHERY (WET PROCESS),CG Coal & Power Ltd.,DELETED,CG,CMIN,2014,Chhattisgarh
IA/CG/IND/89610/2018,J-11011/309/2013-IA (II),"Enhancement in Cement production capacity (2.5 MTPA to 3.0 MTPA) at Villages: Risda & Dhandhani, Tehsil: Balodabazar, District: Balodabazar - Bhatapara (Chhattisgarh) by M/s. Emami Cement Ltd.",M/S. EMAMI CEMENT LTD.,EC Granted,CG,IND,2018,Chhattisgarh
IA/CG/IND/90078/2018,J-11011/267/2007-IA-II(I),"Expansion of Sponge Iron Plant of MSP Steel and Power Ltd., locatted at Jamgaon village, Raigarh district, Chhattisgarh for production from 3,00,000 TPA to 3,75,000 TPA through process optimization an",MSP STEEL AND POWER LIMITED,EC Granted,CG,IND,2018,Chhattisgarh
IA/CG/CMIN/101487/2004,J-11015/68/2017-IA.II (M),Chhattisgarh Power & Coal Beneficiation Limited,CHHATTISGARH POWER AND COAL BENEFICIATION LTD,EC Granted,CG,CMIN,2004,Chhattisgarh
IA/CG/IND/124835/2019,J-11011/196/2007-IA.II(I),"Expansion of Pellet Plant from 2.2 to 2.5 MTPA within existing 1.75 MTPA Integrated Steel Plant at Village & Post Naharpali, Tehsil Kharsia, District Raigarh, Chhattisgarh by Monnet Ispat & Energy Lim",JSW ISPAT SPECIAL,ClosedEC,CG,IND,2019,Chhattisgarh
IA/CG/IND/85734/2018,IA-J-11011/393/2018-IA-II(I),"Greenfield Steel Plant (Pellet Plant-  600000 TPA, DRI plant 420000 TPA, Billet Making using Induction Furnaces-400000 TPA, Automotive Components Manufacturing Facility-120000 TPA using Billets, Ferroalloy Plant-52000 TPA, and Captive Power Plant- 34 MW using WHRB and AFBC) at Borai Industrial Growth Centre, Rasmara, District Durg, Chhattisgarh by M/s Pushp Steels & Mining Pvt Ltd.",PUSHP STEELS AND MINING PVT LTD,EC Granted,CG,IND,2018,Chhattisgarh
IA/CG/CMIN/27185/2015,J-11015/161/2015-IA.II(M),5 MTPA Mahavir Coal Washeries,VK JAIN,EC Granted,CG,CMIN,2015,Chhattisgarh
IA/CG/MIN/139317/2020,J-11015-247-2016-IA-II(M),Proposed Kesla Limestone Block (Area 108.335 ha) along with Production Capacity of 3.0 Million TPA (ROM),M/s. UltraTech Cement Ltd.,EC Granted,CG,MIN,2020,Chhattisgarh
IA/CG/CMIN/194017/2005,No. IA-J-11015/9/2020-IA(M),"Capacity enhancement of coal washery from 1.6 MTPA to 4.1 MTPA with an extension of land use from 16.45 ha to 20.64 ha within the existing plant premises at Village- Dhatura, Tehsil- Pali, District- K",KJSL COAL AND POWER PRIVATE LIMITED,EC Granted,CG,CMIN,2005,Chhattisgarh
IA/CG/IND/197113/2020,J-11011/48/2020-IA.II (I),"Expansion and Modernization of Iron Ore Crushing, Screening capacity 1.2 MTPA to 1.5 MTPA and 1.5 MTPA Iron Ore Beneficiation Plant at Village - Gidhali, Tehsil- Dondi District- Balod Chhattisgarh",GODAWARI NATURAL RESOURCES PRIVATE LIMITED,Returned in present form,CG,IND,2020,Chhattisgarh
IA/CG/CMIN/201408/2021,F.No.J-11015/265/2007-IA.II(M),"Amendment in Environmental Clearance (F.No.J-11015/265/2007-IA.II(M) dated 5th August, 2020) for Change in Technology from 1.2 MTPA Dry  to 1.2  MTPA Wet Type of Coal Washery without change in production capacity at Beltara village, Bilha tehsil, Bilaspur district, Chhattisgarh state.",INDERMANI COAL BENEFICATION PRIVATE LIMITED,EC Granted,CG,CMIN,2021,Chhattisgarh
IA/CG/IND/6948/2006,J-11011/99/2006-IA.II(I),Expansion of Integrated Steel plant and 60 MW Coal based Thermal Power Plant,SKS ISPAT AND POWER LIMITED,Returned in present form,CG,IND,2006,Chhattisgarh
IA/CG/IND/205667/2021,To be assigned,"Increase in Production of Iron Ore Pellets and Billets by MSP Steel & Power Limited (no increase in pollution load) at Jamgaon,district Raigarh, Chhattisgarh",MSP STEEL AND POWER LIMITED,Delisted EC,CG,IND,2021,Chhattisgarh
IA/CG/CMIN/221498/2019,J-11015/71/2019-IA II ( M),Capacity Enhancement of Coal Washery from 0.96 MTPA to 5.0 MTPA with Increase in Land Area from 8.10 ha to 14.5 ha within Existing Plant Premises of M/s. Bhatia Energy Minerals Private Limited Located,INDERMANI COAL BENEFICATION PRIVATE LIMITED,EC Granted,CG,CMIN,2019,Chhattisgarh
IA/CG/IND2/222490/2021,IA-J-11011/319/2021-IA-II(I),"Greenfield project for manufacturing of Grain Based Bio Ethanol alongwith Co-Generation power plant by Hayati Beverages Private Limited  at Village- Bhainsa, Tehsil and District Bemetara of Chhattisgarh State",HAYATI BEVERAGES PRIVATE LIMITED,EC Granted,CG,IND2,2021,Chhattisgarh
IA/CG/IND/2536/2007,J-11011/123/2007-IA.II(I),Aluminium Smelter Plant and 300 MW Captive Power Plant,BALCO,EC Granted,CG,IND,2007,Chhattisgarh
IA/CG/IND2/224370/2021,IA-J-11011/318/2021-IA-II(I),"Greenfield project for installation of production facilities for 60 KLD Bio-Ethanol plant along with 2 MW Co-gen plant under Ethanol blended petrol program launched by GOI by Indramani Industries  Private Limited at Village- Paraswar Khurd, Tahsil Rajpur, District – Balrampur- Ramanujganj  of Chhattisgarh State",INDRAMANI INDUSTRIES PRIVATE LIMITED,EC Granted,CG,IND2,2021,Chhattisgarh
IA/CG/MIS/171901/2020,21-109/2021-IA-III,Hazardous Waste Treatment and Disposal Facility,RAMKY ENVIRO ENGINEERS LTD,Returned in present form,CG,MIS,2020,Chhattisgarh
IA/CG/IND/107593/2019,IA-J-11011/237/2019-IA.II(I),"Greenfield project for  Sponge Iron, Power, Steel and  Ferro Alloys Plant",GRAVITY SPONGE AND POWER PVT LIMITED,Returned in present form,CG,IND,2019,Chhattisgarh
IA/CG/IND2/244283/2021,IA-J-11011/514/2021-IA-II(I),"100 KLPD Grain Based Ethanol Plant along with 3.0 MW Co-generation Power Plant at Village- Saraipali, Post-Gerwani, Tehsil- Tamnar, District- Raigarh, Chhattisgarh",M/S NAV DURGA PVT. LTD.,EC Granted,CG,IND2,2021,Chhattisgarh
IA/CG/IND2/244421/2021,IA-J-11011/371/2021-IA-II(I),"Greenfield project for manufacturing of Grain Based Bio Ethanol along with Co-Generation power plant by Kalindi Ispat Private Limited (Bioenergy Division) at Village Beplan, Tehsil Masturi  and District Bilaspur of Chhattisgarh State",KALINDI ISPAT PRIVATE LIMITED,EC Granted,CG,IND2,2021,Chhattisgarh
IA/CG/IND/210323/2021,IA-J-11011/195/2021-IA-II(I),NRVS Steels Limited,NRVS STEELS LIMITED,EC Granted,CG,IND,2021,Chhattisgarh
IA/CG/IND2/255423/2022,IA-J-11011/43/2022-IA-II(I),"Greenfield project of 170 KL/Day Grain Based Ethanol Plant along with 4.0 MW Co-generation Power Plant located at Village-Fuljhar, Tehsil & District- Rajnandgaon, Chhattisgarh",NEW LOOK BIO FUELS PRIVATE LIMITED,EC Granted,CG,IND2,2022,Chhattisgarh
IA/CG/IND/259348/2009,J-11011/262/2009-IA II (I),"Expansion of Integrated Cement Plant - Clinker (6.5 to 10 MTPA), Cement (3.3 to 7.0 MTPA), WHRS (16 to 36 MW) and CPP (80 MW) at Villages: Rawan, Khapradih, Sarseni, Chrurchungpur and Chhirahi, Tehsil",M/s. UltraTech Cement Ltd.,EC Granted,CG,IND,2009,Chhattisgarh
IA/CG/IND/68723/2017,To be assigned,Sunil Sponge Private Limited,SUNIL SPONGE PRIVATE LIMITED,Delisted EC,CG,IND,2017,Chhattisgarh
IA/CG/IND2/263893/2022,IA-J-11011/112/2022-IA-II(I),"Proposed 200 KLD Grain Based Ethanol plant along with 6.0 MW Co-generation Power Plant at Village-Nagpura, Tehsil- & Dist.- Durg, Chhattisgarh by M/s Chlorophyll Bio-fuels Pvt Limited.",CHLOROPHYLL BIO-FUELS PRIVATE LIMITED,Delisted EC,CG,IND2,2022,Chhattisgarh
IA/GA/MIS/21347/2012,To be assigned,Amendment and extension of validity of ToR granted for development of Greenfield International Airport at Mopa in Goa,GOVERNMENT OF GOA,DELETED,GA,MIS,2012,Goa
IA/GA/MIS/27928/2015,10-29/2011-IA.III,"Development of Greenfield International Airport at Mopa, Goa",GOVERNMENT OF GOA,EC Granted,GA,MIS,2015,Goa
IA/GA/MIS/57821/2016,To be assigned,"Expansion of Swift Boutique Hotels at village Candolim, Talkua Bardez, district North Goa, Goa",SWIFT BOUTIQUE HOTELS PVT LTD,DELETED,GA,MIS,2016,Goa
IA/GA/MIS/60977/2016,21-8/2016-IA-III,Four Seasons Resort Goa and Golf Club at Tiracol,LEADING HOTELS LTD,EC Granted,GA,MIS,2016,Goa
IA/GA/NCP/62188/2017,21-89/2017-IA-III,"Proposed Commercial Project at Patto village, Goa",DLF LTD,EC Granted,GA,NCP,2017,Goa
IA/MH/MIS/62406/2017,11-7/2017-IA-III,CRZ Clearance for Proposed Redevelopment of Cancer Hospital Building on Property Bearing C.S. No 254 (PT) of Mazgoan Division at Barrister Nath Pai Marg. Mumbai.,Fine Envirotech Engineers,EC Granted,MH,MIS,2017,Goa
IA/GA/MIS/67735/2017,10-54/2017-IA-III,"Construction of Parallel Taxi Track at Dabolim Airport, Goa",AIRPORTS AUTHORITY OF INDIA,EC Granted,GA,MIS,2017,Goa
IA/GA/MIS/71184/2017,To be assigned,"Proposed Construction of Super Specialty Block at Goa Medical College, Bambolim, Goa by HSC
C (India) Limited.",HSCC (INDIA) LIMITED,Delisted EC,GA,MIS,2017,Goa
IA/GA/MIS/75629/2018,11-20/2018-IA.III,"Post Facto CRZ Clearance for “Repair & Renovation of Existing Hotel Structures at Survey No. 242/1 of Saunta Vaddo, Village Calangute, Taluka Bardez, District North Goa, Goa”",NALINI DA ROSA FERNANDES,Delisted EC,GA,MIS,2018,Goa
IA/GA/MIS/75659/2018,To be assigned,"Post Facto CRZ Clearance for “Change of use of Residential building to commercial use for Existing Hotel Structures at Chalta no 12 of P.T Sheet No 12 at Ribandar Panjim City, Taluka Tiswadi, District North Goa, Goa",HOTEL SHAURYA,Delisted EC,GA,MIS,2018,Goa
IA/GA/MIS/191999/2018,F. No. 21-26/2021-IA.III,"For Expansion of Dabolim Airport, Goa in Respect of Extension of Existing Integrated Terminal Building & Existing Apron at Dabolim Village, South Goa District in Goa",AIRPORTS AUTHORITY OF INDIA GOA,EC Granted,GA,MIS,2018,Goa
IA/GA/MIS/201688/2021,To be assigned,Regularization of Existing Hotel Buildings in survey no 242/1c (Part of plot survey no 242/1) at Sauntavaddo Village Calangute Taluka Bardez Dist North Goa,NALINI DA ROSA FERNANDES,Rejected From MOEFCC,GA,MIS,2021,Goa
IA/GA/IND/215662/2018,F. No. J 11011/946/2007.IA II (I),"Up-Gradation of Blast Furnaces (BF) to Enhance the Production Capacity of BF-1 & 2 from 2,92,000 TPA to 3,50,000 TPA, BF-3 from 5,40,000 TPA to 6,50,000 TPA, Setting up of Additional Oxygen Plant, Ins",VEDANTA LIMITED  VALUE ADDITION BUSINESS,Returned in present form,GA,IND,2018,Goa
IA/GA/IND/236713/2018,IA-J-11011/946/2007-IA.II(I),"Up-Gradation of Blast Furnaces (BF) to Enhance the Production Capacity of BF-1 & 2 from 2,92,000 TPA to 3,50,000 TPA, BF-3 from 5,40,000 TPA to 6,50,000 TPA, Setting up of Additional Oxygen Plant, Ins",VEDANTA LIMITED  VALUE ADDITION BUSINESS,EC Granted,GA,IND,2018,Goa
IA/GA/MIS/24373/2014,10-15/2014-IA.III,"Development of Multipurpose Cargo Terminal at the Port of Mormugao, Goa",Mormugao Port Trust,TOR GRANTED,GA,MIS,2014,Goa
IA/GA/IND2/27741/2015,To be assigned,"Amendment in TOR [F. No. J-11011/372/2012-IA.II (I)] for 30 MTPH Fertilizer Blending Unit for Customized NPK Grade of Fertilizer Production Facility at Zuarinagar, Sancoale Village, Mormugao Taluka, South GOA District, GOA.",ZUARI AGRO CHEMICALS LTD,DELETED,GA,IND2,2015,Goa
IA/MH/IND2/48682/2016,J-11011/65/2016- IA II(I),"Development of Greenfield Petroleum Storage Depot of M/s Essar Oil Limited near Dahegoan Railway Station, District Wardha",Essar Oil Limited,DELETED,MH,IND2,2016,Goa
IA/GA/MIS/58823/2016,10-66/2016-IA-III,"Development of Stretch of Mandovi River (NW-68), Zuari River(NW-111) and Cumberjua Canal (NW-27) of National Waterway in the State of Goa",Inland Waterway Authority of India,TOR GRANTED,GA,MIS,2016,Goa
IA/GA/MIS/59191/2016,10-64/2016-IA-III,Capital dredging of the approach channel. for handling cape size vessels at Mormugao Port Trust-Goa,Mormugao Port Trust,TOR GRANTED,GA,MIS,2016,Goa
IA/GA/MIS/68677/2017,To be assigned,"NAMEH HOTEL RESORTS, GOA",NAMEH HOTEL RESORT,WithdrawTOR,GA,MIS,2017,Goa
IA/GA/MIS/73586/2018,10-54/2017-IA-III,"Expansion of Dabolim Airport, Goa in respect of extension of Existing Integrated Terminal Building and Existing Apron at Dabolim Village, South Goa District in Goa",AIRPORTS AUTHORITY OF INDIA GOA,TOR GRANTED,GA,MIS,2018,Goa
IA/MH/IND/161164/2020,J-11011/161/2020-IA.II(I),Relocating Iron Ore Pelletization plant from Goa to Angre Port and upgrading to 2.4 MMTPA along with 2 x 25 MW Captive Power Plant and 2 x 2  MLD Desalination Plant by M/s. Chowgule and Company Private Limited,CHOWGULE AND COMPANY PRIVATE LIMITED,TOR GRANTED,MH,IND,2020,Goa
IA/MH/IND/175885/2020,J-11011/79/2021-IA.II(I),"Proposed 1x18 MVA Si-Mn ferro-alloys production plant at Gumgoan Mine, Maharashtra by M/s MOIL Limited.",MOIL LIMITED.,TOR GRANTED,MH,IND,2020,Goa
IA/GA/IND/252704/2022,IA-J-11011/27/2022-IA-II(IND-I),"Proposed Expansion of Sponge Iron Unit into Integrated Steel Plant of M/s. Ambey Metallic Private Limited located at Plot No. 68-75, 143-160, 133-139 & 142; Pissurlem Industrial Estate, Pissurlem Village, Sattari, North Goa, Goa- 403530",AMBEY METALLIC PRIVATE LIMITED,TOR GRANTED,GA,IND,2022,Goa
IA/GA/NCP/257252/2022,10-38/2016-IA.III,"Proposed development of AHOY Marina facility for crafts, small boats and yachts by Mormugao Port Trust, Goa",KARGWAL CONSTRUCTIONS PRIVATE LIMITED,Returned in present form,GA,NCP,2022,Goa
IA/KL/NCP/261910/2022,10/18/2022-IA.III,"Development of 4/6 lane Urukunnu-Kadampattukonam Economic corridor, Inter corridor, Feeder routes & Coastal roads to improve the efficiency of freight movement in India (Lot-3/ Andhra Pradesh, Karnataka, Goa & Kerala/Package-3) in the state of Kerala of total length 38.3 km",National Highways Authority of India,TOR GRANTED,KL,NCP,2022,Goa
IA/GA/MIS/27729/2011,10-,"Development of Greenfield International Airport at Mopa, Goa",GOVERNMENT OF GOA,DELETED(Extension),GA,MIS,2011,Goa
IA/GA/MIS/27784/2011,10-29/2011-IA.III,"Development of Greenfield International Airport at Mopa, Goa by M/s Directorate of Transport Goa",GOVERNMENT OF GOA,TOR GRANTED(Extension),GA,MIS,2011,Goa
IA/HR/NCP/28352/2009,SEIAA/HR/2010/2137,"Proposed commercial complex at Sector 106, Village Daultabad, Gurgoan, Haryana",COUNTRYWIDE PROMOTERS PVT LTD,DELETED(Extension),HR,NCP,2009,Goa
IA/GA/NCP/51002/2015,10-5/2015-IA.III,"Proposed Terminal Capacity Enhancement at Berth 5A-6A of Mormugao Port for Handling Coal and Coal Products, Iron Ore and Limestone including Unitised and Steel Products at Mormugao Port Trust, Goa by M/s South West Port Ltd.",SOUTH WEST PORT LIMITED,DELETED(Amendement),GA,NCP,2015,Goa
IA/MH/MIS/20235/2013,10-70/2008-IA.III,Sand mine at Goakhandi,INDIAN GARNET SAND CO PVT LTD,,MH,MIS,2013,Goa
IA/GA/NCP/61995/2015,Letter No. 3-181-2010/STE-DIR/Part-II/EIA-Goa/135,Proposed premium housing and commercial development,IN-ORBIT MALLS (INDIA) PVT. LTD,EC Granted(Amendement),GA,NCP,2015,Goa
IA/GA/MIS/25192/1910,10-144/2007-IA-III,Development of Goa Airport,AIRPORTS AUTHORITY OF INDIA,,GA,MIS,1910,Goa
IA/MP/THE/20436/2012,J-13012/94/2009-IA.II (T),2x60 MW Inported Goal Based captive Thermal Power,M/s. UltraTech Cement Ltd.,EC Granted(Corrigendum),MP,THE,2012,Goa
IA/GA/MIN/11586/2005,No.J-11015/56/2005-IA.II(M) t,"Deulem Pissuerlem Iron Ore Mine of M/s R.S.Shetty & Bros.,  North GoaML Area: 99.47 ha",RSSHETYE,DELETED(Amendement),GA,MIN,2005,Goa
IA/GA/MIS/95807/2000,J.19011/4/2000-IA-III,"Proposed Construction of a hotel in survey Nos. 33/1, 33/7-11, 47/1, 49/1, 50/1-26 and 51/I-31 at Utorda village in Saleete Taluka, Goa",COSMOS PREMISES PVT LTD,,GA,MIS,2000,Goa
IA/GA/MIS/114951/2019,10-54/2017-IA-III,"Environmental Clearance For  Expansion of Dabolim Airport, Goa in respect of extension of Existing Integrated Terminal Building and Existing Apron at Dabolim Village, South Goa District in Goa",AIRPORTS AUTHORITY OF INDIA GOA,TOR GRANTED(Amendement),GA,MIS,2019,Goa
IA/JK/MIN/26564/2015,J-11015/35/2015-IA-II(M),"River Bed Minor Mineral Mine/quarry Having total area of 19.941Ha at village Jagatpur, District Kathua, Jammu & Kashmir",MS MOHAN PAUL SINGH PANNU,EC Granted,JK,MIN,2015,Jammu
IA/JK/MIN/30648/2015,To be assigned,"River bed material Mine having an area of 46.37 Ha with proposed production capacity of 7,67,987 TPA at at Village Mai Chak, Tehsil- Sumwan, District- Kathua,Jammu & Kashmir ,Being submitted to MoEF & CC because there is no SEIAA in Jammu & Kashmir currently. Consultant ENVIRTA Sustainable Solutions India Pvt Ltd.",DHYAN SINGH,transfertoseiaa,JK,MIN,2015,Jammu
IA/JK/MIS/99007/2015,10-19/2015-IA-III,Extension of Runway at Jammu Airport (Jammu & Kashmir) by Airports Authority of India,AIRPORTS AUTHORITY OF INDIA,EC Granted,JK,MIS,2015,Jammu
IA/JK/IND/76457/2018,IA-J-11011/269/2018-IA-II(I),"Environmental Clearance for the proposed 1200 MT/day (396000 MT/annum) Cement Plant to be located at village Bhatayan, Khrew, Tehsil Pampore, District Pulwama, Jammu and Kashmir",KASHMIR CEMENTS,Returned in present form,JK,IND,2018,Jammu
IA/JK/IND/233770/2020,J-11011/10/2021-IA.II(I),"M/s Shree Balaji Pigments Pvt. Ltd. Located at near Industrial Extension area, Hatli Morh, Kathua, Jammu & Kashmir",M/S SHREE BALAJI PIGMENTS (P) LTD.,EC Granted,JK,IND,2020,Jammu
IA/JK/MIS/198884/2021,21-52/2022-IA-III,"For Expansion of Existing Terminal Building, New Terminal Building, Proposed New Terminal Building and Allied Services at Sheikh ul-Alam International Airport also known as Srinagar Airport, Srinagar, Jammu and Kashmir",SRINAGAR AIRPORT,transfertoseiaa,JK,MIS,2021,Jammu
IA/JK/IND2/407537/2022,IA-J-11011/506/2022-IA-II(I),"“Greenfield Project of Grain Based Distillery Plant of 250 KLD along with Co-generation Power Plant of 8.5 MW”  located at Khasra No. 554, 1119, 1171, 1229, 1170, 1264, 1344, 1020, 1145, 1073, 1147, Village-Doulian Jattan, Tehsil-Marheen, District-Kathua, Jammu & Kashmir by M/s Avir Agro Private Limited.",AVIR AGRO PRIVATE LIMITED,Returned in present form,JK,IND2,2022,Jammu
IA/JK/MIN/27547/2015,J-11015/168/2015-IA-II(M),"1. Name of the project/s River Bed Minor Mineral Mine/quarry Having total area of 36.00 Ha at village Pandori, District Kathua, Jammu & Kashmir",DHAYAN SINGH,TOR GRANTED,JK,MIN,2015,Jammu
IA/JK/MIS/27718/2015,10-19/2015-IA-III,Extention of Runway at Jammu Airport,AIRPORTS AUTHORITY OF INDIA,TOR GRANTED,JK,MIS,2015,Jammu
IA/JK/MIS/28781/2015,10-21/2015-IA-III,"Proposed Integrated Municipal Solid Waste Processing and Disposal Facility for Pahalgam Town & Amarnath Yatra at Mavoura, Village, Tehsil: Pahalgam, District: Anantnag, Jammu & Kashmir",PAHALGAM DEVELOPMENT AUTHORITY,TOR GRANTED,JK,MIS,2015,Jammu
IA/JK/MIN/30660/2015,J-11015/361/2015-IA-II(M),"River bed material Mine having an area of 49.68 Ha with proposed production capacity of 8,25,300 TPA at Village- Mai Chak, Tehsil- Kathua, District- Kathua, Jammu & Kashmir ,Being submitted to MoEF& CC because of there is no SEIAA in Jammu & Kashmir currently. Consultant ENVIRTA Sustainable Solutions India Pvt Ltd.",DHYAN SINGH,TOR GRANTED,JK,MIN,2015,Jammu
IA/JK/MIS/41980/2016,10-13/2016-IA-III,"Solid Waste Management Facility at Bhagwati Nagar, Jammu, J & K",JAMMU MUNICIPAL CORPORATION,TOR GRANTED,JK,MIS,2016,Jammu
IA/JK/MIS/50300/2016,10-13/2016-IA.III,"Solid Waste Management Facility at Kot Bhalwal, Jammu, J & K",JAMMU MUNICIPAL CORPORATION,TOR GRANTED,JK,MIS,2016,Jammu
IA/JK/MIN/65104/2017,23-23/2019-IA-III,"Mining of Limestone minerals Village- Chakdura Bathyn, Khrew,Tehsil  -Pampore , District- Pulwama, Jammu and Kashmir by M/s Dawar Cement Pvt. Ltd over an area of 21.106 Ha.",DAWAR CEMENTS PRIVATE LIMITED,Delisted TOR,JK,MIN,2017,Jammu
IA/JK/MIN/87704/2018,IA-J-11015/24/2019-IA-II(M),"Mining of limestone @ 50000 MT/annum in an area of 4.15 hectares of land located at village Zantrag, Khrew, Tehsil Pampore, District Pulwama, Jammu and Kashmir",DEVINDER VERMA,Returned in present form,JK,MIN,2018,Jammu
IA/JK/MIN/197355/2021,IA-J-11015/15/2021-IA-II(M),"Mining of Lime stone mine for the production of 60000 TPA Limestone on lease area 4.98 HA located at Village- Daikhan Banjar, Khrew, Tehsil, Pampora, District, Pulwama, State, Jammu and Kashmir proposed by Mr. Waqar Asif",WAQAR ASIF,Delisted TOR,JK,MIN,2021,Jammu
IA/JK/IND/75449/2011,J-11011/358/2009-IA-II (I),"600 TPD Cement Plant to be located at Village Solnaran Saturmarg Khrew, Tehsil Pampore, District – Pulwama, Jammu and Kashmir by Jhelum Cements Ltd.",JHELUM CEMENTS LTD,EC Granted(Extension),JK,IND,2011,Jammu
IA/JK/MIS/75580/2015,F.No. 10-19/2015-IA.III,Extension of Runway at Jammu airport (Jammu & Kashmir) by Airports Authority of India,AIRPORTS AUTHORITY OF INDIA,TOR GRANTED(Extension),JK,MIS,2015,Jammu
IA/JK/MIS/93516/2013,10-43/2012-IA-III (Pt.),"Integrated Common Hazardous Waste Management Facility including Incineration at Industrial Growth Centre, Phase - II, Samba, Mandhera Village, Jammu & Kashmir",RAMASETHU INFRASTRUCTURE PRIVATE LIMITED,EC Granted(Amendement),JK,MIS,2013,Jammu
IA/JK/MIS/170159/2020,10-43/2012-IA-III,"Integrated Common Hazardous Waste Management Facility including Incineration at Industrial Growth Centre, Phase – II, Samba, Mandhera Village, Jammu & Kashmir",RAMASETHU INFRASTRUCTURE PRIVATE LIMITED,EC Granted(Extension),JK,MIS,2020,Jammu
IA/JK/RIV/223978/2021,J-12011/39/2014-IA. I (R),"Environmental Impact Assessment Study For Ujh Multipurpose Project, Kathua, Jammu & Kashmir",CHIEF ENGINEER CID JAMMU,Returned in present form(Amendement),JK,RIV,2021,Jammu
