"Project Assessment, Infrastructure Monitoring and Analytics for Nation-building For details visit: https://www.ipm.mospi.gov.in/
(PAIMANA)"
"483
Scan the QR code to access JANUARY 2026
the PAIMANA Portal."
Overview
North Eastern Region
"As per Harmonized Master List
(HML)2022"
1,Roads & Highways,863,"799,040","814,341","247,872"
2,Railways,251,"697,517","850,971","700,909"
3,Urban Public Transport,28,"335,216","355,797","205,666"
4,Aviation & Aviation Infrastructure,26,"21,601","22,815","9,677"
5,Shipping,9,"15,124","15,291","9,339"
6,Inland Waterways,2,"5,546","5,258","4,150"
7,Logistics Infrastructure,1,763,763,430
3,705237,WESTERN DEDICATED FREIGHT CORRIDOR,"51,101","124,005","124,623",96
4,705429,RISHIKESH-KARNAPRAYAG NEW RAIL LINE- 125 KM,"38,953","38,953","27,546",72
1,Oil & Gas,93,"353,599","382,328","191,044"
2,Transmission & Distribution,70,"206,141","212,104","61,527"
3,Electricity Generation,38,"310,690","369,473","154,881"
4,Energy Storage,17,"81,207","120,038","96,246"
3,701289,"CAPACITY EXPANSION OF PANIPAT REFINERY FROM 15 TO 25
MMTPA","34,627","36,225","26,028",92
1,Water Resources,39,"93,740","193,594","140,376"
2,Waste & Water,31,"9,664","9,733","5,778"
3,701405,J. CHOKKA RAO DEVADULA LIFT IRRIGATION SCHEME,"8,201","14,730","4,665",87
1,Telecommunication,14,"151,923","274,016","77,232"
1,706775,BHARATNET,"61,109","188,000","46,432",81
2,701593,4G SERVICES BY BSNL,"28,466","19,592","8,471",97
3,400013,"SATURATION 4G MOBILE COVERAGE OF UNCOVERED VILLAGES
THROUGH USOF","26,316","30,620","9,792",82
1,Healthcare,37,"21,179","25,631","9,754"
2,Education,30,"15,618","15,066","8,356"
4,"Tourism, Hospitality & Wellness",1,573,"1,238",546
1,400188,"REDEVELOPMENT OF SEVEN GENERAL POOL RESIDENTIAL
ACCOMMODATION [GPRA] COLONIES IN DELHI","32,850","32,841","12,339",43
2,617883,"REDEVELOPMENT OF RESIDENTIAL COLONIES AT AYUR VIGYAN
NAGAR AND WEST ANSARI NAGAR CAMPUSES OF AIIMS, NEW DELHI","4,441",,25,61
3,701658,"KRISHNAPATNAM NODE - PHASE 1 - ROADS AND SERVICES
DEVELOPMENT","2,139",,626,30
4,701167,AIIMS KASHMIR AT AWANTIPORA JAMMU & KASHMIR,"1,828","2,161","1,505",73
5,701657,TUMAKURU NODE - PHASE 1 - ROADS AND SERVICES DEVELOPMENT,"1,702",,184,18
1,Coal,118,"185,977","183,715","48,547"
2,Steel,19,"18,161","21,400","8,959"
3,Metals & Mining,7,"10,044","12,481","7,173"
4,Construction,2,899,899,222
1,619032,JAYANT EXPN. [20 TO 38 MTPA],"25,560",,28,0
2,400424,GEVRA OC [70 MTY],"11,816",,"6,822",78
3,400185,GOPALJI KANIHA OCP [10 TO 30 M,"8,416","6,108","1,751",31
4,400150,RPR MAGADH EXP OCP,"7,254",,"1,619",38
"Major Infrastructure Central
Ministries & Departments"
1,618412,"CONSTRUCTION OF I CONNECTING ROAD FROM Z-MORH TUNNEL TO ZOJILA TUNNEL
ROAD LENGTH 18.475KM AND II 14.150 KM LONG 2-L BI-DIRECTIONAL SINGLE TUBE
ZOJI-LA TUNNEL ACROSS ZOJILA PASS ON SONAMARG - KARGIL SECTION FROM KM
82 TO KM 118 OF NH-01 UNDER PMDP","6,809","6,809","3,148",66
2,618738,"6L BRIDGE AND ITS APPROACHES ACROSS RIVER GANGA AS PART OF PATNA RING
ROAD NH-131G STARTING FROM KM 8.480 NEAR SHERPUR TO KM 23.000 NEAR
DIGHWARA","6,292","3,352",458,14
4,618373,"CONSTRUCTION OF 4-LANE BRIDGE INCLUDING APPROACHES OVER RIVER
BRAHMAPUTRA BETWEEN DHUBRI ON NORTH BANK,ASSAM AND PHULBARI ON
SOUTH BANK,MEGHALAYA ON NH-127B UNDER JICA ODA LOAN ASSISTANCE PHASE-III","4,997","4,997","2,557",70
5,618599,"6L OF RAMANATUKKARA JUNCTION TO START OF VALANCHERY BYPASS SECTION OF
NH-66","4,924","4,919","1,669",99
2,705237,WESTERN DEDICATED FREIGHT CORRIDOR,"51,101","124,005","124,623",96
3,705429,RISHIKESH-KARNAPRAYAG NEW RAIL LINE- 125 KM,"38,953","38,953","27,546",72
2,619032,JAYANT EXPN. [20 TO 38 MTPA],"25,560","25,560",28,0
3,400259,GHATAMPUR THERMAL POWER PLANT 3 X 660 MW,"17,238","21,781","20,967",94
4,400424,GEVRA OC [70 MTY],"11,816","11,816","6,822",78
5,400185,GOPALJI KANIHA OCP [10 TO 30 M,"8,416","6,108","1,751",31
3,701289,CAPACITY EXPANSION OF PANIPAT REFINERY FROM 15 TO 25 MMTPA,"34,627","36,225","26,028",92
3,619025,RAJASTHAN PART I POWER TRANSMISSION LIMITED,"25,000","25,000",90,0
4,615347,"TRANSMISSION SYSTEM FOR EVACUATION OF POWER FROM POTENTIAL RENEWABLE
ENERGY ZONE IN KHAVDA AREA OF GUJARAT UNDER PHASE-V [8 GW] PART A [SPV
NAME POWERGRID WEST CENTRAL TRANSMISSION LIMITED]","24,819","24,819","1,986",6
List of Tables
1,Department for Promotion of Industry & Internal Trade,Logistics Infrastructure,1,"763
763",430
,,Total,3,"4,604.25","1,239.72"
2,Department of Higher Education,Education,29,"14711.41
14454",7786.65
,,Total,29,"14,711.41","7,786.65"
3,Department of Sports,Education,1,"906.47
611.74",569.37
,,Total,1,906.47,569.37
4,Department of Telecommunications,Telecommunication,14,"151923.46
274016",77232.3
,,Total,14,"151,923.46","77,232.30"
5,"Department of Water Resources, River Development
& GR",Waste & Water,8,"4039.12
4039.12",1643.05
,,Water Resources,39,"93740.23
193594",140376
,,Total,47,"97,779.35","142,019.05"
,,Total,26,"21,600.76","9,677.27"
,,Electricity Generation,8,"51903.57
56446.7",27270.8
,,Railways,2,"3485.86
5002.87",2199.39
,,Total,126,"239,283.70","77,017.59"
,,Total,23,"17,252.19","7,780.69"
,,Urban Public Transport,28,"335215.64
355797",205666
,,Waste & Water,23,"5625.02
5693.55",4134.88
,,Total,56,"375,234.51","222,325.94"
,,Total,13,"3,234.03","1,915.78"
,,Metals & Mining,6,"8344.36
10724.5",7002.68
,,Total,7,"8,599.73","7,097.59"
,,Oil & Gas,93,"353598.97
382328",191044
,,Total,110,"434,806.13","287,290.40"
,,Inland Waterways,2,"5546.18
5258.15",4149.62
,,Shipping,9,"15124.41
15290.9",9338.98
,,"Tourism, Hospitality & Wellness",1,"573
1238.05",545.51
,,Total,13,"21,936.59","14,092.11"
,,Electricity Generation,30,"258786.76
313027",127610
,,Transmission & Distribution,70,"206140.79
212104",61527.5
,,Total,102,"467,010.55","190,136.83"
,,Total,249,"694,031.39","698,710.00"
,,Total,863,"799,040.39","247,872.00"
,,Steel,19,"18161.41
21399.7",8959.01
,,Total,20,"19,861.41","9,129.14"
Total,,,1702,"3,371,816.32","2,001,892.43"
****
1,,Department of Higher Education,Education,1,"494.52
429.7",362.48
,PAN India,Department of Telecommunications,Telecommunication,5,"141080.68
263402",73544.16
,,,Total,15,162560.17,87924.88
,,,Total,1,209.88,0.00
,,Department of Higher Education,Education,1,"305
305",62.16
,,Department of Telecommunications,Telecommunication,3,"7147.17
7147.17",2381.99
,,"Department of Water Resources, River
Development & GR",Water Resources,3,"10901.5
57269.5",27427.67
,,,Oil & Gas,4,"37804
37864",32993.65
,,,Total,125,200004.85,131250.46
4,Arunachal Pradesh,Department of Higher Education,Education,1,"592.61
592.61",550.61
,,Department of Telecommunications,Telecommunication,1,"1255.49
1255.49",299.42
,,,Transmission & Distribution,2,"4963.8
9338.7",7904.57
,,,Total,20,65553.31,46770.25
5,Assam,Department of Higher Education,Education,1,"153.71
153.71",125.03
,,Department of Telecommunications,Telecommunication,1,"1255.49
1255.49",299.42
,,"Department of Water Resources, River
Development & GR",Water Resources,1,"256.16
256.16",44.70
,,,Oil & Gas,14,"27720.47
38075.3",28233.63
,,,Transmission & Distribution,1,"5111.33
6700",5474.57
,,,Total,87,118789.14,95308.98
6,Bihar,Department of Higher Education,Education,1,"499.21
499.21",446.99
,,Department of Telecommunications,Telecommunication,4,"4220.71
3992.24",1426.77
,,"Department of Water Resources, River
Development & GR",Waste & Water,5,"2351.43
2351.43",1303.45
6,Bihar,"Department of Water Resources, River
Development & GR",Water Resources,2,"2193.34
3088.88",620.65
,,,Healthcare,1,"1264
1264",0.00
,,,Waste & Water,1,"158.78
158.78",93.35
,,,Oil & Gas,7,"25153.5
27018.2",13639.90
,,,Transmission & Distribution,3,"3119.63
3119.63",62.67
,,,Total,114,224527.85,142083.45
7,Chhattisgarh,Department of Higher Education,Education,1,"1188.97
1188.97",0.00
,,Department of Telecommunications,Telecommunication,3,"7147.17
7147.17",2381.99
,,"Department of Water Resources, River
Development & GR",Water Resources,2,"842.26
1109.33",855.96
,,,Railways,1,"1686.22
2438.53",536.26
,,,Steel,6,"7530.14
10050.1",5922.63
,,,Total,68,136247.39,59894.43
,,,Total,4,114666,91796.63
9,Delhi,Department of Higher Education,Education,2,"706.49
709.42",331.78
,,Department of Telecommunications,Telecommunication,1,"248.2
248.2",236.91
,,,Urban Public Transport,5,"81868.36
81868.4",46375.62
,,,Total,22,149255.97,76581.90
,,,Total,5,6928.4,6693.68
11,Gujarat,Department of Higher Education,Education,1,"490.63
490.63",319.74
11,Gujarat,Department of Telecommunications,Telecommunication,1,"336.89
301.13",241.21
,,"Department of Water Resources, River
Development & GR",Water Resources,2,"25739.93
40082.8",36817.84
,,,Urban Public Transport,3,"28177.49
30329",25661.57
,,,Waste & Water,1,"200
200",100.00
,,,Oil & Gas,11,"32704.12
32357.3",23980.74
,,,"Tourism, Hospitality & Wellness",1,"573
1238.05",545.51
,,,Transmission & Distribution,16,"69253.53
69253.5",12463.13
,,,Total,119,415591.9,374346.57
12,Haryana,"Department for Promotion of Industry &
Internal Trade",Logistics Infrastructure,1,"763
763",430.00
,,,Waste & Water,2,"491.2
491.2",387.03
,,,Oil & Gas,5,"45925.07
49596.1",35817.74
,,,Total,37,157609.74,180916.97
13,Himachal Pradesh,Department of Higher Education,Education,3,"811.15
921.89",654.95
,,Department of Telecommunications,Telecommunication,1,"336.89
301.13",241.21
,,,Total,27,37962,107827.02
14,Jammu and Kashmir,Department of Higher Education,Education,1,"424.93
500.91",484.52
,,Department of Telecommunications,Telecommunication,1,"336.89
301.13",241.21
,,,Transmission & Distribution,1,"218.6
218.6",2.71
,,,Total,47,60822,28932.36
15,Jharkhand,Department of Telecommunications,Telecommunication,3,"7147.17
7147.17",2381.99
,,"Department of Water Resources, River
Development & GR",Water Resources,2,"5430.04
12010.3",6061.10
,,,Railways,1,"1799.64
2564.34",1663.13
,,,Oil & Gas,3,"2010.07
2010.07",662.23
,,,Electricity Generation,2,"33026
34660",19818.90
,,,Transmission & Distribution,1,"1842.25
1842.25",1648.05
,,,Total,96,194210.02,82010.16
,,"Department of Water Resources, River
Development & GR",Water Resources,1,"770.16
1606.07",1515.60
,,,Waste & Water,2,"337.69
337.69",178.89
,,,Oil & Gas,5,"9662
12693.6",9241.73
,,,Total,96,171730.62,93976.03
17,Kerala,Department of Higher Education,Education,2,"2533.45
2744.4",673.20
,,,Total,29,61451.3,24529.68
18,Ladakh,Department of Telecommunications,Telecommunication,1,"336.89
301.13",241.21
,,,Total,5,2001.16,1495.67
19,Madhya Pradesh,Department of Higher Education,Education,1,"496.28
496.28",56.35
,,Department of Telecommunications,Telecommunication,3,"3883.82
3691.11",1185.56
,,"Department of Water Resources, River
Development & GR",Water Resources,3,"2628.27
2941.14",3057.95
,,,Waste & Water,4,"1243.05
1303.47",1127.76
,,,Oil & Gas,3,"53003.25
53414",10083.70
,,,Transmission & Distribution,9,"45890.32
45890.3",5535.02
,,,Total,101,276043.14,105842.49
20,Maharashtra,Department of Telecommunications,Telecommunication,4,"7608.59
7608.59",2548.01
,,"Department of Water Resources, River
Development & GR",Water Resources,11,"22660.36
32345.7",34775.72
,,,Waste & Water,4,"814.94
814.94",673.99
,,,Oil & Gas,11,"32676.16
35504.2",21348.20
,,,Shipping,2,"6900
6900",6064.89
,,,Total,180,507258.65,412581.51
21,Manipur,Department of Sports,Education,1,"906.47
611.74",569.37
,,"Department of Water Resources, River
Development & GR",Water Resources,1,"1449.44
1822.24",1837.91
,,,Total,34,41847.27,36106.77
22,Meghalaya,Department of Telecommunications,Telecommunication,1,"971.96
971.96",216.36
,,,Total,15,21497.25,13205.77
23,Mizoram,Department of Higher Education,Education,1,"474.23
474.23",167.55
,,,Oil & Gas,1,"9265
9265",6678.00
,,,Total,25,29497.41,14685.30
24,Nagaland,Department of Higher Education,Education,1,"275.63
275.63",261.70
,,,Total,25,29857.31,19141.39
25,Odisha,Department of Higher Education,Education,2,"1428.29
1042.06",867.08
,,Department of Telecommunications,Telecommunication,3,"7147.17
7147.17",2381.99
,,"Department of Water Resources, River
Development & GR",Water Resources,2,"1556.46
5291.33",5560.14
,,,Electricity Generation,1,"27212.96
27213",2616.26
,,,Oil & Gas,6,"25800.35
24283.5",16352.40
,,,Transmission & Distribution,2,"3065.19
3065.19",41.22
,,,Railways,1,"267.61
267.61",0.00
,,,Total,95,200733.13,105025.04
26,Puducherry,Department of Higher Education,Education,1,"618.34
544.34",530.88
,,,Total,5,7000.63,2653.61
27,Punjab,Department of Higher Education,Education,2,"559.3
559.3",329.51
,,"Department of Water Resources, River
Development & GR",Water Resources,2,"3727.07
5177.86",4333.05
,,,Total,48,82350.82,131194.57
28,Rajasthan,Department of Telecommunications,Telecommunication,2,"758.54
530.07",387.43
,,,Oil & Gas,2,"10599
10599",6722.93
,,,Total,75,247196.98,261223.31
29,Sikkim,Department of Higher Education,Education,2,"999.82
924.82",450.25
,,,Transmission & Distribution,1,"4754.42
9129.32",7904.16
,,,Total,15,32785.04,31399.16
,,,Oil & Gas,4,"38385
46153",6369.19
,,,Total,59,165660.89,61638.00
31,Telangana,Department of Higher Education,Education,1,"262
262",200.11
,,Department of Telecommunications,Telecommunication,3,"3923.59
3923.59",1205.36
,,"Department of Water Resources, River
Development & GR",Water Resources,4,"11670.14
24129.6",11936.34
,,,Total,72,71522.17,43061.90
,,,Oil & Gas,2,"9474.33
9396.51",6750.24
,,,Total,14,21779.92,12963.85
33,Uttar Pradesh,Department of Higher Education,Education,1,"246
246",200.11
,,Department of Telecommunications,Telecommunication,4,"4220.71
3992.24",1426.77
,,"Department of Water Resources, River
Development & GR",Waste & Water,2,"1532.96
1532.96",243.43
,,,Water Resources,3,"2953.27
6309.81",4713.18
,,,Electricity Generation,1,"17237.8
21780.9",20967.25
,,,Waste & Water,2,"797.47
797.47",707.18
,,,Transmission & Distribution,5,"35482.81
35482.8",2691.36
,,,Total,159,376614.18,269474.12
34,Uttarakhand,Department of Higher Education,Education,1,"650.85
650.85",308.05
,,"Department of Water Resources, River
Development & GR",Water Resources,1,"2584.1
2584.1",991.09
,,,Total,29,65408.12,54479.07
35,West Bengal,Department of Higher Education,Education,1,"500
442",403.60
,,Department of Telecommunications,Telecommunication,2,"3462.17
3462.17",1039.34
,,"Department of Water Resources, River
Development & GR",Waste & Water,1,"154.73
154.73",96.17
,,,Oil & Gas,11,"19590.65
20535.2",12291.24
,,,Shipping,2,"551.91
551.91",489.28
,,,Transmission & Distribution,2,"751.63
751.63",43.26
,,,Total,79,147217.35,75364.46
,Energy Storage,,,,,
1,"Setting up a common user Petroleum Terminal at Jammu, J&K for resitement of
existing PSU OMC's Depots from Jammu City
(Bharat Petroleum Corporation Limited [BPCL])
400235",Jammu and Kashmir,"04/2023
(04/2023)","01/2026
(03/2025)
(01/2026)","676.89
(715.89)",587.36
,Total (1),,,,676.89,587.36
,Transmission & Distribution,,,,,
2,"Transmission scheme for evacuation of 4.5GW RE injection at Khavda PS under
Phase II- Part C
(Power Grid Corporation of India Limited [POWERGRID])
611657",Gujarat,"03/2023
(03/2023)","01/2026
(03/2025)
(01/2026)","2820.99
(-)",2820.99
,Total (1),,,,2820.99,2820.99
,Railways,,,,,
,Total (1),,,,8975,5690.22
,Department for Promotion of Industry & Internal Trade,,,,
,Logistics Infrastructure,,,,
1,"Integrated Multi Modal Logistics Hub at Nangal Chaudhary in Haryana - Other Trunk
Infrastructure Development Phase 1
(National Highways & Infrastructure Development Corporation Ltd. [NHIDCL])
(707410)",Haryana,"05/2018
(12/2021)","12/2023
(05/2028)","763
(-)"
,Total (1),,,,763
,Department of Higher Education,,,,
,Education,,,,
2,"1000 seater Boys hostel, 500 seater Girls hostel, 1.5 MLD Sewage Treatment Plant
and Faculty Residence - 72 nos. Flats
(NIT Rourkela)
(619033)",Odisha,(01/2024),"06/2026
(-)","198.97
(-)"
,Total (1),,,,198.97
,Aviation & Aviation Infrastructure,,,,
3,"Development of Keshod Airport.
(Airport Authority of India [AAI])
(619054)",Gujarat,(07/2025),"01/2027
(-)","363.1
(-)"
,Total (1),,,,363.1
,Coal,,,,
4,"JAYANT EXPN. [20 TO 38 MTPA]
(Northern Coalfields Limited [NCL])
(619032)",Madhya Pradesh,"02/2025
(02/2025)","03/2032
(-)","25560.48
(-)"
5,"RPR FOR RAMPUR BATURA OCP
(SECL - CIL)
(619053)",Madhya Pradesh,"05/2025
(05/2025)","03/2030
(-)","1604.69
(-)"
6,"SAONER-III EXPN UG MINE 1.54
(Western Coalfields Limited [WCL])
(619055)",Maharashtra,"08/2025
(08/2025)","03/2032
(-)","444.42
(-)"
,Total (3),,,,27609.59
,Healthcare,,,,
,Total (15),,,,4575
,Urban Public Transport,,,,
22,"Delhi Metro Rail Phase V A
(Delhi Metro Rail Corporation Limited [DMRC])
(619031)",Delhi,"01/2026
(01/2026)","12/2028
(-)","12014.91
(-)"
23,"Metro connectivity from Millennium City Centre to Cyber City with Spur to Dwarka
Expressway, Gurugram.
(Gurugram Metro Rail Limited (GMRL))
(619022)",Haryana,"07/2023
(08/2024)","07/2027
(-)","5452.72
(-)"
,Total (3),,,,23268.68
,Electricity Generation,,,,
,Total (1),,,,29948
,Transmission & Distribution,,,,
26,"KPSIII HVDC Transmission Limited
(Adani Transmission Limited)
(619026)",Gujarat,(12/2025),"12/2029
(-)","19000
(-)"
27,"Transmission System for Reliable Power Supply to Dholera
(Power Grid Corporation of India Limited [POWERGRID])
(619029)",Gujarat,"09/2024
(09/2024)","03/2026
(-)","319.42
(-)"
28,"Khavda IVA Power Transmission Limited
(Adani Transmission Limited)
(619049)",Gujarat,"08/2024
(08/2024)","08/2026
(-)","4500
(-)"
29,"Augmentation of 1x500 MVA 400/220kV ICT [3rd] at Thrissur VSC HVDC Station in
Kerala
(Power Grid Corporation of India Limited [POWERGRID])
(619028)",Kerala,"08/2025
(08/2025)","08/2027
(-)","173.14
(-)"
30,"Mahan Transmission Limited
(Adani Transmission Limited)
(619024)",Madhya Pradesh,"03/2025
(03/2025)","04/2027
(-)","3125.32
(-)"
31,"WRNES Talegaon Power Transmission Limited
(Adani Transmission Limited)
(619027)",Maharashtra,(05/2025),"01/2028
(-)","2000
(-)"
,Total (8),,,,56840.38
,Railways,,,,
34,"Devgarh Madariya - Nathdwara Gauge Conversion [82.54 Km] part of Marwar - Mavli
Gauge Conversion [152 Km]
(North Western Railway [NWR])
(611855)",Rajasthan,(01/2023),"01/2027
(-)","968.92
(-)"
,Total (1),,,,968.92
,Roads & Highways,,,,
35,"Balance works in AP Portion and punch list items in TN & AP portion of NH-205
(National Highways Authority of India [NHAI])
(619160)",Andhra Pradesh,"10/2022
(07/2023)","01/2025
(-)","166.52
(113.46)"
36,"Six Laning of Vijayawada Bypass from Chinna Avutapalli to Gollapudi in Vijayawada -
Gundugolanu Section from km. 0.00 to km. 30.00 Pkg-III
(National Highways Authority of India [NHAI])
(619076)",Andhra Pradesh,"01/2020
(02/2021)","02/2023
(03/2024)","1581.24
(1883.71)"
37,"Nandyala-Kurnool/Kadapa Border section of NH-167K i.e. Km 186/000 to Km
250/000Design Ch.186000 to 248010 to 2LPS
(MoRTH)
(617987)",Andhra Pradesh,"10/2024
(09/2025)","09/2027
(-)","691.81
(-)"
38,"Sangameswaram - Atmakuru section from Km 96 to Km 124 & Velegodu- Nandyal
section including Nandyal Bypass from Km 143/6 to 185/9 NH-167K
(MoRTH)
(617988)",Andhra Pradesh,"10/2024
(07/2025)","07/2027
(-)","776.17
(644.14)"
42,"Construction of flyover at Gammon Junction at Km.903.265 on NH16 including vent at
Diwancheruvu junction at Km.902.308 Blackspot ID No.AP03299 in Andhra Pradesh
on EPC mode under NHO
(National Highways Authority of India [NHAI])
(618525)",Andhra Pradesh,"03/2025
(10/2025)","10/2027
(-)","326.61
(223.29)"
43,"6L of Anandapuram Pendurthi Anakapalli Section from km. 681.000 to km. 731.780 of
NH-16
(National Highways Authority of India [NHAI])
(618579)",Andhra Pradesh,"01/2018
(01/2019)","07/2021
(01/2020)","2527
(2957.25)"
44,"6L Access Controlled Greenfield Highway from Kavulakuntla Ch. 196000 to
Narayanmpet Ch. 203500Package-09
(National Highways Authority of India [NHAI])
(618718)",Andhra Pradesh,"02/2023
(02/2025)","02/2027
(-)","1092.18
(956.4)"
48,"Widening/lmprovement of Existing 2 lane to 4-Laning of Karimganj-Silchar section of
NH-37 from Design Ch 0.000 near Silchar ISBT to Design Ch 15.970 near Kalinagar Pt
I on NH-37 in Assam on HAM Mode Pkg-1
(NHIDCL)
(618313)",Assam,"03/2024
(09/2025)","09/2027
(-)","1181.55
(-)"
53,"6L Greenfield Varanasi-Ranchi-Kolkata Highway from Pachmon village to
Anarbansalea village From KM. 116000 to KM. 151200 Package-6
(National Highways Authority of India [NHAI])
(618725)",Bihar,"03/2023
(09/2025)","09/2027
(-)","1915.99
(1920.21)"
54,"6L Greenfield Varanasi-Ranchi-Kolkata Highway from junction with Chandauli-
Chainpur Road near Khainti village to junction with Bhabhua-Adhaura road near Palka
village from Km. 27.000 to Km. 54.000 Pkg-2
(National Highways Authority of India [NHAI])
(618726)",Bihar,"03/2023
(10/2025)","10/2027
(-)","1240.93
(1341.52)"
55,"6L Greenfield Varanasi-Ranchi-Kolkata Highway from junction with Bhabhua-Adhaura
road in Bhairopur village to Konki village From KM. 54.000 to KM. 90.000Pkg-3
(National Highways Authority of India [NHAI])
(618727)",Bihar,"03/2023
(10/2025)","10/2027
(-)","1576.94
(1711.44)"
56,"Ara Bypass
(National Highways Authority of India [NHAI])
(618775)",Bihar,"03/2025
(10/2025)","04/2027
(-)","226.32
(-)"
57,"4L PS under NH configuration of Manikpur-Sahebganj of NH-139W
(National Highways Authority of India [NHAI])
(618791)",Bihar,"10/2024
(01/2026)","12/2027
(-)","1538.76
(-)"
58,"4L of Greenfield Alignment from Km. 47.000 to Km. 89.210 of Balbhadarpur to Bela
Nawda Section of NH-119D
(NHAI)
(619127)",Bihar,"03/2022
(03/2024)","03/2026
(-)","2185.75
(2118.46)"
59,"Rehabilitation and Upgradation of Chorma - Bairgania Section of National Highway No
227F to 2 lane with paved shoulders from Design Ch.0.000 to Ch. 34.566
(National Highways Authority of India [NHAI])
(619136)",Bihar,"06/2022
(02/2024)","01/2026
(-)","610.78
(628.65)"
60,"Umagaon-Saharsa Package-V Bakaur-Parsarma-Bangaon-Bariyahi & Spur to Mahishi
(NHAI)
(619166)",Bihar,"10/2022
(12/2023)","12/2025
(-)","768.35
(968.42)"
61,"4 Laning with PS of Pathrapalli-Katghora km 53.3 to km 92.6 Pkg-II of Bilaspur
Kathghora
(National Highways Authority of India [NHAI])
(619167)",Chhattisgarh,"12/2019
(12/2020)","12/2022
(07/2023)","865.1
(1275.26)"
62,"4/6 Laning of Raipur-Simga Pkg-I from km. 0.00 to km. 48.58
(National Highways Authority of India [NHAI])
(619103)",Chhattisgarh,(04/2016),"04/2018
(-)","1096.52
(1172.36)"
68,"4L of Dhrol bypass section of NH-151A Approx. length 5.7 Km & widening upto 4
laning of missing link of Amran section of NH-151A Approx. length 6.55 Km from
existing Ch. 42000 to 48500 of ongoing Dhrol-Bhadra-Pipaliya section of NH-151A
(National Highways Authority of India [NHAI])
(618616)",Gujarat,"03/2024
(02/2025)","02/2027
(-)","625.58
(455.54)"
69,"4L PS from Ch. 94.030 in Jabugam Village to Ch. 132.320 in Dhamasiya Village of
NH-56 Pkg-III
(National Highways Authority of India [NHAI])
(618930)",Gujarat,"03/2023
(11/2025)","11/2027
(-)","1188.46
(898)"
70,"4L PS from Ch. 179.780 in Bitada/Movi Village to Ch. 208.900 in Nasarpore Village of
NH-56 Pkg-V
(National Highways Authority of India [NHAI])
(618931)",Gujarat,"03/2023
(11/2025)","11/2027
(-)","764.02
(566.96)"
71,"6L of Chiloda-Naroda section from Km. 540.595 to Km. 555.595 of NH-8Package-VII
(National Highways Authority of India [NHAI])
(619067)",Gujarat,(05/2017),"05/2019
(07/2021)","356.6
(463.03)"
72,"Four Laning of Una to Kodinar from km. 180.478 to km. 221.610 Package-V
(National Highways Authority of India [NHAI])
(619145)",Gujarat,(02/2017),"08/2019
(-)","877.71
(1126.66)"
73,"4L of Bhavnagar - Talaja Package-I from Km. 6.945 to Km. 54.990 of Old NH-8E
(National Highways Authority of India [NHAI])
(619148)",Gujarat,(02/2017),"08/2019
(-)","1185.66
(1343.16)"
74,"4L of Dwarka-Khambaliya-Devariya section from km 203.500 to km 176.500 and from
km 171.800 to km 125.000 of NH-151A
(National Highways Authority of India [NHAI])
(619137)",Gujarat,"01/2019
(02/2020)","08/2022
(06/2023)","1024.69
(1753.95)"
75,"4L PS of Ambala Ring Road of New NH-44
(National Highways Authority of India [NHAI])
(619080)",Haryana,"02/2023
(10/2023)","10/2025
(-)","1093.35
(1225.41)"
76,"4L of Jind-Gohana road Package-1 from km. 0.00 to km. 40.601 of NH-352 A under
NHO
(National Highways Authority of India [NHAI])
(619092)",Haryana,"01/2019
(07/2020)","07/2022
(-)","994.22
(1606.82)"
77,"4L PS bijni to mandi section from Km 202.815 to Km 208.000 of NH-20 New NH-154
of Pathankot-Mandi Package-VB
(National Highways Authority of India [NHAI])
(618881)",Himachal Pradesh,"02/2023
(03/2025)","09/2027
(-)","1113.02
(1112.39)"
78,"Upgradation and Strengthening of Chenani to Nashri Section via Patnitop of NH244
from Km 0.000 to Km 39.100
(National Highways Authority of India [NHAI])
(618967)",Jammu and Kashmir,"03/2024
(08/2024)","08/2026
(-)","295.06
(295.06)"
79,"Construction of Shopian Bypass on NH-444 taking off from existing chainage Km
36500 and re-joining at km 47588 of existing Chainage New Design Ch. From km
28000 to km 36925 as 2- lane with paved shoulder in the UT of Jammu & Kashmir on
EPC mode.
(MoRTH)
(618038)",Jammu and Kashmir,"03/2024
(01/2026)","01/2028
(-)","224.44
(-)"
82,"Construction of Bypass to NH-114A Connecting NH-333 and NH-133 Deoghar Bypass
from design km 0.000 to design Km 49.000
(National Highways Authority of India [NHAI])
(618950)",Jharkhand,"11/2024
(01/2026)","01/2028
(-)","1565.47
(-)"
83,"Grade separated Interchanges at Km. 113.730 junction with Ranchi Hazaribagh Road
& Km. 139.225 junction with Ranchi Jamshedpur road on 4L Ranchi Bypass of NH-33
(National Highways Authority of India [NHAI])
(618737)",Jharkhand,"01/2025
(12/2025)","12/2027
(-)","303.53
(5.58)"
85,"4L Expressway from Km 26.400 to km 53.500 of Malur to Bangarpet section of
Bangalore-Chennai Expressway Phase-I Package-II
(NHAI)
(619065)",Karnataka,"12/2020
(09/2021)","09/2023
(03/2024)","1745
(1729.63)"
86,"Tumkur-Chitradurga
(National Highways Authority of India [NHAI])
(619070)",Karnataka,(06/2011),"12/2013
(-)","839
(47.44)"
87,"4L of 42.000 to km 80.00 of Dodaballapur Bypass to Hoskote section of NH-648 Old
NH-207 [Bangalore Ring Road Pkg 2]
(National Highways Authority of India [NHAI])
(619073)",Karnataka,"02/2020
(02/2021)","02/2023
(-)","1317.74
(1846.52)"
88,"4L PS from Near Guddehosur to Start of Kushalnagara Bypass to near Hemmige
Village Periyapatna - Hassan Road Jn from Km. 122.200 to Km. 144.900 of NH-275
Pkg. II
(National Highways Authority of India [NHAI])
(618871)",Karnataka,"02/2023
(12/2025)","12/2027
(-)","909.86
(896.42)"
89,"4 Lane with PS from Des. Ch 43.800 to Des. Ch. 89.900 of Belgaum-Hungund-Raichur
Section of NH-748A Package-2
(National Highways Authority of India [NHAI])
(618651)",Karnataka,"02/2024
(03/2025)","02/2027
(-)","1427.88
(1293.94)"
90,"4LPS Access Controlled Highway of Bellary Bypass Balance work from Ch. 254750 to
Ch. 266837 and construction of 4LPS from Ch. 277.690 to Ch. 278.690 at D. Hirehal
Village Balance work of NH 150A of Bellary Byrapura Section
(National Highways Authority of India [NHAI])
(618697)",Karnataka,"02/2024
(08/2024)","07/2026
(-)","626.01
(284.05)"
91,"Additional works under BM1 to ensure road safety under 6L of Bengaluru Mysuru
Access control with close toll from Km.17.300 to Km.136.300 of NH-275
(National Highways Authority of India [NHAI])
(618707)",Karnataka,"11/2024
(01/2026)","01/2028
(-)","738.37
(-)"
95,"Widening to Two Lane with Paved Shoulders from KB Cross to Chunchanahalli ie.,
Design Ch. 485240 Km Existing Km 494.000 to Design Ch. 523393 Km Existing
km 533.152 & From Design Ch. 530393 Existing Km 540.175 to Design Ch.
534476 Existing Km 544.200 at Nelligere of NH-150A on EPC mode under Annual
Plan 2022-23 NH-150A-KNT-2022-23-977 dated 08.03.2023
(MoRTH)
(618086)",Karnataka,"03/2023
(07/2025)","01/2027
(-)","617.28
(-)"
96,"4L of Byrapura to Challakere Section from km 308.550 to km 358.500 of NH-150 A
(National Highways Authority of India [NHAI])
(619115)",Karnataka,"03/2018
(12/2018)","12/2020
(06/2021)","796.77
(1195.54)"
97,"Hassan km 184.912 to Maranahally km 230.060 of NH - 75 in Karnataka
(National Highways Authority of India [NHAI])
(619117)",Karnataka,(03/2017),"03/2019
(06/2025)","1021.57
(1091.4)"
98,"Nidagatta-Mysore Pkg II
(National Highways Authority of India [NHAI])
(619120)",Karnataka,"02/2018
(12/2019)","06/2022
(09/2023)","2919.8
(4113.89)"
99,"4L of Hubli - Hospet Section of NH-63 from Km 128.850 to Km 272.571
(National Highways Authority of India [NHAI])
(619121)",Karnataka,(03/2017),"03/2020
(05/2022)","2531.99
(3619.32)"
100,"4 Lane with PS from Des. Ch 182.300 to Des. Ch. 228.500 of Belgaum-Hungund-
Raichur Section of NH 748 A Package-5
(National Highways Authority of India [NHAI])
(619106)",Karnataka,"03/2023
(11/2024)","11/2026
(-)","1141.88
(868.65)"
101,"4 Lane with PS from Des. Ch 136.100 to Des. Ch. 182.300 of Belgaum-Hungund-
Raichur Section of NH-748A Package-4
(National Highways Authority of India [NHAI])
(619107)",Karnataka,"02/2024
(09/2025)","09/2027
(-)","1311.41
(1123.35)"
102,"4 Lane with PS from Des. Ch 0.000 to Des. Ch. 43.800 of Belgaum-Hungund-Raichur
Section of NH-748A Package-1
(National Highways Authority of India [NHAI])
(619108)",Karnataka,"02/2024
(06/2025)","06/2027
(-)","1452.43
(1256.55)"
103,"BRT Tiger Reserve Boundary Km.287.500 to Bangalore Section Km.458.420 of NH-
209 in Karnataka
(National Highways Authority of India [NHAI])
(619150)",Karnataka,(08/2017),"08/2019
(03/2024)","2082.69
(2859.93)"
104,"Hospet - Chitradurga from km. 299.00 to km. 418.750
(National Highways Authority of India [NHAI])
(619144)",Karnataka,(02/2016),"08/2018
(-)","1519.72
(387.48)"
105,"Belgaum-Khanapur Pkg I Km 0.000-Km 30.800 of NH-4A
(National Highways Authority of India [NHAI])
(619164)",Karnataka,"03/2018
(03/2019)","09/2021
(07/2025)","1214.3
(1195.74)"
106,"Indore - Harda Pkg-II [Raghavgarh to Nanasa from km. 29.30 to km. 92.30]
(National Highways Authority of India [NHAI])
(619114)",Madhya Pradesh,"01/2023
(03/2024)","03/2026
(-)","1081.51
(1146.63)"
107,"Dhangaon - Borgaon section km 81.000 to km 139.000 [Indore - Edlabad Pkg IV]
(National Highways Authority of India [NHAI])
(619100)",Madhya Pradesh,"01/2020
(08/2021)","08/2023
(02/2025)","866
(1185.04)"
111,"4L from km 0.000 to 42.040 Bhopal Ratnaigiri Tiraha to Vidisha Morikodi
(National Highways Authority of India [NHAI])
(618661)",Madhya Pradesh,"10/2024
(11/2025)","11/2027
(-)","1032.3
(1038.18)"
112,"4L of near Satai Ghat to Chowka section of NH-34 from D. Ch. 89.875 to D. Ch.
145.000 Package-3
(National Highways Authority of India [NHAI])
(618667)",Madhya Pradesh,"10/2024
(10/2025)","10/2027
(-)","1005.59
(882.21)"
113,"4-lanning of Rahatgarh to Berkhedi section of NH-146 from Design Ch 124470 to Ch.
134.549
(National Highways Authority of India [NHAI])
(618671)",Madhya Pradesh,"03/2025
(12/2025)","12/2027
(-)","618.33
(342.69)"
115,"Outer Ring Road of Jabalpur Town from Amjhar Road including Airport Connectivity to
barela Pkg-V
(National Highways Authority of India [NHAI])
(618688)",Madhya Pradesh,"10/2024
(10/2025)","10/2027
(-)","794.7
(539.9)"
116,"Bypass on Western side of Gwalior City
(National Highways Authority of India [NHAI])
(618619)",Madhya Pradesh,"03/2025
(01/2026)","01/2028
(-)","998.95
(-)"
118,"4L of Budhni to Shahganj Bypass End Package-III of NH-146B from Km. 73.750 to
Km. 102.000
(National Highways Authority of India [NHAI])
(618962)",Madhya Pradesh,"03/2024
(08/2025)","08/2027
(-)","1102.97
(770.21)"
119,"4 Laning of Sandalpur to Nasrullaganj Pkg-1 section of NH-146B Length 43.2 Km.
(National Highways Authority of India [NHAI])
(618964)",Madhya Pradesh,"03/2025
(01/2026)","01/2028
(-)","1425.98
(-)"
120,"Six laning with both sides Service Road of Ayodhya Bypass from Design Km 0000
near Ashram Tiraha on NH-46 to Km 16439 end at Ratnagiri Tiraha on Nh-146
(National Highways Authority of India [NHAI])
(618966)",Madhya Pradesh,"02/2024
(08/2025)","08/2027
(-)","1123.17
(1103.22)"
121,"Construction of Standalone Flyover cum ROB from Design Ch.66.600 to Design
Ch.68.800 in Gadchandur Town on NH-353B
(National Highways Authority of India [NHAI])
(618939)",Maharashtra,"02/2025
(07/2025)","07/2027
(-)","191.31
(107.76)"
122,"Satara Km 725.000 to Pune Km 865.350 of NH - 4 New NH - 48 in Maharashtra
(National Highways Authority of India [NHAI])
(619069)",Maharashtra,(10/2010),"05/2022
(-)","361.72
(425.51)"
123,"Construction of 7 Nos of Standalone safety structures/works at different locations on
various NHs
(National Highways Authority of India [NHAI])
(618627)",Maharashtra,"01/2025
(07/2025)","01/2027
(-)","168.52
(112.03)"
132,"Improvement and Widening of National Highway No. 127B Darugiri - Songsak -
Williamnagar Junction Section to two lane with paved shoulder from design Km 0000
to Km 36635 Design length 36.635 Km existing Km 112000 to Km 151060 of NH-1278
under Bharatmala Pariyojana Lot-1 Pkg-1B Meghalaya portion
(NHIDCL)
(618294)",Meghalaya,"03/2023
(09/2025)","09/2027
(-)","801.07
(-)"
135,"4-Laning of Kolasib - Sethawn section Package-5 of NH-6 from Existing Chainage km
86000 to km 107850 Design Chainage km 77500 to km 95500 on silchar - vairengte -
sairang road under Bharatmala Pariyojna on EPC mode under NHO-NE Vairengte -
Sairang Pkg-5
(NHIDCL)
(618318)",Mizoram,"11/2021
(07/2025)","07/2027
(-)","720.4
(-)"
136,"4-Laning of Sethawn - N. Kawnpui section Package-6 of NH-6 from Existing Chainage
km 107850 to km 126315 Design Chainage km 95500 to km 111850 on Silchar-
Vairengte- Sairang road, Vairengte - Sairang Pkg-6
(NHIDCL)
(618319)",Mizoram,"12/2021
(07/2025)","01/2027
(-)","595.65
(-)"
157,"6L of Bhubaneswar - Jagatpur - Chandikhole Section of NH-16
(National Highways Authority of India [NHAI])
(619075)",Odisha,(12/2011),"06/2014
(-)","639.3
(632.89)"
158,"Balance work of 8 nos. of Elephant Underpasses EUPs, 1 no. of Vehicular Underpass
VUP, 1 nos. of Light Vehicular Underpass LVUP, 1 nos. of Pedestrian Underpass PUP,
1 nos. of Foot Over Bridge FOB and A2 side approach of Jharpokharia Flyover at
Km.215.270 in Baharagora-Singhara section of NH-49
(National Highways Authority of India [NHAI])
(618592)",Odisha,"09/2023
(11/2024)","05/2026
(-)","320.64
(244.85)"
160,"Greenfield connectivity from Govindsar village on Delhi Amritsar Katra Expressway to
Talwara village on NH-44 Pathankot by-pass
(National Highways Authority of India [NHAI])
(618551)",Punjab,"11/2024
(07/2025)","07/2027
(-)","666.81
(690.47)"
161,"6L Amritsar-Bathinda Greenfield section from Jn. with Moga Jalandhar road NH-703
near Dharamkot to Jn. with Bhagta Bhai Ka-Bhadaur Road near Dyalpura Bhai Ka
from km 39.000 to km 93.000 of NH-754A Pkg-2
(National Highways Authority of India [NHAI])
(619099)",Punjab,"03/2021
(06/2024)","06/2026
(-)","1801.37
(2172.71)"
162,"6L Access Controlled Ludhiana-Bathinda Greenfield highway from Jn. with Moga-
Barnala Road NH-703 near village Tallewal to Jn. with Delhi-Katra Expressway NE-5
near Ludhiana village Ballowal from Km 30.300 to Km 75.543 of NH-754AD Pkg-2
(National Highways Authority of India [NHAI])
(619105)",Punjab,"07/2021
(09/2025)","09/2027
(-)","1555.13
(1564.66)"
164,"Thumbipadi-Namakkal from km. 180.00 to km. 248.625 Package No. NS-2/BOT/TN-02
(National Highways Authority of India [NHAI])
(619083)",Tamil Nadu,(08/2006),"02/2009
(-)","255.53
(395.43)"
165,"Start of Karur Bypass - Dindigul from km. 292.600 to km. 305.600 Contract Package
No. NS2/BOT/TN-4
(National Highways Authority of India [NHAI])
(619084)",Tamil Nadu,(10/2006),"04/2009
(-)","461.54
(515.03)"
166,"Chengapalli km 102.035 to Neelambur Km144.680 and Madukkarai Km 170.880 to
Walayar K183.010 Package No. NS-2/BOT/TN-08
(National Highways Authority of India [NHAI])
(619086)",Tamil Nadu,(09/2010),"03/2013
(-)","852
(285.55)"
167,"6-laning of Krishnagiri Km.0.000 to Walajahpet Km.148.300 section on NH-46 under
NHDP-V
(National Highways Authority of India [NHAI])
(619074)",Tamil Nadu,(06/2011),"12/2013
(-)","1673.17
(781.74)"
168,"Salem - Ulundurpet section from km 0.313 to km 136.670 of NH-68
(National Highways Authority of India [NHAI])
(618943)",Tamil Nadu,(01/2008),"01/2011
(-)","861.23
(1019.85)"
169,"Access Controlled Highway of 4 Lane with Paved Shoulders from Tiruvallur Design
Chainage Km 1756 to TN/AP Broder Design Chainage Km 6151 of NH-716 Chennai-
Tirupati Package-1
(National Highways Authority of India [NHAI])
(619161)",Tamil Nadu,"03/2024
(12/2024)","12/2026
(-)","1376.1
(1247.7)"
170,"4L of Padalur - Trichy section from km. 285.00 to km. 325.00 of NH - 45 Pkg VI-C
(National Highways Authority of India [NHAI])
(619113)",Tamil Nadu,(11/2006),"05/2009
(-)","555.8
(235.8)"
171,"Construction of New Double Tier 4L Elevated Corridor from Chennai Port to
Maduravoyal in Chennai District from km -0.342 to Km 20.593 and Package III from
Km 9.700 to Km 14.185
(National Highways Authority of India [NHAI])
(619139)",Tamil Nadu,"03/2023
(11/2023)","05/2026
(-)","1299.36
(1299.36)"
172,"Thanamcherla-Jamandlapally 2LPS
(National Highways Authority of India [NHAI])
(619165)",Telangana,(03/2014),"02/2023
(-)","177.18
(18.65)"
173,"4L Access Controlled Greenfield Highway Section Mancherial Warangal from
Pangidipalle village at Design Ch. 72.350 Km to Oorugonda village at Design Ch.
112.240 KmPackage-III
(National Highways Authority of India [NHAI])
(618811)",Telangana,"03/2023
(06/2025)","06/2027
(-)","1183.71
(1170.64)"
174,"4L Access Controlled Greenfield Highway section on NH163G Warangal-Khammam
from Oorugonda village in Hanamkonda District at Design Ch. 112.240 Km to
Venkatpur village in Warangal District at Design Ch. 150.240 KmPackage-I
(National Highways Authority of India [NHAI])
(618814)",Telangana,"03/2023
(06/2025)","06/2027
(-)","1142.6
(1140.82)"
175,"4L Access Controlled Greenfield Highway section on NH-163G Warangal-Khammam
from Thallasenkesa village at Design Ch. 189.650 km to V.Vekatayapalem village in
Khammam District at Design Ch. 220.480 KmPackage-III
(National Highways Authority of India [NHAI])
(618816)",Telangana,"03/2023
(07/2025)","07/2027
(-)","1105.25
(1098.05)"
176,"4L Access Controlled Greenfield Highway section on NH-163G Khammam Vijayawada
from V. Venkatayapalem village at Design Ch. 220.480 Km to BrahmanapalliK village
at Design Ch. 250.400 Km Package-I.
(National Highways Authority of India [NHAI])
(618817)",Telangana,"03/2023
(07/2024)","03/2027
(-)","973.45
(1021.96)"
178,"Construction of Underpass beneath airport runway on NH-31 old NH-56 for proposed
expansion of runway of Babatpur Airport Varanasi
(National Highways Authority of India [NHAI])
(618848)",Uttar Pradesh,"02/2025
(09/2025)","09/2027
(-)","649.44
(-)"
180,"4L Kasganj-Badaun Section from Km. 123.100 to Km. 179.500 Pkg-III of NH530B
(National Highways Authority of India [NHAI])
(618867)",Uttar Pradesh,"03/2023
(05/2025)","05/2027
(-)","2009.11
(1936.61)"
181,"Construction of 4/6 lane Highway of Southern Bareilly Bypass, starting at Ch. 237000
of NH 530 near Jhumka chauraha, Dhantiya village and ending at Ch. 267000 of NH
30 near Invertis University including Trumpet Interchange
(National Highways Authority of India [NHAI])
(618869)",Uttar Pradesh,"12/2024
(12/2025)","06/2028
(-)","1122.02
(1869.59)"
182,"4/6L of Northern Ayodhya Bypass starting Km. 112.540 and ending Km. 139.928 north
of existing NH-27 part-1 and part-2 south of NH-27 from km 0.000 to km 5.000.
(NHAI)
(618567)",Uttar Pradesh,"08/2024
(07/2025)","01/2028
(-)","2289.34
(1834.25)"
183,"4 Lane Inner Ring Road around Allahabad City Pkg-1 Prayagraj Southern Bypass
34.400 43.200
(National Highways Authority of India [NHAI])
(618961)",Uttar Pradesh,"02/2025
(12/2025)","12/2027
(-)","775.94
(498.97)"
188,"Construction of Ring Road around Kanpur from Ch.23.325 to Ch.32.090 Chaudhariya
to Transganga Package-IIA
(National Highways Authority of India [NHAI])
(618540)",Uttar Pradesh,"08/2024
(11/2025)","10/2027
(-)","1089.41
(977.45)"
189,"lmprovement and Up-gradation from Km. 73.300 Bikapur to Km.140.960 Patranga of
NH-227B 84 Kosi Parikrama Marg to 2LPS along with Parikrama Path
(MoRTH)
(618116)",Uttar Pradesh,"11/2022
(01/2026)","01/2028
(-)","1679.75
(-)"
190,"Improvement and up-gradation to 2LPS of NH-227B 84-Kosi Parikrama Marg
PackageVI, Design Km 160200 Bahuvan Madar Majha to Km 224040 Jagarnathpur
under HAM
(MoRTH)
(618162)",Uttar Pradesh,"05/2023
(01/2026)","01/2028
(-)","2008.7
(-)"
194,"Widening and Strengthening to two Lane with Paved Shoulder/Four Lane with paved
shoulder configuration from km. 61.500 of NH-727B near Nawalpur km 178.500 of
Sonauli Balia Marg, Old SH-01 i.e. end point of Salempur Bypass to km. 106.495 of
NH-727B near Sikanderpur under EPC mode
(MoRTH)
(618264)",Uttar Pradesh,"05/2023
(12/2025)","05/2028
(-)","2061.86
(-)"
198,"Rehabilitation and upgradation of 2 lane with paved shoulder from existing km.
195.175 to km. 220.000 Design Chainage km71.300 to Km. 95.947 Excluding existing
chainage Km 200.300 to Km 202.400 Design chainage Km 76.400 to Km 78.400 on
Dharasu to Yamunotri Road of NH- 134 Old NH-94
(MoRTH)
(617974)",Uttarakhand,"05/2025
(10/2025)","04/2028
(-)","344.73
(-)"
201,"Construction of additional major Bridge with 4- lane configuration of length 1.48 km on
NH-60 NH-14 over River Kangshabati from Km. 117.770 to Km 119.250 and additional
major Bridge with 4- lane configuration of length 0.900 km on NH-60 NH-14 over River
Shilabati from Km. 173.220 to Km 174.120 in the district of Paschim Medinipur of West
Bengal under Annual Plan for FY 2023-24 on EPC mode. Job No 014-W8-2023-
24/527.
(MoRTH)
(617893)",West Bengal,"11/2023
(11/2025)","05/2028
(-)","304.83
(-)"
202,"Construction of Dubrajpur Bypass with 4-lane configuration of length 5.676 km on NH-
60 new NH-14 from design chainage 0.00 existing km 316.135 on NH-60 to design
chainage 5.676 existing km 320.980 on NH-60 in the district of Birbhum, West Bengal
under Annual Plan 2022-23 in EPC Mode- reg. Job. No. 014-WB-2022-23/518.
(MoRTH)
(619004)",West Bengal,"03/2023
(12/2025)","12/2027
(-)","560.79
(-)"
203,"Binnaguri Bypass-Descoped portion of Ghoshpukur-Dhupguri Section of NH-31Dpkg-1
(National Highways Authority of India [NHAI])
(618572)",West Bengal,"03/2025
(11/2025)","11/2027
(-)","309.99
(306.02)"
,Total (169),,,,163542.34
,Aviation & Aviation Infrastructure,,,,,,
2,"C/o NITB Imphal Airport
(Airport Authority of India [AAI])
(706718)",Manipur,"11/2021
(07/2022)","07/2024
(12/2026)","499
(499)",161.3,43
3,"Widening of basic strip at Western Side of Runway Chainage 80m to 920m i/c
slope stabilization Measures [Balance work] of uphill and Improvement of Storm
Water Drainage System at Pakyong Airport, Sikkim on design & build basis [EPC]
with integrated 10 years maintenance.
(Airport Authority of India [AAI])
(612793)",Sikkim,"11/2023
(12/2023)","06/2026
(-)","323.26
(323.26)",51.21,25
,Total (3),,,,2534.26,2770.7,
,Coal,,,,,,
4,"TIKAK EXTENSION OCP
(MIS MoCoal Integration Logins)
(615820)",Assam,"07/2022
(07/2022)","07/2031
(-)","159.77
(159.77)",81.47,88
5,"TIRAP OCP
(MIS MoCoal Integration Logins)
(615821)",Assam,"11/2022
(11/2022)","11/2030
(-)","289.46
(289.46)",105.61,3
,Total (2),,,,449.23,187.08,
,Department of Higher Education,,,,,,
,Education,,,,,,
6,"Construction of Permanent Campus of National Institute of Technology Arunachal
Pradesh
(National Institute of Technology, Arunachal Pradesh)
(612898)",Arunachal Pradesh,"09/2009
(03/2013)","08/2026
(08/2024)","592.61
(592.61)",550.61,80
8,"Construction of Permanent Campus for NIT Mizoram at Lengpui, Aizawl
(NIT Mizoram)
(612876)",Mizoram,"09/2009
(06/2014)","12/2029
(03/2022)","474.23
(474.23)",167.55,4
9,"Establishment of NIT Nagaland
(NIT Nagaland)
(613013)",Nagaland,"09/2009
(12/2014)","12/2025
(-)","275.63
(275.63)",261.7,98
10,"Construction of Sikkim University Campus Phase-I Package-II at Yangang, South
Sikkim
(Sikkim University)
(609736)",Sikkim,"08/2020
(01/2022)","01/2025
(03/2026)","314.06
(314.06)",278.69,89
11,"Establishment of Permanent Campus of NIT SIkkim at Khamdong-Gangtok
District
(NIT Sikkim)
(612883)",Sikkim,"02/2024
(03/2024)","02/2028
(12/2026)","685.76
(610.76)",171.56,25
,Total (6),,,,2496,1555.14,
,Department of Sports,,,,,,
,Education,,,,,,
12,"National Sports University [NSU], Imphal [Manipur]
(Department of Sports & Youth Affairs)
(400081)",Manipur,"NA
(01/2022)","08/2024
(08/2026)","906.47
(611.74)",569.37,96
,Total (1),,,,906.47,569.37,
,Electricity Generation,,,,,,
,Total (6),,,,48536.97,35501.55,
,Transmission & Distribution,,,,,,
19,"North Eastern Region Expansion Scheme-XXIII [NERES-XXIII]
(Power Grid Corporation of India Limited [POWERGRID])
(617375)",Arunachal Pradesh,"08/2025
(08/2025)","02/2028
(-)","209.38
(209.38)",0.41,0
,Total (3),,,,10075.13,13379.14,
,Energy Storage,,,,,,
22,"Construction of LPG Facilities at Kamardanga, Assam
(Hindustan Petroleum Corporation Limited)
(709754)",Assam,"03/2023
(03/2023)","07/2027
(07/2027)","156.36
(156.36)",80.88,59
23,"Setting up of new rail fed POL facility at Kamardanga, Assam
(Hindustan Petroleum Corporation Limited [HPCL])
(709755)",Assam,"03/2023
(03/2023)","07/2027
(07/2027)","384.04
(384.04)",183.99,71
26,"Grass Root Rail-fed Depot at Sekerkote, Agartala as resitement of existing
Dharmanagar Depot
(Indian Oil Corporation Limited [IOCL])
(400035)",Tripura,"06/2022
(06/2022)","09/2025
(06/2026)","656
(656)",500.52,94
,Total (5),,,,11650.11,11245.01,
,Oil & Gas,,,,,,
39,"Power Recovery Turbine [PRT] in PFCCU unit as an Energy Conservation
Scheme
(NRL)
(709865)",Assam,"04/2023
(04/2023)","12/2024
(09/2026)","293.5
(293.5)",97.22,99
42,"Creation of Gas Dehydration Facilities, Tripura Asset
(Oil and Natural Gas Corporation Limited [ONGC])
(709837)",Tripura,"03/2022
(03/2022)","05/2024
(05/2026)","209.33
(131.51)",72.24,66
,Total (16),,,,28157.42,28322.95,
,Healthcare,,,,,,
,Total (1),,,,250,645.21,
,Healthcare,,,,,,
,Total (1),,,,143.23,116.08,
,Railways,,,,,,
45,"Doubling of New Bonggigaon to Kamakhya via Goalpara - 176 km
(Northeast Frontier Railway [NFR])
(705572)",Assam,"09/2016
(09/2016)","03/2026
(03/2026)","4060
(4961)",3757.77,93
46,"Guwahati-Dibrugarh via Tinsukia & Simaluguri-Dibrugarh
(Central Organisation for Railway Electrification [CORE])
(706922)",Assam,"09/2020
(09/2018)","09/2020
(06/2024)","890.36
(889.36)",391.73,89
49,"Furkating-New Tinsukia[194 Km]
(Northeast Frontier Railway [NFR])
(618986)",Assam,"09/2025
(09/2025)","06/2029
(-)","3633.58
(3633.58)",0.24,0
54,"Sivok-Rangpo New Rail Line
(Indian Railway Construction International Limited [IRCON])
(705432)",Sikkim,"10/2009
(05/2010)","05/2015
(12/2027)","7877
(11775)",10027.63,90
,Total (10),,,,40427.15,36850.13,
,Roads & Highways,,,,,,
61,"Construction of 2-Laning with hard shoulders of Hayuliang Hawai bypass Road
on EPC basis from design Km. 51.825 to Km. 63.131 Existing Km 45.050 of
HayuliangHawai road to Hawai Town under SARDP-NE -Balance work Pkg - IV
(NHIDCL)
(618424)",Arunachal Pradesh,"01/2017
(05/2021)","05/2023
(07/2026)","256.66
(216.76)",0,93
63,"Construction of Balance work of 2-Lane with PS of Joram Koloriang Road from
existing Km122.600 to km138.00 [Design Km108.724 to Km123.714] in
Arunachal Pradesh on EPC Mode under SARDP-NE Pkg-7
(NHIDCL)
(618433)",Arunachal Pradesh,"02/2017
(10/2020)","04/2022
(07/2023)","184.89
(184.89)",0,98
75,"Widening/Improvement to 4-Lane with Paved Shoulder configuration of existing
single lane road from Srirampur near Bhairiguri Village to Kachukhana Harichara
Paglagaunj Package-I of Srirampur - Dhubri Section of NH-127B from existing
Km 0.000 to Km 28.050 Design Km 0.000 to Km 27.650, Design Length27.650
Km under JICA ODA Loan assistance Phase-V -Balance work
(NHIDCL)
(618371)",Assam,"03/2022
(11/2024)","11/2026
(-)","613.89
(613.89)",172.31,56
76,"Widening / Improvement to 4-Lane with Paved Shoulder configuration of existing
single lane road from Kachukhana Harichara Paglagaunj to Dhubri - Phulbari
Bridge approach Package-II of Srirampur - Dhubri Section of NH-127B from
existing Km 28.050 to Km 55.060 Design Km 27.650 to Km 54.154, Design
Length26.504 Km under JICA ODA Loan assistance Phase-V [Srirampur - Dhubri
Pkg-2]
(NHIDCL)
(618372)",Assam,"03/2022
(01/2023)","01/2025
(-)","909.02
(909.02)",0,100
77,"Construction of 4-Lane Bridge including approaches over River Brahmaputra
between Dhubri on North Bank,Assam and Phulbari on south Bank,Meghalaya on
NH-127B under JICA ODA Loan assistance Phase-III
(NHIDCL)
(618373)",Assam,"05/2019
(12/2020)","09/2028
(12/2028)","4997.04
(4997.04)",2556.61,70
80,"Widening/Improvement to 2-Lane Lane with Paved Shoulder from km 16900
Bogapani to km 27150 Golai Goan on existing Dibrugarh to Ledo section with
proposed Digboi Bypass Green Field and Brownfield 2-LanePS of NH-315 OLD
NH-38 in Tinsukia District under NHO- NE Package-4
(NHIDCL)
(618339)",Assam,"01/2023
(12/2023)","12/2026
(-)","356.65
(356.65)",0,20
81,"Widening/Improvement to 4-Lane with Paved Shoulder from km 626030 Nalani
hulla Gaon to km 650450 Chotahapjan on existing Tinsukhia -Makum Bypass of
NH-15 OLD NH-37 and Strengthening of existing NH-315 OLD NH-38 from Km
0000 Chotahapjan to Km 16900 Bogapani section 2-Lane PS in Assam on
EPCMode under NHO-NE Package-3
(NHIDCL)
(618340)",Assam,"01/2023
(05/2023)","05/2025
(-)","458.59
(458.59)",0,68
92,"4-L Bilasipara-Guwahati Package-10
(NHIDCL)
(618282)",Assam,"03/2023
(12/2023)","06/2026
(-)","1264.9
(1264.9)",383.37,46
93,"4-L Bilasipara-Guwahati Package-9
(NHIDCL)
(618283)",Assam,"03/2023
(12/2023)","06/2026
(-)","1000.27
(1000.27)",322.08,45
95,"Widening/Improvement to 4 -Lane with Paved Shoulder from Ch. 88.000km to
Ch.99.930 km Design Ch.84.100km to Ch.96.000 km of Sagunbashi forest near
Nichinta to starting of Krishnai Bypass Section of Bilasipura Guwahati road NH 17
on EPC Package-7
(NHIDCL)
(618285)",Assam,"03/2021
(10/2023)","10/2025
(-)","286.72
(286.72)",178.97,100
96,"Construction of New 2-Lane Bridge with its approaches from km 0000 to Km
4385 across River Brahmaputra on NH-17 at Jogighopa in Assam on EPC mode
(NHIDCL)
(618286)",Assam,"09/2021
(11/2021)","11/2024
(06/2026)","746.76
(746.76)",384.62,74
99,"Construction and up gradation to 4-Lane of existing two lane with paved shoulder
from Hapachara to Tulungia road of NH-117 of existing Km 0.00 to km 14.050
and Design Km 0.000 to km 14.660 under BMP on EPC mode
(NHIDCL)
(618289)",Assam,"03/2020
(06/2020)","12/2022
(06/2024)","224.85
(224.85)",204.19,97
103,"Widening/lmprovement of Existing 2 lane to 4-Laning of Karimganj-Silchar section
of NH-37 from Design Ch 0.000 near Silchar ISBT to Design Ch 15.970 near
Kalinagar Pt I on NH-37 in Assam on HAM Mode Pkg-1
(NHIDCL)
(618313)",Assam,"03/2024
(09/2025)","09/2027
(-)","1181.55
(1181.55)",0,0
106,"Dillai to Lahorijan Package-7
(NHIDCL)
(618325)",Assam,"11/2021
(01/2023)","07/2024
(12/2025)","204.1
(204.1)",0,0
107,"Widening/Improvement to 4-Lane with Paved Shoulder from KM 38500 to Km
51246 Design Chainage 38500 to 50959 with proposed Daboka Bypass of
Daboka-Parokhaowa of NH 29 on EPC under NHO-NE Package-1
(NHIDCL)
(618326)",Assam,"01/2023
(11/2023)","11/2025
(-)","516.88
(516.88)",0,92
108,"Widening/Improvement to 4-Lane with Paved Shoulder from KM 113300 to Km
146230 Design Chainage 113830 to 145712 of Kwaram Taro Village - Dillai
Section in Assam on EPC Package-6
(NHIDCL)
(618327)",Assam,"09/2021
(07/2022)","07/2024
(03/2025)","625.64
(625.64)",0,0
110,"Balance work of 4L of NarimbangloJatinga Junction- Harangajoroad section from
Km 0.000 to Km 49.230 of NH-27
(NHAI)
(619089)",Assam,"03/2022
(01/2023)","01/2026
(-)","1909.98
(2745.74)",1170.02,89
113,"Earthwork in Formation, Road Work, Construction of Bridges, Blanketing, P. Way
Linking works including Supply of P. Way Fittings and Track Ballast in connection
with Construction of Railway Siding from Jogighopa Railway Station to MMLP at
Jogighopa from Ch. 00 to 3760 on Item Rate basis Package -3, Railway Siding
from Jogighopa Railway Station to MMLP
(NHIDCL)
(618454)",Assam,"02/2020
(12/2020)","06/2022
(09/2024)","693.97
(693.97)",0,0
115,"6L Standalone Flyovers at Bongaigaon, Chapaguri, Pathsala, Simlaguri chowk
and Baihata Bypass Junctions on stretches of NH-31 and NH-27
(National Highways Authority of India [NHAI])
(618575)",Assam,"03/2022
(01/2023)","07/2024
(-)","457.72
(412.15)",371.63,100
116,"6L Standalone Flyovers at Raha, Demow, Borghat, Kathiatali junctions and ROB
at Jagiroad on stretches of NH 36 and NH 27
(National Highways Authority of India [NHAI])
(618576)",Assam,"03/2022
(12/2022)","06/2024
(-)","280.75
(255.53)",211.79,99
127,"Construction of of 2 -Lane with paved shoulders road from Tamenglong-Tousem-
Lisang-Mahur Road NH-137 starting near Dialong Village from km 10.000 at
Dialong to km 31.430 near Old Tamenglong , near Barak River on EPC Mode
Package-2
(NHIDCL)
(618355)",Manipur,"07/2021
(09/2021)","03/2023
(12/2025)","483.87
(483.87)",351.99,92
129,"Construction of 2 -Lane with paved shoulders road from Tamenglong to Mahur
NH-137 in Manipur starting from km 54.180 near Azuram to km 80.630 near
Mandeu on EPC Mode Package 5
(NHIDCL)
(618357)",Manipur,"09/2021
(11/2021)","05/2023
(04/2025)","477.86
(477.86)",330.1,84
130,"Construction of 2 -Lane with paved shoulders road from Tamenglong to Mahur
NH-137 starting from km 80.630 near Mandeu to km 96.870 near Jiri River on
EPC Mode Package-6
(NHIDCL)
(618358)",Manipur,"09/2021
(11/2021)","05/2023
(07/2027)","311.18
(311.18)",223.12,83
137,"Widening to 2 lane with Paved shoulder of lmphal to Jiribam section of NH-37
from Design Ch. from km 169570 Near Nungkao vlllage under Tamenglong
District to km 205974 near Jiribam Bridge under Jiribam district under NHO-NE
PKG-7
(NHIDCL)
(618333)",Manipur,"01/2023
(12/2023)","12/2025
(-)","760.16
(760.16)",365.34,83
138,"Widening to 2 Lane with Paved shoulder of lmphal to Jiribam section of NH-37
from Design Ch. from km 131.280 to km 169.570 on EPC mode in Manipur under
NHO-TSP PKG-6
(NHIDCL)
(618334)",Manipur,"12/2021
(02/2023)","02/2025
(05/2025)","504.76
(504.76)",269.89,87
139,"Widening to 2 Lane with Paved shoulder of lmphal to Jiribam section of NH-37
from Design Ch. from Km 101280 Near Khongsang Village to Km 131280 near
Puilon Kambiron Village on EPC Mode in Manipur PKG-5
(NHIDCL)
(618335)",Manipur,"12/2021
(11/2022)","05/2024
(02/2026)","410.68
(410.68)",309.93,82
140,"Widening to 2 -Lane with Paved shoulder of Imphal to Jiribam section of NH-37
from Design Chainage 66.110 km to 101.280 Km Existing Chainage km 67.496 to
km 103.557 on EPC Mode in Manipur PKG-4
(NHIDCL)
(618336)",Manipur,"09/2021
(06/2022)","12/2023
(08/2025)","579.63
(579.63)",355.94,79
141,"Widening to 2 -Lane with Paved shoulder of Imphal to Jiribam section of NH-37
from Design Chainage 33.000 km to 66.390 Km Existing Chainage from km
33.395 to km 67.496 on EPC Mode in Manipur PKG-3
(NHIDCL)
(618337)",Manipur,"03/2021
(09/2021)","03/2023
(07/2025)","467
(467)",552.2,82
147,"Improvement/Widening to 2-L with Paved Shoulder/ 4-Laning of NH-40 section
from Km 151330 to Km 163400 design Km 63.530 to Km 71.520 including Dawki
Bridge of length 368 m between Shillong-Dawki under JICA ODA Loan
assistance Phase-II Pkg-5 -Balance work
(NHIDCL)
(618374)",Meghalaya,"07/2020
(05/2024)","11/2026
(11/2027)","284.21
(284.21)",0,36
148,"Improvement/Widening to 2-Lane with Paved Shoulder from design Km 45.760 to
Km 63.530 between Shillong-Dawki under JICA ODA Loan assistance Phase-II -
Balance work Pkg-4
(NHIDCL)
(618375)",Meghalaya,"07/2020
(04/2024)","04/2026
(07/2026)","445.51
(445.51)",34.61,45
149,"Improvement/Widening to 2-Lane with Paved Shoulder between Shillong-Dawki
road up to Bangladesh Border from design Km 10.670 to Km 37.550 under JICA
ODA Loan assistance Phase-II -Balance Work-Pkg-2
(NHIDCL)
(618376)",Meghalaya,"07/2020
(02/2024)","08/2026
(07/2026)","525.67
(525.67)",0,46
150,"Improvement/Widening to 2-L with Paved Shoulder/4-L from Km 81740 to Km
93490 design Km 0000 to Km 10670 of NH-40 New NH-106 & 206 section & 4-L
from design Km 0.00 to Km 0.930 of NH-44 section between Shillong-Dawki
under JICA ODA Loan assistance Phase-II -Balance Work Pkg-1
(NHIDCL)
(618377)",Meghalaya,"07/2020
(10/2023)","10/2025
(-)","351.12
(351.12)",0,78
151,"Improvement and Widening of National Highway No. 127B Darugiri - Songsak -
Williamnagar Junction Section to two lane with paved shoulder from design Km
0000 to Km 36635 Design length 36.635 Km existing Km 112000 to Km 151060
of NH-1278 under Bharatmala Pariyojana Lot-1 Pkg-1B Meghalaya portion
(NHIDCL)
(618294)",Meghalaya,"03/2023
(09/2025)","09/2027
(-)","801.07
(801.07)",20.95,10
152,"Improvement/Widening of New NH-217 Dainadubi-Darugiri section to Two lane
with paved shoulder in Meghalaya from design Km 0000 to Km 40840 existing
Km 8600 to Km 53000 of Old NH-62 under BMP Lot-1 Pkg-1B Meghalaya portion
(NHIDCL)
(618295)",Meghalaya,"03/2023
(03/2025)","03/2027
(-)","705.83
(705.83)",0,13
162,"4-Laning of Kolasib - Sethawn section Package-5 of NH-6 from Existing
Chainage km 86000 to km 107850 Design Chainage km 77500 to km 95500 on
silchar - vairengte - sairang road under Bharatmala Pariyojna on EPC mode
under NHO-NE Vairengte - Sairang Pkg-5
(NHIDCL)
(618318)",Mizoram,"11/2021
(07/2025)","07/2027
(-)","720.4
(720.4)",0,0
163,"4-Laning of Sethawn - N. Kawnpui section Package-6 of NH-6 from Existing
Chainage km 107850 to km 126315 Design Chainage km 95500 to km 111850
on Silchar-Vairengte- Sairang road, Vairengte - Sairang Pkg-6
(NHIDCL)
(618319)",Mizoram,"12/2021
(07/2025)","01/2027
(-)","595.65
(595.65)",0,0
170,"Widening and up-gradation to 2-lane with paved shoulder configuration and
geometric improvements from km 250.00 Lunglei to km 298.00 on Aizawl-
Tuipang section under JICA ODA Loan assistance Phase-I Package-6
(NHIDCL)
(618381)",Mizoram,"09/2019
(12/2019)","06/2023
(03/2025)","768.76
(768.76)",168.78,98
171,"Widening and up-gradation to 2-lane with paved shoulder configuration and
geometric improvements from km 298.00 to km 339.00 on Aizawl-Tuipang
section under JICA ODA Loan assistance Phase-I Package-7
(NHIDCL)
(618382)",Mizoram,"09/2019
(10/2020)","04/2024
(03/2025)","605.76
(750.32)",0.01,100
172,"Widening and up-gradation to 2-lane with paved shoulder configuration and
geometric improvements from km 339.00 to km 380.00 Siaha on Aizawl-Tuipang
section under JICA ODA Loan assistance Phase-I Package-8
(NHIDCL)
(618383)",Mizoram,"09/2019
(03/2020)","09/2023
(05/2025)","637.06
(637.06)",101.89,99
177,"Construction of 2-laning with hard shoulder of Lunglei to Chhumkhum from
Design Chainage Km 0.000 to Km 37.420 of NH-302 [Lunglei-Tlabung] Package-
A
(NHIDCL)
(618362)",Mizoram,"03/2021
(06/2021)","12/2022
(05/2025)","698.45
(698.45)",512.11,64
178,"Construction of 2-laning with hard shoulder configuration of Chhumkhum to
Tlabung from Design Chainage Km 37.420 to Km 74.950 of NH-302 in Mizoram
under Bharatmala Pariyojana on EPC mode [Pkg-B]
(NHIDCL)
(618363)",Mizoram,"06/2021
(07/2021)","01/2023
(05/2025)","740.58
(740.58)",381.94,61
185,"4-Laning of Balance work of Dimapur-Kohima Road from design km 152.490 to
km 166.700 Existing km 156.000 to km 172.900 Excluding Dimapur & Kohima
Bypass under SARDP-NE Package-III
(NHIDCL)
(618328)",Nagaland,"03/2016
(09/2023)","09/2025
(-)","562.98
(794.75)",0,0
191,"Widening of existing Single lane / Intermediate lane road to 2 lane from Km 101
to Km 125 of NH 61
(MoRTH)
(617886)",Nagaland,"06/2020
(06/2024)","06/2026
(-)","252.2
(252.2)",0,41
194,"Construction of 2-lane with hard shoulders of Merangkong-Tamlu-Mon road
Wakching Twon portion on EPC basis from existing Chainage Km 59000 to Km
73640 [Design Km. 59000 to Km, 72450] Design length - 13.450 Km under
SARDP-NE package-V Balance work
(NHIDCL)
(618422)",Nagaland,"03/2021
(09/2023)","09/2025
(-)","161.73
(161.73)",0,0
199,"Construction & Upgradation of existing road to 2-lane with paved shoulder from
New Rolep Bridge at km 37.600 to Chochenpheri at km 52.00 in the section of
Rongli to Chochenpheri of NH 717B Pkg-II C
(NHIDCL)
(618446)",Sikkim,"10/2020
(05/2021)","05/2024
(02/2025)","493.42
(478.79)",0,72
202,"Construction & Upgradation of existing road to 2-lane with paved shoulder from
km27.200 End of Rongli bypass to km37.600New Rolep Bridge of Rhenok-Menla
spur NH-717B on EPC Mode under SARDP-NE Phase-A in Sikkim Pkg-II B
(NHIDCL)
(618449)",Sikkim,"07/2020
(10/2020)","04/2023
(02/2025)","230.45
(244.91)",0,77
203,"Rehabilitation & Upgradation of existing road to 2-lane with paved shoulder
including geometric improvement of section from start of Rabangla km33.600 to
km58.840 under SARDP-NE Phase A Pkg- IV
(NHIDCL)
(618450)",Sikkim,"07/2020
(10/2020)","05/2022
(04/2025)","292.8
(292.8)",1.91,62
204,"Melaghar-Srimantapur section on NH-08 Spur from Km 23 to Km 34.500 11.5 Km
and overlay from Km 20.30 to Km 22.00 1.7 Km Total Length 13.2 Km
(NHIDCL)
(618411)",Tripura,"01/2023
(05/2023)","11/2024
(11/2025)","195.95
(195.95)",68.88,61
205,"Rehabilitation and up-gradation of road from design km 25.250 to km 36.460
Total lengh 11.210 km of Kailashahar-Kurti Bridge section on NH-208A to 2-lane
with paved shoulder on EPC basis under NHO Package-III- Balance Work
(NHIDCL)
(618385)",Tripura,"02/2020
(09/2024)","09/2025
(-)","174.43
(174.43)",0,0
206,"Rehabilitation & Upgradation of Road from Km 0.00 to Km 18.600 Total length-
18.600 km of Kumarghat-Kailashahar section on NH-208 to 2-lane with Paved
shoulder on EPC bais under NHO
(NHIDCL)
(618386)",Tripura,"02/2020
(07/2020)","01/2022
(10/2024)","277.5
(302.03)",0,0
,Total (159),,,,100119.04,21068.6,
,Department of Telecommunications,,,,,,
,Telecommunication,,,,,,
214,"Provision of 4G based Mobile Services in Uncovered Villages and National
Highways of Meghalaya
(Department of Telecommunications)
(701598)",Meghalaya,"09/2019
(09/2020)","03/2022
(03/2026)","971.96
(971.96)",216.36,99
,Total (2),,,,2227.45,515.78,
,"Department of Water Resources, River Development & GR",,,,,,
,Water Resources,,,,,,
,Total (2),,,,1705.6,1882.61,
,Aviation & Aviation Infrastructure,,,,,,
1,"Construction of New Domestic Terminal Building Building and miscellaneous works
including maintenance, operations and AICMC at Kadapa Airport
(Airport Authority of India [AAI])
(612786)",Andhra Pradesh,"03/2023
(01/2024)","01/2026
(05/2026)","265.91
(265.91)",97.14,50
2,"Construction of New Integrated Terminal Building and associated works including
apron to park 3 code E type of aircraft or 6 code C type of aircraft at Vijayawada
Airport.
(Airport Authority of India [AAI])
(701107)",Andhra Pradesh,"06/2020
(09/2020)","09/2022
(07/2026)","611.8
(611.8)",523.14,87
3,"Construction of New Domestic Terminal Building at Rajahmundry Airport.
(Airport Authority of India [AAI])
(701121)",Andhra Pradesh,"12/2022
(08/2023)","08/2025
(03/2026)","347.15
(347.15)",135.95,73
5,"Development of New Civil Enclave at Bihta
(Airport Authority of India [AAI])
(612183)",Bihar,"08/2024
(04/2025)","03/2027
(-)","1413
(1413)",0,1
6,"Development of New Civil Enclave and associated works at Darbhanga Airport
(Airport Authority of India [AAI])
(612194)",Bihar,"07/2024
(07/2024)","07/2026
(-)","911.66
(911.66)",290.1,53
7,"Construction of New Domestic Terminal Building [Phase-I and II] and other allied
structures at JPNI Airport, Patna
(Airport Authority of India [AAI])
(701101)",Bihar,"12/2018
(10/2018)","05/2026
(05/2026)","1216.9
(1216.9)",1182.02,97
9,"Development of Keshod Airport.
(Airport Authority of India [AAI])
(619054)",Gujarat,"NA
(07/2025)","01/2027
(-)","363.1
(363.1)",20.47,13
10,"Development of Dholera International Greenfield Airport , Gujarat
(Airport Authority of India [AAI])
(701126)",Gujarat,"06/2022
(07/2022)","06/2026
(06/2026)","1305
(1551)",816.15,75
11,"Construction of NTB complex including apron, taxi track and other associated civil
works and electrical & mechanical installations towards Tawi River side at CA Jammu.
(Airport Authority of India [AAI])
(611047)","Jammu and
Kashmir","10/2023
(12/2023)","06/2026
(06/2026)","861.37
(861.37)",271.48,46
12,"Construction of New Domestic Terminal Building and Miscellaneous works at Hubli
Airport
(Airport Authority of India [AAI])
(612787)",Karnataka,"06/2023
(01/2024)","01/2026
(06/2026)","320.47
(320.47)",112.06,64
13,"Construction of New Domestic Terminal Building and Miscellaneous Works at
Belagavi Airport.
(Airport Authority of India [AAI])
(612788)",Karnataka,"06/2023
(02/2024)","02/2026
(04/2026)","322.45
(322.45)",170.49,74
14,"Development of additional RESA on either end on Runway 10-28 at Calicut Airport.
Construction of embankment with slope protection, drainage system and associated
works for additional RESA on either end on Runway 10-28
(Airport Authority of India [AAI])
(612789)",Kerala,"06/2023
(02/2024)","09/2025
(06/2026)","484.57
(484.57)",128.81,39
15,"Construction of Terminal Building & Associated works at Leh Airport, Ladakh
(Airport Authority of India [AAI])
(400010)",Ladakh,"07/2018
(09/2018)","09/2021
(07/2026)","480
(640)",492.21,78
16,"C/o NITB Imphal Airport
(Airport Authority of India [AAI])
(706718)",Manipur,"11/2021
(07/2022)","07/2024
(12/2026)","499
(499)",161.3,43
18,"Development of New Greenfield Airport at Bundi, Kota Rajasthan.
(Airport Authority of India [AAI])
(618977)",Rajasthan,"08/2025
(10/2025)","10/2027
(-)","1507
(1507)",18.8,4
19,"Construction of New Passenger Terminal Building for Domestic Operations at Jodhpur
Airport.
(Airport Authority of India [AAI])
(701127)",Rajasthan,"06/2022
(05/2023)","03/2026
(01/2026)","480
(480)",331.35,95
20,"Construction of New Integrated Passenger Terminal Building at Udaipur Airport
(Airport Authority of India [AAI])
(701128)",Rajasthan,"06/2023
(11/2023)","03/2026
(09/2026)","887
(887)",479.75,59
21,"Widening of basic strip at Western Side of Runway Chainage 80m to 920m i/c slope
stabilization Measures [Balance work] of uphill and Improvement of Storm Water
Drainage System at Pakyong Airport, Sikkim on design & build basis [EPC] with
integrated 10 years maintenance.
(Airport Authority of India [AAI])
(612793)",Sikkim,"11/2023
(12/2023)","06/2026
(-)","323.26
(323.26)",51.21,25
22,"Modernization of Chennai Airport, Phase II, Part 2
(Airport Authority of India [AAI])
(611602)",Tamil Nadu,"05/2018
(06/2023)","07/2025
(06/2026)","1207
(1207)",230.44,29
23,"Development of Lal Bahadur Shastri International airport, Varanasi including C/o New
Terminal Building, Apron Extension, Runway Extension, PTT and allied works.
(Airport Authority of India [AAI])
(701113)",Uttar Pradesh,"07/2024
(07/2024)","07/2027
(07/2027)","2869.65
(2869.65)",446.45,22
24,"Development of New Integrated Civil Enclave at Agra Airport
(Airport Authority of India [AAI])
(701122)",Uttar Pradesh,"06/2024
(07/2024)","07/2026
(-)","579
(579)",154.3,32
25,"Development of New Civil Enclave at Bagdogra Airport
(Airport Authority of India [AAI])
(611495)",West Bengal,"08/2024
(09/2024)","03/2027
(01/2027)","1549
(1549)",380.97,17
26,"Re-Construction of Rigid portions of Secondary Runway, K and A Taxiway and
Strengthening of C Taxiway at NSCBI Airport Kolkata.
(Airport Authority of India [AAI])
(612791)",West Bengal,"03/2023
(12/2023)","10/2025
(08/2026)","328.3
(328.3)",111.43,53
,Total (26),,,,21600.76,9677.27,
,Coal,,,,,,
27,"TIKAK EXTENSION OCP
(MIS MoCoal Integration Logins)
(615820)",Assam,"07/2022
(07/2022)","07/2031
(-)","159.77
(159.77)",81.47,88
28,"TIRAP OCP
(MIS MoCoal Integration Logins)
(615821)",Assam,"11/2022
(11/2022)","11/2030
(-)","289.46
(289.46)",105.61,3
29,"PORDA CHIMTAPANI OCP [10 MTY]
(South Eastern Coalfields Limited [SECL])
(400144)",Chhattisgarh,"12/2020
(12/2020)","03/2029
(-)","2310.12
(2310.12)",92.68,10
30,"BAROUD OC EXPANSION [3.0-10.0M
(South Eastern Coalfields Limited [SECL])
(400149)",Chhattisgarh,"08/2020
(08/2020)","03/2029
(-)","2309.8
(2309.8)",958.18,55
31,"DIPKA EXPANSION OCP [40 MTY]
(South Eastern Coalfields Limited [SECL])
(400354)",Chhattisgarh,"12/2020
(12/2020)","03/2029
(-)","5241.4
(5241.4)",2872.57,37
32,"GEVRA OC [70 MTY]
(South Eastern Coalfields Limited [SECL])
(400424)",Chhattisgarh,"03/2016
(03/2016)","03/2023
(03/2027)","11816.4
(11816.4)",6822.05,78
33,"AMERA OC RCE [1.0 MTY]
(South Eastern Coalfields Limited [SECL])
(613798)",Chhattisgarh,"02/2015
(02/2015)","03/2026
(-)","335.97
(335.97)",90.07,42
34,"AMGAON OC RCE [1.0 MTY]
(South Eastern Coalfields Limited [SECL])
(613799)",Chhattisgarh,"07/2015
(07/2015)","03/2026
(-)","316.11
(316.11)",188.72,78
36,"MAHAMAYA OCP [1.50 MTY]
(South Eastern Coalfields Limited [SECL])
(613801)",Chhattisgarh,"05/2018
(05/2018)","03/2026
(03/2028)","410.26
(410.26)",183.99,54
37,"KATKONA RO UG MINE
(South Eastern Coalfields Limited [SECL])
(615191)",Chhattisgarh,"01/2023
(01/2023)","03/2029
(-)","329.21
(329.21)",61.34,2
38,"PELMA OC MDO
(South Eastern Coalfields Limited [SECL])
(616234)",Chhattisgarh,"10/2022
(10/2022)","03/2033
(-)","1725.04
(1725.04)",15.91,40
41,"HURA C OCP
(ECL - CIL)
(400018)",Jharkhand,"08/2022
(08/2022)","03/2029
(-)","859.41
(859.41)",454.68,63
47,"Pachwara South Coal Block
(NLC India Limited [NLCIL])
(400142)",Jharkhand,"03/2016
(11/2019)","09/2028
(-)","2242.9
(2242.9)",1289.25,87
55,"CHITRA EAST OC
(Eastern Coal Fields Limited [ECL])
(400172)",Jharkhand,"08/2018
(08/2018)","03/2026
(03/2028)","513.99
(513.99)",230.98,53
64,"CHUPERBHITA SIMLONG OCP MDO 6
(Eastern Coal Fields Limited [ECL])
(616225)",Jharkhand,"12/2023
(12/2023)","03/2037
(-)","979.08
(979.08)",0,0
65,"JARANGDIH EXPN. OCP 1.5 MTY
(CCL - CIL)
(616236)",Jharkhand,"02/2020
(02/2020)","03/2029
(-)","414.37
(414.37)",85.6,33
69,"RAMPUR BATURA OCP [4.0MTY]
(South Eastern Coalfields Limited [SECL])
(400152)",Madhya Pradesh,"07/2019
(07/2019)","03/2026
(-)","1248.93
(1248.93)",498.6,44
70,"BLOCK B EXPANSION [3.5 TO 8.0
(Northern Coalfields Limited [NCL])
(400162)",Madhya Pradesh,"07/2019
(07/2019)","03/2023
(03/2027)","998.71
(998.71)",492.6,48
71,"NIGAHI EXPANSION [15 TO 25 MTP
(Northern Coalfields Limited [NCL])
(400321)",Madhya Pradesh,"11/2020
(11/2020)","03/2025
(03/2028)","1729.68
(1729.68)",880.24,48
72,"KANCHAN OC EXP
(South Eastern Coalfields Limited [SECL])
(613802)",Madhya Pradesh,"12/2014
(12/2014)","03/2026
(03/2028)","371.04
(371.04)",144.61,58
73,"JHIRIA WEST OCP [1.5 MTY]
(South Eastern Coalfields Limited [SECL])
(613803)",Madhya Pradesh,"01/2024
(01/2024)","03/2029
(-)","366.94
(366.94)",34.12,41
74,"RPR TAWA-III UG 0.84 MTY
(Western Coalfields Limited [WCL])
(613804)",Madhya Pradesh,"12/2021
(12/2021)","03/2027
(-)","314.09
(314.09)",6.09,17
75,"AMALGAMATED DHANKASA & JAMUNIA
(Western Coalfields Limited [WCL])
(615185)",Madhya Pradesh,"09/2022
(09/2022)","03/2027
(-)","399.2
(399.2)",98.57,67
76,"RPR OF VISHNUPURI UG TO OC
(Western Coalfields Limited [WCL])
(615187)",Madhya Pradesh,"11/2022
(11/2022)","03/2029
(-)","220.62
(220.62)",0,11
78,"SHARDA UG MINE
(Western Coalfields Limited [WCL])
(615195)",Madhya Pradesh,"07/2022
(09/2023)","03/2028
(-)","166.25
(166.25)",5.13,9
79,"GANDHIGRAM UG MINE
(Western Coalfields Limited [WCL])
(615206)",Madhya Pradesh,"08/2019
(08/2019)","03/2026
(-)","414.15
(414.15)",18.05,56
80,"JAYANT EXPN. [20 TO 38 MTPA]
(Northern Coalfields Limited [NCL])
(619032)",Madhya Pradesh,"02/2025
(02/2025)","03/2032
(-)","25560.48
(25560.5)",27.5,0
81,"RPR FOR RAMPUR BATURA OCP
(SECL - CIL)
(619053)",Madhya Pradesh,"05/2025
(05/2025)","03/2030
(-)","1604.69
(1604.69)",0,0
82,"BHATADI EXPANSION OC
(Western Coalfields Limited [WCL])
(400033)",Maharashtra,"02/2020
(05/2022)","03/2028
(-)","580.61
(580.61)",86.77,33
83,"AMALGAMATED YEKONA I & YEKONA
(Western Coalfields Limited [WCL])
(400177)",Maharashtra,"08/2015
(08/2015)","03/2025
(03/2026)","727.28
(727.28)",539,80
84,"DINESH[MAKARDHOKRA-III] OC
(Western Coalfields Limited [WCL])
(400178)",Maharashtra,"02/2020
(02/2020)","03/2027
(-)","822.88
(822.88)",630.25,34
85,"DHUPTALA OC [SASTI UG TO OC ]
(Western Coalfields Limited [WCL])
(400353)",Maharashtra,"02/2019
(10/2021)","03/2028
(-)","711.01
(711.01)",172.84,19
86,"SAONER UG MINE -1 EXPANSION 1.
(Western Coalfields Limited [WCL])
(615184)",Maharashtra,"01/2022
(01/2022)","03/2028
(-)","228.64
(228.64)",146.08,68
87,"SASTI EXPANSION OPENCAST
(Western Coalfields Limited [WCL])
(615186)",Maharashtra,"08/2020
(08/2020)","03/2026
(-)","319.04
(319.04)",98.25,20
89,"MAKARDHOKRA EXPN OC 4.9 MTY
(Western Coalfields Limited [WCL])
(615189)",Maharashtra,"06/2022
(06/2022)","03/2026
(-)","361.87
(361.87)",85.75,11
90,"SINGHORI DEEP OC MIN 2.0 MTY
(Western Coalfields Limited [WCL])
(615190)",Maharashtra,"05/2022
(05/2022)","03/2029
(-)","335.75
(335.75)",39.08,6
91,"GOKUL EXTENSION OC MINE
(Western Coalfields Limited [WCL])
(615192)",Maharashtra,"04/2021
(04/2021)","03/2026
(-)","309.58
(309.58)",48.32,8
92,"KOLGAON EXPANSION DEEP OC MINE
(Western Coalfields Limited [WCL])
(615199)",Maharashtra,"01/2023
(09/2023)","03/2027
(-)","198.71
(198.71)",18.17,2
93,"BALLARPUR NORTH WEST OC MINE
(Western Coalfields Limited [WCL])
(615330)",Maharashtra,"12/2022
(12/2022)","03/2029
(-)","360.81
(360.81)",0.02,4
94,"GADEGAON OC 3 MTY
(Western Coalfields Limited [WCL])
(615331)",Maharashtra,"10/2023
(10/2023)","03/2030
(-)","497.41
(497.41)",0.08,2
95,"GHONSA EXPANSION DEEP OC MINE
(Western Coalfields Limited [WCL])
(615914)",Maharashtra,"03/2021
(03/2021)","03/2029
(-)","184.71
(184.71)",14.88,5
96,"AMLG GAURI PAUNI EXPANSION OC
(Western Coalfields Limited [WCL])
(615916)",Maharashtra,"04/2024
(04/2024)","03/2030
(-)","1225.21
(1225.21)",81.05,2
97,"GAURIDEEP/GAURI CENTRAL OCP 7.
(Western Coalfields Limited [WCL])
(615917)",Maharashtra,"08/2023
(06/2024)","03/2030
(-)","973.07
(973.07)",1.04,0
98,"RPR OF BHANEGAON OC
(Western Coalfields Limited [WCL])
(615918)",Maharashtra,"02/2017
(09/2022)","03/2028
(-)","405.2
(405.2)",15.55,7
99,"N. EXTN. MUNGOLI NIRGUDA D OCP
(Western Coalfields Limited [WCL])
(615919)",Maharashtra,"06/2024
(06/2024)","03/2029
(-)","1024.91
(1024.91)",175.75,0
100,"NILJAI EXPANSION DEEP OCP
(Western Coalfields Limited [WCL])
(615982)",Maharashtra,"08/2016
(08/2016)","03/2022
(03/2026)","319.75
(319.75)",188.33,79
102,"AMALGAMATED INDER-KAMPTEE DEEP
(Western Coalfields Limited [WCL])
(616050)",Maharashtra,"09/2018
(09/2018)","03/2024
(03/2026)","235.9
(235.9)",132.1,98
103,"ADASA UG TO OC MINE
(Western Coalfields Limited [WCL])
(616223)",Maharashtra,"11/2018
(11/2018)","03/2024
(03/2026)","316
(316)",208.69,86
104,"AMAL GONDEGAON GHATROHANA EXPN
(Western Coalfields Limited [WCL])
(616229)",Maharashtra,"09/2024
(09/2024)","03/2029
(-)","668.54
(668.54)",1.17,0
105,"WAGHODA UG MINE [1.02 MTY]
(Western Coalfields Limited [WCL])
(617233)",Maharashtra,"01/2024
(01/2025)","03/2030
(-)","379.3
(379.3)",0,0
106,"KOLARPIMPRI EXPANSION OC [2.5
(Western Coalfields Limited [WCL])
(617278)",Maharashtra,"06/2024
(02/2025)","03/2030
(-)","630.37
(630.37)",0,0
107,"SAONER-III EXPN UG MINE 1.54
(Western Coalfields Limited [WCL])
(619055)",Maharashtra,"08/2025
(08/2025)","03/2032
(-)","444.42
(444.42)",0,0
111,"SUBHADRA OCP
(Mahanadi Coalfields Limited [MCL])
(400165)",Odisha,"05/2021
(05/2021)","04/2032
(-)","1693.81
(1693.81)",1326.85,43
112,"SIARMAL OCP
(Mahanadi Coalfields Limited [MCL])
(400166)",Odisha,"02/2021
(02/2021)","03/2029
(-)","5194.95
(5194.95)",3462.83,57
113,"BALARAM EXPANSION OCP
(Mahanadi Coalfields Limited [MCL])
(400183)",Odisha,"08/2020
(08/2020)","03/2029
(-)","3504.21
(3504.21)",976.35,53
114,"GOPALJI KANIHA OCP [10 TO 30 M
(MCL - CIL)
(400185)",Odisha,"04/2022
(04/2022)","03/2030
(-)","8416.19
(6107.87)",1750.64,31
115,"INTEGRATED LAKHANPUR-BELPAHAR-
(Mahanadi Coalfields Limited [MCL])
(400187)",Odisha,"05/2018
(05/2018)","03/2027
(-)","2434.75
(2434.75)",1897.72,72
116,"BHARATPUR RE-ORGANIZATION OCP
(Mahanadi Coalfields Limited [MCL])
(400392)",Odisha,"11/2018
(11/2018)","03/2029
(-)","2838.86
(2838.86)",1678.4,48
117,"BASUNDHARA WEST EXTENSION OPEN
(MCL - CIL)
(615193)",Odisha,"05/2014
(05/2014)","03/2019
(03/2029)","479.15
(479.15)",275.1,66
118,"Naini Coal Mine
(Singareni Collieries Company Limited [SCCL])
(615857)",Odisha,"03/2020
(03/2020)","03/2026
(-)","494.3
(494.3)",491.33,80
119,"INTEGRATED KULDA GARJANBAHAL O
(Mahanadi Coalfields Limited [MCL])
(616226)",Odisha,"04/2023
(04/2023)","03/2033
(-)","3563.5
(3563.5)",608.8,4
120,"BHUBANESWARI EXPN OCP 50 MTY
(MCL - CIL)
(616231)",Odisha,"03/2024
(03/2024)","03/2033
(-)","5366.27
(5366.27)",472.93,30
121,"HINGULA II OC EXPN PH III 15 M
(MCL - CIL)
(616232)",Odisha,"11/2022
(11/2022)","03/2029
(-)","1561.85
(1561.85)",275.56,26
122,"BALABHADRA OCP
(MCL - CIL)
(616233)",Odisha,"04/2023
(04/2023)","03/2030
(-)","978.44
(978.44)",214.56,12
123,"Talabira II & III OCP - FMC
(NLC India Limited [NLCIL])
(618982)",Odisha,"10/2022
(05/2023)","06/2026
(-)","522.45
(522.45)",322.61,70
124,"Jawahar Khani Open Cast Mine
(Singareni Collieries Company Limited [SCCL])
(615818)",Telangana,"12/2021
(12/2021)","03/2025
(03/2027)","297.88
(297.88)",47.06,20
126,"Godavarikhani Coal Mine - 5
(Singareni Collieries Company Limited [SCCL])
(615860)",Telangana,"07/2019
(05/2019)","03/2025
(03/2026)","607.04
(607.04)",197.28,71
128,"Goleti Opencast Mine
(Singareni Collieries Company Limited [SCCL])
(615862)",Telangana,"07/2021
(08/2021)","03/2026
(-)","345.6
(345.6)",99.09,28
129,"Venkatesh Khani Coal Mine
(Singareni Collieries Company Limited [SCCL])
(615863)",Telangana,"10/2020
(06/2020)","03/2026
(-)","484.5
(484.5)",477.14,97
131,"MOHANPUR EXPANSION OC -PHASE I
(Eastern Coal Fields Limited [ECL])
(400173)",West Bengal,"11/2020
(11/2020)","03/2026
(03/2030)","888.99
(888.99)",121.34,31
132,"BONJEMEHARI EXPANSION OCP
(Eastern Coal Fields Limited [ECL])
(400180)",West Bengal,"08/2021
(08/2021)","03/2026
(03/2030)","570.11
(570.11)",83.47,17
133,"NAKRAKONDA KUMARDIH- B OCP
(Eastern Coal Fields Limited [ECL])
(400181)",West Bengal,"08/2018
(08/2018)","03/2029
(-)","502.68
(502.67)",71.86,27
134,"SIDULI [OC & UG]
(ECL - CIL)
(400182)",West Bengal,"05/2018
(05/2018)","03/2027
(03/2030)","535.18
(535.17)",5.59,14
135,"TILABONI UG
(Eastern Coal Fields Limited [ECL])
(400186)",West Bengal,"01/2023
(01/2023)","03/2029
(-)","749.08
(749.07)",52.89,11
136,"JHANJRA EXPANSION UG
(Eastern Coal Fields Limited [ECL])
(400312)",West Bengal,"04/2020
(04/2020)","03/2029
(-)","1210.12
(1210.12)",550.2,45
137,"SONEPUR BAZARI EXPANSION OCP [
(Eastern Coal Fields Limited [ECL])
(400315)",West Bengal,"07/2021
(07/2021)","03/2029
(-)","5365.88
(5365.88)",599.41,18
139,"ITAPARA OCP
(Eastern Coal Fields Limited [ECL])
(612816)",West Bengal,"12/2023
(12/2023)","03/2030
(-)","929.1
(929.1)",70.05,8
140,"SHYAMSUNDARPUR UG INCLUDING SA
(Eastern Coal Fields Limited [ECL])
(613793)",West Bengal,"04/2020
(04/2020)","03/2026
(03/2028)","483.65
(483.65)",63.66,16
142,"PARASCOLE JAMBAD OCP
(Eastern Coal Fields Limited [ECL])
(616230)",West Bengal,"11/2024
(11/2024)","03/2037
(-)","1193.55
(1193.55)",10.9,0
,Total (116),,,,183894.27,47547.45,
,Electricity Generation,,,,,,
145,"200 MW SPP part of 510 MW CPSU scheme
(NLC India Limited [NLCIL])
(618991)",Gujarat,"07/2022
(03/2024)","12/2026
(-)","1221.41
(1221.41)",63.57,0
146,"100 MW SPP part of SECI 150 MW Hybrid
(NLC India Limited [NLCIL])
(618992)",Gujarat,"07/2022
(04/2024)","12/2026
(-)","480.68
(480.68)",2.57,1
148,"300 MW SPP part of 510 MW CPSU scheme
(NLC India Limited [NLCIL])
(612819)",Rajasthan,"07/2022
(03/2023)","09/2024
(12/2025)","1813
(1813)",1752.16,100
149,"50 MW Solar PP Minedout Area
(NLC India Limited [NLCIL])
(615327)",Tamil Nadu,"08/2023
(02/2024)","03/2025
(12/2025)","218.03
(218.03)",166.55,100
150,"Ghatampur Thermal Power Plant 3 X 660 MW
(NLC India Limited [NLCIL])
(400259)",Uttar Pradesh,"07/2016
(08/2016)","11/2020
(03/2026)","17237.8
(21780.9)",20967.25,94
,Total (8),,,,51903.57,27270.79,
,Railways,,,,,,
151,"Dharamjaigarh-Korba
(Railway)
(400203)",Chhattisgarh,"05/2018
(03/2017)","12/2026
(08/2026)","1686.22
(2438.53)",536.26,42
,Total (2),,,,3485.86,2199.39,
,Coal,,,,,,
153,"Tubed Coal Mine
(Damodar Valley Corporation)
(400192)",Jharkhand,"07/2016
(10/2016)","05/2026
(05/2026)","1581
(1581)",599.74,36
,Total (2),,,,2083,999.33,
,Electricity Generation,,,,,,
165,"382 MW Sunni Dam HEP
(Satluj Jal Vidyut Nigam [SJVN] Thermal Limited)
(602633)",Himachal Pradesh,"NA
(04/2018)","03/2027
(-)","2615
(2615)",495.57,0.5
172,"Koderma Thermal Power Station Phase II [2X800 MW] At Koderma, Jharkhand
(Damodar Valley Corporation)
(611509)",Jharkhand,"04/2023
(11/2024)","03/2029
(-)","14358
(14358)",1632.9,8
175,"Talcher Thermal Power Station Stage III [2 x 660 MW] Expansion
(National Thermal Power Corporation [NTPC])
(602961)",Odisha,"08/2022
(09/2022)","05/2027
(03/2028)","11843.75
(12543)",5442.33,44
179,"Tapovan-Vishnugad HEP [4x130 MW]
(National Thermal Power Corporation [NTPC])
(602185)",Uttarakhand,"11/2006
(11/2006)","03/2013
(04/2029)","2978
(10907.3)",7401.46,77
182,"Raghunathpur Thermal Power Station Phase II [2X660 MW] at Raghunathpur, Purulia,
West Bengal
(Damodar Valley Corporation)
(400062)",West Bengal,"01/2023
(02/2025)","06/2029
(-)","17673
(17673)",1508.59,6
183,"Rammam-III HEPP [3x40 MW]
(National Thermal Power Corporation [NTPC])
(602184)",West Bengal,"09/2014
(09/2014)","09/2019
(03/2029)","1381.84
(2865.56)",1432.07,52
184,"Installation of FGD for 4x210 & 2x250 MW MTPS U 1-6
(Damodar Valley Corporation)
(602538)",West Bengal,"06/2019
(02/2021)","01/2024
(05/2026)","1037
(1106)",1123.79,94
,Total (30),,,,258786.76,127609.98,
,Transmission & Distribution,,,,,,
185,"Transmission Scheme for Solar Energy Zone in Ananthpuram 2500MW and Kurnool
1000MW
(Power Grid Corporation of India Limited [POWERGRID])
(611967)",Andhra Pradesh,"09/2023
(09/2023)","09/2025
(03/2026)","1248.69
(1248.69)",1102.46,93
186,"Augmentation of 1x1500 MVA 3rd 765/400 kV transformation capacity at Kurnool
New Substation
(Power Grid Corporation of India Limited [POWERGRID])
(612856)",Andhra Pradesh,"05/2023
(12/2023)","09/2025
(03/2026)","163.61
(163.61)",134.08,83
188,"North Eastern Region Expansion Scheme-XXIII [NERES-XXIII]
(Power Grid Corporation of India Limited [POWERGRID])
(617375)",Arunachal Pradesh,"08/2025
(08/2025)","02/2028
(-)","209.38
(209.38)",0.41,0
189,"Transmission system for Evacuation of Additional 7 GW RE power from Khavda RE
park under Phase-III Part B [Vataman Transmission Limited]
(Power Grid Corporation of India Limited [POWERGRID])
(612139)",Gujarat,"12/2023
(12/2023)","12/2025
(12/2026)","3751.82
(3751.82)",2138.53,42
190,"Transmission System for Evacuation of Power from potential Renewable Energy zone
in Khavda Area of Gujarat under Phase IV [7 GW] Part E3
(Power Grid Corporation of India Limited [POWERGRID])
(612151)",Gujarat,"07/2023
(07/2023)","07/2025
(03/2026)","334
(334)",256.07,82
191,"Transmission System for Evacuation of Power from Potential Energy Renewable Zone
in Khavda Area of Gujarat under Ph-IV [7GW] Part E2
(Power Grid Corporation of India Limited [POWERGRID])
(612855)",Gujarat,"05/2024
(05/2024)","05/2026
(06/2026)","679
(679)",239.34,36
192,"Augmentation of Transformation Capacity at jam Khambhaliya PS [GIS] [SPV Name
POWERGRID Jam Khambhaliya Transmission Limited]
(Power Grid Corporation of India Limited [POWERGRID])
(615342)",Gujarat,"10/2024
(10/2024)","07/2026
(-)","329
(329)",14.8,6
193,"Provision of Dynamic Reactive Compensation at Khavda pooling Station 1 [KPS1] and
Khavda Pooling station 3 [KPS3]
(Power Grid Corporation of India Limited [POWERGRID])
(615343)",Gujarat,"11/2024
(11/2024)","11/2026
(-)","501
(501)",8.11,3
194,"Transmission System for Evacuation of Power from Potential Renewable Energy Zone
in Khavda area of Gujarat under Phase-IV [7GW] Part B [SPV Name POWERGRID
South Olpad Transmission Limited]
(Power Grid Corporation of India Limited [POWERGRID])
(615345)",Gujarat,"10/2024
(10/2024)","10/2026
(03/2027)","4766
(4766)",1121.91,13
195,"Augmentation of Transformation Capacity at KPS1 [GIS] and KPS2 [GIS] [Phase-V
Part B1 and Part B2 Scheme] [SPV Name- POWERGRID KPS1 and 2 Augmentation
Transmission Limited]
(Power Grid Corporation of India Limited [POWERGRID])
(617069)",Gujarat,"02/2025
(02/2025)","02/2027
(-)","466
(466)",27.96,2
196,"Augmentation of Banaskantha [Raghanesda] PS [GIS] [POWERGRID Banaskantha
Transco Limited]
(Power Grid Corporation of India Limited [POWERGRID])
(617182)",Gujarat,"03/2025
(03/2025)","03/2027
(-)","172
(172)",25.8,21
197,"Augmentation of Transformation Capacity at Bhuj-II PS [GIS]
(Power Grid Corporation of India Limited [POWERGRID])
(617391)",Gujarat,"02/2025
(02/2025)","11/2026
(03/2027)","488.29
(488.29)",2.44,0
198,"Jamnagar Transmission Limited
(Adani Transmission Limited)
(617405)",Gujarat,"NA
(10/2024)","10/2026
(-)","4000
(4000)",268,16
199,"Provision of ICT Augmentation & Bus Reactor at Bhuj-II PS
(Power Grid Corporation of India Limited [POWERGRID])
(617801)",Gujarat,"03/2025
(03/2025)","12/2026
(03/2027)","581.74
(581.74)",2.91,0
200,"KPSIII HVDC Transmission Limited
(Adani Transmission Limited)
(619026)",Gujarat,"NA
(12/2025)","12/2029
(-)","19000
(19000)",0,0
201,"Transmission System for Reliable Power Supply to Dholera
(Power Grid Corporation of India Limited [POWERGRID])
(619029)",Gujarat,"09/2024
(09/2024)","03/2026
(-)","319.42
(319.42)",12.8,6
202,"Khavda IVA Power Transmission Limited
(Adani Transmission Limited)
(619049)",Gujarat,"08/2024
(08/2024)","08/2026
(-)","4500
(4500)",1876.33,55
203,"Implementation of LILO of both circuits of 400KV vindhyachal PS-Sasan D/C Line at
Hindalco Switchyard
(Power Grid Corporation of India Limited [POWERGRID])
(617272)",Haryana,"06/2024
(06/2024)","12/2026
(-)","370
(370)",24.05,6
204,"Transmission Scheme for evacuation of Power from Ratle HEP [850 MW] & kiru [624
MW] Part B
(Power Grid Corporation of India Limited [POWERGRID])
(617179)","Jammu and
Kashmir","07/2024
(07/2024)","07/2026
(03/2027)","218.6
(218.6)",2.71,1
206,"Transmission Scheme for Integration of Renewable Energy Zone [Phase II] in Koppal
II [Phase A&B] and gadag II[Phase A] in Karnataka [POWERGRID KOPPAL GADAG
TRANSMISSION LIMITED]
(Power Grid Corporation of India Limited [POWERGRID])
(612140)",Karnataka,"12/2023
(12/2023)","12/2025
(06/2026)","2889.39
(2889.39)",2033.26,72
208,"Augmentation of Transformation Capacity by 3x500 MVA, 400/220 KV ICTS [6th-8th]
and 1x1500 MVA, 765/400 KV ICT [4th] at Bidar PS [SPV Name- POWERGRID Bidar
Augmentation Transmission Limited]
(Power Grid Corporation of India Limited [POWERGRID])
(617068)",Karnataka,"02/2025
(02/2025)","06/2027
(-)","288
(288)",8,4
209,"Transmission Scheme for integration of Davanagere/ Chitradurga and Bellary REZ in
Karnataka [POWERGRID Chitradurga Bellary REZ Transmission Limited]
(Power Grid Corporation of India Limited [POWERGRID])
(617184)",Karnataka,"03/2025
(03/2025)","09/2027
(-)","3453
(3453)",75.96,6
210,"Transmission System Strengthening at Davanagere for Integration of RE Generation
[SPV Name - POWERGRID Davanagere Power Transmission Limited]
(Power Grid Corporation of India Limited [POWERGRID])
(617803)",Karnataka,"09/2025
(09/2025)","09/2027
(-)","379
(379)",14.81,1
211,"Augmentation of 1x500 MVA 400/220kV ICT [3rd] at Thrissur VSC HVDC Station in
Kerala
(Power Grid Corporation of India Limited [POWERGRID])
(619028)",Kerala,"08/2025
(08/2025)","08/2027
(-)","173.14
(173.14)",0.9,0
212,"Transmission System for Evacuation of Power from Rajasthan REZ Ph-IV [Part-2
5.5GW] [Jaisalmer/Barmer Complex] Part H1 [POWERGRID KURAWAR
TRANSMISSION LIMITED]
(Power Grid Corporation of India Limited [POWERGRID])
(615344)",Madhya Pradesh,"10/2024
(10/2024)","10/2026
(03/2027)","3674
(3674)",1253.56,26
213,"Transmission System for Evacuation of Power from Rajasthan REZ Ph-IV [Part-2 5.5
GW] [Jaisalmer/Barmer Complex] Part C [SPV Name POWERGRID Mandsaur
Transmission Limited]
(Power Grid Corporation of India Limited [POWERGRID])
(615346)",Madhya Pradesh,"08/2024
(08/2024)","08/2026
(12/2026)","2708
(2708)",1137.36,48
214,"Transmission System for evacuation of power from Mahan Energen Limited
Generating Station in Madhya Pradesh [SPV Name - POWERGRID MEL Power
Transmission Limited]
(Power Grid Corporation of India Limited [POWERGRID])
(617279)",Madhya Pradesh,"06/2025
(06/2025)","12/2027
(-)","558
(558)",38.66,2
215,"Augmentation of Transformation Capacity and Implementation of Line Bays at
Mandsaur S/S for RE Interconnection [SPV Name- POWERGRID Mandsaur I RE
Transmission Limited]
(Power Grid Corporation of India Limited [POWERGRID])
(617802)",Madhya Pradesh,"10/2025
(10/2025)","03/2028
(-)","319
(319)",7.36,1
216,"Mahan Transmission Limited
(Adani Transmission Limited)
(619024)",Madhya Pradesh,"03/2025
(03/2025)","04/2027
(-)","3125.32
(3125.32)",50.79,12
217,"Transmission System for Evacuation of power from Potential RE Zone in Khavda Area
of Gujarat under phase IV 7GW-Part E4
(Power Grid Corporation of India Limited [POWERGRID])
(611966)",Maharashtra,"11/2023
(11/2023)","07/2025
(03/2026)","224.41
(224.41)",121.18,63
218,"WRNES Talegaon Power Transmission Limited
(Adani Transmission Limited)
(619027)",Maharashtra,"NA
(05/2025)","01/2028
(-)","2000
(2000)",0,5
242,"Transmission System for Evacuation of Power from REZ in Rajasthan 20GW under
Phase III- Part E2
(Power Grid Corporation of India Limited [POWERGRID])
(611947)",Rajasthan,"11/2023
(11/2023)","06/2025
(03/2026)","428.3
(428.3)",351.21,84
243,"Transmission system for evacuation of power from REZ in Rajasthan 20 GW under
Phase-III part H
(Power Grid Corporation of India Limited [POWERGRID])
(611948)",Rajasthan,"10/2023
(10/2023)","04/2025
(03/2026)","2211.29
(2211.29)",2087.01,95
244,"Transmission system for evacuation of power from REZ in Rajasthan 20 GW under
Phase-III part C1
(Power Grid Corporation of India Limited [POWERGRID])
(611949)",Rajasthan,"10/2023
(10/2023)","04/2025
(05/2026)","1796.02
(1796.02)",1652.33,96
245,"Transmission system for evacuation of power from REZ in Rajasthan 20 GW under
Phase-III part B1
(Power Grid Corporation of India Limited [POWERGRID])
(611950)",Rajasthan,"09/2023
(09/2023)","04/2025
(02/2026)","2190.54
(2190.54)",2139.44,99
246,"Transmission system for evacuation of power from REZ in Rajasthan 20GW under
Phase-III Part E1
(Power Grid Corporation of India Limited [POWERGRID])
(611951)",Rajasthan,"12/2021
(08/2023)","02/2025
(02/2026)","688.74
(688.74)",685.98,99
247,"Transmission System for Evacuation of power from Rajasthan REZ Ph-IV [Part-1]
[Bikaner Complex] Part A [Bikaner Neemrana Transmission Ltd]
(Power Grid Corporation of India Limited [POWERGRID])
(612134)",Rajasthan,"12/2023
(12/2023)","12/2025
(06/2026)","2998.34
(2998.34)",2248.75,64
248,"Transmission System for Evacuation of Power from Rajasthan REZ Ph-IV [Part-2 5.5
GW][Jaisalmer/Barmer Complex] Part B [SPV Name POWERGRID Sirohi
Transmission Limited]
(Power Grid Corporation of India Limited [POWERGRID])
(615332)",Rajasthan,"08/2024
(08/2024)","08/2026
(12/2026)","3279
(3279)",1393.24,37
249,"Transmission System Strengthening for Interconnections of Bhadla-III & Bikaner III
Complex [SPV Name POWERGRID BHADLA BIKANER TRANSMISSION LIMITED]
(Power Grid Corporation of India Limited [POWERGRID])
(615335)",Rajasthan,"08/2024
(08/2024)","08/2026
(12/2026)","1382
(1382)",332.92,21
250,"Additional Transmission System for evacuation of Power from Bhadla-III PS as part of
Rajasthan REZ Phase III Scheme [20 GW] [SPV Name POWERGRID Bhadla-III
Power Transmission Limited]
(Power Grid Corporation of India Limited [POWERGRID])
(615337)",Rajasthan,"08/2024
(08/2024)","02/2026
(03/2026)","369
(369)",136.6,45
251,"TRANSMISSION SYSTEM FOR EVACUATION OF POWER FROM RAJASTHAN
REZ PH -IV [PART-2 5.5 GW] [JAISALMER/BARMER COMPLEX] PART F [SPV
Name POWERGRID BARMER I TRANSMISSION LIMITED]
(Power Grid Corporation of India Limited [POWERGRID])
(615338)",Rajasthan,"11/2024
(11/2024)","11/2026
(06/2027)","2735
(2735)",803.26,24
252,"Augmentation at Fatehgarh-II PS, Fatehgarh-IV PS [Section-II] and Barmer-I PS
[POWERGRID Fatehgarh Barmer Augmentation Transmission Limited]
(Power Grid Corporation of India Limited [POWERGRID])
(617181)",Rajasthan,"03/2025
(03/2025)","12/2026
(03/2027)","404
(404)",21.04,3
253,"Transmission System under ISTS for evacuation of Power from Kudankulam Unit-3&4
[2x1000 MW] [SPV Name POWERGRID Kudankulam Tarnsmission Limited]
(Power Grid Corporation of India Limited [POWERGRID])
(616671)",Tamil Nadu,"01/2025
(01/2025)","12/2026
(12/2026)","548
(548)",111.13,14
254,"Transmission System for Strengthening to facilitate evacuation of power from
Bhadla/Bikaner Complex
(Power Grid Corporation of India Limited [POWERGRID])
(617269)",Uttar Pradesh,"12/2024
(12/2024)","06/2026
(08/2026)","212.81
(212.81)",2.13,1
,Total (70),,,,206140.79,61527.48,
,Construction,,,,,,
,Total (1),,,,644,127.46,
257,"Redevelopment of Seven General Pool Residential Accommodation [GPRA] Colonies
in Delhi
(National Buildings Construction Corporation [NBCC])
(400188)",Delhi,"07/2016
(05/2018)","12/2025
(12/2025)","32850
(32841)",12339.04,43
,Total (4),,,,33749.85,12397.62,
,Urban Public Transport,,,,,,
261,"Delhi Metro Rail Phase-IV [2 Corridors]
(Delhi Metro Rail Corporation Limited [DMRC])
(617207)",Delhi,"03/2024
(03/2024)","03/2029
(-)","8399.81
(8399.81)",67.42,0
262,"Delhi Metro Rail Phase V A
(Delhi Metro Rail Corporation Limited [DMRC])
(619031)",Delhi,"01/2026
(01/2026)","12/2028
(-)","12014.91
(12014.9)",2.07,0
263,"DMRTS Phase - IV [3 Priority Corridors]
(Delhi Metro Rail Corporation Limited [DMRC])
(702632)",Delhi,"07/2019
(07/2019)","03/2025
(03/2026)","24948.65
(24948.7)",18768.36,75
267,"Metro connectivity from Millennium City Centre to Cyber City with Spur to Dwarka
Expressway, Gurugram.
(Gurugram Metro Rail Limited (GMRL))
(619022)",Haryana,"07/2023
(08/2024)","07/2027
(-)","5452.72
(5452.72)",92.12,0
273,"PCMC To Nigdi- Extension Of North South Corridor Of Phase-1
(Maharashtra Metro Rail Corporation Limited [MMRCL])
(617225)",Maharashtra,"10/2023
(10/2023)","01/2027
(-)","910.18
(910.18)",218.14,35
274,"Pune Metro Phase-1 Extension line towards south from Swargate to Katraj
(Maharashtra Metro Rail Corporation Limited [MMRCL])
(617226)",Maharashtra,"09/2024
(09/2024)","03/2029
(-)","2954.53
(2954.53)",26.99,4
280,"Mumbai Metro Line 3
(Mumbai Metro Rail Corporation Limited [MMRC])
(702637)",Maharashtra,"07/2013
(06/2016)","03/2023
(08/2025)","23136
(37276)",32732.81,97
,Total (28),,,,335215.64,205666.48,
,Waste & Water,,,,,,
,Total (23),,,,5625.02,4134.88,
,Construction,,,,,,
,Total (1),,,,255.37,94.91,
,Metals & Mining,,,,,,
313,"Expansion of Alumina Refinery Plant with addition of 5th Stream having capacity
enhancement of 1.0 Million Tonee Per Annum
(National Aluminium Company Limited [NALCO])
(400141)",Odisha,"04/2017
(04/2017)","12/2022
(06/2026)","4103
(5677.4)",4556.52,81
316,"SOURCING OF BAUXITE ARRANGEMENT FOR 5TH STREAM ALUMINA
REFINERY FROM SOUTH BLOCK MINING LEASE OF PANCHPATMAILI MINES
(National Aluminium Company Limited [NALCO])
(709831)",Odisha,"11/2017
(11/2019)","05/2025
(06/2026)","483
(483)",423.32,91
,Total (6),,,,8344.36,7002.68,
,Department of Higher Education,,,,,,
,Education,,,,,,
318,"Construction and Developement of National Institute of Technology Meghalaya
Permanent Campus at Sohra
(National Institute of Technology, Meghalaya)
(612885)",,"09/2009
(09/2014)","03/2022
(10/2026)","494.52
(429.7)",362.48,92
319,"Construction of Permanent Campus of Central Tribal University of Andhra Pradesh
Phase-1
(Central Tribal University of Andhra Pradesh)
(613008)",Andhra Pradesh,"09/2019
(12/2023)","06/2027
(-)","305
(305)",62.16,40
320,"Construction of Permanent Campus of National Institute of Technology Arunachal
Pradesh
(National Institute of Technology, Arunachal Pradesh)
(612898)",Arunachal Pradesh,"09/2009
(03/2013)","08/2026
(08/2024)","592.61
(592.61)",550.61,80
322,"Additional Campus of NITPatna
(NIT Patna)
(606013)",Bihar,"07/2022
(08/2022)","07/2024
(01/2026)","499.21
(499.21)",446.99,97
323,"Phase B of Construction of Permanent Campus of IIT Bhilai
(Indian Institute of Technology, Bhilai)
(617877)",Chhattisgarh,"05/2025
(01/2026)","10/2028
(-)","1188.97
(1188.97)",0,0
324,"Phase 1B - Construction of Academic Block, Hostel, Residential Tower, Directors
Residence and External Development works at National Institute of Technology, Delhi
Campus on Engineering, Procurement and Construction basis
(National Institute of Technology Delhi)
(612851)",Delhi,"09/2009
(11/2022)","09/2025
(01/2026)","333.49
(336.42)",304.15,98
325,"Delhi University Eastern Campus at Surajmal Vihar
(Delhi University)
(616886)",Delhi,"09/2024
(03/2025)","10/2026
(-)","373
(373)",27.63,10
326,"Construction of permanent campus of Central University of Gujarat at Village
kundhela, Dist. Vadodara, Gujarat.
(Central University of Gujarat)
(612916)",Gujarat,"12/2020
(02/2021)","03/2025
(03/2026)","490.63
(490.63)",319.74,83
327,"Establishment of Permanent campus Phase 1 of IIM Sirmaur
(Indian Institute of Management, Sirmaur)
(602099)",Himachal Pradesh,"09/2018
(08/2020)","10/2023
(02/2026)","392.51
(454.78)",329.07,95
328,"Hostel blocks & dining hall block
(Indian Institute of Technology, Mandi)
(612128)",Himachal Pradesh,"03/2023
(03/2024)","03/2026
(03/2026)","166.66
(166.66)",102.52,78
329,"Construction of Permanent Campus of Central University of Himachal Pradesh at
Dehra, District - Kangra, [H.P.] on Engineering. Procurement and Construction [EPC
Mode 1] Basis.
(Central University, Himachal Pradesh)
(612894)",Himachal Pradesh,"03/2021
(08/2022)","11/2024
(03/2026)","251.98
(300.45)",223.36,84
330,"Construction of Permanent Campus for IIM Jammu Phase-1 at Jagti, Nagrota,
Jammu, J&K
(Indian Institute of Management, Jammu)
(602098)","Jammu and
Kashmir","03/2019
(10/2020)","06/2023
(11/2025)","424.93
(500.91)",484.52,96
331,"CONSTRUCTION OF PERMANENT CAMPUS FOR IIT PALAKKAD UNDER PHASE
1A
(INDIAN INSTITUTE OF TECHNOLOGY PALAKKAD)
(606431)",Kerala,"07/2017
(03/2020)","06/2022
(06/2026)","1006.45
(1217.4)",663.4,82
332,"Phase B of Construction of Permanent Campus of IIT Palakkad
(INDIAN INSTITUTE OF TECHNOLOGY PALAKKAD)
(617878)",Kerala,"05/2025
(01/2026)","10/2028
(-)","1527
(1527)",9.8,0
333,"Phase III A works at IIT Indore [03 Hostels, 01 Studio Apartment, 01 Housing, Heavy
& Sophisticated lab complex, Academic POD and Infrastructure for center of
excellence]
(Indian Institute of Technology, Indore)
(611957)",Madhya Pradesh,"12/2023
(04/2024)","02/2027
(-)","496.28
(496.28)",56.35,44
334,"Construction of Permanent Campus for NIT Mizoram at Lengpui, Aizawl
(NIT Mizoram)
(612876)",Mizoram,"09/2009
(06/2014)","12/2029
(03/2022)","474.23
(474.23)",167.55,4
335,"Establishment of NIT Nagaland
(NIT Nagaland)
(613013)",Nagaland,"09/2009
(12/2014)","12/2025
(-)","275.63
(275.63)",261.7,98
336,"IISER BERHAMPUR
(Indian Institutes of Science Education and Research, Behrampur)
(610315)",Odisha,"10/2018
(09/2019)","03/2021
(06/2026)","1229.32
(843.09)",835.6,98
337,"1000 seater Boys hostel, 500 seater Girls hostel, 1.5 MLD Sewage Treatment Plant
and Faculty Residence - 72 nos. Flats
(NIT Rourkela)
(619033)",Odisha,"NA
(01/2024)","06/2026
(-)","198.97
(198.97)",31.48,33
338,"Establishment of NIT Puducherry Permanent Campus [Phase-I and Phase-II]
(National Institute of Technology, Puducherry)
(612877)",Puducherry,"09/2009
(07/2013)","12/2024
(05/2026)","618.34
(544.34)",530.88,98
339,"Construction of Permanent Campus of Indian Institute of Management [IIM] Amritsar,
Punjab, Phase-I
(Indian intitue of Management, Amritsar)
(605292)",Punjab,"10/2019
(07/2020)","06/2023
(09/2026)","348.31
(348.31)",290.39,91
340,"Construction of Girls Hostel 400 seater, Boys Hostel 600 seater, Academic Block,
International Hostel 100 seater, VC Residence and Purchase of Equipment
(Central University of Punjab)
(617221)",Punjab,"08/2024
(04/2025)","10/2027
(-)","210.99
(210.99)",39.12,24
341,"Construction of Sikkim University Campus Phase-I Package-II at Yangang, South
Sikkim
(Sikkim University)
(609736)",Sikkim,"08/2020
(01/2022)","01/2025
(03/2026)","314.06
(314.06)",278.69,89
342,"Establishment of Permanent Campus of NIT SIkkim at Khamdong-Gangtok District
(NIT Sikkim)
(612883)",Sikkim,"02/2024
(03/2024)","02/2028
(12/2026)","685.76
(610.76)",171.56,25
343,"Construction of Precast housing and hostels at IIT Hyderabad
(Indian Institute of Technology, Hyderabad)
(609996)",Telangana,"09/2022
(11/2022)","10/2024
(01/2026)","262
(262)",200.11,83
344,"Banaras Hindu University [ Kayakalp of Institute of Medical Sciences]
(Banaras Hindu University)
(606479)",Uttar Pradesh,"06/2020
(06/2020)","09/2022
(03/2026)","246
(246)",200.11,97
345,"Construction & Development of Infrastructural Facilities in the main campus of NIT
Uttarakhand at Sumari, Pauri Garhwal
(National Institute of Technology Uttarakhand)
(611963)",Uttarakhand,"06/2020
(04/2024)","09/2027
(-)","650.85
(650.85)",308.05,43
,Total (29),,,,14711.41,7786.65,
,Department of Sports,,,,,,
,Education,,,,,,
347,"National Sports University [NSU], Imphal [Manipur]
(Department of Sports & Youth Affairs)
(400081)",Manipur,"NA
(01/2022)","08/2024
(08/2026)","906.47
(611.74)",569.37,96
,Total (1),,,,906.47,569.37,
,Energy Storage,,,,,,
349,"Construction of LPG Facilities at Kamardanga, Assam
(Hindustan Petroleum Corporation Limited)
(709754)",Assam,"03/2023
(03/2023)","07/2027
(07/2027)","156.36
(156.36)",80.88,59
350,"Setting up of new rail fed POL facility at Kamardanga, Assam
(Hindustan Petroleum Corporation Limited [HPCL])
(709755)",Assam,"03/2023
(03/2023)","07/2027
(07/2027)","384.04
(384.04)",183.99,71
360,"Petrochemical evacuation marketing terminal at Barmer, Rajasthan
(Hindustan Petroleum Corporation Limited [HPCL])
(709759)",Rajasthan,"12/2023
(12/2023)","12/2026
(12/2026)","461.05
(461.05)",178.98,76
362,"Grass root POL Terminal at Vallur, Chennai
(Indian Oil Corporation Limited [IOCL])
(400077)",Tamil Nadu,"01/2022
(01/2022)","12/2024
(03/2026)","827
(887.71)",641.34,90
363,"Grass Root Rail-fed Depot at Sekerkote, Agartala as resitement of existing
Dharmanagar Depot
(Indian Oil Corporation Limited [IOCL])
(400035)",Tripura,"06/2022
(06/2022)","09/2025
(06/2026)","656
(656)",500.52,94
,Total (17),,,,81207.16,96246.4,
,Oil & Gas,,,,,,
366,"HP-COAT [Crude to Olefins and Aromatics Technology] demo unit at Visakh Refinery
(Hindustan Petroleum Corporation Limited)
(709752)",Andhra Pradesh,"09/2021
(09/2021)","06/2024
(03/2026)","160
(220)",106.27,82
,378,"Power Recovery Turbine [PRT] in PFCCU unit as an Energy Conservation Scheme
(NRL)
(709865)",Assam,"04/2023
(04/2023)","12/2024
(09/2026)","293.5
(293.5)",97.22,99,
,385,"Redevelopment of Sobhasan Complex
(Oil and Natural Gas Corporation Limited [ONGC])
(400087)",Gujarat,"08/2021
(08/2021)","03/2027
(03/2027)","885.63
(1347.61)",934.83,85,
,386,"Redevelopment of Santhal Field [Onshore-Mehsana Asset]
(Oil and Natural Gas Corporation Limited [ONGC])
(400167)",Gujarat,"02/2017
(02/2017)","03/2026
(03/2026)","1162.56
(1162.56)",1143.03,95,
,387,"Redevelopment of Linch Field
(Oil and Natural Gas Corporation Limited [ONGC])
(400169)",Gujarat,"04/2021
(04/2021)","03/2025
(03/2026)","631.03
(860.04)",600.07,89,
,391,"Restoration of Gas Terminal, Phase-I [Part-A], Hazira
(Oil and Natural Gas Corporation Limited [ONGC])
(709840)",Gujarat,"05/2022
(05/2022)","02/2025
(04/2026)","249.43
(249.43)",210.45,96,
,392,"Old Pipe Line Replacement [OPRP] Group-A
(Oil and Natural Gas Corporation Limited [ONGC])
(709841)",Gujarat,"07/2021
(07/2021)","07/2025
(03/2026)","173.03
(169.84)",157.81,90,
,394,"Revamping of SV Stations, Gas Terminal & Kribhco Terminal
(Oil and Natural Gas Corporation Limited [ONGC])
(709845)",Gujarat,"11/2022
(11/2022)","08/2026
(08/2026)","837.34
(837.34)",327.55,60,
,396,"Poly Butadiene Rubber plant at Panipat
(Indian Oil Corporation Limited [IOCL])
(611917)",Haryana,"03/2022
(03/2022)","03/2025
(06/2026)","1459
(2531.44)",1447.65,81,
400,"Development of Jharia CBM Block [Phase-1]
(Oil and Natural Gas Corporation Limited [ONGC])
(610984)",Jharkhand,"11/2019
(11/2019)","01/2024
(03/2026)","431
(431)",238.67,61
406,"Replacement and Extension of Jetty Pipelines [REJP] at KR
(Bharat Petroleum Corporation Limited [BPCL])
(709790)",Kerala,"03/2023
(03/2023)","03/2026
(03/2026)","621.87
(621.87)",220,95
412,"HP TDAE Unit in Mumbai Refinery
(Hindustan Petroleum Corporation Limited)
(709760)",Maharashtra,"06/2024
(06/2024)","04/2026
(04/2026)","240
(240)",88.15,72
415,"ATF Pipeline from Jawaharlal Nehru Port Trust to Navi Mumbai International Airport
(Indian Oil Corporation Limited [IOCL])
(709782)",Maharashtra,"08/2022
(08/2022)","08/2025
(03/2026)","165
(165)",94.37,88
416,"Installation of Independent De- Aromatized Solvents [DAS] production facilities at MR
(Bharat Petroleum Corporation Limited [BPCL])
(709789)",Maharashtra,"03/2023
(03/2023)","07/2025
(02/2026)","405
(343)",250.41,98
417,"POL & LOBS Installations with Receipt Pipelines at Rasayani
(Bharat Petroleum Corporation Limited [BPCL])
(709797)",Maharashtra,"05/2023
(05/2023)","05/2026
(05/2026)","2585
(2585)",972.34,74
435,"Life Extension of 48 well platforms of Mumbai High & Heera Fields
(Oil and Natural Gas Corporation Limited [ONGC])
(400119)",Offshore,"12/2015
(12/2015)","04/2018
(03/2026)","3190.69
(3375.9)",3123.2,90
441,"2G Ethanol Biorefinery at Bathinda
(Hindustan Petroleum Corporation Limited [HPCL])
(400171)",Punjab,"05/2020
(05/2020)","02/2023
(03/2026)","1421.46
(1421.46)",1234.54,95
444,"Laying of new 28 inch Desal Water Pipeline and 10 inch Reject Water Pipeline
between CPCL Manali Refinery and CPCL Desalination plant at Ennore
(Chennai Petroleum Corporation Limited [CPCL])
(709750)",Tamil Nadu,"01/2024
(01/2024)","09/2025
(12/2026)","205
(205)",80.82,56
447,"Creation of Gas Dehydration Facilities, Tripura Asset
(Oil and Natural Gas Corporation Limited [ONGC])
(709837)",Tripura,"03/2022
(03/2022)","05/2024
(05/2026)","209.33
(131.51)",72.24,66
,Total (93),,,,353598.97,191043.75,
,Healthcare,,,,,,
458,"AIIMS Darbhanga
(PMSSY AND Institute of NATIONAL Importance)
(701172)",Bihar,"NA
(09/2020)","09/2024
(-)","1264
(1264)",0,0
463,"Setting up IT Infrastructure including Network Security and Hosting at AIIMS, New
Delhi
(PMSSY AND Institute of NATIONAL Importance)
(617882)",Delhi,"09/2025
(09/2025)","09/2026
(-)","358.19
(358.19)",0,0
464,"Redevelopment of Residential colonies at Ayur Vigyan Nagar and West Ansari Nagar
campuses of AIIMS, New Delhi
(PMSSY AND Institute of NATIONAL Importance)
(617883)",Delhi,"10/2016
(06/2022)","06/2027
(-)","4441
(4441)",24.68,61
465,"AIIMS Rajkot
(PMSSY AND Institute of NATIONAL Importance)
(701170)",Gujarat,"01/2019
(01/2019)","03/2026
(03/2026)","1195
(1195)",775.1,93
468,"AIIMS Majra Rewari Haryana
(PMSSY AND Institute of NATIONAL Importance)
(701173)",Haryana,"02/2019
(02/2019)","12/2026
(12/2026)","1299
(1646.43)",529.46,51
469,"AIIMS Kashmir at Awantipora Jammu & Kashmir
(PMSSY AND Institute of NATIONAL Importance)
(701167)","Jammu and
Kashmir","01/2019
(03/2019)","12/2025
(06/2026)","1828
(2160.84)",1504.97,73
477,"ALL India Institute of Medical Sciences-AIIMS Madurai
(PMSSY AND Institute of NATIONAL Importance)
(701168)",Tamil Nadu,"12/2018
(12/2018)","08/2022
(10/2026)","1264
(2021.51)",387.07,46
478,"AIIMS Bibinagar
(PMSSY AND Institute of NATIONAL Importance)
(701171)",Telangana,"12/2018
(07/2022)","06/2026
(06/2026)","1028
(1365.95)",947.53,86
,Total (23),,,,17252.19,7780.69,
,Healthcare,,,,,,
,Total (13),,,,3234.03,1915.78,
,Healthcare,,,,,,
494,"Establishment of 600 bed super specialty hospital with optional development of
Medical college and further expansion on PPP basis.
(Mumbai Port Trust [MPT])
(708662)",Maharashtra,"08/2019
(01/2022)","06/2026
(12/2027)","693
(693)",58,11
,Total (1),,,,693,58,
,Inland Waterways,,,,,,
496,"Fairway Development in West Bengal Farakka - Kahelgaon
(Inland Waterways Authority of India [IWAI])
(611142)",Offshore,"01/2018
(08/2018)","07/2023
(04/2024)","177
(197)",383.41,100
,Total (2),,,,5546.18,4149.62,
,Shipping,,,,,,
497,"Development of Container Terminal at Tuna-Tekra, Deendayal Port on BOT Basis
Under PPP Mode
(Deendayal Port Trust)
(609424)",Gujarat,"10/2022
(03/2024)","03/2027
(-)","4243.64
(4243.64)",1145,40
498,"Construction of oil jetty No.8 at old kandla through internal resources
(Deendayal Port Trust [DPT])
(701568)",Gujarat,"02/2018
(02/2021)","02/2023
(07/2024)","100
(225.85)",186.47,90
500,"Mechanization of Berth No.14 for handling Containers and other cargo on DBFOT
basis - Phase II
(New Mangalore Port Authority)
(617804)",Karnataka,"12/2023
(06/2024)","03/2027
(-)","153.23
(153.23)",38.31,40
502,"Setting up of a Floating Storage and Regasification Unit [FSRU] - Mumbai
(Mumbai Port Trust [MPT])
(701586)",Maharashtra,"11/2020
(04/2021)","11/2026
(11/2026)","900
(900)",65,0
503,"Deepening and Optimization of Inner Harbour facilities including development of
Western Dock on BOT basis to handle Cape size vessels
(Paradip Port Trust [PPT])
(701574)",Odisha,"05/2022
(01/2023)","12/2027
(10/2028)","3004.63
(3004.63)",1277.52,50
,Total (9),,,,15124.41,9338.98,
,"Tourism, Hospitality & Wellness",,,,,,
506,"National Maritime Heritage Complex [NMHC] Phase-I
(Indian Port Rail & Ropeway Corporation Ltd. [IPRCL])
(707215)",Gujarat,"02/2019
(01/2022)","03/2024
(03/2026)","573
(1238.05)",545.51,73
,Total (1),,,,573,545.51,
,Department for Promotion of Industry & Internal Trade,,,,,,
,Logistics Infrastructure,,,,,,
507,"Integrated Multi Modal Logistics Hub at Nangal Chaudhary in Haryana - Other Trunk
Infrastructure Development Phase 1
(National Highways & Infrastructure Development Corporation Ltd. [NHIDCL])
(707410)",Haryana,"05/2018
(12/2021)","12/2023
(05/2028)","763
(763)",430,60
,Total (1),,,,763,430,
508,"Krishnapatnam Node - Phase 1 - Roads and Services Development
(National Industrial Corridor Development Corporation)
(701658)",Andhra Pradesh,"12/2020
(02/2024)","02/2028
(-)","2139.44
(2139.44)",625.56,30
509,"Tumakuru Node - Phase 1 - Roads and Services Development
(National Highways & Infrastructure Development Corporation Ltd. [NHIDCL])
(701657)",Karnataka,"12/2020
(02/2023)","09/2026
(-)","1701.81
(1701.81)",184.16,18
,Total (2),,,,3841.25,809.72,
,Metals & Mining,,,,,,
510,"Capacity expansion of Deposit-14 and 14 NMZ at Kirandul
(National Mineral Development Corporation Limited [NMDC])
(615202)",Chhattisgarh,"08/2021
(07/2022)","12/2028
(03/2028)","1700
(1756.2)",170.13,11
,Total (1),,,,1700,170.13,
,Steel,,,,,,
511,"Replacement of Hot Leveller No.1 of Plate Mill at Bhilai Steel Plant
(Steel Authority of India Limited [SAIL])
(617243)",Chhattisgarh,"07/2024
(08/2024)","07/2026
(-)","198.62
(198.62)",53.11,40
512,"Replacement of Converter Vessels, Trunnion Rings, Support System & Installation of
Secondary Emission at Bhilai Steel Plant
(Steel Authority of India Limited [SAIL])
(617255)",Chhattisgarh,"10/2023
(12/2023)","06/2026
(-)","471.83
(471.83)",198.89,57
513,"Rebuilding of Coke Oven Battery No.7 & 8 at Bhilai Steel Plant
(Steel Authority of India Limited [SAIL])
(617256)",Chhattisgarh,"11/2023
(01/2024)","10/2025
(03/2026)","884.1
(884.1)",568.32,84
515,"SCREENING PLANT-III AT KIRANDUL
(National Mineral Development Corporation Limited [NMDC])
(709826)",Chhattisgarh,"01/2009
(10/2021)","01/2026
(07/2027)","2718.84
(2718.84)",1430.03,80
516,"CONSTRUCTION OF RESIDENTIAL TOWERS AT BIOM KIRANDUL COMPLEX
(National Mineral Development Corporation Limited [NMDC])
(709827)",Chhattisgarh,"07/2021
(10/2022)","12/2025
(02/2026)","349.75
(349.75)",309.3,99
517,"New Sinter Plant at BSL, SAIL
(Steel Authority of India Limited [SAIL])
(400174)",Jharkhand,"03/2015
(10/2015)","10/2017
(06/2027)","1034.01
(1752.3)",929.04,53
518,"Replacement of existing Grinders in CRM-I & II at Bokaro Steel Plant
(Steel Authority of India Limited [SAIL])
(617249)",Jharkhand,"01/2025
(02/2025)","01/2027
(-)","211.94
(211.94)",23.4,24
519,"Secondary Emission Control in Converters of SMS-II at Bokaro Steel Plant
(Steel Authority of India Limited [SAIL])
(617250)",Jharkhand,"01/2025
(02/2025)","10/2026
(-)","207.13
(207.13)",22.94,14
520,"Revamping of old sub-systems of Blast Furnace 3 at Bokaro Steel Plant
(Steel Authority of India Limited [SAIL])
(617253)",Jharkhand,"08/2023
(10/2023)","07/2025
(05/2026)","513.82
(513.82)",381.45,84
521,"Replacement of remaining 04 sets of Battery Cyclones with 04 Nos. of ESPs in Sinter
Plant-1 at Bokaro Steel Plant
(Steel Authority of India Limited [SAIL])
(617254)",Jharkhand,"03/2024
(04/2024)","06/2026
(-)","260.37
(260.37)",65.74,30
522,"Rebuilding of Coke Oven Battery No.6 at Bokaro Steel Plant
(Steel Authority of India Limited [SAIL])
(617257)",Jharkhand,"11/2023
(12/2023)","11/2026
(-)","627.31
(627.31)",212.54,55
523,"Construction of Screening Plant-II for Donimalai and Kumaraswamy Iron Ore Mining
Complex of NMDC Limited at Ballari Dt, Karnataka.
(National Mineral Development Corporation Limited [NMDC])
(400121)",Karnataka,"11/2014
(06/2024)","08/2026
(-)","1043.63
(1043.63)",443.37,49
524,"Rebuilding of COB 4 at Durgapur Steel Plant
(Steel Authority of India Limited [SAIL])
(612781)",West Bengal,"09/2023
(09/2023)","12/2026
(-)","916.78
(916.78)",169.02,31
525,"Installation of New Bar Mill at Durgapur Steel Plant
(Steel Authority of India Limited [SAIL])
(617242)",West Bengal,"07/2024
(08/2024)","06/2027
(-)","2115.44
(2115.44)",323.48,45
526,"Up-gradation of Blast Furnace No. 3 at Durgapur Steel Plant
(Steel Authority of India Limited [SAIL])
(617246)",West Bengal,"09/2024
(10/2024)","06/2026
(-)","758.09
(758.09)",143.53,12
527,"Third Ladle Furnace in Secondary Refinery Unit at IISCO Steel Plant
(Steel Authority of India Limited [SAIL])
(617248)",West Bengal,"11/2024
(12/2024)","07/2026
(-)","227.96
(227.96)",57.21,46
528,"Revamping of Air Pollution Control Systems of SP-1 at Durgapur Steel Plant
(Steel Authority of India Limited [SAIL])
(617251)",West Bengal,"07/2024
(12/2024)","05/2026
(-)","196.4
(196.4)",31.28,9
529,"Stamp Charge Battery No.12 Battery Proper at IISCO Steel Plant
(Steel Authority of India Limited [SAIL])
(617338)",West Bengal,"01/2025
(02/2025)","07/2028
(-)","2518.39
(2518.39)",233.38,15
,Total (19),,,,18161.41,8959.01,
,Railways,,,,,,
530,"Nadikudi - Srikalahasti New Line
(South Central Railway [SCR] - II)
(400298)",Andhra Pradesh,"03/2012
(12/2016)","05/2027
(03/2028)","2312
(5932)",2650.58,54
531,"GOOTY-PENDEKALLU DOUBLING 29.225 Km
(South Central Railway [SCR] - II)
(611752)",Andhra Pradesh,"03/2023
(06/2023)","03/2027
(03/2027)","351.83
(351.83)",121.49,3
532,"GUNTAKAL WEST-MALLAPPA GATE RAIL OVER RAIL - ROR TRACK
(South Central Railway [SCR] - II)
(611754)",Andhra Pradesh,"07/2023
(07/2023)","07/2026
(-)","293.3
(293.3)",160.38,0
533,"Kurnool - Setting up facilities for coach midlife rehabilitation workshop
(WPO/Patna)
(611927)",Andhra Pradesh,"01/2014
(10/2017)","12/2023
(-)","560.72
(560.72)",276.66,65
534,"Flyover between Pendurthi and Simhachalam North to avoid surface crossing at
Simhachalam 7.135 km PB 73 of 2023 24 NR
(East Coast Railway [ECoR] - II)
(612827)",Andhra Pradesh,"04/2023
(05/2024)","04/2027
(-)","183.65
(183.65)",12.94,12
535,"3rd & 4th line between Vadlapudi -Gate Jn. cabin and Tie line between Gate Junction
to Gangavaram port
(East Coast Railway [ECoR] - II)
(616697)",Andhra Pradesh,"04/2023
(03/2024)","06/2026
(-)","154.28
(154.28)",41.38,60
536,"Tiupati Katpadi 104.39 kms
(South Central Railway [SCR] - II)
(617210)",Andhra Pradesh,"04/2025
(04/2025)","03/2029
(-)","1215.56
(1215.56)",0.13,0
537,"3rd Line between Gudur Renigunta 83.17 Km
(South Central Railway [SCR] - II)
(617216)",Andhra Pradesh,"10/2024
(10/2024)","03/2027
(-)","877.34
(877.34)",98.51,0
539,"Kotapalli - Narasapur New Line
(South Central Railway [SCR] - II)
(705436)",Andhra Pradesh,"03/2009
(09/2013)","03/2028
(03/2028)","2501
(2501)",1353.79,29
541,"Vijaywada-Gudur 3rd Line
(RVNL - II)
(705648)",Andhra Pradesh,"08/2016
(04/2018)","11/2024
(03/2026)","6654
(6654)",6114.84,95
543,"Furkating-New Tinsukia[194 Km]
(Northeast Frontier Railway [NFR])
(618986)",Assam,"09/2025
(09/2025)","06/2029
(-)","3633.58
(3633.58)",0.24,0
544,"Doubling of New Bonggigaon to Kamakhya via Goalpara - 176 km
(Northeast Frontier Railway [NFR])
(705572)",Assam,"09/2016
(09/2016)","03/2026
(03/2026)","4060
(4961)",3757.77,93
545,"Guwahati-Dibrugarh via Tinsukia & Simaluguri-Dibrugarh
(Central Organisation for Railway Electrification [CORE])
(706922)",Assam,"09/2020
(09/2018)","09/2020
(06/2024)","890.36
(889.36)",391.73,89
548,"Sakri -Hasanpur [via Harnagar - Kusheshwar Asthan] New Railway line
(East Central Railway [ECR] - I)
(400254)",Bihar,"12/2023
(08/1997)","12/2024
(03/2027)","735.2
(735.2)",588.82,84
549,"Construction of Bulb line at Nabinagar Ankorah of East Central Railway
(East Central Railway [ECR] - I)
(617231)",Bihar,"06/2024
(06/2024)","06/2028
(-)","611.74
(611.74)",0,0
551,"Hajipur-Sagauli New line
(East Central Railway [ECR] - I)
(705366)",Bihar,"10/2007
(10/2004)","03/2020
(12/2026)","2067
(2087)",2015.42,74
552,"Araria Supaul New BG Line
(East Central Railway [ECR] - I)
(705368)",Bihar,"06/2018
(03/2009)","03/2024
(01/2027)","1605
(2514)",1651.44,45
553,"Fatuha-Islampur incl. MM for extn.of NL from Neora to Daniawan , Daniawan to
Biharsharif, Biharsharif to Barbigha , Barbigha to Shekhpura
(East Central Railway [ECR] - I)
(705373)",Bihar,"08/2002
(03/2002)","03/2023
(08/2025)","1473
(2882)",2542.82,97
556,"Sagauli-Valmiknagar
(East Central Railway [ECR] - I)
(705527)",Bihar,"03/2018
(03/2017)","12/2025
(12/2025)","1216
(2222)",2084.79,92
557,"Muzaffarpur-Sugauli
(East Central Railway [ECR] - I)
(705528)",Bihar,"03/2018
(03/2017)","06/2024
(02/2026)","1586
(1586)",1480.31,99
558,"Rampur Dumra-Tal-Rajendrapul Additional Bridge and Railway Line Doubling
(Indian Railway Construction International Limited [IRCON])
(706759)",Bihar,"03/2016
(05/2017)","12/2024
(12/2025)","2373.64
(1700.24)",1493.16,98
559,"Barauni-Bachwara [16 km] - 3rd & 4th line incl. Barauni yard remodelling [32 km]
(East Central Railway [ECR] - I)
(706860)",Bihar,"10/2022
(08/2025)","08/2025
(10/2026)","645
(645)",43.21,56
560,"JHAJHA - BATIA
(East Central Railway [ECR] - I)
(900874)",Bihar,"03/2023
(03/2023)","03/2028
(01/2030)","588.18
(588.18)",1.19,0
561,"Kharsia-Dharamjaygarh with Spur line [East Corridor-Phase 1]
(Indian Railway Construction International Limited [IRCON])
(400220)",Chhattisgarh,"03/2016
(01/2014)","09/2018
(03/2026)","3055
(3407.09)",2637.75,94
562,"Doubling of Kirandul-Jagdalpur Line [150 km]
(East Coast Railway [ECoR] - II)
(400291)",Chhattisgarh,"02/2013
(03/2013)","03/2020
(05/2026)","1589
(1798)",1601.53,95
563,"Gauge Conversion of Kendri-Dhamtari including Abhanpur - Rajim Branch line 67.20
Kms - 2nd Material Modification to Raipur Titlagarh doubling.
(SECR)
(602792)",Chhattisgarh,"07/2011
(05/2021)","02/2025
(03/2026)","1171
(1171)",381.99,100
564,"4th line between Nipania Bhatapara 14.4 Km
(South East Central Railway [SECR] - II)
(612815)",Chhattisgarh,"12/2022
(05/2024)","03/2027
(-)","170.49
(170.49)",9.1,7
565,"KHARSIA- NAYA RAIPUR-PARMALKASA 5th and 6th Line [278KM]
(CAO/C/SECR)
(617200)",Chhattisgarh,"04/2025
(04/2025)","03/2031
(-)","7853.84
(7853.84)",0,0
567,"Dallirajhra- Rowghat New Railway Line - Phase I [95 km]
(Rail Vikas Nigam Limited)
(705433)",Chhattisgarh,"07/2009
(12/2009)","09/2025
(12/2025)","1628
(1628)",1440.85,82
568,"Gevra Road-Pendra Road New Railway Line [135 km]
(Indian Railway Construction International Limited [IRCON])
(705444)",Chhattisgarh,"04/2014
(04/2014)","03/2022
(12/2025)","4970
(7448.52)",4842.72,77
570,"4TH LINE - BHATAPARA-HATHBAND [8.8 KM] [PB-72/NR/2022-23]
(SECR)
(709815)",Chhattisgarh,"09/2022
(05/2024)","01/2027
(12/2027)","177.03
(177.03)",0,4
571,"4TH LINE - BHILAI-BHILAI NAGAR [8.8 KM] [PB-72/NR/2022-23]
(SECR)
(709816)",Chhattisgarh,"09/2022
(05/2024)","02/2027
(02/2027)","177.34
(177.34)",1.91,7
572,"4TH LINE - DADHAPARA-BELHA [9.2 KM] [PB-72/NR/2022-23]
(SECR)
(709817)",Chhattisgarh,"09/2022
(05/2024)","11/2026
(11/2026)","169.06
(169.06)",20.47,63
573,"4TH LINE RAJNANDGAON-DONGARHGARH [31.2 KM] [PB-72/NR/2022-23]
(SECR)
(709818)",Chhattisgarh,"09/2022
(05/2024)","01/2027
(01/2027)","328.34
(328.34)",63.51,30
574,"3RD AND 4TH LINE - SARAGBUNDIA AND MADWARANI
(SECR)
(709819)",Chhattisgarh,"09/2022
(05/2025)","12/2026
(12/2026)","167.64
(167.64)",0.18,6
575,"Redevelopment of New Delhi Railway Station and construction of associated
infrastructure
(Rail Land Development Authority)
(613785)",Delhi,"01/2023
(06/2024)","12/2028
(-)","4744
(4744)",169.58,2
576,"Development of New Bijwasan Railway Terminal
(Northern Railways)
(617379)",Delhi,"02/2008
(03/2013)","03/2020
(12/2026)","446.21
(446.21)",524.63,82
577,"Anand Vihar-Tilak Bridge 3rd & 4th line
(CAO/C/NR)
(705583)",Delhi,"03/2013
(03/2013)","03/2023
(12/2027)","667
(667)",291.39,64
578,"Kosamba Umarpada 70 Km
(PCE/WR)
(611918)",Gujarat,"07/2023
(07/2022)","03/2027
(-)","468
(468)",20.28,8
579,"New Broad Gauge line between Naliya to Jakhau Port
(Western Railway (WR) - II)
(611943)",Gujarat,"02/2023
(02/2023)","01/2028
(01/2028)","410.26
(410.26)",9.27,5
580,"Quadrupling between Gandhidham Adipur with Y connection at Adipur for providing
direct entry towards Mundra Port and Bhuj and high level platform at Gopalpur 11Kms
(Western Railway (WR) - II)
(611944)",Gujarat,"02/2023
(02/2023)","03/2026
(01/2026)","152.44
(152.44)",120.36,95
581,"Petlad Bhadran 23 Kms
(Western Railway)
(611945)",Gujarat,"05/2022
(05/2022)","05/2030
(05/2030)","307.11
(307.11)",13.66,17
582,"Samlaya Timba Road 54 km
(PCE/WR)
(611970)",Gujarat,"02/2023
(02/2023)","03/2030
(03/2030)","670.17
(670.17)",45.21,12
583,"Samni Jambusar 24 km
(PCE/WR)
(611971)",Gujarat,"05/2022
(05/2022)","03/2030
(03/2030)","350
(349.93)",70.64,31
584,"Western Railway Samakhiali Gandhidham Quadrupiling 53 Kms
(Western Railway (WR) - II)
(611974)",Gujarat,"08/2023
(08/2023)","12/2026
(06/2027)","1430
(1430)",323.15,25
585,"Dahod Creation of Infrastructure facilities for 9000 HP Electric locomotives
Manufacturing at
(PCE/WR)
(611977)",Gujarat,"05/2022
(02/2023)","02/2025
(-)","487
(487)",222.88,53
586,"Dahod Rolling Stock Workshop Provision of Infrastructure for CBS at
(PCE/WR)
(611978)",Gujarat,"11/2022
(03/2023)","03/2025
(-)","158
(158)",51.87,10
587,"Sabarmati Setting up of Maintenance Facilities for Train Sets Phase ii
(Western Railway (WR) - II)
(611979)",Gujarat,"01/2023
(04/2023)","06/2025
(03/2026)","250
(250)",127.56,76
588,"4th LINE BETWEEN BAREJADI NANDEJ-SANAND-AHMEDABAD BYPASS
(Western Railway WR - II)
(612072)",Gujarat,"02/2023
(02/2023)","03/2027
(07/2028)","961.67
(961.67)",361.72,19
589,"Redevelopment of Ahmedabad railway station and associated infrastructure on
engineering, procurement and construction mode
(Rail Land Development Authority)
(613786)",Gujarat,"01/2023
(11/2023)","03/2028
(-)","2379
(2379)",820.62,24
590,"Devbhumi Dwarka [Okha] - Kanalus Doubling
(Western Railway (WR) - II)
(618972)",Gujarat,"12/2025
(12/2025)","12/2028
(-)","1456.77
(1456.77)",0,0
591,"Miyagam-Karjan-Dabhoi-Samlaya [GC]
(Western Railway [WR] - II)
(705458)",Gujarat,"01/2017
(01/2017)","03/2021
(12/2026)","483.88
(1039.13)",648.18,42
594,"NADIAD-PETLAD [37.26 KM]
(Railway)
(709812)",Gujarat,"05/2022
(10/2023)","06/2030
(06/2030)","461.91
(461.91)",178.33,8
595,"NEW BG LINE INTERSECTION [5 NOS] BETWEEN GERATPUR-SANAND &
BOTAD-AHMEDABAD [16.51 KM]
(Western Railway (WR) - II)
(709813)",Gujarat,"10/2022
(07/2025)","06/2028
(10/2027)","437.21
(437.21)",95.69,20
597,"Doubling between Pradhankunta-Patherih-Bhojudih of East Central Railway
(East Central Railway [ECR] - I)
(617372)",Jharkhand,"11/2022
(11/2022)","12/2025
(03/2026)","349.22
(349.22)",118.77,71
598,"Koderma-Arigada Doubling 133.38 Km of East Central Railway
(East Central Railway [ECR] - I)
(617832)",Jharkhand,"06/2025
(06/2025)","12/2029
(-)","2887.11
(2887.11)",0,0
599,"Gomoh - Flyover for DN trains
(East Central Railway [ECR] - I)
(705765)",Jharkhand,"01/2018
(01/2018)","03/2026
(03/2026)","686
(686)",602.54,65
600,"Lodhma - Piska - Link Line bypassing Hatia/Ranchi with Y connection
(South Eastern Railway [SER] - I)
(705785)",Jharkhand,"08/2021
(03/2019)","06/2026
(05/2027)","473
(473)",291.12,5
602,"Construction of New BG line between Hassan to Belur [27 Km]
(South Western Railway [SWR] - II)
(400023)",Karnataka,"03/2019
(12/2025)","04/2028
(04/2027)","749
(749)",0.94,0
604,"New Railway Line between Ginigera and Raichur [165.57 km]
(South Western Railway [SWR] - II)
(705434)",Karnataka,"03/2008
(05/2009)","03/2019
(03/2027)","2565
(3034.98)",2156.91,66
605,"Gadag-Wadi New Railway Line [257 km]
(South Western Railway [SWR] - II)
(705490)",Karnataka,"04/2013
(08/2017)","03/2027
(12/2027)","2842
(6700)",1436.64,30
606,"Kadur - Chickamagalur - Sakleshpur [93km]
(South Western Railway [SWR] - II)
(705492)",Karnataka,"01/2014
(11/2016)","06/2025
(12/2025)","825
(825)",732.7,83
607,"Bagalkot-Kudachi New Railway Line [142 km]
(South Western Railway [SWR] - II)
(705495)",Karnataka,"10/2013
(11/2012)","03/2027
(01/2027)","1378
(1649)",750.4,35
609,"Bangalore-Whitefield-Bangalore City-Krishnarajapuram [23.08 km] - Quadrupling
(South Western Railway [SWR] - II)
(705663)",Karnataka,"02/2018
(06/2022)","02/2026
(02/2026)","493
(493)",282.53,84
610,"SHIMOGA - SHIKARIPURA - RANEBENNUR [96 Km]
(South Western Railway [SWR] - II)
(705761)",Karnataka,"09/2019
(02/2023)","12/2027
(06/2028)","1454
(1454)",81.36,12
612,"Belgaum-Dharwad via Kittur [73.10Km]
(South Western Railway [SWR] - II)
(706835)",Karnataka,"09/2020
(03/2025)","12/2027
(03/2029)","1591
(1591)",0.38,0
615,"Lalitpur-Satna, Rewa-Singrauli & Mahoba-Khajuraho
(North Central Railway)
(705480)",Madhya Pradesh,"01/2007
(03/1998)","03/2027
(12/2027)","8914
(8914)",6652.56,74
616,"Katni - Bina Third Railway Line [279 km]
(West Central Railway WCR I)
(705651)",Madhya Pradesh,"06/2016
(01/2017)","03/2022
(12/2025)","2478.23
(4127.23)",3357.47,99
618,"Doubling of Katni - Singrauli Railway Line [261 km]
(Indian Railway Construction International Limited [IRCON])
(705660)",Madhya Pradesh,"03/2016
(03/2017)","12/2025
(12/2025)","2445
(4377)",3267.93,100
619,"Katni Grade Separator/Bye Pass
(Indian Railway Construction International Limited [IRCON])
(705661)",Madhya Pradesh,"03/2016
(09/2017)","09/2024
(03/2026)","1248
(1248)",1722.72,95
620,"Indore - Budni New Railway Line [198 kms]
(RVNL - II)
(705763)",Madhya Pradesh,"08/2019
(10/2020)","09/2030
(09/2030)","7474
(7474)",2064.85,29
621,"Nimach-Ratlam Doubling [133 Km]
(Western Railway [WR] - II)
(705933)",Madhya Pradesh,"10/2021
(10/2021)","10/2027
(10/2027)","1095.88
(1095.88)",1067.49,89
622,"DHULE [BORVIHIR] - NARDANA NEW LINE [50.60 KMS]
(Central Railway)
(400019)",Maharashtra,"01/2019
(04/2023)","12/2026
(09/2027)","492.76
(1170.83)",440.73,25
623,"Wardha-Nanded Via Yavatmal New BG Line
(Central Railway [CR] - II)
(400271)",Maharashtra,"12/2017
(04/2008)","03/2025
(12/2026)","3445
(3445)",3002.93,50
625,"Redevelopment of Chhatrapati Shivaji Maharaj Terminus [CSMT] and construction of
associated infrastructure
(Rail Land Development Authority)
(613015)",Maharashtra,"04/2023
(07/2023)","03/2027
(-)","1813
(1813)",692.66,19
626,"Gondia-Balharshah [Chanda Fort] Doubling [240 Km]
(South East Central Railway)
(617201)",Maharashtra,"04/2025
(04/2025)","03/2031
(-)","4373.04
(4373.04)",0.51,0
627,"Doubling between Parbhani Parli Vaijanath stations 64.71 Km
(South Central Railway [SCR] - II)
(617215)",Maharashtra,"12/2023
(12/2023)","03/2028
(-)","769.93
(769.93)",62.46,0
628,"Babupeth - Sasti New Rail Line [13.114 KMs]
(CentralRailway)
(617361)",Maharashtra,"10/2024
(10/2024)","03/2028
(-)","362.81
(362.81)",0.48,0
629,"Double Chord line Between Nilaje-Kopar
(CentralRailway)
(617364)",Maharashtra,"01/2025
(01/2025)","07/2028
(-)","338.33
(205)",11.44,24
632,"Wadsa-Gadchiroli
(South East Central Railway)
(705479)",Maharashtra,"05/2017
(03/2012)","03/2027
(03/2027)","1886
(1886)",730.33,53
633,"3rd Line Kalyan - Kasara [67.35 Kilometres]
(Central Railway)
(705498)",Maharashtra,"09/2015
(09/2015)","12/2026
(12/2026)","792.89
(1395.79)",1024.34,69
634,"3rd Line Wardha - Sewagram - Nagpur
(Central Railway [CR] - II)
(705500)",Maharashtra,"09/2015
(05/2016)","12/2025
(10/2026)","540.02
(916.53)",798.89,88
635,"3rd Line Wardha - Ballarshah [132 Kilometres]
(Central Railway [CR] - II)
(705502)",Maharashtra,"03/2016
(12/2016)","12/2025
(02/2026)","1384.72
(2033.59)",1743.27,98
636,"Pune - Miraj-Londa [467 Kilometres]
(Central Railway)
(705503)",Maharashtra,"06/2016
(06/2016)","02/2025
(08/2025)","4027.53
(4872.52)",5142.37,100
637,"Doubling of Daund Manmad Line [247.6 km]
(Central Railway)
(705504)",Maharashtra,"10/2017
(03/2017)","12/2025
(03/2026)","2081.27
(3267.06)",2982.69,92
638,"4th Line Wardha - Nagpur [78.7 Kilometres]
(Central Railway [CR] - II)
(705505)",Maharashtra,"04/2017
(05/2018)","12/2025
(10/2026)","637.95
(1214.69)",1040.86,88
639,"3rd Line Manmad - Jalgaon [160 Kilometres]
(Central Railway [CR] - II)
(705506)",Maharashtra,"05/2017
(04/2018)","12/2024
(08/2025)","1035.16
(1870)",1800.16,100
640,"Solapur-tuljapur-Osmanabad
(Central Railway)
(705735)",Maharashtra,"08/2018
(12/2023)","03/2027
(03/2028)","904.92
(3295.74)",1199.39,12
709,"Jharsuguda-Barpali-Sardega Ph II Works- Rail Connectivity for Coal Loading Bulb at
Barpali.
(South Eastern Railway [SER] - I)
(400006)",Odisha,"10/2021
(10/2021)","10/2025
(12/2026)","808.99
(808.99)",542.88,32
710,"Proposed 6 nos Road Over Bridge [ROB] at different locations under MCL Talcher
Under Deposit Scheme.
(East Coast Railway [ECoR] - II)
(400045)",Odisha,"08/2022
(07/2022)","03/2025
(01/2025)","168.32
(168.32)",69.85,82
711,"Doubling of Lingaraj SILO connectivity of NTPC line and augmentation of NTPC
exchange yard and NTPC Block Cabin.
(East Coast Railway [ECoR] - II)
(400047)",Odisha,"08/2022
(06/2022)","12/2024
(12/2026)","210
(210)",37.17,50
712,"Doubling of lines connecting the loading spurs in Talcher Yard.
(East Coast Railway [ECoR] - II)
(400048)",Odisha,"09/2022
(06/2022)","12/2024
(04/2026)","186.21
(186.21)",93.02,86
713,"Brundamal-Jharsuguda- flyover connection for joining downline
(East Coast Railway [ECoR] - II)
(400232)",Odisha,"01/2014
(01/2014)","12/2026
(12/2026)","297
(297)",215.98,48
714,"3rd & 4th line between Sarla - Sason [8 km] [PB 73/2023-24/NR]
(East Coast Railway [ECoR] - II)
(612834)",Odisha,"04/2023
(04/2023)","12/2025
(-)","252
(252)",105.68,70
715,"Bangriposi-Gorumahisani new line [ 85.60 km ]
(CAO/C/SER)
(616586)",Odisha,"08/2024
(09/2025)","12/2029
(-)","2269.49
(2269.49)",4.41,0
716,"Badampahar-Kendujhargarh new line [82.06 km]
(CAO/C/SER)
(616587)",Odisha,"08/2024
(09/2025)","12/2029
(-)","1875.72
(1875.72)",1.93,0
717,"Flyover between Siju and Paradeep coaching Yard to avoid Surface crossing of trains
(East Coast Railway [ECoR] - II)
(616694)",Odisha,"04/2023
(10/2025)","07/2028
(-)","200.77
(200.77)",30,2
718,"Paradeep - Badabandha 3rd & 4th Line / 18.51kms
(East Coast Railway [ECoR] - II)
(616695)",Odisha,"08/2023
(04/2025)","11/2028
(-)","300.15
(300.15)",0.1,5
719,"New Line between Junagarh - Nabarangpur [116.21 Km]
(Indian Railway)
(618995)",Odisha,"08/2024
(08/2025)","08/2030
(-)","2864.51
(2864.51)",0,0
720,"Khurda-Bolangir New Broad Gauge Rail Link [301km]
(East Coast Railway [ECoR] - II)
(705358)",Odisha,"03/1994
(03/2001)","12/2026
(12/2026)","3792
(5089)",5370.68,90
721,"Talcher-Bimlagarh New Railway Line
(East Coast Railway [ECoR] - II)
(705359)",Odisha,"03/2004
(12/2004)","03/2025
(03/2027)","1928
(1928)",2021.63,51
722,"Bhadrak-Nergundi Third Line
(East Coast Railway [ECoR] - II)
(705510)",Odisha,"10/2015
(04/2015)","11/2024
(01/2026)","1284
(1284)",1323.62,91
723,"Koraput - Singapur Railway Doubling
(East Coast Railway [ECoR] - II)
(705513)",Odisha,"12/2015
(12/2015)","12/2027
(03/2028)","2362
(2362)",1892.65,72
724,"Jarapada- Budhapank with flyover at Talcher road 3rd and 4th Line
(East Coast Railway [ECoR] - II)
(705514)",Odisha,"11/2015
(12/2015)","11/2018
(03/2026)","1000
(810.02)",434.84,58
729,"GANDHAMARDAN IRON ORE MINES TO GOALDIH STATION/12.76kms
(East Coast Railway [ECoR] - II)
(709811)",Odisha,"09/2022
(05/2025)","09/2027
(09/2027)","190
(189.93)",0,0
730,"Jaynagar-Bijalpura, incl. extn. Bet, Bijalpura-Bardibas [Nepal]
(East Central Railway [ECR] - I)
(705362)",Offshore,"08/2015
(03/2011)","03/2022
(03/2026)","819
(819)",580.51,75
733,"Devgarh Madariya - Nathdwara Gauge Conversion [82.54 Km] part of Marwar - Mavli
Gauge Conversion [152 Km]
(North Western Railway [NWR])
(611849)",Rajasthan,"01/2023
(01/2023)","06/2028
(06/2028)","968.92
(968.92)",196.05,60
734,"Devgarh Madariya - Nathdwara Gauge Conversion [82.54 Km] part of Marwar - Mavli
Gauge Conversion [152 Km]
(North Western Railway [NWR])
(611855)",Rajasthan,"NA
(01/2023)","01/2027
(-)","968.92
(968.92)",576.63,60
735,"Maintenance cum workshop depot for Vande Bharat Sleeper Trains as per conditions
under WTA 527
(WPO/Patna)
(611929)",Rajasthan,"09/2022
(06/2023)","12/2024
(-)","166.86
(166.86)",0,0
736,"PUSHKAR- MERTA CITY NEW LINE
(North Western Railway [NWR])
(616841)",Rajasthan,"02/2024
(02/2024)","12/2026
(-)","799.64
(799.64)",75.78,6
737,"AJMER- CHANDERIYA DOUBLING
(North Western Railway [NWR])
(616843)",Rajasthan,"02/2024
(02/2024)","06/2027
(-)","1634.79
(1634.79)",211.26,10
739,"POKHRAN - RAMDEVRA New Line
(North Western Railway [NWR])
(617404)",Rajasthan,"04/2025
(04/2025)","03/2028
(-)","189.21
(189.21)",0,0
740,"NATHDWARA- NATHDWARA TOWN NL
(North Western Railway [NWR])
(617408)",Rajasthan,"03/2019
(04/2024)","03/2027
(-)","166.33
(166.33)",96.97,12
741,"Dholpur - Sirmuttra Gauge Conversion
(North Central Railway)
(705482)",Rajasthan,"03/2022
(04/2020)","02/2019
(02/2027)","747
(747)",446.59,47
749,"Doubling between Bhadrachalam Road and Dornakal
(South Central Railway [SCR] - II)
(616856)",Telangana,"08/2023
(04/2025)","04/2029
(-)","770.12
(770.12)",48.55,0
750,"Railway Manufacturing Unit
(RVNL - II)
(617409)",Telangana,"07/2016
(02/2023)","12/2026
(03/2026)","521.36
(521.36)",449.23,80
752,"Manoharabad-Kothapalli New Rail Line [151 km]
(South Central Railway [SCR] - II)
(705437)",Telangana,"07/2016
(01/2017)","03/2027
(12/2027)","1160
(2781)",2342.66,71
753,"Bahraich-Shravasti-Balrampur-Siddharthnagar -Santkabir nagar
(North Eastern Railway (NER) - II)
(400204)",Uttar Pradesh,"10/2018
(03/2017)","10/2030
(10/2030)","4939.78
(4939.78)",1283.08,8
754,"Sahjanwa-Dohrighat
(North Eastern Railway (NER) - II)
(400205)",Uttar Pradesh,"08/2019
(03/2017)","03/2029
(03/2029)","1319.75
(1319.75)",522.19,3
755,"Varanasi-Pt. Deen Dayal Upadhyaya multitracking 15km including construction of new
Rail-cum-Road Bridge across Ganga River.
(Northern Railways)
(617213)",Uttar Pradesh,"10/2024
(10/2025)","10/2029
(-)","2464.46
(2464.46)",0,0
756,"Anandnagar - Ghugli via Maharajganj New line 52.7 km
(Construction NER)
(617252)",Uttar Pradesh,"10/2023
(11/2023)","03/2028
(-)","958.27
(958.27)",459.99,23
758,"Surface triangle line bet. Bhadura stn and new crossing stn Karma
(East Central Railway [ECR] - I)
(617333)",Uttar Pradesh,"10/2022
(05/2024)","02/2027
(-)","199.96
(199.96)",1.05,0
759,"Doubling between Jaunpur Jn - Zaffarabad 6.28 km
(M/S SRC company Infra Private Limited)
(617370)",Uttar Pradesh,"03/2023
(02/2025)","01/2027
(-)","180.66
(180.66)",4,14
760,"Burhwal Gonda 3rd line
(North Eastern Railway [NER])
(705567)",Uttar Pradesh,"11/2017
(07/2019)","03/2025
(01/2026)","1016
(1118)",1489.37,88
761,"Janghai-Pratapgarh- Amethi
(CAO/C/II/NR)
(705588)",Uttar Pradesh,"11/2017
(03/2017)","03/2025
(03/2026)","722
(1194)",1619,70
762,"Lalitpur-Birari with flyover at Lalitpur- 16 Km
(North Central Railway)
(705766)",Uttar Pradesh,"03/2017
(11/2017)","12/2024
(01/2026)","304.44
(356)",243,82
764,"Mughalsarai-Allahabad, 3rd line
(North Central Railway)
(705772)",Uttar Pradesh,"12/2015
(03/2016)","12/2026
(03/2027)","2649
(2649.44)",1766.03,67
766,"Bhandai - Flyover for Etawah bound down train- 10 Km
(North Central Railway (NCR) - II)
(705777)",Uttar Pradesh,"07/2020
(04/2021)","02/2026
(02/2027)","250.18
(250.18)",115.69,8
767,"Bhatni-Aurnihar with electrification excluding Indara-Mau
(RVNL - I)
(705780)",Uttar Pradesh,"03/2018
(03/2017)","12/2024
(03/2026)","2529
(2529.46)",2080.46,94
769,"Allahabad division - Aligarh - Harduaganj Flyover
(North Central Railway)
(705918)",Uttar Pradesh,"04/2020
(02/2021)","10/2026
(03/2027)","1457
(1457)",400.19,34
770,"Rishikesh-Karnaprayag New Rail Line- 125 km
(RVNL - II)
(705429)",Uttarakhand,"11/2016
(08/2018)","12/2025
(12/2028)","38953
(38953)",27545.81,72
771,"Kalinarayanpur-Krishnanagar Doubling Alongwith Krishnanagar - Chapra New Line
And Naihati-Ranaghat 3rd Line.
(Eastern Railway [ER] - I)
(400247)",West Bengal,"07/2015
(11/2005)","02/2027
(02/2027)","1000
(1000)",1057.36,69
772,"Tarakeshwar-Bishnupur New Line [82.47 km]
(Eastern Railway [ER] - I)
(400273)",West Bengal,"03/2001
(02/2008)","03/2019
(02/2026)","1189
(1542)",1349.63,93
773,"Dum Dum Airport-New Garia via Rajarhat-Construction of Metro Railway
(RVNL - II)
(400277)",West Bengal,"03/2010
(10/2011)","12/2025
(03/2026)","8964
(8964)",8482.33,85
774,"Construction of Balurghat-Hilli new BG Line
(Northeast Frontier Railway [NFR])
(612096)",West Bengal,"12/2010
(12/2010)","03/2027
(03/2027)","1209
(1181.57)",418.64,14
775,"SER Upgradation of maintenance infrastructure at Shalimar into Vande Bharat Chair
Car maintenance cum workshop depot.
(South Eastern Railway - JH)
(617345)",West Bengal,"03/2024
(12/2024)","10/2026
(-)","226.87
(226.87)",33.94,40
777,"Noapara-Barasat via Bimanbandar - Construction of Metro railway [18 km]
(Metro Railway, Kolkata)
(706776)",West Bengal,"11/2010
(03/2010)","08/2026
(03/2029)","4830
(4830)",2764.13,32
778,"Baranagar-Barrackpore and Dakshineshwar- Construction of Metro Railway
(RVNL - II)
(706777)",West Bengal,"03/2010
(03/2010)","12/2026
(12/2030)","2298
(2734)",393.02,17
,Total (249),,,,694031.39,698710.05,
,Roads & Highways,,,,,,
781,"Gudivada Town 2 RoB, and Road improvement NH-165
(MoRTH)
(617984)",Andhra Pradesh,"03/2022
(05/2023)","05/2025
(-)","317.22
(317.22)",0,67
782,"Widening to two lane with paved shoulders from Km 0/0 to 64/020 Pamarru to
Akiveedu
(MoRTH)
(617985)",Andhra Pradesh,"03/2020
(11/2021)","11/2023
(02/2024)","529.54
(588.65)",0,67
783,"Kurnool/Kadapa Border-Jammalamadugu section of NH-167K i.e. Design Ch. Km
248010 to km 269900 to 2
(MoRTH)
(617986)",Andhra Pradesh,"03/2023
(12/2024)","12/2026
(-)","292.63
(292.63)",0,40
784,"Nandyala-Kurnool/Kadapa Border section of NH-167K i.e. Km 186/000 to Km
250/000Design Ch.186000 to 248010 to 2LPS
(MoRTH)
(617987)",Andhra Pradesh,"10/2024
(09/2025)","09/2027
(-)","691.81
(691.81)",0,14
785,"Sangameswaram - Atmakuru section from Km 96 to Km 124 & Velegodu- Nandyal
section including Nandyal Bypass from Km 143/6 to 185/9 NH-167K
(MoRTH)
(617988)",Andhra Pradesh,"10/2024
(07/2025)","07/2027
(-)","776.17
(644.14)",0,3
791,"Dornala to Kunta Junction from Design Chainage Km 244000 to 267990 section of
NH-765 Package-2
(MoRTH)
(618062)",Andhra Pradesh,"12/2022
(03/2024)","09/2025
(-)","244.83
(244.83)",0,84
797,"Rehabilitation and upgradation of New NH 544DD from design Chainage Km. 56/000
to 102/20 of Kalyandrg - Molakalmuru Section
(MoRTH)
(618194)",Andhra Pradesh,"03/2018
(08/2018)","02/2020
(11/2021)","294.13
(285.29)",287.94,98
800,"Construction of Paderu bypass Km 0000 to Km 13000 of 2- lane with paved shoulder
on NH-516E
(MoRTH)
(618254)",Andhra Pradesh,"03/2023
(01/2025)","07/2026
(-)","244.43
(244.43)",2.14,3
801,"Two laning with paved shoulders of Lambasingi to Paderusection of NH 516E
(MoRTH)
(618255)",Andhra Pradesh,"04/2020
(11/2023)","11/2025
(-)","361.24
(358.05)",77.68,23
804,"Two laning with paved shoulders of Gondiguda to Araku uptoBhallaguda section of NH
516E
(MoRTH)
(618258)",Andhra Pradesh,"08/2020
(09/2021)","09/2023
(04/2024)","296.66
(289.11)",237.52,91
805,"Two laning with paved shoulders of Paderu to GundigudaSection of NH 516E
(MoRTH)
(618259)",Andhra Pradesh,"08/2020
(03/2021)","03/2023
(03/2024)","222.61
(222.61)",122.52,100
806,"Construction of i Connecting Road from Z-Morh Tunnel to Zojila Tunnel Road Length
18.475km and ii 14.150 Km long 2-L Bi-directional single tube Zoji-la Tunnel across
Zojila Pass on Sonamarg - Kargil section from Km 82 to Km 118 of NH-01 under
PMDP
(NHIDCL)
(618412)",Andhra Pradesh,"01/2018
(10/2020)","09/2026
(12/2027)","6808.69
(6808.69)",3147.58,66
807,"Bangalore Chennai Expressway Phase-II Pkg-II from km.96.000 to Km 127.000
Baireddypalle to Bangarupalem section
(National Highways Authority of India [NHAI])
(618475)",Andhra Pradesh,"02/2021
(06/2023)","06/2025
(06/2026)","2548.04
(2548.04)",1079.15,83
808,"Bangalore Chennai Expressway Phase-II Pkg-III from km.127.000 to Km 156.000
Bangarupalem to Gudipala section
(National Highways Authority of India [NHAI])
(618476)",Andhra Pradesh,"11/2020
(10/2022)","10/2024
(-)","1407.33
(1407.33)",675.57,99
809,"Construction of flyover at Gammon Junction at Km.903.265 on NH16 including vent at
Diwancheruvu junction at Km.902.308 Blackspot ID No.AP03299 in Andhra Pradesh
on EPC mode under NHO
(National Highways Authority of India [NHAI])
(618525)",Andhra Pradesh,"03/2025
(10/2025)","10/2027
(-)","326.61
(223.29)",5.34,4
810,"Six Laning of Vijayawada Bypass from Gollapudi to Chinnakakani in Vijayawada -
Gundugolanu Section from km. 30.00 to km. 47.881 Pkg-IV
(National Highways Authority of India [NHAI])
(618527)",Andhra Pradesh,"01/2020
(07/2021)","01/2024
(-)","1194.57
(1757.82)",683.12,98
811,"6L of Anandapuram Pendurthi Anakapalli Section from km. 681.000 to km. 731.780 of
NH-16
(National Highways Authority of India [NHAI])
(618579)",Andhra Pradesh,"01/2018
(01/2019)","07/2021
(01/2020)","2527
(2957.25)",123.42,99
812,"Renigunta - Poyya - Naidupeta km 124.60 to km 183.4 of NH 71
(National Highways Authority of India [NHAI])
(618700)",Andhra Pradesh,"03/2020
(01/2022)","01/2024
(10/2024)","1863.09
(2510.14)",1336.5,98
813,"6L Access Controlled Greenfield Highway from Kodur Ch. 0000 to Vanavolu Ch.
24300 of [NH-544G] Package-1
(National Highways Authority of India [NHAI])
(618712)",Andhra Pradesh,"01/2023
(02/2024)","02/2026
(-)","912.94
(798.25)",300.71,81
814,"6L Access Controlled Greenfield Highway from Yerragudipadu Ch. 129000 to
Audireddipalle Ch. 160000 of [NH 544G] Package-6
(National Highways Authority of India [NHAI])
(618713)",Andhra Pradesh,"02/2023
(02/2024)","02/2026
(-)","1200.42
(1019.69)",178.28,26
815,"6L Access Controlled Greenfield Highway from Nallacheruvu palli Ch. 96300 to
Yerragudipadu Ch. 129000 of [NH-544G] Package-5
(National Highways Authority of India [NHAI])
(618714)",Andhra Pradesh,"02/2022
(02/2024)","02/2026
(-)","1253.26
(1095.78)",255.75,45
816,"6L Access Controlled Greenfield Highway from Odulapalle Ch. 72000 to Nallacheruvu-
palli Ch. 96300 of [NH-544G]Package-4
(National Highways Authority of India [NHAI])
(618715)",Andhra Pradesh,"01/2023
(02/2024)","02/2026
(-)","1058.9
(946.1)",328.75,66
817,"6L Access Controlled Greenfield Highway from Vankarakunta Ch. 45700 to Odulapalle
Ch. 72000 of [NH-544G]Package-3
(National Highways Authority of India [NHAI])
(618716)",Andhra Pradesh,"12/2022
(03/2024)","03/2026
(-)","992.91
(888.07)",279.55,67
818,"6L Access Controlled Greenfield Highway from Vanavolu Ch. 24300 to Vankarakunta
Ch. 45700 of [NH-544G] Package-2
(National Highways Authority of India [NHAI])
(618717)",Andhra Pradesh,"01/2023
(03/2024)","03/2026
(-)","750.81
(626.91)",203.14,76
819,"6L Access Controlled Greenfield Highway from Kavulakuntla Ch. 196000 to
Narayanmpet Ch. 203500Package-09
(National Highways Authority of India [NHAI])
(618718)",Andhra Pradesh,"02/2023
(02/2025)","02/2027
(-)","1092.18
(956.4)",118.56,20
820,"6L Access Controlled Greenfield Highway from Mallapalle Ch. 176000 to
Kavulakuntla Ch. 196000 Package-08
(National Highways Authority of India [NHAI])
(618719)",Andhra Pradesh,"02/2023
(02/2024)","02/2026
(-)","909.02
(751.81)",225.97,45
821,"6L Access Controlled Greenfield Highway from Audireddipalle Ch. 160000 to
Mallapalle Ch. 176000Package-07
(National Highways Authority of India [NHAI])
(618720)",Andhra Pradesh,"02/2023
(03/2024)","03/2026
(-)","987.1
(848.06)",254.31,57
822,"6L Access Controlled Greenfield Highway from Chandrasekharapuram Ch. 228000 to
Polavaram Ch. 260000of [NH-544G] Package-11
(National Highways Authority of India [NHAI])
(618721)",Andhra Pradesh,"02/2023
(02/2024)","02/2026
(07/2026)","1292.65
(1110.33)",255.86,48
823,"Khammam-Devarapalle Pkg IV [4L Access Controlled Greenfield from Recherla village
to Gurvaygudem village Design Chainage 105236 to 132664]
(National Highways Authority of India [NHAI])
(618748)",Andhra Pradesh,"11/2020
(09/2022)","09/2024
(05/2025)","569.37
(752.02)",322.23,100
824,"Khammam-Devarapalle Pkg V [4L Access Controlled Greenfield from Gurvaygudem
village to Devarapalle village Design Chainage 132664 to 162126
(National Highways Authority of India [NHAI])
(618749)",Andhra Pradesh,"12/2020
(09/2022)","09/2024
(06/2025)","711.94
(926.48)",376.2,95
825,"4L PS Mydukur - Badvel from Km 585.820 to Km 630.960 of NH-67
(National Highways Authority of India [NHAI])
(618759)",Andhra Pradesh,"05/2022
(09/2023)","09/2025
(-)","1063.57
(1103.87)",467.68,90
826,"4L of Pileru to Kalur Section from Km 55.900 to Km 92.800 & Km 94.500 to Km
95.717 of NH-71Package-II
(National Highways Authority of India [NHAI])
(618777)",Andhra Pradesh,"03/2022
(10/2023)","11/2025
(-)","1877.47
(592.85)",245.99,98
827,"4L of Madanapalle to Pileru Section from Km 0.000 to Km 55.900 of NH-71Package-I
(National Highways Authority of India [NHAI])
(618778)",Andhra Pradesh,"02/2022
(01/2023)","01/2025
(06/2025)","1877.47
(1994.1)",1104.54,94
828,"Development of 4L Road from Samarlakota to Achampeta Junction as part of
Kakinada Port Connectivity to NH-16 Rajanagaram Junction in East Godavari District
(National Highways Authority of India [NHAI])
(618803)",Andhra Pradesh,"09/2022
(08/2023)","08/2025
(-)","645.63
(750.2)",557.23,84
829,"Dedicated Port road to Krishnapatnam Port Package-I from Km. 0.000 to Km. 18.000
(National Highways Authority of India [NHAI])
(618804)",Andhra Pradesh,"03/2018
(12/2018)","12/2020
(-)","348.72
(341.36)",59.91,75
830,"4L Greenfield Road connecting North and South industrial cluster of Khandaleru Creek
near Krishnapatnam port at Thamminapatnam to Mollur from Km 0.0 to Km 16.046,
Part I & 6L extension of dedicated port road of NH-67 Km 18.0 to Km 19.3, Part II
(National Highways Authority of India [NHAI])
(618807)",Andhra Pradesh,"08/2022
(09/2023)","09/2025
(-)","609.43
(559.98)",425.92,73
831,"4 Laning of NH-544D from Km 0.000 to km 37.000 of Anantapur- Muchukota section
Pkg-1
(National Highways Authority of India [NHAI])
(618826)",Andhra Pradesh,"10/2022
(07/2023)","07/2025
(-)","907.76
(905.98)",411.28,91
832,"4 Laning of NH-544D from Km 37.000 to km 69.000 of Muchukota- Bugga section
Pkg-2
(National Highways Authority of India [NHAI])
(618827)",Andhra Pradesh,"10/2022
(08/2023)","08/2025
(-)","1097.57
(1055.23)",320.17,70
833,"4L PS from Mandlem Existing Km. 38.000/Design Km.30.600 to Atmakur Existing
Km.73.000/Design Km 66.115 of NH340C Package2
(National Highways Authority of India [NHAI])
(618919)",Andhra Pradesh,"03/2023
(11/2023)","11/2025
(-)","887.28
(913.03)",374.39,99
834,"Six Laning of Vijayawada Bypass from Chinna Avutapalli to Gollapudi in Vijayawada -
Gundugolanu Section from km. 0.00 to km. 30.00 Pkg-III
(National Highways Authority of India [NHAI])
(619076)",Andhra Pradesh,"01/2020
(02/2021)","02/2023
(03/2024)","1581.24
(1883.71)",580.31,98
835,"6L Jakkuva Korlam Section of NH-130CD Road from km 396.800 to km 421.100 Pkg
2
(National Highways Authority of India [NHAI])
(619111)",Andhra Pradesh,"02/2021
(03/2022)","03/2024
(07/2024)","840.51
(840.51)",404.58,99
836,"6L Kantakapalle Sabbavaram Section of NH-130CD Road from Km 445.100 to Km
464.662 Pkg-4
(National Highways Authority of India [NHAI])
(619112)",Andhra Pradesh,"02/2021
(10/2022)","10/2024
(-)","1012.57
(1012.57)",507.81,80
837,"6L Access Controlled Greenfield Highway from Narayanmpet Ch. 203500 to
Chandrasekharpuram Ch. 228000Package-10
(National Highways Authority of India [NHAI])
(619123)",Andhra Pradesh,"02/2023
(02/2024)","02/2026
(06/2026)","813.66
(678.21)",167.64,52
838,"6L Access Controlled Greenfield Highway from Polavaram Ch. 260000 to Marripudi
Ch. 285500 of [NH-544G]Package-12
(National Highways Authority of India [NHAI])
(619124)",Andhra Pradesh,"02/2023
(02/2024)","02/2026
(05/2026)","747.29
(626.83)",178.76,60
839,"6L Access Controlled Greenfield Highway from Somavarappadu Ch.314.600 to
Muppavaram Ch.343240 of [NH-544G] Package-14
(National Highways Authority of India [NHAI])
(619125)",Andhra Pradesh,"02/2023
(02/2024)","02/2026
(05/2026)","1103.9
(943.66)",161.56,35
840,"6L Access Controlled Greenfield Highway from Marripudi Ch. 285500 to
Somavarappadu Ch. 314600 of [NH-544G] Package-13
(National Highways Authority of India [NHAI])
(619126)",Andhra Pradesh,"02/2023
(02/2024)","02/2026
(-)","976.41
(798.71)",259.72,68
841,"6L of Naidupeta Junction - Turpukanupur Section from km 57.046 to km 91.927
(National Highways Authority of India [NHAI])
(619140)",Andhra Pradesh,"08/2022
(10/2023)","10/2025
(-)","1398.84
(965.58)",225.55,35
843,"Balance works in AP Portion and punch list items in TN & AP portion of NH-205
(National Highways Authority of India [NHAI])
(619160)",Andhra Pradesh,"10/2022
(07/2023)","01/2025
(-)","166.52
(113.46)",97.5,100
850,"Construction of 2-Laning with hard shoulders of Hayuliang Hawai bypass Road on
EPC basis from design Km. 51.825 to Km. 63.131 Existing Km 45.050 of
HayuliangHawai road to Hawai Town under SARDP-NE -Balance work Pkg - IV
(NHIDCL)
(618424)",Arunachal Pradesh,"01/2017
(05/2021)","05/2023
(07/2026)","256.66
(216.76)",0,93
852,"Construction of Balance work of 2-Lane with PS of Joram Koloriang Road from
existing Km122.600 to km138.00 [Design Km108.724 to Km123.714] in Arunachal
Pradesh on EPC Mode under SARDP-NE Pkg-7
(NHIDCL)
(618433)",Arunachal Pradesh,"02/2017
(10/2020)","04/2022
(07/2023)","184.89
(184.89)",0,98
859,"4-L Bilasipara-Guwahati Package-10
(NHIDCL)
(618282)",Assam,"03/2023
(12/2023)","06/2026
(-)","1264.9
(1264.9)",383.37,46
860,"4-L Bilasipara-Guwahati Package-9
(NHIDCL)
(618283)",Assam,"03/2023
(12/2023)","06/2026
(-)","1000.27
(1000.27)",322.08,45
862,"Widening/Improvement to 4 -Lane with Paved Shoulder from Ch. 88.000km to
Ch.99.930 km Design Ch.84.100km to Ch.96.000 km of Sagunbashi forest near
Nichinta to starting of Krishnai Bypass Section of Bilasipura Guwahati road NH 17 on
EPC Package-7
(NHIDCL)
(618285)",Assam,"03/2021
(10/2023)","10/2025
(-)","286.72
(286.72)",178.97,100
863,"Construction of New 2-Lane Bridge with its approaches from km 0000 to Km 4385
across River Brahmaputra on NH-17 at Jogighopa in Assam on EPC mode
(NHIDCL)
(618286)",Assam,"09/2021
(11/2021)","11/2024
(06/2026)","746.76
(746.76)",384.62,74
866,"Construction and up gradation to 4-Lane of existing two lane with paved shoulder from
Hapachara to Tulungia road of NH-117 of existing Km 0.00 to km 14.050 and Design
Km 0.000 to km 14.660 under BMP on EPC mode
(NHIDCL)
(618289)",Assam,"03/2020
(06/2020)","12/2022
(06/2024)","224.85
(224.85)",204.19,97
870,"Widening/lmprovement of Existing 2 lane to 4-Laning of Karimganj-Silchar section of
NH-37 from Design Ch 0.000 near Silchar ISBT to Design Ch 15.970 near Kalinagar
Pt I on NH-37 in Assam on HAM Mode Pkg-1
(NHIDCL)
(618313)",Assam,"03/2024
(09/2025)","09/2027
(-)","1181.55
(1181.55)",0,0
873,"Dillai to Lahorijan Package-7
(NHIDCL)
(618325)",Assam,"11/2021
(01/2023)","07/2024
(12/2025)","204.1
(204.1)",0,0
874,"Widening/Improvement to 4-Lane with Paved Shoulder from KM 38500 to Km 51246
Design Chainage 38500 to 50959 with proposed Daboka Bypass of Daboka-
Parokhaowa of NH 29 on EPC under NHO-NE Package-1
(NHIDCL)
(618326)",Assam,"01/2023
(11/2023)","11/2025
(-)","516.88
(516.88)",0,92
875,"Widening/Improvement to 4-Lane with Paved Shoulder from KM 113300 to Km
146230 Design Chainage 113830 to 145712 of Kwaram Taro Village - Dillai Section in
Assam on EPC Package-6
(NHIDCL)
(618327)",Assam,"09/2021
(07/2022)","07/2024
(03/2025)","625.64
(625.64)",0,0
878,"Widening/Improvement to 2-Lane Lane with Paved Shoulder from km 16900 Bogapani
to km 27150 Golai Goan on existing Dibrugarh to Ledo section with proposed Digboi
Bypass Green Field and Brownfield 2-LanePS of NH-315 OLD NH-38 in Tinsukia
District under NHO- NE Package-4
(NHIDCL)
(618339)",Assam,"01/2023
(12/2023)","12/2026
(-)","356.65
(356.65)",0,20
879,"Widening/Improvement to 4-Lane with Paved Shoulder from km 626030 Nalani hulla
Gaon to km 650450 Chotahapjan on existing Tinsukhia -Makum Bypass of NH-15
OLD NH-37 and Strengthening of existing NH-315 OLD NH-38 from Km 0000
Chotahapjan to Km 16900 Bogapani section 2-Lane PS in Assam on EPCMode under
NHO-NE Package-3
(NHIDCL)
(618340)",Assam,"01/2023
(05/2023)","05/2025
(-)","458.59
(458.59)",0,68
885,"Widening/Improvement to 4-Lane with Paved Shoulder configuration of existing single
lane road from Srirampur near Bhairiguri Village to Kachukhana Harichara Paglagaunj
Package-I of Srirampur - Dhubri Section of NH-127B from existing Km 0.000 to Km
28.050 Design Km 0.000 to Km 27.650, Design Length27.650 Km under JICA ODA
Loan assistance Phase-V -Balance work
(NHIDCL)
(618371)",Assam,"03/2022
(11/2024)","11/2026
(-)","613.89
(613.89)",172.31,56
886,"Widening / Improvement to 4-Lane with Paved Shoulder configuration of existing
single lane road from Kachukhana Harichara Paglagaunj to Dhubri - Phulbari Bridge
approach Package-II of Srirampur - Dhubri Section of NH-127B from existing Km
28.050 to Km 55.060 Design Km 27.650 to Km 54.154, Design Length26.504 Km
under JICA ODA Loan assistance Phase-V [Srirampur - Dhubri Pkg-2]
(NHIDCL)
(618372)",Assam,"03/2022
(01/2023)","01/2025
(-)","909.02
(909.02)",0,100
887,"Construction of 4-Lane Bridge including approaches over River Brahmaputra between
Dhubri on North Bank,Assam and Phulbari on south Bank,Meghalaya on NH-127B
under JICA ODA Loan assistance Phase-III
(NHIDCL)
(618373)",Assam,"05/2019
(12/2020)","09/2028
(12/2028)","4997.04
(4997.04)",2556.61,70
898,"Earthwork in Formation, Road Work, Construction of Bridges, Blanketing, P. Way
Linking works including Supply of P. Way Fittings and Track Ballast in connection with
Construction of Railway Siding from Jogighopa Railway Station to MMLP at Jogighopa
from Ch. 00 to 3760 on Item Rate basis Package -3, Railway Siding from Jogighopa
Railway Station to MMLP
(NHIDCL)
(618454)",Assam,"02/2020
(12/2020)","06/2022
(09/2024)","693.97
(693.97)",0,0
900,"6L Standalone Flyovers at Bongaigaon, Chapaguri, Pathsala, Simlaguri chowk and
Baihata Bypass Junctions on stretches of NH-31 and NH-27
(National Highways Authority of India [NHAI])
(618575)",Assam,"03/2022
(01/2023)","07/2024
(-)","457.72
(412.15)",371.63,100
901,"6L Standalone Flyovers at Raha, Demow, Borghat, Kathiatali junctions and ROB at
Jagiroad on stretches of NH 36 and NH 27
(National Highways Authority of India [NHAI])
(618576)",Assam,"03/2022
(12/2022)","06/2024
(-)","280.75
(255.53)",211.79,99
906,"Balance work of 4L of NarimbangloJatinga Junction- Harangajoroad section from Km
0.000 to Km 49.230 of NH-27
(NHAI)
(619089)",Assam,"03/2022
(01/2023)","01/2026
(-)","1909.98
(2745.74)",1170.02,89
908,"Widening & Strenthening from km132.895 to km 190.15 NH-80
(MoRTH)
(617958)",Bihar,"03/2021
(11/2022)","11/2024
(-)","566.1
(566.1)",221.6,79
,910,"Gaya-Hisua-Rajgir-Nalanda-Biharsharif section km0.00 to 92.935 NH-82
(MoRTH)
(617961)",Bihar,"01/2014
(11/2016)","11/2019
(07/2022)","1408.85
(2138.16)",0,97,
,914,"Sheohar-Sitamarhi Section km 40.000 to 79.400 km Lot-I
(MoRTH)
(618005)",Bihar,"02/2016
(05/2016)","05/2018
(06/2021)","178.85
(278.53)",0,98,
,915,"Sitamarhi-Jaynagar Section km 79.400 to km 156.500 Lot-II
(MoRTH)
(618006)",Bihar,"02/2016
(06/2016)","12/2018
(06/2021)","369.77
(503.28)",0,98,
,916,"Jaynagar-Narahia Section km 156.500 to km 219.945 Lot-III
(MoRTH)
(618007)",Bihar,"02/2016
(05/2016)","11/2018
(03/2021)","553.3
(706.39)",0,99,
,928,"Balance work - WB-10 Gandak Bridge Km 402.00 to Km 440.00 Devanpur - Kotwa
(National Highways Authority of India [NHAI])
(618569)",Bihar,"11/2021
(07/2022)","01/2024
(-)","210.05
(358.3)",104.28,63,
,929,"4L Elevated Highway and at grade improvements at Gopalganj Town from Km.
384.000 to Km. 386.750 on NH-27
(National Highways Authority of India [NHAI])
(618570)",Bihar,"10/2021
(03/2022)","08/2024
(-)","325.57
(248.92)",223.75,99,
931,"6L Greenfield Varanasi-Ranchi-Kolkata Highway from Pachmon village to
Anarbansalea village From KM. 116000 to KM. 151200 Package-6
(National Highways Authority of India [NHAI])
(618725)",Bihar,"03/2023
(09/2025)","09/2027
(-)","1915.99
(1920.21)",0.74,1
932,"6L Greenfield Varanasi-Ranchi-Kolkata Highway from junction with Chandauli-
Chainpur Road near Khainti village to junction with Bhabhua-Adhaura road near Palka
village from Km. 27.000 to Km. 54.000 Pkg-2
(National Highways Authority of India [NHAI])
(618726)",Bihar,"03/2023
(10/2025)","10/2027
(-)","1240.93
(1341.52)",31.87,5
933,"6L Greenfield Varanasi-Ranchi-Kolkata Highway from junction with Bhabhua-Adhaura
road in Bhairopur village to Konki village From KM. 54.000 to KM. 90.000Pkg-3
(National Highways Authority of India [NHAI])
(618727)",Bihar,"03/2023
(10/2025)","10/2027
(-)","1576.94
(1711.44)",18.62,7
934,"6L Bridge and its approaches across River Ganga as Part of Patna Ring Road NH-
131G starting from Km 8.480 near Sherpur to Km 23.000 near Dighwara
(National Highways Authority of India [NHAI])
(618738)",Bihar,"09/2022
(09/2023)","09/2027
(-)","6291.69
(3351.62)",457.62,14
935,"4L Greenfield Alignment of Amas to Shivrampur from 0.000 Km. to 55.002 Km. of NH
119 D Pkg-I
(National Highways Authority of India [NHAI])
(618739)",Bihar,"02/2022
(03/2023)","03/2025
(12/2025)","1390.92
(1427.43)",282.35,33
936,"4L Greenfield Alignment of Shivrampur to Ramnagar from Km. 55.002 to Km.
109.300 of NH 119 D Pkg-II
(National Highways Authority of India [NHAI])
(618740)",Bihar,"02/2022
(07/2023)","07/2025
(12/2025)","1494.31
(1546.07)",193.54,39
937,"4L Greenfield Alignment from Kalyanapur to Tal Dashraha of NH-119D Pkg-III
(NHAI)
(618741)",Bihar,"03/2022
(02/2023)","02/2025
(-)","1857.58
(1969.3)",345.76,30
938,"Ara - Mohania Pkg-II
(National Highways Authority of India [NHAI])
(618774)",Bihar,"08/2020
(01/2021)","07/2023
(11/2025)","984.63
(827.51)",798.12,100
939,"Ara Bypass
(National Highways Authority of India [NHAI])
(618775)",Bihar,"03/2025
(10/2025)","04/2027
(-)","226.32
(226.32)",0.08,0
940,"4L of Aurangabad-Paithan
(NHAI)
(618779)",Bihar,"09/2022
(01/2023)","07/2024
(-)","1505
(349.96)",305.2,96
941,"4L PS under NH configuration of Manikpur-Sahebganj of NH-139W
(National Highways Authority of India [NHAI])
(618791)",Bihar,"10/2024
(01/2026)","12/2027
(-)","1538.76
(1538.76)",0.23,5
942,"Aunta - Simaria including Ganga Bridge
(National Highways Authority of India [NHAI])
(618839)",Bihar,"NA
(08/2018)","02/2022
(05/2025)","1309.47
(2107.68)",805.51,100
943,"Simaria Km. 206.050 to Khagaria Km. 266.282
(National Highways Authority of India [NHAI])
(618840)",Bihar,"NA
(10/2016)","04/2019
(03/2025)","664.02
(891.64)",340.08,97
944,"4L Elevated Section and at-grade improvements at Begusarai town Simaria - Khagaria
section from Km. 221.047 to Km. 225.302 of NH-31
(National Highways Authority of India [NHAI])
(618841)",Bihar,"10/2021
(06/2022)","12/2024
(12/2025)","491.04
(348.38)",325.6,93
945,"Bakhtiyarpur-Rajauli Pkg-II from km. 54.405 to km.101.630
(National Highways Authority of India [NHAI])
(618861)",Bihar,"09/2020
(04/2021)","07/2023
(-)","897.45
(1397.47)",697.42,97
946,"Maheshkunt-Saharsa-Purnea Pkg I km 0.00 to km. 90.00 of NH-107
(National Highways Authority of India [NHAI])
(618902)",Bihar,"02/2017
(12/2019)","12/2021
(08/2025)","662.44
(1311.22)",902.44,85
947,"Maheshkunt -Saharsa-Purnea Pkg II
(National Highways Authority of India [NHAI])
(618903)",Bihar,"NA
(12/2018)","12/2020
(11/2025)","1028.28
(1244.09)",814.45,89
948,"Chhapra - Hajipur from km. 143.200 to km. 209.200
(National Highways Authority of India [NHAI])
(618904)",Bihar,"NA
(01/2011)","07/2013
(-)","2127.86
(2171.6)",3.78,57
949,"4L of Bal. works of Patna - Gaya -Dobhi Pkg-II from km. 39.00 to km. 83.00 of Old NH-
83
(National Highways Authority of India [NHAI])
(618915)",Bihar,"09/2019
(11/2020)","11/2022
(05/2025)","1637.29
(777.2)",728.91,89
950,"4L of Bal. works of Patna - Gaya -Dobhi Pkg-III from km. 83.00 to km. 127.217 of Old
NH-83
(National Highways Authority of India [NHAI])
(618916)",Bihar,"09/2019
(11/2020)","11/2022
(05/2025)","1077.46
(799.7)",774.78,92
951,"Umagaon-Saharsa Package-IV Koshi Bridge & approach Road - Bheja-Bakaur
(NHAI)
(618953)",Bihar,"02/2019
(02/2020)","08/2023
(-)","1199.58
(1223.94)",864.12,87
952,"2L PS of Majhauli to Charout section from km. 0.00 to km. 63.655
(NHAI)
(618955)",Bihar,"01/2018
(11/2019)","11/2021
(-)","638.29
(1067.51)",125.18,99
953,"4L of Greenfield Alignment from Km. 47.000 to Km. 89.210 of Balbhadarpur to Bela
Nawda Section of NH-119D
(NHAI)
(619127)",Bihar,"03/2022
(03/2024)","03/2026
(-)","2185.75
(2118.46)",373.6,22
954,"Rehabilitation and Upgradation of Chorma - Bairgania Section of National Highway
No 227F to 2 lane with paved shoulders from Design Ch.0.000 to Ch. 34.566
(National Highways Authority of India [NHAI])
(619136)",Bihar,"06/2022
(02/2024)","01/2026
(-)","610.78
(628.65)",299.57,97
955,"Bakhtiyarpur Km 153.300 to Mokama Km 197.900
(National Highways Authority of India [NHAI])
(619152)",Bihar,"NA
(06/2017)","12/2019
(02/2021)","1182.94
(1898.84)",59.61,99
956,"Umagaon-Saharsa Package-V Bakaur-Parsarma-Bangaon-Bariyahi & Spur to Mahishi
(NHAI)
(619166)",Bihar,"10/2022
(12/2023)","12/2025
(-)","768.35
(968.42)",383.04,98
960,"Up-gradation of NH-930 Sherpar to Kohka from Km.67880 to Km.114860 to 2LPS in
Chhattisgarh under EPC mode
(MoRTH)
(618064)",Chhattisgarh,"03/2020
(05/2022)","05/2024
(-)","278.97
(278.97)",201.05,90
962,"Durg-Raipur Bypass Section Package - 1 from km. 0.00 to km. 44.50 near Tendesara
to near Khatti Village
(National Highways Authority of India [NHAI])
(618589)",Chhattisgarh,"06/2022
(07/2023)","07/2025
(-)","1828
(1656.73)",537,60
963,"Durg-Raipur-Arang Package - 2 from km. 44.50 to km. 92.23 near Khatti Village to
near Aurang
(National Highways Authority of India [NHAI])
(618590)",Chhattisgarh,"06/2022
(06/2023)","05/2025
(-)","1958.9
(1561.97)",406.66,40
964,"4L of Bilaspur to Urga km 0.00 to 70.2 of NH-130A
(National Highways Authority of India [NHAI])
(618639)",Chhattisgarh,"04/2020
(03/2022)","03/2024
(-)","1855.59
(2523.86)",719.76,94
965,"Development of 6L of Jhanki Sargi Section Road from km 0.000 to km 42.800 of NH-
130CD Pkg-CG-1
(National Highways Authority of India [NHAI])
(618673)",Chhattisgarh,"11/2021
(09/2022)","09/2024
(-)","1368.19
(1129.14)",617.73,98
966,"Development of 6L Sargi Basanwahi Section from km 42.800 to km 99.500 of NH-
130CD Pkg-CG-2
(National Highways Authority of India [NHAI])
(618674)",Chhattisgarh,"12/2021
(01/2023)","01/2025
(09/2025)","1470.73
(1461.81)",694.37,94
967,"Development of 6L of Basanwahi Marangpuri Section from km 99.500 to km 124.661
of NH-130-CD
(National Highways Authority of India [NHAI])
(618675)",Chhattisgarh,"03/2022
(10/2023)","10/2025
(07/2026)","1307.16
(1303.63)",381.96,56
968,"Conversion of Partially Excavated Escape Tunnel to Uni-Directional 2L
Tunnelincluding construction of cross passages and approach roads on either side of
the tunnel from Km 12.732 to Km 14.568 of Kiratpur to Nerchowk Section of NH-21
(National Highways Authority of India [NHAI])
(618849)",Chhattisgarh,"05/2022
(09/2022)","03/2024
(08/2025)","444.21
(412.88)",394.57,100
969,"4/6 Laning of Raipur-Simga Pkg-I from km. 0.00 to km. 48.58
(National Highways Authority of India [NHAI])
(619103)",Chhattisgarh,"NA
(04/2016)","04/2018
(-)","1096.52
(1172.36)",18.71,100
970,"4 Laning with PS of Pathrapalli-Katghora km 53.3 to km 92.6 Pkg-II of Bilaspur
Kathghora
(National Highways Authority of India [NHAI])
(619167)",Chhattisgarh,"12/2019
(12/2020)","12/2022
(07/2023)","865.1
(1275.26)",412.34,93
971,"Development of 6L UER II [Package - I] NH-1 Near Bakoli till Karala Kanjhawala Road
from km. 0.70 to km.15.00
(National Highways Authority of India [NHAI])
(618509)",Delhi,"07/2020
(10/2021)","10/2023
(02/2025)","2089.94
(2203.45)",1796.13,99
972,"6L Access Controlled Highway from DND Maharani Bagh - Jn. with Jaitpur - Pushta
Road of NH-148NA from km. 0.00 to km. 9.00 in NCR
(National Highways Authority of India [NHAI])
(618578)",Delhi,"07/2020
(01/2022)","07/2024
(04/2026)","1467.44
(2510.34)",1349.87,96
974,"Construction of Six lane Elevated Corridor from Km. 508.000 to Km. 513.150 including
approaches on NH-66
(MoRTH)
(617942)",Goa,"04/2023
(04/2024)","04/2026
(02/2026)","641.46
(641.46)",0,71
980,"Work of development and construction of elevated corridorfrom km 38/660 to km
42/690 Iscon junction to start point of approach of sanand flyover of NH-147 in the
sate of Gujarat
(MoRTH)
(617976)",Gujarat,"03/2023
(06/2024)","06/2026
(-)","530.2
(530.2)",28.67,55
984,"Delhi-Vadodara Greenfield Alignment NH-148N Pkg-26 Ch.696890 to Ch.726390
(National Highways Authority of India [NHAI])
(618459)",Gujarat,"09/2020
(12/2022)","08/2024
(-)","1555.2
(1556.4)",964.17,72
985,"Delhi-Vadodara Greenfield Alignment NH-148N Pkg-28 Ch.756052 to Ch.781282
(National Highways Authority of India [NHAI])
(618460)",Gujarat,"09/2020
(11/2021)","11/2023
(05/2025)","1263.38
(1266.98)",864.08,96
986,"Delhi-Vadodara Greenfield Alignment NH-148N Pkg-30 Ch 803420 to Ch.824920
[Baletiya Village - Junction near Pratap Nagar Village]
(National Highways Authority of India [NHAI])
(618461)",Gujarat,"11/2019
(09/2021)","09/2023
(06/2024)","1800.73
(1800.73)",1090.06,99
987,"Delhi-Vadodara Greenfield Alignment NH-148N Pkg-31 Ch.824920 to Ch.844382
[Junction near Pratap nagar Village - Junction near Dodka Village]
(National Highways Authority of India [NHAI])
(618462)",Gujarat,"11/2019
(05/2021)","05/2023
(-)","1644.85
(1651.14)",929.98,95
988,"Vadodara Mumbai Expressway Kim to Ankleshwar Phase IA - Pkg V
(National Highways Authority of India [NHAI])
(618463)",Gujarat,"02/2018
(11/2019)","10/2021
(04/2025)","1324.84
(2807.48)",1240.62,91
989,"Vadodara Mumbai Expressway Gandeva to Ena Phase IB - Pkg VII [Km 190.00 to Km
217.500]
(National Highways Authority of India [NHAI])
(618465)",Gujarat,"07/2020
(11/2021)","11/2023
(03/2025)","1710.3
(3392.21)",2152.35,97
990,"Ahmedabad - Dholera Pkg I from km. 0.00 to km. 22.00 [Sardar Patel Ring Road -
Sindhrej Village]
(National Highways Authority of India [NHAI])
(618501)",Gujarat,"05/2020
(01/2022)","01/2024
(10/2024)","1298
(1421.05)",1005.12,99
991,"Ahmedabad - Dholera Pkg II from km. 22.00 to km. 48.52 [Sindhrej Village - Vejallka
Village]
(National Highways Authority of India [NHAI])
(618502)",Gujarat,"05/2020
(01/2022)","01/2024
(-)","1415.34
(1729.69)",997.08,99
992,"Ahmedabad - Dholera Pkg III from km. 48.52 to km. 71.06 [Vejallka Village - Start of
DSIR zone]
(National Highways Authority of India [NHAI])
(618503)",Gujarat,"05/2020
(07/2021)","07/2023
(05/2024)","1034.04
(1155.41)",947.31,100
993,"Ahmedabad - Dholera Pkg IV from km. 71.06 to km. 109.019 [Start of DSIR zone -
Adhelai Village]
(National Highways Authority of India [NHAI])
(618504)",Gujarat,"05/2020
(12/2021)","12/2023
(10/2024)","1181.76
(1358.73)",1202.2,97
994,"Sanchore - Santalpur from km 67.000 - km 99.000 of NH-754K AJ-RGBS-Package-3
(National Highways Authority of India [NHAI])
(618614)",Gujarat,"02/2020
(08/2021)","08/2023
(01/2024)","752.3
(765.25)",560.81,99
995,"Sanchore - Santalpur from km 99.000 - km 130.073 of NH-754K AJ-RGBS-Package-4
(National Highways Authority of India [NHAI])
(618615)",Gujarat,"02/2020
(03/2021)","03/2023
(12/2024)","778.15
(835.55)",663.36,99
996,"4L of Dhrol bypass section of NH-151A Approx. length 5.7 Km & widening upto 4
laning of missing link of Amran section of NH-151A Approx. length 6.55 Km from
existing Ch. 42000 to 48500 of ongoing Dhrol-Bhadra-Pipaliya section of NH-151A
(National Highways Authority of India [NHAI])
(618616)",Gujarat,"03/2024
(02/2025)","02/2027
(-)","625.58
(455.54)",50.38,10
997,"Upgradation to 4L PS from Bhimasar, Junction of NH-41 to Anjar- Bhuj upto Airport
Junction from Km 0.000 to Km 65.478 of NH-341
(National Highways Authority of India [NHAI])
(618787)",Gujarat,"03/2022
(01/2023)","06/2025
(-)","1373.06
(1687.25)",751.31,96
998,"Kodinar - Veraval Package VI from km. 221.610 to km. 263.00 of NH-8E & km.
120.900 to km. 121.150 of NH-8D
(National Highways Authority of India [NHAI])
(618833)",Gujarat,"NA
(02/2018)","07/2020
(10/2024)","894.01
(1127.42)",445.94,98
999,"4L Kodinar - Veraval Package VI from km. 222.400 to km. 230.00 Kodinar Bypass of
NH-8E NH 51 new
(National Highways Authority of India [NHAI])
(618834)",Gujarat,"03/2022
(04/2022)","09/2023
(-)","162.73
(192.01)",162,100
1000,"4L of Bal Works of Talaja - Mahuva from 54.990 km. to 100.450 km. of Old NH-8E
Package-II
(National Highways Authority of India [NHAI])
(618835)",Gujarat,"08/2020
(03/2021)","09/2022
(-)","698.4
(735.51)",418.41,100
1001,"4L PS from Ch. 94.030 in Jabugam Village to Ch. 132.320 in Dhamasiya Village of
NH-56 Pkg-III
(National Highways Authority of India [NHAI])
(618930)",Gujarat,"03/2023
(11/2025)","11/2027
(-)","1188.46
(898)",-4.88,1
1002,"4L PS from Ch. 179.780 in Bitada/Movi Village to Ch. 208.900 in Nasarpore Village of
NH-56 Pkg-V
(National Highways Authority of India [NHAI])
(618931)",Gujarat,"03/2023
(11/2025)","11/2027
(-)","764.02
(566.96)",0.24,0
1003,"6L of Chiloda-Naroda section from Km. 540.595 to Km. 555.595 of NH-8Package-VII
(National Highways Authority of India [NHAI])
(619067)",Gujarat,"NA
(05/2017)","05/2019
(07/2021)","356.6
(463.03)",39.06,100
1004,"Widening to 6L of Existing 4L Jetpur - Gondal - Rajkot Section from Km. 117.600 to
Km. 185.00 on NH-27
(National Highways Authority of India [NHAI])
(619087)",Gujarat,"03/2022
(09/2023)","09/2025
(01/2027)","2070.44
(1390.29)",748.65,56
1005,"4L of Dwarka-Khambaliya-Devariya section from km 203.500 to km 176.500 and from
km 171.800 to km 125.000 of NH-151A
(National Highways Authority of India [NHAI])
(619137)",Gujarat,"01/2019
(02/2020)","08/2022
(06/2023)","1024.69
(1753.95)",542.11,100
1006,"Four Laning of Una to Kodinar from km. 180.478 to km. 221.610 Package-V
(National Highways Authority of India [NHAI])
(619145)",Gujarat,"NA
(02/2017)","08/2019
(-)","877.71
(1126.66)",114.11,100
1007,"Kagvadar - Una Package-IV
(National Highways Authority of India [NHAI])
(619146)",Gujarat,"NA
(03/2017)","09/2019
(-)","750.53
(955.78)",41.54,97
1008,"4L of Bal Works of Mahuva to Kagvadar from 100.450 Km. to 140.470 Km. of NH-8E
Pkg- III
(National Highways Authority of India [NHAI])
(619147)",Gujarat,"08/2020
(03/2021)","09/2022
(-)","603.08
(628.49)",230.04,99
1009,"4L of Bhavnagar - Talaja Package-I from Km. 6.945 to Km. 54.990 of Old NH-8E
(National Highways Authority of India [NHAI])
(619148)",Gujarat,"NA
(02/2017)","08/2019
(-)","1185.66
(1343.16)",53.18,100
1010,"Delhi-Amritsar-Katra Expressway Phase-I Pkg-III from Junction with Jind-Panipat road
NH-352A near Gangana village to Junction with Jind-Karnal road NH-709A near
Alewa village Km 60800 to Km 91400
(National Highways Authority of India [NHAI])
(618484)",Haryana,"12/2020
(12/2021)","12/2023
(05/2024)","1606.27
(1813.91)",631.62,79
1011,"Delhi-Amritsar-Katra Expressway Phase-I Pkg-IV from Junction with Jind-Karnal road
NH-709A near Alewa village to Junction with Ambala-Kaithal-Hissar road NH-152 near
Kharak Pandwa village Km 91400 to Km 120250
(National Highways Authority of India [NHAI])
(618485)",Haryana,"01/2021
(12/2021)","12/2023
(03/2024)","1306.95
(1578.66)",563.2,76
1012,"Gohana - Sonipat PKG-2
(National Highways Authority of India [NHAI])
(618580)",Haryana,"01/2019
(07/2020)","07/2022
(-)","1275.31
(1957.44)",457.95,97
1013,"4L Greenfield Jalbhera Shahbad section from km. 0.000 to km. 22.850 of NH-152G
(National Highways Authority of India [NHAI])
(618788)",Haryana,"03/2022
(06/2023)","05/2025
(-)","927.22
(1173.66)",338.94,87
1014,"4L Bhiwani-Hansi road section of NH-148B
(National Highways Authority of India [NHAI])
(618792)",Haryana,"11/2022
(12/2023)","12/2025
(-)","1330.23
(1144.21)",395.59,99
1015,"Jagadhari - Tajewala from Km -0.175 to 32.337 km of NH-344
(National Highways Authority of India [NHAI])
(618936)",Haryana,"03/2022
(02/2023)","02/2025
(03/2026)","1269.5
(919.43)",632.77,55
1016,"4L PS of Ambala Ring Road of New NH-44
(National Highways Authority of India [NHAI])
(619080)",Haryana,"02/2023
(10/2023)","10/2025
(-)","1093.35
(1225.41)",353.01,68
1017,"4L of Jind-Gohana road Package-1 from km. 0.00 to km. 40.601 of NH-352 A under
NHO
(National Highways Authority of India [NHAI])
(619092)",Haryana,"01/2019
(07/2020)","07/2022
(-)","994.22
(1606.82)",416.79,99
1018,"4/6L of Gurgaon - Pataudi - Rewari from km. 0.00 to km.43.87 of NH-352W
(National Highways Authority of India [NHAI])
(619132)",Haryana,"05/2020
(11/2021)","11/2023
(12/2025)","1810.04
(1917.5)",462.02,72
1020,"Rehabilitation and Upgrading of NH-707 OLD 72-B Package - 2 Hewna to Ashyari
(MoRTH)
(618051)",Himachal Pradesh,"04/2020
(03/2021)","03/2023
(03/2023)","242.8
(220.95)",74.87,98
1025,"Nerchowk km 190.000 to Pandoh including Pandoh bypass km221.305
(National Highways Authority of India [NHAI])
(618850)",Himachal Pradesh,"03/2016
(01/2018)","07/2020
(07/2025)","1464.12
(1651.67)",841.02,100
1026,"4L Sundar Nagar Bypass from Km.173.900 to Km.179.600 of NH-21
(National Highways Authority of India [NHAI])
(618852)",Himachal Pradesh,"02/2022
(06/2022)","06/2024
(-)","191.11
(192.11)",181.27,100
1027,"Rehabilitation and Upgradation to 4L configuration & Strengthening of Sihuni to Rajol
from Km 51.000 to Km 72.000 of NH-154 Package-IIA
(National Highways Authority of India [NHAI])
(618878)",Himachal Pradesh,"03/2022
(09/2023)","09/2025
(-)","696.65
(776.59)",288.21,91
1028,"4L PS bijni to mandi section from Km 202.815 to Km 208.000 of NH-20 New NH-154
of Pathankot-Mandi Package-VB
(National Highways Authority of India [NHAI])
(618881)",Himachal Pradesh,"02/2023
(03/2025)","09/2027
(-)","1113.02
(1112.39)",167.97,21
1029,"Rehabilitation and Up-gradation of existing road to 2L PS from End of Hamirpur
Bypass near Chilbahal to Bhangbar section from Km. 138.295 to Km.175.270 of NH-
88 Pkg-IV
(National Highways Authority of India [NHAI])
(618888)",Himachal Pradesh,"03/2022
(04/2023)","04/2025
(-)","1146.19
(1358.62)",270.48,84
1030,"4L of Bhangbar Near Ranital to Kangra Bypass Section of Old NH-88 New NH-
303,503 up to Intersection with NH-154 from Km 175.270 to Km 193.400 Pkg-VB
(National Highways Authority of India [NHAI])
(618889)",Himachal Pradesh,"03/2021
(12/2022)","12/2024
(-)","1322.95
(1829.49)",739.27,97
1031,"2L PS of Hamirpur Bypass from Km 121.175 to Km.138.295 of NH-103&3
(National Highways Authority of India [NHAI])
(618890)",Himachal Pradesh,"08/2022
(10/2023)","10/2025
(-)","739.39
(754.82)",232.68,91
1032,"4L of Kathlighat to Shakral Village from Km 128.835 to Km 146.300 of NH- 5 Shimla
Bypass - Pkg I
(National Highways Authority of India [NHAI])
(618921)",Himachal Pradesh,"03/2022
(04/2023)","04/2026
(-)","1703.48
(2648.8)",848.23,50
1033,"Solan - Kaithlighat Section of NH-22 Now NH-5 from Km. 106.139 to Km.129.05
(National Highways Authority of India [NHAI])
(619003)",Himachal Pradesh,"03/2018
(11/2018)","05/2021
(02/2024)","881.74
(1519.53)",565.49,90
1034,"4L of HP/Punjab Border - Mo from km. 11.00 to km. 42.00 of Old NH-20 New NH-154
Package-IA
(National Highways Authority of India [NHAI])
(619153)",Himachal Pradesh,"03/2021
(05/2022)","05/2024
(12/2025)","1002.11
(1363.04)",490.83,53
1035,"Construction of Shopian Bypass on NH-444 taking off from existing chainage Km
36500 and re-joining at km 47588 of existing Chainage New Design Ch. From km
28000 to km 36925 as 2- lane with paved shoulder in the UT of Jammu & Kashmir on
EPC mode.
(MoRTH)
(618038)","Jammu and
Kashmir","03/2024
(01/2026)","01/2028
(-)","224.44
(224.44)",0,0
1041,"Rehabilitation and upgradation to 2 lane with paved shoulder from existing chainage
Km 166.100 to Km 192.98 design chainage Km 146.700 to Km 162.800 including
construction of Bhimber Gali Tunnel Total Length of Tunnel 1.100 Km under 31 BRTF
on Akhnoor-Poonch Roads on EPC mode NH-144A Package-VII
(MoRTH)
(618221)","Jammu and
Kashmir","09/2021
(07/2024)","07/2026
(-)","734.64
(734.64)",0,30
1047,"Up-gradation to 2-lane with Paved Shoulder from Km 12.850 to Km20.300 of 7.450Km
length on Goha-Khellani section and a link road to Goha village of 2.016 km on NH-
244 in UT of Jammu and Kashmir on EPC Mode Pkg-1
(NHIDCL)
(618394)","Jammu and
Kashmir","07/2020
(10/2020)","04/2022
(06/2025)","228.39
(225.37)",159.56,90
1048,"Construction & Upgradation to 2-lane with paved shoulder from Design Ch. Km 51700
at Premnagar km 66315 to Km 66535 New Thatri at Start of Km 83rd, Tunnel Km
82665 of 14.835 Km design length on Chenani-Sudhmahadev-Goha Khellani-
Kishtwar-Vailoo Donipawa-Ashajipora section of NH-244 in the UT of J&K on EPC
Mode under NHO-Gen Pkg - 2
(NHIDCL)
(618395)","Jammu and
Kashmir","03/2021
(08/2021)","02/2023
(07/2025)","512.43
(512.43)",0,0
1049,"Construction & Upgradation to 2 lane with paved shoulder from Design Km. 31.449
Khellani Ex. Km 44.946 to Km 51.700 Prem Nagar Ex. Km 68617 of 20.251 Km length
on Khellani - Kishtwar - Chattroo section of NH-244 in the UT of J&K on EPC Mode
under NHO-Gen PKG- 1
(NHIDCL)
(618396)","Jammu and
Kashmir","02/2021
(03/2021)","09/2021
(10/2024)","486.45
(486.45)",0,0
1050,"Up-gradation to 2-lane with Paved Shoulder from Km 20.300 to Km 29.030 of 8.730
Km length on Goha-Khellani section on NH-244 in UT of Jammu and Kashmir on EPC
Mode Package II
(NHIDCL)
(618398)","Jammu and
Kashmir","07/2020
(10/2020)","04/2022
(06/2025)","210.79
(210.79)",172.27,94
1051,"Construction of Kishtwar bypass with 2 lane with paved shoulder from Design Km.
80.675 Dulhasti to km 95.550 Bandarkoot of 14.88 km & a link road to Kishtwar town
from 0000 to 1.871 of length1.871 Km on Khellani - Kishtwar - Chattroo section in UT
of Jammu and Kashmir on EPC Mode Pkg-4
(NHIDCL)
(618399)","Jammu and
Kashmir","03/2021
(08/2021)","08/2023
(11/2024)","859.67
(859.67)",0,0
1052,"Construction & Upgradation to 2-lane with paved shoulder from Design Km 67.805 at
the end of Km 83rd Tunnel near Dhrabshalla Ex. Km 83905 to Km 80.675 start of
Kishtwar Bypass - Dulhasti Ex. Km 970751 of 12.870 Km length on chenani-
Sudhmahadev-Goha Khellani-Kishtwar-vailoo-Donipawa-Ashajipora seition of NH-244
in the UT of J&K on EPC Mode under NHO-Gen Pkg-3
(NHIDCL)
(618400)","Jammu and
Kashmir","03/2021
(07/2021)","12/2022
(10/2024)","398.51
(398.51)",97.53,98
1053,"Up-gradation to 4-lane with Paved Shoulder of Jammu-Akhnoor road section of NH-
144A from Ganesh Vihar Km 6.000 to Khati Chowk Km 26.350 in UT of Jammu and
Kashmir on EPC basis Pkg-3A
(NHIDCL)
(618406)","Jammu and
Kashmir","03/2018
(07/2019)","07/2021
(05/2022)","322.49
(322.49)",0,0
1054,"Jammu-Akhnoor Road Pkg-I
(NHIDCL)
(618407)","Jammu and
Kashmir","03/2018
(01/2023)","01/2025
(-)","245.3
(245.3)",68.85,68
1055,"Delhi-Amritsar-Katra Expressway Phase-II Pkg-XV [Junction with Hiranagar Road
near village Gurha Baildaran to Junction with Jammu Ring Road NH-244A near Jakh
village from Km 468100 to Km 503250]
(National Highways Authority of India [NHAI])
(618494)","Jammu and
Kashmir","10/2021
(09/2022)","09/2024
(02/2026)","2714.95
(3716.56)",1607.97,88
1056,"4/6L Access Control Expressway from Design Chainage Km 515.000 to 528.300
Kunjwani to Sidhra Section of NH-44 and from Design Chainage Km 550.900 to Km
566.520 Domel to Katra Section Phase II-Package XVII
(National Highways Authority of India [NHAI])
(618495)","Jammu and
Kashmir","06/2022
(06/2023)","06/2025
(02/2026)","2894.74
(2894.74)",767.85,55
1057,"Delhi-Amritsar-Katra Expressway Phase-II Pkg-XVI Existing Jakh Vijaypur-Kunjwani
section of NH-44 including spur Connectivity to Jammu Airport NH-144A [Km 503500
to km 514500]
(National Highways Authority of India [NHAI])
(618496)","Jammu and
Kashmir","09/2021
(09/2022)","09/2024
(03/2026)","1821.72
(2522.56)",1154.46,92
1058,"Delhi Amritsar Katra Expressway Phase-II Pkg XVIII Development and Upgradation of
Four lane Access Control Expressway from Design Chainage KM 530.00 to KM
545.300 Sidhra to Domel Section of NH-44
(National Highways Authority of India [NHAI])
(618497)","Jammu and
Kashmir","12/2022
(11/2023)","11/2025
(-)","975.38
(975.38)",434,54
1059,"4L Ring road/bypass around Srinagar city from km 0.000 to km 42.100 Phase-I
(National Highways Authority of India [NHAI])
(618541)","Jammu and
Kashmir","03/2021
(08/2021)","02/2024
(10/2025)","2919.96
(2604.76)",1723.4,84
1060,"4L of twin tube tunnel configuration including approaches from Marog to Digdol from
Km.154.210 to Km.158.650 North Bound and from Km.155.940 to Km.160.260 South
Bound of Ramban to Banihal Pkg-I of Old NH-1A New NH-44
(National Highways Authority of India [NHAI])
(618543)","Jammu and
Kashmir","07/2021
(08/2022)","08/2025
(06/2026)","1912.17
(1034.3)",289.56,23
1061,"4L twin tube tunnel including approaches from Digdol to Khuni Nallah North Bound
connecting with existing major bridge on NB and South Bound connecting with Tunnel
T4 ,Single tube tunnel of Ramban to Banihal Pkg-II of Old NH-1A New NH-44
(National Highways Authority of India [NHAI])
(618544)","Jammu and
Kashmir","07/2021
(02/2022)","06/2024
(05/2025)","1401.87
(1020.99)",948.25,86
1062,"4L of Km.165.092 to Km.171.855 North Bound and from Km.166.895 to Km.173.638
South Bound, excl. certain reaches of North Bound and South Bound of Ramban to
Banihal Pkg-III of Old NH-1A New NH-44
(National Highways Authority of India [NHAI])
(618545)","Jammu and
Kashmir","07/2021
(02/2022)","08/2024
(-)","614.48
(444.76)",236.96,42
1063,"Construction of Tunnels/Viaducts at identified sliding/slip zones at Km 130.550 to
Km.130.750 Km. 131.170 to Km. 131.763 Km. 132.560 to Km. 133.168 Km. 133.590
to Km. 133.743 and Km. 147.877 to Km. 148.715 of Udhampur-Ramban section of
NH-44
(National Highways Authority of India [NHAI])
(618546)","Jammu and
Kashmir","09/2021
(04/2022)","10/2023
(06/2025)","442.14
(533.11)",324.74,36
1064,"2L NH-1 from km 8.660 to km 33.775 Sumbal to Wayul to 4L dual carriageway NH
standard as part of Srinagar Ring Road PhaseII [Design Ch. 41.907 to Ch. 66.609]
(National Highways Authority of India [NHAI])
(618547)","Jammu and
Kashmir","11/2022
(12/2023)","06/2026
(-)","961
(643.64)",366.64,42
1065,"Stand-alone Ring road/bypass around Jammu City from Raya Morh km. -0.687 to
Jagti km. 57.568
(National Highways Authority of India [NHAI])
(618548)","Jammu and
Kashmir","12/2017
(01/2018)","01/2021
(10/2023)","2023.88
(2117.63)",54.24,99
1066,"Construction of twin tube tunnels on Jammu Kashmir Ring Road NH-244A Between
Design Ch. 50600 to 51700 and design Ch. 53535 to 55700 on EPC mode under
residual NHDP component of Bharatmala Pariyojna
(National Highways Authority of India [NHAI])
(618549)","Jammu and
Kashmir","11/2022
(06/2023)","06/2025
(03/2026)","242.65
(731.59)",637.62,82
1067,"Corridor Efficiency Improvement including removal of black spots in Lakhanpur -
Samba section of NH-44 from Chainage Km. 16.300 to Km. 74.100
(National Highways Authority of India [NHAI])
(618550)","Jammu and
Kashmir","06/2022
(12/2022)","06/2024
(05/2025)","855.74
(215.68)",176.54,70
1068,"Upgradation and Strengthening of Chenani to Nashri Section via Patnitop of NH244
from Km 0.000 to Km 39.100
(National Highways Authority of India [NHAI])
(618967)","Jammu and
Kashmir","03/2024
(08/2024)","08/2026
(-)","295.06
(295.06)",101.52,41
1069,"Construction/upgradation to 2-lane with paved shoulder from Design Km 95.55
Bandarkoot to Km. 111.06 Chattroo of 15.52 Km length on Khellani-Kishtwar-Chattroo
section on NH-244 in UT of Jammu and Kashmir on EPC Mode Pkg-5
(NHIDCL)
(619038)","Jammu and
Kashmir","03/2021
(08/2021)","02/2023
(06/2025)","497.09
(497.09)",88.25,95
1071,"Widening to 2-lane with paved shoulder from km 0.00 to 44.00 Kuru-Ghaghra section
of NH-143A including re-construction of culverts and bridges.
(MoRTH)
(618084)",Jharkhand,"02/2020
(08/2021)","08/2023
(11/2023)","153.01
(133.67)",77,93
1075,"4L of Palma to Gumla from km. 26.00 to km. 89.170 of NH-23
(National Highways Authority of India [NHAI])
(618642)",Jharkhand,"03/2020
(04/2022)","03/2024
(10/2024)","1882.93
(1895.75)",829.81,98
1076,"4L of Ormanjhi-Gola section from Km 81.450 to Km 53.600 of NH- 320BPKG-II
(National Highways Authority of India [NHAI])
(618644)",Jharkhand,"02/2022
(06/2023)","06/2025
(-)","1214.93
(1462.19)",765.76,86
1077,"4L of Gola-BokaroJaina More section from Km 53.600 to Km 21.110 of NH-320PKG-1
(National Highways Authority of India [NHAI])
(618645)",Jharkhand,"02/2022
(06/2023)","06/2025
(01/2026)","1007.97
(1030.64)",366.78,76
1078,"Grade separated Interchanges at Km. 113.730 junction with Ranchi Hazaribagh Road
& Km. 139.225 junction with Ranchi Jamshedpur road on 4L Ranchi Bypass of NH-33
(National Highways Authority of India [NHAI])
(618737)",Jharkhand,"01/2025
(12/2025)","12/2027
(-)","303.53
(5.58)",0.73,0
1079,"4L from km 196.87 Sankha to km 219.6 Khajuri on NH-75 [Rehla / Garhwa Bypass]
(National Highways Authority of India [NHAI])
(618829)",Jharkhand,"09/2020
(10/2021)","10/2023
(-)","1129.48
(1129.48)",527.11,93
1080,"4L from Km 147.450 Bhogu to Km 196.870 Sankha on NH-75 Sec-III
(National Highways Authority of India [NHAI])
(618830)",Jharkhand,"10/2022
(11/2023)","11/2025
(-)","1517.87
(1652.09)",962.19,76
1081,"4L of Mehgama - Hansdiha from km. 41.900 to km. 93.000 of NH -133A Pkg-II
(National Highways Authority of India [NHAI])
(618946)",Jharkhand,"03/2022
(05/2023)","05/2025
(03/2026)","1479.72
(1568.18)",866.61,99
1082,"4L of NH-80 from km 215.00 to km 260.00 Mirza Chauki to Farkka Pkg-I
(National Highways Authority of India [NHAI])
(618947)",Jharkhand,"03/2018
(12/2021)","07/2023
(02/2026)","1504.8
(1508.21)",784.64,91
1083,"4L of Basukinath- Deoghar Section of NH-114A
(National Highways Authority of India [NHAI])
(618949)",Jharkhand,"09/2022
(12/2023)","12/2025
(-)","1444.94
(1553.76)",643.59,78
1084,"Construction of Bypass to NH-114A Connecting NH-333 and NH-133 Deoghar
Bypass from design km 0.000 to design Km 49.000
(National Highways Authority of India [NHAI])
(618950)",Jharkhand,"11/2024
(01/2026)","01/2028
(-)","1565.47
(1565.47)",0,0
1090,"Construction of Major Bridge at Km.180.865 across river Krishna on NH 167 Hagari
Jadcherla section
(MoRTH)
(617989)",Karnataka,"03/2019
(05/2019)","11/2021
(10/2024)","157.32
(187.61)",92.25,68
1096,"Widening to Two Lane with Paved Shoulders from KB Cross to Chunchanahalli ie.,
Design Ch. 485240 Km Existing Km 494.000 to Design Ch. 523393 Km Existing
km 533.152 & From Design Ch. 530393 Existing Km 540.175 to Design Ch.
534476 Existing Km 544.200 at Nelligere of NH-150A on EPC mode under Annual
Plan 2022-23 NH-150A-KNT-2022-23-977 dated 08.03.2023
(MoRTH)
(618086)",Karnataka,"03/2023
(07/2025)","01/2027
(-)","617.28
(617.28)",0.75,10
1102,"4/6L of Bangalore - Pune Section of bypass connecting Dharwad - Hubli from km.
403.80 to km. 433.20
(National Highways Authority of India [NHAI])
(618517)",Karnataka,"12/2021
(03/2023)","09/2025
(-)","1135.39
(763.36)",675.75,77
1103,"6L of MH/KN Border Nimbal Village to KN/TS Border Singnodi Village from Km.
26.000 to Km. 97.000 in Gulbarga of NH-150C Pkg-II
(National Highways Authority of India [NHAI])
(618630)",Karnataka,"02/2022
(12/2022)","06/2025
(05/2026)","2355.56
(1923.3)",740.23,69
,1104,"4 Lane with PS from Des. Ch 43.800 to Des. Ch. 89.900 of Belgaum-Hungund-
Raichur Section of NH-748A Package-2
(National Highways Authority of India [NHAI])
(618651)",Karnataka,"02/2024
(03/2025)","02/2027
(-)","1427.88
(1293.94)",397.9,31,
,1105,"4LPS Access Controlled Highway of Bellary Bypass Balance work from Ch. 254750 to
Ch. 266837 and construction of 4LPS from Ch. 277.690 to Ch. 278.690 at D. Hirehal
Village Balance work of NH 150A of Bellary Byrapura Section
(National Highways Authority of India [NHAI])
(618697)",Karnataka,"02/2024
(08/2024)","07/2026
(-)","626.01
(284.05)",42.5,17,
,1106,"4L of Addahole Near Gundya to Bantwal Cross section Pkg-02 from Design Km
270.270 to Design km 318.55 including flyover at Kalladka Town including approaches
from Km. 311.57 to Km. 313.67 of NH-75 Old NH-48
(National Highways Authority of India [NHAI])
(618702)",Karnataka,"12/2020
(11/2021)","11/2023
(04/2026)","1660.19
(1318.24)",1241.17,91,
,1107,"Additional works under BM1 to ensure road safety under 6L of Bengaluru Mysuru
Access control with close toll from Km.17.300 to Km.136.300 of NH-275
(National Highways Authority of India [NHAI])
(618707)",Karnataka,"11/2024
(01/2026)","01/2028
(-)","738.37
(738.37)",0,0,
,1108,"4L of Left-Over Works of Hospet-Bellary -Karnataka/AP border from Km.280.080
Dec.Ch. to Km.375450Des.Ch. of NH-63 New-67
(National Highways Authority of India [NHAI])
(618709)",Karnataka,"03/2023
(05/2023)","05/2025
(02/2027)","1340.15
(992.6)",843.3,86,
,1109,"Belakeri Port to Kumta - Sirsi road from km 0.00 - km 4.265 of Belekeri Port Road Link
Rd. and km 4.965 - km 60.00 of SH-69
(National Highways Authority of India [NHAI])
(618799)",Karnataka,"03/2018
(12/2020)","12/2022
(12/2025)","456.32
(456.79)",382.36,82,
,1110,"4L PS from Near Guddehosur to Start of Kushalnagara Bypass to near Hemmige
Village Periyapatna - Hassan Road Jn from Km. 122.200 to Km. 144.900 of NH-275
Pkg. II
(National Highways Authority of India [NHAI])
(618871)",Karnataka,"02/2023
(12/2025)","12/2027
(-)","909.86
(896.42)",1.87,0,
,1111,"4L of Bettadahalli- Shivamogga section from Km.170.415 to km. 226.750 of NH-206
Tumkur- Shivamogga Pkg-IV
(National Highways Authority of India [NHAI])
(618887)",Karnataka,"01/2019
(10/2021)","10/2023
(10/2024)","2082.98
(2545.11)",861.2,80,
,1112,"4L of Sannur to Bikarnakatte section from Km 691.350 to Km 736.362 of NH-169
Karkala - Mangalore Package-III
(National Highways Authority of India [NHAI])
(618896)",Karnataka,"03/2021
(10/2022)","10/2024
(06/2026)","1386.41
(2038.71)",905.16,60,
,1113,"4L Expressway from Km 26.400 to km 53.500 of Malur to Bangarpet section of
Bangalore-Chennai Expressway Phase-I Package-II
(NHAI)
(619065)",Karnataka,"12/2020
(09/2021)","09/2023
(03/2024)","1745
(1729.63)",-54.57,99,
,1114,"Tumkur-Chitradurga
(National Highways Authority of India [NHAI])
(619070)",Karnataka,"NA
(06/2011)","12/2013
(-)","839
(47.44)",0.65,100,
,1115,"Tumkur - Nelamangala 6L
(National Highways Authority of India [NHAI])
(619071)",Karnataka,"03/2021
(08/2022)","08/2025
(03/2027)","2032.15
(1664.2)",502.42,58,
,1116,"Bangalore/TN border to Hoskote
(National Highways Authority of India [NHAI])
(619072)",Karnataka,"02/2022
(02/2023)","02/2025
(02/2026)","1181.68
(1297.76)",773.47,93,
,1117,"4L of 42.000 to km 80.00 of Dodaballapur Bypass to Hoskote section of NH-648 Old
NH-207 [Bangalore Ring Road Pkg 2]
(National Highways Authority of India [NHAI])
(619073)",Karnataka,"02/2020
(02/2021)","02/2023
(-)","1317.74
(1846.52)",741.65,99,
,1118,"Goa / Karnataka Km.93.700 to Kundapur Km.283.30
(National Highways Authority of India [NHAI])
(619096)",Karnataka,"NA
(03/2014)","08/2016
(03/2020)","1644.92
(1990.99)",25.26,97,
,1119,"4 Lane with PS from Des. Ch 182.300 to Des. Ch. 228.500 of Belgaum-Hungund-
Raichur Section of NH 748 A Package-5
(National Highways Authority of India [NHAI])
(619106)",Karnataka,"03/2023
(11/2024)","11/2026
(-)","1141.88
(868.65)",174.95,25,
,1120,"4 Lane with PS from Des. Ch 136.100 to Des. Ch. 182.300 of Belgaum-Hungund-
Raichur Section of NH-748A Package-4
(National Highways Authority of India [NHAI])
(619107)",Karnataka,"02/2024
(09/2025)","09/2027
(-)","1311.41
(1123.35)",1.21,3,
,1121,"4 Lane with PS from Des. Ch 0.000 to Des. Ch. 43.800 of Belgaum-Hungund-Raichur
Section of NH-748A Package-1
(National Highways Authority of India [NHAI])
(619108)",Karnataka,"02/2024
(06/2025)","06/2027
(-)","1452.43
(1256.55)",116.72,13,
,1122,"4L of Byrapura to Challakere Section from km 308.550 to km 358.500 of NH-150 A
(National Highways Authority of India [NHAI])
(619115)",Karnataka,"03/2018
(12/2018)","12/2020
(06/2021)","796.77
(1195.54)",77.9,100,
,1123,"Hassan km 184.912 to Maranahally km 230.060 of NH - 75 in Karnataka
(National Highways Authority of India [NHAI])
(619117)",Karnataka,"NA
(03/2017)","03/2019
(06/2025)","1021.57
(1091.4)",62.84,97,
,1124,"Nidagatta-Mysore Pkg II
(National Highways Authority of India [NHAI])
(619120)",Karnataka,"02/2018
(12/2019)","06/2022
(09/2023)","2919.8
(4113.89)",711.44,99,
,1125,"4L of Hubli - Hospet Section of NH-63 from Km 128.850 to Km 272.571
(National Highways Authority of India [NHAI])
(619121)",Karnataka,"NA
(03/2017)","03/2020
(05/2022)","2531.99
(3619.32)",-5.15,99,
,1126,"Yekkambi-Haveri
(National Highways Authority of India [NHAI])
(619138)",Karnataka,"09/2021
(03/2022)","03/2024
(03/2027)","309.9
(309.9)",36.83,18,
,1127,"Hospet - Chitradurga from km. 299.00 to km. 418.750
(National Highways Authority of India [NHAI])
(619144)",Karnataka,"NA
(02/2016)","08/2018
(-)","1519.72
(387.48)",2.45,100,
,1128,"BRT Tiger Reserve Boundary Km.287.500 to Bangalore Section Km.458.420 of NH-
209 in Karnataka
(National Highways Authority of India [NHAI])
(619150)",Karnataka,"NA
(08/2017)","08/2019
(03/2024)","2082.69
(2859.93)",144.35,99,
,1129,"Belgaum-Khanapur Pkg I Km 0.000-Km 30.800 of NH-4A
(National Highways Authority of India [NHAI])
(619164)",Karnataka,"03/2018
(03/2019)","09/2021
(07/2025)","1214.3
(1195.74)",169.83,70,
1131,"6L of Chengala - Neeleshwaram from km. 56.200 to km. 93.468
(National Highways Authority of India [NHAI])
(618595)",Kerala,"06/2020
(10/2021)","04/2024
(-)","1746.45
(2538.06)",775.85,79
1132,"6L of Taliparamba to Muzhappilangad from Km 134.650 to Km 170.6 of NH-66
(National Highways Authority of India [NHAI])
(618596)",Kerala,"08/2020
(11/2021)","05/2024
(08/2025)","2714.6
(3557.65)",1006.98,81
1133,"6L of Azhiyur-Vengalam from km. 189.200 to km. 230.400 of NH-66
(National Highways Authority of India [NHAI])
(618597)",Kerala,"10/2020
(10/2021)","07/2024
(-)","3205.77
(3898.46)",771.22,60
1134,"6L Minor Bridge Paloli Palam at km. 203.160 & Major Bridge Morad at km. 204.895
and allied works
(National Highways Authority of India [NHAI])
(618598)",Kerala,"03/2020
(12/2020)","06/2022
(02/2024)","210
(216.94)",70.89,100
1135,"6L of Ramanatukkara Junction to start of Valanchery bypass section of NH-66
(National Highways Authority of India [NHAI])
(618599)",Kerala,"01/2021
(01/2022)","07/2024
(03/2025)","4924.11
(4919.46)",1668.84,99
1136,"6L of Valanchery bypass to Kappirikkad of NH 66 from km. 298500 to km 335850
(National Highways Authority of India [NHAI])
(618600)",Kerala,"02/2021
(01/2022)","07/2024
(03/2025)","4023.94
(4023.94)",1465.97,98
1137,"6L of Kappirikkad to Thalikulam section from km 335.85 to km 369.015 of NH - 66 old
NH-17
(National Highways Authority of India [NHAI])
(618601)",Kerala,"06/2021
(09/2022)","01/2025
(10/2025)","4225.59
(4225.59)",646.67,88
1138,"6L of Thalikulam to Kodugallur section from km 369.015 to km 397.850 of NH - 66 old
NH-17
(National Highways Authority of India [NHAI])
(618602)",Kerala,"06/2021
(09/2022)","02/2025
(11/2025)","4302.06
(4302.06)",695.34,84
1139,"6L of Kodugallur to Edapppally section from km 397.750 to km 423.780 of NH - 66 old
NH-17
(National Highways Authority of India [NHAI])
(618603)",Kerala,"11/2021
(10/2022)","04/2025
(-)","3465.82
(3606.2)",767.55,64
1140,"Aroor-Thuravoor Thekku
(National Highways Authority of India [NHAI])
(618604)",Kerala,"08/2022
(02/2023)","01/2026
(-)","2429.52
(2382.83)",1630.68,83
1141,"Thuravoor Thekku-Paravoor
(National Highways Authority of India [NHAI])
(618605)",Kerala,"09/2021
(03/2022)","09/2024
(03/2026)","2878.97
(2638.67)",1953.89,68
1142,"Paravoor-Kottankulangara
(National Highways Authority of India [NHAI])
(618606)",Kerala,"12/2021
(08/2022)","02/2025
(-)","3273.61
(3200.24)",1157.14,71
1143,"Kottankulangara- Start of Kollam Bypass
(National Highways Authority of India [NHAI])
(618607)",Kerala,"06/2021
(04/2022)","10/2024
(-)","2842.14
(3680.49)",773.77,73
1145,"Kozhikode Bypass Calicut Bypass Vengalam Jn. to Ramanattukara Jn.
(National Highways Authority of India [NHAI])
(619098)",Kerala,"02/2018
(02/2021)","02/2023
(12/2024)","1424.77
(2139.18)",466.32,98
1146,"Kargil Zanskar Road
(NHIDCL)
(618408)",Ladakh,"03/2021
(07/2021)","01/2023
(03/2025)","398.37
(398.37)",266,90
1147,"Widening & Up-gradation to 2 lane with Paved shoulder of NH-301 Kargil- Zanskar
Road from Design km 57.000 Ex. Km. 57.905 to Km 87.000 Ex. Km. 88.2491 of
30.000 Km length Pkg-lll
(NHIDCL)
(618409)",Ladakh,"03/2021
(07/2021)","01/2023
(02/2025)","381.01
(381.01)",208.95,82
1148,"Widening & Up-gradation to 2 lane with paved shoulder of NH-301 Kargil- Zanskar
Road from Design Km .30.040 Ex. Km. 30.000 to Design Km 57.000 Ex. Km. 57.905
of 26.960 Km length Pkg-II
(NHIDCL)
(618410)",Ladakh,"03/2021
(07/2021)","01/2023
(12/2026)","404.89
(404.89)",287.3,75
1149,"Rehabilitation and upgradation Umaria to Shahdol section of NH-78 from Existing Km.
68/4 to Km. 142/2 to 2LPS including construction of Birshinghpur and Shahdol Bypass
on EPC mode under NHDP-IVA
(MoRTH)
(617911)",Madhya Pradesh,"03/2015
(08/2015)","07/2017
(07/2023)","511.83
(613.16)",0,94
1159,"Bypass on Western side of Gwalior City
(National Highways Authority of India [NHAI])
(618619)",Madhya Pradesh,"03/2025
(01/2026)","01/2028
(-)","998.95
(998.95)",11.21,0
1160,"Indore - Edlabad Pkg-II [Tejajinagar to Balwara]
(National Highways Authority of India [NHAI])
(618621)",Madhya Pradesh,"03/2022
(01/2023)","01/2025
(-)","1162.8
(1530.82)",485.15,83
1161,"4L of Indore - Boregaon Pkg-III [Balwara to Dhangaon] from km. 42.260 to km. 82.660
of NH347BG & 753L
(National Highways Authority of India [NHAI])
(618622)",Madhya Pradesh,"01/2021
(04/2022)","04/2024
(05/2025)","1001.69
(888.81)",687.3,87
1162,"4L Greenfield Rudhi to Deshgaon Pkg V of Betul-Khandwa/Deshgaon
(National Highways Authority of India [NHAI])
(618654)",Madhya Pradesh,"11/2022
(10/2023)","10/2025
(03/2026)","521.21
(469.68)",168.56,59
1163,"4L from km 0.000 to 42.040 Bhopal Ratnaigiri Tiraha to Vidisha Morikodi
(National Highways Authority of India [NHAI])
(618661)",Madhya Pradesh,"10/2024
(11/2025)","11/2027
(-)","1032.3
(1038.18)",3.91,1
1164,"i 4L Vidisha to Hinotiya from km 0.000 to Km 27.000 Vidisha Mehulwa-Talbehat Pkg-
I Section of NH- 346 and ii 4L Vidisha to Morikori from Km 39.000 to 59.476 section of
NH-146
(National Highways Authority of India [NHAI])
(618663)",Madhya Pradesh,"09/2022
(12/2023)","12/2025
(05/2026)","1003.87
(941.12)",342.14,73
1165,"Berkhedi to Godpehra on NH-44 Sagar link road
(National Highways Authority of India [NHAI])
(618664)",Madhya Pradesh,"02/2022
(11/2022)","11/2024
(08/2025)","524.84
(471.31)",314.48,78
1166,"4L of Sagar - Mohari from Km.8 to Km.50 Pkg-I
(National Highways Authority of India [NHAI])
(618665)",Madhya Pradesh,"03/2021
(04/2022)","04/2024
(02/2025)","790.78
(660.38)",436.14,83
1167,"4L of near Satai Ghat to Chowka section of NH-34 from D. Ch. 89.875 to D. Ch.
145.000 Package-3
(National Highways Authority of India [NHAI])
(618667)",Madhya Pradesh,"10/2024
(10/2025)","10/2027
(-)","1005.59
(882.21)",14.38,5
1168,"4-lanning of Rahatgarh to Berkhedi section of NH-146 from Design Ch 124470 to Ch.
134.549
(National Highways Authority of India [NHAI])
(618671)",Madhya Pradesh,"03/2025
(12/2025)","12/2027
(-)","618.33
(342.69)",3.67,0
1170,"Outer Ring Road of Jabalpur Town from Barela to Manegaon Pkg-1
(National Highways Authority of India [NHAI])
(618687)",Madhya Pradesh,"09/2022
(03/2023)","03/2025
(-)","652.33
(651.88)",444.81,80
1171,"Outer Ring Road of Jabalpur Town from Amjhar Road including Airport Connectivity
to barela Pkg-V
(National Highways Authority of India [NHAI])
(618688)",Madhya Pradesh,"10/2024
(10/2025)","10/2027
(-)","794.7
(539.9)",25.11,6
1172,"Indore - Harda Pkg-I [Indore to Raghav Garh from km. 0.25 to km. 26.903]
(National Highways Authority of India [NHAI])
(618694)",Madhya Pradesh,"01/2022
(11/2022)","10/2024
(07/2025)","1011.29
(813.03)",340.82,79
1173,"Indore - Harda Pkg-III [Nanasa to Pidgaon Section from km 95.000 to km 142.445]
(National Highways Authority of India [NHAI])
(618695)",Madhya Pradesh,"01/2020
(10/2021)","10/2023
(04/2026)","1146.22
(1240.64)",566.31,93
1174,"Balance work of 4L of Nauradehi Sanctuary de-scoped stretch of Hiran River to
Sindoor River from Km. 66.00 to 130.00 NH-12 New NH-45
(National Highways Authority of India [NHAI])
(618701)",Madhya Pradesh,"01/2021
(07/2021)","07/2023
(04/2024)","178.18
(153.15)",142.2,57
1175,"4L of Chandesara to Khedakhajuriya from Km. 0.000 to - 750 & Km 0.000 to km
41.400 of NH-148NG Pkg-I
(National Highways Authority of India [NHAI])
(618735)",Madhya Pradesh,"12/2021
(09/2022)","05/2024
(12/2024)","909.84
(976.55)",399.02,99
1176,"2L PS of Hinotiya-Mehulwa section of NH-346 from Km. 27.000 to Km 75.700 Vidisha
Mehulwa-Talbehat Pkg-II Section of NH- 346
(National Highways Authority of India [NHAI])
(618751)",Madhya Pradesh,"10/2022
(09/2023)","09/2025
(04/2026)","581.65
(592.71)",207.21,68
1178,"4L of Budhni to Shahganj Bypass End Package-III of NH-146B from Km. 73.750 to
Km. 102.000
(National Highways Authority of India [NHAI])
(618962)",Madhya Pradesh,"03/2024
(08/2025)","08/2027
(-)","1102.97
(770.21)",11.6,9
1179,"4 Laning of Sandalpur to Nasrullaganj Pkg-1 section of NH-146B Length 43.2 Km.
(National Highways Authority of India [NHAI])
(618964)",Madhya Pradesh,"03/2025
(01/2026)","01/2028
(-)","1425.98
(1425.98)",6.6,0
1180,"Six laning with both sides Service Road of Ayodhya Bypass from Design Km 0000
near Ashram Tiraha on NH-46 to Km 16439 end at Ratnagiri Tiraha on Nh-146
(National Highways Authority of India [NHAI])
(618966)",Madhya Pradesh,"02/2024
(08/2025)","08/2027
(-)","1123.17
(1103.22)",12.56,5
1181,"Dhangaon - Borgaon section km 81.000 to km 139.000 [Indore - Edlabad Pkg IV]
(National Highways Authority of India [NHAI])
(619100)",Madhya Pradesh,"01/2020
(08/2021)","08/2023
(02/2025)","866
(1185.04)",525.2,99
1182,"Indore - Harda Pkg-II [Raghavgarh to Nanasa from km. 29.30 to km. 92.30]
(National Highways Authority of India [NHAI])
(619114)",Madhya Pradesh,"01/2023
(03/2024)","03/2026
(-)","1081.51
(1146.63)",300.11,39
1187,"Nasratpur to Barasgaon section of NH-61 2L / 4L PS from Km.514/00 to 558/200
(MoRTH)
(617934)",Maharashtra,"07/2017
(09/2017)","09/2019
(12/2020)","406.54
(406.54)",0,95
1189,"Kashedi ghat tunnel NH-66 [Bhogaon Khurd - Kashedi section] 4 lanes under NHDP
on EPC mode
(MoRTH)
(617944)",Maharashtra,"09/2018
(10/2018)","04/2021
(04/2021)","680.43
(701.46)",0,98
1191,"Kashedi to Parshuram Ghat section of NH-66 from Km 161/600 - Km 205/400 - 4L PS
(MoRTH)
(617946)",Maharashtra,"03/2016
(02/2018)","02/2020
(12/2020)","1142.62
(1142.62)",0,97
1192,"Arawali Kante section of NH-17New NH-66 4L PS from Km.241/300 to 281/300
(MoRTH)
(617947)",Maharashtra,"03/2016
(11/2017)","11/2019
(02/2024)","1006.99
(1443.09)",0,0
1193,"Kante - Wakad section of NH-66 4L PS from Km.281/300 to 332/200
(MoRTH)
(617948)",Maharashtra,"03/2016
(11/2017)","11/2019
(03/2023)","1117.75
(2020.56)",171.12,90
1194,"Kopargaon to Savali Vihir section
(MoRTH)
(617965)",Maharashtra,"06/2022
(01/2023)","07/2024
(09/2025)","195.38
(195.38)",0,77
1199,"Rehabilitation/Upgradation of existing Highway to 2LPS/4 lane of Dhawali to Rajoli
from Design Km.149476 to 163476 existing Km.150000 to 164000, Pandhasala to
Mohadongri from design Km.170476 to 181476 existing Km.171000 to 182000,
Ambeshivni Fata to Bodli from design Km.183476 to 185476 existing Km.184000 to
186000 and Made Tukum to Gadchiroli from design Km.188476 to 189476 existing
Km.188000 to 18900 having length 28 km of NH-930 of Dhawali to Gadchroli road in
the
(MoRTH)
(618065)",Maharashtra,"03/2022
(03/2024)","09/2025
(-)","316.44
(316.44)",0,27
1201,"Sarsam - Kothari of NH-161A - 2L PS from Km.33/00 to 90/00
(MoRTH)
(618090)",Maharashtra,"02/2017
(06/2017)","06/2019
(10/2022)","545.64
(545.64)",0,97
1202,"Pen to Khopoli 2LPS
(MoRTH)
(618094)",Maharashtra,"03/2018
(06/2018)","12/2019
(10/2022)","369.39
(369.39)",143.65,86
1203,"Guhagar - Rampur - 2L-PS - km 0/00 Guhagar to 26/230 Rampur and 40/00 Mirjoli to
53/600 Sati on NH-166E
(MoRTH)
(618097)",Maharashtra,"01/2017
(06/2017)","06/2019
(09/2022)","407.2
(407.2)",0,91
1208,"Mhaswad to Tembhurni section of NH-548C - 2L PS
(MoRTH)
(618152)",Maharashtra,"01/2017
(08/2017)","07/2019
(07/2019)","488.6
(488.6)",0,96
1209,"Satara to Mhaswad
(MoRTH)
(618153)",Maharashtra,"01/2017
(08/2017)","08/2019
(-)","653.46
(653.46)",0,98
1211,"Paithan - Shirur section 2LPS Km 0.0 to 55.00
(MoRTH)
(618172)",Maharashtra,"03/2017
(06/2017)","06/2019
(03/2022)","341.8
(341.8)",0,80
1212,"Shirur-Kharda section from 55937 km to 114486 km to 2LPS/4L
(MoRTH)
(618173)",Maharashtra,"02/2017
(06/2017)","06/2019
(03/2022)","381.77
(381.77)",0,83
1215,"Pal Phata Phulambri - Khultabad 2LPS
(MoRTH)
(618177)",Maharashtra,"03/2018
(06/2018)","12/2019
(06/2021)","227.19
(227.19)",0,99
1216,"Pune raigarh District Border To Mangaon Ch 69000 to 103775 NH-753F
(MoRTH)
(618180)",Maharashtra,"03/2018
(06/2018)","12/2019
(-)","223.46
(223.46)",0,89
1221,"Vadodara Mumbai Expressway Phase II - Pkg XI [Km. 77.000 to Km. 103.400] Ganjad
- Talsari
(National Highways Authority of India [NHAI])
(618468)",Maharashtra,"06/2020
(05/2022)","05/2024
(01/2025)","1524.71
(1913.95)",813.23,99
1222,"Vadodara Mumbai Expressway Phase II - Pkg XIII [Km. 26.582 to Km. 50.700]
Shirsad - Masvan
(National Highways Authority of India [NHAI])
(618469)",Maharashtra,"06/2020
(02/2022)","02/2024
(06/2025)","3536.9
(4679.54)",1786.01,90
1223,"Vadodara Mumbai Expressway Phase II - Pkg XIV [Km. 3.000 to Km. 20.200 of Spur]
Shirsad - Akloli
(National Highways Authority of India [NHAI])
(618470)",Maharashtra,"05/2021
(11/2022)","05/2024
(06/2025)","2058.79
(2324.72)",576.7,86
1224,"Vadodara Mumbai Expressway Phase II - Pkg XV [Km. 20.200 to Km. 43.000 of Spur]
Akloli - Amne
(National Highways Authority of India [NHAI])
(618471)",Maharashtra,"05/2021
(11/2022)","05/2024
(11/2025)","2610.88
(2918.39)",596.09,91
1225,"Vadodara Mumbai Expressway Phase II - Pkg XVI [Km. 43.000 to Km. 69.800 of Spur]
Amne - Bhoj
(National Highways Authority of India [NHAI])
(618472)",Maharashtra,"06/2021
(11/2022)","10/2024
(06/2025)","4051.8
(4315.56)",824.5,90
1226,"Vadodara Mumbai Expressway Phase II - Pkg XVII [Km. 69.800 to Km. 79.783 of
Spur] Bhoj - Morbe
(National Highways Authority of India [NHAI])
(618473)",Maharashtra,"09/2021
(01/2023)","07/2025
(-)","2208.68
(2463.02)",807.09,84
1227,"Tunnel at Khambataki Ghat Section and its approaches from existing Km. 771.730 to
existing Km. 782.000
(National Highways Authority of India [NHAI])
(618512)",Maharashtra,"11/2017
(02/2019)","02/2022
(08/2025)","907.03
(816.12)",523.21,86
1228,"6L of Kagal-Satara section from Km 592.500 to Km 658.000 of NH-48 Pkg-I
(National Highways Authority of India [NHAI])
(618513)",Maharashtra,"12/2021
(01/2023)","01/2025
(04/2026)","2111.95
(1435.46)",615.1,49
1229,"6L of Kagal-Satara section from Km 658.000 to Km 725.000 of NH-48 Pkg-II
(National Highways Authority of India [NHAI])
(618514)",Maharashtra,"12/2021
(12/2022)","12/2024
(-)","2330.71
(317.4)",180.8,73
1230,"Flyover at Km.544.650 including ROB, Service Roads ,Footpath for RCC drains on
urban link to Nagpur -Raipur road Pardi octroi Naka to Itwari
(National Highways Authority of India [NHAI])
(618555)",Maharashtra,"12/2015
(03/2016)","03/2019
(03/2019)","1097.81
(758.4)",26.22,97
1231,"4L of Indora Chowk to Pachpaoli and Agrasen Chowk - Ashoka Chowk
(National Highways Authority of India [NHAI])
(618557)",Maharashtra,"03/2023
(07/2023)","06/2026
(-)","1038.84
(918.53)",578.95,72
1232,"4L Mitigation Measure structures on CH/MH Border to Wainganga Bridge Section of
NH-6 New NH-53
(National Highways Authority of India [NHAI])
(618588)",Maharashtra,"02/2021
(11/2021)","11/2023
(01/2025)","540.24
(468.92)",464.24,99
1233,"Balance work of 4L Panvel to Indapur section of NH-66 Old NH- 17 from km 0.000
Panvel to km 42.300 Kasu
(National Highways Authority of India [NHAI])
(618594)",Maharashtra,"12/2022
(03/2023)","10/2024
(-)","329.82
(196.87)",183.73,96
1234,"Construction of 7 Nos of Standalone safety structures/works at different locations on
various NHs
(National Highways Authority of India [NHAI])
(618627)",Maharashtra,"01/2025
(07/2025)","01/2027
(-)","168.52
(112.03)",0.66,5
1235,"Bodhre - Dhule
(National Highways Authority of India [NHAI])
(618693)",Maharashtra,"02/2021
(01/2022)","07/2024
(-)","1344.78
(1292.7)",767.73,97
1236,"4L of Ratnagiri - Kolhapur section from km 67.140 to km 112.340 of NH-166 Pkg II
(National Highways Authority of India [NHAI])
(618836)",Maharashtra,"02/2022
(05/2023)","05/2025
(-)","1985.38
(1798)",345.9,65
1237,"4L of Ratnagiri - Kolhapur section from km 112.340 to km 145.300 of NH-166 PkgIII
(National Highways Authority of India [NHAI])
(618837)",Maharashtra,"02/2022
(05/2023)","05/2025
(05/2026)","1939.23
(1910.41)",390.17,63
1238,"4L of Nagpur-Katol Section from Km. 13.00 to Km. 62.900 of NH-353J
(National Highways Authority of India [NHAI])
(618937)",Maharashtra,"02/2021
(10/2021)","10/2023
(-)","1166.96
(1432.82)",836.47,81
1239,"Construction of Standalone Flyover cum ROB from Design Ch.66.600 to Design
Ch.68.800 in Gadchandur Town on NH-353B
(National Highways Authority of India [NHAI])
(618939)",Maharashtra,"02/2025
(07/2025)","07/2027
(-)","191.31
(107.76)",14.96,15
1241,"Satara Km 725.000 to Pune Km 865.350 of NH - 4 New NH - 48 in Maharashtra
(National Highways Authority of India [NHAI])
(619069)",Maharashtra,"NA
(10/2010)","05/2022
(-)","361.72
(425.51)",47.18,99
1242,"Balance works of 4L Panvel Indapur section of NH66 old NH17 from km 42.300 kasu
to km 84.600 Indapur
(National Highways Authority of India [NHAI])
(619095)",Maharashtra,"06/2022
(11/2022)","05/2024
(-)","546.44
(472.1)",380.81,81
1243,"4L of Ratnagiri - Kolhapur section of NH-166 from km 0.000 to km 19.769 and km
31.000 to km 67.140 Pkg I
(National Highways Authority of India [NHAI])
(619149)",Maharashtra,"02/2022
(11/2022)","11/2024
(03/2026)","1774.03
(2108.41)",622.26,83
1244,"4L of Baramati to Indapur Pkg-II from km. 41.400 to km. 84.550 of NH-965G Saint
Tukaram Marg
(National Highways Authority of India [NHAI])
(619163)",Maharashtra,"01/2021
(09/2021)","09/2023
(05/2025)","1471.32
(1297.48)",860.4,86
1252,"Widening to 2 lane with Paved shoulder of lmphal to Jiribam section of NH-37 from
Design Ch. from km 169570 Near Nungkao vlllage under Tamenglong District to km
205974 near Jiribam Bridge under Jiribam district under NHO-NE PKG-7
(NHIDCL)
(618333)",Manipur,"01/2023
(12/2023)","12/2025
(-)","760.16
(760.16)",365.34,83
1253,"Widening to 2 Lane with Paved shoulder of lmphal to Jiribam section of NH-37 from
Design Ch. from km 131.280 to km 169.570 on EPC mode in Manipur under NHO-
TSP PKG-6
(NHIDCL)
(618334)",Manipur,"12/2021
(02/2023)","02/2025
(05/2025)","504.76
(504.76)",269.89,87
1254,"Widening to 2 Lane with Paved shoulder of lmphal to Jiribam section of NH-37 from
Design Ch. from Km 101280 Near Khongsang Village to Km 131280 near Puilon
Kambiron Village on EPC Mode in Manipur PKG-5
(NHIDCL)
(618335)",Manipur,"12/2021
(11/2022)","05/2024
(02/2026)","410.68
(410.68)",309.93,82
1255,"Widening to 2 -Lane with Paved shoulder of Imphal to Jiribam section of NH-37 from
Design Chainage 66.110 km to 101.280 Km Existing Chainage km 67.496 to km
103.557 on EPC Mode in Manipur PKG-4
(NHIDCL)
(618336)",Manipur,"09/2021
(06/2022)","12/2023
(08/2025)","579.63
(579.63)",355.94,79
1256,"Widening to 2 -Lane with Paved shoulder of Imphal to Jiribam section of NH-37 from
Design Chainage 33.000 km to 66.390 Km Existing Chainage from km 33.395 to km
67.496 on EPC Mode in Manipur PKG-3
(NHIDCL)
(618337)",Manipur,"03/2021
(09/2021)","03/2023
(07/2025)","467
(467)",552.2,82
1264,"Construction of of 2 -Lane with paved shoulders road from Tamenglong-Tousem-
Lisang-Mahur Road NH-137 starting near Dialong Village from km 10.000 at Dialong
to km 31.430 near Old Tamenglong , near Barak River on EPC Mode Package-2
(NHIDCL)
(618355)",Manipur,"07/2021
(09/2021)","03/2023
(12/2025)","483.87
(483.87)",351.99,92
1266,"Construction of 2 -Lane with paved shoulders road from Tamenglong to Mahur NH-
137 in Manipur starting from km 54.180 near Azuram to km 80.630 near Mandeu on
EPC Mode Package 5
(NHIDCL)
(618357)",Manipur,"09/2021
(11/2021)","05/2023
(04/2025)","477.86
(477.86)",330.1,84
1267,"Construction of 2 -Lane with paved shoulders road from Tamenglong to Mahur NH-
137 starting from km 80.630 near Mandeu to km 96.870 near Jiri River on EPC Mode
Package-6
(NHIDCL)
(618358)",Manipur,"09/2021
(11/2021)","05/2023
(07/2027)","311.18
(311.18)",223.12,83
1275,"Improvement and Widening of National Highway No. 127B Darugiri - Songsak -
Williamnagar Junction Section to two lane with paved shoulder from design Km 0000
to Km 36635 Design length 36.635 Km existing Km 112000 to Km 151060 of NH-1278
under Bharatmala Pariyojana Lot-1 Pkg-1B Meghalaya portion
(NHIDCL)
(618294)",Meghalaya,"03/2023
(09/2025)","09/2027
(-)","801.07
(801.07)",20.95,10
1276,"Improvement/Widening of New NH-217 Dainadubi-Darugiri section to Two lane with
paved shoulder in Meghalaya from design Km 0000 to Km 40840 existing Km 8600 to
Km 53000 of Old NH-62 under BMP Lot-1 Pkg-1B Meghalaya portion
(NHIDCL)
(618295)",Meghalaya,"03/2023
(03/2025)","03/2027
(-)","705.83
(705.83)",0,13
1277,"Improvement/Widening to 2-L with Paved Shoulder/ 4-Laning of NH-40 section from
Km 151330 to Km 163400 design Km 63.530 to Km 71.520 including Dawki Bridge of
length 368 m between Shillong-Dawki under JICA ODA Loan assistance Phase-II Pkg-
5 -Balance work
(NHIDCL)
(618374)",Meghalaya,"07/2020
(05/2024)","11/2026
(11/2027)","284.21
(284.21)",0,36
1278,"Improvement/Widening to 2-Lane with Paved Shoulder from design Km 45.760 to Km
63.530 between Shillong-Dawki under JICA ODA Loan assistance Phase-II -Balance
work Pkg-4
(NHIDCL)
(618375)",Meghalaya,"07/2020
(04/2024)","04/2026
(07/2026)","445.51
(445.51)",34.61,45
1279,"Improvement/Widening to 2-Lane with Paved Shoulder between Shillong-Dawki road
up to Bangladesh Border from design Km 10.670 to Km 37.550 under JICA ODA Loan
assistance Phase-II -Balance Work-Pkg-2
(NHIDCL)
(618376)",Meghalaya,"07/2020
(02/2024)","08/2026
(07/2026)","525.67
(525.67)",0,46
1280,"Improvement/Widening to 2-L with Paved Shoulder/4-L from Km 81740 to Km 93490
design Km 0000 to Km 10670 of NH-40 New NH-106 & 206 section & 4-L from design
Km 0.00 to Km 0.930 of NH-44 section between Shillong-Dawki under JICA ODA
Loan assistance Phase-II -Balance Work Pkg-1
(NHIDCL)
(618377)",Meghalaya,"07/2020
(10/2023)","10/2025
(-)","351.12
(351.12)",0,78
1287,"4-Laning of Kolasib - Sethawn section Package-5 of NH-6 from Existing Chainage km
86000 to km 107850 Design Chainage km 77500 to km 95500 on silchar - vairengte -
sairang road under Bharatmala Pariyojna on EPC mode under NHO-NE Vairengte -
Sairang Pkg-5
(NHIDCL)
(618318)",Mizoram,"11/2021
(07/2025)","07/2027
(-)","720.4
(720.4)",0,0
1288,"4-Laning of Sethawn - N. Kawnpui section Package-6 of NH-6 from Existing Chainage
km 107850 to km 126315 Design Chainage km 95500 to km 111850 on Silchar-
Vairengte- Sairang road, Vairengte - Sairang Pkg-6
(NHIDCL)
(618319)",Mizoram,"12/2021
(07/2025)","01/2027
(-)","595.65
(595.65)",0,0
1296,"Construction of 2-laning with hard shoulder of Lunglei to Chhumkhum from Design
Chainage Km 0.000 to Km 37.420 of NH-302 [Lunglei-Tlabung] Package-A
(NHIDCL)
(618362)",Mizoram,"03/2021
(06/2021)","12/2022
(05/2025)","698.45
(698.45)",512.11,64
1297,"Construction of 2-laning with hard shoulder configuration of Chhumkhum to Tlabung
from Design Chainage Km 37.420 to Km 74.950 of NH-302 in Mizoram under
Bharatmala Pariyojana on EPC mode [Pkg-B]
(NHIDCL)
(618363)",Mizoram,"06/2021
(07/2021)","01/2023
(05/2025)","740.58
(740.58)",381.94,61
1300,"Widening and up-gradation to 2-lane with paved shoulder configuration and geometric
improvements from km 250.00 Lunglei to km 298.00 on Aizawl-Tuipang section under
JICA ODA Loan assistance Phase-I Package-6
(NHIDCL)
(618381)",Mizoram,"09/2019
(12/2019)","06/2023
(03/2025)","768.76
(768.76)",168.78,98
1301,"Widening and up-gradation to 2-lane with paved shoulder configuration and geometric
improvements from km 298.00 to km 339.00 on Aizawl-Tuipang section under JICA
ODA Loan assistance Phase-I Package-7
(NHIDCL)
(618382)",Mizoram,"09/2019
(10/2020)","04/2024
(03/2025)","605.76
(750.32)",0.01,100
1302,"Widening and up-gradation to 2-lane with paved shoulder configuration and geometric
improvements from km 339.00 to km 380.00 Siaha on Aizawl-Tuipang section under
JICA ODA Loan assistance Phase-I Package-8
(NHIDCL)
(618383)",Mizoram,"09/2019
(03/2020)","09/2023
(05/2025)","637.06
(637.06)",101.89,99
1361,"Widening of existing Single lane / Intermediate lane road to 2 lane from Km 101 to Km
125 of NH 61
(MoRTH)
(617886)",Nagaland,"06/2020
(06/2024)","06/2026
(-)","252.2
(252.2)",0,41
1370,"4-Laning of Balance work of Dimapur-Kohima Road from design km 152.490 to km
166.700 Existing km 156.000 to km 172.900 Excluding Dimapur & Kohima Bypass
under SARDP-NE Package-III
(NHIDCL)
(618328)",Nagaland,"03/2016
(09/2023)","09/2025
(-)","562.98
(794.75)",0,0
1377,"Construction of 2-lane with hard shoulders of Merangkong-Tamlu-Mon road Wakching
Twon portion on EPC basis from existing Chainage Km 59000 to Km 73640 [Design
Km. 59000 to Km, 72450] Design length - 13.450 Km under SARDP-NE package-V
Balance work
(NHIDCL)
(618422)",Nagaland,"03/2021
(09/2023)","09/2025
(-)","161.73
(161.73)",0,0
1390,"Bhadrak KM 136.500 to Baleshwar KM 199.141
(National Highways Authority of India [NHAI])
(618523)",Odisha,"11/2014
(03/2019)","09/2021
(-)","844.67
(1394.82)",231.31,91
1391,"Balance work of 8 nos. of Elephant Underpasses EUPs, 1 no. of Vehicular Underpass
VUP, 1 nos. of Light Vehicular Underpass LVUP, 1 nos. of Pedestrian Underpass
PUP, 1 nos. of Foot Over Bridge FOB and A2 side approach of Jharpokharia Flyover
at Km.215.270 in Baharagora-Singhara section of NH-49
(National Highways Authority of India [NHAI])
(618592)",Odisha,"09/2023
(11/2024)","05/2026
(-)","320.64
(244.85)",10.72,9
1392,"6L Greenfield Kaliagura Baunsaguar Section of NH-130-CD Road from km 249000 to
km 293000 Package OD-5
(National Highways Authority of India [NHAI])
(618677)",Odisha,"09/2021
(05/2022)","05/2024
(10/2025)","1539.75
(1918.49)",952.03,93
1393,"6L Greenfield Baunsaguar - Baraja Section of NH-130-CD Road from km 293000 to
km 338500 Package OD-6
(National Highways Authority of India [NHAI])
(618678)",Odisha,"08/2021
(06/2022)","05/2024
(06/2025)","1265.59
(1635.44)",843.65,98
1394,"6L Greenfield Kandili - Aluru Section of NH-130-CD Road from km 342500 to km
365033 Package-OD-8
(National Highways Authority of India [NHAI])
(618680)",Odisha,"12/2021
(10/2022)","10/2024
(08/2025)","1492.74
(1912.84)",972.27,93
1395,"Balance work of Panikoili Rimoli Section of new NH-20 from Km 0.00 to Km. 163.000
(National Highways Authority of India [NHAI])
(618819)",Odisha,"09/2020
(03/2021)","03/2022
(07/2022)","183.03
(200.79)",89.36,99
1396,"Rehabilitation and Up gradation from 4 to 8 laning of Chandikhole Paradip Section of
NH-53 Old NH 5A from Km.39.000 to Km.60.00 Package-3
(National Highways Authority of India [NHAI])
(618820)",Odisha,"03/2023
(12/2023)","12/2025
(-)","861.84
(938.55)",344.27,85
1398,"3L Major Bridge over River Brahmani at Km. 401.250 Duburi - Chandikhole Section of
NH-200 New NH -53
(National Highways Authority of India [NHAI])
(618908)",Odisha,"04/2022
(08/2022)","01/2025
(-)","153.61
(103.68)",61.82,38
1399,"4-L of Rajamunda to Barkote Section of NH-23 from km. 287.200 to km. 337.185
(National Highways Authority of India [NHAI])
(618913)",Odisha,"10/2017
(12/2018)","06/2021
(12/2024)","609.63
(630.97)",114.77,96
1400,"6L of Bhubaneswar - Jagatpur - Chandikhole Section of NH-16
(National Highways Authority of India [NHAI])
(619075)",Odisha,"NA
(12/2011)","06/2014
(-)","639.3
(632.89)",0.26,97
1401,"6L of Badakumari - Karki Section from Km 179.000 to km 226.500 of NH-130-CD
Package OD-3
(National Highways Authority of India [NHAI])
(619109)",Odisha,"03/2021
(04/2022)","04/2024
(12/2025)","1101.76
(1374.43)",512.78,98
1402,"Four Laning of Angul to Sambalpur from Km.112.000 to Km.265.000
(National Highways Authority of India [NHAI])
(619118)",Odisha,"NA
(03/2017)","08/2019
(10/2024)","2510.04
(2632.91)",31.2,99
1404,"4 Laning of Talcher to end of Kamakhyanagar Bypass km 8.844 - km 15.725 of NH-
149 and km 301.875 - km 335.946 of NH-53 Pkg-I
(National Highways Authority of India [NHAI])
(619157)",Odisha,"01/2018
(02/2019)","08/2021
(-)","795.18
(810.71)",188.53,99
1405,"4 Laning of Duburi Chandikhole from km 388.376 to km 428.074 Pkg-III
(National Highways Authority of India [NHAI])
(619158)",Odisha,"01/2018
(02/2020)","08/2022
(-)","789
(907.61)",336.11,86
,1408,"Delhi-Amritsar-Katra Expressway Phase-I Pkg-VII from Junction with Patiala-Bathinda
road NH-7 near Bhawanigarh to Junction with Ludhiana-Malerhkotla SH-11 near
Bhogiwal village Km 188830 to km 225770
(National Highways Authority of India [NHAI])
(618487)",Punjab,"12/2020
(07/2022)","07/2024
(-)","1759.82
(1774.32)",1230.42,95,
,1409,"Delhi-Amritsar-Katra Expressway Phase-I Pkg-VIII from Junction with Ludhiana-
Malerkotla SH-11 near Bhogiwal village to Junction with Ludhiana-Moga road NH-5
near Mullanpur Dakha Km 225770 to km 260860
(National Highways Authority of India [NHAI])
(618488)",Punjab,"12/2020
(03/2023)","03/2025
(-)","1895.74
(2034.94)",751.95,31,
,1410,"Delhi-Amritsar-Katra Expressway Phase-I Pkg-IX from Junction with Ludhiana-Moga
road NH-5 near Mullanpur Dakha to Junction with Jalandhar - Moga road NH-703 near
Kang Sahibu village Km 260860 to km 303900
(National Highways Authority of India [NHAI])
(618489)",Punjab,"12/2020
(07/2022)","07/2024
(09/2025)","1851.47
(2407.14)",1329.18,70,
,1411,"Delhi-Amritsar-Katra Expressway Phase-I Pkg-X from Jn. with Jalandhar - Moga road
NH-703 to Jn. with Jalandhar-Kapurthala road NH-703A and to Jn. with Kapurthala -
Sultanpur Lodhi road NH-703A km 000 to km 24000 to Amritsar connectivity
(National Highways Authority of India [NHAI])
(618490)",Punjab,"12/2020
(07/2022)","07/2024
(09/2025)","2177.54
(2062.74)",1004.28,62,
,1412,"Delhi-Amritsar-Katra Expressway Phase-I Pkg-XI from Junction with Jalandhar -
Kapurthala road NH-703A near khojewal village to Junction with Amritsar-Mehta-
SriHargobindpur-Tanda road NH-503A near SriHargobindpur Km 319400 to km
362420
(National Highways Authority of India [NHAI])
(618491)",Punjab,"03/2021
(11/2022)","11/2024
(-)","2175.35
(2206.71)",941.19,43,
,1413,"Delhi-Amritsar-Katra Expressway Phase-I Pkg-XII from Junction with Amritsar-Mehta-
SriHargobindpur-Tanda road NH-503A near SriHargobindpur to Junction with
Pathankot-Gurdaspur road NH-54 near Gurdaspur Km 362420 to km 397700
(National Highways Authority of India [NHAI])
(618492)",Punjab,"03/2021
(01/2024)","12/2025
(-)","1734.18
(1538.47)",470.87,25,
,1414,"Delhi-Amritsar-Katra Expressway Phase-I Spur-I from Jn. with Kapurthala - Sultanpur
Lodhi Road NH-703A near Isharwal village to Jn. with Kapurthala - Tarn Taran road
NH-703AA near Goinwal Sahib [Km 24000 to Km 41000 of Amritsar connectivity]
(National Highways Authority of India [NHAI])
(618493)",Punjab,"12/2021
(04/2023)","04/2026
(-)","2165.23
(1519.6)",344.21,28,
,1415,"Greenfield connectivity from Govindsar village on Delhi Amritsar Katra Expressway to
Talwara village on NH-44 Pathankot by-pass
(National Highways Authority of India [NHAI])
(618551)",Punjab,"11/2024
(07/2025)","07/2027
(-)","666.81
(690.47)",35.34,18,
,1416,"Development of 6L Greenfield Jalandhar Bypass starting from Kahlwan NH-03 ending
at Kang Sahbu NH-703 via Sarmastpur NH-44 - Madara NH-03 - Khajurla NH-44
(National Highways Authority of India [NHAI])
(618552)",Punjab,"03/2021
(01/2023)","01/2025
(03/2026)","1754.84
(2167.39)",797.22,42,
,1417,"6L of Jodhpur Romana Bathinda - Mandi Dabwali Punjab Haryana Border section of
NH-54 from km. 0.000 to km. 27.400 of NH-54
(National Highways Authority of India [NHAI])
(618610)",Punjab,"05/2020
(08/2023)","08/2025
(-)","789.26
(1318.91)",507.11,99,
,1418,"6L Amritsar-Bathinda Greenfield section from village Tiba on NE-5A to Jn. with Moga
Jalandhar road NH-703 near Dharamkot from km 0.000 to km 39.000 of NH-754A
Pkg-1
(National Highways Authority of India [NHAI])
(618617)",Punjab,"03/2021
(11/2022)","11/2024
(09/2025)","1229.38
(1549.32)",771.46,67,
,1419,"6L Amritsar-Bathinda Greenfield section from Jn. with Bhagta Bhai Ka-Bhadaur Road
near Dyalpura Bhai Ka to Jn. with Mandi Dabwali Bathinda Road on NH-54 near
Sangat Kalan from km 93.000 to km 154.866 of NH-754A Pkg-3
(National Highways Authority of India [NHAI])
(618618)",Punjab,"03/2021
(06/2024)","06/2026
(-)","2029.17
(2677.23)",506.39,65,
,1420,"6L Access Controlled Ludhiana-Bathinda Greenfield highway from Jn. with Amritsar-
Bathanda Greenfield Road NH-754A near Rampura Phul to Jn. with Moga-Barnala
Road NH-703 near village Tallewal from Km 0.0 to Km 30.3 of NH-754AD Pkg-1
(National Highways Authority of India [NHAI])
(618647)",Punjab,"06/2021
(09/2023)","09/2025
(-)","906.51
(1020.52)",445.11,78,
,1421,"Moga - Bagha Purana - Bajakhana from km. 0.00 to km. 43.32
(National Highways Authority of India [NHAI])
(618764)",Punjab,"05/2020
(12/2022)","12/2024
(08/2025)","1032.59
(1264.17)",625.94,75,
,1422,"4/6L Greenfield LudhianaRupnagar highway from Jn. with NE-5 village near to
ManewalLudhiana to Jn. with NH-205 near Bheora Village Rupnagar from Km 66.0 to
Km 91.0 i/c spur to Kharar from Km 0.0 to Km 19.5 with Ludhiana bypass of NH-205K
Pkg-3
(National Highways Authority of India [NHAI])
(618785)",Punjab,"07/2021
(02/2023)","02/2025
(-)","1501.02
(1815.13)",992.7,76,
,1423,"6L of IT City Chowk to Kurali Chandigarh Road
(National Highways Authority of India [NHAI])
(618789)",Punjab,"03/2021
(10/2022)","10/2024
(06/2025)","1525.31
(1936.54)",1689.83,98,
,1424,"Amritsarairport Junction - Ramdas from km. 100.835 to km. 139.813 Pkg - IV
(National Highways Authority of India [NHAI])
(618794)",Punjab,"12/2020
(03/2022)","09/2023
(-)","524.88
(416.58)",346.35,80,
,1425,"Amritsar Bypass Pkg III from km. 71.496 to km. 105.158
(National Highways Authority of India [NHAI])
(618795)",Punjab,"02/2021
(08/2022)","08/2024
(-)","1474.77
(1228.42)",865.4,79,
,1426,"4L of Beas-Mehta-Batala-Dera Baba Nanak from intersection with Jalandhar-Amritsar
Highway NH-3 near Beas till start of Batala Bypass near Village Acchhal from Km.
0.000 to Km. 31.300 Pkg-1
(National Highways Authority of India [NHAI])
(618809)",Punjab,"08/2021
(06/2023)","06/2025
(-)","809.51
(966.99)",489.99,63,
,1427,"4L of existing Beas Baba Bakala - Dera Baba Nanak Section from start of Batala
Bypass till intersection with Ajnala Gurdaspur Highway NH 354 near Dera Baba
Nanak from Km. 31.300 to Km. 69.100 with Additional batala Bypass Pkg-II
(National Highways Authority of India [NHAI])
(618810)",Punjab,"10/2021
(06/2023)","06/2025
(-)","1003.38
(993.6)",581.69,77,
1428,"4L of Amritsar-Ghoman - Tanda - Una Section from Km 8.270 to Km 54.000 of NH-
503A Package-I
(National Highways Authority of India [NHAI])
(618906)",Punjab,"12/2020
(06/2022)","06/2024
(-)","857.91
(1443.47)",466.87,59
1429,"6L Amritsar-Bathinda Greenfield section from Jn. with Moga Jalandhar road NH-703
near Dharamkot to Jn. with Bhagta Bhai Ka-Bhadaur Road near Dyalpura Bhai Ka
from km 39.000 to km 93.000 of NH-754A Pkg-2
(National Highways Authority of India [NHAI])
(619099)",Punjab,"03/2021
(06/2024)","06/2026
(-)","1801.37
(2172.71)",579.38,63
1430,"6L Access Controlled Ludhiana-Bathinda Greenfield highway from Jn. with Moga-
Barnala Road NH-703 near village Tallewal to Jn. with Delhi-Katra Expressway NE-5
near Ludhiana village Ballowal from Km 30.300 to Km 75.543 of NH-754AD Pkg-2
(National Highways Authority of India [NHAI])
(619105)",Punjab,"07/2021
(09/2025)","09/2027
(-)","1555.13
(1564.66)",133.77,11
1431,"Beawer Gomti 4LPS from km 58.245 to km 108.600 Pkg-I
(MoRTH)
(617887)",Rajasthan,"12/2020
(10/2021)","10/2023
(02/2026)","379.23
(379.23)",179.08,98
1438,"Up-gradation to 2 lane with Paved shoulder from Charbhuja at Design km 0.00
existing km 150.00 to Neechli Oden Nathdwara at Design ch. Km 88.800 existing km
55.950 of NH-162E on EPC mode.
(MoRTH)
(618093)",Rajasthan,"02/2022
(09/2023)","09/2025
(-)","838.43
(838.43)",55.04,0
1441,"Delhi-Vadodara Greenfield Alignment NH-148N Pkg-14 Ch. 388.420 to Ch. 419.000
[Junction with NH- 76 to Junction with NH-12 near village Ummedpura]
(National Highways Authority of India [NHAI])
(618456)",Rajasthan,"11/2019
(05/2021)","05/2023
(03/2025)","1119.35
(1194.17)",975.7,99
1442,"Delhi-Vadodara Greenfield Alignment NH-148N Pkg-10 Ch. 292.950 to Ch. 319.400
[End of Interchange on NH-166 near village Mui to Hardeoganj village near Indergarh]
(National Highways Authority of India [NHAI])
(618457)",Rajasthan,"11/2019
(05/2021)","05/2023
(07/2024)","1272.97
(1265.16)",1080.16,94
1443,"Delhi-Vadodara Greenfield Alignment NH-148N Pkg-15 Ch. 419.000 to Ch.427.300
[Junction with NH-12 near village Ummedpura to Major bridge over Takli river near
Nayagaon Jageer village]
(National Highways Authority of India [NHAI])
(618458)",Rajasthan,"07/2020
(07/2021)","01/2024
(02/2026)","1854.68
(1854.68)",1322.23,90
1444,"Deogarh near Dhandhaniya-Rajasthan/Gujarat Border Phase-I AJ/DRGB-Package-6
(National Highways Authority of India [NHAI])
(618612)",Rajasthan,"10/2019
(08/2021)","08/2023
(12/2024)","846.59
(740.62)",666.78,100
1445,"Deogarh near Dhandhaniya-Rajasthan/Gujarat Border Phase-I AJ/DRGB-Package-7
(National Highways Authority of India [NHAI])
(618613)",Rajasthan,"10/2019
(07/2021)","07/2023
(12/2024)","662.08
(597.77)",503.1,98
1446,"Tanot -Ramgarh-Bhadasar-Jaisalmer NH-68 and BhadasarMokal-Sarkaritala up to
Pakisthan Border NH-968 Pkg-BM/5
(National Highways Authority of India [NHAI])
(618796)",Rajasthan,"02/2018
(04/2019)","04/2021
(-)","828.58
(830.37)",227.05,100
1448,"4L of Karwar Km. 281.980 of NH-62 Nagaur road to Dangiyavas of Jodhpur Ring
Road Pkg-II
(National Highways Authority of India [NHAI])
(618838)",Rajasthan,"11/2021
(08/2022)","08/2024
(-)","736.75
(512.77)",395.36,99
1449,"4L Greenfield spur from Delhi-Vadodara Greenfield expressway near Bandikui to
Jaipur
(National Highways Authority of India [NHAI])
(619063)",Rajasthan,"03/2022
(11/2022)","11/2024
(-)","1636.15
(2170.39)",1204.74,100
1451,"Construction & Upgradation of existing road to 2-lane with paved shoulder from New
Rolep Bridge at km 37.600 to Chochenpheri at km 52.00 in the section of Rongli to
Chochenpheri of NH 717B Pkg-II C
(NHIDCL)
(618446)",Sikkim,"10/2020
(05/2021)","05/2024
(02/2025)","493.42
(478.79)",0,72
1454,"Construction & Upgradation of existing road to 2-lane with paved shoulder from
km27.200 End of Rongli bypass to km37.600New Rolep Bridge of Rhenok-Menla spur
NH-717B on EPC Mode under SARDP-NE Phase-A in Sikkim Pkg-II B
(NHIDCL)
(618449)",Sikkim,"07/2020
(10/2020)","04/2023
(02/2025)","230.45
(244.91)",0,77
1455,"Rehabilitation & Upgradation of existing road to 2-lane with paved shoulder including
geometric improvement of section from start of Rabangla km33.600 to km58.840
under SARDP-NE Phase A Pkg- IV
(NHIDCL)
(618450)",Sikkim,"07/2020
(10/2020)","05/2022
(04/2025)","292.8
(292.8)",1.91,62
1457,"Bangalore Chennai Expressway Phase-III Package II Walajahpet to Arakkonam from
Km 180.000 to Km 204.500
(National Highways Authority of India [NHAI])
(618478)",Tamil Nadu,"01/2021
(07/2022)","07/2024
(-)","1106.65
(1106.65)",496.07,93
1458,"Bangalore Chennai Expressway Phase-III Package III Arakkonam to Kancheepuram
from Km 204.500 to Km 230.000
(National Highways Authority of India [NHAI])
(618479)",Tamil Nadu,"12/2020
(08/2022)","07/2024
(03/2025)","1525.1
(1525.1)",353.87,53
1459,"4L Bangalore-Chennai Expressway from Km. 230.000 to Km. 261.705 of
Kanchepuram to Sriperumbudur Section Phase-III/Package-IV
(National Highways Authority of India [NHAI])
(618481)",Tamil Nadu,"02/2021
(07/2022)","07/2024
(-)","3605.73
(3605.73)",881.54,83
1460,"Karaipettai to Walajapet from Km 71.015 to 107.091
(National Highways Authority of India [NHAI])
(618521)",Tamil Nadu,"08/2018
(02/2019)","02/2021
(04/2025)","766.51
(766.51)",427.31,93
1461,"4L of Madurai Ring Road Phase 1 [Vadipatti-Thamrapatti] from km 0.00 - km 29.960
(National Highways Authority of India [NHAI])
(618563)",Tamil Nadu,"12/2018
(03/2020)","03/2022
(08/2025)","900.05
(900.05)",606.61,92
1462,"4L of left-over works including additional structures from Kerala/Tamil Nadu border to
Kanyakumari Section from Km 43.0 to Km 96.174 of NH66
(National Highways Authority of India [NHAI])
(618608)",Tamil Nadu,"11/2022
(08/2023)","08/2025
(04/2026)","1564.23
(1263.42)",838.6,72
1463,"6L of Pondavakkam to Kannigaipair from km 96.040 to km 116.100 of NH 716B Pkg-
IV
(National Highways Authority of India [NHAI])
(618635)",Tamil Nadu,"02/2021
(01/2023)","01/2025
(11/2025)","1359.81
(1359.81)",302.06,32
1464,"4L of Thirumangalam to Vadugapatti section from km 0.000 to km 36.000 of NH-744
(National Highways Authority of India [NHAI])
(618744)",Tamil Nadu,"03/2022
(02/2023)","02/2025
(-)","1076.97
(791.6)",663.01,93
1465,"4L of Vadugapatti to Therkuvenganallur Rajapalyam section from km 36.000 to km
71.600 of NH-744
(National Highways Authority of India [NHAI])
(618745)",Tamil Nadu,"02/2022
(04/2023)","04/2025
(-)","1317.6
(1137.16)",919.36,99
1466,"Melur - Pilayarpatti - Karaikudi from km 99.920 of NH 38 to km 12.9 of NH 383 Ext.
(National Highways Authority of India [NHAI])
(618756)",Tamil Nadu,"12/2018
(03/2020)","03/2022
(05/2025)","1103.86
(1085.41)",157.65,90
1467,"Construction of New Double Tier 4L Elevated Corridor from Chennai Port to
Maduravoyal in Chennai District from km -0.342 to Km 20.593 and Package II from
Km 4.604 to Km 9.700
(National Highways Authority of India [NHAI])
(618800)",Tamil Nadu,"03/2023
(11/2023)","05/2026
(-)","1616.97
(1616.97)",141.23,13
1468,"Construction of New Double Tier 4-lane Elevated Corridor from Chennai Port to
Maduravoyal in Chennai District from Km -0342 to Km 20223 Package 1 from Km -
0342 to Km 4604
(National Highways Authority of India [NHAI])
(618801)",Tamil Nadu,"03/2023
(11/2023)","05/2026
(-)","1388.59
(1388.59)",150.31,16
1469,"4L of Madathukulam - Pollachi from km. 74.38 to km. 116.95 of old NH-209 New NH-
83
(National Highways Authority of India [NHAI])
(618894)",Tamil Nadu,"01/2019
(12/2020)","12/2022
(-)","1772.13
(1772.13)",211.83,91
1470,"Kamalapuram to Oddanchatram from km. 0.00 to km. 35.822
(National Highways Authority of India [NHAI])
(618895)",Tamil Nadu,"01/2019
(01/2021)","01/2023
(03/2026)","1319.42
(1319.42)",332.7,90
1471,"4L of Sethiyathope -Cholapuram section from Km. 65.960 to Km. 116.440 section of
NH45 C Pkg-II
(National Highways Authority of India [NHAI])
(618897)",Tamil Nadu,"NA
(08/2018)","08/2020
(06/2024)","2356.19
(2356.9)",1011.27,100
1472,"Salem - Ulundurpet section from km 0.313 to km 136.670 of NH-68
(National Highways Authority of India [NHAI])
(618943)",Tamil Nadu,"NA
(01/2008)","01/2011
(-)","861.23
(1019.85)",18.25,100
1473,"6-laning of Krishnagiri Km.0.000 to Walajahpet Km.148.300 section on NH-46 under
NHDP-V
(National Highways Authority of India [NHAI])
(619074)",Tamil Nadu,"NA
(06/2011)","12/2013
(-)","1673.17
(781.74)",8.45,99
1474,"Thumbipadi-Namakkal from km. 180.00 to km. 248.625 Package No. NS-2/BOT/TN-
02
(National Highways Authority of India [NHAI])
(619083)",Tamil Nadu,"NA
(08/2006)","02/2009
(-)","255.53
(395.43)",15.29,100
1475,"Start of Karur Bypass - Dindigul from km. 292.600 to km. 305.600 Contract Package
No. NS2/BOT/TN-4
(National Highways Authority of India [NHAI])
(619084)",Tamil Nadu,"NA
(10/2006)","04/2009
(-)","461.54
(515.03)",0.29,100
1476,"Chengapalli km 102.035 to Neelambur Km144.680 and Madukkarai Km 170.880 to
Walayar K183.010 Package No. NS-2/BOT/TN-08
(National Highways Authority of India [NHAI])
(619086)",Tamil Nadu,"NA
(09/2010)","03/2013
(-)","852
(285.55)",0.32,100
1477,"Thorapalli - Agraharam - Jittandahalli Section from km 23.350 to km 60.100 [Hosur to
Dhamrapuri Pkg-2]
(National Highways Authority of India [NHAI])
(619094)",Tamil Nadu,"02/2019
(12/2021)","12/2023
(03/2025)","1243.57
(1272.11)",509.9,82
1478,"4L of Padalur - Trichy section from km. 285.00 to km. 325.00 of NH - 45 Pkg VI-C
(National Highways Authority of India [NHAI])
(619113)",Tamil Nadu,"NA
(11/2006)","05/2009
(-)","555.8
(235.8)",-0.08,100
1479,"Mahabalipuram - Pondicherry Pkg-I [Mamallapuram to Mugaiyur]
(National Highways Authority of India [NHAI])
(619129)",Tamil Nadu,"02/2019
(05/2022)","05/2024
(08/2025)","1360.54
(1477.94)",552.15,58
1480,"Mahabalipuram - Pondicherry Pkg-II [Mugaiyur to Marakkanam]
(National Highways Authority of India [NHAI])
(619130)",Tamil Nadu,"02/2019
(12/2023)","12/2025
(-)","1116.13
(1463.75)",518.62,53
1481,"Four Laning of Chettikulam to Natham section of NH-785
(National Highways Authority of India [NHAI])
(619131)",Tamil Nadu,"03/2018
(11/2018)","11/2020
(-)","837.61
(823.93)",0.57,99
1482,"Construction of New Double Tier 4L Elevated Corridor from Chennai Port to
Maduravoyal in Chennai District from km -0.342 to Km 20.593 and Package III from
Km 9.700 to Km 14.185
(National Highways Authority of India [NHAI])
(619139)",Tamil Nadu,"03/2023
(11/2023)","05/2026
(-)","1299.36
(1299.36)",123.13,14
1483,"Access Controlled Highway of 4 Lane with Paved Shoulders from Tiruvallur Design
Chainage Km 1756 to TN/AP Broder Design Chainage Km 6151 of NH-716 Chennai-
Tirupati Package-1
(National Highways Authority of India [NHAI])
(619161)",Tamil Nadu,"03/2024
(12/2024)","12/2026
(-)","1376.1
(1247.7)",89.34,24
1491,"Rehabilitation and upgradation of NH-167 from design km 113.900 to 154.479
Mallepally Haliya section to two lane with paved shoulders on EPC mode in the stte of
Telangana
(MoRTH)
(617994)",Telangana,"02/2018
(06/2018)","11/2019
(-)","294.13
(257.61)",3.16,88
1502,"Widening to Two lane with Paved shoulders from km.40/410 to 84/037 of
Thirumanlagiri-- Suryapet Section of NH-365B earstwhile section of SH-16
(MoRTH)
(618142)",Telangana,"01/2017
(05/2017)","05/2019
(05/2019)","244.54
(244.54)",0,99
1508,"Improvement of Geometrics of Kalkallu to Gundla Pochanpalli from Km 454.00 to Km
471.00 of NH-44
(National Highways Authority of India [NHAI])
(618558)",Telangana,"03/2022
(01/2023)","01/2025
(07/2026)","955.49
(903.17)",427.03,35
1509,"6L of existing 4L from Gundlapochampally to Bowenpally from km 471.300 to km
481.331 of NH-44
(National Highways Authority of India [NHAI])
(618559)",Telangana,"12/2021
(08/2022)","07/2024
(04/2026)","521.53
(528.21)",256.27,50
1510,"Improvement of Geometrics of Thondupally to Kothur from Km 22.300 to Km 34.14 of
NH-44
(National Highways Authority of India [NHAI])
(618560)",Telangana,"03/2022
(03/2023)","09/2024
(-)","541.58
(527.43)",45.13,10
1511,"Khammam-Devarapalle Pkg I [4L Access Controlled Greenfield from Thallampadu
village to Somavaram village Design Chainage 0000 to 33604]
(National Highways Authority of India [NHAI])
(618746)",Telangana,"01/2021
(10/2022)","10/2024
(01/2026)","797.36
(1337.18)",570.64,92
1512,"4L of Karimnagar-Warangal section from km 49.500 to km 117.820 of NH-563
(National Highways Authority of India [NHAI])
(618765)",Telangana,"03/2022
(07/2023)","07/2025
(12/2025)","2146.86
(2486.51)",846.49,86
1513,"4L Access Controlled Greenfield Highway Section Mancherial Warangal from
Pangidipalle village at Design Ch. 72.350 Km to Oorugonda village at Design Ch.
112.240 KmPackage-III
(National Highways Authority of India [NHAI])
(618811)",Telangana,"03/2023
(06/2025)","06/2027
(-)","1183.71
(1170.64)",83.29,0
1514,"4L Access Controlled Greenfield Highway section on NH163G Warangal-Khammam
from Oorugonda village in Hanamkonda District at Design Ch. 112.240 Km to
Venkatpur village in Warangal District at Design Ch. 150.240 KmPackage-I
(National Highways Authority of India [NHAI])
(618814)",Telangana,"03/2023
(06/2025)","06/2027
(-)","1142.6
(1140.82)",50.62,0
1515,"4L Access Controlled Greenfield Highway section on NH-163G Warangal-Khammam
from Thallasenkesa village at Design Ch. 189.650 km to V.Vekatayapalem village in
Khammam District at Design Ch. 220.480 KmPackage-III
(National Highways Authority of India [NHAI])
(618816)",Telangana,"03/2023
(07/2025)","07/2027
(-)","1105.25
(1098.05)",71.86,1
1516,"4L Access Controlled Greenfield Highway section on NH-163G Khammam Vijayawada
from V. Venkatayapalem village at Design Ch. 220.480 Km to BrahmanapalliK village
at Design Ch. 250.400 Km Package-I.
(National Highways Authority of India [NHAI])
(618817)",Telangana,"03/2023
(07/2024)","03/2027
(-)","973.45
(1021.96)",138.15,21
1517,"4L of Kodad Design Km 0.00/Existing Km 185.00 of NH-65 to Khammam Design Km
31.800/Existing Km 29.400 of NH-365A
(National Highways Authority of India [NHAI])
(618945)",Telangana,"01/2021
(01/2022)","05/2024
(05/2025)","1149.17
(1606.99)",688.18,99
1518,"Khammam-Devarapalle Pkg II [4L Access Controlled Greenfield from Somavaram
village to Chintagudem village Design Chainage 33604 to 63117]
(National Highways Authority of India [NHAI])
(619128)",Telangana,"01/2021
(09/2022)","09/2024
(11/2025)","615.78
(981.64)",363.66,98
1519,"Thanamcherla-Jamandlapally 2LPS
(National Highways Authority of India [NHAI])
(619165)",Telangana,"NA
(03/2014)","02/2023
(-)","177.18
(18.65)",3.61,100
1526,"Rehabilitation and up-gradation of road from design km 25.250 to km 36.460 Total
lengh 11.210 km of Kailashahar-Kurti Bridge section on NH-208A to 2-lane with paved
shoulder on EPC basis under NHO Package-III- Balance Work
(NHIDCL)
(618385)",Tripura,"02/2020
(09/2024)","09/2025
(-)","174.43
(174.43)",0,0
1527,"Rehabilitation & Upgradation of Road from Km 0.00 to Km 18.600 Total length-18.600
km of Kumarghat-Kailashahar section on NH-208 to 2-lane with Paved shoulder on
EPC bais under NHO
(NHIDCL)
(618386)",Tripura,"02/2020
(07/2020)","01/2022
(10/2024)","277.5
(302.03)",0,0
1528,"Melaghar-Srimantapur section on NH-08 Spur from Km 23 to Km 34.500 11.5 Km and
overlay from Km 20.30 to Km 22.00 1.7 Km Total Length 13.2 Km
(NHIDCL)
(618411)",Tripura,"01/2023
(05/2023)","11/2024
(11/2025)","195.95
(195.95)",68.88,61
1533,"Construction of four-lane elevated viaduct from km.4634 to km.6345 on NH-24A
including Retaining wall, service lane, at grade road and improvement of junctions, on
EPC mode
(MoRTH)
(618008)",Uttar Pradesh,"03/2021
(03/2022)","09/2023
(03/2024)","185.09
(269.81)",158.8,100
1534,"Balance work of Construction of Ring Road for Raebareli City on eastern side of NH-
24B Phase-1 on EPC mode.
(MoRTH)
(618009)",Uttar Pradesh,"12/2019
(10/2020)","04/2022
(07/2022)","319.96
(347.8)",0,94
1535,"Construction of Balrampur bypass with 2L flexible pavement configuration from
km.223.000 of NH-330 to km.328.300 of NH-730 under EPC mode
(MoRTH)
(618054)",Uttar Pradesh,"12/2022
(08/2024)","02/2026
(-)","515.69
(515.69)",80.95,42
1539,"Widening & Strenghteningof section from Bharthana chowk to Kodarkoot km.0.00 to
km.40.00 of NH-91-A on EPC mode
(MoRTH)
(618063)",Uttar Pradesh,"03/2020
(03/2023)","09/2024
(08/2025)","262.37
(343.77)",112.46,90
1542,"Construction of two lane with paved shoulder from existing Km.0.000 to Km.55.610
design km. 0.000 to km. 54.048 of NH-124D
(MoRTH)
(618075)",Uttar Pradesh,"12/2021
(02/2024)","02/2026
(-)","840.93
(773.58)",134.9,57
1544,"Widening & Upgradation to four lane configuration from Km.34.900 Bhadohi to
km.73.134 Jaunpur of NH-135A on EPC mode
(MoRTH)
(618082)",Uttar Pradesh,"03/2021
(11/2022)","05/2024
(-)","395.62
(392.03)",0,86
1549,"lmprovement and Up-gradation from Km. 73.300 Bikapur to Km.140.960 Patranga of
NH-227B 84 Kosi Parikrama Marg to 2LPS along with Parikrama Path
(MoRTH)
(618116)",Uttar Pradesh,"11/2022
(01/2026)","01/2028
(-)","1679.75
(1679.75)",0,0
1551,"Improvement and up-gradation to 2LPS of NH-227B 84-Kosi Parikrama Marg
PackageVI, Design Km 160200 Bahuvan Madar Majha to Km 224040 Jagarnathpur
under HAM
(MoRTH)
(618162)",Uttar Pradesh,"05/2023
(01/2026)","01/2028
(-)","2008.7
(2008.7)",0,0
1556,"Rehabilitation & Upgradation of NH-731A from Km.0.00 to Km.35.00 to 2-lane with
paved shoulder under EPC mode
(MoRTH)
(618167)",Uttar Pradesh,"03/2021
(08/2022)","08/2023
(-)","264.86
(264.86)",0,90
1558,"Construction of Two Lane with paved shoulder highway from Design Ch.0.000 to
Ch.49.2OO of NH-731B on EPC Mode
(MoRTH)
(618169)",Uttar Pradesh,"03/2022
(11/2023)","11/2025
(-)","640.18
(602.76)",227.12,93
1561,"Construction of 6-lane bridge on Ganga on NH-96 and its approaches in Phaphamau
Allahabad on EPC mode
(MoRTH)
(618233)",Uttar Pradesh,"07/2018
(02/2021)","02/2024
(07/2024)","1948.25
(1465.41)",0,85
1572,"Widening and Strengthening to two Lane with Paved Shoulder/Four Lane with paved
shoulder configuration from km. 61.500 of NH-727B near Nawalpur km 178.500 of
Sonauli Balia Marg, Old SH-01 i.e. end point of Salempur Bypass to km. 106.495 of
NH-727B near Sikanderpur under EPC mode
(MoRTH)
(618264)",Uttar Pradesh,"05/2023
(12/2025)","05/2028
(-)","2061.86
(2061.86)",0,14
1575,"6L Greenfield Kanpur - Lucknow Expressway Pkg II from km. 28.500 to km. 73.744
(National Highways Authority of India [NHAI])
(618498)",Uttar Pradesh,"12/2021
(11/2022)","05/2025
(-)","2471.56
(2489)",1178.77,99
1576,"6L Elevated Kanpur - Lucknow Exeressway Pkg-1 from Km. 10980 to Km. 28500
(National Highways Authority of India [NHAI])
(618499)",Uttar Pradesh,"12/2021
(02/2023)","07/2025
(-)","1972.94
(1943.27)",765.65,94
1577,"Construction of 4L Connector from Delhi Meerut Expressway Km 50.000 of Pkg IV to
Km 8.520 of NH-235 Pkg-5
(National Highways Authority of India [NHAI])
(618500)",Uttar Pradesh,"09/2021
(03/2022)","03/2024
(12/2025)","1081.39
(1116.19)",402.75,76
1578,"Varanasi Ring Road Pkg-II connecting Sandaha Village km 11.70 / NH-29 with
Revasa Village km 818.80 / NH-2
(National Highways Authority of India [NHAI])
(618529)",Uttar Pradesh,"12/2017
(02/2019)","02/2022
(06/2025)","1991.71
(1832.66)",989.09,93
1580,"Construction of Ring Road around Kanpur from Km.000 to Km. 23.325 Chachendi
Sachendi I to Maharajpur Package-I
(National Highways Authority of India [NHAI])
(618537)",Uttar Pradesh,"01/2023
(12/2023)","06/2026
(-)","1753.75
(1311.7)",330.5,50
1581,"Construction of Ring Road around Kanpur from Ch.23.325 to Ch.32.090 Chaudhariya
to Transganga Package-IIA
(National Highways Authority of India [NHAI])
(618540)",Uttar Pradesh,"08/2024
(11/2025)","10/2027
(-)","1089.41
(977.45)",0.03,12
1582,"6L of Agra Bypass Northern connecting Km. 174.500 of NH-2 new NH-19 to Km.
141.000 of Yamuna Expressways
(National Highways Authority of India [NHAI])
(618553)",Uttar Pradesh,"01/2022
(02/2023)","02/2025
(-)","957.62
(1034.42)",757.89,99
1583,"Construction of left out portion of Agra Inner Ring Road connecting village Deori to
NH-44 village Bad from Km. 0.000 to Km. 7.772
(National Highways Authority of India [NHAI])
(618554)",Uttar Pradesh,"07/2022
(03/2023)","09/2024
(-)","879.26
(787.58)",611.55,91
1584,"Strengthening of existing 4L Ayodhya Bypass Section from design Km. 121 600 to
Km. 144020 of NH 28 New NH 27Pkg-3
(NHAI)
(618565)",Uttar Pradesh,"03/2023
(09/2023)","03/2025
(08/2025)","526.45
(281.13)",259.66,81
1585,"4L Green Field Northern East side Gorakhpur Bypass 26.616 Kms starting from NH-
29E Chainage 83.308 and end at NH-28 Chainage 285.100
(National Highways Authority of India [NHAI])
(618566)",Uttar Pradesh,"02/2023
(01/2024)","01/2026
(-)","1973.98
(1244.44)",862.22,61
1586,"4/6L of Northern Ayodhya Bypass starting Km. 112.540 and ending Km. 139.928 north
of existing NH-27 part-1 and part-2 south of NH-27 from km 0.000 to km 5.000.
(NHAI)
(618567)",Uttar Pradesh,"08/2024
(07/2025)","01/2028
(-)","2289.34
(1834.25)",125.93,16
1587,"4L Rampur Bypass from Km. 181.000 to Km. 189.500
(National Highways Authority of India [NHAI])
(618689)",Uttar Pradesh,"10/2021
(10/2022)","04/2024
(01/2025)","364.47
(307.95)",271.68,99
1588,"DL/UP Border - EPE Crossing Pkg-02
(National Highways Authority of India [NHAI])
(618710)",Uttar Pradesh,"09/2020
(05/2021)","11/2023
(08/2024)","2002.79
(1889.78)",1732.22,100
1589,"6L access Controlled Greenfield Highway from Gogwan Jalalpur Shamli to Ranipur
Barsi Saharanpur of Shamli -Ambala section Package-I Design Ch. Form km 00.600
to km 45.500
(National Highways Authority of India [NHAI])
(618722)",Uttar Pradesh,"06/2022
(05/2023)","05/2025
(01/2026)","1843.59
(1247.55)",611.8,58
1590,"4L Spur of Meerut-Garh-Mukteshwar section connecting NH-119 and NH-58
bypassing Meerut Town of NH 709 A
(National Highways Authority of India [NHAI])
(618761)",Uttar Pradesh,"10/2021
(02/2023)","02/2025
(09/2025)","991.89
(977.73)",800.68,87
1591,"4L Spur of Panipat - Shamli connecting NH-709AD Panipat Shamli Muzaffarnagar
and NH-709A Karnal Meerut bypassing Shamli district UP
(National Highways Authority of India [NHAI])
(618770)",Uttar Pradesh,"10/2021
(10/2022)","10/2024
(03/2025)","516.16
(273.42)",232.93,74
1592,"4L of Sonauli - Gorakhpur
(National Highways Authority of India [NHAI])
(618798)",Uttar Pradesh,"12/2021
(03/2023)","03/2025
(02/2026)","2555.5
(2275.43)",1241.55,82
1594,"Construction of Underpass beneath airport runway on NH-31 old NH-56 for proposed
expansion of runway of Babatpur Airport Varanasi
(National Highways Authority of India [NHAI])
(618848)",Uttar Pradesh,"02/2025
(09/2025)","09/2027
(-)","649.44
(649.44)",0.09,5
1595,"2L PS of Raebareli - Jagdishpur with 4L Jagdishpur Bypass Spur
(National Highways Authority of India [NHAI])
(618854)",Uttar Pradesh,"02/2021
(01/2022)","01/2024
(06/2025)","706.41
(752.52)",515.53,97
1596,"Improvement and Up-Gradation of Existing Road to 2/4L PS from Km 40.000 to
88.750, start of Khutar bypass to start of Shahjahanpur bypass of NH 731Pkg-I
(National Highways Authority of India [NHAI])
(618855)",Uttar Pradesh,"03/2022
(02/2023)","02/2025
(09/2025)","838.68
(838.68)",560.31,99
1597,"Improvement and Up-Gradation of Existing Road to 4L PS from Km 123.650 to
175.080, from Start of Shahabad Bypass to End of Hardoi bypass of NH 731 Pkg-2B
(National Highways Authority of India [NHAI])
(618856)",Uttar Pradesh,"09/2022
(11/2023)","11/2025
(04/2026)","1101.79
(1212.26)",312.82,54
1598,"Improvement and Up-Gradation of Existing Road to 4L PS from Km 229.070 to
260.800, End of Hardoi District to Lucknow Ring road of NH 731 Pkg-4
(National Highways Authority of India [NHAI])
(618859)",Uttar Pradesh,"09/2021
(10/2022)","10/2024
(05/2025)","575.66
(553.61)",371.31,99
1599,"4L from Mathura Bypass Start at Existing Km. 154.20 of NH-44 to Gaju Village at Km
32.982 of NH-530B Pkg-IB
(National Highways Authority of India [NHAI])
(618864)",Uttar Pradesh,"01/2022
(03/2023)","03/2025
(10/2025)","1722.11
(1820.77)",1001.58,99
1600,"4L from Gaju Village at Km. 32.982 to Devinagar Bypass End at Km. 208.000 of NH-
530B Pkg-1C.
(National Highways Authority of India [NHAI])
(618865)",Uttar Pradesh,"12/2021
(01/2023)","01/2025
(-)","1384.79
(1496.44)",823.04,99
1602,"4L Kasganj-Badaun Section from Km. 123.100 to Km. 179.500 Pkg-III of NH530B
(National Highways Authority of India [NHAI])
(618867)",Uttar Pradesh,"03/2023
(05/2025)","05/2027
(-)","2009.11
(1936.61)",20.92,6
1603,"Construction of 4/6 lane Highway of Southern Bareilly Bypass, starting at Ch. 237000
of NH 530 near Jhumka chauraha, Dhantiya village and ending at Ch. 267000 of NH
30 near Invertis University including Trumpet Interchange
(National Highways Authority of India [NHAI])
(618869)",Uttar Pradesh,"12/2024
(12/2025)","06/2028
(-)","1122.02
(1869.59)",51.98,0
1607,"4L Greenfield Western Side spur of Rampur-Rudrapur Section from Km 0.000 to Km
13.700 connecting NH-24 to NH-87 bypassing rampur town
(National Highways Authority of India [NHAI])
(618911)",Uttar Pradesh,"12/2021
(05/2023)","11/2024
(03/2026)","646.27
(637.83)",146.1,62
1608,"Bijnor-Kotawali
(National Highways Authority of India [NHAI])
(618925)",Uttar Pradesh,"02/2021
(11/2021)","05/2023
(02/2026)","300.58
(334.48)",247.05,96
1609,"4L Prayagraj Greenfield By-pass from design Km 50860 near Nibi Kala Uperhar to
design Km 64763 on NH-19 near Khodaypur Kasgaon including Interchange loop at
NH-19
(National Highways Authority of India [NHAI])
(618959)",Uttar Pradesh,"08/2023
(12/2023)","03/2025
(-)","1017.99
(427.54)",406.31,99
1610,"4 Lane Inner Ring Road around Allahabad City Pkg-2 Prayagraj Southern Bypass
43.200 - 50.860
(National Highways Authority of India [NHAI])
(618960)",Uttar Pradesh,"08/2023
(12/2023)","06/2026
(-)","1377.51
(1007.62)",298.31,40
1611,"4 Lane Inner Ring Road around Allahabad City Pkg-1 Prayagraj Southern Bypass
34.400 43.200
(National Highways Authority of India [NHAI])
(618961)",Uttar Pradesh,"02/2025
(12/2025)","12/2027
(-)","775.94
(498.97)",0.01,0
1612,"6L access control Greenfield highway of Vill-Khyawari to Vill-Latifpur at Saharanpur
Bypass from Km. 82.000 to Km. 119.790 Pkg-4
(National Highways Authority of India [NHAI])
(618968)",Uttar Pradesh,"03/2021
(09/2022)","09/2024
(-)","1428.19
(1439.35)",1184.03,97
1613,"6L access control Greenfield highway of Vill-Lohadda to Vill-Karaunda Mahajan from
Km. 27.000 to Km. 56.500 Pkg-2
(National Highways Authority of India [NHAI])
(618970)",Uttar Pradesh,"03/2021
(09/2022)","09/2024
(-)","1335.45
(1335.38)",978.54,92
1614,"4L of Najibabad Bypass from Km. 105.423 to Km. 118.373 excluding 2.45 Km. of NH-
74 Bypass of NH-119
(National Highways Authority of India [NHAI])
(619162)",Uttar Pradesh,"01/2022
(12/2022)","06/2024
(10/2025)","578.02
(566.9)",438.31,100
1615,"6L access controlled Greenfield highway of Junction of EPE Vill.-Mavikalan to Vill.-
Lohadda from Km. 0.000 to Km. 27.000 Pkg-1
(National Highways Authority of India [NHAI])
(619168)",Uttar Pradesh,"03/2021
(09/2022)","09/2024
(-)","1602.48
(1497.94)",1195.38,99
1618,"Construction & Widening Including Augustmuni Bypass Ch-16.545 to Ch - 19.890 to
2L/PS from Km 16.545-Km 33.130 & 45.980 -57.975 Augustmuni to Kund & Guptkashi
to Sitapur on NH 109 in UK
(MoRTH)
(617968)",Uttarakhand,"03/2017
(02/2018)","02/2020
(07/2021)","418.89
(418.89)",178.35,95
1619,"Reconstruction of existing 2 L/IL to 2L with paved shoulder from existing km 52.200 to
92.880 of NH-
(MoRTH)
(617970)",Uttarakhand,"10/2016
(06/2017)","06/2019
(03/2021)","282.08
(282.08)",156.65,100
1620,"Rehabilitation and upgradation of 2 lane with paved shoulder from existing km.
195.175 to km. 220.000 Design Chainage km71.300 to Km. 95.947 Excluding existing
chainage Km 200.300 to Km 202.400 Design chainage Km 76.400 to Km 78.400 on
Dharasu to Yamunotri Road of NH- 134 Old NH-94
(MoRTH)
(617974)",Uttarakhand,"05/2025
(10/2025)","04/2028
(-)","344.73
(344.73)",0,11
1625,"Construction, Operation & Maintenance of 2-L Bi-directional Silkyara Bend- Barkot
Tunnel with escape passage including approaches Tunnel-4.531 & Approach road-
0.328 on Dharasu-Yamunotri section b/w Chainage 25.400km and 51.00km falling
along NH-134 Old NH-94 on EPC mode
(NHIDCL)
(618390)",Uttarakhand,"03/2018
(07/2018)","07/2022
(06/2026)","1383.78
(1383.78)",658.7,69
1626,"Construction for Mitigation Measures of 5 Nos. Landslides, 05 No. Sinking Zones and
01 No. Bridge from Ch. 450.00 to Ch. 468.00 18 Km. Length on NH-07 Package-III
(NHIDCL)
(618391)",Uttarakhand,"12/2023
(06/2024)","12/2025
(-)","250.33
(250.33)",0,66
1628,"Construction for Mitigation Measures of 10 Nos. Landslides, 01 No. Sinking Zones
and 1 No. of Minor Bridge in between at Ch. Km 368.00 to Km 433.00 on NH-07 on
EPC Mode in Uttarakhand Package-1
(NHIDCL)
(618393)",Uttarakhand,"12/2023
(06/2024)","12/2025
(-)","216.68
(216.68)",94.73,94
1630,"Upgradation and 4L of Haridwar Bypass from Km 0.000 Km 188.100 of NH-58 to Km.
15.100 Km 5.100 of NH 74 PKg-1
(National Highways Authority of India [NHAI])
(619155)",Uttarakhand,"11/2021
(10/2022)","10/2024
(04/2026)","1602.89
(1423.89)",538.24,71
1631,"Construction of additional major Bridge with 4- lane configuration of length 1.48 km on
NH-60 NH-14 over River Kangshabati from Km. 117.770 to Km 119.250 and additional
major Bridge with 4- lane configuration of length 0.900 km on NH-60 NH-14 over River
Shilabati from Km. 173.220 to Km 174.120 in the district of Paschim Medinipur of
West Bengal under Annual Plan for FY 2023-24 on EPC mode. Job No 014-W8-2023-
24/527.
(MoRTH)
(617893)",West Bengal,"11/2023
(11/2025)","05/2028
(-)","304.83
(304.83)",0,0
1632,"Construction of new road at the missing link portion of NH-81 along approved
alignment between Harishchandrapur and Eastern approach of Kalindri Bridge from
Km 46.550 to Km 59.697 in the district of Malda.
(MoRTH)
(617960)",West Bengal,"08/2016
(11/2016)","11/2018
(11/2021)","271.17
(291.2)",7.4,84
1635,"Construction & upgradation of existing road to 2-lane with paved shoulder including
geometric improvement of sect. from Pedong bypass to Reshi Border km 79.700 to
km 96.254 of NH-717A under SARDP-NE-A on EPC as part of Alternate connectivity
to Gangtok Lava More-Reshi Border Pkg-VB
(NHIDCL)
(618429)",West Bengal,"06/2020
(10/2020)","04/2022
(04/2025)","345.38
(395.59)",382.89,91
1638,"Binnaguri Bypass-Descoped portion of Ghoshpukur-Dhupguri Section of NH-31Dpkg-1
(National Highways Authority of India [NHAI])
(618572)",West Bengal,"03/2025
(11/2025)","11/2027
(-)","309.99
(306.02)",0.07,0
1639,"Bridge over Ganga River at d/s of Farraka Barrage including Approaches connecting
Farakka-Raiganj
(National Highways Authority of India [NHAI])
(618825)",West Bengal,"08/2018
(12/2018)","12/2021
(02/2025)","622.04
(646.1)",339.46,95
1640,"4L of Purulia Bypass section from Km 84.030 to Km 94.345 of NH-32
(National Highways Authority of India [NHAI])
(618910)",West Bengal,"01/2021
(02/2022)","08/2023
(02/2024)","557.55
(562.57)",444.43,94
1641,"Construction of Dubrajpur Bypass with 4-lane configuration of length 5.676 km on NH-
60 new NH-14 from design chainage 0.00 existing km 316.135 on NH-60 to design
chainage 5.676 existing km 320.980 on NH-60 in the district of Birbhum, West Bengal
under Annual Plan 2022-23 in EPC Mode- reg. Job. No. 014-WB-2022-23/518.
(MoRTH)
(619004)",West Bengal,"03/2023
(12/2025)","12/2027
(-)","560.79
(560.79)",0,0
,Total (863),,,,"799040.39000000
1",247872.26,
,Department of Telecommunications,,,,,,
,Telecommunication,,,,,,
1643,"Provision of 4G based Mobile Services in Uncovered Villages and National Highways
of Meghalaya
(Department of Telecommunications)
(701598)",Meghalaya,"09/2019
(09/2020)","03/2022
(03/2026)","971.96
(971.96)",216.36,99
1651,"Saturation 4G mobile coverage of Uncovered Villages through USOF
(Department of Telecommunications [DoT])
(400013)",PAN India,"07/2022
(07/2022)","06/2024
(03/2026)","26316
(30620)",9791.8,82
1652,"4G Services by BSNL
(Department of Telecommunications [DoT])
(701593)",PAN India,"11/2020
(11/2020)","03/2024
(03/2026)","28466
(19592)",8471.19,97
1653,"BharatNet
(Department of Telecommunications [DoT])
(706775)",PAN India,"07/2017
(10/2011)","08/2023
(03/2027)","61109
(188000)",46431.54,81
1654,"MPLS-IP BASED ACCESS AND AGGREGATION NETWORK [MAAN] IN BSNL
ALONG WITH TEST AND MEASURING EQUIPMENT
(BSNL)
(709856)",PAN India,"05/2023
(05/2023)","08/2024
(01/2026)","645.13
(645.13)",377.59,92
,Total (14),,,,151923.46,77232.29,
,"Department of Water Resources, River Development & GR",,,,,,
,Waste & Water,,,,,,
1656,"Interception and Diversion and STP works in Bhagalpur under Hybrid annuity based
PPP mode-Namami Gange Programme
(National Mission for Clean Ganga)
(616600)",Bihar,"10/2017
(03/2022)","02/2025
(12/2026)","413.29
(413.29)",126.67,97
1657,"Sewage Treatment Plant 100MLD and Sewerage Network 288 km in Digha-Patna
under Hybrid annuity based PPP mode-Namami Gange Programme
(National Mission for Clean Ganga)
(616611)",Bihar,"08/2017
(07/2019)","12/2025
(-)","824
(824)",396.71,56
1658,"Sewage Treatment Plant 50MLD and Sewerage Network 150 km in Kankarbagh-
Patna under Hybrid annuity based PPP mode-Namami Gange Programme
(National Mission for Clean Ganga)
(616612)",Bihar,"08/2017
(07/2019)","12/2025
(-)","578.89
(578.89)",171.79,54
1659,"Sewer Network, SPS and STP at Begusarai
(National Mission for Clean Ganga)
(616615)",Bihar,"03/2010
(03/2018)","04/2025
(12/2025)","230.06
(230.06)",261.82,97
1660,"Sewer Networks, SPS and STP at Hajipur
(National Mission for Clean Ganga)
(616616)",Bihar,"03/2010
(03/2018)","06/2025
(12/2025)","305.19
(305.19)",346.46,95
1661,"Interception & Diversion with Rehabilitation of sewerage scheme at Agra under Hybrid
annuity based PPP model-Namami Gange Programme
(National Mission for Clean Ganga)
(616594)",Uttar Pradesh,"05/2020
(04/2023)","04/2025
(12/2026)","842.25
(842.25)",208.64,79
1662,"Pollution Abatement Works for River Kali Meerut under Meerut Municipality
Interception & Diversion with STP
(National Mission for Clean Ganga)
(616605)",Uttar Pradesh,"05/2020
(11/2024)","12/2024
(05/2027)","690.71
(690.71)",34.79,45
1663,"Pollution Abatement works for River Ganga at Hooghly Chinsurah- Municipal Town
Interception & Diversion with STP
(National Mission for Clean Ganga)
(616604)",West Bengal,"05/2018
(12/2021)","03/2025
(08/2026)","154.73
(154.73)",96.17,93
,Total (8),,,,4039.12,1643.05,
,Water Resources,,,,,,
1680,"Sulwade-Jamphal-Kanoli Lift Irrigation Scheme
(Department of water resources-MH - II)
(400107)",Maharashtra,"04/2017
(02/2019)","06/2023
(06/2027)","2407.67
(2407.67)",2619.61,80
1683,"Bodwad Parisar Sinchan Yojna
(Department of Water Resources-MH)
(617422)",Maharashtra,"05/2002
(01/2017)","07/2027
(-)","1923.81
(1923.81)",1770.13,49
1693,"Relining of Rajasthan feeder and Sirhind Feeder canal
(Department of Water Resources-PB)
(701410)",Punjab,"02/2016
(04/2018)","06/2021
(06/2026)","1441.26
(2462.16)",2148.33,85
1697,"J. Chokka Rao Devadula Lift Irrigation Scheme
(Irrigation and CAD-TG)
(701405)",Telangana,"04/2006
(04/2006)","12/2019
(12/2025)","8200.71
(14730)",4664.8,87
1698,"Rajiv Bhima Lift Irrigation Scheme
(Irrigation and CAD-TG)
(701406)",Telangana,"04/2007
(01/2008)","12/2019
(03/2026)","1402
(2509.66)",1839.76,100
1701,"Madhya Ganga canal Phase-II
(Irrigation & Water Resources-UP)
(701408)",Uttar Pradesh,"04/2008
(04/2008)","12/2019
(12/2025)","1060.67
(4417.21)",4575.74,82
,Total (39),,,,93740.23,140375.93,
