S.NO.,SECTOR NAME,PROJECT COUNT,"ORIGINAL COST
(₹ crores)","REVISED COST
(₹ crores)","EXPENDITURE
(₹ crores)"
1,Roads & Highways,1022,"969,677","989,066","448,973"
2,Railways,257,"724,664","873,994","584,469"
3,Urban Public Transport,29,"307,835","326,438","172,730"
4,Aviation & Aviation Infrastructure,25,"21,345","22,559","11,209"
5,Shipping,6,"14,405","14,445","10,972"
6,Logistics Infrastructure,1,763,763,430
7,Inland Waterways,1,"5,369","5,061","4,118"
3,705237,WESTERN DEDICATED FREIGHT CORRIDOR,"51,101","124,005","124,623",96
4,705429,RISHIKESH-KARNAPRAYAG NEW RAIL LINE- 125 KM,"38,953","38,953","28,828",77.5
1,Oil & Gas,91,"362,124","392,963","386,636"
2,Transmission & Distribution,64,"197,615","203,579","65,919"
3,Electricity Generation,38,"350,856","401,582","142,643"
4,Energy Storage,14,"36,838","40,279","32,754"
2,701289,"CAPACITY EXPANSION OF PANIPAT REFINERY FROM 15 TO 25
MMTPA","34,627","36,225","27,518",94
1,Water Resources,32,"98,109","199,840","143,454"
2,Waste & Water,24,"8,026","8,125","4,806"
4,701405,J. CHOKKA RAO DEVADULA LIFT IRRIGATION SCHEME,"8,201","14,730","4,841",87.7
1,Telecommunication,15,"161,792","263,714","79,930"
1,706775,BHARATNET,"61,109","188,000","48,810",99.98
2,701593,4G SERVICES BY BSNL,"28,466","19,592","9,143",98.4
3,400013,"SATURATION 4G MOBILE COVERAGE OF UNCOVERED VILLAGES
THROUGH USOF","26,316","15,393","8,553",85
5,222253,AMENDED BHARATNET PROGRAM - UP (EAST),"5,008",,502,0
1,Healthcare,44,"22,607","27,023","11,594"
2,Education,31,"16,072","15,558","9,000"
4,"Tourism, Hospitality & Wellness",1,573,"1,238",637
1,400188,"REDEVELOPMENT OF SEVEN GENERAL POOL RESIDENTIAL
ACCOMMODATION [GPRA] COLONIES IN DELHI","32,850","32,841","14,370",46.7
2,617883,"REDEVELOPMENT OF RESIDENTIAL COLONIES AT AYUR VIGYAN
NAGAR AND WEST ANSARI NAGAR CAMPUSES OF AIIMS, NEW DELHI","4,441",,44,57
3,701668,"DEVELOPMENT OF PALAKKAD NODE UNDER EXTENSION OF CBIC TO
KOCHI","3,805",,0,5.25
4,617727,ORVAKAL INDUSTRIAL AREA,"2,786",,279,12.81
5,601812,"DEVELOPMENT OF ZAHEERABAD NODE UNDER HYDERABAD
NAGPUR INDUSTRIAL CORRIDOR","2,360",,43,3.58
1,Coal,115,"184,906","182,644","51,084"
2,Steel,17,"17,298","20,536","10,585"
3,Metals & Mining,6,"9,689","13,843","7,615"
4,Construction,2,899,899,275
1,619032,JAYANT EXPN. [20 TO 38 MTPA],"25,560",,257,2.02
2,400424,GEVRA OC [70 MTY],"11,816",,"6,960",78.48
3,400185,GOPALJI KANIHA OCP [10 TO 30 M,"8,416","6,108","1,777",35.69
4,400150,RPR MAGADH EXP OCP,"6,964",,"2,298",39.42
1,618412,"CONSTRUCTION OF I CONNECTING ROAD FROM Z-MORH TUNNEL TO ZOJILA TUNNEL
ROAD LENGTH 18.475KM AND II 14.150 KM LONG 2-L BI-DIRECTIONAL SINGLE TUBE
ZOJI-LA TUNNEL ACROSS ZOJILA PASS ON SONAMARG - KARGIL SECTION FROM KM
82 TO KM 118 OF NH-01 UNDER PMDP","6,809","6,809","3,549",68.8
2,618738,"6L BRIDGE AND ITS APPROACHES ACROSS RIVER GANGA AS PART OF PATNA RING
ROAD NH-131G STARTING FROM KM 8.480 NEAR SHERPUR TO KM 23.000 NEAR
DIGHWARA","6,292","3,352",734,21.21
4,618373,"CONSTRUCTION OF 4-LANE BRIDGE INCLUDING APPROACHES OVER RIVER
BRAHMAPUTRA BETWEEN DHUBRI ON NORTH BANK,ASSAM AND PHULBARI ON
SOUTH BANK,MEGHALAYA ON NH-127B UNDER JICA ODA LOAN ASSISTANCE PHASE-III","4,997","4,997","3,034",77.14
5,618599,"6L OF RAMANATUKKARA JUNCTION TO START OF VALANCHERY BYPASS SECTION OF
NH-66","4,924","4,919","3,635",100
2,705237,WESTERN DEDICATED FREIGHT CORRIDOR,"51,101","124,005","124,623",96
3,705429,RISHIKESH-KARNAPRAYAG NEW RAIL LINE- 125 KM,"38,953","38,953","28,828",77.5
2,619032,JAYANT EXPN. [20 TO 38 MTPA],"25,560","25,560",257,2.02
3,400424,GEVRA OC [70 MTY],"11,816","11,816","6,960",78.48
4,400185,GOPALJI KANIHA OCP [10 TO 30 M,"8,416","6,108","1,777",35.69
5,400150,RPR MAGADH EXP OCP,"6,964","6,964","2,298",39.42
2,701289,CAPACITY EXPANSION OF PANIPAT REFINERY FROM 15 TO 25 MMTPA,"34,627","36,225","27,518",94
4,619025,RAJASTHAN PART I POWER TRANSMISSION LIMITED,"25,000","25,000",426,4
5,615347,"TRANSMISSION SYSTEM FOR EVACUATION OF POWER FROM POTENTIAL RENEWABLE
ENERGY ZONE IN KHAVDA AREA OF GUJARAT UNDER PHASE-V [8 GW] PART A [SPV
NAME POWERGRID WEST CENTRAL TRANSMISSION LIMITED]","24,819","24,819","2,978",18.11
1,Department for Promotion of Industry & Internal Trade,Logistics Infrastructure,1,"763
763",430
,,Total,9,"17,270.91","2,172.34"
2,Department of Higher Education,Education,30,"15165.68
14945.9",8423.25
,,Total,30,"15,165.68","8,423.25"
3,Department of Sports,Education,1,"906.47
611.74",576.37
,,Total,1,906.47,576.37
4,Department of Telecommunications,Telecommunication,15,"161792.15
263714",79930.2
,,Total,15,"161,792.15","79,930.20"
5,"Department of Water Resources, River Development
& GR",Waste & Water,8,"4039.12
4039.12",1655.55
,,Water Resources,32,"98109.28
199840",143454
,,Total,40,"102,148.40","145,109.55"
,,Total,25,"21,345.07","11,209.20"
,,Electricity Generation,6,"36781.81
36781.8",6166.01
,,Railways,2,"3485.86
5002.87",2505.92
,,Total,121,"223,090.93","58,702.33"
,,Total,35,"20,308.19","10,433.50"
,,Urban Public Transport,29,"307834.71
326438",172730
,,Waste & Water,16,"3986.5
4085.78",3150.88
,,Total,50,"346,215.06","191,144.67"
,,Total,9,"2,299.24","1,160.08"
,,Metals & Mining,5,"7989.36
12087.2",7351.9
,,Total,6,"8,244.73","7,450.82"
,,Oil & Gas,91,"362124.04
392963",386636
,,Total,105,"398,962.34","419,390.40"
,,Shipping,6,"14404.75
14445.4",10972
,,"Tourism, Hospitality & Wellness",1,"573
1238.05",636.91
,,Total,8,"20,346.93","15,726.52"
,,Electricity Generation,32,"314074.05
364801",136477
,,Transmission & Distribution,64,"197615.23
203579",65919.5
,,Total,98,"513,772.28","203,449.91"
,,Total,255,"721,177.95","581,963.00"
,,Total,1022,"969,676.90","448,973.00"
,,Steel,17,"17297.84
20536.1",10585.1
,,Total,18,"18,997.84","10,848.11"
Total,,,1847,"3,561,721.07","2,196,663.25"
,PAN India,Department of Telecommunications,Telecommunication,3,"79326.55
59529.4",26839.21
,,,Total,12,106818.52,45187.98
,PAN India,Department of Telecommunications,Telecommunication,2,"61754.13
188645",49216.84
,,,Total,6,62617.98,49254.19
,,Department of Higher Education,Education,1,"305
305",67.73
,,Department of Telecommunications,Telecommunication,3,"7147.17
3937.81",1958.12
,,"Department of Water Resources, River
Development & GR",Water Resources,3,"10901.5
57269.5",29230.08
,,,Oil & Gas,4,"36642.34
36702.3",33822.89
,PAN India,Department of Telecommunications,Telecommunication,2,"61754.13
188645",49216.84
,,,Total,128,277158.69,194665.66
4,Arunachal Pradesh,Department of Higher Education,Education,1,"592.61
592.61",551.30
,,Department of Telecommunications,Telecommunication,1,"1255.49
276.62",237.98
,,,Transmission & Distribution,2,"4963.8
9338.7",8131.88
,PAN India,Department of Telecommunications,Telecommunication,2,"61754.13
188645",49216.84
,,,Total,27,151477.22,99006.40
5,Assam,Department of Higher Education,Education,1,"153.71
153.71",137.84
,,Department of Telecommunications,Telecommunication,1,"1255.49
276.62",237.98
,,"Department of Water Resources, River
Development & GR",Water Resources,1,"256.16
256.16",44.70
,,,Oil & Gas,13,"26943.76
39952.9",29745.47
,,,Transmission & Distribution,1,"5111.33
6700",5577.75
,PAN India,Department of Telecommunications,Telecommunication,2,"61754.13
188645",49216.84
,,,Total,85,180719.01,154385.16
6,Bihar,Department of Higher Education,Education,1,"499.21
499.21",449.96
6,Bihar,Department of Telecommunications,Telecommunication,3,"3883.82
2718.14",1010.67
,,"Department of Water Resources, River
Development & GR",Waste & Water,5,"2351.43
2351.43",1310.08
,,,Water Resources,1,"1622.27
2430.76",172.97
,,,Healthcare,7,"1628
1878",930.01
,,,Waste & Water,1,"158.78
158.78",135.72
,,,Oil & Gas,6,"23776.5
25641.2",76320.94
,,,Transmission & Distribution,3,"3119.63
3119.63",281.49
,PAN India,Department of Telecommunications,Telecommunication,2,"61754.13
188645",49216.84
,,,Total,128,305608.68,226732.20
7,PAN India,Department of Telecommunications,Telecommunication,2,"61754.13
188645",49216.84
,,,Total,2,61754.13,49216.84
8,Chhattisgarh,Department of Higher Education,Education,1,"1188.97
1188.97",0.00
,,Department of Telecommunications,Telecommunication,3,"7147.17
3937.81",1958.12
,,"Department of Water Resources, River
Development & GR",Water Resources,2,"842.26
1109.33",869.21
,,,Railways,1,"1686.22
2438.53",792.73
,,,Steel,5,"7180.39
9700.39",6393.55
,PAN India,Department of Telecommunications,Telecommunication,2,"61754.13
188645",49216.84
,,,Total,76,201072.2,111839.71
,PAN India,Department of Telecommunications,Telecommunication,2,"61754.13
188645",49216.84
,,,Total,5,171861.93,141356.19
10,Delhi,Department of Higher Education,Education,2,"706.49
709.42",357.39
,,Department of Telecommunications,Telecommunication,1,"248.2
248.2",237.43
,,,Urban Public Transport,4,"51594.36
51594.4",22022.17
10,PAN India,Department of Telecommunications,Telecommunication,1,"645.13
645.13",407.15
,,,Total,23,121760.37,60141.20
,PAN India,Department of Telecommunications,Telecommunication,2,"4387.13
4387.13",842.46
,,,Total,10,14559.92,7795.33
12,Gujarat,Department of Higher Education,Education,1,"490.63
490.63",339.40
,,"Department of Water Resources, River
Development & GR",Water Resources,1,"20718.17
33412.5",31943.15
,,,Urban Public Transport,1,"12020.32
12020.3",9166.71
,,,Oil & Gas,11,"32704.12
32400",86580.28
,,,"Tourism, Hospitality & Wellness",1,"573
1238.05",636.91
,,,Transmission & Distribution,14,"64870.45
64870.4",12114.25
,PAN India,Department of Telecommunications,Telecommunication,2,"61754.13
188645",49216.84
,,,Total,110,455200.03,475028.41
13,Haryana,"Department for Promotion of Industry &
Internal Trade",Logistics Infrastructure,1,"763
763",430.00
,,,Waste & Water,1,"278.01
278.01",228.49
,,,Oil & Gas,6,"46284.07
49955.1",37673.10
,PAN India,Department of Telecommunications,Telecommunication,2,"61754.13
188645",49216.84
,,,Total,40,223659.87,244013.61
14,Himachal Pradesh,Department of Higher Education,Education,3,"811.15
921.89",684.69
,PAN India,Department of Telecommunications,Telecommunication,2,"61754.13
188645",49216.84
,,,Total,37,108271.19,80182.02
15,Jammu and Kashmir,Department of Higher Education,Education,1,"424.93
500.91",484.52
,PAN India,Department of Telecommunications,Telecommunication,2,"61754.13
188645",49216.84
,,,Total,50,122485.45,84579.70
16,Jharkhand,Department of Telecommunications,Telecommunication,3,"7147.17
3937.81",1958.12
,,"Department of Water Resources, River
Development & GR",Water Resources,2,"5430.04
12010.3",6213.24
,,,Railways,1,"1799.64
2564.34",1713.19
,,,Oil & Gas,2,"633.07
633.07",332.89
,,,Electricity Generation,2,"33026
34660",21321.88
,,,Transmission & Distribution,1,"1842.25
1842.25",1648.05
,PAN India,Department of Telecommunications,Telecommunication,2,"61754.13
188645",49216.84
,,,Total,102,259360.86,142774.18
,,"Department of Water Resources, River
Development & GR",Water Resources,1,"770.16
1606.07",1515.60
,,,Waste & Water,1,"162.73
162.73",79.50
,,,Oil & Gas,5,"9662
12693.6",9924.23
,PAN India,Department of Telecommunications,Telecommunication,3,"65496.13
192387",49652.15
,,,Total,123,283484.7,181046.19
,,Department of Higher Education,Education,2,"2533.45
2744.4",696.00
,PAN India,Department of Telecommunications,Telecommunication,2,"61754.13
188645",49216.84
,,,Total,35,137688.29,102857.28
,PAN India,Department of Telecommunications,Telecommunication,1,"645.13
645.13",407.15
,,,Total,6,2634.4,2028.83
20,PAN India,Department of Telecommunications,Telecommunication,1,"645.13
645.13",407.15
,,,Total,1,645.13,407.15
21,Madhya Pradesh,Department of Higher Education,Education,1,"496.28
496.28",97.35
,,Department of Telecommunications,Telecommunication,3,"3883.82
2718.14",1010.67
,,"Department of Water Resources, River
Development & GR",Water Resources,3,"23010.18
23323",11584.93
,,,Waste & Water,3,"880.74
941.16",823.99
,,,Oil & Gas,2,"45159
45159",6106.50
,,,Transmission & Distribution,10,"46260.32
46260.3",8614.76
,PAN India,Department of Telecommunications,Telecommunication,2,"61754.13
188645",49216.84
,,,Total,119,356364.49,168773.96
22,Maharashtra,Department of Telecommunications,Telecommunication,3,"7147.17
3937.81",1958.12
,,"Department of Water Resources, River
Development & GR",Water Resources,6,"10857.15
20187.1",23649.57
,,,Waste & Water,2,"430.15
430.15",357.33
,,,Oil & Gas,10,"41246.03
43994.3",16869.08
,PAN India,Department of Telecommunications,Telecommunication,2,"61754.13
188645",49216.84
,,,Total,194,571117.77,459002.03
23,Manipur,Department of Sports,Education,1,"906.47
611.74",576.37
,,"Department of Water Resources, River
Development & GR",Water Resources,1,"1449.44
1822.24",1848.17
23,PAN India,Department of Telecommunications,Telecommunication,2,"61754.13
188645",49216.84
,,,Total,38,104099.35,87387.17
24,Meghalaya,Department of Higher Education,Education,1,"494.52
429.7",368.98
,,Department of Telecommunications,Telecommunication,1,"971.96
180.46",167.23
,PAN India,Department of Telecommunications,Telecommunication,2,"61754.13
188645",49216.84
,,,Total,21,93563.8,65796.28
25,Mizoram,Department of Higher Education,Education,1,"474.23
474.23",167.55
,,,Oil & Gas,1,"9265
9265",6900.00
,PAN India,Department of Telecommunications,Telecommunication,2,"61754.13
188645",49216.84
,,,Total,22,88125.62,64475.79
26,Nagaland,Department of Higher Education,Education,1,"275.63
275.63",263.25
,PAN India,Department of Telecommunications,Telecommunication,2,"61754.13
188645",49216.84
,,,Total,26,90924.12,70816.39
27,Odisha,Department of Higher Education,Education,3,"1882.56
1496.33",1027.18
,,Department of Telecommunications,Telecommunication,3,"7147.17
3937.81",1958.12
,,"Department of Water Resources, River
Development & GR",Water Resources,3,"4612.34
12314.5",13870.04
,,,Electricity Generation,1,"27212.96
27213",3518.17
,,,Oil & Gas,5,"17956.1
16028.5",72551.00
,,,Transmission & Distribution,2,"3065.19
3065.19",280.27
,,,Railways,29,"42480.98
48238.2",33138.53
,PAN India,Department of Telecommunications,Telecommunication,2,"61754.13
188645",49216.84
,,,Total,107,272475.09,233372.65
28,PAN India,Department of Telecommunications,Telecommunication,3,"65496.13
192387",49652.15
,Puducherry,Department of Higher Education,Education,1,"618.34
544.34",543.74
,,,Total,9,73855.07,54955.97
29,PAN India,Department of Telecommunications,Telecommunication,2,"61754.13
188645",49216.84
,Punjab,Department of Higher Education,Education,2,"559.3
559.3",374.30
,,"Department of Water Resources, River
Development & GR",Water Resources,2,"3727.07
5177.86",4543.99
,,,Total,56,150113.33,106135.55
30,PAN India,Department of Telecommunications,Telecommunication,2,"61754.13
188645",49216.84
,,Department of Telecommunications,Telecommunication,1,"421.65
228.94",152.96
,,,Oil & Gas,2,"10599
10599",6785.30
,,,Total,76,266039.71,247042.72
31,PAN India,Department of Telecommunications,Telecommunication,2,"61754.13
188645",49216.84
,Sikkim,Department of Higher Education,Education,2,"999.82
962.5",575.56
,,,Transmission & Distribution,1,"4754.42
9129.32",8128.74
,,,Total,19,95068.85,82982.58
32,PAN India,Department of Telecommunications,Telecommunication,1,"645.13
645.13",407.15
,,,Oil & Gas,4,"38385
46153",6859.00
,,,Total,61,169522.68,75074.76
33,PAN India,Department of Telecommunications,Telecommunication,2,"61754.13
188645",49216.84
,,Department of Higher Education,Education,1,"262
262",216.10
,,Department of Telecommunications,Telecommunication,2,"3462.17
2489.2",857.71
,,"Department of Water Resources, River
Development & GR",Water Resources,4,"11670.14
24129.6",12143.40
,,,Transmission & Distribution,1,"1368
1368",1231.20
,,,Total,83,171412.07,98102.06
34,PAN India,Department of Telecommunications,Telecommunication,2,"61754.13
188645",49216.84
,,,Total,14,82600.55,62613.92
35,PAN India,Department of Telecommunications,Telecommunication,2,"61754.13
188645",49216.84
,,Department of Higher Education,Education,1,"246
246",209.68
,,Department of Telecommunications,Telecommunication,5,"10808.82
9643.14",1695.83
,,"Department of Water Resources, River
Development & GR",Waste & Water,2,"1532.96
1532.96",243.43
,,,Water Resources,3,"22310.57
25667.1",13221.80
,,,Waste & Water,2,"704.2
734.95",659.17
,,,Oil & Gas,4,"17302.12
17302.1",988.73
,,,Transmission & Distribution,5,"36697.81
36697.8",5059.42
,,,Total,170,441003.08,302866.40
36,PAN India,Department of Telecommunications,Telecommunication,2,"61754.13
188645",49216.84
,Uttarakhand,Department of Higher Education,Education,1,"650.85
650.85",391.87
,,"Department of Water Resources, River
Development & GR",Water Resources,1,"2584.1
2584.1",1307.15
,,,Total,49,133826.93,102065.57
37,PAN India,Department of Telecommunications,Telecommunication,2,"61754.13
188645",49216.84
,West Bengal,Department of Higher Education,Education,1,"500
442",418.86
,,Department of Telecommunications,Telecommunication,2,"3462.17
2489.2",857.71
,,"Department of Water Resources, River
Development & GR",Waste & Water,1,"154.73
154.73",102.04
,,,Oil & Gas,9,"16102.65
17047.2",11691.27
,,,Shipping,1,"832.25
832.25",0.00
,,,Transmission & Distribution,2,"751.63
751.63",143.20
,,,Total,81,205345.79,133846.35
,Aviation & Aviation Infrastructure,,,,,
,Total (1),,,,255.69,161.06
,Energy Storage,,,,,
3,"Grass Root Rail-fed Depot at Sekerkote, Agartala as resitement of existing
Dharmanagar Depot
(Indian Oil Corporation Limited [IOCL])
400035",Tripura,"06/2022
(06/2022)","(09/2025)
(06/2026)","656
(656)",546.57
,Total (2),,,,43785,70840.14
,Oil & Gas,,,,,
4,"HP TDAE Unit in Mumbai Refinery
(Hindustan Petroleum Corporation Limited)
709760",Maharashtra,"06/2024
(06/2024)","(04/2026)
(06/2026)","240
(240)",160.8
5,"ATF Pipeline from Jawaharlal Nehru Port Trust to Navi Mumbai International
Airport
(Indian Oil Corporation Limited [IOCL])
709782",Maharashtra,"08/2022
(08/2022)","(08/2025)
(06/2026)","165
(165)",103.36
,Total (2),,,,405,264.16
,Transmission & Distribution,,,,,
6,"Transmission Scheme for Solar Energy Zone in Ananthpuram 2500MW and
Kurnool 1000MW
(Power Grid Corporation of India Limited [POWERGRID])
611967",Andhra Pradesh,"09/2023
(09/2023)","(09/2025)
(05/2026)","823
(-)",798.31
8,"Transmission system for evacuation of power from REZ in Rajasthan 20 GW
under Phase-III part H
(Power Grid Corporation of India Limited [POWERGRID])
611948",Rajasthan,"10/2023
(10/2023)","(04/2025)
(06/2026)","1910
(-)",1910
,Total (3),,,,6279.94,6255.25
,Roads & Highways,,,,,
15,"Two laning with paved shoulders of Gondiguda to Araku uptoBhallaguda section
of NH 516E
(MoRTH)
618258",Andhra Pradesh,"08/2020
(09/2021)","(09/2023)
(12/2025)","296.66
(289.11)",275.38
16,"Two laning with paved shoulders of Paderu to GundigudaSection of NH 516E
(MoRTH)
618259",Andhra Pradesh,"08/2020
(03/2021)","(03/2023)
(10/2025)","222.61
(-)",181.04
17,"Six Laning of Vijayawada Bypass from Gollapudi to Chinnakakani in Vijayawada -
Gundugolanu Section from km. 30.00 to km. 47.881 Pkg-IV
(NHAI)
618527",Andhra Pradesh,"01/2020
(07/2021)","(01/2024)
(05/2026)","1194.57
(1757.82)",862.83
18,"Khammam-Devarapalle Pkg IV [4L Access Controlled Greenfield from Recherla
village to Gurvaygudem village Design Chainage 105236 to 132664]
(NHAI)
618748",Andhra Pradesh,"11/2020
(09/2022)","(09/2024)
(01/2026)","569.37
(752.02)",499.99
19,"4L PS from Mandlem Existing Km. 38.000/Design Km.30.600 to Atmakur Existing
Km.73.000/Design Km 66.115 of NH340C Package2
(NHAI)
618919",Andhra Pradesh,"03/2023
(11/2023)","(11/2025)
(11/2025)","887.28
(913.03)",550.42
20,"6L Standalone Flyovers at Raha, Demow, Borghat, Kathiatali junctions and ROB
at Jagiroad on stretches of NH 36 and NH 27
(NHAI)
618576",Assam,"03/2022
(12/2022)","(06/2024)
(10/2024)","280.75
(255.53)",212.27
21,"Widening/Improvement to 4 -Lane with Paved Shoulder from Ch. 88.000km to
Ch.99.930 km Design Ch.84.100km to Ch.96.000 km of Sagunbashi forest near
Nichinta to starting of Krishnai Bypass Section of Bilasipura Guwahati road NH 17
on EPC Package-7
(NHIDCL)
618285",Assam,"03/2021
(10/2023)","(10/2025)
(08/2025)","286.72
(-)",220.81
22,"Widening/Improvement to 4-Lane with Paved Shoulder from KM 113300 to Km
146230 Design Chainage 113830 to 145712 of Kwaram Taro Village - Dillai
Section in Assam on EPC Package-6
(NHIDCL)
618327",Assam,"09/2021
(07/2022)","(07/2024)
(03/2025)","625.64
(-)",578.19
24,"Widening / Improvement to 4-Lane with Paved Shoulder configuration of existing
single lane road from Kachukhana Harichara Paglagaunj to Dhubri - Phulbari
Bridge approach Package-II of Srirampur - Dhubri Section of NH-127B from
existing Km 28.050 to Km 55.060 Design Km 27.650 to Km 54.154, Design
Length26.504 Km under JICA ODA Loan assistance Phase-V [Srirampur - Dhubri
Pkg-2]
(NHIDCL)
618372",Assam,"03/2022
(01/2023)","(01/2025)
(06/2025)","909.02
(-)",683.81
26,"4L Elevated Highway and at grade improvements at Gopalganj Town from Km.
384.000 to Km. 386.750 on NH-27
(NHAI)
618570",Bihar,"10/2021
(03/2022)","(08/2024)
(05/2025)","325.57
(248.92)",241.89
27,"4L of Galgalia - Bahadurganj section from Km 0.000 to Km 49.000 Package-I of
NH327E
(NHAI)
618582",Bihar,"01/2021
(01/2022)","(01/2024)
(02/2025)","1282.97
(1282.97)",816.12
28,"4L of Bahadurganj Araria section from Km 49.000 to Km 94.000 Package-II of
NH-327E
(NHAI)
618583",Bihar,"01/2021
(01/2022)","(01/2024)
(01/2025)","1358.77
(1358.77)",812.28
29,"Ara - Mohania Pkg-II
(NHAI)
618774",Bihar,"08/2020
(01/2021)","(07/2023)
(11/2025)","984.63
(827.51)",798.25
30,"4L of Aurangabad-Paithan
(NHAI)
618779",Bihar,"09/2022
(01/2023)","(07/2024)
(12/2025)","1505
(349.96)",328.32
31,"Aunta - Simaria including Ganga Bridge
(NHAI)
618839",Bihar,"01/2017
(08/2018)","(02/2022)
(03/2026)","1309.47
(2107.68)",1209.46
32,"4L of Bal. works of Patna - Gaya -Dobhi Pkg-II from km. 39.00 to km. 83.00 of
Old NH-83
(NHAI)
618915",Bihar,"09/2019
(11/2020)","(11/2022)
(05/2025)","1637.29
(777.2)",764.68
33,"4L of Bal. works of Patna - Gaya -Dobhi Pkg-III from km. 83.00 to km. 127.217 of
Old NH-83
(NHAI)
618916",Bihar,"09/2019
(11/2020)","(11/2022)
(05/2025)","1077.46
(799.7)",803.33
34,"Muzaffarpur - Sonbarsa Section of NH-77 from km 2.800 to km 89.000
(NHAI)
619320",Bihar,"05/2011
(05/2011)","(11/2013)
(03/2026)","2290.72
(2311.1)",2308.19
36,"Up-gradation of NH-930 Sherpar to Kohka from Km.67880 to Km.114860 to 2LPS
in Chhattisgarh under EPC mode
(MoRTH)
618064",Chhattisgarh,"03/2020
(05/2022)","(05/2024)
(12/2025)","278.97
(-)",210.82
38,"Conversion of Partially Excavated Escape Tunnel to Uni-Directional 2L
Tunnelincluding construction of cross passages and approach roads on either
side of the tunnel from Km 12.732 to Km 14.568 of Kiratpur to Nerchowk Section
of NH-21
(NHAI)
618849",Chhattisgarh,"05/2022
(09/2022)","(03/2024)
(04/2026)","444.21
(412.88)",394.73
39,"6L Access Controlled Highway from DND Maharani Bagh - Jn. with Jaitpur -
Pushta Road of NH-148NA from km. 0.00 to km. 9.00 in NCR
(NHAI)
618578",Delhi,"07/2020
(01/2022)","(07/2024)
(04/2026)","1467.44
(2510.34)",1652.29
40,"Vadodara Mumbai Expressway Ena -Kim Phase IB - Pkg VI [Km 217.500 to Km
254.430]
(NHAI)
618464",Gujarat,"05/2020
(12/2021)","(12/2023)
(06/2025)","2271.86
(4297.28)",2991.42
41,"Vadodara Mumbai Expressway Gandeva to Ena Phase IB - Pkg VII [Km 190.00
to Km 217.500]
(NHAI)
618465",Gujarat,"07/2020
(11/2021)","(11/2023)
(01/2026)","1710.3
(3392.21)",2451.01
42,"Ahmedabad - Dholera Pkg I from km. 0.00 to km. 22.00 [Sardar Patel Ring Road
- Sindhrej Village]
(NHAI)
618501",Gujarat,"05/2020
(01/2022)","(01/2024)
(01/2026)","1298
(1421.05)",1385.83
43,"Ahmedabad - Dholera Pkg II from km. 22.00 to km. 48.52 [Sindhrej Village -
Vejallka Village]
(NHAI)
618502",Gujarat,"05/2020
(01/2022)","(01/2024)
(04/2026)","1415.34
(1729.69)",1785.68
44,"Sanchore - Santalpur from km 67.000 - km 99.000 of NH-754K AJ-RGBS-
Package-3
(NHAI)
618614",Gujarat,"02/2020
(08/2021)","(08/2023)
(01/2024)","752.3
(765.25)",601.6
45,"Pipli Bhavnagar-Package 1 from km 136.025 to km 169.328
(NHAI)
618699",Gujarat,"03/2018
(02/2019)","(09/2021)
(03/2024)","819.14
(1297.38)",975.85
46,"4L Kodinar - Veraval Package VI from km. 222.400 to km. 230.00 Kodinar
Bypass of NH-8E NH 51 new
(NHAI)
618834",Gujarat,"03/2022
(04/2022)","(09/2023)
(05/2025)","162.73
(192.01)",189.95
47,"4L of Bal Works of Talaja - Mahuva from 54.990 km. to 100.450 km. of Old NH-
8E Package-II
(NHAI)
618835",Gujarat,"08/2020
(03/2021)","(09/2022)
(05/2024)","698.4
(735.51)",726.01
48,"6L of Chiloda-Naroda section from Km. 540.595 to Km. 555.595 of NH-
8Package-VII
(NHAI)
619067",Gujarat,"11/2016
(05/2017)","(05/2019)
(02/2026)","356.6
(463.03)",443.07
49,"4L of Bal Works of Mahuva to Kagvadar from 100.450 Km. to 140.470 Km. of
NH-8E Pkg- III
(NHAI)
619147",Gujarat,"08/2020
(03/2021)","(09/2022)
(07/2024)","603.08
(628.49)",624.43
50,"4L of Bhavnagar - Talaja Package-I from Km. 6.945 to Km. 54.990 of Old NH-8E
(NHAI)
619148",Gujarat,"03/2016
(02/2017)","(08/2019)
(06/2024)","1185.66
(1343.16)",1316.53
51,"Delhi-Amritsar-Katra Expressway Phase-I Pkg-III from Junction with Jind-Panipat
road NH-352A near Gangana village to Junction with Jind-Karnal road NH-709A
near Alewa village Km 60800 to Km 91400
(NHAI)
618484",Haryana,"12/2020
(12/2021)","(12/2023)
(11/2025)","1606.27
(1813.91)",1322.85
52,"Delhi-Amritsar-Katra Expressway Phase-I Pkg-IV from Junction with Jind-Karnal
road NH-709A near Alewa village to Junction with Ambala-Kaithal-Hissar road
NH-152 near Kharak Pandwa village Km 91400 to Km 120250
(NHAI)
618485",Haryana,"01/2021
(12/2021)","(12/2023)
(11/2025)","1306.95
(1578.66)",1098.84
54,"Construction & Upgradation to 2 lane with paved shoulder from Design Km.
31.449 Khellani Ex. Km 44.946 to Km 51.700 Prem Nagar Ex. Km 68617 of
20.251 Km length on Khellani - Kishtwar - Chattroo section of NH-244 in the UT
of J&K on EPC Mode under NHO-Gen PKG- 1
(NHIDCL)
618396",Jammu and Kashmir,"02/2021
(03/2021)","(09/2022)
(11/2024)","486.45
(-)",300.52
55,"4L from km 196.87 Sankha to km 219.6 Khajuri on NH-75 [Rehla / Garhwa
Bypass]
(NHAI)
618829",Jharkhand,"09/2020
(10/2021)","(10/2023)
(03/2025)","1129.48
(1129.48)",790.59
56,"4L of Mehgama - Hansdiha from km. 41.900 to km. 93.000 of NH -133A Pkg-II
(NHAI)
618946",Jharkhand,"03/2022
(05/2023)","(05/2025)
(05/2026)","1479.72
(1568.18)",1034.52
58,"Challakere to Hariyur section from km 358.500 to km 414.205 of NH-150 A
(NHAI)
618698",Karnataka,"03/2018
(01/2021)","(01/2023)
(12/2025)","1167.52
(1873.58)",1243.48
59,"4L of Hubli - Hospet Section of NH-63 from Km 128.850 to Km 272.571
(NHAI)
619121",Karnataka,"07/2016
(03/2017)","(03/2020)
(03/2026)","2531.99
(3619.32)",3522.85
60,"Hospet - Chitradurga from km. 299.00 to km. 418.750
(NHAI)
619144",Karnataka,"03/2015
(02/2016)","(08/2018)
(06/2026)","1519.72
(387.48)",331.26
62,"Indore - Gujarat / MP Border from km. Km 9.500 to Km 171.000 of NH-59 in MP
(NHAI)
618625",Madhya Pradesh,"12/2009
(08/2010)","(02/2013)
(02/2026)","1175
(217.22)",191.43
63,"4L of Sagar - Mohari from Km.8 to Km.50 Pkg-I
(NHAI)
618665",Madhya Pradesh,"03/2021
(04/2022)","(04/2024)
(03/2026)","790.78
(660.38)",555.28
64,"Indore - Harda Pkg-III [Nanasa to Pidgaon Section from km 95.000 to km
142.445]
(NHAI)
618695",Madhya Pradesh,"01/2020
(10/2021)","(10/2023)
(04/2026)","1146.22
(1240.64)",758.23
65,"Balance work of 4L of Nauradehi Sanctuary de-scoped stretch of Hiran River to
Sindoor River from Km. 66.00 to 130.00 NH-12 New NH-45
(NHAI)
618701",Madhya Pradesh,"01/2021
(07/2021)","(07/2023)
(07/2025)","178.18
(153.15)",143.37
67,"Vadodara Mumbai Expressway Phase II - Pkg XI [Km. 77.000 to Km. 103.400]
Ganjad - Talsari
(NHAI)
618468",Maharashtra,"06/2020
(05/2022)","(05/2024)
(01/2026)","1524.71
(1913.95)",901.76
68,"Tarsod - Fagne section of NH-6
(NHAI)
618638",Maharashtra,"06/2016
(01/2019)","(07/2021)
(04/2026)","2267.99
(2560.5)",2213.75
69,"Chakur Loha Section of NH-361 from km 114.600 to km 187.80
(NHAI)
618652",Maharashtra,"03/2018
(03/2019)","(03/2021)
(02/2026)","1241.38
(3342.11)",1717.21
70,"4L of existing 2/4L stretch from Lonand to Dive Ghat Km 166.400 to Km 220.900
of Mohol Alandi section of NH-965 Pkg - V
(NHAI)
619209",Maharashtra,"10/2021
(05/2022)","(05/2024)
(03/2026)","1709.56
(2049.51)",1295.04
72,"Widening and up-gradation to 2-lane with paved shoulder configuration and
geometric improvements from km 250.00 Lunglei to km 298.00 on Aizawl-
Tuipang section under JICA ODA Loan assistance Phase-I Package-6
(NHIDCL)
618381",Mizoram,"09/2019
(12/2019)","(06/2023)
(05/2025)","768.76
(-)",168.78
73,"Widening and up-gradation to 2-lane with paved shoulder configuration and
geometric improvements from km 298.00 to km 339.00 on Aizawl-Tuipang
section under JICA ODA Loan assistance Phase-I Package-7
(NHIDCL)
618382",Mizoram,"09/2019
(10/2020)","(04/2024)
(05/2025)","605.76
(750.32)",132.33
91,"Balance work of Panikoili Rimoli Section of new NH-20 from Km 0.00 to Km.
163.000
(NHAI)
618819",Odisha,"09/2020
(03/2021)","(03/2022)
(12/2023)","183.03
(200.79)",185.4
92,"4-L of Rajamunda to Barkote Section of NH-23 from km. 287.200 to km. 337.185
(NHAI)
618913",Odisha,"10/2017
(12/2018)","(06/2021)
(07/2025)","609.63
(630.97)",608.19
93,"6L of Bhubaneswar - Jagatpur - Chandikhole Section of NH-16
(NHAI)
619075",Odisha,"01/2009
(12/2011)","(06/2014)
(04/2026)","639.3
(632.89)",579.23
94,"Delhi-Amritsar-Katra Expressway Phase-I Pkg-VII from Junction with Patiala-
Bathinda road NH-7 near Bhawanigarh to Junction with Ludhiana-Malerhkotla
SH-11 near Bhogiwal village Km 188830 to km 225770
(NHAI)
618487",Punjab,"12/2020
(07/2022)","(07/2024)
(02/2026)","1759.82
(1774.32)",1695.83
97,"Up-gradation to 2 lane with Paved shoulder from Charbhuja at Design km 0.00
existing km 150.00 to Neechli Oden Nathdwara at Design ch. Km 88.800 existing
km 55.950 of NH-162E on EPC mode.
(MoRTH)
618093",Rajasthan,"02/2022
(09/2023)","(09/2025)
(04/2025)","838.43
(-)",43.9
99,"Delhi-Vadodara Greenfield Alignment NH-148N Pkg-14 Ch. 388.420 to Ch.
419.000 [Junction with NH- 76 to Junction with NH-12 near village Ummedpura]
(NHAI)
618456",Rajasthan,"11/2019
(05/2021)","(05/2023)
(03/2025)","1119.35
(1194.17)",1114.19
100,"4L Greenfield spur from Delhi-Vadodara Greenfield expressway near Bandikui to
Jaipur
(NHAI)
619063",Rajasthan,"03/2022
(11/2022)","(11/2024)
(10/2025)","1636.15
(2170.39)",1283.3
101,"Dindigul Bypass - Samyanallore from km. 373.275 to km. 426.00
(NHAI)
618562",Tamil Nadu,"06/2005
(07/2006)","(01/2009)
(07/2025)","579
(295.5)",141.09
102,"Trichy 135.800 to Karur 218.000 section of NH-67 - Trichy Bypass
(NHAI)
618743",Tamil Nadu,"12/2006
(01/2008)","(07/2010)
(06/2026)","876.88
(360.88)",336.71
103,"4L of Vadugapatti to Therkuvenganallur Rajapalyam section from km 36.000 to
km 71.600 of NH-744
(NHAI)
618745",Tamil Nadu,"02/2022
(04/2023)","(04/2025)
(06/2026)","1317.6
(1137.16)",954.04
104,"Tuticorin - Tirunelveli from km. 0.00 to km. 47.250
(NHAI)
618773",Tamil Nadu,"11/2009
(04/2010)","(04/2012)
(06/2014)","449.85
(452.48)",2.8
105,"Four Laning of Trichy - Dindigul from km. 333.00 to km. 421.273 of NH-45
(NHAI)
618874",Tamil Nadu,"12/2006
(01/2008)","(07/2010)
(06/2026)","1003.11
(435.81)",377.7
106,"4L of Sethiyathope -Cholapuram section from Km. 65.960 to Km. 116.440 section
of NH45 C Pkg-II
(NHAI)
618897",Tamil Nadu,"03/2017
(08/2018)","(08/2020)
(11/2025)","2356.19
(2356.9)",1697.35
107,"Salem - Ulundurpet section from km 0.313 to km 136.670 of NH-68
(NHAI)
618943",Tamil Nadu,"12/2006
(01/2008)","(01/2011)
(11/2025)","861.23
(1019.85)",940.44
108,"Thumbipadi-Namakkal from km. 180.00 to km. 248.625 Package No. NS-
2/BOT/TN-02
(NHAI)
619083",Tamil Nadu,"06/2005
(08/2006)","(02/2009)
(06/2026)","255.53
(395.43)",392.41
109,"Start of Karur Bypass - Dindigul from km. 292.600 to km. 305.600 Contract
Package No. NS2/BOT/TN-4
(NHAI)
619084",Tamil Nadu,"08/2005
(10/2006)","(04/2009)
(12/2025)","461.54
(515.03)",222.72
114,"Widening to Two lane with Paved shoulders from km.40/410 to 84/037 of
Thirumanlagiri-- Suryapet Section of NH-365B earstwhile section of SH-16
(MoRTH)
618142",Telangana,"01/2017
(05/2017)","(05/2019)
(08/2023)","244.54
(-)",147.48
116,"Rehabilitation & Upgradation of Road from Km 0.00 to Km 18.600 Total length-
18.600 km of Kumarghat-Kailashahar section on NH-208 to 2-lane with Paved
shoulder on EPC bais under NHO
(NHIDCL)
618386",Tripura,"02/2020
(07/2020)","(01/2022)
(12/2024)","277.5
(302.03)",273.04
117,"Construction of four-lane elevated viaduct from km.4634 to km.6345 on NH-24A
including Retaining wall, service lane, at grade road and improvement of
junctions, on EPC mode
(MoRTH)
618008",Uttar Pradesh,"03/2021
(03/2022)","(09/2023)
(09/2024)","185.09
(269.81)",200.32
119,"6L Greenfield Kanpur - Lucknow Expressway Pkg II from km. 28.500 to km.
73.744
(NHAI)
618498",Uttar Pradesh,"12/2021
(11/2022)","(05/2025)
(02/2026)","2471.56
(2489)",1439.5
120,"6L of Agra Bypass Northern connecting Km. 174.500 of NH-2 new NH-19 to Km.
141.000 of Yamuna Expressways
(NHAI)
618553",Uttar Pradesh,"01/2022
(02/2023)","(02/2025)
(01/2026)","957.62
(1034.42)",759.58
121,"Strengthening of existing 4L Ayodhya Bypass Section from design Km. 121 600
to Km. 144020 of NH 28 New NH 27Pkg-3
(NHAI)
618565",Uttar Pradesh,"03/2023
(09/2023)","(03/2025)
(11/2025)","526.45
(281.13)",270.75
122,"4L Spur of Panipat - Shamli connecting NH-709AD Panipat Shamli
Muzaffarnagar and NH-709A Karnal Meerut bypassing Shamli district UP
(NHAI)
618770",Uttar Pradesh,"10/2021
(10/2022)","(10/2024)
(05/2025)","516.16
(273.42)",247.21
123,"2L PS of Raebareli - Jagdishpur with 4L Jagdishpur Bypass Spur
(NHAI)
618854",Uttar Pradesh,"02/2021
(01/2022)","(01/2024)
(11/2025)","706.41
(752.52)",534.31
124,"Improvement and Up-Gradation of Existing Road to 2/4L PS from Km 40.000 to
88.750, start of Khutar bypass to start of Shahjahanpur bypass of NH 731Pkg-I
(NHAI)
618855",Uttar Pradesh,"03/2022
(02/2023)","(02/2025)
(03/2026)","838.68
(838.68)",616.56
125,"4L from Mathura Bypass Start at Existing Km. 154.20 of NH-44 to Gaju Village at
Km 32.982 of NH-530B Pkg-IB
(NHAI)
618864",Uttar Pradesh,"01/2022
(03/2023)","(03/2025)
(01/2026)","1722.11
(1820.77)",1057.04
126,"4L from Gaju Village at Km. 32.982 to Devinagar Bypass End at Km. 208.000 of
NH-530B Pkg-1C.
(NHAI)
618865",Uttar Pradesh,"12/2021
(01/2023)","(01/2025)
(04/2025)","1384.79
(1496.44)",862.65
127,"4L Prayagraj Greenfield By-pass from design Km 50860 near Nibi Kala Uperhar
to design Km 64763 on NH-19 near Khodaypur Kasgaon including Interchange
loop at NH-19
(NHAI)
618959",Uttar Pradesh,"08/2023
(12/2023)","(03/2025)
(02/2026)","1017.99
(427.54)",412.74
128,"Reconstruction of existing 2 L/IL to 2L with paved shoulder from existing km
52.200 to 92.880 of NH-
(MoRTH)
617970",Uttarakhand,"10/2016
(06/2017)","(06/2019)
(09/2023)","282.08
(-)",352.53
,Total (121),,,,104751.18,80525.34
,Steel,,,,,
130,"Revamping of old sub-systems of Blast Furnace 3 at Bokaro Steel Plant
(Steel Authority of India Limited [SAIL])
617253",Jharkhand,"08/2023
(10/2023)","(07/2025)
(05/2026)","513.82
(-)",415.18
,Total (1),,,,513.82,415.18
,Department of Telecommunications,,,,
,Telecommunication,,,,
1,"Amended BharatNet Program - KTK, GOA, PY
(Department of Telecommunications)
(108841)",PAN India,"08/2023
(06/2025)","06/2028
(-)","3742
(-)"
2,"Amended BharatNet Program - UP (East)
(Department of Telecommunications)
(222253)",Uttar Pradesh,"08/2023
(02/2025)","02/2028
(-)","5008
(-)"
3,"Amended BharatNet Program - UP (West)
(Department of Telecommunications)
(708687)",Uttar Pradesh,"08/2023
(02/2025)","02/2028
(-)","1917
(-)"
,Total (3),,,,10667
,Roads & Highways,,,,
7,"4 Lane with Paved Shoulder from Dareota Village to Kalar Bala NH 205, Design
Chainage -Km 33185 to Km 41000, Design Length-7.815 Km Package-IIB
(NHAI)
(618892)",Himachal Pradesh,"06/2025
(06/2026)","06/2028
(06/2028)","992.85
(-)"
8,"6 Lane Greenfield Varanasi- Ranchi- Kolkata Highway from Donoreshan village to
junction with NH-20 in Bongabar village from km 288.600 to km 325.500 Pkg -11
(NHAI)
(618729)",Jharkhand,"03/2023
(07/2026)","07/2028
(-)","1856.12
(-)"
9,"6L Greenfield Varanasi- Ranchi- Kolkata Highway from junction with NH-20 in
Bongabar village to junction with NH-30 in Lepo village from km 325.500 to km
358.500 Pkg -12
(NHAI)
(618733)",Jharkhand,"03/2023
(07/2026)","07/2028
(-)","1525.52
(-)"
10,"Capacity Augmentation in the stretch of Pimpri Sado Vadape section of NH848 Km.
460900 to Km. 537000 by Construction of Slip/Service Road on either side at various
locations total length 25.140 Km LHSRHS, Flyover 2 x 25m at Borivali Junction Km.
528550 & LVUP 1 x 15m at Sherekarpada Km. 528800
(NHAI)
(619204)",Maharashtra,"12/2025
(04/2026)","10/2027
(10/2027)","372.03
(-)"
14,"Development of 6-lane Greenfield Southern Ludhiana Bypass from intersection with
NH-44 near Village Rajgarh to intersection with Delhi Katra Expressway NE-5 near
Village Ballowal, km 0000 to km 25240
(NHAI)
(618648)",Punjab,"11/2024
(03/2026)","03/2028
(03/2028)","1424.55
(-)"
15,"Upgradation of 6 laned Jaipur- Kishangarh section of NH-48 from km 274100 to
363885 involving construction of flyovers and Service road in Rajasthan On
Engineering, Procurement & Construction EPC Mode
(NHAI)
(619270)",Rajasthan,"03/2026
(07/2026)","01/2029
(-)","910.91
(-)"
17,"2L PS Greenfield bypass lalganj ajhara, mohanganj and Raniganj on Raebareli -
Jaunpur Section Design km 0.00 to Km 53177 of NH-31
(NHAI)
(618842)",Uttar Pradesh,"12/2024
(06/2026)","06/2028
(-)","1280.68
(-)"
,Total (14),,,,11374.75
,Aviation & Aviation Infrastructure,,,,,,
2,"C/o NITB Imphal Airport
(Airport Authority of India [AAI])
(706718)",Manipur,"11/2021
(07/2022)","07/2024
(12/2026)","499
(499)",206.83,52.64
3,"Widening of basic strip at Western Side of Runway Chainage 80m to 920m i/c
slope stabilization Measures [Balance work] of uphill and Improvement of Storm
Water Drainage System at Pakyong Airport, Sikkim on design & build basis [EPC]
with integrated 10 years maintenance.
(Airport Authority of India [AAI])
(612793)",Sikkim,"11/2023
(12/2023)","06/2026
(06/2027)","323.26
(323.26)",87.6,36.12
,Total (3),,,,2534.26,2954.58,
,Coal,,,,,,
4,"TIRAP OCP
(INVALID CO.)
(615821)",Assam,"11/2022
(11/2022)","11/2030
(-)","289.46
(289.46)",105.66,5.26
5,"TIKAK EXTENSION OCP
(INVALID CO.)
(615820)",Assam,"07/2022
(07/2022)","07/2031
(-)","159.77
(159.77)",112.8,89.73
,Total (2),,,,449.23,218.46,
,Department of Higher Education,,,,,,
,Education,,,,,,
6,"Construction of Permanent Campus of National Institute of Technology Arunachal
Pradesh
(National Institute of Technology, Arunachal Pradesh)
(612898)",Arunachal Pradesh,"09/2009
(03/2013)","08/2026
(08/2024)","592.61
(592.61)",551.3,80
8,"Construction and Developement of National Institute of Technology Meghalaya
Permanent Campus at Sohra
(National Institute of Technology, Meghalaya)
(612885)",Meghalaya,"09/2009
(09/2014)","03/2022
(10/2026)","494.52
(429.7)",368.98,96
9,"Construction of Permanent Campus for NIT Mizoram at Lengpui, Aizawl
(NIT Mizoram)
(612876)",Mizoram,"09/2009
(06/2014)","12/2029
(03/2022)","474.23
(474.23)",167.55,4
10,"Establishment of NIT Nagaland
(NIT Nagaland)
(613013)",Nagaland,"09/2009
(12/2014)","12/2025
(-)","275.63
(275.63)",263.25,98
11,"Establishment of Permanent Campus of NIT SIkkim at Khamdong-Gangtok
District
(NIT Sikkim)
(612883)",Sikkim,"02/2024
(03/2024)","02/2028
(12/2026)","685.76
(610.76)",283.56,37.6
12,"Construction of Sikkim University Campus Phase-I Package-II at Yangang, South
Sikkim
(Sikkim University)
(609736)",Sikkim,"08/2020
(01/2022)","01/2025
(03/2026)","314.06
(351.74)",292,96
,Total (7),,,,2990.52,2064.48,
,Department of Sports,,,,,,
,Education,,,,,,
13,"National Sports University [NSU], Imphal [Manipur]
(Department of Sports & Youth Affairs)
(400081)",Manipur,"06/2022
(01/2022)","08/2024
(08/2026)","906.47
(611.74)",576.37,97.25
,Total (1),,,,906.47,576.37,
,Electricity Generation,,,,,,
,Total (8),,,,70789.01,37967.19,
,Transmission & Distribution,,,,,,
22,"North Eastern Region Expansion Scheme-XXIII [NERES-XXIII]
(Power Grid Corporation of India Limited [POWERGRID])
(617375)",Arunachal Pradesh,"08/2025
(08/2025)","02/2028
(-)","209.38
(209.38)",3.14,1.56
,Total (3),,,,10075.13,13709.63,
,Energy Storage,,,,,,
25,"Setting up of new rail fed POL facility at Kamardanga, Assam
(Hindustan Petroleum Corporation Limited [HPCL])
(709755)",Assam,"03/2023
(03/2023)","07/2027
(07/2027)","384.04
(384.04)",235.27,85.5
26,"Construction of LPG Facilities at Kamardanga, Assam
(Hindustan Petroleum Corporation Limited)
(709754)",Assam,"03/2023
(03/2023)","07/2027
(07/2027)","156.36
(156.36)",109.34,79.8
,Total (4),,,,10994.11,11411.45,
,Oil & Gas,,,,,,
35,"Power Recovery Turbine [PRT] in PFCCU unit as an Energy Conservation
Scheme
(NRL)
(709865)",Assam,"04/2023
(04/2023)","12/2024
(12/2026)","293.5
(293.5)",81.84,99
43,"Creation of Gas Dehydration Facilities, Tripura Asset
(Oil and Natural Gas Corporation Limited [ONGC])
(709837)",Tripura,"03/2022
(03/2022)","05/2024
(08/2026)","209.33
(131.51)",79.98,70.5
,Total (15),,,,27380.71,29853.08,
,Healthcare,,,,,,
,Total (3),,,,764,992.31,
,Railways,,,,,,
47,"Furkating-New Tinsukia[194 Km]
(Northeast Frontier Railway [NFR])
(618986)",Assam,"09/2025
(09/2025)","06/2029
(-)","3633.58
(3633.58)",0,0
50,"Doubling of New Bonggigaon to Kamakhya via Goalpara - 176 km
(Northeast Frontier Railway [NFR])
(705572)",Assam,"09/2016
(09/2016)","03/2026
(03/2026)","4060
(4961)",3831.06,95.16
51,"Guwahati-Dibrugarh via Tinsukia & Simaluguri-Dibrugarh
(Central Organisation for Railway Electrification [CORE])
(706922)",Assam,"09/2020
(09/2018)","09/2020
(06/2024)","890.36
(889.36)",391.73,89
53,"Byrnihat-Shillong New Rail Line- 108 km
(Northeast Frontier Railway [NFR])
(705396)",Meghalaya,"04/2011
(03/2010)","03/2021
(03/2027)","8324.28
(8342.28)",266.12,2.04
58,"Sivok-Rangpo New Rail Line
(Indian Railway Construction International Limited [IRCON])
(705432)",Sikkim,"10/2009
(05/2010)","05/2015
(12/2027)","7877
(11775)",11090.47,80
,Total (12),,,,50056.05,40943.08,
,Roads & Highways,,,,,,
61,"Construction of Balance work of 2-Lane with PS of Joram Koloriang Road from
existing Km122.600 to km138.00 [Design Km108.724 to Km123.714] in
Arunachal Pradesh on EPC Mode under SARDP-NE Pkg-7
(NHIDCL)
(618433)",Arunachal Pradesh,"02/2017
(10/2020)","04/2022
(04/2026)","184.89
(184.89)",0,99.69
63,"Construction of 2-Laning with hard shoulders of Demwe-Brahmakund section of
NH-13 from Ch.0.00 km to 18.464 km on EPC under SARDP-NE NHO-NE -
Balance Work
(NHIDCL)
(618445)",Arunachal Pradesh,"08/2020
(06/2025)","12/2027
(12/2027)","353.9
(353.9)",0,19.55
76,"Widening/lmprovement of Existing 2 lane to 4-Laning of Karimganj-Silchar section
of NH-37 from Design Ch 0.000 near Silchar ISBT to Design Ch 15.970 near
Kalinagar Pt I on NH-37 in Assam on HAM Mode Pkg-1
(NHIDCL)
(618313)",Assam,"03/2024
(09/2025)","09/2027
(09/2027)","1181.55
(1181.55)",0,41.26
79,"Dillai to Lahorijan Package-7
(NHIDCL)
(618325)",Assam,"11/2021
(01/2023)","07/2024
(04/2026)","204.1
(204.1)",142.21,0
80,"Widening/Improvement to 4-Lane with Paved Shoulder from KM 38500 to Km
51246 Design Chainage 38500 to 50959 with proposed Daboka Bypass of
Daboka-Parokhaowa of NH 29 on EPC under NHO-NE Package-1
(NHIDCL)
(618326)",Assam,"01/2023
(11/2023)","11/2025
(06/2026)","516.88
(516.88)",0,99.7
82,"Construction and up gradation to 4-Lane of existing two lane with paved shoulder
from Hapachara to Tulungia road of NH-117 of existing Km 0.00 to km 14.050
and Design Km 0.000 to km 14.660 under BMP on EPC mode
(NHIDCL)
(618289)",Assam,"03/2020
(06/2020)","12/2022
(03/2026)","224.85
(224.85)",209.94,97.76
85,"Construction of New 2-Lane Bridge with its approaches from km 0000 to Km
4385 across River Brahmaputra on NH-17 at Jogighopa in Assam on EPC mode
(NHIDCL)
(618286)",Assam,"09/2021
(11/2021)","11/2024
(12/2026)","746.76
(746.76)",426.91,81.07
87,"4-L Bilasipara-Guwahati Package-9
(NHIDCL)
(618283)",Assam,"03/2023
(12/2023)","06/2026
(03/2027)","1000.27
(1000.27)",490.64,59.78
88,"4-L Bilasipara-Guwahati Package-10
(NHIDCL)
(618282)",Assam,"03/2023
(12/2023)","06/2026
(03/2027)","1264.9
(1264.9)",603.33,64.48
96,"Earthwork in Formation, Road Work, Construction of Bridges, Blanketing, P. Way
Linking works including Supply of P. Way Fittings and Track Ballast in connection
with Construction of Railway Siding from Jogighopa Railway Station to MMLP at
Jogighopa from Ch. 00 to 3760 on Item Rate basis Package -3, Railway Siding
from Jogighopa Railway Station to MMLP
(NHIDCL)
(618454)",Assam,"02/2020
(12/2020)","06/2022
(09/2024)","693.97
(693.97)",41.78,93.23
99,"2L with ES of Yagyi - Kalewa section from Milepost 40/0 to Milepost 115/5 in
Myanmar
(NHAI)
(618958)",Assam,"12/2017
(05/2018)","06/2023
(07/2027)","1200.14
(1200.14)",0,52
103,"Balance work of 4L of NarimbangloJatinga Junction- Harangajoroad section from
Km 0.000 to Km 49.230 of NH-27
(NHAI)
(619089)",Assam,"03/2022
(01/2023)","01/2026
(07/2026)","1909.98
(2745.74)",1386.87,94.59
107,"Widening/Improvement to 2-Lane Lane with Paved Shoulder from km 16900
Bogapani to km 27150 Golai Goan on existing Dibrugarh to Ledo section with
proposed Digboi Bypass Green Field and Brownfield 2-LanePS of NH-315 OLD
NH-38 in Tinsukia District under NHO- NE Package-4
(NHIDCL)
(618339)",Assam,"01/2023
(12/2023)","12/2025
(12/2026)","356.65
(356.65)",80.08,20.45
108,"Widening/Improvement to 4-Lane with Paved Shoulder from km 626030 Nalani
hulla Gaon to km 650450 Chotahapjan on existing Tinsukhia -Makum Bypass of
NH-15 OLD NH-37 and Strengthening of existing NH-315 OLD NH-38 from Km
0000 Chotahapjan to Km 16900 Bogapani section 2-Lane PS in Assam on
EPCMode under NHO-NE Package-3
(NHIDCL)
(618340)",Assam,"01/2023
(05/2023)","05/2025
(10/2026)","458.59
(458.59)",249.84,88.99
118,"Construction of 4-Lane Bridge including approaches over River Brahmaputra
between Dhubri on North Bank,Assam and Phulbari on south Bank,Meghalaya on
NH-127B under JICA ODA Loan assistance Phase-III
(NHIDCL)
(618373)",Assam,"05/2019
(12/2020)","09/2028
(09/2028)","4997.04
(4997.04)",3033.59,77.14
119,"Widening/Improvement to 4-Lane with Paved Shoulder configuration of existing
single lane road from Srirampur near Bhairiguri Village to Kachukhana Harichara
Paglagaunj Package-I of Srirampur - Dhubri Section of NH-127B from existing
Km 0.000 to Km 28.050 Design Km 0.000 to Km 27.650, Design Length27.650
Km under JICA ODA Loan assistance Phase-V -Balance work
(NHIDCL)
(618371)",Assam,"03/2022
(11/2024)","11/2026
(11/2026)","613.89
(613.89)",384.24,89.5
130,"Construction of 2 -Lane with paved shoulders road from Tamenglong to Mahur
NH-137 starting from km 80.630 near Mandeu to km 96.870 near Jiri River on
EPC Mode Package-6
(NHIDCL)
(618358)",Manipur,"09/2021
(11/2021)","05/2023
(12/2025)","311.18
(311.18)",231.08,87.3
132,"Construction of 2 -Lane with paved shoulders road from Tamenglong to Mahur
NH-137 in Manipur starting from km 54.180 near Azuram to km 80.630 near
Mandeu on EPC Mode Package 5
(NHIDCL)
(618357)",Manipur,"09/2021
(11/2021)","05/2023
(01/2026)","477.86
(477.86)",330.12,84.87
133,"Widening to 2 lane with Paved shoulder of lmphal to Jiribam section of NH-37
from Design Ch. from km 169570 Near Nungkao vlllage under Tamenglong
District to km 205974 near Jiribam Bridge under Jiribam district under NHO-NE
PKG-7
(NHIDCL)
(618333)",Manipur,"01/2023
(12/2023)","12/2025
(12/2026)","760.16
(760.16)",424.3,92.52
134,"Widening to 2 Lane with Paved shoulder of lmphal to Jiribam section of NH-37
from Design Ch. from km 131.280 to km 169.570 on EPC mode in Manipur under
NHO-TSP PKG-6
(NHIDCL)
(618334)",Manipur,"12/2021
(02/2023)","02/2025
(09/2026)","504.76
(504.76)",325.89,95.2
135,"Widening to 2 Lane with Paved shoulder of lmphal to Jiribam section of NH-37
from Design Ch. from Km 101280 Near Khongsang Village to Km 131280 near
Puilon Kambiron Village on EPC Mode in Manipur PKG-5
(NHIDCL)
(618335)",Manipur,"12/2021
(11/2022)","05/2024
(08/2026)","410.68
(410.68)",345.66,90.61
136,"Widening to 2 -Lane with Paved shoulder of Imphal to Jiribam section of NH-37
from Design Chainage 66.110 km to 101.280 Km Existing Chainage km 67.496 to
km 103.557 on EPC Mode in Manipur PKG-4
(NHIDCL)
(618336)",Manipur,"09/2021
(06/2022)","12/2023
(07/2026)","579.63
(579.63)",404.8,85.98
137,"Widening to 2 -Lane with Paved shoulder of Imphal to Jiribam section of NH-37
from Design Chainage 33.000 km to 66.390 Km Existing Chainage from km
33.395 to km 67.496 on EPC Mode in Manipur PKG-3
(NHIDCL)
(618337)",Manipur,"03/2021
(09/2021)","03/2023
(03/2026)","467
(467)",593.44,86.33
143,"Construction of of 2 -Lane with paved shoulders road from Tamenglong-Tousem-
Lisang-Mahur Road NH-137 starting near Dialong Village from km 10.000 at
Dialong to km 31.430 near Old Tamenglong , near Barak River on EPC Mode
Package-2
(NHIDCL)
(618355)",Manipur,"07/2021
(09/2021)","03/2023
(03/2026)","483.87
(483.87)",372.1,95.28
150,"Improvement/Widening to 2-L with Paved Shoulder/ 4-Laning of NH-40 section
from Km 151330 to Km 163400 design Km 63.530 to Km 71.520 including Dawki
Bridge of length 368 m between Shillong-Dawki under JICA ODA Loan
assistance Phase-II Pkg-5 -Balance work
(NHIDCL)
(618374)",Meghalaya,"07/2020
(05/2024)","11/2026
(11/2026)","284.21
(284.21)",170.81,41.92
151,"Improvement/Widening to 2-Lane with Paved Shoulder from design Km 45.760 to
Km 63.530 between Shillong-Dawki under JICA ODA Loan assistance Phase-II -
Balance work Pkg-4
(NHIDCL)
(618375)",Meghalaya,"07/2020
(04/2024)","04/2026
(10/2026)","445.51
(445.51)",42.39,53.21
152,"Improvement/Widening to 2-Lane with Paved Shoulder between Shillong-Dawki
road up to Bangladesh Border from design Km 10.670 to Km 37.550 under JICA
ODA Loan assistance Phase-II -Balance Work-Pkg-2
(NHIDCL)
(618376)",Meghalaya,"07/2020
(02/2024)","08/2026
(12/2026)","525.67
(525.67)",0,51.02
153,"Improvement/Widening to 2-L with Paved Shoulder/4-L from Km 81740 to Km
93490 design Km 0000 to Km 10670 of NH-40 New NH-106 & 206 section & 4-L
from design Km 0.00 to Km 0.930 of NH-44 section between Shillong-Dawki
under JICA ODA Loan assistance Phase-II -Balance Work Pkg-1
(NHIDCL)
(618377)",Meghalaya,"07/2020
(10/2023)","10/2025
(06/2026)","351.12
(351.12)",0,100
158,"Improvement/Widening of New NH-217 Dainadubi-Darugiri section to Two lane
with paved shoulder in Meghalaya from design Km 0000 to Km 40840 existing
Km 8600 to Km 53000 of Old NH-62 under BMP Lot-1 Pkg-1B Meghalaya portion
(NHIDCL)
(618295)",Meghalaya,"03/2023
(03/2025)","03/2027
(03/2027)","705.83
(705.83)",0,45.52
159,"Improvement and Widening of National Highway No. 127B Darugiri - Songsak -
Williamnagar Junction Section to two lane with paved shoulder from design Km
0000 to Km 36635 Design length 36.635 Km existing Km 112000 to Km 151060
of NH-1278 under Bharatmala Pariyojana Lot-1 Pkg-1B Meghalaya portion
(NHIDCL)
(618294)",Meghalaya,"03/2023
(09/2025)","09/2027
(09/2027)","801.07
(801.07)",176.12,26.08
163,"Widening and up-gradation to 2-lane with paved shoulder configuration and
geometric improvements from km 339.00 to km 380.00 Siaha on Aizawl-Tuipang
section under JICA ODA Loan assistance Phase-I Package-8
(NHIDCL)
(618383)",Mizoram,"09/2019
(03/2020)","09/2023
(06/2026)","637.06
(637.06)",101.89,99.82
168,"4-Laning of Kolasib - Sethawn section Package-5 of NH-6 from Existing
Chainage km 86000 to km 107850 Design Chainage km 77500 to km 95500 on
silchar - vairengte - sairang road under Bharatmala Pariyojna on EPC mode
under NHO-NE Vairengte - Sairang Pkg-5
(NHIDCL)
(618318)",Mizoram,"11/2021
(07/2025)","07/2027
(06/2027)","720.4
(720.4)",247.14,11.86
169,"4-Laning of Sethawn - N. Kawnpui section Package-6 of NH-6 from Existing
Chainage km 107850 to km 126315 Design Chainage km 95500 to km 111850
on Silchar-Vairengte- Sairang road, Vairengte - Sairang Pkg-6
(NHIDCL)
(618319)",Mizoram,"12/2021
(07/2025)","01/2027
(12/2026)","595.65
(595.65)",173.14,6.72
176,"Construction of 2-laning with hard shoulder configuration of Chhumkhum to
Tlabung from Design Chainage Km 37.420 to Km 74.950 of NH-302 in Mizoram
under Bharatmala Pariyojana on EPC mode [Pkg-B]
(NHIDCL)
(618363)",Mizoram,"06/2021
(07/2021)","01/2023
(12/2026)","740.58
(740.58)",494.49,61.34
177,"Construction of 2-laning with hard shoulder of Lunglei to Chhumkhum from
Design Chainage Km 0.000 to Km 37.420 of NH-302 [Lunglei-Tlabung] Package-
A
(NHIDCL)
(618362)",Mizoram,"03/2021
(06/2021)","12/2022
(11/2026)","698.45
(698.45)",552.89,64.78
182,"Construction of 2-lane with hard shoulders of Merangkong-Tamlu-Mon road
Wakching Twon portion on EPC basis from existing Chainage Km 59000 to Km
73640 [Design Km. 59000 to Km, 72450] Design length - 13.450 Km under
SARDP-NE package-V Balance work
(NHIDCL)
(618422)",Nagaland,"03/2021
(09/2023)","09/2025
(07/2026)","161.73
(161.73)",101.21,99.75
188,"4-Laning of Balance work of Dimapur-Kohima Road from design km 152.490 to
km 166.700 Existing km 156.000 to km 172.900 Excluding Dimapur & Kohima
Bypass under SARDP-NE Package-III
(NHIDCL)
(618328)",Nagaland,"03/2016
(09/2023)","09/2025
(07/2026)","562.98
(794.75)",535.96,84.32
193,"Widening of existing Single lane / Intermediate lane road to 2 lane from Km 101
to Km 125 of NH 61
(MoRTH)
(617886)",Nagaland,"06/2020
(06/2024)","06/2026
(03/2027)","252.2
(252.2)",0,44.46
199,"Construction & Upgradation of existing road to 2-lane with paved shoulder from
New Rolep Bridge at km 37.600 to Chochenpheri at km 52.00 in the section of
Rongli to Chochenpheri of NH 717B Pkg-II C
(NHIDCL)
(618446)",Sikkim,"10/2020
(05/2021)","05/2024
(09/2026)","493.42
(478.79)",0.03,79.13
202,"Construction & Upgradation of existing road to 2-lane with paved shoulder from
km27.200 End of Rongli bypass to km37.600New Rolep Bridge of Rhenok-Menla
spur NH-717B on EPC Mode under SARDP-NE Phase-A in Sikkim Pkg-II B
(NHIDCL)
(618449)",Sikkim,"07/2020
(10/2020)","04/2023
(09/2026)","230.45
(244.91)",0,86.19
203,"Rehabilitation & Upgradation of existing road to 2-lane with paved shoulder
including geometric improvement of section from start of Rabangla km33.600 to
km58.840 under SARDP-NE Phase A Pkg- IV
(NHIDCL)
(618450)",Sikkim,"07/2020
(10/2020)","05/2022
(12/2026)","292.8
(292.8)",1.91,65.15
211,"Rehabilitation and up-gradation of road from design km 25.250 to km 36.460
Total lengh 11.210 km of Kailashahar-Kurti Bridge section on NH-208A to 2-lane
with paved shoulder on EPC basis under NHO Package-III- Balance Work
(NHIDCL)
(618385)",Tripura,"02/2020
(09/2024)","03/2026
(03/2026)","174.43
(174.43)",0,41.9
212,"Melaghar-Srimantapur section on NH-08 Spur from Km 23 to Km 34.500 11.5 Km
and overlay from Km 20.30 to Km 22.00 1.7 Km Total Length 13.2 Km
(NHIDCL)
(618411)",Tripura,"01/2023
(05/2023)","11/2024
(08/2026)","195.95
(195.95)",92.61,72.48
,Total (154),,,,97774.26,30395.11,
,Department of Telecommunications,,,,,,
,Telecommunication,,,,,,
213,"Provision of 4G based Mobile Services in Uncovered Villages and National
Highways of Meghalaya
(Department of Telecommunications)
(701598)",Meghalaya,"09/2019
(09/2020)","03/2022
(06/2026)","971.96
(180.46)",167.23,99.84
,Total (4),,,,63981.58,49622.05,
,"Department of Water Resources, River Development & GR",,,,,,
,Water Resources,,,,,,
,Total (2),,,,1705.6,1892.87,
,Aviation & Aviation Infrastructure,,,,,,
1,"Construction of New Domestic Terminal Building Building and miscellaneous works
including maintenance, operations and AICMC at Kadapa Airport
(Airport Authority of India [AAI])
(612786)
(-) (-)",Andhra Pradesh,"03/2023
(01/2024)","01/2026
(07/2026)","265.91
(265.91)",153.62,75
2,"Construction of New Integrated Terminal Building and associated works including
apron to park 3 code E type of aircraft or 6 code C type of aircraft at Vijayawada
Airport.
(Airport Authority of India [AAI])
(701107)
(-) (-)",Andhra Pradesh,"06/2020
(09/2020)","09/2022
(10/2026)","611.8
(611.8)",527.74,88.25
3,"Construction of New Domestic Terminal Building at Rajahmundry Airport.
(Airport Authority of India [AAI])
(701121)
(-) (-)",Andhra Pradesh,"12/2022
(08/2023)","08/2025
(06/2026)","347.15
(347.15)",189.48,94.5
5,"Development of New Civil Enclave at Bihta
(Airport Authority of India [AAI])
(612183)
(-) (-)",Bihar,"08/2024
(04/2025)","03/2027
(-)","1413
(1413)",9.56,2.86
6,"Development of New Civil Enclave and associated works at Darbhanga Airport
(Airport Authority of India [AAI])
(612194)
(-) (-)",Bihar,"07/2024
(07/2024)","07/2026
(11/2026)","911.66
(911.66)",400.62,69.8
7,"Construction of New Domestic Terminal Building [Phase-I and II] and other allied
structures at JPNI Airport, Patna
(Airport Authority of India [AAI])
(701101)
(-) (-)",Bihar,"10/2018
(10/2018)","05/2026
(08/2026)","1216.9
(1216.9)",1202.07,99.19
8,"Development of Keshod Airport.
(Airport Authority of India [AAI])
(619054)
(-) (-)",Gujarat,"01/2024
(07/2025)","01/2027
(-)","363.1
(363.1)",102.3,41.5
9,"Development of Dholera International Greenfield Airport , Gujarat
(Airport Authority of India [AAI])
(701126)
(-) (-)",Gujarat,"06/2022
(07/2022)","06/2026
(06/2026)","1305
(1551)",949.24,87
10,"Construction of NTB complex including apron, taxi track and other associated civil
works and electrical & mechanical installations towards Tawi River side at CA Jammu.
(Airport Authority of India [AAI])
(611047)
(-) (-)","Jammu and
Kashmir","10/2023
(12/2023)","06/2026
(11/2026)","861.37
(861.37)",353.54,55.35
11,"Construction of New Domestic Terminal Building and Miscellaneous works at Hubli
Airport
(Airport Authority of India [AAI])
(612787)
(-) (-)",Karnataka,"06/2023
(01/2024)","01/2026
(06/2026)","320.47
(320.47)",160.21,85
12,"Construction of New Domestic Terminal Building and Miscellaneous Works at
Belagavi Airport.
(Airport Authority of India [AAI])
(612788)
(-) (-)",Karnataka,"06/2023
(02/2024)","02/2026
(06/2026)","322.45
(322.45)",220.72,95
13,"Development of additional RESA on either end on Runway 10-28 at Calicut Airport.
Construction of embankment with slope protection, drainage system and associated
works for additional RESA on either end on Runway 10-28
(Airport Authority of India [AAI])
(612789)
(-) (-)",Kerala,"06/2023
(02/2024)","09/2025
(12/2026)","484.57
(484.57)",227.5,64.5
14,"Construction of Terminal Building & Associated works at Leh Airport, Ladakh
(Airport Authority of India [AAI])
(400010)
(-) (-)",Ladakh,"07/2018
(09/2018)","09/2021
(07/2026)","480
(640)",509.41,83.4
15,"C/o NITB Imphal Airport
(Airport Authority of India [AAI])
(706718)
(-) (-)",Manipur,"11/2021
(07/2022)","07/2024
(12/2026)","499
(499)",206.83,52.64
17,"Development of New Greenfield Airport at Bundi, Kota Rajasthan.
(Airport Authority of India [AAI])
(618977)
(-) (-)",Rajasthan,"08/2025
(10/2025)","10/2027
(11/2027)","1507
(1507)",71.13,13.3
18,"Construction of New Passenger Terminal Building for Domestic Operations at Jodhpur
Airport.
(Airport Authority of India [AAI])
(701127)
(-) (-)",Rajasthan,"06/2022
(05/2023)","03/2026
(06/2026)","480
(480)",348.01,100
19,"Construction of New Integrated Passenger Terminal Building at Udaipur Airport
(Airport Authority of India [AAI])
(701128)
(-) (-)",Rajasthan,"06/2023
(11/2023)","03/2026
(09/2026)","887
(887)",565.41,74.71
20,"Widening of basic strip at Western Side of Runway Chainage 80m to 920m i/c slope
stabilization Measures [Balance work] of uphill and Improvement of Storm Water
Drainage System at Pakyong Airport, Sikkim on design & build basis [EPC] with
integrated 10 years maintenance.
(Airport Authority of India [AAI])
(612793)
(-) (-)",Sikkim,"11/2023
(12/2023)","06/2026
(06/2027)","323.26
(323.26)",87.6,36.12
21,"Modernization of Chennai Airport, Phase II, Part 2
(Airport Authority of India [AAI])
(611602)
(-) (-)",Tamil Nadu,"05/2018
(06/2023)","07/2025
(12/2026)","1207
(1207)",314.15,43.5
22,"Development of Lal Bahadur Shastri International airport, Varanasi including C/o New
Terminal Building, Apron Extension, Runway Extension, PTT and allied works.
(Airport Authority of India [AAI])
(701113)
(-) (-)",Uttar Pradesh,"07/2024
(07/2024)","07/2027
(07/2027)","2869.65
(2869.65)",677.21,31
23,"Development of New Integrated Civil Enclave at Agra Airport
(Airport Authority of India [AAI])
(701122)
(-) (-)",Uttar Pradesh,"06/2024
(07/2024)","07/2026
(11/2026)","579
(579)",217.42,43.22
24,"Development of New Civil Enclave at Bagdogra Airport
(Airport Authority of India [AAI])
(611495)
(-) (-)",West Bengal,"08/2024
(09/2024)","03/2027
(03/2027)","1549
(1549)",507.8,39.68
25,"Re-Construction of Rigid portions of Secondary Runway, K and A Taxiway and
Strengthening of C Taxiway at NSCBI Airport Kolkata.
(Airport Authority of India [AAI])
(612791)
(-) (-)",West Bengal,"03/2023
(12/2023)","10/2025
(08/2026)","328.3
(328.3)",148.75,71.4
,Total (25),,,,21345.07,11209.22,
,Coal,,,,,,
26,"TIKAK EXTENSION OCP
(INVALID CO.)
(615820)
(-) (-)",Assam,"07/2022
(07/2022)","07/2031
(-)","159.77
(159.77)",112.8,89.73
27,"TIRAP OCP
(INVALID CO.)
(615821)
(-) (-)",Assam,"11/2022
(11/2022)","11/2030
(-)","289.46
(289.46)",105.66,5.26
28,"PORDA CHIMTAPANI OCP [10 MTY]
(South Eastern Coalfields Limited [SECL])
(400144)
(-) (-)",Chhattisgarh,"12/2020
(12/2020)","03/2029
(-)","2310.12
(2310.12)",117.37,11.81
29,"BAROUD OC EXPANSION [3.0-10.0M
(South Eastern Coalfields Limited [SECL])
(400149)
(-) (-)",Chhattisgarh,"08/2020
(08/2020)","03/2029
(-)","2309.8
(2309.8)",1007.09,55.95
30,"DIPKA EXPANSION OCP [40 MTY]
(South Eastern Coalfields Limited [SECL])
(400354)
(-) (-)",Chhattisgarh,"12/2020
(12/2020)","03/2029
(-)","5241.4
(5241.4)",2939.33,39.34
31,"GEVRA OC [70 MTY]
(SECL - CIL)
(400424)
(-) (-)",Chhattisgarh,"03/2016
(03/2016)","03/2023
(03/2027)","11816.4
(11816.4)",6960.23,78.48
32,"AMERA OC RCE [1.0 MTY]
(SECL - CIL)
(613798)
(-) (-)",Chhattisgarh,"02/2015
(02/2015)","03/2026
(-)","335.97
(335.97)",91.76,42.47
33,"AMGAON OC RCE [1.0 MTY]
(SECL - CIL)
(613799)
(-) (-)",Chhattisgarh,"07/2015
(07/2015)","03/2026
(-)","316.11
(316.11)",192.9,78.86
35,"MAHAMAYA OCP [1.50 MTY]
(SECL - CIL)
(613801)
(-) (-)",Chhattisgarh,"05/2018
(05/2018)","03/2026
(03/2028)","410.26
(410.26)",188.6,54.6
36,"KATKONA RO UG MINE
(SECL - CIL)
(615191)
(-) (-)",Chhattisgarh,"01/2023
(01/2023)","03/2029
(-)","329.21
(329.21)",62.01,2.01
37,"PELMA OC MDO
(SECL - CIL)
(616234)
(-) (-)",Chhattisgarh,"10/2022
(10/2022)","03/2033
(-)","1725.04
(1725.04)",16.71,40.34
40,"RPR FOR DURGAPUR OCP 10 MTY
(SECL - CIL)
(619171)
(-) (-)",Chhattisgarh,"09/2025
(09/2025)","03/2032
(-)","2415.91
(2415.91)",2.35,0.01
41,"MADANNAGAR OCP 12 MTY - MDO
(SECL - CIL)
(619172)
(-) (-)",Chhattisgarh,"12/2024
(12/2024)","03/2033
(-)","1859.19
(1859.19)",0.45,0
42,"HURA C OCP
(ECL - CIL)
(400018)
(-) (-)",Jharkhand,"08/2022
(08/2022)","03/2029
(-)","859.41
(859.41)",455.95,63.3
43,"KONAR EXPANSION OCP
(CCL - CIL)
(400073)
(-) (-)",Jharkhand,"01/2022
(01/2022)","03/2032
(-)","674.65
(674.65)",172.3,50.78
44,"KARO EXPANSION OCP
(CCL - CIL)
(400074)
(-) (-)",Jharkhand,"01/2022
(01/2022)","03/2029
(-)","849.31
(849.31)",208.28,23.28
45,"SANGHMITRA OC
(CCL - CIL)
(400136)
(-) (-)",Jharkhand,"03/2024
(03/2024)","03/2032
(-)","2660
(2660)",17.4,16.77
46,"CHANDRAGUPT OCP
(CCL - CIL)
(400138)
(-) (-)",Jharkhand,"08/2020
(08/2020)","03/2032
(-)","973.5
(973.5)",772.12,25.11
48,"Pachwara South Coal Block
(NLC India Limited)
(400142)
(-) (-)",Jharkhand,"03/2016
(11/2019)","09/2028
(-)","2242.9
(2242.9)",1422.51,87
54,"EPR AMRAPALI OCP
(CCL - CIL)
(400156)
(-) (-)",Jharkhand,"02/2020
(02/2020)","03/2028
(-)","4983.57
(4983.57)",1811.77,43.69
55,"RAJRAPPA RCE OCP
(CCL - CIL)
(400160)
(-) (-)",Jharkhand,"12/2009
(12/2009)","03/2016
(03/2027)","510.85
(510.85)",489.2,75.61
56,"CHITRA EAST OC
(ECL - CIL)
(400172)
(-) (-)",Jharkhand,"08/2018
(08/2018)","03/2026
(03/2028)","513.99
(513.99)",274.28,53.03
58,"MOONIDIH XV SEAM UG
(BCCL - CIL)
(400425)
(-) (-)",Jharkhand,"08/2011
(08/2011)","03/2019
(09/2026)","1230.27
(1230.27)",796.31,84.02
59,"AMALAGAMATED NTST KUJAMA OCP 8.5MTY
(Bharat Coking Coal Limited (BCCL))
(611864)
(-) (-)",Jharkhand,"01/2023
(01/2023)","03/2030
(-)","4011.85
(4011.85)",414.97,30.92
61,"TAPIN SOUTH EXPN
(CCL - CIL)
(615349)
(-) (-)",Jharkhand,"11/2020
(11/2020)","03/2028
(-)","230.41
(230.41)",40.02,23.67
62,"SIRKA OC
(CCL - CIL)
(615822)
(-) (-)",Jharkhand,"05/2020
(05/2020)","03/2028
(-)","222.82
(222.82)",280.03,56.47
63,"TETARIAKHAR OC
(CCL - CIL)
(615843)
(-) (-)",Jharkhand,"11/2019
(11/2019)","03/2025
(03/2027)","243.52
(243.52)",50.82,30.06
64,"CHUPERBHITA SIMLONG OCP MDO 6
(ECL - CIL)
(616225)
(-) (-)",Jharkhand,"12/2023
(12/2023)","03/2037
(-)","979.08
(979.08)",0,0.05
65,"JARANGDIH EXPN. OCP 1.5 MTY
(CCL - CIL)
(616236)
(-) (-)",Jharkhand,"02/2020
(02/2020)","03/2029
(-)","414.37
(414.37)",85.6,32.83
66,"BLOCK E OCP
(BCCL - CIL)
(616253)
(-) (-)",Jharkhand,"03/2024
(03/2024)","03/2029
(-)","5850.83
(5850.83)",20.32,4.18
68,"North Dhadu Western Part OCP
(NLC India Limited [NLCIL])
(617764)
(-) (-)",Jharkhand,"10/2023
(12/2023)","03/2029
(-)","1354.2
(1354.2)",228.36,40
69,"AMADAND OCP[4.0MTY]
(SECL - CIL)
(400148)
(-) (-)",Madhya Pradesh,"03/2016
(03/2016)","03/2021
(03/2027)","869.44
(869.44)",324.92,75.15
70,"BLOCK B EXPANSION [3.5 TO 8.0
(NCL - CIL)
(400162)
(-) (-)",Madhya Pradesh,"07/2019
(07/2019)","03/2023
(03/2027)","998.71
(998.71)",684.46,51.08
71,"NIGAHI EXPANSION [15 TO 25 MTP
(NCL - CIL)
(400321)
(-) (-)",Madhya Pradesh,"11/2020
(11/2020)","03/2025
(03/2028)","1729.68
(1729.68)",968.37,53.73
72,"KANCHAN OC EXP
(SECL - CIL)
(613802)
(-) (-)",Madhya Pradesh,"12/2014
(12/2014)","03/2026
(03/2028)","371.04
(371.04)",150.83,58.2
73,"JHIRIA WEST OCP [1.5 MTY]
(SECL - CIL)
(613803)
(-) (-)",Madhya Pradesh,"01/2024
(01/2024)","03/2029
(-)","366.94
(366.94)",36.68,41.29
74,"RPR TAWA-III UG 0.84 MTY
(WCL - CIL)
(613804)
(-) (-)",Madhya Pradesh,"12/2021
(12/2021)","03/2027
(-)","314.09
(314.09)",17.9,17.78
75,"AMALGAMATED DHANKASA & JAMUNIA
(WCL - CIL)
(615185)
(-) (-)",Madhya Pradesh,"09/2022
(09/2022)","03/2027
(-)","399.2
(399.2)",117,67.13
76,"RPR OF VISHNUPURI UG TO OC
(WCL - CIL)
(615187)
(-) (-)",Madhya Pradesh,"11/2022
(11/2022)","03/2029
(-)","220.62
(220.62)",0,11.2
78,"SHARDA UG MINE
(WCL - CIL)
(615195)
(-) (-)",Madhya Pradesh,"07/2022
(09/2023)","03/2028
(-)","166.25
(166.25)",5.93,9.39
79,"GANDHIGRAM UG MINE
(WCL - CIL)
(615206)
(-) (-)",Madhya Pradesh,"08/2019
(08/2019)","03/2026
(03/2027)","414.15
(414.15)",22.16,56.88
80,"JAYANT EXPN. [20 TO 38 MTPA]
(NCL - CIL)
(619032)
(-) (-)",Madhya Pradesh,"02/2025
(02/2025)","03/2032
(-)","25560.48
(25560.5)",256.7,2.02
81,"RPR FOR RAMPUR BATURA OCP
(SECL - CIL)
(619053)
(-) (-)",Madhya Pradesh,"05/2025
(05/2025)","03/2030
(-)","1604.69
(1604.69)",75.23,0.3
82,"BHATADI EXPANSION OC
(WCL - CIL)
(400033)
(-) (-)",Maharashtra,"02/2020
(05/2022)","03/2028
(-)","580.61
(580.61)",112.17,33.91
83,"AMALGAMATED YEKONA I & YEKONA
(WCL - CIL)
(400177)
(-) (-)",Maharashtra,"08/2015
(08/2015)","03/2025
(03/2027)","727.28
(727.28)",564.25,80.77
84,"DINESH[MAKARDHOKRA-III] OC
(WCL - CIL)
(400178)
(-) (-)",Maharashtra,"02/2020
(02/2020)","03/2027
(-)","822.88
(822.88)",791.48,40.63
85,"DHUPTALA OC [SASTI UG TO OC ]
(WCL - CIL)
(400353)
(-) (-)",Maharashtra,"02/2019
(10/2021)","03/2028
(-)","711.01
(711.01)",174.66,19.02
86,"SAONER UG MINE -1 EXPANSION 1.
(WCL - CIL)
(615184)
(-) (-)",Maharashtra,"01/2022
(01/2022)","03/2028
(-)","228.64
(228.64)",157.02,69.33
87,"SASTI EXPANSION OPENCAST
(WCL - CIL)
(615186)
(-) (-)",Maharashtra,"08/2020
(08/2020)","03/2026
(03/2027)","319.04
(319.04)",153.78,32.21
89,"MAKARDHOKRA EXPN OC 4.9 MTY
(WCL - CIL)
(615189)
(-) (-)",Maharashtra,"06/2022
(06/2022)","03/2026
(03/2027)","361.87
(361.87)",104.17,12.2
90,"SINGHORI DEEP OC MIN 2.0 MTY
(WCL - CIL)
(615190)
(-) (-)",Maharashtra,"05/2022
(05/2022)","03/2029
(-)","335.75
(335.75)",53.34,9.64
91,"GOKUL EXTENSION OC MINE
(WCL - CIL)
(615192)
(-) (-)",Maharashtra,"04/2021
(04/2021)","03/2026
(03/2027)","309.58
(309.58)",62.31,8.44
92,"KOLGAON EXPANSION DEEP OC MINE
(WCL - CIL)
(615199)
(-) (-)",Maharashtra,"01/2023
(09/2023)","03/2027
(-)","198.71
(198.71)",25.08,2.82
93,"BALLARPUR NORTH WEST OC MINE
(WCL - CIL)
(615330)
(-) (-)",Maharashtra,"12/2022
(12/2022)","03/2029
(-)","360.81
(360.81)",26.97,5.35
94,"GADEGAON OC 3 MTY
(WCL - CIL)
(615331)
(-) (-)",Maharashtra,"10/2023
(10/2023)","03/2030
(-)","497.41
(497.41)",86.72,2.19
95,"GHONSA EXPANSION DEEP OC MINE
(WCL - CIL)
(615914)
(-) (-)",Maharashtra,"03/2021
(04/2021)","03/2029
(-)","184.71
(184.71)",15.72,12.98
96,"AMLG GAURI PAUNI EXPANSION OC
(WCL - CIL)
(615916)
(-) (-)",Maharashtra,"04/2024
(04/2024)","03/2030
(-)","1225.21
(1225.21)",91.83,4.21
97,"GAURIDEEP/GAURI CENTRAL OCP 7.
(WCL - CIL)
(615917)
(-) (-)",Maharashtra,"08/2023
(06/2024)","03/2030
(-)","973.07
(973.07)",1.55,2.31
98,"RPR OF BHANEGAON OC
(WCL - CIL)
(615918)
(-) (-)",Maharashtra,"02/2017
(09/2022)","03/2028
(-)","405.2
(405.2)",43.1,16.06
99,"N. EXTN. MUNGOLI NIRGUDA D OCP
(WCL - CIL)
(615919)
(-) (-)",Maharashtra,"06/2024
(06/2024)","03/2029
(-)","1024.91
(1024.91)",218.36,27.92
100,"NILJAI EXPANSION DEEP OCP
(WCL - CIL)
(615982)
(-) (-)",Maharashtra,"08/2016
(08/2016)","03/2022
(03/2027)","319.75
(319.75)",196.82,79.83
102,"AMALGAMATED INDER-KAMPTEE DEEP
(WCL - CIL)
(616050)
(-) (-)",Maharashtra,"09/2018
(09/2018)","03/2024
(03/2027)","235.9
(235.9)",128.23,98.97
103,"ADASA UG TO OC MINE
(WCL - CIL)
(616223)
(-) (-)",Maharashtra,"11/2018
(11/2018)","03/2024
(03/2027)","316
(316)",209.29,86.49
104,"AMAL GONDEGAON GHATROHANA EXPN
(WCL - CIL)
(616229)
(-) (-)",Maharashtra,"09/2024
(09/2024)","03/2029
(-)","668.54
(668.54)",2.95,2.55
105,"WAGHODA UG MINE [1.02 MTY]
(WCL - CIL)
(617233)
(-) (-)",Maharashtra,"01/2024
(01/2025)","03/2030
(-)","379.3
(379.3)",0,0.11
106,"KOLARPIMPRI EXPANSION OC [2.5
(WCL - CIL)
(617278)
(-) (-)",Maharashtra,"06/2024
(02/2025)","03/2030
(-)","630.37
(630.37)",0.61,0.4
107,"SAONER-III EXPN UG MINE 1.54
(WCL - CIL)
(619055)
(-) (-)",Maharashtra,"08/2025
(08/2025)","03/2032
(-)","444.42
(444.42)",0,0
110,"SUBHADRA OCP
(Mahanadi Coalfields Limited [MCL])
(400165)
(-) (-)",Odisha,"05/2021
(05/2021)","04/2032
(-)","1693.81
(1693.81)",1331.36,46.27
111,"SIARMAL OCP
(Mahanadi Coalfields Limited [MCL])
(400166)
(-) (-)",Odisha,"02/2021
(02/2021)","03/2029
(-)","5194.95
(5194.95)",3491.08,60.66
112,"BALARAM EXPANSION OCP
(Mahanadi Coalfields Limited [MCL])
(400183)
(-) (-)",Odisha,"08/2020
(08/2020)","03/2029
(-)","3504.21
(3504.21)",961.2,58.23
113,"GOPALJI KANIHA OCP [10 TO 30 M
(MCL - CIL)
(400185)
(-) (-)",Odisha,"04/2022
(04/2022)","03/2030
(-)","8416.19
(6107.87)",1776.83,35.69
114,"INTEGRATED LAKHANPUR-BELPAHAR-
(Mahanadi Coalfields Limited [MCL])
(400187)
(-) (-)",Odisha,"05/2018
(05/2018)","03/2027
(-)","2434.75
(2434.75)",2030.9,82.5
115,"BHARATPUR RE-ORGANIZATION OCP
(Mahanadi Coalfields Limited [MCL])
(400392)
(-) (-)",Odisha,"11/2018
(11/2018)","03/2029
(-)","2838.86
(2838.86)",1713.38,53.04
116,"Naini Coal Mine
(Singareni Collieries Company Limited [SCCL])
(615857)
(-) (-)",Odisha,"03/2020
(03/2020)","03/2026
(-)","494.3
(494.3)",491.33,80
117,"INTEGRATED KULDA GARJANBAHAL O
(MCL - CIL)
(616226)
(-) (-)",Odisha,"04/2023
(04/2023)","03/2033
(-)","3563.5
(3563.5)",652.7,10.24
118,"BHUBANESWARI EXPN OCP 50 MTY
(MCL - CIL)
(616231)
(-) (-)",Odisha,"03/2024
(03/2024)","03/2033
(-)","5366.27
(5366.27)",477.43,33.96
119,"HINGULA II OC EXPN PH III 15 M
(MCL - CIL)
(616232)
(-) (-)",Odisha,"11/2022
(11/2022)","03/2029
(-)","1561.85
(1561.85)",279.32,31.05
120,"BALABHADRA OCP
(MCL - CIL)
(616233)
(-) (-)",Odisha,"04/2023
(04/2023)","03/2030
(-)","978.44
(978.44)",251.55,18.21
121,"Talabira II & III OCP - FMC
(NLC India Limited [NLCIL])
(618982)
(-) (-)",Odisha,"10/2022
(05/2023)","06/2026
(12/2026)","522.45
(522.45)",324.74,73.65
122,"Jawahar Khani Open Cast Mine
(Singareni Collieries Company Limited [SCCL])
(615818)
(-) (-)",Telangana,"12/2021
(12/2021)","03/2025
(03/2027)","297.88
(297.88)",50.39,20
124,"Godavarikhani Coal Mine - 5
(Singareni Collieries Company Limited [SCCL])
(615860)
(-) (-)",Telangana,"07/2019
(05/2019)","03/2025
(03/2026)","607.04
(607.04)",200.83,71
126,"Goleti Opencast Mine
(Singareni Collieries Company Limited [SCCL])
(615862)
(-) (-)",Telangana,"07/2021
(08/2021)","03/2026
(-)","345.6
(345.6)",111.94,33
127,"Venkatesh Khani Coal Mine
(Singareni Collieries Company Limited [SCCL])
(615863)
(-) (-)",Telangana,"10/2020
(06/2020)","03/2026
(-)","484.5
(484.5)",477.14,97
129,"MOHANPUR EXPANSION OC -PHASE I
(ECL - CIL)
(400173)
(-) (-)",West Bengal,"11/2020
(11/2020)","03/2026
(03/2030)","888.99
(888.99)",143.29,31.52
130,"BONJEMEHARI EXPANSION OCP
(Eastern Coal Fields Limited [ECL])
(400180)
(-) (-)",West Bengal,"08/2021
(08/2021)","03/2026
(03/2030)","570.11
(570.11)",88.96,17.13
131,"NAKRAKONDA KUMARDIH- B OCP
(ECL - CIL)
(400181)
(-) (-)",West Bengal,"08/2018
(08/2018)","03/2029
(-)","502.68
(502.67)",88.9,28.58
132,"TILABONI UG
(ECL - CIL)
(400186)
(-) (-)",West Bengal,"01/2023
(01/2023)","03/2029
(-)","749.08
(749.07)",53.97,12.14
133,"JHANJRA EXPANSION UG
(Eastern Coal Fields Limited [ECL])
(400312)
(-) (-)",West Bengal,"04/2020
(04/2020)","03/2029
(-)","1210.12
(1210.12)",633.57,52.04
134,"SONEPUR BAZARI EXPANSION OCP [
(Eastern Coal Fields Limited [ECL])
(400315)
(-) (-)",West Bengal,"07/2021
(07/2021)","03/2029
(-)","5365.88
(5365.88)",628.22,18.5
135,"ITAPARA OCP
(ECL - CIL)
(612816)
(-) (-)",West Bengal,"12/2023
(12/2023)","03/2030
(-)","929.1
(929.1)",132.43,8.41
136,"SHYAMSUNDARPUR UG INCLUDING SA
(ECL - CIL)
(613793)
(-) (-)",West Bengal,"04/2020
(04/2020)","03/2026
(03/2028)","483.65
(483.65)",96.8,16.79
138,"PARASCOLE JAMBAD OCP
(ECL - CIL)
(616230)
(-) (-)",West Bengal,"11/2024
(11/2024)","03/2037
(-)","1193.55
(1193.55)",11.81,0.23
,Total (113),,,,182823.26,50030.39,
,Electricity Generation,,,,,,
141,"200 MW SPP part of 510 MW CPSU scheme
(NLC India Limited [NLCIL])
(618991)
(-) (-)",Gujarat,"07/2022
(03/2024)","12/2026
(-)","1221.41
(1221.41)",66.07,0
142,"100 MW SPP part of SECI 150 MW Hybrid
(NLC India Limited [NLCIL])
(618992)
(-) (-)",Gujarat,"07/2022
(04/2024)","12/2026
(-)","480.68
(480.68)",2.66,1.2
,Total (6),,,,36781.81,6166.01,
,Railways,,,,,,
145,"Dharamjaigarh-Korba
(Railway)
(400203)
(-) (-)",Chhattisgarh,"05/2018
(03/2017)","12/2026
(08/2026)","1686.22
(2438.53)",792.73,43.7
,Total (2),,,,3485.86,2505.92,
,Coal,,,,,,
147,"Tubed Coal Mine
(Damodar Valley Corporation)
(400192)
(-) (-)",Jharkhand,"07/2016
(10/2016)","05/2026
(05/2026)","1581
(1581)",616.91,36.5
,Total (2),,,,2083,1053.41,
,Electricity Generation,,,,,,
167,"Koderma Thermal Power Station Phase II [2X800 MW] At Koderma, Jharkhand
(Damodar Valley Corporation)
(611509)
(-) (-)",Jharkhand,"04/2023
(11/2024)","03/2029
(-)","14358
(14358)",2114.29,13.5
170,"Talcher Thermal Power Station Stage III [2 x 660 MW] Expansion
(National Thermal Power Corporation [NTPC])
(602961)
(-) (-)",Odisha,"08/2022
(09/2022)","05/2027
(05/2028)","11843.75
(12543)",6779.45,53.5
176,"Tapovan-Vishnugad HEP [4x130 MW]
(National Thermal Power Corporation [NTPC])
(602185)
(-) (-)",Uttarakhand,"11/2006
(11/2006)","03/2013
(04/2029)","2978
(10907.3)",7766.24,75.81
178,"Raghunathpur Thermal Power Station Phase II [2X660 MW] at Raghunathpur, Purulia,
West Bengal
(Damodar Valley Corporation)
(400062)
(-) (-)",West Bengal,"01/2023
(02/2025)","06/2029
(-)","17673
(17673)",2120.39,11.5
179,"Rammam-III HEPP [3x40 MW]
(National Thermal Power Corporation [NTPC])
(602184)
(-) (-)",West Bengal,"09/2014
(09/2014)","09/2019
(03/2029)","1381.84
(2865.56)",1617.53,57.1
180,"Installation of FGD for 4x210 & 2x250 MW MTPS U 1-6
(Damodar Valley Corporation)
(602538)
(-) (-)",West Bengal,"06/2019
(02/2021)","01/2024
(05/2026)","1037
(1106)",1138.42,97
,Total (32),,,,314074.05,136477.31,
,Transmission & Distribution,,,,,,
182,"North Eastern Region Expansion Scheme-XXIII [NERES-XXIII]
(Power Grid Corporation of India Limited [POWERGRID])
(617375)
(-) (-)",Arunachal Pradesh,"08/2025
(08/2025)","02/2028
(-)","209.38
(209.38)",3.14,1.56
183,"Transmission system for evacuation of Power from REZ in Rajasthan [20 GW] under
phase-III Part-D Phase-II
(Power Grid Corporation of India Limited [POWERGRID])
(615336)
(-) (-)",Delhi,"11/2023
(10/2024)","02/2026
(12/2026)","284
(284)",78.5,33.63
184,"Transmission system for Evacuation of Additional 7 GW RE power from Khavda RE
park under Phase-III Part B [Vataman Transmission Limited]
(Power Grid Corporation of India Limited [POWERGRID])
(612139)
(-) (-)",Gujarat,"12/2023
(12/2023)","12/2025
(12/2026)","4231
(4231)",3175.78,70.87
185,"Transmission System for Evacuation of Power from Potential Energy Renewable Zone
in Khavda Area of Gujarat under Ph-IV [7GW] Part E2
(Power Grid Corporation of India Limited [POWERGRID])
(612855)
(-) (-)",Gujarat,"05/2024
(05/2024)","05/2026
(06/2026)","697
(697)",573.07,82
186,"Augmentation of Transformation Capacity at jam Khambhaliya PS [GIS] [SPV Name
POWERGRID Jam Khambhaliya Transmission Limited]
(Power Grid Corporation of India Limited [POWERGRID])
(615342)
(-) (-)",Gujarat,"10/2024
(10/2024)","07/2026
(04/2027)","329
(329)",51.98,18
187,"Provision of Dynamic Reactive Compensation at Khavda pooling Station 1 [KPS1] and
Khavda Pooling station 3 [KPS3]
(Power Grid Corporation of India Limited [POWERGRID])
(615343)
(-) (-)",Gujarat,"11/2024
(11/2024)","11/2026
(-)","501
(501)",25.05,8.67
188,"Transmission System for Evacuation of Power from Potential Renewable Energy Zone
in Khavda area of Gujarat under Phase-IV [7GW] Part B [SPV Name POWERGRID
South Olpad Transmission Limited]
(Power Grid Corporation of India Limited [POWERGRID])
(615345)
(-) (-)",Gujarat,"10/2024
(10/2024)","10/2026
(10/2027)","4766
(4766)",2111.34,36.57
189,"Augmentation of Transformation Capacity at KPS1 [GIS] and KPS2 [GIS] [Phase-V
Part B1 and Part B2 Scheme] [SPV Name- POWERGRID KPS1 and 2 Augmentation
Transmission Limited]
(Power Grid Corporation of India Limited [POWERGRID])
(617069)
(-) (-)",Gujarat,"02/2025
(02/2025)","02/2027
(-)","466
(466)",143.48,37
190,"Augmentation of Banaskantha [Raghanesda] PS [GIS] [POWERGRID Banaskantha
Transco Limited]
(Power Grid Corporation of India Limited [POWERGRID])
(617182)
(-) (-)",Gujarat,"03/2025
(03/2025)","03/2027
(-)","172
(172)",58.48,39
191,"Augmentation of Transformation Capacity at Bhuj-II PS [GIS]
(Power Grid Corporation of India Limited [POWERGRID])
(617391)
(-) (-)",Gujarat,"02/2025
(02/2025)","11/2026
(06/2027)","488.29
(488.29)",9.76,4.5
192,"Jamnagar Transmission Limited
(Adani Transmission Limited)
(617405)
(-) (-)",Gujarat,"NA
(10/2024)","10/2026
(-)","4000
(4000)",553,19
193,"Provision of ICT Augmentation & Bus Reactor at Bhuj-II PS
(Power Grid Corporation of India Limited [POWERGRID])
(617801)
(-) (-)",Gujarat,"03/2025
(03/2025)","12/2026
(06/2027)","581.74
(581.74)",17.45,6
194,"KPSIII HVDC Transmission Limited
(Adani Transmission Limited)
(619026)
(-) (-)",Gujarat,"NA
(12/2025)","12/2029
(-)","19000
(19000)",20,1
195,"Transmission System for Reliable Power Supply to Dholera
(Power Grid Corporation of India Limited [POWERGRID])
(619029)
(-) (-)",Gujarat,"09/2024
(09/2024)","03/2026
(12/2026)","319.42
(319.42)",63.88,31
196,"Khavda IVA Power Transmission Limited
(Adani Transmission Limited)
(619049)
(-) (-)",Gujarat,"08/2024
(08/2024)","08/2026
(-)","4500
(4500)",2332.7,60
197,"Transmission Scheme for evacuation of Power from Ratle HEP [850 MW] & kiru [624
MW] Part B
(Power Grid Corporation of India Limited [POWERGRID])
(617179)
(-) (-)","Jammu and
Kashmir","07/2024
(07/2024)","07/2026
(06/2027)","218.6
(218.6)",3.72,1.7
199,"Transmission Scheme for Integration of Renewable Energy Zone [Phase II] in Koppal
II [Phase A&B] and gadag II[Phase A] in Karnataka [POWERGRID KOPPAL GADAG
TRANSMISSION LIMITED]
(Power Grid Corporation of India Limited [POWERGRID])
(612140)
(-) (-)",Karnataka,"12/2023
(12/2023)","12/2025
(09/2026)","4445
(4445)",3958.72,92.35
201,"Augmentation of Transformation Capacity by 3x500 MVA, 400/220 KV ICTS [6th-8th]
and 1x1500 MVA, 765/400 KV ICT [4th] at Bidar PS [SPV Name- POWERGRID Bidar
Augmentation Transmission Limited]
(Power Grid Corporation of India Limited [POWERGRID])
(617068)
(-) (-)",Karnataka,"02/2025
(02/2025)","06/2027
(-)","288
(288)",20.16,18
202,"Transmission Scheme for integration of Davanagere/ Chitradurga and Bellary REZ in
Karnataka [POWERGRID Chitradurga Bellary REZ Transmission Limited]
(Power Grid Corporation of India Limited [POWERGRID])
(617184)
(-) (-)",Karnataka,"03/2025
(03/2025)","09/2027
(-)","3453
(3453)",483.42,21.31
203,"Transmission System Strengthening at Davanagere for Integration of RE Generation
[SPV Name - POWERGRID Davanagere Power Transmission Limited]
(Power Grid Corporation of India Limited [POWERGRID])
(617803)
(-) (-)",Karnataka,"09/2025
(09/2025)","09/2027
(-)","379
(379)",17.06,2.5
204,"Transmission System Strengthening for integration of additional RE Potential at
Davanagere [0.25 GW] and Bellary [2.75 GW]
(Power Grid Corporation of India Limited [POWERGRID])
(619228)
(-) (-)",Karnataka,"02/2026
(02/2026)","02/2028
(-)","1111
(1111)",13.44,1
205,"Augmentation of 1x500 MVA 400/220kV ICT [3rd] at Thrissur VSC HVDC Station in
Kerala
(Power Grid Corporation of India Limited [POWERGRID])
(619028)
(-) (-)",Kerala,"08/2025
(08/2025)","08/2027
(-)","173.14
(173.14)",2.08,1.5
206,"Transmission System for Evacuation of Power from Rajasthan REZ Ph-IV [Part-2
5.5GW] [Jaisalmer/Barmer Complex] Part H1 [POWERGRID KURAWAR
TRANSMISSION LIMITED]
(Power Grid Corporation of India Limited [POWERGRID])
(615344)
(-) (-)",Madhya Pradesh,"10/2024
(10/2024)","10/2026
(06/2027)","3674
(3674)",1637.5,45.5
207,"Transmission System for Evacuation of Power from Rajasthan REZ Ph-IV [Part-2 5.5
GW] [Jaisalmer/Barmer Complex] Part C [SPV Name POWERGRID Mandsaur
Transmission Limited]
(Power Grid Corporation of India Limited [POWERGRID])
(615346)
(-) (-)",Madhya Pradesh,"08/2024
(08/2024)","08/2026
(02/2027)","2708
(2708)",1570.64,70.96
208,"Implementation of LILO of both circuits of 400KV vindhyachal PS-Sasan D/C Line at
Hindalco Switchyard
(Power Grid Corporation of India Limited [POWERGRID])
(617272)
(-) (-)",Madhya Pradesh,"06/2024
(06/2024)","12/2026
(-)","370
(370)",129.5,52.14
209,"Transmission System for evacuation of power from Mahan Energen Limited
Generating Station in Madhya Pradesh [SPV Name - POWERGRID MEL Power
Transmission Limited]
(Power Grid Corporation of India Limited [POWERGRID])
(617279)
(-) (-)",Madhya Pradesh,"06/2025
(06/2025)","12/2027
(-)","558
(558)",180.9,15.11
210,"Augmentation of Transformation Capacity and Implementation of Line Bays at
Mandsaur S/S for RE Interconnection [SPV Name- POWERGRID Mandsaur I RE
Transmission Limited]
(Power Grid Corporation of India Limited [POWERGRID])
(617802)
(-) (-)",Madhya Pradesh,"10/2025
(10/2025)","03/2028
(-)","319
(319)",16.3,2.5
211,"Mahan Transmission Limited
(Adani Transmission Limited)
(619024)
(-) (-)",Madhya Pradesh,"03/2025
(03/2025)","04/2027
(-)","3125.32
(3125.32)",317.79,18
212,"Transmission System for Evacuation of power from Potential RE Zone in Khavda Area
of Gujarat under phase IV 7GW-Part E4
(Power Grid Corporation of India Limited [POWERGRID])
(611966)
(-) (-)",Maharashtra,"11/2023
(11/2023)","07/2025
(05/2026)","224.41
(224.41)",224.41,100
213,"WRNES Talegaon Power Transmission Limited
(Adani Transmission Limited)
(619027)
(-) (-)",Maharashtra,"NA
(05/2025)","01/2028
(-)","2000
(2000)",18,5
214,"Network Expansion Scheme in Maharashtra for removal of Transmission constraints in
Pune Region-I [765/400kV AIS Pune East]
(Power Grid Corporation of India Limited [POWERGRID])
(619227)
(-) (-)",Maharashtra,"03/2026
(03/2026)","03/2028
(-)","1420
(1420)",7.95,0.5
236,"Transmission system for evacuation of power from REZ in Rajasthan 20 GW under
Phase-III part C1
(Power Grid Corporation of India Limited [POWERGRID])
(611949)
(-) (-)",Rajasthan,"10/2023
(10/2023)","04/2025
(05/2026)","1160
(1160)",1148.4,99.67
237,"Transmission System for Evacuation of power from Rajasthan REZ Ph-IV [Part-1]
[Bikaner Complex] Part A [Bikaner Neemrana Transmission Ltd]
(Power Grid Corporation of India Limited [POWERGRID])
(612134)
(-) (-)",Rajasthan,"12/2023
(12/2023)","12/2025
(12/2026)","4741
(4741)",3887.62,77.65
238,"Transmission System for Evacuation of Power from Rajasthan REZ Ph-IV [Part-2 5.5
GW][Jaisalmer/Barmer Complex] Part B [SPV Name POWERGRID Sirohi
Transmission Limited]
(Power Grid Corporation of India Limited [POWERGRID])
(615332)
(-) (-)",Rajasthan,"08/2024
(08/2024)","08/2026
(03/2027)","3279
(3279)",1790.99,52.83
239,"Transmission System Strengthening for Interconnections of Bhadla-III & Bikaner III
Complex [SPV Name POWERGRID BHADLA BIKANER TRANSMISSION LIMITED]
(Power Grid Corporation of India Limited [POWERGRID])
(615335)
(-) (-)",Rajasthan,"08/2024
(08/2024)","08/2026
(03/2027)","1382
(1382)",590.11,48.83
240,"Additional Transmission System for evacuation of Power from Bhadla-III PS as part of
Rajasthan REZ Phase III Scheme [20 GW] [SPV Name POWERGRID Bhadla-III
Power Transmission Limited]
(Power Grid Corporation of India Limited [POWERGRID])
(615337)
(-) (-)",Rajasthan,"08/2024
(08/2024)","02/2026
(09/2026)","369
(369)",228.78,82.1
241,"TRANSMISSION SYSTEM FOR EVACUATION OF POWER FROM RAJASTHAN
REZ PH -IV [PART-2 5.5 GW] [JAISALMER/BARMER COMPLEX] PART F [SPV
Name POWERGRID BARMER I TRANSMISSION LIMITED]
(Power Grid Corporation of India Limited [POWERGRID])
(615338)
(-) (-)",Rajasthan,"11/2024
(11/2024)","11/2026
(06/2027)","2735
(2735)",1100.29,43
242,"Augmentation at Fatehgarh-II PS, Fatehgarh-IV PS [Section-II] and Barmer-I PS
[POWERGRID Fatehgarh Barmer Augmentation Transmission Limited]
(Power Grid Corporation of India Limited [POWERGRID])
(617181)
(-) (-)",Rajasthan,"03/2025
(03/2025)","12/2026
(06/2027)","404
(404)",29.61,16.4
243,"Transmission System under ISTS for evacuation of Power from Kudankulam Unit-3&4
[2x1000 MW] [SPV Name POWERGRID Kudankulam Tarnsmission Limited]
(Power Grid Corporation of India Limited [POWERGRID])
(616671)
(-) (-)",Tamil Nadu,"01/2025
(01/2025)","12/2026
(03/2027)","548
(548)",208.24,20.49
244,"Transmission System for Strengthening to facilitate evacuation of power from
Bhadla/Bikaner Complex
(Power Grid Corporation of India Limited [POWERGRID])
(617269)
(-) (-)",Uttar Pradesh,"12/2024
(12/2024)","06/2026
(12/2026)","212.81
(212.81)",9.98,11.17
,Total (64),,,,197615.23,65919.46,
,Construction,,,,,,
,Total (1),,,,644,175.79,
247,"Redevelopment of Seven General Pool Residential Accommodation [GPRA] Colonies
in Delhi
(National Buildings Construction Corporation [NBCC])
(400188)
(-) (-)",Delhi,"07/2016
(05/2018)","12/2025
(12/2025)","32850
(32841)",14370.45,46.7
,Total (4),,,,33749.85,15088,
,Urban Public Transport,,,,,,
251,"Delhi Metro Rail Phase-IV [2 Corridors]
(Delhi Metro Rail Corporation Limited [DMRC])
(617207)
(-) (-)",Delhi,"03/2024
(03/2024)","03/2029
(-)","8399.81
(8399.81)",156.69,4.29
252,"Delhi Metro Rail Phase V A
(Delhi Metro Rail Corporation Limited [DMRC])
(619031)
(-) (-)",Delhi,"01/2026
(01/2026)","12/2028
(-)","12014.91
(12014.9)",253.96,5.63
253,"DMRTS Phase - IV [3 Priority Corridors]
(Delhi Metro Rail Corporation Limited [DMRC])
(702632)
(-) (-)",Delhi,"07/2019
(07/2019)","03/2025
(12/2026)","24948.65
(24948.7)",21041.39,82.2
255,"Metro connectivity from Millennium City Centre to Cyber City with Spur to Dwarka
Expressway, Gurugram.
(Gurugram Metro Rail Limited [GMRL])
(619022)
(-) (-)",Haryana,"07/2023
(08/2024)","07/2027
(-)","5452.72
(5452.72)",159.67,4.3
262,"PCMC To Nigdi- Extension Of North South Corridor Of Phase-1
(Maharashtra Metro Rail Corporation Limited [MMRCL])
(617225)
(-) (-)",Maharashtra,"10/2023
(10/2023)","01/2027
(-)","910.18
(960.18)",309.65,47.17
263,"Pune Metro Phase-1 Extension line towards south from Swargate to Katraj
(Maharashtra Metro Rail Corporation Limited [MMRCL])
(617226)
(-) (-)",Maharashtra,"09/2024
(09/2024)","03/2029
(-)","2954.53
(2954.53)",88.81,6.2
269,"Mumbai Metro Line 3
(Mumbai Metro Rail Corporation Limited [MMRC])
(702637)
(-) (-)",Maharashtra,"07/2013
(06/2016)","03/2023
(08/2025)","23136
(37276)",33648.26,97.86
,Total (29),,,,307834.71,172729.8,
,Waste & Water,,,,,,
,Total (16),,,,3986.5,3150.88,
,Construction,,,,,,
,Total (1),,,,255.37,98.92,
,Metals & Mining,,,,,,
297,"Expansion of Alumina Refinery Plant with addition of 5th Stream having capacity
enhancement of 1.0 Million Tonee Per Annum
(National Aluminium Company Limited [NALCO])
(400141)
(-) (-)",Odisha,"04/2017
(04/2017)","12/2022
(06/2026)","4103
(5677.4)",4985.07,95.2
299,"SOURCING OF BAUXITE ARRANGEMENT FOR 5TH STREAM ALUMINA
REFINERY FROM SOUTH BLOCK MINING LEASE OF PANCHPATMAILI MINES
(National Aluminium Company Limited [NALCO])
(709831)
(-) (-)",Odisha,"11/2017
(11/2019)","05/2025
(06/2026)","483
(483)",451.7,93.1
,Total (5),,,,7989.36,7351.9,
,Department of Higher Education,,,,,,
,Education,,,,,,
301,"Construction of Permanent Campus of Central Tribal University of Andhra Pradesh
Phase-1
(Central Tribal University of Andhra Pradesh)
(613008)
(-) (-)",Andhra Pradesh,"09/2019
(12/2023)","06/2027
(-)","305
(305)",67.73,44.5
302,"Construction of Permanent Campus of National Institute of Technology Arunachal
Pradesh
(National Institute of Technology, Arunachal Pradesh)
(612898)
(-) (-)",Arunachal Pradesh,"09/2009
(03/2013)","08/2026
(08/2024)","592.61
(592.61)",551.3,80
304,"Additional Campus of NITPatna
(NIT Patna)
(606013)
(-) (-)",Bihar,"07/2022
(08/2022)","07/2024
(01/2026)","499.21
(499.21)",449.96,98.6
305,"Phase B Construction of Permanent Campus of IIT Bhilai
(Indian Institute of Technology, Bhilai)
(617877)
(-) (-)",Chhattisgarh,"05/2025
(01/2026)","10/2028
(-)","1188.97
(1188.97)",0,0
306,"Phase 1B - Construction of Academic Block, Hostel, Residential Tower, Directors
Residence and External Development works at National Institute of Technology, Delhi
Campus on Engineering, Procurement and Construction basis
(National Institute of Technology Delhi)
(612851)
(-) (-)",Delhi,"09/2009
(11/2022)","09/2025
(01/2026)","333.49
(336.42)",327.26,99.9
307,"Delhi University Eastern Campus at Surajmal Vihar
(Delhi University)
(616886)
(-) (-)",Delhi,"09/2024
(03/2025)","10/2026
(-)","373
(373)",30.13,13
308,"Construction of permanent campus of Central University of Gujarat at Village
kundhela, Dist. Vadodara, Gujarat.
(Central University of Gujarat)
(612916)
(-) (-)",Gujarat,"12/2020
(02/2021)","03/2025
(03/2026)","490.63
(490.63)",339.4,86
309,"Establishment of Permanent campus Phase 1 of IIM Sirmaur
(Indian Institute of Management, Sirmaur)
(602099)
(-) (-)",Himachal Pradesh,"09/2018
(08/2020)","10/2023
(06/2026)","392.51
(454.78)",338.83,98.3
310,"Hostel blocks & dining hall block
(Indian Institute of Technology, Mandi)
(612128)
(-) (-)",Himachal Pradesh,"03/2023
(03/2024)","03/2026
(07/2026)","166.66
(166.66)",122.26,84
311,"Construction of Permanent Campus of Central University of Himachal Pradesh at
Dehra, District - Kangra, [H.P.] on Engineering. Procurement and Construction [EPC
Mode 1] Basis.
(Central University, Himachal Pradesh)
(612894)
(-) (-)",Himachal Pradesh,"03/2021
(08/2022)","11/2024
(03/2026)","251.98
(300.45)",223.6,86
312,"Construction of Permanent Campus for IIM Jammu Phase-1 at Jagti, Nagrota,
Jammu, J&K
(Indian Institute of Management, Jammu)
(602098)
(-) (-)","Jammu and
Kashmir","03/2019
(10/2020)","06/2023
(11/2025)","424.93
(500.91)",484.52,96
313,"CONSTRUCTION OF PERMANENT CAMPUS FOR IIT PALAKKAD UNDER PHASE
1A
(INDIAN INSTITUTE OF TECHNOLOGY PALAKKAD)
(606431)
(-) (-)",Kerala,"07/2017
(03/2020)","06/2022
(06/2026)","1006.45
(1217.4)",686.2,86.5
314,"Phase B of Construction of Permanent Campus of IIT Palakkad
(INDIAN INSTITUTE OF TECHNOLOGY PALAKKAD)
(617878)
(-) (-)",Kerala,"05/2025
(01/2026)","10/2028
(-)","1527
(1527)",9.8,0
315,"Phase III A works at IIT Indore [03 Hostels, 01 Studio Apartment, 01 Housing, Heavy
& Sophisticated lab complex, Academic POD and Infrastructure for center of
excellence]
(Indian Institute of Technology, Indore)
(611957)
(-) (-)",Madhya Pradesh,"12/2023
(04/2024)","02/2027
(-)","496.28
(496.28)",97.35,65
316,"Construction and Developement of National Institute of Technology Meghalaya
Permanent Campus at Sohra
(National Institute of Technology, Meghalaya)
(612885)
(-) (-)",Meghalaya,"09/2009
(09/2014)","03/2022
(10/2026)","494.52
(429.7)",368.98,96
317,"Construction of Permanent Campus for NIT Mizoram at Lengpui, Aizawl
(NIT Mizoram)
(612876)
(-) (-)",Mizoram,"09/2009
(06/2014)","12/2029
(03/2022)","474.23
(474.23)",167.55,4
318,"Establishment of NIT Nagaland
(NIT Nagaland)
(613013)
(-) (-)",Nagaland,"09/2009
(12/2014)","12/2025
(-)","275.63
(275.63)",263.25,98
319,"IISER BERHAMPUR
(Indian Institutes of Science Education and Research, Behrampur)
(610315)
(-) (-)",Odisha,"10/2018
(09/2019)","03/2021
(06/2026)","1229.32
(843.09)",874.09,98.5
320,"Construction of IIT Bhubaneswar -Phase III
(Indian Institute of Technology, Bhubaneshwar)
(611961)
(-) (-)",Odisha,"02/2024
(05/2024)","11/2026
(-)","454.27
(454.27)",101.36,9.2
321,"1000 seater Boys hostel, 500 seater Girls hostel, 1.5 MLD Sewage Treatment Plant
and Faculty Residence - 72 nos. Flats
(NIT Rourkela)
(619033)
(-) (-)",Odisha,"09/2023
(01/2024)","06/2026
(-)","198.97
(198.97)",51.73,47
322,"Establishment of NIT Puducherry Permanent Campus [Phase-I and Phase-II]
(National Institute of Technology, Puducherry)
(612877)
(-) (-)",Puducherry,"09/2009
(07/2013)","12/2024
(05/2026)","618.34
(544.34)",543.74,99.5
323,"Construction of Permanent Campus of Indian Institute of Management [IIM] Amritsar,
Punjab, Phase-I
(Indian intitue of Management, Amritsar)
(605292)
(-) (-)",Punjab,"10/2019
(07/2020)","06/2023
(11/2026)","348.31
(348.31)",293.24,91.7
324,"Construction of Girls Hostel 400 seater, Boys Hostel 600 seater, Academic Block,
International Hostel 100 seater, VC Residence and Purchase of Equipment
(Central University of Punjab)
(617221)
(-) (-)",Punjab,"08/2024
(04/2025)","10/2027
(-)","210.99
(210.99)",81.06,48
325,"Construction of Sikkim University Campus Phase-I Package-II at Yangang, South
Sikkim
(Sikkim University)
(609736)
(-) (-)",Sikkim,"08/2020
(01/2022)","01/2025
(03/2026)","314.06
(351.74)",292,96
326,"Establishment of Permanent Campus of NIT SIkkim at Khamdong-Gangtok District
(NIT Sikkim)
(612883)
(-) (-)",Sikkim,"02/2024
(03/2024)","02/2028
(12/2026)","685.76
(610.76)",283.56,37.6
327,"Construction of Precast housing and hostels at IIT Hyderabad
(Indian Institute of Technology, Hyderabad)
(609996)
(-) (-)",Telangana,"09/2022
(11/2022)","10/2024
(01/2026)","262
(262)",216.1,89.11
328,"Banaras Hindu University [ Kayakalp of Institute of Medical Sciences]
(Banaras Hindu University)
(606479)
(-) (-)",Uttar Pradesh,"06/2020
(06/2020)","09/2022
(03/2026)","246
(246)",209.68,99
329,"Construction & Development of Infrastructural Facilities in the main campus of NIT
Uttarakhand at Sumari, Pauri Garhwal
(National Institute of Technology Uttarakhand)
(611963)
(-) (-)",Uttarakhand,"06/2020
(04/2024)","09/2027
(-)","650.85
(650.85)",391.87,62
,Total (30),,,,15165.68,8423.25,
,Department of Sports,,,,,,
,Education,,,,,,
331,"National Sports University [NSU], Imphal [Manipur]
(Department of Sports & Youth Affairs)
(400081)
(-) (-)",Manipur,"06/2022
(01/2022)","08/2024
(08/2026)","906.47
(611.74)",576.37,97.25
,Total (1),,,,906.47,576.37,
,Energy Storage,,,,,,
332,"Construction of LPG Facilities at Kamardanga, Assam
(Hindustan Petroleum Corporation Limited)
(709754)
(-) (-)",Assam,"03/2023
(03/2023)","07/2027
(07/2027)","156.36
(156.36)",109.34,79.8
333,"Setting up of new rail fed POL facility at Kamardanga, Assam
(Hindustan Petroleum Corporation Limited [HPCL])
(709755)
(-) (-)",Assam,"03/2023
(03/2023)","07/2027
(07/2027)","384.04
(384.04)",235.27,85.5
343,"Petrochemical evacuation marketing terminal at Barmer, Rajasthan
(Hindustan Petroleum Corporation Limited [HPCL])
(709759)
(-) (-)",Rajasthan,"12/2023
(12/2023)","12/2026
(12/2026)","461.05
(461.05)",235.1,95.8
,Total (14),,,,36838.3,32754.43,
,Oil & Gas,,,,,,
348,"HP-COAT [Crude to Olefins and Aromatics Technology] demo unit at Visakh Refinery
(Hindustan Petroleum Corporation Limited)
(709752)
(-) (-)",Andhra Pradesh,"09/2021
(09/2021)","06/2024
(02/2027)","160
(220)",152.82,93.5
359,"Power Recovery Turbine [PRT] in PFCCU unit as an Energy Conservation Scheme
(NRL)
(709865)
(-) (-)",Assam,"04/2023
(04/2023)","12/2024
(12/2026)","293.5
(293.5)",81.84,99
366,"Redevelopment of Sobhasan Complex
(Oil and Natural Gas Corporation Limited [ONGC])
(400087)
(-) (-)",Gujarat,"08/2021
(08/2021)","03/2027
(03/2027)","885.63
(1347.61)",1037.37,94.3
367,"Redevelopment of Santhal Field [Onshore-Mehsana Asset]
(Oil and Natural Gas Corporation Limited [ONGC])
(400167)
(-) (-)",Gujarat,"02/2017
(02/2017)","03/2026
(12/2026)","1162.56
(1162.56)",1117.8,96.8
372,"Restoration of Gas Terminal, Phase-I [Part-A], Hazira
(Oil and Natural Gas Corporation Limited [ONGC])
(709840)
(-) (-)",Gujarat,"05/2022
(05/2022)","02/2025
(07/2026)","249.43
(249.43)",218.03,97.5
373,"Old Pipe Line Replacement [OPRP] Group-A
(Oil and Natural Gas Corporation Limited [ONGC])
(709841)
(-) (-)",Gujarat,"07/2021
(07/2021)","07/2025
(07/2026)","173.03
(169.84)",167.98,94.5
375,"Revamping of SV Stations, Gas Terminal & Kribhco Terminal
(Oil and Natural Gas Corporation Limited [ONGC])
(709845)
(-) (-)",Gujarat,"11/2022
(11/2022)","08/2026
(08/2026)","837.34
(837.34)",451.61,70.1
377,"Poly Butadiene Rubber plant at Panipat
(Indian Oil Corporation Limited [IOCL])
(611917)
(-) (-)",Haryana,"03/2022
(03/2022)","03/2025
(12/2026)","1459
(2531.44)",1643.7,88.7
378,"Change of service of existing Mundra-Panipat Pipeline [Panipat - Churwa section]
from Crude oil to Product
(IOCL)
(619196)
(-) (-)",Haryana,"05/2025
(05/2025)","04/2027
(03/2027)","359
(359)",40.86,39.6
382,"Development of Jharia CBM Block [Phase-1]
(Oil and Natural Gas Corporation Limited [ONGC])
(610984)
(-) (-)",Jharkhand,"11/2019
(11/2019)","01/2024
(07/2026)","431
(431)",267.59,66.1
399,"POL & LOBS Installations with Receipt Pipelines at Rasayani
(Bharat Petroleum Corporation Limited [BPCL])
(709797)
(-) (-)",Maharashtra,"05/2023
(05/2023)","05/2026
(09/2026)","2585
(2585)",1416.51,85.4
413,"Life Extension of 48 well platforms of Mumbai High & Heera Fields
(Oil and Natural Gas Corporation Limited [ONGC])
(400119)
(-) (-)",Offshore,"12/2015
(12/2015)","04/2018
(10/2026)","3190.69
(3375.9)",3123.2,90
423,"Laying of new 28 inch Desal Water Pipeline and 10 inch Reject Water Pipeline
between CPCL Manali Refinery and CPCL Desalination plant at Ennore
(Chennai Petroleum Corporation Limited [CPCL])
(709750)
(-) (-)",Tamil Nadu,"01/2024
(01/2024)","09/2025
(12/2026)","205
(205)",114.87,74.8
426,"Creation of Gas Dehydration Facilities, Tripura Asset
(Oil and Natural Gas Corporation Limited [ONGC])
(709837)
(-) (-)",Tripura,"03/2022
(03/2022)","05/2024
(08/2026)","209.33
(131.51)",79.98,70.5
,Total (91),,,,362124.04,386636.12,
,Healthcare,,,,,,
437,"AIIMS Darbhanga
(PMSSY AND Institute of NATIONAL Importance)
(701172)
(-) (-)",Bihar,"09/2020
(09/2020)","09/2024
(-)","1264
(1264)",27.81,0
448,"Setting up IT Infrastructure including Network Security and Hosting at AIIMS, New
Delhi
(PMSSY AND Institute of NATIONAL Importance)
(617882)
(-) (-)",Delhi,"09/2025
(09/2025)","09/2026
(-)","358.19
(358.19)",53.73,35
449,"Redevelopment of Residential colonies at Ayur Vigyan Nagar and West Ansari Nagar
campuses of AIIMS, New Delhi
(PMSSY AND Institute of NATIONAL Importance)
(617883)
(-) (-)",Delhi,"10/2016
(06/2022)","06/2027
(-)","4441
(4441)",44.44,57
450,"AIIMS Rajkot
(PMSSY AND Institute of NATIONAL Importance)
(701170)
(-) (-)",Gujarat,"01/2019
(01/2019)","03/2026
(12/2026)","1195
(1195)",793.03,93.85
453,"AIIMS Majra Rewari Haryana
(PMSSY AND Institute of NATIONAL Importance)
(701173)
(-) (-)",Haryana,"02/2019
(02/2019)","12/2026
(12/2026)","1299
(1646.43)",717.42,64.85
454,"AIIMS Kashmir at Awantipora Jammu & Kashmir
(PMSSY AND Institute of NATIONAL Importance)
(701167)
(-) (-)","Jammu and
Kashmir","01/2019
(03/2019)","12/2025
(12/2026)","1828
(2160.84)",1594.22,78
468,"ALL India Institute of Medical Sciences-AIIMS Madurai
(PMSSY AND Institute of NATIONAL Importance)
(701168)
(-) (-)",Tamil Nadu,"12/2018
(12/2018)","08/2022
(10/2026)","1264
(2021.51)",522.72,52
469,"AIIMS Bibinagar
(PMSSY AND Institute of NATIONAL Importance)
(701171)
(-) (-)",Telangana,"12/2018
(07/2022)","06/2026
(06/2026)","1028
(1365.95)",989.98,87.32
,Total (35),,,,20308.19,10433.53,
,Healthcare,,,,,,
,Total (9),,,,2299.24,1160.08,
,Inland Waterways,,,,,,
,Total (1),,,,5369.18,4117.61,
,Shipping,,,,,,
482,"Development of Container Terminal at Tuna-Tekra, Deendayal Port on BOT Basis
Under PPP Mode
(Deendayal Port Trust)
(609424)
(-) (-)",Gujarat,"10/2022
(03/2024)","03/2027
(09/2027)","4243.64
(4243.64)",2481,60
484,"Mechanization of Berth No.14 for handling Containers and other cargo on DBFOT
basis - Phase II
(New Mangalore Port Authority)
(617804)
(-) (-)",Karnataka,"12/2023
(06/2024)","03/2027
(-)","153.23
(153.23)",97.45,95
486,"Deepening and Optimization of Inner Harbour facilities including development of
Western Dock on BOT basis to handle Cape size vessels
(Paradip Port Trust [PPT])
(701574)
(-) (-)",Odisha,"05/2022
(01/2023)","12/2027
(10/2028)","3004.63
(3004.63)",2244.12,74
487,"Integrated development of Outer Container Terminal and berth No. 1 though 5 NSD at
KDS, SMPK on DBFOT basis through PPP mode
(Syama Prasad Mookerjee Port Kolkata)
(619229)
(-) (-)",West Bengal,"03/2025
(02/2027)","08/2028
(-)","832.25
(832.25)",0,0
,Total (6),,,,14404.75,10971.96,
,"Tourism, Hospitality & Wellness",,,,,,
488,"National Maritime Heritage Complex [NMHC] Phase-I
(Indian Port Rail & Ropeway Corporation Ltd. [IPRCL])
(707215)
(-) (-)",Gujarat,"02/2019
(01/2022)","03/2024
(03/2026)","573
(1238.05)",636.91,78.92
,Total (1),,,,573,636.91,
,Department for Promotion of Industry & Internal Trade,,,,,,
,Logistics Infrastructure,,,,,,
489,"Integrated Multi Modal Logistics Hub at Nangal Chaudhary in Haryana - Other Trunk
Infrastructure Development Phase 1
(National Highways & Infrastructure Development Corporation Ltd. [NHIDCL])
(707410)
(-) (-)",Haryana,"05/2018
(12/2021)","12/2023
(05/2028)","763
(763)",430,60
,Total (1),,,,763,430,
490,"Orvakal Industrial Area
(NICDC)
(617727)
(-) (-)",Andhra Pradesh,"08/2024
(10/2025)","10/2028
(-)","2786
(2786)",278.6,12.81
491,"Kopparthy Industrial Area
(NICDC)
(617729)
(-) (-)",Andhra Pradesh,"08/2024
(10/2025)","10/2028
(-)","2136
(2136)",39.75,5.23
492,"Krishnapatnam Node - Phase 1 - Roads and Services Development
(National Industrial Corridor Development Corporation)
(701658)
(-) (-)",Andhra Pradesh,"12/2020
(02/2024)","02/2027
(-)","2139.44
(2139.44)",981.35,45.43
493,"Tumakuru Node - Phase 1 - Roads and Services Development
(National Highways & Infrastructure Development Corporation Ltd. [NHIDCL])
(701657)
(-) (-)",Karnataka,"12/2020
(02/2023)","09/2026
(09/2027)","1701.81
(1701.81)",324.12,25.67
494,"Development of Palakkad Node under extension of CBIC to Kochi
(National Industrial Corridor Development Corporation)
(701668)
(-) (-)",Kerala,"08/2024
(10/2025)","04/2029
(-)","3805
(3805)",0,5.25
495,"Development of Jodhpur Pali Marwar Industrial Area JPMIA in Rajasthan
(National Industrial Corridor Development Corporation)
(603210)
(-) (-)",Rajasthan,"08/2024
(01/2026)","07/2028
(-)","921.66
(921.66)",0,4.67
496,"Development of Zaheerabad Node under Hyderabad Nagpur Industrial Corridor
(National Industrial Corridor Development Corporation)
(601812)
(-) (-)",Telangana,"08/2024
(02/2026)","02/2029
(-)","2360
(2360)",42.89,3.58
497,"IMC at Prayagraj
(National Industrial Corridor Development Corporation)
(707419)
(-) (-)",Uttar Pradesh,"08/2024
(04/2026)","06/2027
(-)","658
(658)",75.63,22.54
,Total (8),,,,16507.91,1742.34,
,Metals & Mining,,,,,,
498,"Capacity expansion of Deposit-14 and 14 NMZ at Kirandul
(National Mineral Development Corporation Limited [NMDC])
(615202)
(-) (-)",Chhattisgarh,"08/2021
(07/2022)","12/2028
(03/2028)","1700
(1756.2)",263.01,18.3
,Total (1),,,,1700,263.01,
,Steel,,,,,,
499,"Replacement of Hot Leveller No.1 of Plate Mill at Bhilai Steel Plant
(Steel Authority of India Limited [SAIL])
(617243)
(-) (-)",Chhattisgarh,"07/2024
(08/2024)","07/2026
(-)","198.62
(198.62)",129.24,82.13
500,"Replacement of Converter Vessels, Trunnion Rings, Support System & Installation of
Secondary Emission at Bhilai Steel Plant
(Steel Authority of India Limited [SAIL])
(617255)
(-) (-)",Chhattisgarh,"10/2023
(12/2023)","06/2026
(09/2026)","471.83
(471.83)",257.18,70.5
501,"Rebuilding of Coke Oven Battery No.7 & 8 at Bhilai Steel Plant
(Steel Authority of India Limited [SAIL])
(617256)
(-) (-)",Chhattisgarh,"11/2023
(01/2024)","10/2025
(09/2026)","884.1
(884.1)",618.87,93.74
503,"SCREENING PLANT-III AT KIRANDUL
(National Mineral Development Corporation Limited [NMDC])
(709826)
(-) (-)",Chhattisgarh,"01/2009
(10/2021)","01/2026
(07/2027)","2718.84
(2718.84)",1748.76,83.15
504,"New Sinter Plant at BSL, SAIL
(Steel Authority of India Limited [SAIL])
(400174)
(-) (-)",Jharkhand,"03/2015
(10/2015)","10/2027
(06/2027)","1034.01
(1752.3)",1014.95,63.76
505,"Replacement of existing Grinders in CRM-I & II at Bokaro Steel Plant
(Steel Authority of India Limited [SAIL])
(617249)
(-) (-)",Jharkhand,"01/2025
(02/2025)","01/2027
(-)","211.94
(211.94)",59.72,50.4
506,"Secondary Emission Control in Converters of SMS-II at Bokaro Steel Plant
(Steel Authority of India Limited [SAIL])
(617250)
(-) (-)",Jharkhand,"01/2025
(02/2025)","10/2026
(04/2027)","207.13
(207.13)",86.62,51.82
507,"Replacement of remaining 04 sets of Battery Cyclones with 04 Nos. of ESPs in Sinter
Plant-1 at Bokaro Steel Plant
(Steel Authority of India Limited [SAIL])
(617254)
(-) (-)",Jharkhand,"03/2024
(04/2024)","06/2026
(04/2027)","260.37
(260.37)",125.6,50.16
508,"Rebuilding of Coke Oven Battery No.6 at Bokaro Steel Plant
(Steel Authority of India Limited [SAIL])
(617257)
(-) (-)",Jharkhand,"11/2023
(12/2023)","11/2026
(11/2027)","627.31
(627.31)",342.26,66.11
509,"Construction of Screening Plant-II for Donimalai and Kumaraswamy Iron Ore Mining
Complex of NMDC Limited at Ballari Dt, Karnataka.
(National Mineral Development Corporation Limited [NMDC])
(400121)
(-) (-)",Karnataka,"11/2014
(06/2024)","08/2026
(-)","1043.63
(1043.63)",628.29,65
510,"Rebuilding of COB 4 at Durgapur Steel Plant
(Steel Authority of India Limited [SAIL])
(612781)
(-) (-)",West Bengal,"09/2023
(09/2023)","12/2026
(09/2027)","916.78
(916.78)",234.05,35.36
511,"Installation of New Bar Mill at Durgapur Steel Plant
(Steel Authority of India Limited [SAIL])
(617242)
(-) (-)",West Bengal,"07/2024
(08/2024)","06/2027
(-)","2115.44
(2115.44)",828.94,66.02
512,"Up-gradation of Blast Furnace No. 3 at Durgapur Steel Plant
(Steel Authority of India Limited [SAIL])
(617246)
(-) (-)",West Bengal,"09/2024
(10/2024)","06/2026
(10/2027)","758.09
(758.09)",286.36,41.68
513,"Third Ladle Furnace in Secondary Refinery Unit at IISCO Steel Plant
(Steel Authority of India Limited [SAIL])
(617248)
(-) (-)",West Bengal,"11/2024
(12/2024)","07/2026
(11/2026)","227.96
(227.96)",103.97,74.55
514,"Revamping of Air Pollution Control Systems of SP-1 at Durgapur Steel Plant
(Steel Authority of India Limited [SAIL])
(617251)
(-) (-)",West Bengal,"07/2024
(12/2024)","05/2026
(08/2026)","196.4
(196.4)",65.5,32.21
515,"Stamp Charge Battery No.12 Battery Proper at IISCO Steel Plant
(Steel Authority of India Limited [SAIL])
(617338)
(-) (-)",West Bengal,"01/2025
(02/2025)","07/2028
(-)","2518.39
(2518.39)",415.31,26.7
,Total (17),,,,17297.84,10585.12,
,Railways,,,,,,
516,"Nadikudi - Srikalahasti New Line
(South Central Railway [SCR] - II)
(400298)
(-) (-)",Andhra Pradesh,"03/2012
(12/2016)","05/2027
(03/2028)","2312
(5932)",3119.31,55.02
517,"GUNTAKAL WEST-MALLAPPA GATE RAIL OVER RAIL - ROR TRACK
(South Central Railway [SCR] - II)
(611754)
(-) (-)",Andhra Pradesh,"07/2023
(07/2023)","07/2026
(-)","293.3
(293.3)",272.72,0.24
518,"Kurnool - Setting up facilities for coach midlife rehabilitation workshop
(WPO/Patna)
(611927)
(-) (-)",Andhra Pradesh,"01/2014
(10/2017)","12/2023
(-)","560.72
(560.72)",276.66,65
519,"Flyover between Pendurthi and Simhachalam North to avoid surface crossing at
Simhachalam 7.135 km PB 73 of 2023 24 NR
(East Coast Railway [ECoR] - II)
(612827)
(-) (-)",Andhra Pradesh,"04/2023
(05/2024)","04/2027
(-)","183.65
(183.65)",17.25,16
520,"3rd & 4th line between Vadlapudi -Gate Jn. cabin and Tie line between Gate Junction
to Gangavaram port
(East Coast Railway [ECoR] - II)
(616697)
(-) (-)",Andhra Pradesh,"04/2023
(03/2024)","06/2026
(-)","154.28
(154.28)",69.59,80
521,"Tiupati Katpadi 104.39 kms
(South Central Railway [SCR] - II)
(617210)
(-) (-)",Andhra Pradesh,"04/2025
(04/2025)","03/2029
(-)","1215.56
(1215.56)",62.2,0.06
522,"3rd Line between Gudur Renigunta 83.17 Km
(South Central Railway [SCR] - II)
(617216)
(-) (-)",Andhra Pradesh,"10/2024
(10/2024)","03/2027
(-)","877.34
(877.34)",206.02,0.17
523,"Nidadavolu-Duvvada 3rd & 4th Lines
(South Central Railway [SCR] - II)
(619326)
(-) (-)",Andhra Pradesh,"04/2026
(04/2026)","01/2032
(-)","9889.24
(9889.24)",0,0.01
525,"Kotapalli - Narasapur New Line
(South Central Railway [SCR] - II)
(705436)
(-) (-)",Andhra Pradesh,"03/2009
(09/2013)","03/2028
(03/2028)","2501
(2501)",1417.7,30.02
527,"Vijaywada-Gudur 3rd Line
(RVNL - II)
(705648)
(-) (-)",Andhra Pradesh,"08/2016
(04/2018)","11/2024
(03/2026)","6654
(6654)",6213.64,96
528,"Furkating-New Tinsukia[194 Km]
(Northeast Frontier Railway [NFR])
(618986)
(-) (-)",Assam,"09/2025
(09/2025)","06/2029
(-)","3633.58
(3633.58)",0,0
529,"Doubling of New Bonggigaon to Kamakhya via Goalpara - 176 km
(Northeast Frontier Railway [NFR])
(705572)
(-) (-)",Assam,"09/2016
(09/2016)","03/2026
(03/2026)","4060
(4961)",3831.06,95.16
530,"Guwahati-Dibrugarh via Tinsukia & Simaluguri-Dibrugarh
(Central Organisation for Railway Electrification [CORE])
(706922)
(-) (-)",Assam,"09/2020
(09/2018)","09/2020
(06/2024)","890.36
(889.36)",391.73,89
533,"Sakri -Hasanpur [via Harnagar - Kusheshwar Asthan] New Railway line
(East Central Railway [ECR] - I)
(400254)
(-) (-)",Bihar,"12/2023
(08/1997)","12/2024
(03/2027)","735.2
(735.2)",589.37,84.2
534,"Construction of Bulb line at Nabinagar Ankorah of East Central Railway
(East Central Railway [ECR] - I)
(617231)
(-) (-)",Bihar,"06/2024
(06/2024)","06/2028
(-)","611.74
(611.74)",0,0
535,"Doubling of Narkatiaganj Raxaul Sitamarhi Darbhanga & Sitamarhi Muzaffarpur 256
KM
(East Central Railway [ECR] - I)
(617239)
(-) (-)",Bihar,"11/2024
(11/2025)","11/2029
(03/2030)","4079.95
(4079.95)",9.93,0
537,"Hajipur-Sagauli New line
(East Central Railway [ECR] - I)
(705366)
(-) (-)",Bihar,"10/2007
(10/2004)","03/2020
(06/2027)","2067
(2087)",2182.46,75.6
538,"Araria Supaul New BG Line
(East Central Railway [ECR] - I)
(705368)
(-) (-)",Bihar,"06/2018
(03/2009)","03/2024
(01/2027)","1605
(2514)",1725.95,46.9
539,"Fatuha-Islampur incl. MM for extn.of NL from Neora to Daniawan , Daniawan to
Biharsharif, Biharsharif to Barbigha , Barbigha to Shekhpura
(East Central Railway [ECR] - I)
(705373)
(-) (-)",Bihar,"08/2002
(03/2002)","03/2023
(08/2025)","1473
(2882)",2712.19,98.2
542,"Sagauli-Valmiknagar
(East Central Railway [ECR] - I)
(705527)
(-) (-)",Bihar,"03/2018
(03/2017)","12/2025
(12/2025)","1216
(2222)",2102.51,93
543,"Muzaffarpur-Sugauli
(East Central Railway [ECR] - I)
(705528)
(-) (-)",Bihar,"03/2018
(03/2017)","06/2024
(06/2026)","1586
(1586)",1509.67,99
544,"Rampur Dumra-Tal-Rajendrapul Additional Bridge and Railway Line Doubling
(Indian Railway Construction International Limited [IRCON])
(706759)
(-) (-)",Bihar,"03/2016
(05/2017)","12/2024
(12/2025)","2373.64
(1700.24)",1581.96,98.5
545,"Barauni-Bachwara [16 km] - 3rd & 4th line incl. Barauni yard remodelling [32 km]
(East Central Railway [ECR] - I)
(706860)
(-) (-)",Bihar,"10/2022
(08/2025)","08/2025
(10/2026)","645
(645)",54.13,56.9
546,"JHAJHA - BATIA
(East Central Railway [ECR] - I)
(900874)
(-) (-)",Bihar,"03/2023
(03/2023)","03/2028
(01/2030)","588.18
(588.18)",2.38,0.1
547,"Kharsia-Dharamjaygarh with Spur line [East Corridor-Phase 1]
(Indian Railway Construction International Limited [IRCON])
(400220)
(-) (-)",Chhattisgarh,"03/2016
(01/2014)","09/2018
(12/2026)","3055
(3798.06)",2790.19,95.15
548,"Doubling of Kirandul-Jagdalpur Line [150 km]
(East Coast Railway [ECoR] - II)
(400291)
(-) (-)",Chhattisgarh,"02/2013
(03/2013)","03/2020
(04/2027)","1589
(1798)",1691.27,96.17
549,"Gauge Conversion of Kendri-Dhamtari including Abhanpur - Rajim Branch line 67.20
Kms - 2nd Material Modification to Raipur Titlagarh doubling.
(SECR)
(602792)
(-) (-)",Chhattisgarh,"07/2011
(05/2021)","02/2025
(06/2026)","1171
(1171)",448.77,100
550,"4th line between Nipania Bhatapara 14.4 Km
(South East Central Railway [SECR] - II)
(612815)
(-) (-)",Chhattisgarh,"12/2022
(05/2024)","03/2027
(-)","170.49
(170.49)",9.98,15
551,"KHARSIA- NAYA RAIPUR-PARMALKASA 5th and 6th Line [278KM]
(CAO/C/SECR)
(617200)
(-) (-)",Chhattisgarh,"04/2025
(04/2025)","03/2031
(-)","7853.84
(7853.84)",0.64,0
553,"Dallirajhra- Rowghat New Railway Line - Phase I [95 km]
(Rail Vikas Nigam Limited)
(705433)
(-) (-)",Chhattisgarh,"07/2009
(12/2009)","09/2025
(12/2025)","1628
(1628)",1440.85,82
554,"Gevra Road-Pendra Road New Railway Line [135 km]
(Indian Railway Construction International Limited [IRCON])
(705444)
(-) (-)",Chhattisgarh,"04/2014
(04/2014)","03/2022
(12/2026)","4970
(7448.52)",5327.55,83.36
556,"4TH LINE - BHATAPARA-HATHBAND [8.8 KM] [PB-72/NR/2022-23]
(SECR)
(709815)
(-) (-)",Chhattisgarh,"09/2022
(05/2024)","01/2027
(12/2027)","177.03
(177.03)",12.3,18
557,"4TH LINE - BHILAI-BHILAI NAGAR [8.8 KM] [PB-72/NR/2022-23]
(SECR)
(709816)
(-) (-)",Chhattisgarh,"09/2022
(05/2024)","02/2027
(02/2027)","177.34
(177.34)",32.49,11
558,"4TH LINE RAJNANDGAON-DONGARHGARH [31.2 KM] [PB-72/NR/2022-23]
(SECR)
(709818)
(-) (-)",Chhattisgarh,"09/2022
(05/2024)","01/2027
(01/2027)","328.34
(328.34)",96.2,36
559,"3RD AND 4TH LINE - SARAGBUNDIA AND MADWARANI
(SECR)
(709819)
(-) (-)",Chhattisgarh,"09/2022
(05/2025)","12/2026
(12/2026)","167.64
(167.64)",28.01,11
560,"Redevelopment of New Delhi Railway Station and construction of associated
infrastructure
(Rail Land Development Authority)
(613785)
(-) (-)",Delhi,"01/2023
(06/2024)","12/2028
(-)","4744
(4744)",355.8,6
561,"Development of New Bijwasan Railway Terminal
(Northern Railways)
(617379)
(-) (-)",Delhi,"02/2008
(03/2013)","03/2020
(12/2026)","446.21
(446.21)",565.7,80
562,"Anand Vihar-Tilak Bridge 3rd & 4th line
(CAO/C/NR)
(705583)
(-) (-)",Delhi,"03/2013
(03/2013)","03/2023
(12/2027)","667
(667)",333.72,23
564,"Kosamba Umarpada 70 Km
(PCE/WR)
(611918)
(-) (-)",Gujarat,"07/2023
(07/2022)","03/2027
(-)","468
(468)",44.62,9
565,"New Broad Gauge line between Naliya to Jakhau Port
(Western Railway [WR] - II)
(611943)
(-) (-)",Gujarat,"02/2023
(02/2023)","01/2028
(02/2028)","410.26
(410.26)",11.3,5
566,"Petlad-Bhadran 22.5 km
(CAOCWR WR mor)
(611945)
(-) (-)",Gujarat,"05/2022
(05/2022)","05/2030
(05/2030)","307.11
(307.11)",18.9,17
567,"Samlaya Timba Road 54 km
(PCE/WR)
(611970)
(-) (-)",Gujarat,"02/2023
(02/2023)","03/2030
(03/2030)","670.17
(670.17)",47.46,12
568,"Samni Jambusar 24 km
(PCE/WR)
(611971)
(-) (-)",Gujarat,"05/2022
(05/2022)","03/2030
(03/2030)","350
(349.93)",80.49,31
569,"Western Railway Samakhiali Gandhidham Quadrupiling 53 Kms
(Western Railway [WR] - II)
(611974)
(-) (-)",Gujarat,"08/2023
(08/2023)","12/2026
(12/2027)","1430
(1430)",582.1,45
570,"Dahod Creation of Infrastructure facilities for 9000 HP Electric locomotives
Manufacturing at
(PCE/WR)
(611977)
(-) (-)",Gujarat,"05/2022
(02/2023)","02/2025
(-)","487
(487)",222.88,53
571,"Dahod Rolling Stock Workshop Provision of Infrastructure for CBS at
(PCE/WR)
(611978)
(-) (-)",Gujarat,"11/2022
(03/2023)","03/2025
(-)","158
(158)",51.87,10
572,"Sabarmati Setting up of Maintenance Facilities for Train Sets Phase ii
(Western Railway [WR] - II)
(611979)
(-) (-)",Gujarat,"01/2023
(04/2023)","06/2025
(05/2026)","250
(250)",185.02,88
573,"4th LINE BETWEEN BAREJADI NANDEJ-SANAND-AHMEDABAD BYPASS
(Western Railway WR - II)
(612072)
(-) (-)",Gujarat,"02/2023
(02/2023)","03/2027
(07/2028)","961.67
(961.67)",524.6,22
574,"Redevelopment of Ahmedabad railway station and associated infrastructure on
engineering, procurement and construction mode
(Rail Land Development Authority)
(613786)
(-) (-)",Gujarat,"01/2023
(11/2023)","03/2028
(-)","2379
(2379)",984.21,32.5
576,"Desalpar-Hajipir-Luna and Vayor-Lakhpat New Line
(Western Railway [WR] - II)
(617880)
(-) (-)",Gujarat,"09/2025
(09/2025)","09/2028
(-)","2526.47
(2526.47)",0,0
577,"Devbhumi Dwarka [Okha] - Kanalus Doubling
(Western Railway [WR] - II)
(618972)
(-) (-)",Gujarat,"12/2025
(12/2025)","12/2028
(-)","1456.77
(1456.77)",0.28,0
578,"Miyagam-Karjan-Dabhoi-Samlaya [GC]
(Western Railway [WR] - II)
(705458)
(-) (-)",Gujarat,"01/2017
(01/2017)","03/2021
(12/2026)","483.88
(1039.13)",723.52,45
581,"NADIAD-PETLAD [37.26 KM]
(Railway)
(709812)
(-) (-)",Gujarat,"05/2022
(10/2023)","06/2030
(06/2030)","461.91
(461.91)",186.9,8
582,"NEW BG LINE INTERSECTION [5 NOS] BETWEEN GERATPUR-SANAND &
BOTAD-AHMEDABAD [16.51 KM]
(Western Railway [WR] - II)
(709813)
(-) (-)",Gujarat,"10/2022
(07/2025)","06/2028
(10/2027)","437.21
(437.21)",117.95,22
584,"Koderma-Arigada Doubling 133.38 Km of East Central Railway
(East Central Railway [ECR] - I)
(617832)
(-) (-)",Jharkhand,"06/2025
(06/2025)","12/2029
(-)","2887.11
(2887.11)",0.1,0
585,"Parasnath-Madhuban-Giridih new line
(East Central Railway [ECR] - I)
(705747)
(-) (-)",Jharkhand,"03/2019
(03/2019)","03/2024
(03/2026)","902.86
(902.86)",0,0.1
586,"Gomoh - Flyover for DN trains
(East Central Railway [ECR] - I)
(705765)
(-) (-)",Jharkhand,"01/2018
(01/2018)","03/2026
(03/2026)","686
(686)",634.71,66.7
587,"Lodhma - Piska - Link Line bypassing Hatia/Ranchi with Y connection
(South Eastern Railway [SER] - I)
(705785)
(-) (-)",Jharkhand,"08/2021
(03/2019)","06/2026
(05/2027)","473
(473)",349.31,10
589,"Construction of New BG line between Hassan to Belur [27 Km]
(South Western Railway [SWR] - II)
(400023)
(-) (-)",Karnataka,"03/2019
(12/2025)","04/2028
(03/2030)","749
(749)",3.43,0.5
591,"New Railway Line between Ginigera and Raichur [165.57 km]
(South Western Railway [SWR] - II)
(705434)
(-) (-)",Karnataka,"03/2008
(05/2009)","03/2019
(03/2027)","2565
(3034.98)",2412.11,71
593,"Gadag-Wadi New Railway Line [257 km]
(South Western Railway [SWR] - II)
(705490)
(-) (-)",Karnataka,"04/2013
(08/2017)","03/2027
(12/2027)","2842
(6700)",1604.89,36.5
594,"Kadur - Chickamagalur - Sakleshpur [93km]
(South Western Railway [SWR] - II)
(705492)
(-) (-)",Karnataka,"01/2014
(11/2016)","06/2025
(12/2025)","825
(825)",789.58,84.8
596,"Bagalkot-Kudachi New Railway Line [142 km]
(South Western Railway [SWR] - II)
(705495)
(-) (-)",Karnataka,"10/2013
(11/2012)","03/2027
(01/2027)","1378
(1649)",809.24,36.5
598,"Bangalore-Whitefield-Bangalore City-Krishnarajapuram [23.08 km] - Quadrupling
(South Western Railway [SWR] - II)
(705663)
(-) (-)",Karnataka,"02/2018
(06/2022)","02/2026
(02/2026)","493
(493)",337.37,85.9
599,"SHIMOGA - SHIKARIPURA - RANEBENNUR [96 Km]
(South Western Railway [SWR] - II)
(705761)
(-) (-)",Karnataka,"09/2019
(02/2023)","12/2027
(06/2028)","1454
(1454)",102.64,13.9
600,"Construction of New BG line between Hassan [Alur] to Belur [ Km 27.34]
(CAOC/SWR SWR mor)
(705762)
(-) (-)",Karnataka,"06/2019
(09/2022)","04/2027
(12/2027)","748.86
(748.86)",3.64,0
602,"Belgaum-Dharwad via Kittur [73.10Km]
(South Western Railway [SWR] - II)
(706835)
(-) (-)",Karnataka,"09/2020
(03/2025)","12/2027
(03/2029)","1591
(1591)",0.38,0
605,"Lalitpur-Satna, Rewa-Singrauli & Mahoba-Khajuraho
(North Central Railway)
(705480)
(-) (-)",Madhya Pradesh,"01/2007
(03/1998)","03/2027
(12/2027)","8914
(8914)",6889.55,74
607,"Doubling of Katni - Singrauli Railway Line [261 km]
(Indian Railway Construction International Limited [IRCON])
(705660)
(-) (-)",Madhya Pradesh,"03/2016
(03/2017)","12/2025
(12/2025)","2445
(4377)",3368.46,81.25
608,"Katni Grade Separator/Bye Pass
(Indian Railway Construction International Limited [IRCON])
(705661)
(-) (-)",Madhya Pradesh,"03/2016
(09/2017)","09/2024
(09/2026)","1248
(1248)",1850.38,95
609,"Indore - Budni New Railway Line [198 kms]
(RVNL - II)
(705763)
(-) (-)",Madhya Pradesh,"08/2019
(10/2020)","09/2030
(09/2030)","7474
(7474)",2879.62,41
610,"Nimach-Ratlam Doubling [133 Km]
(Western Railway [WR] - II)
(705933)
(-) (-)",Madhya Pradesh,"10/2021
(10/2021)","10/2027
(10/2027)","1095.88
(1095.88)",1284.91,100
611,"DHULE [BORVIHIR] - NARDANA NEW LINE [50.60 KMS]
(Central Railway)
(400019)
(-) (-)",Maharashtra,"01/2019
(04/2023)","12/2026
(09/2027)","492.76
(1170.83)",560.32,38
612,"Wardha-Nanded Via Yavatmal New BG Line
(Central Railway [CR] - II)
(400271)
(-) (-)",Maharashtra,"12/2017
(04/2008)","03/2025
(12/2026)","3445
(3445)",3002.93,50
614,"Gauge Conversion of Pachora-Jamner with Extension upto Malkapur [Bodwad] [84.34
Kms]
(Central Railway [CR] - II)
(612845)
(-) (-)",Maharashtra,"08/2022
(01/2026)","07/2028
(-)","955.39
(955.39)",13.99,10
615,"Redevelopment of Chhatrapati Shivaji Maharaj Terminus [CSMT] and construction of
associated infrastructure
(Rail Land Development Authority)
(613015)
(-) (-)",Maharashtra,"04/2023
(07/2023)","03/2027
(-)","1813
(1813)",873.99,25
616,"Gondia-Balharshah [Chanda Fort] Doubling [240 Km]
(South East Central Railway)
(617201)
(-) (-)",Maharashtra,"04/2025
(04/2025)","03/2031
(-)","4373.04
(4373.04)",1.79,2
617,"Doubling between Parbhani Parli Vaijanath stations 64.71 Km
(South Central Railway [SCR] - II)
(617215)
(-) (-)",Maharashtra,"12/2023
(12/2023)","03/2028
(-)","769.93
(769.93)",197.62,0.2
618,"Babupeth - Sasti New Rail Line [13.114 KMs]
(CentralRailway)
(617361)
(-) (-)",Maharashtra,"10/2024
(10/2024)","03/2028
(-)","362.81
(362.81)",0.48,0
619,"Double Chord line Between Nilaje-Kopar
(CentralRailway)
(617364)
(-) (-)",Maharashtra,"01/2025
(01/2025)","07/2028
(-)","338.33
(205)",55.83,60
622,"Wadsa-Gadchiroli
(South East Central Railway)
(705479)
(-) (-)",Maharashtra,"05/2017
(03/2012)","03/2027
(03/2027)","1886
(1886)",846.22,68
624,"3rd Line Kalyan - Kasara [67.35 Kilometres]
(Central Railway)
(705498)
(-) (-)",Maharashtra,"09/2015
(09/2015)","12/2026
(12/2026)","792.89
(1395.79)",1088.38,73
625,"3rd Line Wardha - Sewagram - Nagpur
(Central Railway [CR] - II)
(705500)
(-) (-)",Maharashtra,"09/2015
(05/2016)","12/2025
(10/2026)","540.02
(916.53)",842.78,88
626,"3rd Line Wardha - Ballarshah [132 Kilometres]
(Central Railway [CR] - II)
(705502)
(-) (-)",Maharashtra,"03/2016
(12/2016)","12/2025
(02/2026)","1384.72
(2033.59)",1841.71,86
627,"Doubling of Daund Manmad Line [247.6 km]
(Central Railway)
(705504)
(-) (-)",Maharashtra,"10/2017
(03/2017)","12/2025
(03/2026)","2081.27
(3267.06)",3111.8,92
628,"4th Line Wardha - Nagpur [78.7 Kilometres]
(Central Railway [CR] - II)
(705505)
(-) (-)",Maharashtra,"04/2017
(05/2018)","12/2025
(10/2026)","637.95
(1214.69)",1061.23,88
629,"3rd Line Manmad - Jalgaon [160 Kilometres]
(Central Railway [CR] - II)
(705506)
(-) (-)",Maharashtra,"05/2017
(04/2018)","12/2024
(11/2025)","1035.16
(1870)",1843.54,100
630,"Solapur-tuljapur-Osmanabad
(Central Railway)
(705735)
(-) (-)",Maharashtra,"08/2018
(12/2023)","03/2027
(03/2028)","904.92
(3295.74)",1277.63,22
636,"Byrnihat-Shillong New Rail Line- 108 km
(Northeast Frontier Railway [NFR])
(705396)
(-) (-)",Meghalaya,"04/2011
(03/2010)","03/2021
(03/2027)","8324.28
(8342.28)",266.12,2.04
699,"Jharsuguda-Barpali-Sardega Ph II Works- Rail Connectivity for Coal Loading Bulb at
Barpali.
(South Eastern Railway [SER] - I)
(400006)
(-) (-)",Odisha,"10/2021
(10/2021)","10/2025
(12/2026)","808.99
(808.99)",743.46,40
700,"Proposed 6 nos Road Over Bridge [ROB] at different locations under MCL Talcher
Under Deposit Scheme.
(East Coast Railway [ECoR] - II)
(400045)
(-) (-)",Odisha,"08/2022
(07/2022)","03/2025
(01/2025)","168.32
(168.32)",69.85,82
701,"Doubling of Lingaraj SILO connectivity of NTPC line and augmentation of NTPC
exchange yard and NTPC Block Cabin.
(East Coast Railway [ECoR] - II)
(400047)
(-) (-)",Odisha,"08/2022
(06/2022)","12/2024
(12/2026)","210
(210)",41.17,53
702,"Doubling of lines connecting the loading spurs in Talcher Yard.
(East Coast Railway [ECoR] - II)
(400048)
(-) (-)",Odisha,"09/2022
(06/2022)","12/2024
(06/2027)","186.21
(186.21)",105.07,88
703,"Brundamal-Jharsuguda- flyover connection for joining downline
(East Coast Railway [ECoR] - II)
(400232)
(-) (-)",Odisha,"01/2014
(01/2014)","12/2026
(12/2026)","297
(297)",237.83,67
704,"3rd & 4th line between Sarla - Sason [8 km] [PB 73/2023-24/NR]
(East Coast Railway [ECoR] - II)
(612834)
(-) (-)",Odisha,"04/2023
(04/2023)","12/2025
(-)","252
(252)",117.97,92
705,"Rourkela-Bondamunda A-Cabin 5th line [9.6 km]
(CAO/C/SER)
(615915)
(-) (-)",Odisha,"09/2022
(12/2023)","03/2026
(11/2026)","244.99
(244.99)",146.07,45
706,"Bangriposi-Gorumahisani new line [ 85.60 km ]
(CAO/C/SER)
(616586)
(-) (-)",Odisha,"08/2024
(09/2025)","12/2029
(-)","2269.49
(2269.49)",7.14,0
707,"Badampahar-Kendujhargarh new line [82.06 km]
(CAO/C/SER)
(616587)
(-) (-)",Odisha,"08/2024
(09/2025)","12/2029
(-)","1875.72
(1875.72)",2.35,0
708,"Flyover between Siju and Paradeep coaching Yard to avoid Surface crossing of trains
(East Coast Railway [ECoR] - II)
(616694)
(-) (-)",Odisha,"04/2023
(10/2025)","07/2028
(-)","200.77
(200.77)",37.26,5.5
709,"Paradeep - Badabandha 3rd & 4th Line / 18.51kms
(East Coast Railway [ECoR] - II)
(616695)
(-) (-)",Odisha,"08/2023
(04/2025)","11/2028
(-)","300.15
(300.15)",2.47,10.5
710,"Naupada-Gunupur - New line upto Theruvali [73.62 km]
(Indian Railway)
(616839)
(-) (-)",Odisha,"08/2024
(04/2026)","12/2029
(-)","1165.89
(1165.89)",0,0
711,"New Line between Junagarh - Nabarangpur [116.21 Km]
(Indian Railway)
(618995)
(-) (-)",Odisha,"08/2024
(08/2025)","08/2030
(-)","2864.51
(2864.51)",1.06,0
712,"Khurda-Bolangir New Broad Gauge Rail Link [301km]
(East Coast Railway [ECoR] - II)
(705358)
(-) (-)",Odisha,"03/1994
(03/2001)","12/2026
(12/2026)","3792
(5089)",5789.53,92.5
713,"Talcher-Bimlagarh New Railway Line
(East Coast Railway [ECoR] - II)
(705359)
(-) (-)",Odisha,"03/2004
(12/2004)","03/2025
(03/2029)","1928
(1928)",2127.3,57
714,"Bhadrak-Nergundi Third Line
(East Coast Railway [ECoR] - II)
(705510)
(-) (-)",Odisha,"10/2015
(04/2015)","11/2024
(01/2026)","1284
(1284)",1379.6,95.8
715,"Koraput - Singapur Railway Doubling
(East Coast Railway [ECoR] - II)
(705513)
(-) (-)",Odisha,"12/2015
(12/2015)","12/2027
(03/2028)","2362
(2362)",2007.83,67.67
716,"Jarapada- Budhapank with flyover at Talcher road 3rd and 4th Line
(East Coast Railway [ECoR] - II)
(705514)
(-) (-)",Odisha,"11/2015
(12/2015)","11/2018
(03/2028)","1000
(810.02)",478.83,59
720,"GANDHAMARDAN IRON ORE MINES TO GOALDIH STATION/12.76kms
(East Coast Railway [ECoR] - II)
(709811)
(-) (-)",Odisha,"09/2022
(05/2025)","09/2027
(09/2027)","190
(189.93)",3.4,5
721,"Jaynagar-Bijalpura, incl. extn. Bet, Bijalpura-Bardibas [Nepal]
(East Central Railway [ECR] - I)
(705362)
(-) (-)",Offshore,"08/2015
(03/2011)","03/2022
(03/2026)","819
(819)",580.51,75
725,"Devgarh Madariya - Nathdwara Gauge Conversion [82.54 Km] part of Marwar - Mavli
Gauge Conversion [152 Km]
(North Western Railway [NWR])
(611855)
(-) (-)",Rajasthan,"01/2023
(01/2023)","01/2027
(-)","968.92
(968.92)",745.15,73
726,"Maintenance cum workshop depot for Vande Bharat Sleeper Trains as per conditions
under WTA 527
(WPO/Patna)
(611929)
(-) (-)",Rajasthan,"09/2022
(06/2023)","12/2024
(-)","166.86
(166.86)",0,0
727,"PUSHKAR- MERTA CITY NEW LINE
(North Western Railway [NWR])
(616841)
(-) (-)",Rajasthan,"02/2024
(02/2024)","12/2026
(12/2028)","799.64
(799.64)",224.71,8
728,"AJMER- CHANDERIYA DOUBLING
(North Western Railway [NWR])
(616843)
(-) (-)",Rajasthan,"02/2024
(02/2024)","06/2027
(03/2028)","1634.79
(1634.79)",489.56,22
730,"POKHRAN - RAMDEVRA New Line
(North Western Railway [NWR])
(617404)
(-) (-)",Rajasthan,"04/2025
(04/2025)","03/2028
(-)","189.21
(189.21)",55.58,2
731,"NATHDWARA- NATHDWARA TOWN NL
(North Western Railway [NWR])
(617408)
(-) (-)",Rajasthan,"03/2019
(04/2024)","03/2027
(-)","166.33
(166.33)",112.55,15
732,"Dholpur - Sirmuttra Gauge Conversion
(North Central Railway)
(705482)
(-) (-)",Rajasthan,"03/2022
(04/2020)","02/2019
(02/2027)","747
(747)",509.8,49.7
741,"Doubling between Bhadrachalam Road and Dornakal
(South Central Railway [SCR] - II)
(616856)
(-) (-)",Telangana,"08/2023
(04/2025)","04/2029
(-)","770.12
(770.12)",87.94,0.06
742,"Railway Manufacturing Unit
(RVNL - II)
(617409)
(-) (-)",Telangana,"07/2016
(02/2023)","12/2026
(03/2026)","521.36
(521.36)",492.12,91
744,"Manoharabad-Kothapalli New Rail Line [151 km]
(South Central Railway [SCR] - II)
(705437)
(-) (-)",Telangana,"07/2016
(01/2017)","03/2027
(12/2027)","1160
(2781)",3073.41,72.02
745,"Bahraich-Shravasti-Balrampur-Siddharthnagar -Santkabir nagar
(North Eastern Railway [NER])
(400204)
(-) (-)",Uttar Pradesh,"10/2018
(03/2017)","10/2030
(10/2030)","4939.78
(4939.78)",1086.23,13.1
746,"Sahjanwa-Dohrighat
(North Eastern Railway [NER])
(400205)
(-) (-)",Uttar Pradesh,"08/2019
(03/2017)","03/2029
(03/2029)","1319.75
(1319.75)",544.89,4.2
747,"Varanasi-Pt. Deen Dayal Upadhyaya multitracking 15km including construction of new
Rail-cum-Road Bridge across Ganga River.
(Northern Railways)
(617213)
(-) (-)",Uttar Pradesh,"10/2024
(10/2025)","10/2029
(-)","2464.46
(2464.46)",96.98,3.93
748,"Anandnagar - Ghugli via Maharajganj New line 52.7 km
(Construction NER)
(617252)
(-) (-)",Uttar Pradesh,"10/2023
(11/2023)","03/2028
(-)","958.27
(958.27)",640.17,24
750,"Surface triangle line bet. Bhadura stn and new crossing stn Karma
(East Central Railway [ECR] - I)
(617333)
(-) (-)",Uttar Pradesh,"10/2022
(05/2024)","02/2027
(-)","199.96
(199.96)",7.67,0.6
751,"Doubling between Jaunpur Jn - Zaffarabad 6.28 km
(M/S SRC company Infra Private Limited)
(617370)
(-) (-)",Uttar Pradesh,"03/2023
(02/2025)","01/2027
(-)","180.66
(180.66)",65.54,27.55
752,"Burhwal Gonda 3rd line
(North Eastern Railway [NER])
(705567)
(-) (-)",Uttar Pradesh,"11/2017
(07/2019)","03/2025
(05/2026)","1016
(1118)",1058.77,88.5
753,"Janghai-Pratapgarh- Amethi
(CAO/C/II/NR)
(705588)
(-) (-)",Uttar Pradesh,"11/2017
(03/2017)","03/2025
(03/2026)","722
(1194)",1729.27,70
754,"Lalitpur-Birari with flyover at Lalitpur- 16 Km
(North Central Railway)
(705766)
(-) (-)",Uttar Pradesh,"03/2017
(11/2017)","12/2024
(01/2026)","304.44
(356)",283.67,86
756,"Mughalsarai-Allahabad, 3rd line
(North Central Railway)
(705772)
(-) (-)",Uttar Pradesh,"12/2015
(03/2016)","12/2026
(03/2027)","2649
(2649.44)",2024.65,74
758,"Bhandai - Flyover for Etawah bound down train- 10 Km
(North Central Railway [NCR] - II)
(705777)
(-) (-)",Uttar Pradesh,"07/2020
(04/2021)","02/2026
(02/2027)","250.18
(250.18)",163.27,9
759,"Bhatni-Aurnihar with electrification excluding Indara-Mau
(RVNL - I)
(705780)
(-) (-)",Uttar Pradesh,"03/2018
(03/2017)","12/2024
(06/2026)","2529
(2529.46)",2171.72,96.7
761,"Allahabad division - Aligarh - Harduaganj Flyover
(North Central Railway)
(705918)
(-) (-)",Uttar Pradesh,"04/2020
(02/2021)","10/2026
(03/2027)","1457
(1457)",400.19,36
762,"Rishikesh-Karnaprayag New Rail Line- 125 km
(RVNL - II)
(705429)
(-) (-)",Uttarakhand,"11/2016
(08/2018)","12/2025
(12/2028)","38953
(38953)",28828.18,77.5
763,"Kalinarayanpur-Krishnanagar Doubling Alongwith Krishnanagar - Chapra New Line
And Naihati-Ranaghat 3rd Line.
(Eastern Railway [ER] - I)
(400247)
(-) (-)",West Bengal,"07/2015
(11/2005)","02/2027
(03/2028)","1000
(1000)",1066.85,76
764,"Tarakeshwar-Bishnupur New Line [82.47 km]
(Eastern Railway [ER] - I)
(400273)
(-) (-)",West Bengal,"03/2001
(02/2008)","03/2019
(02/2026)","1189
(1542)",1390.59,96.9
765,"Dum Dum Airport-New Garia via Rajarhat-Construction of Metro Railway
(RVNL - II)
(400277)
(-) (-)",West Bengal,"03/2010
(10/2011)","12/2025
(12/2027)","8964
(8964)",8984.66,87
766,"Construction of Balurghat-Hilli new BG Line
(Northeast Frontier Railway [NFR])
(612096)
(-) (-)",West Bengal,"12/2010
(12/2010)","03/2027
(03/2027)","1209
(1181.57)",518.15,18
767,"SER Upgradation of maintenance infrastructure at Shalimar into Vande Bharat Chair
Car maintenance cum workshop depot.
(South Eastern Railway - JH)
(617345)
(-) (-)",West Bengal,"03/2024
(12/2024)","10/2026
(-)","226.87
(226.87)",86.69,50
769,"Noapara-Barasat via Bimanbandar - Construction of Metro railway [18 km]
(Metro Railway, Kolkata)
(706776)
(-) (-)",West Bengal,"11/2010
(03/2010)","08/2026
(03/2029)","4830
(4830)",3350.62,32.2
770,"Baranagar-Barrackpore and Dakshineshwar- Construction of Metro Railway
(RVNL - II)
(706777)
(-) (-)",West Bengal,"03/2010
(03/2010)","12/2026
(12/2030)","2298
(2734)",429.56,17
,Total (255),,,,721177.95,581963.35,
,Roads & Highways,,,,,,
771,"Rehabilitation and up-gradation and completion of balance works of the section from
Km 107.760 km to 129.445 km After Middle strait to Humphrey, Km 130.600 to
138.300 After Humphrey to Kadamtala of NH-4 Intermediate/2-Lane with hard
shoulder in the Union Territory of Andaman & Nicobar Islands on EPC basis Package-
IIIA
(NHIDCL)
(619184)
(-) (-)","Andaman &
Nicobar","02/2018
(03/2024)","09/2025
(12/2026)","207.45
(376.48)",0,81.32
772,"Rehabilitation and up-gradation and completion of balance work of section from Km
155.00 to Km 181.00 End of Jarwa to Rangat of NH -4 Total length 26 Km to
Intermediate Lane/2-lane with hard shoulders in the UT of A&N Islands on EPC basis -
Package-III.B Balance work
(NHIDCL)
(619185)
(-) (-)","Andaman &
Nicobar","02/2018
(05/2024)","10/2025
(03/2027)","183.56
(333.12)",0,50.15
773,"Construction of Balance works of Major Bridge over Middle Strait Creek between
Km.106.590 to km108.553 of NH-04 connecting South Andaman & Baratang Island in
the Union Territory of Andaman & Nicobar Islands on EPC basis
(NHIDCL)
(619186)
(-) (-)","Andaman &
Nicobar","03/2015
(05/2024)","02/2026
(12/2026)","262.96
(371.88)",0,12.98
775,"Gudivada Town 2 RoB, and Road improvement NH-165
(MoRTH)
(617984)
(-) (-)",Andhra Pradesh,"03/2022
(05/2023)","05/2025
(03/2027)","317.22
(317.22)",0,75.2
776,"Widening to two lane with paved shoulders from Km 0/0 to 64/020 Pamarru to
Akiveedu
(MoRTH)
(617985)
(-) (-)",Andhra Pradesh,"03/2020
(11/2021)","11/2023
(05/2027)","529.54
(588.65)",0,74.41
777,"Kurnool/Kadapa Border-Jammalamadugu section of NH-167K i.e. Design Ch. Km
248010 to km 269900 to 2
(MoRTH)
(617986)
(-) (-)",Andhra Pradesh,"03/2023
(12/2024)","12/2026
(12/2026)","292.63
(292.63)",0,95.77
778,"Nandyala-Kurnool/Kadapa Border section of NH-167K i.e. Km 186/000 to Km
250/000Design Ch.186000 to 248010 to 2LPS
(MoRTH)
(617987)
(-) (-)",Andhra Pradesh,"10/2024
(09/2025)","09/2027
(09/2027)","691.81
(691.81)",0,46.45
779,"Sangameswaram - Atmakuru section from Km 96 to Km 124 & Velegodu- Nandyal
section including Nandyal Bypass from Km 143/6 to 185/9 NH-167K
(MoRTH)
(617988)
(-) (-)",Andhra Pradesh,"10/2024
(07/2025)","07/2027
(07/2027)","776.17
(644.14)",0,35.6
781,"4-laning of Puttaparthi-Koduru Section of NH-342
(MoRTH)
(618013)
(-) (-)",Andhra Pradesh,"10/2022
(11/2023)","11/2025
(08/2026)","1318.59
(909.19)",464.06,90.19
785,"Kondamodu to Perecherla Section Design Ch. Km 000 to Km 49917 of NH-167AG to
to 4LPS
(MoRTH)
(618101)
(-) (-)",Andhra Pradesh,"10/2024
(04/2025)","04/2027
(04/2027)","881.61
(881.61)",0,37.95
786,"Rehabilitation and upgradation from Km 22300 to 58635 of MudireddyPalle to
Kadapa/Nellore Border via porumamilla Section of NH 167 Two Lane with paved
Shoulder in
(MoRTH)
(618103)
(-) (-)",Andhra Pradesh,"03/2022
(10/2024)","04/2026
(07/2026)","279.29
(279.29)",168.7,90.33
789,"Rehabilitation and upgradation of New NH 544DD from design Chainage Km. 56/000
to 102/20 of Kalyandrg - Molakalmuru Section
(MoRTH)
(618194)
(-) (-)",Andhra Pradesh,"03/2018
(08/2018)","02/2020
(09/2025)","294.13
(285.29)",312.4,98.52
793,"Construction of Paderu bypass Km 0000 to Km 13000 of 2- lane with paved shoulder
on NH-516E
(MoRTH)
(618254)
(-) (-)",Andhra Pradesh,"03/2023
(01/2025)","07/2026
(12/2026)","244.43
(244.43)",21.96,13
794,"Two laning with paved shoulders of Lambasingi to Paderusection of NH 516E
(MoRTH)
(618255)
(-) (-)",Andhra Pradesh,"04/2020
(11/2023)","11/2025
(03/2027)","361.24
(358.05)",145.94,43.22
797,"Construction of i Connecting Road from Z-Morh Tunnel to Zojila Tunnel Road Length
18.475km and ii 14.150 Km long 2-L Bi-directional single tube Zoji-la Tunnel across
Zojila Pass on Sonamarg - Kargil section from Km 82 to Km 118 of NH-01 under
PMDP
(NHIDCL)
(618412)
(-) (-)",Andhra Pradesh,"01/2018
(10/2020)","09/2026
(02/2028)","6808.69
(6808.69)",3549.07,68.8
798,"Bangalore Chennai Expressway Phase-II Pkg-II from km.96.000 to Km 127.000
Baireddypalle to Bangarupalem section
(NHAI)
(618475)
(-) (-)",Andhra Pradesh,"02/2021
(06/2023)","06/2025
(10/2026)","2548.04
(2548.04)",1327.64,93.32
799,"Bangalore Chennai Expressway Phase-II Pkg-III from km.127.000 to Km 156.000
Bangarupalem to Gudipala section
(NHAI)
(618476)
(-) (-)",Andhra Pradesh,"11/2020
(10/2022)","10/2024
(08/2026)","1407.33
(1407.33)",868.61,99.46
801,"Construction of flyover at Gammon Junction at Km.903.265 on NH16 including vent at
Diwancheruvu junction at Km.902.308 Blackspot ID No.AP03299 in Andhra Pradesh
on EPC mode under NHO
(NHAI)
(618525)
(-) (-)",Andhra Pradesh,"03/2025
(10/2025)","10/2027
(10/2027)","326.61
(223.29)",43.67,18.79
802,"6L of Gundugolanu Design km 1023.280 to Kalaparru Design km 1050.680 of NH-5
New NH-16
(NHAI)
(618526)
(-) (-)",Andhra Pradesh,"10/2018
(01/2020)","07/2021
(08/2026)","665.59
(665.59)",643.95,95.73
803,"6L of Anandapuram Pendurthi Anakapalli Section from km. 681.000 to km. 731.780 of
NH-16
(NHAI)
(618579)
(-) (-)",Andhra Pradesh,"01/2018
(01/2019)","07/2021
(07/2026)","2527
(2957.25)",2376.08,100
804,"Nandigama Bypass and Kanchikacherla bypass
(NHAI)
(618629)
(-) (-)",Andhra Pradesh,"11/2017
(03/2018)","06/2019
(09/2026)","416.07
(444.58)",387.77,98.47
805,"4L of Kadapa China Orampadu section of NH-716 Package I of Kadapa-Renigunta
section
(NHAI)
(618633)
(-) (-)",Andhra Pradesh,"12/2022
(03/2026)","03/2028
(03/2028)","1732.66
(1732.66)",105.77,2.3
806,"6L Korlam-Kantakapalle Section of NH-130CD Road from Km 421.100 to Km 445.100
Pkg-3
(NHAI)
(618682)
(-) (-)",Andhra Pradesh,"02/2021
(02/2022)","02/2024
(07/2026)","1112.7
(1127.63)",849.97,99.5
807,"Renigunta - Poyya - Naidupeta km 124.60 to km 183.4 of NH 71
(NHAI)
(618700)
(-) (-)",Andhra Pradesh,"03/2020
(01/2022)","01/2024
(09/2026)","1863.09
(2510.14)",1677.08,98.6
808,"6L Access Controlled Greenfield Highway from Kodur Ch. 0000 to Vanavolu Ch.
24300 of [NH-544G] Package-1
(NHAI)
(618712)
(-) (-)",Andhra Pradesh,"01/2023
(02/2024)","02/2026
(03/2027)","912.94
(798.25)",357.89,86.63
809,"6L Access Controlled Greenfield Highway from Yerragudipadu Ch. 129000 to
Audireddipalle Ch. 160000 of [NH 544G] Package-6
(NHAI)
(618713)
(-) (-)",Andhra Pradesh,"02/2023
(02/2024)","02/2026
(11/2027)","1200.42
(1019.69)",282.03,45.04
810,"6L Access Controlled Greenfield Highway from Nallacheruvu palli Ch. 96300 to
Yerragudipadu Ch. 129000 of [NH-544G] Package-5
(NHAI)
(618714)
(-) (-)",Andhra Pradesh,"02/2022
(02/2024)","02/2026
(06/2027)","1253.26
(1095.78)",388.46,65.04
811,"6L Access Controlled Greenfield Highway from Odulapalle Ch. 72000 to Nallacheruvu-
palli Ch. 96300 of [NH-544G]Package-4
(NHAI)
(618715)
(-) (-)",Andhra Pradesh,"01/2023
(02/2024)","02/2026
(04/2027)","1058.9
(946.1)",403.17,75.92
812,"6L Access Controlled Greenfield Highway from Vankarakunta Ch. 45700 to Odulapalle
Ch. 72000 of [NH-544G]Package-3
(NHAI)
(618716)
(-) (-)",Andhra Pradesh,"12/2022
(03/2024)","03/2026
(03/2027)","992.91
(888.07)",320.05,77.21
813,"6L Access Controlled Greenfield Highway from Vanavolu Ch. 24300 to Vankarakunta
Ch. 45700 of [NH-544G] Package-2
(NHAI)
(618717)
(-) (-)",Andhra Pradesh,"01/2023
(03/2024)","03/2026
(02/2027)","750.81
(626.91)",250.23,86.13
814,"6L Access Controlled Greenfield Highway from Kavulakuntla Ch. 196000 to
Narayanmpet Ch. 203500Package-09
(NHAI)
(618718)
(-) (-)",Andhra Pradesh,"02/2023
(02/2025)","02/2027
(12/2027)","1092.18
(956.4)",200.13,47.73
815,"6L Access Controlled Greenfield Highway from Mallapalle Ch. 176000 to
Kavulakuntla Ch. 196000 Package-08
(NHAI)
(618719)
(-) (-)",Andhra Pradesh,"02/2023
(02/2024)","02/2026
(07/2027)","909.02
(751.81)",289.88,60.57
816,"6L Access Controlled Greenfield Highway from Audireddipalle Ch. 160000 to
Mallapalle Ch. 176000Package-07
(NHAI)
(618720)
(-) (-)",Andhra Pradesh,"02/2023
(03/2024)","03/2026
(04/2027)","987.1
(848.06)",338.11,70.51
817,"6L Access Controlled Greenfield Highway from Chandrasekharapuram Ch. 228000 to
Polavaram Ch. 260000of [NH-544G] Package-11
(NHAI)
(618721)
(-) (-)",Andhra Pradesh,"02/2023
(02/2024)","02/2026
(08/2027)","1292.65
(1110.33)",337.78,60.8
818,"Khammam-Devarapalle Pkg V [4L Access Controlled Greenfield from Gurvaygudem
village to Devarapalle village Design Chainage 132664 to 162126
(NHAI)
(618749)
(-) (-)",Andhra Pradesh,"12/2020
(09/2022)","09/2024
(07/2026)","711.94
(926.48)",566.96,100
819,"4L PS Mydukur - Badvel from Km 585.820 to Km 630.960 of NH-67
(NHAI)
(618759)
(-) (-)",Andhra Pradesh,"05/2022
(09/2023)","09/2025
(10/2026)","1063.57
(1103.87)",585.5,90.4
820,"4L of Pileru to Kalur Section from Km 55.900 to Km 92.800 & Km 94.500 to Km
95.717 of NH-71Package-II
(NHAI)
(618777)
(-) (-)",Andhra Pradesh,"03/2022
(10/2023)","11/2025
(08/2026)","1877.47
(592.85)",246.41,98.84
821,"4L of Madanapalle to Pileru Section from Km 0.000 to Km 55.900 of NH-71Package-I
(NHAI)
(618778)
(-) (-)",Andhra Pradesh,"02/2022
(01/2023)","01/2025
(07/2026)","1877.47
(1994.1)",1182.65,94.9
822,"Development of 4L Road from Samarlakota to Achampeta Junction as part of
Kakinada Port Connectivity to NH-16 Rajanagaram Junction in East Godavari District
(NHAI)
(618803)
(-) (-)",Andhra Pradesh,"09/2022
(08/2023)","08/2025
(12/2026)","645.63
(750.2)",680.06,92.1
823,"Dedicated Port road to Krishnapatnam Port Package-I from Km. 0.000 to Km. 18.000
(NHAI)
(618804)
(-) (-)",Andhra Pradesh,"03/2018
(12/2018)","12/2020
(03/2027)","348.72
(341.36)",303.73,78.95
824,"6L Connectivity to Port Road from Sabbavaram Sheelanagar-NH516C
(NHAI)
(618805)
(-) (-)",Andhra Pradesh,"12/2024
(02/2026)","02/2028
(02/2028)","977.33
(977.33)",127.79,6.3
825,"Improvement of 4L road to 6L road and 4L dedicated Port Roads for the Port
connectivity road from Convent junction to Sheelanagar Junction
(NHAI)
(618806)
(-) (-)",Andhra Pradesh,"01/2023
(02/2024)","02/2026
(12/2026)","685.99
(680.21)",478.52,79
826,"4L Greenfield Road connecting North and South industrial cluster of Khandaleru Creek
near Krishnapatnam port at Thamminapatnam to Mollur from Km 0.0 to Km 16.046,
Part I & 6L extension of dedicated port road of NH-67 Km 18.0 to Km 19.3, Part II
(NHAI)
(618807)
(-) (-)",Andhra Pradesh,"08/2022
(09/2023)","09/2025
(01/2027)","609.43
(559.98)",552.88,81.81
827,"4 Laning of NH-544D from Km 0.000 to km 37.000 of Anantapur- Muchukota section
Pkg-1
(NHAI)
(618826)
(-) (-)",Andhra Pradesh,"10/2022
(07/2023)","07/2025
(08/2026)","907.76
(905.98)",468.12,91.97
828,"4 Laning of NH-544D from Km 37.000 to km 69.000 of Muchukota- Bugga section
Pkg-2
(NHAI)
(618827)
(-) (-)",Andhra Pradesh,"10/2022
(08/2023)","08/2025
(12/2026)","1097.57
(1055.23)",466.89,82.05
829,"Access Controlled Highway of 4 Lane with Paved Shoulders from TN/AP Border
Design Chainage Km 6151 to Puttur Design Chainage Km 81540 of NH-716 & 6 Lane
with Paved Shoulders from Mallavaram to Renigunta
(NHAI)
(618920)
(-) (-)",Andhra Pradesh,"03/2024
(12/2024)","12/2026
(03/2027)","1346.82
(1260.37)",188.66,39.57
830,"Six Laning of Vijayawada Bypass from Chinna Avutapalli to Gollapudi in Vijayawada -
Gundugolanu Section from km. 0.00 to km. 30.00 Pkg-III
(NHAI)
(619076)
(-) (-)",Andhra Pradesh,"01/2020
(02/2021)","02/2023
(09/2026)","1581.24
(1883.71)",1024.75,98.2
831,"4 L of China Orampadu-Renigunta section of NH-716 Package-II of Kadapa-
Renigunta section
(NHAI)
(619102)
(-) (-)",Andhra Pradesh,"12/2022
(03/2026)","03/2028
(03/2028)","1500.11
(1500.11)",120.46,0
832,"6L Jakkuva Korlam Section of NH-130CD Road from km 396.800 to km 421.100 Pkg
2
(NHAI)
(619111)
(-) (-)",Andhra Pradesh,"02/2021
(03/2022)","03/2024
(07/2026)","840.51
(840.51)",573.89,99.5
833,"6L Kantakapalle Sabbavaram Section of NH-130CD Road from Km 445.100 to Km
464.662 Pkg-4
(NHAI)
(619112)
(-) (-)",Andhra Pradesh,"02/2021
(10/2022)","10/2024
(12/2026)","1012.57
(1012.57)",702.32,84
834,"6L Access Controlled Greenfield Highway from Narayanmpet Ch. 203500 to
Chandrasekharpuram Ch. 228000Package-10
(NHAI)
(619123)
(-) (-)",Andhra Pradesh,"02/2023
(02/2024)","02/2026
(07/2027)","813.66
(678.21)",223.05,66.12
835,"6L Access Controlled Greenfield Highway from Polavaram Ch. 260000 to Marripudi
Ch. 285500 of [NH-544G]Package-12
(NHAI)
(619124)
(-) (-)",Andhra Pradesh,"02/2023
(02/2024)","02/2026
(05/2027)","747.29
(626.83)",242.62,70.2
836,"6L Access Controlled Greenfield Highway from Somavarappadu Ch.314.600 to
Muppavaram Ch.343240 of [NH-544G] Package-14
(NHAI)
(619125)
(-) (-)",Andhra Pradesh,"02/2023
(02/2024)","02/2026
(10/2027)","1103.9
(943.66)",259.07,44.56
837,"6L Access Controlled Greenfield Highway from Marripudi Ch. 285500 to
Somavarappadu Ch. 314600 of [NH-544G] Package-13
(NHAI)
(619126)
(-) (-)",Andhra Pradesh,"02/2023
(02/2024)","02/2026
(04/2027)","976.41
(798.71)",370.82,73
838,"6L of Naidupeta Junction - Turpukanupur Section from km 57.046 to km 91.927
(NHAI)
(619140)
(-) (-)",Andhra Pradesh,"08/2022
(10/2023)","10/2025
(10/2027)","1398.84
(965.58)",374.07,48.9
840,"Balance works in AP Portion and punch list items in TN & AP portion of NH-205
(NHAI)
(619160)
(-) (-)",Andhra Pradesh,"10/2022
(07/2023)","01/2025
(01/2026)","166.52
(113.46)",98.52,100
848,"Construction of Balance work of 2-Lane with PS of Joram Koloriang Road from
existing Km122.600 to km138.00 [Design Km108.724 to Km123.714] in Arunachal
Pradesh on EPC Mode under SARDP-NE Pkg-7
(NHIDCL)
(618433)
(-) (-)",Arunachal Pradesh,"02/2017
(10/2020)","04/2022
(04/2026)","184.89
(184.89)",0,99.69
850,"Construction of 2-Laning with hard shoulders of Demwe-Brahmakund section of NH-
13 from Ch.0.00 km to 18.464 km on EPC under SARDP-NE NHO-NE -Balance Work
(NHIDCL)
(618445)
(-) (-)",Arunachal Pradesh,"08/2020
(06/2025)","12/2027
(12/2027)","353.9
(353.9)",0,19.55
858,"4-L Bilasipara-Guwahati Package-10
(NHIDCL)
(618282)
(-) (-)",Assam,"03/2023
(12/2023)","06/2026
(03/2027)","1264.9
(1264.9)",603.33,64.48
859,"4-L Bilasipara-Guwahati Package-9
(NHIDCL)
(618283)
(-) (-)",Assam,"03/2023
(12/2023)","06/2026
(03/2027)","1000.27
(1000.27)",490.64,59.78
861,"Construction of New 2-Lane Bridge with its approaches from km 0000 to Km 4385
across River Brahmaputra on NH-17 at Jogighopa in Assam on EPC mode
(NHIDCL)
(618286)
(-) (-)",Assam,"09/2021
(11/2021)","11/2024
(12/2026)","746.76
(746.76)",426.91,81.07
864,"Construction and up gradation to 4-Lane of existing two lane with paved shoulder from
Hapachara to Tulungia road of NH-117 of existing Km 0.00 to km 14.050 and Design
Km 0.000 to km 14.660 under BMP on EPC mode
(NHIDCL)
(618289)
(-) (-)",Assam,"03/2020
(06/2020)","12/2022
(03/2026)","224.85
(224.85)",209.94,97.76
870,"Widening/lmprovement of Existing 2 lane to 4-Laning of Karimganj-Silchar section of
NH-37 from Design Ch 0.000 near Silchar ISBT to Design Ch 15.970 near Kalinagar
Pt I on NH-37 in Assam on HAM Mode Pkg-1
(NHIDCL)
(618313)
(-) (-)",Assam,"03/2024
(09/2025)","09/2027
(09/2027)","1181.55
(1181.55)",0,41.26
873,"Dillai to Lahorijan Package-7
(NHIDCL)
(618325)
(-) (-)",Assam,"11/2021
(01/2023)","07/2024
(04/2026)","204.1
(204.1)",142.21,0
874,"Widening/Improvement to 4-Lane with Paved Shoulder from KM 38500 to Km 51246
Design Chainage 38500 to 50959 with proposed Daboka Bypass of Daboka-
Parokhaowa of NH 29 on EPC under NHO-NE Package-1
(NHIDCL)
(618326)
(-) (-)",Assam,"01/2023
(11/2023)","11/2025
(06/2026)","516.88
(516.88)",0,99.7
876,"Widening/Improvement to 2-Lane Lane with Paved Shoulder from km 16900 Bogapani
to km 27150 Golai Goan on existing Dibrugarh to Ledo section with proposed Digboi
Bypass Green Field and Brownfield 2-LanePS of NH-315 OLD NH-38 in Tinsukia
District under NHO- NE Package-4
(NHIDCL)
(618339)
(-) (-)",Assam,"01/2023
(12/2023)","12/2025
(12/2026)","356.65
(356.65)",80.08,20.45
877,"Widening/Improvement to 4-Lane with Paved Shoulder from km 626030 Nalani hulla
Gaon to km 650450 Chotahapjan on existing Tinsukhia -Makum Bypass of NH-15
OLD NH-37 and Strengthening of existing NH-315 OLD NH-38 from Km 0000
Chotahapjan to Km 16900 Bogapani section 2-Lane PS in Assam on EPCMode under
NHO-NE Package-3
(NHIDCL)
(618340)
(-) (-)",Assam,"01/2023
(05/2023)","05/2025
(10/2026)","458.59
(458.59)",249.84,88.99
882,"Widening/Improvement to 4-Lane with Paved Shoulder configuration of existing single
lane road from Srirampur near Bhairiguri Village to Kachukhana Harichara Paglagaunj
Package-I of Srirampur - Dhubri Section of NH-127B from existing Km 0.000 to Km
28.050 Design Km 0.000 to Km 27.650, Design Length27.650 Km under JICA ODA
Loan assistance Phase-V -Balance work
(NHIDCL)
(618371)
(-) (-)",Assam,"03/2022
(11/2024)","11/2026
(11/2026)","613.89
(613.89)",384.24,89.5
883,"Construction of 4-Lane Bridge including approaches over River Brahmaputra between
Dhubri on North Bank,Assam and Phulbari on south Bank,Meghalaya on NH-127B
under JICA ODA Loan assistance Phase-III
(NHIDCL)
(618373)
(-) (-)",Assam,"05/2019
(12/2020)","09/2028
(09/2028)","4997.04
(4997.04)",3033.59,77.14
894,"Earthwork in Formation, Road Work, Construction of Bridges, Blanketing, P. Way
Linking works including Supply of P. Way Fittings and Track Ballast in connection with
Construction of Railway Siding from Jogighopa Railway Station to MMLP at Jogighopa
from Ch. 00 to 3760 on Item Rate basis Package -3, Railway Siding from Jogighopa
Railway Station to MMLP
(NHIDCL)
(618454)
(-) (-)",Assam,"02/2020
(12/2020)","06/2022
(09/2024)","693.97
(693.97)",41.78,93.23
897,"2L with ES of Yagyi - Kalewa section from Milepost 40/0 to Milepost 115/5 in Myanmar
(NHAI)
(618958)
(-) (-)",Assam,"12/2017
(05/2018)","06/2023
(07/2027)","1200.14
(1200.14)",0,52
901,"Balance work of 4L of NarimbangloJatinga Junction- Harangajoroad section from Km
0.000 to Km 49.230 of NH-27
(NHAI)
(619089)
(-) (-)",Assam,"03/2022
(01/2023)","01/2026
(07/2026)","1909.98
(2745.74)",1386.87,94.59
903,"Widening & Strenthening from km132.895 to km 190.15 NH-80
(MoRTH)
(617958)
(-) (-)",Bihar,"03/2021
(11/2022)","11/2024
(08/2026)","566.1
(566.1)",292.35,95.1
904,"Gaya-Hisua-Rajgir-Nalanda-Biharsharif section km0.00 to 92.935 NH-82
(MoRTH)
(617961)
(-) (-)",Bihar,"01/2014
(11/2016)","11/2019
(10/2026)","1408.85
(2138.16)",0,97
908,"Sheohar-Sitamarhi Section km 40.000 to 79.400 km Lot-I
(MoRTH)
(618005)
(-) (-)",Bihar,"02/2016
(05/2016)","05/2018
(09/2026)","178.85
(278.53)",0,98.65
921,"Balance work - WB-10 Gandak Bridge Km 402.00 to Km 440.00 Devanpur - Kotwa
(NHAI)
(618569)
(-) (-)",Bihar,"11/2021
(07/2022)","01/2024
(02/2027)","210.05
(358.3)",181.96,64.05
923,"6L Greenfield Varanasi-Ranchi-Kolkata Highway from Pachmon village to
Anarbansalea village From KM. 116000 to KM. 151200 Package-6
(NHAI)
(618725)
(-) (-)",Bihar,"03/2023
(09/2025)","09/2027
(09/2027)","1915.99
(1920.21)",405.1,23.77
924,"6L Greenfield Varanasi-Ranchi-Kolkata Highway from junction with Chandauli-
Chainpur Road near Khainti village to junction with Bhabhua-Adhaura road near Palka
village from Km. 27.000 to Km. 54.000 Pkg-2
(NHAI)
(618726)
(-) (-)",Bihar,"03/2023
(10/2025)","10/2027
(10/2027)","1240.93
(1341.52)",244.38,25.37
925,"6L Greenfield Varanasi-Ranchi-Kolkata Highway from junction with Bhabhua-Adhaura
road in Bhairopur village to Konki village From KM. 54.000 to KM. 90.000Pkg-3
(NHAI)
(618727)
(-) (-)",Bihar,"03/2023
(10/2025)","10/2027
(10/2027)","1576.94
(1711.44)",313.1,22
926,"6L Bridge and its approaches across River Ganga as Part of Patna Ring Road NH-
131G starting from Km 8.480 near Sherpur to Km 23.000 near Dighwara
(NHAI)
(618738)
(-) (-)",Bihar,"09/2022
(09/2023)","09/2027
(03/2029)","6291.69
(3351.62)",733.93,21.21
927,"4L Greenfield Alignment of Amas to Shivrampur from 0.000 Km. to 55.002 Km. of NH
119 D Pkg-I
(NHAI)
(618739)
(-) (-)",Bihar,"02/2022
(03/2023)","03/2025
(07/2027)","1390.92
(1427.43)",604.49,54.1
928,"4L Greenfield Alignment of Shivrampur to Ramnagar from Km. 55.002 to Km.
109.300 of NH 119 D Pkg-II
(NHAI)
(618740)
(-) (-)",Bihar,"02/2022
(07/2023)","07/2025
(11/2027)","1494.31
(1546.07)",664.55,50.15
929,"4L Greenfield Alignment from Kalyanapur to Tal Dashraha of NH-119D Pkg-III
(NHAI)
(618741)
(-) (-)",Bihar,"03/2022
(02/2023)","02/2025
(03/2028)","1857.58
(1969.3)",929.35,33.48
930,"Construction of 6-lane Greenfield corridor from Ramnagar to Kacchi Dargah NH-119D
from Km 109700 to Km 122300, including widening of the existing NH-31 from Km
196700 to Km 198600, as part of the Amas-Darbhanga.
(NHAI)
(618742)
(-) (-)",Bihar,"01/2025
(04/2026)","04/2028
(04/2028)","1113.46
(1113.46)",12.43,0.5
931,"Ara Bypass
(NHAI)
(618775)
(-) (-)",Bihar,"03/2025
(10/2025)","04/2027
(04/2027)","226.32
(226.32)",5.62,24.84
932,"Construction of four laning of Bakarpur- Manikpur road section starting from village
Chitarsenpur km 0000 and terminating at SH-74 near Manikpur 38814 at NH-139W
under Bharatmalapariyona
(NHAI)
(618790)
(-) (-)",Bihar,"03/2023
(10/2024)","04/2027
(09/2027)","1422.37
(1537.99)",623.75,46.1
933,"4L PS under NH configuration of Manikpur-Sahebganj of NH-139W
(NHAI)
(618791)
(-) (-)",Bihar,"10/2024
(01/2026)","12/2027
(12/2027)","1538.76
(1538.76)",564.37,26.6
934,"Simaria Km. 206.050 to Khagaria Km. 266.282
(NHAI)
(618840)
(-) (-)",Bihar,"12/2015
(10/2016)","04/2019
(10/2026)","664.02
(891.64)",813.98,97.72
935,"4L Elevated Section and at-grade improvements at Begusarai town Simaria - Khagaria
section from Km. 221.047 to Km. 225.302 of NH-31
(NHAI)
(618841)
(-) (-)",Bihar,"10/2021
(06/2022)","12/2024
(08/2026)","491.04
(348.38)",348.04,95.72
936,"Bakhtiyarpur-Rajauli Pkg-II from km. 54.405 to km.101.630
(NHAI)
(618861)
(-) (-)",Bihar,"09/2020
(04/2021)","07/2023
(07/2026)","897.45
(1397.47)",914.25,97.85
937,"Bakhtiyarpur-Rajauli Pkg-III from km. 101.630 to km.152.520
(NHAI)
(618862)
(-) (-)",Bihar,"09/2020
(12/2021)","06/2024
(07/2026)","2156.22
(3046.61)",1815.2,99.14
938,"Maheshkunt-Saharsa-Purnea Pkg I km 0.00 to km. 90.00 of NH-107
(NHAI)
(618902)
(-) (-)",Bihar,"02/2017
(12/2019)","12/2021
(09/2026)","662.44
(1311.22)",1125.2,90.07
939,"Maheshkunt -Saharsa-Purnea Pkg II
(NHAI)
(618903)
(-) (-)",Bihar,"03/2017
(12/2018)","12/2020
(09/2026)","1028.28
(1244.09)",1220.65,94
940,"Chhapra - Hajipur from km. 143.200 to km. 209.200
(NHAI)
(618904)
(-) (-)",Bihar,"07/2010
(01/2011)","07/2013
(04/2026)","2127.86
(2171.6)",526.04,89.81
941,"Widening with additional 3L abetting Chhapra Bypass Section of NH-19 from Km.
143.200 to Km. 159.255 Pkg-1
(NHAI)
(618905)
(-) (-)",Bihar,"02/2024
(08/2024)","08/2026
(10/2026)","470.5
(528.48)",287.52,73.26
942,"4L Elevated Corridor and at-grade improvements from Design Ch0000 to Design Ch
19870 of Danapur Bihta Section, Design Ch0000 to Design Ch0231 connecting the
existing RoB near Danapur station ,1.35 Km ramps and at-grade improvements to 4-
lane section on Danapur side and Upgradation of existing Two lane carriageway to
Four Lane carriageway from Design Ch19870 to Design Ch23500 of Bihta - Koilwar
section
(NHAI)
(618914)
(-) (-)",Bihar,"10/2022
(03/2024)","09/2026
(08/2027)","4432.97
(2625.4)",1517.29,61.12
944,"4L of Siwan- Masrakh section of Ram Janki Marg from Km 230.385 to Km 281.391 of
NH-227A
(NHAI)
(618926)
(-) (-)",Bihar,"08/2022
(11/2024)","11/2026
(11/2028)","1431.36
(1927.04)",502.89,10.33
945,"Umagaon-Saharsa Package-IV Koshi Bridge & approach Road - Bheja-Bakaur
(NHAI)
(618953)
(-) (-)",Bihar,"02/2019
(02/2020)","08/2023
(03/2027)","1199.58
(1223.94)",1308,91.99
946,"Umagaon - Saharsa Package - I Combined Umagaon-Kaluahi0.000KM to 21.609Km
of NH227LSaharghat-Rahika0.000 Km to 26.130KM of NH227JRahika-Rampatti 0.00
KM to 15.00KM of NH527ABideshwarsthan-Bheja0.000KM to 25.915KM of NH527A.
(NHAI)
(618954)
(-) (-)",Bihar,"08/2022
(01/2025)","07/2027
(07/2027)","1473.2
(1703.02)",641.88,21.5
947,"2L PS of Majhauli to Charout section from km. 0.00 to km. 63.655
(NHAI)
(618955)
(-) (-)",Bihar,"01/2018
(11/2019)","11/2021
(07/2026)","638.29
(1067.51)",1096.09,99.8
948,"Construction of Major Bridge over Baghmati and Lakhandei River along with
Approaches from Design km.16.500 to km.21.500
(NHAI)
(618956)
(-) (-)",Bihar,"02/2024
(10/2024)","04/2027
(03/2028)","498.97
(380.3)",43.95,25.03
949,"4L of Greenfield Alignment from Km. 47.000 to Km. 89.210 of Balbhadarpur to Bela
Nawda Section of NH-119D
(NHAI)
(619127)
(-) (-)",Bihar,"03/2022
(03/2024)","03/2026
(03/2028)","2185.75
(2118.46)",717.01,29.13
950,"Rehabilitation and Upgradation of Chorma - Bairgania Section of National Highway
No 227F to 2 lane with paved shoulders from Design Ch.0.000 to Ch. 34.566
(NHAI)
(619136)
(-) (-)",Bihar,"06/2022
(02/2024)","01/2026
(07/2026)","610.78
(628.65)",336.7,100
951,"Bakhtiyarpur Km 153.300 to Mokama Km 197.900
(NHAI)
(619152)
(-) (-)",Bihar,"12/2015
(06/2017)","12/2019
(07/2026)","1182.94
(1898.84)",1797.43,99.95
952,"Umagaon-Saharsa Package-V Bakaur-Parsarma-Bangaon-Bariyahi & Spur to Mahishi
(NHAI)
(619166)
(-) (-)",Bihar,"10/2022
(12/2023)","12/2025
(08/2026)","768.35
(968.42)",503.02,99.5
953,"4L of Munger Mirzachauki section from Munger to Kharia village junction from Km
69520 to Km 95580 Pkg-1
(NHAI)
(619289)
(-) (-)",Bihar,"01/2021
(03/2022)","03/2024
(10/2026)","1659.81
(1696.66)",670.56,82.72
954,"Construction of Approach Road to Rail-cum- Road Bridge across river Ganga at
Munger Ghat NH-333 B
(NHAI)
(619301)
(-) (-)",Bihar,"07/2013
(12/2018)","05/2021
(07/2026)","537.88
(633.91)",573.9,99.99
955,"4L of Munger Mirzachauki section from start of existing Bhagalpur bypass to Rasulpur
from Km 125000 to Km 157350 Pkg-3
(NHAI)
(619305)
(-) (-)",Bihar,"01/2021
(04/2022)","04/2024
(12/2026)","1769.5
(2024.59)",672.67,77.3
956,"4L of Munger Mirzachauki section from Km 95580 to Km 125000 Pkg-2
(NHAI)
(619306)
(-) (-)",Bihar,"02/2021
(03/2022)","03/2024
(07/2026)","1020.84
(1235.65)",633.41,95.31
957,"4L of Hajipur-Muzaffarpur Section of the existing NH-77 from Km. 0000 Ramashish
Chowk to Km. 46300 and new bypass starting at Km. 46300 and connecting NH-28 of
E-W Corridor at Km. 515045
(NHAI)
(619317)
(-) (-)",Bihar,"08/2010
(08/2010)","02/2013
(08/2026)","2723.39
(2906.78)",2160.8,99.45
958,"Bemetara Bypass NH 30
(MoRTH)
(617908)
(-) (-)",Chhattisgarh,"01/2024
(04/2025)","04/2027
(04/2027)","161.96
(161.96)",0,42
962,"Upgradation of Ambikapur-Ramanujganj-Garwa road of NH-343, Package-III, Badki
mahri village to Ramanujganj section from existing km 80.600 to km 110.330 Design
Ch. 85.370 to Ch. 114.800 of total length 29.430 km to two lane with paved shoulders
udner corridor scheme under EPC Mode in the of Chhattisgarh
(MoRTH)
(618014)
(-) (-)",Chhattisgarh,"03/2022
(05/2025)","10/2026
(10/2026)","199.05
(199.05)",52.96,33.58
966,"Upgradation of Bilaspur-Takhatpur-Mungeli-Pandariya-Pondi Road on N.H.-130A
Package IIIA Takhatpur By-pass from existing Ch. 26.542 to 32.093 [Design Ch.
18.700 to 25.900] & Mungeli By-pass from existing Ch. 45.786 to 56.275 [Design Ch.
29.600 to 51.600] and Package IIIB Pandariya By-Pass from existing Ch. 82.582 to
87.133 [Design Ch. 77.900 to 81.1000 & Pondi By-pass from existing Ch. 103.166 to
104.756 [Design Ch. 97.000 to 103.395] to two lane with paved shoulder configuration
in the
(MoRTH)
(618018)
(-) (-)",Chhattisgarh,"03/2022
(01/2024)","07/2025
(12/2026)","351.19
(351.19)",11.63,11
967,"Durg-Raipur Bypass Section Package - 1 from km. 0.00 to km. 44.50 near Tendesara
to near Khatti Village
(NHAI)
(618589)
(-) (-)",Chhattisgarh,"06/2022
(07/2023)","07/2025
(03/2027)","1828
(1656.73)",1016.41,74.93
968,"Durg-Raipur-Arang Package - 2 from km. 44.50 to km. 92.23 near Khatti Village to
near Aurang
(NHAI)
(618590)
(-) (-)",Chhattisgarh,"06/2022
(06/2023)","05/2025
(03/2027)","1958.9
(1561.97)",1000.81,73.96
969,"4L of Bilaspur to Urga km 0.00 to 70.2 of NH-130A
(NHAI)
(618639)
(-) (-)",Chhattisgarh,"04/2020
(03/2022)","03/2024
(07/2026)","1855.59
(2523.86)",1468.47,94.81
970,"4L of Urga - Pathalgaon from Km. 70.200 to km. 157.745 of NH-130A
(NHAI)
(618640)
(-) (-)",Chhattisgarh,"03/2022
(02/2024)","08/2026
(08/2026)","2261.3
(2860.36)",1050.51,80.05
971,"4L of Pathalgaon-Kunkuri-CG/JH Border section of NH-43 from Km. 00.000 to
Km.104.250
(NHAI)
(618646)
(-) (-)",Chhattisgarh,"08/2024
(04/2026)","04/2029
(04/2029)","3147.07
(3147.07)",0.03,0
972,"Development of 6L of Jhanki Sargi Section Road from km 0.000 to km 42.800 of NH-
130CD Pkg-CG-1
(NHAI)
(618673)
(-) (-)",Chhattisgarh,"11/2021
(09/2022)","09/2024
(02/2027)","1368.19
(1129.14)",715.25,99.35
973,"Development of 6L Sargi Basanwahi Section from km 42.800 to km 99.500 of NH-
130CD Pkg-CG-2
(NHAI)
(618674)
(-) (-)",Chhattisgarh,"12/2021
(01/2023)","01/2025
(07/2026)","1470.73
(1461.81)",757.59,100
974,"Development of 6L of Basanwahi Marangpuri Section from km 99.500 to km 124.661
of NH-130-CD
(NHAI)
(618675)
(-) (-)",Chhattisgarh,"03/2022
(10/2023)","10/2025
(03/2027)","1307.16
(1303.63)",481.63,66.8
975,"4 laning of Champa - Korba from km 0.00 to km 38.2
(NHAI)
(618957)
(-) (-)",Chhattisgarh,"02/2021
(01/2022)","01/2024
(07/2026)","1002.33
(1304.47)",944.63,98.75
977,"4/6 Laning of Raipur-Simga Pkg-I from km. 0.00 to km. 48.58
(NHAI)
(619103)
(-) (-)",Chhattisgarh,"10/2015
(04/2016)","04/2018
(07/2026)","1096.52
(1172.36)",905.25,100
978,"4 Laning with PS of Pathrapalli-Katghora km 53.3 to km 92.6 Pkg-II of Bilaspur
Kathghora
(NHAI)
(619167)
(-) (-)",Chhattisgarh,"12/2019
(12/2020)","12/2022
(07/2026)","865.1
(1275.26)",851.38,93.1
980,"Widening of Existing Road from Intermediate Lane 2-lane to 4-lane Between Km
19.994 to Km 35.180 of NH-848A Rakholi-Khadoli-Velugam Section in U.T. of Dadra
and Nagar Haveli and Daman and Diu
(MoRTH)
(619183)
(-) (-)","Dadra & Nagar
Haveli and Daman
& Diu","10/2022
(02/2024)","06/2026
(07/2026)","198.06
(239.57)",75.95,80
981,"Development of 6L UER II [Package - I] NH-1 Near Bakoli till Karala Kanjhawala Road
from km. 0.70 to km.15.00
(NHAI)
(618509)
(-) (-)",Delhi,"07/2020
(10/2021)","10/2023
(06/2026)","2089.94
(2203.45)",1825.54,99.99
984,"4-Laning from End of Zuari approaches to Start of Margao Bypass section of NH-66
from Km 536.800 to Km 543.450
(MoRTH)
(617941)
(-) (-)",Goa,"07/2024
(02/2026)","02/2028
(02/2028)","398.25
(398.25)",0,0.5
985,"Construction of Six lane Elevated Corridor from Km. 508.000 to Km. 513.150 including
approaches on NH-66
(MoRTH)
(617942)
(-) (-)",Goa,"04/2023
(04/2024)","04/2026
(10/2026)","641.46
(641.46)",0,97.1
986,"4-laning of Navelim to Cuncolim Section of NH-66 from Km 554.245 to Km 561.480 on
HAM Mode
(MoRTH)
(617943)
(-) (-)",Goa,"12/2024
(04/2026)","10/2028
(10/2028)","746.75
(746.75)",0,0
987,"Construction of 4L Flyover from MES College Junction to Bogmalo Junction on NH-
566 from Km. 7.106 to Km. 10.460 and 4L VUP at Queeny Nagar Junction from Km.
3.330 to Km. 4.550
(NHAI)
(618609)
(-) (-)",Goa,"01/2024
(08/2024)","07/2026
(05/2027)","463.08
(316.28)",168.21,57.3
993,"Work of development and construction of elevated corridorfrom km 38/660 to km
42/690 Iscon junction to start point of approach of sanand flyover of NH-147 in the
sate of Gujarat
(MoRTH)
(617976)
(-) (-)",Gujarat,"03/2023
(06/2024)","06/2026
(08/2026)","530.2
(530.2)",58.29,90
997,"Delhi-Vadodara Greenfield Alignment NH-148N Pkg-26 Ch.696890 to Ch.726390
(NHAI)
(618459)
(-) (-)",Gujarat,"09/2020
(12/2022)","08/2024
(02/2027)","1555.2
(1556.4)",1273.31,81.6
998,"Delhi-Vadodara Greenfield Alignment NH-148N Pkg-28 Ch.756052 to Ch.781282
(NHAI)
(618460)
(-) (-)",Gujarat,"09/2020
(11/2021)","11/2023
(04/2026)","1263.38
(1266.98)",934.98,100
999,"Delhi-Vadodara Greenfield Alignment NH-148N Pkg-31 Ch.824920 to Ch.844382
[Junction near Pratap nagar Village - Junction near Dodka Village]
(NHAI)
(618462)
(-) (-)",Gujarat,"11/2019
(05/2021)","05/2023
(06/2026)","1644.85
(1651.14)",1297.47,100
1000,"Vadodara Mumbai Expressway Kim to Ankleshwar Phase IA - Pkg V
(NHAI)
(618463)
(-) (-)",Gujarat,"02/2018
(11/2019)","10/2021
(07/2026)","1324.84
(2807.48)",1471.27,91.34
1001,"Vadodara Mumbai Expressway Jujuwa - Gandeva from Km. 154.600 to Km. 190.000
Phase-I Package-VIII
(NHAI)
(618466)
(-) (-)",Gujarat,"07/2023
(08/2024)","03/2026
(11/2026)","3834.24
(3820.2)",197.98,4.85
1002,"Vadodara Mumbai Expressway Karvad - Jujuwa from Km. 128.000 to Km. 154.600
Phase-I Package-IX
(NHAI)
(618467)
(-) (-)",Gujarat,"07/2023
(04/2024)","10/2025
(07/2027)","2594.17
(2587.04)",226.62,21.75
1003,"Ahmedabad - Dholera Pkg III from km. 48.52 to km. 71.06 [Vejallka Village - Start of
DSIR zone]
(NHAI)
(618503)
(-) (-)",Gujarat,"05/2020
(07/2021)","07/2023
(07/2026)","1034.04
(1155.41)",1125.55,100
1004,"Ahmedabad - Dholera Pkg IV from km. 71.06 to km. 109.019 [Start of DSIR zone -
Adhelai Village]
(NHAI)
(618504)
(-) (-)",Gujarat,"05/2020
(12/2021)","12/2023
(07/2026)","1181.76
(1358.73)",1222.65,97.99
1006,"Construction of Additional Structures including Approaches in Vadodara Surat Section
of NH48 between existing Km. 108.000 to Km. 250.000
(NHAI)
(618508)
(-) (-)",Gujarat,"03/2024
(01/2025)","01/2027
(06/2027)","907.39
(907.39)",346.17,48.73
1007,"6L with PS of Samakhiyali to Santalpur section from km. 339.700 to Km. 430.100 of
NH-27
(NHAI)
(618564)
(-) (-)",Gujarat,"01/2023
(12/2023)","12/2025
(03/2027)","1553.76
(34.34)",28.59,64.52
1008,"Sanchore - Santalpur from km 99.000 - km 130.073 of NH-754K AJ-RGBS-Package-4
(NHAI)
(618615)
(-) (-)",Gujarat,"02/2020
(03/2021)","03/2023
(07/2026)","778.15
(835.55)",764,99.7
1009,"4L of Dhrol bypass section of NH-151A Approx. length 5.7 Km & widening upto 4
laning of missing link of Amran section of NH-151A Approx. length 6.55 Km from
existing Ch. 42000 to 48500 of ongoing Dhrol-Bhadra-Pipaliya section of NH-151A
(NHAI)
(618616)
(-) (-)",Gujarat,"03/2024
(02/2025)","02/2027
(02/2027)","625.58
(455.54)",140.05,32.1
1010,"Upgradation to 4L PS from Bhimasar, Junction of NH-41 to Anjar- Bhuj upto Airport
Junction from Km 0.000 to Km 65.478 of NH-341
(NHAI)
(618787)
(-) (-)",Gujarat,"03/2022
(01/2023)","06/2025
(03/2027)","1373.06
(1687.25)",837.7,96
1011,"Kodinar - Veraval Package VI from km. 221.610 to km. 263.00 of NH-8E & km.
120.900 to km. 121.150 of NH-8D
(NHAI)
(618833)
(-) (-)",Gujarat,"02/2016
(02/2018)","07/2020
(07/2026)","894.01
(1127.42)",730.04,98.79
1012,"4L PS Divided Carriageway from Patan Near Rajpur to Gojariya From Km 52.000 to
Km 128.940 of NH-68
(NHAI)
(618901)
(-) (-)",Gujarat,"12/2021
(03/2023)","03/2025
(10/2026)","1181.34
(1098.23)",923.85,87.12
1013,"4L PS from Ch. 94.030 in Jabugam Village to Ch. 132.320 in Dhamasiya Village of
NH-56 Pkg-III
(NHAI)
(618930)
(-) (-)",Gujarat,"03/2023
(11/2025)","11/2027
(11/2027)","1188.46
(898)",147.42,23.82
1014,"4L PS from Ch. 179.780 in Bitada/Movi Village to Ch. 208.900 in Nasarpore Village of
NH-56 Pkg-V
(NHAI)
(618931)
(-) (-)",Gujarat,"03/2023
(11/2025)","11/2027
(11/2027)","764.02
(566.96)",79.56,7.59
1016,"Widening to 6L of Existing 4L Jetpur - Gondal - Rajkot Section from Km. 117.600 to
Km. 185.00 on NH-27
(NHAI)
(619087)
(-) (-)",Gujarat,"03/2022
(09/2023)","09/2025
(01/2027)","2070.44
(1390.29)",1048.83,73.08
1017,"Four Laning of Una to Kodinar from km. 180.478 to km. 221.610 Package-V
(NHAI)
(619145)
(-) (-)",Gujarat,"02/2016
(02/2017)","08/2019
(07/2026)","877.71
(1126.66)",1008.77,100
1018,"Kagvadar - Una Package-IV
(NHAI)
(619146)
(-) (-)",Gujarat,"02/2016
(03/2017)","09/2019
(07/2026)","750.53
(955.78)",833.12,97.93
1019,"Delhi-Vadodara Greenfield Alignment NH-148N Pkg-27 Ch.729.700 to Ch.756.052
(NHAI)
(619197)
(-) (-)",Gujarat,"09/2020
(02/2022)","02/2024
(06/2026)","1185.69
(1259.27)",1037.33,97.21
1020,"Delhi-Amritsar-Katra Expressway Phase-I Pkg-I from Jussur Kheri on NH-KMP
Expressway to Junction with Rohtak-Panipat road NH-709 near Rukhi Paani village
Km 0000 to Km 34000
(NHAI)
(618482)
(-) (-)",Haryana,"12/2020
(12/2021)","12/2023
(07/2026)","1866.49
(2429.9)",1609.72,99.91
1021,"Delhi-Amritsar-Katra Expressway Phase-I Pkg-II from Junction with Rohtak-Panipat
road NH-709 near Rukhi Paani village to Junction with Jind-Panipat road NH-352A
near Gangana village Km 34000 to Km 60800
(NHAI)
(618483)
(-) (-)",Haryana,"12/2020
(01/2022)","01/2024
(07/2026)","1533.87
(1792.53)",1176.23,99.89
1023,"Gohana - Sonipat PKG-2
(NHAI)
(618580)
(-) (-)",Haryana,"01/2019
(07/2020)","07/2022
(07/2026)","1275.31
(1957.44)",1225.85,97.86
1024,"4L Greenfield Jalbhera Shahbad section from km. 0.000 to km. 22.850 of NH-152G
(NHAI)
(618788)
(-) (-)",Haryana,"03/2022
(06/2023)","05/2025
(08/2026)","927.22
(1173.66)",544.51,87.05
1025,"4L Bhiwani-Hansi road section of NH-148B
(NHAI)
(618792)
(-) (-)",Haryana,"11/2022
(12/2023)","12/2025
(08/2026)","1330.23
(1144.21)",455.02,99.5
1026,"Jagadhari - Tajewala from Km -0.175 to 32.337 km of NH-344
(NHAI)
(618936)
(-) (-)",Haryana,"03/2022
(02/2023)","02/2025
(03/2027)","1269.5
(919.43)",708.89,67.8
1027,"4L PS of Ambala Ring Road of New NH-44
(NHAI)
(619080)
(-) (-)",Haryana,"02/2023
(10/2023)","10/2025
(09/2026)","1093.35
(1225.41)",590.67,88.77
1028,"4L of Jind-Gohana road Package-1 from km. 0.00 to km. 40.601 of NH-352 A under
NHO
(NHAI)
(619092)
(-) (-)",Haryana,"01/2019
(07/2020)","07/2022
(07/2026)","994.22
(1606.82)",1064.47,99.97
1029,"4/6L of Gurgaon - Pataudi - Rewari from km. 0.00 to km.43.87 of NH-352W
(NHAI)
(619132)
(-) (-)",Haryana,"05/2020
(11/2021)","11/2023
(08/2026)","1810.04
(1917.5)",1267.19,76.98
1030,"Karnal ring road Lot-4/Pkg-1
(NHAI)
(619201)
(-) (-)",Haryana,"11/2022
(08/2023)","08/2025
(10/2026)","1741.45
(2041.54)",831.11,96.42
1031,"Rehabilitation and Upgrading of NH-707 OLD 72-B Package - 2 Hewna to Ashyari
(MoRTH)
(618051)
(-) (-)",Himachal Pradesh,"04/2020
(03/2021)","03/2023
(12/2025)","242.8
(220.95)",145.49,98.38
1038,"Construction of missing link from Birhu to Lathiani from Km 35/550 Design chainage
Km 0.000 to Km 42/800 Design Chainage Km 8.153on NH-503A including Lathiani
Bridge on back water of Govindsagar and its approaches in Himachal Pradesh.
(MoRTH)
(618253)
(-) (-)",Himachal Pradesh,"06/2023
(03/2026)","03/2029
(03/2029)","870.95
(896.86)",0,0
1039,"Nerchowk km 190.000 to Pandoh including Pandoh bypass km221.305
(NHAI)
(618850)
(-) (-)",Himachal Pradesh,"03/2016
(01/2018)","07/2020
(07/2026)","1464.12
(1651.67)",1567.12,100
1041,"4L Sundar Nagar Bypass from Km.173.900 to Km.179.600 of NH-21
(NHAI)
(618852)
(-) (-)",Himachal Pradesh,"02/2022
(06/2022)","06/2024
(07/2026)","191.11
(192.11)",182.26,100
1042,"Rehabilitation and Upgradation to 4L configuration & Strengthening of Sihuni to Rajol
from Km 51.000 to Km 72.000 of NH-154 Package-IIA
(NHAI)
(618878)
(-) (-)",Himachal Pradesh,"03/2022
(09/2023)","09/2025
(09/2026)","696.65
(776.59)",493.1,98.58
1043,"Rehabilitation and Upgradation to 2L PS configuration & Strengthening of Padhar to
Bijni section from Km 180.000 to Km 202.815 of NH-154 Pkg-VA
(NHAI)
(618879)
(-) (-)",Himachal Pradesh,"06/2022
(11/2024)","11/2026
(11/2026)","930.86
(930.86)",665.28,99.19
1044,"Rehabilitation and Up-gradation to 4L configuration & Strengthening of Thanpuri to
Paror section from Km 85.135 to Km 100.840 of NH-154 Pkg-IIC
(NHAI)
(618880)
(-) (-)",Himachal Pradesh,"07/2022
(03/2024)","12/2025
(04/2027)","815.68
(666.79)",486.73,54.91
1045,"4L PS bijni to mandi section from Km 202.815 to Km 208.000 of NH-20 New NH-154
of Pathankot-Mandi Package-VB
(NHAI)
(618881)
(-) (-)",Himachal Pradesh,"02/2023
(03/2025)","09/2027
(09/2027)","1113.02
(1112.39)",525.23,34.57
1046,"Rehabilitation and Up-gradation of existing road to 2L PS from End of Hamirpur
Bypass near Chilbahal to Bhangbar section from Km. 138.295 to Km.175.270 of NH-
88 Pkg-IV
(NHAI)
(618888)
(-) (-)",Himachal Pradesh,"03/2022
(04/2023)","04/2025
(08/2026)","1146.19
(1358.62)",987.23,95.72
1047,"4L of Bhangbar Near Ranital to Kangra Bypass Section of Old NH-88 New NH-
303,503 up to Intersection with NH-154 from Km 175.270 to Km 193.400 Pkg-VB
(NHAI)
(618889)
(-) (-)",Himachal Pradesh,"03/2021
(12/2022)","12/2024
(09/2026)","1322.95
(1829.49)",1101.15,97.45
1048,"2L PS of Hamirpur Bypass from Km 121.175 to Km.138.295 of NH-103&3
(NHAI)
(618890)
(-) (-)",Himachal Pradesh,"08/2022
(10/2023)","10/2025
(09/2026)","739.39
(754.82)",369.59,93.25
1049,"4L PS from Kalar Bala Village to Nauni Chowk of NH 205 from Km 41.000 to Km
58.450
(NHAI)
(618891)
(-) (-)",Himachal Pradesh,"01/2024
(05/2025)","05/2027
(09/2027)","1244.43
(786.91)",117.5,30.43
1050,"4 Lane with Paved Shoulder from Dareota Village to Kalar Bala NH 205, Design
Chainage -Km 33185 to Km 41000, Design Length-7.815 Km Package-IIB
(NHAI)
(618892)
(-) (-)",Himachal Pradesh,"06/2025
(06/2026)","06/2028
(06/2028)","992.85
(992.85)",5.15,0
1051,"4L of Kathlighat to Shakral Village from Km 128.835 to Km 146.300 of NH- 5 Shimla
Bypass - Pkg I
(NHAI)
(618921)
(-) (-)",Himachal Pradesh,"03/2022
(04/2023)","04/2026
(07/2027)","1703.48
(2648.8)",1139.72,63.14
1052,"4L of Shakral Village to Dhalli Section from Km 146.300 to Km 156.560 Shimla
Bypass - Pkg II and Shimla connectivity from Km 0.000 to Km 0.725 of NH-5
(NHAI)
(618922)
(-) (-)",Himachal Pradesh,"04/2022
(03/2024)","03/2027
(12/2027)","1956.26
(2880.72)",1452.65,63.17
1053,"Solan - Kaithlighat Section of NH-22 Now NH-5 from Km. 106.139 to Km.129.05
(NHAI)
(619003)
(-) (-)",Himachal Pradesh,"03/2018
(11/2018)","05/2021
(11/2026)","881.74
(1519.53)",1345.12,90.11
1054,"4L of HP/Punjab Border - Mo from km. 11.00 to km. 42.00 of Old NH-20 New NH-154
Package-IA
(NHAI)
(619153)
(-) (-)",Himachal Pradesh,"03/2021
(05/2022)","05/2024
(10/2026)","1002.11
(1363.04)",819.71,67.66
1055,"Construction of Shopian Bypass on NH-444 taking off from existing chainage Km
36500 and re-joining at km 47588 of existing Chainage New Design Ch. From km
28000 to km 36925 as 2- lane with paved shoulder in the UT of Jammu & Kashmir on
EPC mode.
(MoRTH)
(618038)
(-) (-)","Jammu and
Kashmir","03/2024
(01/2026)","01/2028
(-)","224.44
(224.44)",0,3
1062,"Rehabilitation and upgradation to 2 lane with paved shoulder from existing chainage
Km 166.100 to Km 192.98 design chainage Km 146.700 to Km 162.800 including
construction of Bhimber Gali Tunnel Total Length of Tunnel 1.100 Km under 31 BRTF
on Akhnoor-Poonch Roads on EPC mode NH-144A Package-VII
(MoRTH)
(618221)
(-) (-)","Jammu and
Kashmir","09/2021
(07/2024)","07/2026
(07/2027)","734.64
(734.64)",0,50.03
1068,"Up-gradation to 2-lane with Paved Shoulder from Km 12.850 to Km20.300 of 7.450Km
length on Goha-Khellani section and a link road to Goha village of 2.016 km on NH-
244 in UT of Jammu and Kashmir on EPC Mode Pkg-1
(NHIDCL)
(618394)
(-) (-)","Jammu and
Kashmir","07/2020
(10/2020)","04/2022
(10/2026)","228.39
(225.37)",176.58,94.26
1069,"Construction & Upgradation to 2-lane with paved shoulder from Design Ch. Km 51700
at Premnagar km 66315 to Km 66535 New Thatri at Start of Km 83rd, Tunnel Km
82665 of 14.835 Km design length on Chenani-Sudhmahadev-Goha Khellani-
Kishtwar-Vailoo Donipawa-Ashajipora section of NH-244 in the UT of J&K on EPC
Mode under NHO-Gen Pkg - 2
(NHIDCL)
(618395)
(-) (-)","Jammu and
Kashmir","03/2021
(08/2021)","02/2023
(10/2026)","512.43
(512.43)",164.66,53.49
1070,"Widening and Up-gradation to 2-Lane with Paved Shoulder of configuration and
geometric improvement from Km 0.000 to Km 16.990 on Chenani Sudhmahadev
section of NH-244 in UT of Jammu and Kashmir to be executed on EPC basis
(NHIDCL)
(618397)
(-) (-)","Jammu and
Kashmir","03/2018
(11/2018)","11/2020
(12/2025)","255.9
(255.9)",242.42,94.06
1071,"Up-gradation to 2-lane with Paved Shoulder from Km 20.300 to Km 29.030 of 8.730
Km length on Goha-Khellani section on NH-244 in UT of Jammu and Kashmir on EPC
Mode Package II
(NHIDCL)
(618398)
(-) (-)","Jammu and
Kashmir","07/2020
(10/2020)","04/2022
(06/2026)","210.79
(210.79)",190.26,96.95
1072,"Construction of Kishtwar bypass with 2 lane with paved shoulder from Design Km.
80.675 Dulhasti to km 95.550 Bandarkoot of 14.88 km & a link road to Kishtwar town
from 0000 to 1.871 of length1.871 Km on Khellani - Kishtwar - Chattroo section in UT
of Jammu and Kashmir on EPC Mode Pkg-4
(NHIDCL)
(618399)
(-) (-)","Jammu and
Kashmir","03/2021
(08/2021)","08/2023
(06/2027)","859.67
(859.67)",360.47,50.64
1073,"Construction & Upgradation to 2-lane with paved shoulder from Design Km 67.805 at
the end of Km 83rd Tunnel near Dhrabshalla Ex. Km 83905 to Km 80.675 start of
Kishtwar Bypass - Dulhasti Ex. Km 970751 of 12.870 Km length on chenani-
Sudhmahadev-Goha Khellani-Kishtwar-vailoo-Donipawa-Ashajipora seition of NH-244
in the UT of J&K on EPC Mode under NHO-Gen Pkg-3
(NHIDCL)
(618400)
(-) (-)","Jammu and
Kashmir","03/2021
(07/2021)","12/2022
(08/2025)","398.51
(398.51)",120.09,98.55
1074,"Up-gradation to 4-lane with Paved Shoulder of Jammu-Akhnoor road section of NH-
144A from Ganesh Vihar Km 6.000 to Khati Chowk Km 26.350 in UT of Jammu and
Kashmir on EPC basis Pkg-3A
(NHIDCL)
(618406)
(-) (-)","Jammu and
Kashmir","03/2018
(07/2019)","07/2021
(11/2026)","322.49
(322.49)",388.64,92.21
1075,"Jammu-Akhnoor Road Pkg-I
(NHIDCL)
(618407)
(-) (-)","Jammu and
Kashmir","03/2018
(01/2023)","01/2025
(10/2026)","245.3
(245.3)",97.2,75.29
1076,"Delhi-Amritsar-Katra Expressway Phase-II Pkg-XV [Junction with Hiranagar Road
near village Gurha Baildaran to Junction with Jammu Ring Road NH-244A near Jakh
village from Km 468100 to Km 503250]
(NHAI)
(618494)
(-) (-)","Jammu and
Kashmir","10/2021
(09/2022)","09/2024
(12/2026)","2714.95
(3716.56)",1833.59,89.52
1077,"4/6L Access Control Expressway from Design Chainage Km 515.000 to 528.300
Kunjwani to Sidhra Section of NH-44 and from Design Chainage Km 550.900 to Km
566.520 Domel to Katra Section Phase II-Package XVII
(NHAI)
(618495)
(-) (-)","Jammu and
Kashmir","06/2022
(06/2023)","06/2025
(08/2027)","2894.74
(2894.74)",996.74,66.17
1078,"Delhi-Amritsar-Katra Expressway Phase-II Pkg-XVI Existing Jakh Vijaypur-Kunjwani
section of NH-44 including spur Connectivity to Jammu Airport NH-144A [Km 503500
to km 514500]
(NHAI)
(618496)
(-) (-)","Jammu and
Kashmir","09/2021
(09/2022)","09/2024
(09/2026)","1821.72
(2522.56)",1237.76,94.14
1079,"Delhi Amritsar Katra Expressway Phase-II Pkg XVIII Development and Upgradation of
Four lane Access Control Expressway from Design Chainage KM 530.00 to KM
545.300 Sidhra to Domel Section of NH-44
(NHAI)
(618497)
(-) (-)","Jammu and
Kashmir","12/2022
(11/2023)","11/2025
(06/2027)","975.38
(975.38)",606.46,67.5
1080,"4L Ring road/bypass around Srinagar city from km 0.000 to km 42.100 Phase-I
(NHAI)
(618541)
(-) (-)","Jammu and
Kashmir","03/2021
(08/2021)","02/2024
(10/2026)","2919.96
(2604.76)",1829.2,88.5
1081,"4L of existing Wayul Ganderbal Pandach Soura section of old NH-1 as a part of
Srinagar Ring Road Phase IIA
(NHAI)
(618542)
(-) (-)","Jammu and
Kashmir","12/2024
(05/2026)","05/2028
(05/2028)","827.98
(827.98)",262.83,0
1082,"4L of twin tube tunnel configuration including approaches from Marog to Digdol from
Km.154.210 to Km.158.650 North Bound and from Km.155.940 to Km.160.260 South
Bound of Ramban to Banihal Pkg-I of Old NH-1A New NH-44
(NHAI)
(618543)
(-) (-)","Jammu and
Kashmir","07/2021
(08/2022)","08/2025
(12/2027)","1912.17
(1034.3)",404.01,30.5
1083,"4L twin tube tunnel including approaches from Digdol to Khuni Nallah North Bound
connecting with existing major bridge on NB and South Bound connecting with Tunnel
T4 ,Single tube tunnel of Ramban to Banihal Pkg-II of Old NH-1A New NH-44
(NHAI)
(618544)
(-) (-)","Jammu and
Kashmir","07/2021
(02/2022)","06/2024
(09/2026)","1401.87
(1020.99)",1053.1,87.1
1084,"4L of Km.165.092 to Km.171.855 North Bound and from Km.166.895 to Km.173.638
South Bound, excl. certain reaches of North Bound and South Bound of Ramban to
Banihal Pkg-III of Old NH-1A New NH-44
(NHAI)
(618545)
(-) (-)","Jammu and
Kashmir","07/2021
(02/2022)","08/2024
(06/2027)","614.48
(444.76)",306.05,42.8
1085,"2L NH-1 from km 8.660 to km 33.775 Sumbal to Wayul to 4L dual carriageway NH
standard as part of Srinagar Ring Road PhaseII [Design Ch. 41.907 to Ch. 66.609]
(NHAI)
(618547)
(-) (-)","Jammu and
Kashmir","11/2022
(12/2023)","06/2026
(06/2027)","961
(643.64)",459.97,53.28
1086,"Construction of twin tube tunnels on Jammu Kashmir Ring Road NH-244A Between
Design Ch. 50600 to 51700 and design Ch. 53535 to 55700 on EPC mode under
residual NHDP component of Bharatmala Pariyojna
(NHAI)
(618549)
(-) (-)","Jammu and
Kashmir","11/2022
(06/2023)","06/2025
(12/2026)","242.65
(731.59)",677.46,83.87
1087,"Corridor Efficiency Improvement including removal of black spots in Lakhanpur -
Samba section of NH-44 from Chainage Km. 16.300 to Km. 74.100
(NHAI)
(618550)
(-) (-)","Jammu and
Kashmir","06/2022
(12/2022)","06/2024
(12/2026)","855.74
(215.68)",203.36,74.63
1088,"Upgradation and Strengthening of Chenani to Nashri Section via Patnitop of NH244
from Km 0.000 to Km 39.100
(NHAI)
(618967)
(-) (-)","Jammu and
Kashmir","03/2024
(08/2024)","08/2026
(03/2027)","295.06
(295.06)",176.11,64.18
1089,"Construction/upgradation to 2-lane with paved shoulder from Design Km 95.55
Bandarkoot to Km. 111.06 Chattroo of 15.52 Km length on Khellani-Kishtwar-Chattroo
section on NH-244 in UT of Jammu and Kashmir on EPC Mode Pkg-5
(NHIDCL)
(619038)
(-) (-)","Jammu and
Kashmir","03/2021
(08/2021)","02/2023
(03/2026)","497.09
(497.09)",270.8,99.97
1091,"Widening to 2-lane with paved shoulder from km 0.00 to 44.00 Kuru-Ghaghra section
of NH-143A including re-construction of culverts and bridges.
(MoRTH)
(618084)
(-) (-)",Jharkhand,"02/2020
(08/2021)","08/2023
(09/2026)","153.01
(133.67)",100.77,95
1098,"4L of Palma to Gumla from km. 26.00 to km. 89.170 of NH-23
(NHAI)
(618642)
(-) (-)",Jharkhand,"03/2020
(04/2022)","03/2024
(07/2026)","1882.93
(1895.75)",1369.19,99.89
1099,"4L of Ormanjhi-Gola section from Km 81.450 to Km 53.600 of NH- 320BPKG-II
(NHAI)
(618644)
(-) (-)",Jharkhand,"02/2022
(06/2023)","06/2025
(12/2026)","1214.93
(1462.19)",993.58,86.57
1100,"4L of Gola-BokaroJaina More section from Km 53.600 to Km 21.110 of NH-320PKG-1
(NHAI)
(618645)
(-) (-)",Jharkhand,"02/2022
(06/2023)","06/2025
(10/2026)","1007.97
(1030.64)",609.9,78.1
1101,"6 Lane Greenfield Varanasi- Ranchi- Kolkata Highway from Donoreshan village to
junction with NH-20 in Bongabar village from km 288.600 to km 325.500 Pkg -11
(NHAI)
(618729)
(-) (-)",Jharkhand,"03/2023
(07/2026)","07/2028
(-)","1856.12
(1856.12)",261.76,0
1102,"6 Lane Greenfield Varanasi- Ranchi- Kolkata Highway from Deoria village to
Donoreshan village from km 253.000 to km 288.600 Pkg -10
(NHAI)
(618730)
(-) (-)",Jharkhand,"03/2023
(05/2026)","05/2028
(05/2028)","1546.27
(1546.27)",82.65,3.96
1103,"6L Greenfield Varanasi- Ranchi- Kolkata Highway from junction with NH-20 in
Bongabar village to junction with NH-30 in Lepo village from km 325.500 to km
358.500 Pkg -12
(NHAI)
(618733)
(-) (-)",Jharkhand,"03/2023
(07/2026)","07/2028
(-)","1525.52
(1525.52)",218.27,0
1104,"4L Elevated corridor of Kalimandir-Dimna Chowk-Baliguma Jamshedpur Section of
NH-33 New NH-18 from km 241940 to km 251961 Length 10.021 km
(NHAI)
(618736)
(-) (-)",Jharkhand,"03/2024
(09/2024)","03/2027
(03/2027)","936.26
(832.2)",310.35,46.79
1105,"Grade separated Interchanges at Km. 113.730 junction with Ranchi Hazaribagh Road
& Km. 139.225 junction with Ranchi Jamshedpur road on 4L Ranchi Bypass of NH-33
(NHAI)
(618737)
(-) (-)",Jharkhand,"01/2025
(12/2025)","12/2027
(12/2027)","303.53
(5.58)",4.98,0
1106,"4L from Km 147.450 Bhogu to Km 196.870 Sankha on NH-75 Sec-III
(NHAI)
(618830)
(-) (-)",Jharkhand,"10/2022
(11/2023)","11/2025
(03/2027)","1517.87
(1652.09)",1103,76.95
1107,"4L from Km 95.400 Udaipura to Km 147.450 Bhogu on NH-75 Sec-II
(NHAI)
(618831)
(-) (-)",Jharkhand,"03/2023
(10/2024)","10/2026
(03/2027)","1436.8
(1301.54)",419.61,27.9
1108,"4L from Km 55.00 Kuru to Km 95.400 Udaipura on NH-75 Sec-I
(NHAI)
(618832)
(-) (-)",Jharkhand,"02/2024
(01/2026)","01/2028
(01/2028)","1274.82
(1274.82)",231.62,9.66
1109,"Barhi-Koderma Section of NH31 km 0.00 - km 27.5
(NHAI)
(618863)
(-) (-)",Jharkhand,"02/2017
(11/2019)","08/2024
(07/2026)","662.44
(826.59)",824.95,98.5
1110,"4L of NH-80 from km 215.00 to km 260.00 Mirza Chauki to Farkka Pkg-I
(NHAI)
(618947)
(-) (-)",Jharkhand,"03/2018
(12/2021)","07/2023
(10/2026)","1504.8
(1508.21)",1029.73,91.83
1111,"4L of Basukinath- Deoghar Section of NH-114A
(NHAI)
(618949)
(-) (-)",Jharkhand,"09/2022
(12/2023)","12/2025
(08/2026)","1444.94
(1553.76)",723.48,90.02
1112,"Construction of Bypass to NH-114A Connecting NH-333 and NH-133 Deoghar
Bypass from design km 0.000 to design Km 49.000
(NHAI)
(618950)
(-) (-)",Jharkhand,"11/2024
(01/2026)","01/2028
(01/2028)","1565.47
(1565.47)",55.24,9
1118,"Construction of Major Bridge at Km.180.865 across river Krishna on NH 167 Hagari
Jadcherla section
(MoRTH)
(617989)
(-) (-)",Karnataka,"03/2019
(05/2019)","11/2021
(04/2027)","157.32
(187.61)",103.33,69
1128,"Widening to Two Lane with Paved Shoulders from KB Cross to Chunchanahalli ie.,
Design Ch. 485240 Km Existing Km 494.000 to Design Ch. 523393 Km Existing
km 533.152 & From Design Ch. 530393 Existing Km 540.175 to Design Ch.
534476 Existing Km 544.200 at Nelligere of NH-150A on EPC mode under Annual
Plan 2022-23 NH-150A-KNT-2022-23-977 dated 08.03.2023
(MoRTH)
(618086)
(-) (-)",Karnataka,"03/2023
(07/2025)","01/2027
(01/2027)","617.28
(617.28)",7.59,48.5
1139,"4/6L of Bangalore - Pune Section of bypass connecting Dharwad - Hubli from km.
403.80 to km. 433.20
(NHAI)
(618517)
(-) (-)",Karnataka,"12/2021
(03/2023)","09/2025
(05/2027)","1135.39
(763.36)",744.25,83.19
1140,"Davanagere - Haveri of NH-48 Old NH-4 from km. 260.00 to km. 338.923
(NHAI)
(618518)
(-) (-)",Karnataka,"01/2017
(01/2018)","07/2020
(09/2026)","1454.67
(1805.84)",1273.49,98.87
1141,"4L of km 0.00 to km 42.00 of Dobbaspet to Doddaballapura Bypass section of NH-648
old NH-207] [Bangalore Ring Road Pkg 1]
(NHAI)
(618520)
(-) (-)",Karnataka,"08/2020
(04/2021)","04/2023
(08/2026)","1438.74
(1786.57)",1228.99,99.2
1142,"6L of MH/KN Border Nimbal Village to KN/TS Border Singnodi Village from Km.
26.000 to Km. 97.000 in Gulbarga of NH-150C Pkg-II
(NHAI)
(618630)
(-) (-)",Karnataka,"02/2022
(12/2022)","06/2025
(11/2026)","2355.56
(1923.3)",964.75,79.87
1143,"4 Lane with PS from Des. Ch 228.500 to Des. Ch. 273.400 of Belgaum-Hungund-
Raichur Section of NH 748 A Package-6
(NHAI)
(618649)
(-) (-)",Karnataka,"03/2023
(11/2024)","11/2026
(06/2027)","1246.15
(1012.78)",381.27,53.8
1144,"4 Lane with PS from Des. Ch 89.900 to Des. Ch. 136.100 of Belgaum-Hungund-
Raichur Section of NH-748A Package-3
(NHAI)
(618650)
(-) (-)",Karnataka,"01/2024
(04/2025)","04/2027
(02/2028)","1363.9
(1219.62)",302.3,22.5
1145,"4 Lane with PS from Des. Ch 43.800 to Des. Ch. 89.900 of Belgaum-Hungund-
Raichur Section of NH-748A Package-2
(NHAI)
(618651)
(-) (-)",Karnataka,"02/2024
(03/2025)","02/2027
(07/2027)","1427.88
(1293.94)",594.55,48.8
1146,"4LPS Access Controlled Highway of Bellary Bypass Balance work from Ch. 254750 to
Ch. 266837 and construction of 4LPS from Ch. 277.690 to Ch. 278.690 at D. Hirehal
Village Balance work of NH 150A of Bellary Byrapura Section
(NHAI)
(618697)
(-) (-)",Karnataka,"02/2024
(08/2024)","07/2026
(10/2027)","626.01
(284.05)",112.21,38.08
1147,"4L of Addahole Near Gundya to Bantwal Cross section Pkg-02 from Design Km
270.270 to Design km 318.55 including flyover at Kalladka Town including approaches
from Km. 311.57 to Km. 313.67 of NH-75 Old NH-48
(NHAI)
(618702)
(-) (-)",Karnataka,"12/2020
(11/2021)","11/2023
(12/2026)","1660.19
(1318.24)",1451.9,94.21
1148,"Bangalore-Nidagatta Pkg. I
(NHAI)
(618706)
(-) (-)",Karnataka,"02/2018
(05/2019)","11/2021
(07/2026)","3496.01
(4087.42)",4315.22,99.19
1149,"Additional works under BM1 to ensure road safety under 6L of Bengaluru Mysuru
Access control with close toll from Km.17.300 to Km.136.300 of NH-275
(NHAI)
(618707)
(-) (-)",Karnataka,"11/2024
(01/2026)","01/2028
(05/2028)","738.37
(738.37)",17.91,9.67
1150,"4L of Left-Over Works of Hospet-Bellary -Karnataka/AP border from Km.280.080
Dec.Ch. to Km.375450Des.Ch. of NH-63 New-67
(NHAI)
(618709)
(-) (-)",Karnataka,"03/2023
(05/2023)","05/2025
(04/2028)","1340.15
(992.6)",922.07,91.67
1151,"Belakeri Port to Kumta - Sirsi road from km 0.00 - km 4.265 of Belekeri Port Road Link
Rd. and km 4.965 - km 60.00 of SH-69
(NHAI)
(618799)
(-) (-)",Karnataka,"03/2018
(12/2020)","12/2022
(08/2026)","456.79
(456.79)",471.29,94.98
1152,"4L PS from near Hemmige Village Periyapatna - Hassan Road Jn. to near Hunsur -
KR Nagar Jn section from Km. 144.900 to Km. 169.000 of NH-275 Pkg. III
(NHAI)
(618870)
(-) (-)",Karnataka,"02/2023
(04/2025)","04/2027
(01/2028)","883.62
(1726.65)",437.77,24.27
1153,"4L PS from Near Guddehosur to Start of Kushalnagara Bypass to near Hemmige
Village Periyapatna - Hassan Road Jn from Km. 122.200 to Km. 144.900 of NH-275
Pkg. II
(NHAI)
(618871)
(-) (-)",Karnataka,"02/2023
(12/2025)","12/2027
(04/2028)","909.86
(896.42)",313.21,13.61
1154,"4L PS from near Hunsur - KR Nagar Junction to near Yalachahalli village KR Nagara -
Yelawala Road Junction fcrom Km 169.000 to Km 195.550 of NH-275 Pkg-IV
(NHAI)
(618872)
(-) (-)",Karnataka,"02/2023
(04/2025)","04/2027
(03/2028)","1062.76
(952.03)",272.54,18.13
1155,"4L PS from near Yalachahalli village KR Nagara - Yelawala Road junction to
Srirangapatna Bypass Near Paschima Vahini from km 195.550 to Km 214.535 of NH-
275 Pkg-V
(NHAI)
(618873)
(-) (-)",Karnataka,"01/2023
(04/2025)","04/2027
(03/2028)","1272.71
(1203.2)",462.59,16.45
1156,"4L of Bettadahalli- Shivamogga section from Km.170.415 to km. 226.750 of NH-206
Tumkur- Shivamogga Pkg-IV
(NHAI)
(618887)
(-) (-)",Karnataka,"01/2019
(10/2021)","10/2023
(03/2027)","2082.98
(2545.11)",1621.81,83.78
1157,"4L of Sannur to Bikarnakatte section from Km 691.350 to Km 736.362 of NH-169
Karkala - Mangalore Package-III
(NHAI)
(618896)
(-) (-)",Karnataka,"03/2021
(10/2022)","10/2024
(04/2027)","1386.41
(2038.71)",1213.06,76.1
1158,"4L Expressway from Km 26.400 to km 53.500 of Malur to Bangarpet section of
Bangalore-Chennai Expressway Phase-I Package-II
(NHAI)
(619065)
(-) (-)",Karnataka,"12/2020
(09/2021)","09/2023
(09/2026)","1745
(1729.63)",1103.13,99.8
1159,"Tumkur - Nelamangala 6L
(NHAI)
(619071)
(-) (-)",Karnataka,"03/2021
(08/2022)","08/2025
(03/2027)","2032.15
(1664.2)",1069.89,61.16
1160,"Bangalore/TN border to Hoskote
(NHAI)
(619072)
(-) (-)",Karnataka,"02/2022
(02/2023)","02/2025
(11/2026)","1181.68
(1297.76)",1150.16,94.89
1161,"4L of 42.000 to km 80.00 of Dodaballapur Bypass to Hoskote section of NH-648 Old
NH-207 [Bangalore Ring Road Pkg 2]
(NHAI)
(619073)
(-) (-)",Karnataka,"02/2020
(02/2021)","02/2023
(08/2026)","1317.74
(1846.52)",1304.65,99.2
1162,"Goa / Karnataka Km.93.700 to Kundapur Km.283.30
(NHAI)
(619096)
(-) (-)",Karnataka,"07/2012
(03/2014)","08/2016
(07/2026)","1644.92
(1990.99)",1848.87,97.94
1163,"4 Lane with PS from Des. Ch 182.300 to Des. Ch. 228.500 of Belgaum-Hungund-
Raichur Section of NH 748 A Package-5
(NHAI)
(619106)
(-) (-)",Karnataka,"03/2023
(11/2024)","11/2026
(08/2027)","1141.88
(868.65)",254.24,37.9
1164,"4 Lane with PS from Des. Ch 136.100 to Des. Ch. 182.300 of Belgaum-Hungund-
Raichur Section of NH-748A Package-4
(NHAI)
(619107)
(-) (-)",Karnataka,"02/2024
(09/2025)","09/2027
(04/2028)","1311.41
(1123.35)",227.3,13.18
1165,"4 Lane with PS from Des. Ch 0.000 to Des. Ch. 43.800 of Belgaum-Hungund-Raichur
Section of NH-748A Package-1
(NHAI)
(619108)
(-) (-)",Karnataka,"02/2024
(06/2025)","06/2027
(10/2027)","1452.43
(1256.55)",490.31,38.45
1166,"Hassan km 184.912 to Maranahally km 230.060 of NH - 75 in Karnataka
(NHAI)
(619117)
(-) (-)",Karnataka,"12/2015
(03/2017)","03/2019
(07/2026)","1021.57
(1091.4)",1068.77,97.8
1167,"Nidagatta-Mysore Pkg II
(NHAI)
(619120)
(-) (-)",Karnataka,"02/2018
(12/2019)","06/2022
(07/2026)","2919.8
(4113.89)",3713.89,99.19
1168,"Yekkambi-Haveri
(NHAI)
(619138)
(-) (-)",Karnataka,"09/2021
(03/2022)","03/2024
(01/2028)","309.9
(309.9)",94.8,24.7
1169,"BRT Tiger Reserve Boundary Km.287.500 to Bangalore Section Km.458.420 of NH-
209 in Karnataka
(NHAI)
(619150)
(-) (-)",Karnataka,"04/2016
(08/2017)","08/2019
(07/2026)","2082.69
(2859.93)",2242.71,99.7
1170,"Belgaum-Khanapur Pkg I Km 0.000-Km 30.800 of NH-4A
(NHAI)
(619164)
(-) (-)",Karnataka,"03/2018
(03/2019)","09/2021
(03/2027)","1214.3
(1195.74)",917.82,75.63
1171,"6L of MH/KN Border Nimbal Village to KN/TS Border Singnodi Village from Km.
97.000 to Km. 162.500 in Yadgir of NH-150C Pkg-III
(NHAI)
(619211)
(-) (-)",Karnataka,"03/2022
(04/2023)","10/2025
(11/2026)","2104.7
(2065.83)",983.95,73.9
1172,"4L of Channarayapatna Bypass and Hassan Bypass with structures in Devihalli -
Hassan section
(NHAI)
(619214)
(-) (-)",Karnataka,"04/2020
(01/2021)","01/2023
(10/2026)","688
(684.54)",600.43,82.34
1173,"4L Tumkur-Shimoga Pkg-I from Mallasandra to Karadi village of NH-206 from Km.
12.300 to Km. 65.195
(NHAI)
(619218)
(-) (-)",Karnataka,"02/2018
(10/2019)","10/2021
(07/2026)","1364.14
(1692.12)",1336.5,100
1174,"4L of Tumkur-Shimoga Pkg-II from Km 65.195 Karadi to Km 121.900 Banawara of
NH-206
(NHAI)
(619219)
(-) (-)",Karnataka,"02/2018
(10/2019)","10/2021
(12/2026)","1505.85
(1989.89)",1297.99,99.98
1175,"Tumkur-Shimoga Pkg-III from Km 121.900 Banawara to Km 170.415 Bettadahalli of
Old NH-206
(NHAI)
(619220)
(-) (-)",Karnataka,"02/2018
(03/2021)","03/2023
(12/2026)","1444.5
(1834.81)",872.92,98
1177,"6L of Chengala - Neeleshwaram from km. 56.200 to km. 93.468
(NHAI)
(618595)
(-) (-)",Kerala,"06/2020
(10/2021)","04/2024
(03/2027)","1746.45
(2538.06)",1447.31,90.82
1178,"6L of Taliparamba to Muzhappilangad from Km 134.650 to Km 170.6 of NH-66
(NHAI)
(618596)
(-) (-)",Kerala,"08/2020
(11/2021)","05/2024
(01/2028)","2714.6
(3557.65)",2020.24,83.4
1179,"6L of Azhiyur-Vengalam from km. 189.200 to km. 230.400 of NH-66
(NHAI)
(618597)
(-) (-)",Kerala,"10/2020
(10/2021)","07/2024
(03/2028)","3205.77
(3898.46)",2406.73,60.07
1180,"6L Minor Bridge Paloli Palam at km. 203.160 & Major Bridge Morad at km. 204.895
and allied works
(NHAI)
(618598)
(-) (-)",Kerala,"03/2020
(12/2020)","06/2022
(07/2026)","210
(216.94)",190.46,100
1181,"6L of Ramanatukkara Junction to start of Valanchery bypass section of NH-66
(NHAI)
(618599)
(-) (-)",Kerala,"01/2021
(01/2022)","07/2024
(07/2026)","4924.11
(4919.46)",3635.17,100
1182,"6L of Valanchery bypass to Kappirikkad of NH 66 from km. 298500 to km 335850
(NHAI)
(618600)
(-) (-)",Kerala,"02/2021
(01/2022)","07/2024
(07/2026)","4023.94
(4023.94)",2476.49,100
1183,"6L of Kappirikkad to Thalikulam section from km 335.85 to km 369.015 of NH - 66 old
NH-17
(NHAI)
(618601)
(-) (-)",Kerala,"06/2021
(09/2022)","01/2025
(06/2027)","4225.59
(4225.59)",3329.11,95.27
1184,"6L of Thalikulam to Kodugallur section from km 369.015 to km 397.850 of NH - 66 old
NH-17
(NHAI)
(618602)
(-) (-)",Kerala,"06/2021
(09/2022)","02/2025
(06/2027)","4302.06
(4302.06)",3312.67,94.55
1185,"6L of Kodugallur to Edapppally section from km 397.750 to km 423.780 of NH - 66 old
NH-17
(NHAI)
(618603)
(-) (-)",Kerala,"11/2021
(10/2022)","04/2025
(05/2027)","3465.82
(3606.2)",2171.55,70.99
1186,"Aroor-Thuravoor Thekku
(NHAI)
(618604)
(-) (-)",Kerala,"08/2022
(02/2023)","01/2026
(12/2026)","2429.52
(2382.83)",1791.8,91.27
1187,"Thuravoor Thekku-Paravoor
(NHAI)
(618605)
(-) (-)",Kerala,"09/2021
(03/2022)","09/2024
(05/2027)","2878.97
(2638.67)",2495.62,80.85
1188,"Paravoor-Kottankulangara
(NHAI)
(618606)
(-) (-)",Kerala,"12/2021
(08/2022)","02/2025
(03/2027)","3273.61
(3200.24)",2858.39,71.2
1189,"Kottankulangara- Start of Kollam Bypass
(NHAI)
(618607)
(-) (-)",Kerala,"06/2021
(04/2022)","10/2024
(03/2027)","2842.14
(3680.49)",2373.25,73.89
1191,"Kozhikode Bypass Calicut Bypass Vengalam Jn. to Ramanattukara Jn.
(NHAI)
(619098)
(-) (-)",Kerala,"02/2018
(02/2021)","02/2023
(07/2026)","1424.77
(2139.18)",1064.53,98.75
1192,"6L of Perole Nileshwar town to Taliparamba from Km 94.248 to Km 134.650 of NH-66
(NHAI)
(619206)
(-) (-)",Kerala,"06/2020
(10/2021)","01/2024
(03/2027)","3041.65
(3867.66)",2526.41,86.65
1193,"Start of Kollam Bypass - Kadambattukonam
(NHAI)
(619207)
(-) (-)",Kerala,"06/2021
(10/2022)","03/2025
(06/2027)","2641.37
(3309.06)",1990.7,81.8
1194,"Kadambattukonam-Kazhakuttom
(NHAI)
(619208)
(-) (-)",Kerala,"12/2021
(07/2022)","01/2025
(05/2027)","3635.64
(3526.33)",2124.09,44.34
1195,"Kargil Zanskar Road
(NHIDCL)
(618408)
(-) (-)",Ladakh,"03/2021
(07/2021)","01/2023
(08/2026)","398.37
(398.37)",325.95,95.02
1196,"Widening & Up-gradation to 2 lane with Paved shoulder of NH-301 Kargil- Zanskar
Road from Design km 57.000 Ex. Km. 57.905 to Km 87.000 Ex. Km. 88.2491 of
30.000 Km length Pkg-lll
(NHIDCL)
(618409)
(-) (-)",Ladakh,"03/2021
(07/2021)","01/2023
(07/2026)","381.01
(381.01)",299.33,89.3
1197,"Widening & Up-gradation to 2 lane with paved shoulder of NH-301 Kargil- Zanskar
Road from Design Km .30.040 Ex. Km. 30.000 to Design Km 57.000 Ex. Km. 57.905
of 26.960 Km length Pkg-II
(NHIDCL)
(618410)
(-) (-)",Ladakh,"03/2021
(07/2021)","01/2023
(10/2026)","404.89
(404.89)",359.99,84.68
1199,"Rehabilitation and upgradation Umaria to Shahdol section of NH-78 from Existing Km.
68/4 to Km. 142/2 to 2LPS including construction of Birshinghpur and Shahdol Bypass
on EPC mode under NHDP-IVA
(MoRTH)
(617911)
(-) (-)",Madhya Pradesh,"03/2015
(08/2015)","07/2017
(08/2026)","511.83
(613.16)",0,94.5
1217,"Bypass on Western side of Gwalior City
(NHAI)
(618619)
(-) (-)",Madhya Pradesh,"03/2025
(01/2026)","01/2028
(01/2028)","998.95
(998.95)",195.11,0
1219,"Indore - Edlabad Pkg-II [Tejajinagar to Balwara]
(NHAI)
(618621)
(-) (-)",Madhya Pradesh,"03/2022
(01/2023)","01/2025
(10/2026)","1162.8
(1530.82)",811.16,87.3
1220,"4L of Indore - Boregaon Pkg-III [Balwara to Dhangaon] from km. 42.260 to km. 82.660
of NH347BG & 753L
(NHAI)
(618622)
(-) (-)",Madhya Pradesh,"01/2021
(04/2022)","04/2024
(10/2026)","1001.69
(888.81)",825.56,90.5
1221,"4L Boregaon Buzurg to Shahpur Pkg I of Boregaon Buzurg to Muktainagar of NH
753L
(NHAI)
(618623)
(-) (-)",Madhya Pradesh,"11/2022
(02/2024)","01/2026
(10/2026)","1504.37
(1132.34)",527.34,90.1
1222,"4L Greenfield Rudhi to Deshgaon Pkg V of Betul-Khandwa/Deshgaon
(NHAI)
(618654)
(-) (-)",Madhya Pradesh,"11/2022
(10/2023)","10/2025
(08/2027)","521.21
(469.68)",199.48,63.79
1223,"2L PS of Roshni to Ashapur Section of NH-347B from Design KM Ch. 89.900 to
114.000 KM Package III of Betul Khandwa
(NHAI)
(618655)
(-) (-)",Madhya Pradesh,"03/2024
(08/2024)","08/2026
(08/2026)","200.99
(120.75)",126.72,98.26
1224,"4L from km 0.000 to 42.040 Bhopal Ratnaigiri Tiraha to Vidisha Morikodi
(NHAI)
(618661)
(-) (-)",Madhya Pradesh,"10/2024
(11/2025)","11/2027
(11/2027)","1032.3
(1038.18)",178.3,17.11
1225,"4L Vidisha Gyaraspur section of NH-146 from Design Chainage km 59475 existing
chainage km 81240 to Design Chainage km 88361 existing chainage km 110.315
(NHAI)
(618662)
(-) (-)",Madhya Pradesh,"10/2024
(03/2026)","03/2028
(03/2028)","980.2
(980.2)",96.41,11.1
1226,"i 4L Vidisha to Hinotiya from km 0.000 to Km 27.000 Vidisha Mehulwa-Talbehat Pkg-
I Section of NH- 346 and ii 4L Vidisha to Morikori from Km 39.000 to 59.476 section of
NH-146
(NHAI)
(618663)
(-) (-)",Madhya Pradesh,"09/2022
(12/2023)","12/2025
(12/2026)","1003.87
(941.12)",398.13,90.04
1227,"Berkhedi to Godpehra on NH-44 Sagar link road
(NHAI)
(618664)
(-) (-)",Madhya Pradesh,"02/2022
(11/2022)","11/2024
(12/2026)","524.84
(471.31)",385.96,92.05
1229,"4L of near Satai Ghat to Chowka section of NH-34 from D. Ch. 89.875 to D. Ch.
145.000 Package-3
(NHAI)
(618667)
(-) (-)",Madhya Pradesh,"10/2024
(10/2025)","10/2027
(10/2027)","1005.59
(882.21)",193.1,34.92
1230,"4-lanning of Rahatgarh to Berkhedi section of NH-146 from Design Ch 124470 to Ch.
134.549
(NHAI)
(618671)
(-) (-)",Madhya Pradesh,"03/2025
(12/2025)","12/2027
(12/2027)","618.33
(342.69)",53.13,12.07
1232,"Outer Ring Road of Jabalpur Town from Manegaon to NH-45 Pkg-2
(NHAI)
(618684)
(-) (-)",Madhya Pradesh,"11/2022
(03/2024)","03/2026
(03/2027)","917.26
(786.47)",512.57,75.61
1233,"Outer Ring Road of Jabalpur Town from NH45 to Kushner Pkg-3
(NHAI)
(618685)
(-) (-)",Madhya Pradesh,"09/2022
(03/2024)","03/2026
(12/2026)","911.24
(773.23)",552,79.8
1234,"Outer Ring Road of Jabalpur Town from Kushner to Amjhar Road including Airport
Connectivity Pkg-IV
(NHAI)
(618686)
(-) (-)",Madhya Pradesh,"08/2022
(03/2024)","03/2026
(11/2026)","612.94
(509.82)",363.91,79.63
1235,"Outer Ring Road of Jabalpur Town from Barela to Manegaon Pkg-1
(NHAI)
(618687)
(-) (-)",Madhya Pradesh,"09/2022
(03/2023)","03/2025
(08/2026)","652.33
(651.88)",483.18,89.72
1236,"Outer Ring Road of Jabalpur Town from Amjhar Road including Airport Connectivity
to barela Pkg-V
(NHAI)
(618688)
(-) (-)",Madhya Pradesh,"10/2024
(10/2025)","10/2027
(10/2027)","794.7
(539.9)",84.37,30.26
1237,"Indore - Harda Pkg-I [Indore to Raghav Garh from km. 0.25 to km. 26.903]
(NHAI)
(618694)
(-) (-)",Madhya Pradesh,"01/2022
(11/2022)","10/2024
(07/2026)","1011.29
(813.03)",687.94,93.84
1238,"4L of Chandesara to Khedakhajuriya from Km. 0.000 to - 750 & Km 0.000 to km
41.400 of NH-148NG Pkg-I
(NHAI)
(618735)
(-) (-)",Madhya Pradesh,"12/2021
(09/2022)","05/2024
(09/2026)","909.84
(976.55)",587.8,99
1239,"2L PS of Hinotiya-Mehulwa section of NH-346 from Km. 27.000 to Km 75.700 Vidisha
Mehulwa-Talbehat Pkg-II Section of NH- 346
(NHAI)
(618751)
(-) (-)",Madhya Pradesh,"10/2022
(09/2023)","09/2025
(03/2027)","581.65
(592.71)",273.54,69.04
1240,"Itarsi Km. 63.000 to Betul Km. 137.000 of NH-69 in Madhya Pradesh
(NHAI)
(618762)
(-) (-)",Madhya Pradesh,"08/2017
(02/2018)","02/2020
(07/2026)","950.27
(788.33)",663.67,100
1244,"4L of Budhni to Shahganj Bypass End Package-III of NH-146B from Km. 73.750 to
Km. 102.000
(NHAI)
(618962)
(-) (-)",Madhya Pradesh,"03/2024
(08/2025)","08/2027
(05/2027)","1102.97
(770.21)",174.55,27.25
1245,"Construction work of 4-laning of Shahganj bypass end to Badi Package-IV of NH-146B
from design km 102.000 to design km 142.357 Design length 40.357 km
(NHAI)
(618963)
(-) (-)",Madhya Pradesh,"02/2024
(03/2025)","03/2027
(03/2027)","784.14
(836.64)",318.15,50.13
1246,"4 Laning of Sandalpur to Nasrullaganj Pkg-1 section of NH-146B Length 43.2 Km.
(NHAI)
(618964)
(-) (-)",Madhya Pradesh,"03/2025
(01/2026)","01/2028
(01/2028)","1425.98
(1425.98)",197.48,10.9
1247,"Six laning with both sides Service Road of Ayodhya Bypass from Design Km 0000
near Ashram Tiraha on NH-46 to Km 16439 end at Ratnagiri Tiraha on Nh-146
(NHAI)
(618966)
(-) (-)",Madhya Pradesh,"02/2024
(08/2025)","08/2027
(08/2027)","1123.17
(1103.22)",141.71,20.09
1249,"Dhangaon - Borgaon section km 81.000 to km 139.000 [Indore - Edlabad Pkg IV]
(NHAI)
(619100)
(-) (-)",Madhya Pradesh,"01/2020
(08/2021)","08/2023
(08/2026)","866
(1185.04)",746.36,99.8
1250,"Indore - Harda Pkg-II [Raghavgarh to Nanasa from km. 29.30 to km. 92.30]
(NHAI)
(619114)
(-) (-)",Madhya Pradesh,"01/2023
(03/2024)","03/2026
(11/2027)","1081.51
(1146.63)",369.26,40.25
1253,"Nasratpur to Barasgaon section of NH-61 2L / 4L PS from Km.514/00 to 558/200
(MoRTH)
(617934)
(-) (-)",Maharashtra,"07/2017
(09/2017)","09/2019
(08/2026)","406.54
(406.54)",0,95.84
1254,"Udgir Raavi Degloor Aadampur phata to Sagroli fata
(MoRTH)
(617937)
(-) (-)",Maharashtra,"11/2024
(04/2026)","04/2028
(-)","809.77
(809.77)",0,12
1257,"Kashedi to Parshuram Ghat section of NH-66 from Km 161/600 - Km 205/400 - 4L PS
(MoRTH)
(617946)
(-) (-)",Maharashtra,"03/2016
(02/2018)","02/2020
(12/2025)","1142.62
(1142.62)",0,97.5
1258,"Arawali Kante section of NH-17New NH-66 4L PS from Km.241/300 to 281/300
(MoRTH)
(617947)
(-) (-)",Maharashtra,"03/2016
(11/2017)","11/2019
(03/2026)","1006.99
(1443.09)",0,80.06
1259,"Kante - Wakad section of NH-66 4L PS from Km.281/300 to 332/200
(MoRTH)
(617948)
(-) (-)",Maharashtra,"03/2016
(11/2017)","11/2019
(11/2025)","1117.75
(2020.56)",375.93,90.14
1260,"Kopargaon to Savali Vihir section
(MoRTH)
(617965)
(-) (-)",Maharashtra,"06/2022
(01/2023)","07/2024
(08/2026)","195.38
(195.38)",0,90.5
1268,"Rehabilitation/Upgradation of existing Highway to 2LPS/4 lane of Dhawali to Rajoli
from Design Km.149476 to 163476 existing Km.150000 to 164000, Pandhasala to
Mohadongri from design Km.170476 to 181476 existing Km.171000 to 182000,
Ambeshivni Fata to Bodli from design Km.183476 to 185476 existing Km.184000 to
186000 and Made Tukum to Gadchiroli from design Km.188476 to 189476 existing
Km.188000 to 18900 having length 28 km of NH-930 of Dhawali to Gadchroli road in
the
(MoRTH)
(618065)
(-) (-)",Maharashtra,"03/2022
(03/2024)","09/2025
(10/2026)","316.44
(316.44)",0,34.1
1269,"Nandurshingote to Kolhar
(MoRTH)
(618088)
(-) (-)",Maharashtra,"09/2024
(06/2025)","12/2026
(12/2026)","325.79
(325.79)",23.01,37.74
1271,"Pen to Khopoli 2LPS
(MoRTH)
(618094)
(-) (-)",Maharashtra,"03/2018
(06/2018)","12/2019
(12/2025)","369.39
(369.39)",333.1,86.3
1273,"Guhagar - Rampur - 2L-PS - km 0/00 Guhagar to 26/230 Rampur and 40/00 Mirjoli to
53/600 Sati on NH-166E
(MoRTH)
(618097)
(-) (-)",Maharashtra,"01/2017
(06/2017)","06/2019
(08/2025)","407.2
(407.2)",0,91.89
1281,"Mhaswad to Tembhurni section of NH-548C - 2L PS
(MoRTH)
(618152)
(-) (-)",Maharashtra,"01/2017
(08/2017)","07/2019
(08/2026)","488.6
(488.6)",0,96.19
1282,"Satara to Mhaswad
(MoRTH)
(618153)
(-) (-)",Maharashtra,"01/2017
(08/2017)","08/2019
(08/2026)","653.46
(653.46)",7.34,98.08
1285,"Paithan - Shirur section 2LPS Km 0.0 to 55.00
(MoRTH)
(618172)
(-) (-)",Maharashtra,"03/2017
(06/2017)","06/2019
(10/2026)","341.8
(341.8)",0,82
1286,"Shirur-Kharda section from 55937 km to 114486 km to 2LPS/4L
(MoRTH)
(618173)
(-) (-)",Maharashtra,"02/2017
(06/2017)","06/2019
(08/2026)","381.77
(381.77)",0,83.93
1290,"Pal Phata Phulambri - Khultabad 2LPS
(MoRTH)
(618177)
(-) (-)",Maharashtra,"03/2018
(06/2018)","12/2019
(12/2025)","227.19
(227.19)",0,95.29
1293,"Pune raigarh District Border To Mangaon Ch 69000 to 103775 NH-753F
(MoRTH)
(618180)
(-) (-)",Maharashtra,"03/2018
(06/2018)","12/2019
(07/2026)","223.46
(223.46)",0,89.08
1297,"Vadodara Mumbai Expressway Phase II - Pkg XIII [Km. 26.582 to Km. 50.700]
Shirsad - Masvan
(NHAI)
(618469)
(-) (-)",Maharashtra,"06/2020
(02/2022)","02/2024
(07/2026)","3536.9
(4679.54)",1844.7,90.86
1298,"Vadodara Mumbai Expressway Phase II - Pkg XIV [Km. 3.000 to Km. 20.200 of Spur]
Shirsad - Akloli
(NHAI)
(618470)
(-) (-)",Maharashtra,"05/2021
(11/2022)","05/2024
(07/2026)","2058.79
(2324.72)",634.54,98
1299,"Vadodara Mumbai Expressway Phase II - Pkg XV [Km. 20.200 to Km. 43.000 of Spur]
Akloli - Amne
(NHAI)
(618471)
(-) (-)",Maharashtra,"05/2021
(11/2022)","05/2024
(07/2026)","2610.88
(2918.39)",622.23,91.5
1300,"Vadodara Mumbai Expressway Phase II - Pkg XVI [Km. 43.000 to Km. 69.800 of Spur]
Amne - Bhoj
(NHAI)
(618472)
(-) (-)",Maharashtra,"06/2021
(11/2022)","10/2024
(07/2026)","4051.8
(4315.56)",982.89,90.7
1301,"Vadodara Mumbai Expressway Phase II - Pkg XVII [Km. 69.800 to Km. 79.783 of
Spur] Bhoj - Morbe
(NHAI)
(618473)
(-) (-)",Maharashtra,"09/2021
(01/2023)","07/2025
(07/2026)","2208.68
(2463.02)",889.44,85.79
1302,"Upgradation & rehabilitation of Service Roads on both sides in urban areas of Pune
City on PuneSatara section of NH48
(NHAI)
(618511)
(-) (-)",Maharashtra,"01/2025
(06/2025)","06/2027
(06/2027)","604.59
(388.78)",66.29,22.96
1303,"Tunnel at Khambataki Ghat Section and its approaches from existing Km. 771.730 to
existing Km. 782.000
(NHAI)
(618512)
(-) (-)",Maharashtra,"11/2017
(02/2019)","02/2022
(10/2026)","907.03
(816.12)",677.98,89.16
1304,"6L of Kagal-Satara section from Km 592.500 to Km 658.000 of NH-48 Pkg-I
(NHAI)
(618513)
(-) (-)",Maharashtra,"12/2021
(01/2023)","01/2025
(02/2027)","2111.95
(1435.46)",634.07,45.47
1305,"6L of Kagal-Satara section from Km 658.000 to Km 725.000 of NH-48 Pkg-II
(NHAI)
(618514)
(-) (-)",Maharashtra,"12/2021
(12/2022)","12/2024
(12/2026)","2330.71
(317.4)",205.24,73.96
1306,"4L of Indora Chowk to Pachpaoli and Agrasen Chowk - Ashoka Chowk
(NHAI)
(618557)
(-) (-)",Maharashtra,"03/2023
(07/2023)","06/2026
(07/2026)","1038.84
(918.53)",685.21,84
1307,"6L of Gonde Km. 439.038 to Pimpri Sado Km. 459.905 section of NH-848 Old NH-3
(NHAI)
(618585)
(-) (-)",Maharashtra,"02/2024
(10/2024)","04/2027
(11/2027)","856.93
(718.84)",142.38,38
1309,"4L Mitigation Measure structures on CH/MH Border to Wainganga Bridge Section of
NH-6 New NH-53
(NHAI)
(618588)
(-) (-)",Maharashtra,"02/2021
(11/2021)","11/2023
(07/2026)","540.24
(468.92)",464.28,99.79
1310,"Balance work of 4L Panvel to Indapur section of NH-66 Old NH- 17 from km 0.000
Panvel to km 42.300 Kasu
(NHAI)
(618594)
(-) (-)",Maharashtra,"12/2022
(03/2023)","10/2024
(07/2026)","329.82
(196.87)",185.79,96.89
1311,"Four laning from Dive Ghat Km. 220.900 to Hadapsar Km. 234.150 of Mohol Alandi
section Pkg VI of NH-965
(NHAI)
(618626)
(-) (-)",Maharashtra,"12/2023
(10/2024)","10/2026
(04/2027)","819.52
(400)",122.8,64.95
1312,"Construction of 7 Nos of Standalone safety structures/works at different locations on
various NHs
(NHAI)
(618627)
(-) (-)",Maharashtra,"01/2025
(07/2025)","01/2027
(01/2027)","168.52
(112.03)",26.55,33.35
1313,"Strengthening of Existing Alignment of Pandharpur Town Part Bypassed Section of
NH 965 from KM 36.230 to KM 44.230 from Chh. Shivaji Maharaj Chowk to Wakhari
(NHAI)
(618628)
(-) (-)",Maharashtra,"08/2022
(11/2023)","10/2025
(03/2027)","150.21
(87.59)",65.36,48
1314,"Loha-Waranga Section of NH-361 from km 187.800 to km 244.369
(NHAI)
(618653)
(-) (-)",Maharashtra,"03/2018
(03/2019)","03/2021
(12/2026)","1236.08
(3466.58)",1503.55,96.22
1315,"Bodhre - Dhule
(NHAI)
(618693)
(-) (-)",Maharashtra,"02/2021
(01/2022)","07/2024
(08/2026)","1344.78
(1292.7)",785.93,97.69
1318,"4L of Ratnagiri - Kolhapur section from km 67.140 to km 112.340 of NH-166 Pkg II
(NHAI)
(618836)
(-) (-)",Maharashtra,"02/2022
(05/2023)","05/2025
(03/2027)","1985.38
(1798)",1235.29,79.98
1319,"4L of Ratnagiri - Kolhapur section from km 112.340 to km 145.300 of NH-166 PkgIII
(NHAI)
(618837)
(-) (-)",Maharashtra,"02/2022
(05/2023)","05/2025
(03/2027)","1939.23
(1910.41)",1078.85,67.57
1320,"4L of Nagpur-Katol Section from Km. 13.00 to Km. 62.900 of NH-353J
(NHAI)
(618937)
(-) (-)",Maharashtra,"02/2021
(10/2021)","10/2023
(10/2026)","1166.96
(1432.82)",1182.28,81.54
1321,"Construction of Standalone Flyover cum ROB from Design Ch.66.600 to Design
Ch.68.800 in Gadchandur Town on NH-353B
(NHAI)
(618939)
(-) (-)",Maharashtra,"02/2025
(07/2025)","07/2027
(07/2027)","191.31
(107.76)",33.97,36.99
1324,"Satara Km 725.000 to Pune Km 865.350 of NH - 4 New NH - 48 in Maharashtra
(NHAI)
(619069)
(-) (-)",Maharashtra,"09/2009
(10/2010)","05/2022
(10/2026)","361.72
(425.51)",384.55,99.05
1325,"Balance works of 4L Panvel Indapur section of NH66 old NH17 from km 42.300 kasu
to km 84.600 Indapur
(NHAI)
(619095)
(-) (-)",Maharashtra,"06/2022
(11/2022)","05/2024
(07/2026)","546.44
(472.1)",420.7,81.63
1326,"4L of Ratnagiri - Kolhapur section of NH-166 from km 0.000 to km 19.769 and km
31.000 to km 67.140 Pkg I
(NHAI)
(619149)
(-) (-)",Maharashtra,"02/2022
(11/2022)","11/2024
(11/2026)","1774.03
(2108.41)",1427.82,93.75
1327,"4L of Baramati to Indapur Pkg-II from km. 41.400 to km. 84.550 of NH-965G Saint
Tukaram Marg
(NHAI)
(619163)
(-) (-)",Maharashtra,"01/2021
(09/2021)","09/2023
(12/2026)","1471.32
(1297.48)",1071,86.2
1328,"Vadodara Mumbai Expressway Phase II - Pkg XII [Km. 50.700 to Km. 77.000] Masvan
- Ganjad
(NHAI)
(619198)
(-) (-)",Maharashtra,"08/2020
(03/2022)","03/2024
(07/2026)","1711.38
(2388.52)",979.41,99.38
1329,"Vadape to Thane from km 539.202 to km 563.000 section of NH-3 new NH-848
(NHAI)
(619203)
(-) (-)",Maharashtra,"03/2018
(01/2019)","07/2021
(07/2026)","1252.92
(1371.27)",491.81,80.78
1330,"Capacity Augmentation in the stretch of Pimpri Sado Vadape section of NH848 Km.
460900 to Km. 537000 by Construction of Slip/Service Road on either side at various
locations total length 25.140 Km LHSRHS, Flyover 2 x 25m at Borivali Junction Km.
528550 & LVUP 1 x 15m at Sherekarpada Km. 528800
(NHAI)
(619204)
(-) (-)",Maharashtra,"12/2025
(04/2026)","10/2027
(10/2027)","372.03
(372.03)",0,1
1331,"Dharampuri-Lonand from km. 117.00 to 166.40 Pkg-IV on Mohol-Alandi Section
(NHAI)
(619210)
(-) (-)",Maharashtra,"01/2021
(09/2021)","09/2023
(07/2026)","1411.71
(1358.68)",1471.41,97.4
1344,"Widening to 2 lane with Paved shoulder of lmphal to Jiribam section of NH-37 from
Design Ch. from km 169570 Near Nungkao vlllage under Tamenglong District to km
205974 near Jiribam Bridge under Jiribam district under NHO-NE PKG-7
(NHIDCL)
(618333)
(-) (-)",Manipur,"01/2023
(12/2023)","12/2025
(12/2026)","760.16
(760.16)",424.3,92.52
1345,"Widening to 2 Lane with Paved shoulder of lmphal to Jiribam section of NH-37 from
Design Ch. from km 131.280 to km 169.570 on EPC mode in Manipur under NHO-
TSP PKG-6
(NHIDCL)
(618334)
(-) (-)",Manipur,"12/2021
(02/2023)","02/2025
(09/2026)","504.76
(504.76)",325.89,95.2
1346,"Widening to 2 Lane with Paved shoulder of lmphal to Jiribam section of NH-37 from
Design Ch. from Km 101280 Near Khongsang Village to Km 131280 near Puilon
Kambiron Village on EPC Mode in Manipur PKG-5
(NHIDCL)
(618335)
(-) (-)",Manipur,"12/2021
(11/2022)","05/2024
(08/2026)","410.68
(410.68)",345.66,90.61
1347,"Widening to 2 -Lane with Paved shoulder of Imphal to Jiribam section of NH-37 from
Design Chainage 66.110 km to 101.280 Km Existing Chainage km 67.496 to km
103.557 on EPC Mode in Manipur PKG-4
(NHIDCL)
(618336)
(-) (-)",Manipur,"09/2021
(06/2022)","12/2023
(07/2026)","579.63
(579.63)",404.8,85.98
1348,"Widening to 2 -Lane with Paved shoulder of Imphal to Jiribam section of NH-37 from
Design Chainage 33.000 km to 66.390 Km Existing Chainage from km 33.395 to km
67.496 on EPC Mode in Manipur PKG-3
(NHIDCL)
(618337)
(-) (-)",Manipur,"03/2021
(09/2021)","03/2023
(03/2026)","467
(467)",593.44,86.33
1356,"Construction of of 2 -Lane with paved shoulders road from Tamenglong-Tousem-
Lisang-Mahur Road NH-137 starting near Dialong Village from km 10.000 at Dialong
to km 31.430 near Old Tamenglong , near Barak River on EPC Mode Package-2
(NHIDCL)
(618355)
(-) (-)",Manipur,"07/2021
(09/2021)","03/2023
(03/2026)","483.87
(483.87)",372.1,95.28
1358,"Construction of 2 -Lane with paved shoulders road from Tamenglong to Mahur NH-
137 in Manipur starting from km 54.180 near Azuram to km 80.630 near Mandeu on
EPC Mode Package 5
(NHIDCL)
(618357)
(-) (-)",Manipur,"09/2021
(11/2021)","05/2023
(01/2026)","477.86
(477.86)",330.12,84.87
1359,"Construction of 2 -Lane with paved shoulders road from Tamenglong to Mahur NH-
137 starting from km 80.630 near Mandeu to km 96.870 near Jiri River on EPC Mode
Package-6
(NHIDCL)
(618358)
(-) (-)",Manipur,"09/2021
(11/2021)","05/2023
(12/2025)","311.18
(311.18)",231.08,87.3
1367,"Improvement and Widening of National Highway No. 127B Darugiri - Songsak -
Williamnagar Junction Section to two lane with paved shoulder from design Km 0000
to Km 36635 Design length 36.635 Km existing Km 112000 to Km 151060 of NH-1278
under Bharatmala Pariyojana Lot-1 Pkg-1B Meghalaya portion
(NHIDCL)
(618294)
(-) (-)",Meghalaya,"03/2023
(09/2025)","09/2027
(09/2027)","801.07
(801.07)",176.12,26.08
1368,"Improvement/Widening of New NH-217 Dainadubi-Darugiri section to Two lane with
paved shoulder in Meghalaya from design Km 0000 to Km 40840 existing Km 8600 to
Km 53000 of Old NH-62 under BMP Lot-1 Pkg-1B Meghalaya portion
(NHIDCL)
(618295)
(-) (-)",Meghalaya,"03/2023
(03/2025)","03/2027
(03/2027)","705.83
(705.83)",0,45.52
1369,"Improvement/Widening to 2-L with Paved Shoulder/ 4-Laning of NH-40 section from
Km 151330 to Km 163400 design Km 63.530 to Km 71.520 including Dawki Bridge of
length 368 m between Shillong-Dawki under JICA ODA Loan assistance Phase-II Pkg-
5 -Balance work
(NHIDCL)
(618374)
(-) (-)",Meghalaya,"07/2020
(05/2024)","11/2026
(11/2026)","284.21
(284.21)",170.81,41.92
1370,"Improvement/Widening to 2-Lane with Paved Shoulder from design Km 45.760 to Km
63.530 between Shillong-Dawki under JICA ODA Loan assistance Phase-II -Balance
work Pkg-4
(NHIDCL)
(618375)
(-) (-)",Meghalaya,"07/2020
(04/2024)","04/2026
(10/2026)","445.51
(445.51)",42.39,53.21
1371,"Improvement/Widening to 2-Lane with Paved Shoulder between Shillong-Dawki road
up to Bangladesh Border from design Km 10.670 to Km 37.550 under JICA ODA Loan
assistance Phase-II -Balance Work-Pkg-2
(NHIDCL)
(618376)
(-) (-)",Meghalaya,"07/2020
(02/2024)","08/2026
(12/2026)","525.67
(525.67)",0,51.02
1372,"Improvement/Widening to 2-L with Paved Shoulder/4-L from Km 81740 to Km 93490
design Km 0000 to Km 10670 of NH-40 New NH-106 & 206 section & 4-L from design
Km 0.00 to Km 0.930 of NH-44 section between Shillong-Dawki under JICA ODA
Loan assistance Phase-II -Balance Work Pkg-1
(NHIDCL)
(618377)
(-) (-)",Meghalaya,"07/2020
(10/2023)","10/2025
(06/2026)","351.12
(351.12)",0,100
1379,"4-Laning of Kolasib - Sethawn section Package-5 of NH-6 from Existing Chainage km
86000 to km 107850 Design Chainage km 77500 to km 95500 on silchar - vairengte -
sairang road under Bharatmala Pariyojna on EPC mode under NHO-NE Vairengte -
Sairang Pkg-5
(NHIDCL)
(618318)
(-) (-)",Mizoram,"11/2021
(07/2025)","07/2027
(06/2027)","720.4
(720.4)",247.14,11.86
1380,"4-Laning of Sethawn - N. Kawnpui section Package-6 of NH-6 from Existing Chainage
km 107850 to km 126315 Design Chainage km 95500 to km 111850 on Silchar-
Vairengte- Sairang road, Vairengte - Sairang Pkg-6
(NHIDCL)
(618319)
(-) (-)",Mizoram,"12/2021
(07/2025)","01/2027
(12/2026)","595.65
(595.65)",173.14,6.72
1385,"Construction of 2-laning with hard shoulder of Lunglei to Chhumkhum from Design
Chainage Km 0.000 to Km 37.420 of NH-302 [Lunglei-Tlabung] Package-A
(NHIDCL)
(618362)
(-) (-)",Mizoram,"03/2021
(06/2021)","12/2022
(11/2026)","698.45
(698.45)",552.89,64.78
1386,"Construction of 2-laning with hard shoulder configuration of Chhumkhum to Tlabung
from Design Chainage Km 37.420 to Km 74.950 of NH-302 in Mizoram under
Bharatmala Pariyojana on EPC mode [Pkg-B]
(NHIDCL)
(618363)
(-) (-)",Mizoram,"06/2021
(07/2021)","01/2023
(12/2026)","740.58
(740.58)",494.49,61.34
1389,"Widening and up-gradation to 2-lane with paved shoulder configuration and geometric
improvements from km 339.00 to km 380.00 Siaha on Aizawl-Tuipang section under
JICA ODA Loan assistance Phase-I Package-8
(NHIDCL)
(618383)
(-) (-)",Mizoram,"09/2019
(03/2020)","09/2023
(06/2026)","637.06
(637.06)",101.89,99.82
1457,"Widening of existing Single lane / Intermediate lane road to 2 lane from Km 101 to Km
125 of NH 61
(MoRTH)
(617886)
(-) (-)",Nagaland,"06/2020
(06/2024)","06/2026
(03/2027)","252.2
(252.2)",0,44.46
1465,"4-Laning of Balance work of Dimapur-Kohima Road from design km 152.490 to km
166.700 Existing km 156.000 to km 172.900 Excluding Dimapur & Kohima Bypass
under SARDP-NE Package-III
(NHIDCL)
(618328)
(-) (-)",Nagaland,"03/2016
(09/2023)","09/2025
(07/2026)","562.98
(794.75)",535.96,84.32
1471,"Construction of 2-lane with hard shoulders of Merangkong-Tamlu-Mon road Wakching
Twon portion on EPC basis from existing Chainage Km 59000 to Km 73640 [Design
Km. 59000 to Km, 72450] Design length - 13.450 Km under SARDP-NE package-V
Balance work
(NHIDCL)
(618422)
(-) (-)",Nagaland,"03/2021
(09/2023)","09/2025
(07/2026)","161.73
(161.73)",101.21,99.75
1476,"construction or By-pass road on NH-26 for Nabrangpur Town
(MoRTH)
(617902)
(-) (-)",Odisha,"03/2023
(12/2024)","12/2026
(12/2026)","168.95
(168.95)",10.62,35
1489,"Bhadrak KM 136.500 to Baleshwar KM 199.141
(NHAI)
(618523)
(-) (-)",Odisha,"11/2014
(03/2019)","09/2021
(11/2026)","844.67
(1394.82)",783.79,91.32
1490,"Construction of 6-lane flyover at Ainthapali junction and a 2-lane ROB LHS on NH-53
Earlier NH-6 in Sambalpur, on EPC mode in Odisha under NHO
(NHAI)
(618591)
(-) (-)",Odisha,"03/2024
(06/2024)","12/2026
(12/2026)","374.17
(211.74)",106.42,50.87
1491,"Balance work of 8 nos. of Elephant Underpasses EUPs, 1 no. of Vehicular Underpass
VUP, 1 nos. of Light Vehicular Underpass LVUP, 1 nos. of Pedestrian Underpass
PUP, 1 nos. of Foot Over Bridge FOB and A2 side approach of Jharpokharia Flyover
at Km.215.270 in Baharagora-Singhara section of NH-49
(NHAI)
(618592)
(-) (-)",Odisha,"09/2023
(11/2024)","05/2026
(10/2027)","320.64
(244.85)",54.79,22.85
1493,"6L Greenfield Kaliagura Baunsaguar Section of NH-130-CD Road from km 249000 to
km 293000 Package OD-5
(NHAI)
(618677)
(-) (-)",Odisha,"09/2021
(05/2022)","05/2024
(11/2026)","1539.75
(1918.49)",998.13,96.8
1494,"6L Greenfield Baunsaguar - Baraja Section of NH-130-CD Road from km 293000 to
km 338500 Package OD-6
(NHAI)
(618678)
(-) (-)",Odisha,"08/2021
(06/2022)","05/2024
(07/2026)","1265.59
(1635.44)",969.31,99.4
1495,"6L Greenfield Kandili - Aluru Section of NH-130-CD Road from km 342500 to km
365033 Package-OD-8
(NHAI)
(618680)
(-) (-)",Odisha,"12/2021
(10/2022)","10/2024
(07/2026)","1492.74
(1912.84)",1064.81,99.9
1496,"6L Flyover including RE Wall approaches with Flexible Pavement in the Elephant
Corridor of Angul Sambalpur Section of NH-42 New NH-55 Km.202.533
(NHAI)
(618704)
(-) (-)",Odisha,"09/2023
(06/2024)","01/2027
(07/2026)","150.86
(106.32)",106.14,99.99
1497,"4L Godibandha to Ballhar Chhak, Ballhar Chhak to Banarpal & Banarpal to Start of
Angul bypass at Km.314.130 to Km.321.035 of NH53, at Km.75.200 to Km.84.000 of
NH149 & at Km.84.000 to Km.86.100 of NH55
(NHAI)
(618705)
(-) (-)",Odisha,"12/2024
(02/2026)","02/2028
(02/2028)","973.12
(973.12)",238.15,4.2
1498,"Rehabilitation and Up gradation from 4 to 8 laning of Chandikhole Paradip Section of
NH-53 Old NH 5A from Km.39.000 to Km.60.00 Package-3
(NHAI)
(618820)
(-) (-)",Odisha,"03/2023
(12/2023)","12/2025
(02/2027)","861.84
(938.55)",390.03,91.8
1500,"Rehabilitation and Up gradation from 4 to 8 laning of Chandikhole Paradip Section of
NH-53 Old NH 5A from Km.0.00 to Km.18.00Package-1
(NHAI)
(618822)
(-) (-)",Odisha,"03/2023
(12/2023)","12/2025
(08/2026)","929.91
(869.45)",398.91,92.3
1501,"3L Major Bridge over River Brahmani at Km. 401.250 Duburi - Chandikhole Section of
NH-200 New NH -53
(NHAI)
(618908)
(-) (-)",Odisha,"04/2022
(08/2022)","01/2025
(09/2027)","153.61
(103.68)",73.59,38
1502,"6L of Badakumari - Karki Section from Km 179.000 to km 226.500 of NH-130-CD
Package OD-3
(NHAI)
(619109)
(-) (-)",Odisha,"03/2021
(04/2022)","04/2024
(07/2026)","1101.76
(1374.43)",713.4,99.7
1503,"Four Laning of Angul to Sambalpur from Km.112.000 to Km.265.000
(NHAI)
(619118)
(-) (-)",Odisha,"09/2016
(03/2017)","08/2019
(07/2026)","2510.04
(2632.91)",2459.45,99.98
1505,"4 Laning of Talcher to end of Kamakhyanagar Bypass km 8.844 - km 15.725 of NH-
149 and km 301.875 - km 335.946 of NH-53 Pkg-I
(NHAI)
(619157)
(-) (-)",Odisha,"01/2018
(02/2019)","08/2021
(10/2026)","795.18
(810.71)",713.62,99
1506,"4 Laning of Duburi Chandikhole from km 388.376 to km 428.074 Pkg-III
(NHAI)
(619158)
(-) (-)",Odisha,"01/2018
(02/2020)","08/2022
(10/2026)","789
(907.61)",724.86,86
1507,"Rehabilitation and Up gradation from 4 to 8 laning of Chandikhole Paradip Section of
NH-53 Old NH 5A from Km.60.000 to Km.76.646 Package-4
(NHAI)
(619181)
(-) (-)",Odisha,"03/2023
(11/2024)","10/2026
(10/2027)","882.45
(1009.92)",196.63,33.02
1508,"6L of Hatibena - Badakumari Section from Km 146.50 to km 179.00 of NH-130-CD
Package OD-2
(NHAI)
(619213)
(-) (-)",Odisha,"02/2021
(03/2022)","03/2024
(07/2026)","791.17
(1070.63)",733.58,99.95
1513,"Delhi-Amritsar-Katra Expressway Phase-I Pkg-VIII from Junction with Ludhiana-
Malerkotla SH-11 near Bhogiwal village to Junction with Ludhiana-Moga road NH-5
near Mullanpur Dakha Km 225770 to km 260860
(NHAI)
(618488)
(-) (-)",Punjab,"12/2020
(03/2023)","03/2025
(12/2026)","1895.74
(2034.94)",1274.51,31.08
1514,"Delhi-Amritsar-Katra Expressway Phase-I Pkg-IX from Junction with Ludhiana-Moga
road NH-5 near Mullanpur Dakha to Junction with Jalandhar - Moga road NH-703 near
Kang Sahibu village Km 260860 to km 303900
(NHAI)
(618489)
(-) (-)",Punjab,"12/2020
(07/2022)","07/2024
(03/2027)","1851.47
(2407.14)",1934.7,73.35
1515,"Delhi-Amritsar-Katra Expressway Phase-I Pkg-X from Jn. with Jalandhar - Moga road
NH-703 to Jn. with Jalandhar-Kapurthala road NH-703A and to Jn. with Kapurthala -
Sultanpur Lodhi road NH-703A km 000 to km 24000 to Amritsar connectivity
(NHAI)
(618490)
(-) (-)",Punjab,"12/2020
(07/2022)","07/2024
(07/2026)","2177.54
(2062.74)",1524.23,62.99
1516,"Delhi-Amritsar-Katra Expressway Phase-I Pkg-XI from Junction with Jalandhar -
Kapurthala road NH-703A near khojewal village to Junction with Amritsar-Mehta-
SriHargobindpur-Tanda road NH-503A near SriHargobindpur Km 319400 to km
362420
(NHAI)
(618491)
(-) (-)",Punjab,"03/2021
(11/2022)","11/2024
(12/2026)","2175.35
(2206.71)",1377.13,43.45
1517,"Delhi-Amritsar-Katra Expressway Phase-I Pkg-XII from Junction with Amritsar-Mehta-
SriHargobindpur-Tanda road NH-503A near SriHargobindpur to Junction with
Pathankot-Gurdaspur road NH-54 near Gurdaspur Km 362420 to km 397700
(NHAI)
(618492)
(-) (-)",Punjab,"03/2021
(02/2025)","02/2027
(06/2027)","1734.18
(1538.47)",773.53,27.52
1518,"Delhi-Amritsar-Katra Expressway Phase-I Spur-I from Jn. with Kapurthala - Sultanpur
Lodhi Road NH-703A near Isharwal village to Jn. with Kapurthala - Tarn Taran road
NH-703AA near Goinwal Sahib [Km 24000 to Km 41000 of Amritsar connectivity]
(NHAI)
(618493)
(-) (-)",Punjab,"12/2021
(04/2023)","04/2026
(03/2028)","2165.23
(1519.6)",603.8,33.49
1519,"Greenfield connectivity from Govindsar village on Delhi Amritsar Katra Expressway to
Talwara village on NH-44 Pathankot by-pass
(NHAI)
(618551)
(-) (-)",Punjab,"11/2024
(07/2025)","07/2027
(07/2027)","666.81
(690.47)",215.06,28.5
1520,"Development of 6L Greenfield Jalandhar Bypass starting from Kahlwan NH-03 ending
at Kang Sahbu NH-703 via Sarmastpur NH-44 - Madara NH-03 - Khajurla NH-44
(NHAI)
(618552)
(-) (-)",Punjab,"03/2021
(01/2023)","01/2025
(06/2027)","1754.84
(2167.39)",1252.02,54.01
1521,"6L of Jodhpur Romana Bathinda - Mandi Dabwali Punjab Haryana Border section of
NH-54 from km. 0.000 to km. 27.400 of NH-54
(NHAI)
(618610)
(-) (-)",Punjab,"05/2020
(08/2023)","08/2025
(07/2026)","789.26
(1318.91)",688.68,99
1522,"6L Amritsar-Bathinda Greenfield section from village Tiba on NE-5A to Jn. with Moga
Jalandhar road NH-703 near Dharamkot from km 0.000 to km 39.000 of NH-754A
Pkg-1
(NHAI)
(618617)
(-) (-)",Punjab,"03/2021
(11/2022)","11/2024
(12/2027)","1229.38
(1549.32)",969.03,71.6
1523,"6L Amritsar-Bathinda Greenfield section from Jn. with Bhagta Bhai Ka-Bhadaur Road
near Dyalpura Bhai Ka to Jn. with Mandi Dabwali Bathinda Road on NH-54 near
Sangat Kalan from km 93.000 to km 154.866 of NH-754A Pkg-3
(NHAI)
(618618)
(-) (-)",Punjab,"03/2021
(06/2024)","06/2026
(07/2027)","2029.17
(2677.23)",1440.11,72
1524,"6L Access Controlled Ludhiana-Bathinda Greenfield highway from Jn. with Amritsar-
Bathanda Greenfield Road NH-754A near Rampura Phul to Jn. with Moga-Barnala
Road NH-703 near village Tallewal from Km 0.0 to Km 30.3 of NH-754AD Pkg-1
(NHAI)
(618647)
(-) (-)",Punjab,"06/2021
(09/2023)","09/2025
(10/2026)","906.51
(1020.52)",687.75,81.5
1525,"Development of 6-lane Greenfield Southern Ludhiana Bypass from intersection with
NH-44 near Village Rajgarh to intersection with Delhi Katra Expressway NE-5 near
Village Ballowal, km 0000 to km 25240
(NHAI)
(618648)
(-) (-)",Punjab,"11/2024
(03/2026)","03/2028
(03/2028)","1424.55
(1424.55)",145.14,3.54
1526,"Moga - Bagha Purana - Bajakhana from km. 0.00 to km. 43.32
(NHAI)
(618764)
(-) (-)",Punjab,"05/2020
(12/2022)","12/2024
(12/2026)","1032.59
(1264.17)",787.04,76
1527,"4L of Greenfield section from Sirhind to Mohali
(NHAI)
(618776)
(-) (-)",Punjab,"03/2022
(05/2023)","05/2025
(09/2026)","1237.65
(1301.15)",1383.52,96.78
1528,"4/6L Greenfield LudhianaRupnagar highway from Jn. with NE-5 village near to
ManewalLudhiana to Jn. with NH-205 near Bheora Village Rupnagar from Km 66.0 to
Km 91.0 i/c spur to Kharar from Km 0.0 to Km 19.5 with Ludhiana bypass of NH-205K
Pkg-3
(NHAI)
(618785)
(-) (-)",Punjab,"07/2021
(02/2023)","02/2025
(12/2026)","1501.02
(1815.13)",1158.7,79.86
1529,"4L of Phagwara - Hoshiarpur
(NHAI)
(618786)
(-) (-)",Punjab,"11/2022
(03/2025)","03/2027
(07/2027)","1196.38
(1503.79)",535.6,20.03
1530,"4L of Fazilka to Abohar section of NH-07 including construction of Greenfield Abohar
& Fazilka Bypasses
(NHAI)
(618793)
(-) (-)",Punjab,"03/2023
(04/2024)","04/2026
(07/2027)","1409.88
(1674.04)",881.3,67
1531,"Amritsarairport Junction - Ramdas from km. 100.835 to km. 139.813 Pkg - IV
(NHAI)
(618794)
(-) (-)",Punjab,"12/2020
(03/2022)","09/2023
(09/2026)","524.88
(416.58)",394.14,96
1532,"Amritsar Bypass Pkg III from km. 71.496 to km. 105.158
(NHAI)
(618795)
(-) (-)",Punjab,"02/2021
(08/2022)","08/2024
(12/2026)","1474.77
(1228.42)",1222.73,82.3
1533,"4L of Beas-Mehta-Batala-Dera Baba Nanak from intersection with Jalandhar-Amritsar
Highway NH-3 near Beas till start of Batala Bypass near Village Acchhal from Km.
0.000 to Km. 31.300 Pkg-1
(NHAI)
(618809)
(-) (-)",Punjab,"08/2021
(06/2023)","06/2025
(05/2027)","809.51
(966.99)",669.72,67.8
1534,"4L of existing Beas Baba Bakala - Dera Baba Nanak Section from start of Batala
Bypass till intersection with Ajnala Gurdaspur Highway NH 354 near Dera Baba
Nanak from Km. 31.300 to Km. 69.100 with Additional batala Bypass Pkg-II
(NHAI)
(618810)
(-) (-)",Punjab,"10/2021
(06/2023)","06/2025
(03/2027)","1003.38
(993.6)",792.5,80.7
1535,"4L of Amritsar-Ghoman - Tanda - Una Section from Km 8.270 to Km 54.000 of NH-
503A Package-I
(NHAI)
(618906)
(-) (-)",Punjab,"12/2020
(06/2022)","06/2024
(03/2027)","857.91
(1443.47)",754.44,68.4
1536,"6L Amritsar-Bathinda Greenfield section from Jn. with Moga Jalandhar road NH-703
near Dharamkot to Jn. with Bhagta Bhai Ka-Bhadaur Road near Dyalpura Bhai Ka
from km 39.000 to km 93.000 of NH-754A Pkg-2
(NHAI)
(619099)
(-) (-)",Punjab,"03/2021
(06/2024)","06/2026
(06/2027)","1801.37
(2172.71)",1268.39,64.6
1537,"6L Access Controlled Ludhiana-Bathinda Greenfield highway from Jn. with Moga-
Barnala Road NH-703 near village Tallewal to Jn. with Delhi-Katra Expressway NE-5
near Ludhiana village Ballowal from Km 30.300 to Km 75.543 of NH-754AD Pkg-2
(NHAI)
(619105)
(-) (-)",Punjab,"07/2021
(09/2025)","09/2027
(09/2027)","1555.13
(1564.66)",698.87,23.56
1538,"Delhi-Amritsar-Katra Expressway Phase-I Spur-III from Junction with Amritsar-
Jalandhar road NH-3 near Bhishambarpura to Junction with Amritsar-Anjala road NH-
354 near Amritsar Airport [Km 71000 to Km 99000 of Amritsar connectivity]
(NHAI)
(619200)
(-) (-)",Punjab,"03/2021
(11/2022)","10/2024
(10/2027)","1641.75
(1951.7)",1345.26,33.58
1539,"4/6L Greenfield Ludhiana Rupnagar highway from Jn. with NE-5 village near to
ManewalLudhiana to Jn. with NH-205 near Bheora Village Rupnagar from Km. 0.00 to
Km. 37.7 including spur to Kharar with Ludhiana bypass of NH-205K Pkg-1
(NHAI)
(619318)
(-) (-)",Punjab,"05/2021
(12/2022)","12/2024
(12/2027)","1368.91
(1382.48)",530.32,15.31
1540,"Beawer Gomti 4LPS from km 58.245 to km 108.600 Pkg-I
(MoRTH)
(617887)
(-) (-)",Rajasthan,"12/2020
(10/2021)","10/2023
(07/2026)","379.23
(379.23)",206.48,100
1548,"Delhi-Vadodara Greenfield Alignment NH-148N Pkg-10 Ch. 292.950 to Ch. 319.400
[End of Interchange on NH-166 near village Mui to Hardeoganj village near Indergarh]
(NHAI)
(618457)
(-) (-)",Rajasthan,"11/2019
(05/2021)","05/2023
(08/2026)","1272.97
(1265.16)",1150.12,95.25
1549,"Delhi-Vadodara Greenfield Alignment NH-148N Pkg-15 Ch. 419.000 to Ch.427.300
[Junction with NH-12 near village Ummedpura to Major bridge over Takli river near
Nayagaon Jageer village]
(NHAI)
(618458)
(-) (-)",Rajasthan,"07/2020
(07/2021)","01/2024
(07/2026)","1854.68
(1854.68)",1495.49,95.52
1550,"Sangariya near Chautala-Rasisar near Bikaner section of NH-754K Phase-I AJ/SR-
Package-7
(NHAI)
(618611)
(-) (-)",Rajasthan,"02/2019
(06/2021)","06/2023
(07/2026)","520.63
(548.42)",450.58,100
1551,"Deogarh near Dhandhaniya-Rajasthan/Gujarat Border Phase-I AJ/DRGB-Package-6
(NHAI)
(618612)
(-) (-)",Rajasthan,"10/2019
(08/2021)","08/2023
(07/2026)","846.59
(740.62)",704.71,100
1552,"Deogarh near Dhandhaniya-Rajasthan/Gujarat Border Phase-I AJ/DRGB-Package-7
(NHAI)
(618613)
(-) (-)",Rajasthan,"10/2019
(07/2021)","07/2023
(07/2026)","662.08
(597.77)",561,99.2
1553,"6L access controlled Highway from Km 40080 to Km 86513 Mator to Barodameo
Section
(NHAI)
(618757)
(-) (-)",Rajasthan,"09/2022
(03/2024)","03/2026
(06/2027)","2010.2
(1565.88)",708.28,37.27
1554,"6L accesscontrolled highway from km 0000 to km 40080 Paniyala to Mator Section of
Paniyala-Barodameo ICR
(NHAI)
(618758)
(-) (-)",Rajasthan,"09/2022
(09/2024)","09/2026
(09/2026)","1764.86
(1239.24)",558.32,41.25
1555,"Tanot -Ramgarh-Bhadasar-Jaisalmer NH-68 and BhadasarMokal-Sarkaritala up to
Pakisthan Border NH-968 Pkg-BM/5
(NHAI)
(618796)
(-) (-)",Rajasthan,"02/2018
(04/2019)","04/2021
(07/2026)","828.58
(830.37)",694.47,100
1557,"4L of Karwar Km. 281.980 of NH-62 Nagaur road to Dangiyavas of Jodhpur Ring
Road Pkg-II
(NHAI)
(618838)
(-) (-)",Rajasthan,"11/2021
(08/2022)","08/2024
(07/2026)","736.75
(512.77)",470.4,100
1558,"Construction of Four lane Elevated Structure at Raniwada Circle in Sanchore City on
NH-68
(NHAI)
(618853)
(-) (-)",Rajasthan,"01/2024
(07/2024)","07/2026
(07/2026)","353.3
(241.34)",184.84,86.18
1560,"Upgradation of 6 laned Jaipur- Kishangarh section of NH-48 from km 274100 to
363885 involving construction of flyovers and Service road in Rajasthan On
Engineering, Procurement & Construction EPC Mode
(NHAI)
(619270)
(-) (-)",Rajasthan,"03/2026
(07/2026)","01/2029
(-)","910.91
(910.91)",0,0
1565,"Construction & Upgradation of existing road to 2-lane with paved shoulder from New
Rolep Bridge at km 37.600 to Chochenpheri at km 52.00 in the section of Rongli to
Chochenpheri of NH 717B Pkg-II C
(NHIDCL)
(618446)
(-) (-)",Sikkim,"10/2020
(05/2021)","05/2024
(09/2026)","493.42
(478.79)",0.03,79.13
1568,"Construction & Upgradation of existing road to 2-lane with paved shoulder from
km27.200 End of Rongli bypass to km37.600New Rolep Bridge of Rhenok-Menla spur
NH-717B on EPC Mode under SARDP-NE Phase-A in Sikkim Pkg-II B
(NHIDCL)
(618449)
(-) (-)",Sikkim,"07/2020
(10/2020)","04/2023
(09/2026)","230.45
(244.91)",0,86.19
1569,"Rehabilitation & Upgradation of existing road to 2-lane with paved shoulder including
geometric improvement of section from start of Rabangla km33.600 to km58.840
under SARDP-NE Phase A Pkg- IV
(NHIDCL)
(618450)
(-) (-)",Sikkim,"07/2020
(10/2020)","05/2022
(12/2026)","292.8
(292.8)",1.91,65.15
1571,"Bangalore Chennai Expressway Phase-III Package II Walajahpet to Arakkonam from
Km 180.000 to Km 204.500
(NHAI)
(618478)
(-) (-)",Tamil Nadu,"01/2021
(07/2022)","07/2024
(08/2026)","1106.65
(1106.65)",591.91,93.04
1572,"Bangalore Chennai Expressway Phase-III Package III Arakkonam to Kancheepuram
from Km 204.500 to Km 230.000
(NHAI)
(618479)
(-) (-)",Tamil Nadu,"12/2020
(08/2022)","07/2024
(12/2027)","1525.1
(1525.1)",360.65,53.56
1573,"Construction of Trumpet Interchange Connecting Bangalore Chennai Expressway
km.261705 to km. 262800 with Maduravoyal to Walajapet Section of NH 48 near
Sriperumbudur Toll Plaza at km. 35700
(NHAI)
(618480)
(-) (-)",Tamil Nadu,"05/2023
(02/2024)","08/2025
(10/2026)","162.55
(162.56)",52.47,38.52
1574,"4L Bangalore-Chennai Expressway from Km. 230.000 to Km. 261.705 of
Kanchepuram to Sriperumbudur Section Phase-III/Package-IV
(NHAI)
(618481)
(-) (-)",Tamil Nadu,"02/2021
(07/2022)","07/2024
(10/2026)","3605.73
(3605.73)",930.29,89.97
1575,"Karaipettai to Walajapet from Km 71.015 to 107.091
(NHAI)
(618521)
(-) (-)",Tamil Nadu,"08/2018
(02/2019)","02/2021
(07/2026)","766.51
(766.51)",613.5,93.55
1576,"Balance Works for six laning of Sriperumbudur to karaipettai section of NH-4 New NH-
48 from 37000 Existing Km 37000 to Km 71015 Existing Km 71000 in Tamilnadu on
EPC mode underNHDP Phase-V
(NHAI)
(618522)
(-) (-)",Tamil Nadu,"06/2024
(01/2025)","10/2026
(03/2027)","411.16
(411.16)",134.48,36.64
1577,"Improving the Alignment of Thoppur Ghat Section from Km 158.500 to Km 165.100 in
Dharmapuri - Salem Section of NH-44
(NHAI)
(618561)
(-) (-)",Tamil Nadu,"03/2024
(03/2025)","03/2028
(03/2028)","904.99
(731.09)",209.58,45.13
1578,"4L of Madurai Ring Road Phase 1 [Vadipatti-Thamrapatti] from km 0.00 - km 29.960
(NHAI)
(618563)
(-) (-)",Tamil Nadu,"12/2018
(03/2020)","03/2022
(07/2026)","900.05
(900.05)",903.4,99.25
1579,"4L of left-over works including additional structures from Kerala/Tamil Nadu border to
Kanyakumari Section from Km 43.0 to Km 96.174 of NH66
(NHAI)
(618608)
(-) (-)",Tamil Nadu,"11/2022
(08/2023)","08/2025
(11/2026)","1564.23
(1263.42)",961.9,80.68
1580,"6L of Pondavakkam to Kannigaipair from km 96.040 to km 116.100 of NH 716B Pkg-
IV
(NHAI)
(618635)
(-) (-)",Tamil Nadu,"02/2021
(01/2023)","01/2025
(12/2027)","1359.81
(1359.81)",409.22,40.88
1581,"4L of Thirumangalam to Vadugapatti section from km 0.000 to km 36.000 of NH-744
(NHAI)
(618744)
(-) (-)",Tamil Nadu,"03/2022
(02/2023)","02/2025
(07/2026)","1076.97
(791.6)",679.49,95.51
1582,"Melur - Pilayarpatti - Karaikudi from km 99.920 of NH 38 to km 12.9 of NH 383 Ext.
(NHAI)
(618756)
(-) (-)",Tamil Nadu,"12/2018
(03/2020)","03/2022
(07/2026)","1103.86
(1085.41)",956.43,97.32
1583,"Construction of New Double Tier 4L Elevated Corridor from Chennai Port to
Maduravoyal in Chennai District from km -0.342 to Km 20.593 and Package II from
Km 4.604 to Km 9.700
(NHAI)
(618800)
(-) (-)",Tamil Nadu,"03/2023
(11/2023)","05/2026
(03/2029)","1616.97
(1616.97)",239.48,18.13
1584,"Construction of New Double Tier 4-lane Elevated Corridor from Chennai Port to
Maduravoyal in Chennai District from Km -0342 to Km 20223 Package 1 from Km -
0342 to Km 4604
(NHAI)
(618801)
(-) (-)",Tamil Nadu,"03/2023
(11/2023)","05/2026
(03/2029)","1388.59
(1388.59)",268.23,22.8
1585,"Poondiyankuppam Km.67.000 to Sattanathapuram Km.123.800
(NHAI)
(618846)
(-) (-)",Tamil Nadu,"03/2018
(01/2022)","01/2024
(09/2026)","2565.63
(2319.35)",1207.03,99.8
1586,"4L of Madathukulam - Pollachi from km. 74.38 to km. 116.95 of old NH-209 New NH-
83
(NHAI)
(618894)
(-) (-)",Tamil Nadu,"01/2019
(12/2020)","12/2022
(07/2026)","1772.13
(1772.13)",1061.26,95.52
1587,"Kamalapuram to Oddanchatram from km. 0.00 to km. 35.822
(NHAI)
(618895)
(-) (-)",Tamil Nadu,"01/2019
(01/2021)","01/2023
(08/2026)","1319.42
(1319.42)",649.69,92.49
1588,"Balance Works for Four laning of Vikravandi to Sethiyathope section from Km 0.0 to
Km 65.96 of NH-45C in Tamil Nadu under NHDP Phase-IV on EPC mode
(NHAI)
(618898)
(-) (-)",Tamil Nadu,"01/2025
(06/2025)","06/2027
(06/2027)","1163.17
(834.46)",235.05,33.64
1589,"Kallagam km.38.700 to Meensurutti Km.98.433 of NH-227 in Tamil Nadu
(NHAI)
(618899)
(-) (-)",Tamil Nadu,"02/2018
(04/2019)","04/2021
(07/2026)","1499.12
(1499.12)",1111.8,100
1590,"Construction of New Double Tier 4L Elevated Corridor from Chennai Port to
Maduravoyal in Chennai District from km -0.342 to Km 20.593 and Package IV from
Km 14.185 to Km 20.593
(NHAI)
(619045)
(-) (-)",Tamil Nadu,"03/2023
(11/2023)","05/2026
(03/2029)","1205.4
(1210.21)",86,8.58
1591,"6-laning of Krishnagiri Km.0.000 to Walajahpet Km.148.300 section on NH-46 under
NHDP-V
(NHAI)
(619074)
(-) (-)",Tamil Nadu,"12/2009
(06/2011)","12/2013
(07/2026)","1673.17
(781.74)",701.37,99.99
1592,"Chengapalli km 102.035 to Neelambur Km144.680 and Madukkarai Km 170.880 to
Walayar K183.010 Package No. NS-2/BOT/TN-08
(NHAI)
(619086)
(-) (-)",Tamil Nadu,"10/2009
(09/2010)","03/2013
(10/2026)","852
(285.55)",6.93,100
1593,"Thorapalli - Agraharam - Jittandahalli Section from km 23.350 to km 60.100 [Hosur to
Dhamrapuri Pkg-2]
(NHAI)
(619094)
(-) (-)",Tamil Nadu,"02/2019
(12/2021)","12/2023
(12/2026)","1243.57
(1272.11)",827.88,77.57
1594,"4L of Padalur - Trichy section from km. 285.00 to km. 325.00 of NH - 45 Pkg VI-C
(NHAI)
(619113)
(-) (-)",Tamil Nadu,"12/2005
(11/2006)","05/2009
(02/2026)","555.8
(235.8)",235.51,100
1595,"Mahabalipuram - Pondicherry Pkg-I [Mamallapuram to Mugaiyur]
(NHAI)
(619129)
(-) (-)",Tamil Nadu,"02/2019
(05/2022)","05/2024
(01/2027)","1360.54
(1477.94)",897.36,58.65
1596,"Mahabalipuram - Pondicherry Pkg-II [Mugaiyur to Marakkanam]
(NHAI)
(619130)
(-) (-)",Tamil Nadu,"02/2019
(12/2023)","12/2025
(03/2027)","1116.13
(1463.75)",771.85,53.41
1597,"Four Laning of Chettikulam to Natham section of NH-785
(NHAI)
(619131)
(-) (-)",Tamil Nadu,"03/2018
(11/2018)","11/2020
(06/2026)","837.61
(823.93)",641.93,99.75
1598,"Construction of New Double Tier 4L Elevated Corridor from Chennai Port to
Maduravoyal in Chennai District from km -0.342 to Km 20.593 and Package III from
Km 9.700 to Km 14.185
(NHAI)
(619139)
(-) (-)",Tamil Nadu,"03/2023
(11/2023)","05/2026
(03/2029)","1299.36
(1299.36)",189.12,17.24
1599,"4 Laning of Paramakudi to Ramanathapuram Section of NH-87 Old NH-49
(NHAI)
(619156)
(-) (-)",Tamil Nadu,"07/2025
(05/2026)","05/2028
(06/2028)","1853.16
(1853.16)",159.26,0
1600,"Access Controlled Highway of 4 Lane with Paved Shoulders from Tiruvallur Design
Chainage Km 1756 to TN/AP Broder Design Chainage Km 6151 of NH-716 Chennai-
Tirupati Package-1
(NHAI)
(619161)
(-) (-)",Tamil Nadu,"03/2024
(12/2024)","12/2026
(03/2027)","1376.1
(1247.7)",180.68,40.8
1601,"Balance works of four lane from km 43.950 Thiruvallur Bypass to km 61.470
Veppampattu Bypass passing through Thannerkulam, Thozur and Sevapet Bypass
17.520 kms of Tirupathi- Tiruttani- Chennai section of NH 205
(NHAI)
(619222)
(-) (-)",Tamil Nadu,"03/2022
(09/2022)","09/2024
(07/2026)","467.99
(699.68)",594.43,97.92
1608,"Rehabilitation and upgradation of NH-167 from design km 113.900 to 154.479
Mallepally Haliya section to two lane with paved shoulders on EPC mode in the stte of
Telangana
(MoRTH)
(617994)
(-) (-)",Telangana,"02/2018
(06/2018)","11/2019
(12/2025)","294.13
(257.61)",244.16,88.22
1617,"Widening to two/four lane with paved shoulders from Km.34.250 to Km.71.830 of NH-
365A on Kodad-Khammam-Kurvi road.
(MoRTH)
(618140)
(-) (-)",Telangana,"10/2022
(02/2025)","01/2027
(01/2027)","445.76
(445.76)",18.32,9.39
1625,"Improvement of Geometrics of Kalkallu to Gundla Pochanpalli from Km 454.00 to Km
471.00 of NH-44
(NHAI)
(618558)
(-) (-)",Telangana,"03/2022
(01/2023)","01/2025
(03/2027)","955.49
(903.17)",454.5,36.5
1626,"6L of existing 4L from Gundlapochampally to Bowenpally from km 471.300 to km
481.331 of NH-44
(NHAI)
(618559)
(-) (-)",Telangana,"12/2021
(08/2022)","07/2024
(12/2026)","521.53
(528.21)",257.31,50.5
1627,"Improvement of Geometrics of Thondupally to Kothur from Km 22.300 to Km 34.14 of
NH-44
(NHAI)
(618560)
(-) (-)",Telangana,"03/2022
(03/2023)","09/2024
(09/2026)","541.58
(527.43)",74.01,17.05
1628,"Khammam-Devarapalle Pkg I [4L Access Controlled Greenfield from Thallampadu
village to Somavaram village Design Chainage 0000 to 33604]
(NHAI)
(618746)
(-) (-)",Telangana,"01/2021
(10/2022)","10/2024
(10/2026)","797.36
(1337.18)",684.51,96.4
1629,"4L of Karimnagar-Warangal section from km 49.500 to km 117.820 of NH-563
(NHAI)
(618765)
(-) (-)",Telangana,"03/2022
(07/2023)","07/2025
(08/2026)","2146.86
(2486.51)",1268.13,92.4
1630,"4L Access Controlled Greenfield Highway Section Mancherial Warangal from
Pangidipalle village at Design Ch. 72.350 Km to Oorugonda village at Design Ch.
112.240 KmPackage-III
(NHAI)
(618811)
(-) (-)",Telangana,"03/2023
(10/2025)","10/2027
(01/2028)","1183.71
(1170.64)",163.15,5
1631,"4L Access Controlled Greenfield Section Mancherial Warangal from Puttapaka village
at Design Ch. 35.300 Km to Pangidipalle village at Design Ch. 72.350 KmPackage-II
(NHAI)
(618812)
(-) (-)",Telangana,"01/2023
(06/2025)","06/2027
(12/2027)","1129.33
(1145.41)",209.45,8.05
1632,"4L Access Controlled Greenfield Section Mancherial Warangal from Narva village at
Design Ch. 3.834 Km to Puttapaka village at Design Ch. 35.300 Km Package-I
(NHAI)
(618813)
(-) (-)",Telangana,"03/2023
(12/2024)","12/2026
(10/2027)","1127.9
(1104.27)",160.54,10.23
1633,"4L Access Controlled Greenfield Highway section on NH163G Warangal-Khammam
from Oorugonda village in Hanamkonda District at Design Ch. 112.240 Km to
Venkatpur village in Warangal District at Design Ch. 150.240 KmPackage-I
(NHAI)
(618814)
(-) (-)",Telangana,"03/2023
(06/2025)","06/2027
(05/2028)","1142.6
(1140.82)",147.2,0
1634,"4L Access Controlled Greenfield Highway section on NH-163G Warangal-Khammam
from Venkatpur village in Warangal District at Design Ch. 150.240 Km to
Thallasenkesa village in Mahabubabed District at Design Ch. 189.650 kmPackage-II
(NHAI)
(618815)
(-) (-)",Telangana,"03/2023
(04/2024)","04/2026
(03/2027)","1092.88
(1083.11)",377.96,74.43
1635,"4L Access Controlled Greenfield Highway section on NH-163G Warangal-Khammam
from Thallasenkesa village at Design Ch. 189.650 km to V.Vekatayapalem village in
Khammam District at Design Ch. 220.480 KmPackage-III
(NHAI)
(618816)
(-) (-)",Telangana,"03/2023
(07/2025)","07/2027
(07/2027)","1105.25
(1098.05)",168.17,10.06
1636,"4L Access Controlled Greenfield Highway section on NH-163G Khammam Vijayawada
from V. Venkatayapalem village at Design Ch. 220.480 Km to BrahmanapalliK village
at Design Ch. 250.400 Km Package-I.
(NHAI)
(618817)
(-) (-)",Telangana,"03/2023
(03/2025)","03/2027
(06/2027)","973.45
(1021.96)",270.95,44
1637,"Hyderabad - Maneguda
(NHAI)
(618944)
(-) (-)",Telangana,"10/2021
(11/2024)","11/2026
(05/2027)","958.86
(1218.49)",408.06,21.84
1638,"4L of Kodad Design Km 0.00/Existing Km 185.00 of NH-65 to Khammam Design Km
31.800/Existing Km 29.400 of NH-365A
(NHAI)
(618945)
(-) (-)",Telangana,"01/2021
(01/2022)","05/2024
(07/2026)","1149.17
(1606.99)",871.58,99.98
1640,"Khammam-Devarapalle Pkg II [4L Access Controlled Greenfield from Somavaram
village to Chintagudem village Design Chainage 33604 to 63117]
(NHAI)
(619128)
(-) (-)",Telangana,"01/2021
(09/2022)","09/2024
(07/2026)","615.78
(981.64)",524.03,98.02
1641,"Thanamcherla-Jamandlapally 2LPS
(NHAI)
(619165)
(-) (-)",Telangana,"11/2013
(03/2014)","02/2023
(07/2026)","177.18
(18.65)",8.3,100
1650,"Rehabilitation and up-gradation of road from design km 25.250 to km 36.460 Total
lengh 11.210 km of Kailashahar-Kurti Bridge section on NH-208A to 2-lane with paved
shoulder on EPC basis under NHO Package-III- Balance Work
(NHIDCL)
(618385)
(-) (-)",Tripura,"02/2020
(09/2024)","03/2026
(03/2026)","174.43
(174.43)",0,41.9
1651,"Melaghar-Srimantapur section on NH-08 Spur from Km 23 to Km 34.500 11.5 Km and
overlay from Km 20.30 to Km 22.00 1.7 Km Total Length 13.2 Km
(NHIDCL)
(618411)
(-) (-)",Tripura,"01/2023
(05/2023)","11/2024
(08/2026)","195.95
(195.95)",92.61,72.48
1655,"Balance work of Construction of Ring Road for Raebareli City on eastern side of NH-
24B Phase-1 on EPC mode.
(MoRTH)
(618009)
(-) (-)",Uttar Pradesh,"12/2019
(10/2020)","04/2022
(09/2026)","319.96
(347.8)",0,95
1656,"Construction of Balrampur bypass with 2L flexible pavement configuration from
km.223.000 of NH-330 to km.328.300 of NH-730 under EPC mode
(MoRTH)
(618054)
(-) (-)",Uttar Pradesh,"12/2022
(08/2024)","02/2026
(08/2026)","515.69
(515.69)",118.72,54
1660,"Widening & Strenghteningof section from Bharthana chowk to Kodarkoot km.0.00 to
km.40.00 of NH-91-A on EPC mode
(MoRTH)
(618063)
(-) (-)",Uttar Pradesh,"03/2020
(03/2023)","09/2024
(09/2026)","262.37
(343.77)",115.38,94
1663,"Construction of two lane with paved shoulder from existing Km.0.000 to Km.55.610
design km. 0.000 to km. 54.048 of NH-124D
(MoRTH)
(618075)
(-) (-)",Uttar Pradesh,"12/2021
(02/2024)","02/2026
(09/2026)","840.93
(773.58)",204.84,75
1665,"Widening & Upgradation to four lane configuration from Km.34.900 Bhadohi to
km.73.134 Jaunpur of NH-135A on EPC mode
(MoRTH)
(618082)
(-) (-)",Uttar Pradesh,"03/2021
(11/2022)","05/2024
(09/2026)","395.62
(392.03)",0,94
1670,"lmprovement and Up-gradation from Km. 73.300 Bikapur to Km.140.960 Patranga of
NH-227B 84 Kosi Parikrama Marg to 2LPS along with Parikrama Path
(MoRTH)
(618116)
(-) (-)",Uttar Pradesh,"11/2022
(01/2026)","01/2028
(01/2028)","1679.75
(1679.75)",142.53,40.45
1672,"Improvement and up-gradation to 2LPS of NH-227B 84-Kosi Parikrama Marg
PackageVI, Design Km 160200 Bahuvan Madar Majha to Km 224040 Jagarnathpur
under HAM
(MoRTH)
(618162)
(-) (-)",Uttar Pradesh,"05/2023
(01/2026)","01/2028
(01/2028)","2008.7
(2008.7)",0,18
1678,"Construction of Two Lane with paved shoulder highway from Design Ch.0.000 to
Ch.49.2OO of NH-731B on EPC Mode
(MoRTH)
(618169)
(-) (-)",Uttar Pradesh,"03/2022
(11/2023)","11/2025
(07/2026)","640.18
(602.76)",265.25,97.68
1680,"Construction of 6-lane bridge on Ganga on NH-96 and its approaches in Phaphamau
Allahabad on EPC mode
(MoRTH)
(618233)
(-) (-)",Uttar Pradesh,"07/2018
(02/2021)","02/2024
(09/2026)","1948.25
(1465.41)",0,90.2
1691,"Widening and Strengthening to two Lane with Paved Shoulder/Four Lane with paved
shoulder configuration from km. 61.500 of NH-727B near Nawalpur km 178.500 of
Sonauli Balia Marg, Old SH-01 i.e. end point of Salempur Bypass to km. 106.495 of
NH-727B near Sikanderpur under EPC mode
(MoRTH)
(618264)
(-) (-)",Uttar Pradesh,"05/2023
(12/2025)","05/2028
(05/2028)","2061.86
(2061.86)",0,37
1695,"6L Elevated Kanpur - Lucknow Exeressway Pkg-1 from Km. 10980 to Km. 28500
(NHAI)
(618499)
(-) (-)",Uttar Pradesh,"12/2021
(02/2023)","07/2025
(07/2026)","1972.94
(1943.27)",770.81,100
1696,"Construction of 4L Connector from Delhi Meerut Expressway Km 50.000 of Pkg IV to
Km 8.520 of NH-235 Pkg-5
(NHAI)
(618500)
(-) (-)",Uttar Pradesh,"09/2021
(03/2022)","03/2024
(07/2026)","1081.39
(1116.19)",442.98,78
1697,"Varanasi Ring Road Pkg-II connecting Sandaha Village km 11.70 / NH-29 with
Revasa Village km 818.80 / NH-2
(NHAI)
(618529)
(-) (-)",Uttar Pradesh,"12/2017
(02/2019)","02/2022
(10/2026)","1991.71
(1832.66)",1750.54,96.15
1699,"Construction of Ring Road around Kanpur from Km.000 to Km. 23.325 Chachendi
Sachendi I to Maharajpur Package-I
(NHAI)
(618537)
(-) (-)",Uttar Pradesh,"01/2023
(12/2023)","06/2026
(02/2027)","1753.75
(1311.7)",453.73,61.21
1700,"Construction of Ring Road around kanpur from Ch.51.200 to Ch. 68.650 Badarka to
Harbanch-Uchti Pkg-III
(NHAI)
(618538)
(-) (-)",Uttar Pradesh,"09/2023
(01/2025)","07/2027
(07/2027)","1792.68
(1126.75)",261.94,32.78
1701,"Construction of Ring Road Kanpur from Ch. 32.090 to Ch.51.200 Transganaga to
Sathara Package-II B
(NHAI)
(618539)
(-) (-)",Uttar Pradesh,"08/2024
(03/2025)","09/2027
(09/2027)","1089.41
(1106.92)",48.77,17.25
1702,"Construction of Ring Road around Kanpur from Ch.23.325 to Ch.32.090 Chaudhariya
to Transganga Package-IIA
(NHAI)
(618540)
(-) (-)",Uttar Pradesh,"08/2024
(11/2025)","10/2027
(04/2028)","1089.41
(977.45)",249.69,49.1
1703,"Construction of left out portion of Agra Inner Ring Road connecting village Deori to
NH-44 village Bad from Km. 0.000 to Km. 7.772
(NHAI)
(618554)
(-) (-)",Uttar Pradesh,"07/2022
(03/2023)","09/2024
(08/2026)","879.26
(787.58)",629.11,93.8
1704,"4L Green Field Northern East side Gorakhpur Bypass 26.616 Kms starting from NH-
29E Chainage 83.308 and end at NH-28 Chainage 285.100
(NHAI)
(618566)
(-) (-)",Uttar Pradesh,"02/2023
(01/2024)","01/2026
(01/2027)","1973.98
(1244.44)",1010.31,72
1705,"4/6L of Northern Ayodhya Bypass starting Km. 112.540 and ending Km. 139.928 north
of existing NH-27 part-1 and part-2 south of NH-27 from km 0.000 to km 5.000.
(NHAI)
(618567)
(-) (-)",Uttar Pradesh,"08/2024
(07/2025)","01/2028
(01/2028)","2289.34
(1834.25)",268.81,33.12
1706,"4/6L Southern Ayodhya Bypass from Km 5.000 to Km 37.172 starting near Km.
112.540 and ending at Km. 153.281 of NH-27
(NHAI)
(618568)
(-) (-)",Uttar Pradesh,"08/2024
(03/2025)","09/2027
(09/2027)","2541.13
(1983.05)",312.39,39.03
1707,"4 -Laning of MP/UP Border to Kabarai section of NH-34&35 from km 197.000 to km
242.991 Length 45.991 Km Sagar-Kabrai Package-5 under Bharat Mala Pariyojana
EC in MP & UP on HAM
(NHAI)
(618669)
(-) (-)",Uttar Pradesh,"10/2022
(02/2025)","02/2027
(01/2027)","1632.93
(1425.43)",529.81,60.02
1709,"Aligarh-Kanpur Pkg I [Aligarh-Bhadwas]
(NHAI)
(618692)
(-) (-)",Uttar Pradesh,"03/2018
(02/2019)","06/2022
(08/2026)","1226.64
(2069.6)",1359.14,100
1710,"DL/UP Border - EPE Crossing Pkg-02
(NHAI)
(618710)
(-) (-)",Uttar Pradesh,"09/2020
(05/2021)","11/2023
(07/2026)","2002.79
(1889.78)",1739.68,100
1711,"6L access Controlled Greenfield Highway from Gogwan Jalalpur Shamli to Ranipur
Barsi Saharanpur of Shamli -Ambala section Package-I Design Ch. Form km 00.600
to km 45.500
(NHAI)
(618722)
(-) (-)",Uttar Pradesh,"06/2022
(05/2023)","05/2025
(03/2027)","1843.59
(1247.55)",759.25,67.4
1712,"4L Spur of Meerut-Garh-Mukteshwar section connecting NH-119 and NH-58
bypassing Meerut Town of NH 709 A
(NHAI)
(618761)
(-) (-)",Uttar Pradesh,"10/2021
(02/2023)","02/2025
(07/2026)","991.89
(977.73)",861.63,96.98
1713,"Four laning of Agra-Aligarh Section from Km. 0.000 Junction of NH-34 Aligarh Km
144.60 to Km. 28.000 near Asroi village in Hathras of NH-509 Package-I
(NHAI)
(618768)
(-) (-)",Uttar Pradesh,"06/2024
(03/2026)","03/2028
(11/2028)","1309.08
(1309.08)",305.43,1.99
1714,"4L of Bareilly-Pilibhit-Sitarganj from Km. 0.000 to Km. 32.500 of NH-30 Pkg-1
(NHAI)
(618782)
(-) (-)",Uttar Pradesh,"02/2023
(03/2024)","03/2026
(03/2027)","1394.14
(1394.14)",606.2,63.4
1715,"4L of Sonauli - Gorakhpur
(NHAI)
(618798)
(-) (-)",Uttar Pradesh,"12/2021
(03/2023)","03/2025
(09/2026)","2555.5
(2275.43)",1326.61,89
1716,"2L PS Greenfield bypass lalganj ajhara, mohanganj and Raniganj on Raebareli -
Jaunpur Section Design km 0.00 to Km 53177 of NH-31
(NHAI)
(618842)
(-) (-)",Uttar Pradesh,"12/2024
(06/2026)","06/2028
(-)","1280.68
(1280.68)",186.29,0
1718,"Construction of Underpass beneath airport runway on NH-31 old NH-56 for proposed
expansion of runway of Babatpur Airport Varanasi
(NHAI)
(618848)
(-) (-)",Uttar Pradesh,"02/2025
(09/2025)","09/2027
(09/2027)","649.44
(649.44)",0.09,6.7
1719,"Improvement and Up-Gradation of Existing Road to 4L PS from Km 123.650 to
175.080, from Start of Shahabad Bypass to End of Hardoi bypass of NH 731 Pkg-2B
(NHAI)
(618856)
(-) (-)",Uttar Pradesh,"09/2022
(11/2023)","11/2025
(03/2027)","1101.79
(1212.26)",486.98,68.8
1720,"Improvement and Up-Gradation of Existing Road to 4L PS from Km 88.750 to
123.650, from Start of Shahjahanpur Bypass to start of Shahabad bypass of NH
731Pkg.-2A
(NHAI)
(618858)
(-) (-)",Uttar Pradesh,"09/2022
(01/2024)","01/2026
(03/2027)","955.34
(955.34)",348.38,70.56
1721,"Improvement and Up-Gradation of Existing Road to 4L PS from Km 229.070 to
260.800, End of Hardoi District to Lucknow Ring road of NH 731 Pkg-4
(NHAI)
(618859)
(-) (-)",Uttar Pradesh,"09/2021
(10/2022)","10/2024
(07/2026)","575.66
(553.61)",390.09,99.33
1723,"4L Kasganj-Badaun Section from Km. 123.100 to Km. 179.500 Pkg-III of NH530B
(NHAI)
(618867)
(-) (-)",Uttar Pradesh,"03/2023
(05/2025)","05/2027
(12/2027)","2009.11
(1936.61)",549.05,37.03
1724,"4L from Devinagar Bypass End Existing Km. 208.000 of NH 530B/Design Km. 66.000
to Kasganj Bypass End Existing Km.150.100 of NH 530B/ Design Km. 123.100 of NH
530B
(NHAI)
(618868)
(-) (-)",Uttar Pradesh,"03/2023
(06/2024)","06/2026
(12/2026)","2289.52
(2223.71)",1027,70.02
1725,"Construction of 4/6 lane Highway of Southern Bareilly Bypass, starting at Ch. 237000
of NH 530 near Jhumka chauraha, Dhantiya village and ending at Ch. 267000 of NH
30 near Invertis University including Trumpet Interchange
(NHAI)
(618869)
(-) (-)",Uttar Pradesh,"12/2024
(12/2025)","06/2028
(06/2028)","1122.02
(1869.59)",603.36,15.48
1729,"Varanasi Gorakhpur Section Packege IV from km. 149.540 to km. 215.160 Mau-
Gorakhpur
(NHAI)
(618893)
(-) (-)",Uttar Pradesh,"04/2015
(04/2017)","10/2019
(08/2026)","2966.63
(3475.65)",3453.91,97.35
1730,"4L Greenfield Western Side spur of Rampur-Rudrapur Section from Km 0.000 to Km
13.700 connecting NH-24 to NH-87 bypassing rampur town
(NHAI)
(618911)
(-) (-)",Uttar Pradesh,"12/2021
(05/2023)","11/2024
(02/2027)","646.27
(637.83)",369.67,63.79
1731,"4L Behsuma at Km 39.250 Ex. Km 39240 To Bijnor at Km 78.810 Ex. Km 86590
Design Length 39.560 Km of NH-119 Pkg-II
(NHAI)
(618923)
(-) (-)",Uttar Pradesh,"03/2023
(05/2024)","05/2026
(12/2026)","2158.2
(2553.12)",1195.23,70.12
1732,"2L PS of Najibabad Kotdwar section from 112.575 to Km. 138.635 of NH 119
(NHAI)
(618924)
(-) (-)",Uttar Pradesh,"10/2021
(03/2024)","09/2025
(10/2026)","188.87
(99.2)",50.34,55.9
1733,"Bijnor-Kotawali
(NHAI)
(618925)
(-) (-)",Uttar Pradesh,"02/2021
(11/2021)","05/2023
(07/2026)","300.58
(334.48)",296.47,99.02
1734,"4L of Moradabad-Thakurdwara-Kashipur Section from Km. 0.000 to Km. 38.77 of NH-
734 Pkg-II
(NHAI)
(618927)
(-) (-)",Uttar Pradesh,"10/2022
(03/2024)","03/2026
(06/2027)","2006.82
(1890.05)",969.49,52.68
1735,"4L of Moradabad western side spur connecting NH-734 & NH-24 from Km. 0.000 to
Km. 33.200 Pkg-I
(NHAI)
(618929)
(-) (-)",Uttar Pradesh,"11/2022
(09/2023)","09/2025
(12/2026)","1841.92
(1843.54)",1120.76,81.48
1736,"4 Lane Inner Ring Road around Allahabad City Pkg-2 Prayagraj Southern Bypass
43.200 - 50.860
(NHAI)
(618960)
(-) (-)",Uttar Pradesh,"08/2023
(12/2023)","06/2026
(06/2027)","1377.51
(1007.62)",447.26,44.64
1737,"4 Lane Inner Ring Road around Allahabad City Pkg-1 Prayagraj Southern Bypass
34.400 43.200
(NHAI)
(618961)
(-) (-)",Uttar Pradesh,"02/2025
(12/2025)","12/2027
(12/2027)","775.94
(498.97)",42.97,18.5
1738,"6L access control Greenfield highway of Vill-Khyawari to Vill-Latifpur at Saharanpur
Bypass from Km. 82.000 to Km. 119.790 Pkg-4
(NHAI)
(618968)
(-) (-)",Uttar Pradesh,"03/2021
(09/2022)","09/2024
(07/2026)","1428.19
(1439.35)",1394.44,99.24
1739,"6L access control Greenfield highway of Vill-Lohadda to Vill-Karaunda Mahajan from
Km. 27.000 to Km. 56.500 Pkg-2
(NHAI)
(618970)
(-) (-)",Uttar Pradesh,"03/2021
(09/2022)","09/2024
(07/2026)","1335.45
(1335.38)",1253.61,98.06
1740,"4L of Najibabad Bypass from Km. 105.423 to Km. 118.373 excluding 2.45 Km. of NH-
74 Bypass of NH-119
(NHAI)
(619162)
(-) (-)",Uttar Pradesh,"01/2022
(12/2022)","06/2024
(07/2026)","578.02
(566.9)",440.68,100
1741,"6L access controlled Greenfield highway of Junction of EPE Vill.-Mavikalan to Vill.-
Lohadda from Km. 0.000 to Km. 27.000 Pkg-1
(NHAI)
(619168)
(-) (-)",Uttar Pradesh,"03/2021
(09/2022)","09/2024
(07/2026)","1602.48
(1497.94)",1419.77,99.29
1743,"6L access-controlled highway from Ganeshpur tonear Mohand of Ganeshpur
Dehradun section from Km.0 to Km.8.3 of NH-72A Package-1
(NHAI)
(619308)
(-) (-)",Uttar Pradesh,"11/2020
(10/2021)","10/2023
(07/2026)","836.24
(835.74)",811.84,98.92
1749,"Construction & Widening Including Augustmuni Bypass Ch-16.545 to Ch - 19.890 to
2L/PS from Km 16.545-Km 33.130 & 45.980 -57.975 Augustmuni to Kund & Guptkashi
to Sitapur on NH 109 in UK
(MoRTH)
(617968)
(-) (-)",Uttarakhand,"03/2017
(02/2018)","02/2020
(03/2024)","418.89
(418.89)",0,95
1750,"Rehabilitation and upgradation of 2 lane with paved shoulder from existing km.
195.175 to km. 220.000 Design Chainage km71.300 to Km. 95.947 Excluding existing
chainage Km 200.300 to Km 202.400 Design chainage Km 76.400 to Km 78.400 on
Dharasu to Yamunotri Road of NH- 134 Old NH-94
(MoRTH)
(617974)
(-) (-)",Uttarakhand,"05/2025
(10/2025)","04/2028
(-)","344.73
(344.73)",0,53.74
1760,"Rehabilitation and Upgradation of road Rishikesh Dharasu Old NH-94 with 2-lane with
paved shoulder from km 76.000 to km 110.000 Design Chainage from km 74.733 to
km 107.347 32.614 km including construction of Kamand re-alignment from existing
Chainage Km 105.200 to Km 108.600 design chainage Km 103.436 to Km 105.949 -
total length 2513 mtrs and land slide treatment work between design chainage Km
73.800 to Km 74.00 200m on EPC mode under improvement to NH connectivity to
Chardham in
(MoRTH)
(618213)
(-) (-)",Uttarakhand,"03/2018
(01/2019)","01/2021
(07/2026)","273.76
(273.76)",0,96.46
1764,"Construction, Operation & Maintenance of 2-L Bi-directional Silkyara Bend- Barkot
Tunnel with escape passage including approaches Tunnel-4.531 & Approach road-
0.328 on Dharasu-Yamunotri section b/w Chainage 25.400km and 51.00km falling
along NH-134 Old NH-94 on EPC mode
(NHIDCL)
(618390)
(-) (-)",Uttarakhand,"03/2018
(07/2018)","07/2022
(03/2027)","1383.78
(1383.78)",830.46,73.5
1765,"Construction for Mitigation Measures of 5 Nos. Landslides, 05 No. Sinking Zones and
01 No. Bridge from Ch. 450.00 to Ch. 468.00 18 Km. Length on NH-07 Package-III
(NHIDCL)
(618391)
(-) (-)",Uttarakhand,"12/2023
(06/2024)","12/2025
(02/2027)","250.33
(250.33)",0,87.57
1767,"Construction for Mitigation Measures of 10 Nos. Landslides, 01 No. Sinking Zones
and 1 No. of Minor Bridge in between at Ch. Km 368.00 to Km 433.00 on NH-07 on
EPC Mode in Uttarakhand Package-1
(NHIDCL)
(618393)
(-) (-)",Uttarakhand,"12/2023
(06/2024)","12/2025
(02/2024)","216.68
(216.68)",113.17,98.61
1768,"4L of Haridwar Nagina section Design Ch. LME from km 13.829 to km 17.110 & km
26.077 to km 27.508 and Design Ch. RME from km 13.839 to km 17.120 & km 26.078
to km 27.509 of EUP mitigation measures on NH74
(NHAI)
(618875)
(-) (-)",Uttarakhand,"11/2021
(08/2022)","02/2024
(12/2026)","183.92
(142.11)",115.42,70.42
1770,"Upgradation and 4L of Haridwar Bypass from Km 0.000 Km 188.100 of NH-58 to Km.
15.100 Km 5.100 of NH 74 PKg-1
(NHAI)
(619155)
(-) (-)",Uttarakhand,"11/2021
(10/2022)","10/2024
(11/2026)","1602.89
(1423.89)",770.27,79.75
1771,"4L Medinipur to Ballupur from Km. 458.65 to Km. 487.65 of NH-07Pkg-2
(NHAI)
(619292)
(-) (-)",Uttarakhand,"03/2022
(02/2023)","02/2025
(07/2026)","1092.9
(1072.5)",736.71,93.9
1773,"Road Safety Improvement of existing four lane section of Dehradun-Lal Tappar-Nepali
Farm Section of NH-7 and Nepali Farm-Motichur NH-34 on EPC Mode in Uttarakhand
under NHO.
(NHAI)
(619294)
(-) (-)",Uttarakhand,"05/2025
(02/2026)","08/2028
(08/2028)","720.67
(388.19)",2.7,5.02
1774,"Four/Six laning of Bhaniyawala-Jollygrant-Rishikesh spur section of NH-07 from Km.
0.000 to Km 19.780
(NHAI)
(619295)
(-) (-)",Uttarakhand,"02/2023
(12/2025)","11/2027
(11/2027)","742.43
(664.92)",12.47,0
1775,"Construction of additional major Bridge with 4- lane configuration of length 1.48 km on
NH-60 NH-14 over River Kangshabati from Km. 117.770 to Km 119.250 and
additional major Bridge with 4- lane configuration of length 0.900 km on NH-60 NH-
14 over River Shilabati from Km. 173.220 to Km 174.120 in the district of Paschim
Medinipur of West Bengal under Annual Plan for FY 2023-24 on EPC mode. Job No
014-W8-2023-24/527 .
(MoRTH)
(617893)
(-) (-)",West Bengal,"11/2023
(11/2025)","05/2028
(05/2028)","304.83
(304.83)",0.04,0
1776,"Construction or 4 lane Raniganj Bypass of length 5.261 km on NH-60 new NH-14
from km 273.00 of NH to km 478.18 of NH-2 New NH 16 in paschim Bardhaman,
West Bengal in EPC Mode- reg. Job No. 014-WB-2022-23/514
(MoRTH)
(617894)
(-) (-)",West Bengal,"03/2023
(03/2024)","03/2026
(05/2027)","410.83
(410.83)",174.31,67.28
1777,"Construction of ROB and its approaches in lieu of LC No. 10/B/T at Km 307.050 of
NH-60.
(MoRTH)
(617931)
(-) (-)",West Bengal,"03/2016
(08/2023)","08/2025
(03/2027)","155.87
(138.57)",0,16.84
1778,"Construction of new road at the missing link portion of NH-81 along approved
alignment between Harishchandrapur and Eastern approach of Kalindri Bridge from
Km 46.550 to Km 59.697 in the district of Malda. Job No-081-WB-2015-16/400
(MoRTH)
(617960)
(-) (-)",West Bengal,"08/2016
(11/2016)","11/2018
(10/2026)","271.17
(291.2)",216.61,85.08
1781,"Construction & upgradation of existing road to 2-lane with paved shoulder including
geometric improvement of sect. from Pedong bypass to Reshi Border km 79.700 to
km 96.254 of NH-717A under SARDP-NE-A on EPC as part of Alternate connectivity
to Gangtok Lava More-Reshi Border Pkg-VB
(NHIDCL)
(618429)
(-) (-)",West Bengal,"06/2020
(10/2020)","04/2022
(08/2026)","345.38
(395.59)",418.73,97.2
1784,"Binnaguri Bypass-Descoped portion of Ghoshpukur-Dhupguri Section of NH-31Dpkg-1
(NHAI)
(618572)
(-) (-)",West Bengal,"03/2025
(11/2025)","11/2027
(11/2027)","309.99
(306.02)",2.17,2.58
1785,"Balance Works of 4L of NH-31D from Km. 113.200 to Km. 154.854 Package-II A
Ghoshpukur-Salsalabari Section
(NHAI)
(618574)
(-) (-)",West Bengal,"11/2023
(12/2024)","06/2027
(06/2027)","1818.46
(962.31)",457.52,58.15
1786,"6L Elevated Kona Expressway from Km. 0.145 to Km. 7.337 of NH-117
(NHAI)
(618808)
(-) (-)",West Bengal,"03/2023
(06/2024)","12/2026
(12/2027)","1212.56
(1203.11)",428.26,39.98
1787,"4 laning of Barasat - Barajaguli Section of NH-12 from Km. 31.000 to Km. 48.679 in
the district of North 24 - Parganas
(NHAI)
(618823)
(-) (-)",West Bengal,"02/2024
(08/2024)","02/2026
(10/2027)","352.01
(346.39)",87.41,41.67
1789,"Bridge over Ganga River at d/s of Farraka Barrage including Approaches connecting
Farakka-Raiganj
(NHAI)
(618825)
(-) (-)",West Bengal,"08/2018
(12/2018)","12/2021
(09/2026)","622.04
(646.1)",623.69,96.71
1790,"4L of Purulia Bypass section from Km 84.030 to Km 94.345 of NH-32
(NHAI)
(618910)
(-) (-)",West Bengal,"01/2021
(02/2022)","08/2023
(09/2026)","557.55
(562.57)",488.7,94.12
1791,"Construction of Dubrajpur Bypass with 4-lane configuration of length 5.676 km on NH-
60 new NH-14 from design chainage 0.00 existing km 316.135 on NH-60 to
design chainage 5.676 existing km 320.980 on NH-60 in the district of Birbhum,
West Bengal under Annual Plan 2022-23 in EPC Mode- reg. Job. No. 014-WB-2022-
23/518 .
(MoRTH)
(619004)
(-) (-)",West Bengal,"03/2023
(12/2025)","12/2027
(12/2027)","560.79
(560.79)",0.03,5.5
,Total (1022),,,,"969676.90000000
1",448972.5,
,Department of Telecommunications,,,,,,
,Telecommunication,,,,,,
1794,"Provision of 4G based Mobile Services in Uncovered Villages and National Highways
of Meghalaya
(Department of Telecommunications)
(701598)
(-) (-)",Meghalaya,"09/2019
(09/2020)","03/2022
(06/2026)","971.96
(180.46)",167.23,99.84
1800,"Amended BharatNet Program - KTK, GOA, PY
(Department of Telecommunications)
(108841)
(-) (-)",PAN India,"08/2023
(06/2025)","06/2028
(-)","3742
(3742)",435.31,0
1801,"Saturation 4G mobile coverage of Uncovered Villages through USOF
(Department of Telecommunications [DoT])
(400013)
(-) (-)",PAN India,"07/2022
(07/2022)","06/2024
(03/2027)","26316
(15392.8)",8553.1,85
1802,"4G Services by BSNL
(Department of Telecommunications [DoT])
(701593)
(-) (-)",PAN India,"11/2020
(11/2020)","03/2024
(03/2026)","28466
(19592)",9142.63,98.4
1803,"BharatNet
(Department of Telecommunications [DoT])
(706775)
(-) (-)",PAN India,"07/2017
(10/2011)","08/2023
(03/2027)","61109
(188000)",48809.69,99.98
1804,"MPLS-IP BASED ACCESS AND AGGREGATION NETWORK [MAAN] IN BSNL
ALONG WITH TEST AND MEASURING EQUIPMENT
(BSNL)
(709856)
(-) (-)",PAN India,"05/2023
(05/2023)","08/2024
(06/2026)","645.13
(645.13)",407.15,92.1
1806,"Amended BharatNet Program - UP (East)
(Department of Telecommunications)
(222253)
(-) (-)",Uttar Pradesh,"08/2023
(02/2025)","02/2028
(-)","5008
(5008)",502,0
1807,"Amended BharatNet Program - UP (West)
(Department of Telecommunications)
(708687)
(-) (-)",Uttar Pradesh,"08/2023
(02/2025)","02/2028
(-)","1917
(1917)",183.16,0
,Total (15),,,,161792.15,79930.24,
,"Department of Water Resources, River Development & GR",,,,,,
,Waste & Water,,,,,,
1808,"Interception and Diversion and STP works in Bhagalpur under Hybrid annuity based
PPP mode-Namami Gange Programme
(National Mission for Clean Ganga)
(616600)
(-) (-)",Bihar,"10/2017
(03/2022)","02/2025
(12/2026)","413.29
(413.29)",126.67,97
1809,"Sewage Treatment Plant 100MLD and Sewerage Network 288 km in Digha-Patna
under Hybrid annuity based PPP mode-Namami Gange Programme
(National Mission for Clean Ganga)
(616611)
(-) (-)",Bihar,"08/2017
(07/2019)","12/2025
(09/2026)","824
(824)",403.34,59
1810,"Sewage Treatment Plant 50MLD and Sewerage Network 150 km in Kankarbagh
Patna under Hybrid annuity based PPP mode Namami Gange Programme
(NMCG1)
(616612)
(-) (-)",Bihar,"08/2017
(07/2019)","12/2025
(-)","578.89
(578.89)",171.79,55
1811,"Sewer Network, SPS and STP at Begusarai
(National Mission for Clean Ganga)
(616615)
(-) (-)",Bihar,"03/2010
(03/2018)","04/2025
(12/2026)","230.06
(230.06)",261.82,97
1812,"Sewer Networks, SPS and STP at Hajipur
(National Mission for Clean Ganga)
(616616)
(-) (-)",Bihar,"03/2010
(03/2018)","06/2025
(12/2026)","305.19
(305.19)",346.46,95
1813,"Interception & Diversion with Rehabilitation of sewerage scheme at Agra under Hybrid
annuity based PPP model-Namami Gange Programme
(National Mission for Clean Ganga)
(616594)
(-) (-)",Uttar Pradesh,"05/2020
(04/2023)","04/2025
(12/2026)","842.25
(842.25)",208.64,84
1814,"Pollution Abatement Works for River Kali Meerut under Meerut Municipality
Interception & Diversion with STP
(National Mission for Clean Ganga)
(616605)
(-) (-)",Uttar Pradesh,"05/2020
(11/2024)","12/2024
(03/2027)","690.71
(690.71)",34.79,56
1815,"Pollution Abatement works for River Ganga at Hooghly Chinsurah- Municipal Town
Interception & Diversion with STP
(National Mission for Clean Ganga)
(616604)
(-) (-)",West Bengal,"05/2018
(12/2021)","03/2025
(08/2026)","154.73
(154.73)",102.04,94
,Total (8),,,,4039.12,1655.55,
,Water Resources,,,,,,
1827,"Bodwad Parisar Sinchan Yojna
(Department of Water Resources-MH)
(617422)
(-) (-)",Maharashtra,"05/2002
(01/2017)","07/2027
(-)","1923.81
(1923.81)",1949.56,49.52
1839,"Relining of Rajasthan feeder and Sirhind Feeder canal
(Department of Water Resources-PB)
(701410)
(-) (-)",Punjab,"02/2016
(04/2018)","06/2021
(06/2026)","1441.26
(2462.16)",2342.05,95
1843,"J. Chokka Rao Devadula Lift Irrigation Scheme
(Irrigation and CAD-TG)
(701405)
(-) (-)",Telangana,"04/2006
(04/2006)","12/2019
(12/2025)","8200.71
(14730)",4841.09,87.7
1844,"Rajiv Bhima Lift Irrigation Scheme
(Irrigation and CAD-TG)
(701406)
(-) (-)",Telangana,"04/2007
(01/2008)","12/2019
(03/2026)","1402
(2509.66)",1839.76,100
1846,"Madhya Ganga canal Phase-II
(Irrigation & Water Resources-UP)
(701408)
(-) (-)",Uttar Pradesh,"04/2008
(04/2008)","12/2019
(12/2025)","1060.67
(4417.21)",4575.74,82.39
,Total (32),,,,98109.28,143454.17,
