project_id,project_name,state,sector,gazette_notification_no,act_section,cala_authority,status,land_required_ha,land_handed_over_ha,handover_pct,days_pending,benchmark_days,is_stagnated,last_cala_action
706718,C/o NITB Imphal Airport,Manipur,Aviation & Aviation Infrastructure,S.O. 1690(E)/2023,RFCTLARR_SEC_19,Competent Authority Land Acquisition (CALA) / SDM Manipur Central Revenue Division,LOOPBACK,45.0,20.25,45.0,600,180,1,CALA Section 3G compensation award disputed in District Court; physical possession stalled for 24.8 Ha.
701121,Construction of New  Domestic Terminal Building  at Rajahmundry Airport.,Andhra Pradesh,Aviation & Aviation Infrastructure,S.O. 4463(E)/2020,RFCTLARR_SEC_19,Competent Authority Land Acquisition (CALA) / SDM Andhra Central Revenue Division,QUERY_RAISED,53.0,38.69,73.0,136,180,1,Section 3H disbursement in progress; joint revenue measurement (JGM) completed for 73.0% alignment.
701101,"Construction of New Domestic Terminal Building [Phase-I and II] and other allied structures at JPNI Airport, Patna",Bihar,Aviation & Aviation Infrastructure,S.O. 2737(E)/2019,RFCTLARR_SEC_19,Competent Authority Land Acquisition (CALA) / SDM Bihar Central Revenue Division,APPROVED,67.0,67.0,100.0,59,180,0,100% land possession handed over to executing agency under Section 3D/19 mutation certificate.
612788,Construction of New Domestic Terminal Building and Miscellaneous Works at Belagavi Airport.,Karnataka,Aviation & Aviation Infrastructure,S.O. 1444(E)/2022,RFCTLARR_SEC_19,Competent Authority Land Acquisition (CALA) / SDM Karnataka Central Revenue Division,APPROVED,44.0,44.0,100.0,48,180,0,100% land possession handed over to executing agency under Section 3D/19 mutation certificate.
612787,Construction of New Domestic Terminal Building and Miscellaneous works at Hubli Airport,Karnataka,Aviation & Aviation Infrastructure,S.O. 1290(E)/2023,RFCTLARR_SEC_19,Competent Authority Land Acquisition (CALA) / SDM Karnataka Central Revenue Division,APPROVED,45.0,45.0,100.0,80,180,0,100% land possession handed over to executing agency under Section 3D/19 mutation certificate.
612786,"Construction of New Domestic Terminal Building Building and miscellaneous works including maintenance, operations and AICMC at Kadapa Airport",Andhra Pradesh,Aviation & Aviation Infrastructure,S.O. 4729(E)/2019,RFCTLARR_SEC_19,Competent Authority Land Acquisition (CALA) / SDM Andhra Central Revenue Division,APPROVED,49.0,49.0,100.0,76,180,0,100% land possession handed over to executing agency under Section 3D/19 mutation certificate.
701128,Construction of New Integrated Passenger Terminal Building at Udaipur Airport,Rajasthan,Aviation & Aviation Infrastructure,S.O. 4486(E)/2019,RFCTLARR_SEC_19,Competent Authority Land Acquisition (CALA) / SDM Rajasthan Central Revenue Division,APPROVED,71.0,71.0,100.0,73,180,0,100% land possession handed over to executing agency under Section 3D/19 mutation certificate.
701107,Construction of New Integrated Terminal Building and associated works including apron to park 3 code E type of aircraft or 6 code C type of aircraft at Vijayawada Airport.,Andhra Pradesh,Aviation & Aviation Infrastructure,S.O. 4867(E)/2018,RFCTLARR_SEC_19,Competent Authority Land Acquisition (CALA) / SDM Andhra Central Revenue Division,LOOPBACK,42.0,30.24,72.0,600,180,1,CALA Section 3G compensation award disputed in District Court; physical possession stalled for 11.8 Ha.
701127,Construction of New Passenger Terminal Building for Domestic Operations at Jodhpur Airport.,Rajasthan,Aviation & Aviation Infrastructure,S.O. 2750(E)/2022,RFCTLARR_SEC_19,Competent Authority Land Acquisition (CALA) / SDM Rajasthan Central Revenue Division,QUERY_RAISED,40.0,32.0,80.0,198,180,1,Section 3H disbursement in progress; joint revenue measurement (JGM) completed for 80.0% alignment.
612063,"Construction of New Terminal Building, Second Link Taxi Track, Apron Expansion, and associated works at Prayagraj Airport- On Design & Build Basis.",Uttar Pradesh,Aviation & Aviation Infrastructure,S.O. 2111(E)/2018,RFCTLARR_SEC_19,Competent Authority Land Acquisition (CALA) / SDM Uttar Central Revenue Division,QUERY_RAISED,51.0,41.31,81.0,172,180,1,Section 3H disbursement in progress; joint revenue measurement (JGM) completed for 81.0% alignment.
611047,"Construction of NTB complex including apron, taxi track and other associated civil works and electrical & mechanical installations towards Tawi River side at CA Jammu.",Jammu and Kashmir,Aviation & Aviation Infrastructure,S.O. 5499(E)/2019,RFCTLARR_SEC_19,Competent Authority Land Acquisition (CALA) / SDM Jammu Central Revenue Division,APPROVED,59.0,59.0,100.0,62,180,0,100% land possession handed over to executing agency under Section 3D/19 mutation certificate.
400010,"Construction of Terminal Building & Associated works at Leh Airport, Ladakh",Ladakh,Aviation & Aviation Infrastructure,S.O. 4747(E)/2022,RFCTLARR_SEC_19,Competent Authority Land Acquisition (CALA) / SDM Ladakh Central Revenue Division,LOOPBACK,62.0,44.64,72.0,600,180,1,CALA Section 3G compensation award disputed in District Court; physical possession stalled for 17.4 Ha.
612789,"Development of additional RESA on either end on Runway 10-28  at Calicut Airport.  Construction of embankment with slope protection, drainage system and associated works for additional RESA on either end on Runway 10-28",Kerala,Aviation & Aviation Infrastructure,S.O. 3295(E)/2022,RFCTLARR_SEC_19,Competent Authority Land Acquisition (CALA) / SDM Kerala Central Revenue Division,APPROVED,50.0,50.0,100.0,58,180,0,100% land possession handed over to executing agency under Section 3D/19 mutation certificate.
701126,"Development of Dholera International Greenfield Airport , Gujarat",Multi-State,Aviation & Aviation Infrastructure,S.O. 5406(E)/2018,RFCTLARR_SEC_19,Competent Authority Land Acquisition (CALA) / SDM Multi-State Central Revenue Division,APPROVED,71.0,71.0,100.0,56,180,0,100% land possession handed over to executing agency under Section 3D/19 mutation certificate.
619054,Development of Keshod Airport.,Gujarat,Aviation & Aviation Infrastructure,S.O. 1011(E)/2019,RFCTLARR_SEC_19,Competent Authority Land Acquisition (CALA) / SDM Gujarat Central Revenue Division,APPROVED,61.0,61.0,100.0,99,180,0,100% land possession handed over to executing agency under Section 3D/19 mutation certificate.
701113,"Development of Lal Bahadur Shastri International airport, Varanasi including C/o New Terminal Building, Apron Extension, Runway Extension, PTT and allied works.",Uttar Pradesh,Aviation & Aviation Infrastructure,S.O. 3460(E)/2020,RFCTLARR_SEC_19,Competent Authority Land Acquisition (CALA) / SDM Uttar Central Revenue Division,APPROVED,70.0,70.0,100.0,49,180,0,100% land possession handed over to executing agency under Section 3D/19 mutation certificate.
612194,Development of New Civil Enclave and associated works at Darbhanga Airport,Bihar,Aviation & Aviation Infrastructure,S.O. 4477(E)/2020,RFCTLARR_SEC_19,Competent Authority Land Acquisition (CALA) / SDM Bihar Central Revenue Division,APPROVED,42.0,42.0,100.0,48,180,0,100% land possession handed over to executing agency under Section 3D/19 mutation certificate.
611495,Development of New Civil Enclave at Bagdogra Airport,West Bengal,Aviation & Aviation Infrastructure,S.O. 5406(E)/2022,RFCTLARR_SEC_19,Competent Authority Land Acquisition (CALA) / SDM West Central Revenue Division,APPROVED,66.0,66.0,100.0,56,180,0,100% land possession handed over to executing agency under Section 3D/19 mutation certificate.
612183,Development of New Civil Enclave at Bihta,Bihar,Aviation & Aviation Infrastructure,S.O. 3381(E)/2022,RFCTLARR_SEC_19,Competent Authority Land Acquisition (CALA) / SDM Bihar Central Revenue Division,APPROVED,71.0,71.0,100.0,72,180,0,100% land possession handed over to executing agency under Section 3D/19 mutation certificate.
618977,"Development of New Greenfield Airport at Bundi, Kota Rajasthan.",Rajasthan,Aviation & Aviation Infrastructure,S.O. 3485(E)/2020,RFCTLARR_SEC_19,Competent Authority Land Acquisition (CALA) / SDM Rajasthan Central Revenue Division,APPROVED,40.0,40.0,100.0,74,180,0,100% land possession handed over to executing agency under Section 3D/19 mutation certificate.
701122,Development of New Integrated Civil Enclave at Agra Airport,Uttar Pradesh,Aviation & Aviation Infrastructure,S.O. 2774(E)/2019,RFCTLARR_SEC_19,Competent Authority Land Acquisition (CALA) / SDM Uttar Central Revenue Division,APPROVED,59.0,59.0,100.0,109,180,0,100% land possession handed over to executing agency under Section 3D/19 mutation certificate.
701105,Goa Airport Terminal Building Extension Project,Goa,Aviation & Aviation Infrastructure,S.O. 1925(E)/2018,RFCTLARR_SEC_19,Competent Authority Land Acquisition (CALA) / SDM Goa Central Revenue Division,LOOPBACK,70.0,49.0,70.0,600,180,1,CALA Section 3G compensation award disputed in District Court; physical possession stalled for 21.0 Ha.
706724,Guwahati Airport New Integrated Terminal Building Construction Project,Assam,Aviation & Aviation Infrastructure,S.O. 1848(E)/2018,RFCTLARR_SEC_19,Competent Authority Land Acquisition (CALA) / SDM Assam Central Revenue Division,QUERY_RAISED,53.0,41.34,78.0,220,180,1,Section 3H disbursement in progress; joint revenue measurement (JGM) completed for 78.0% alignment.
701091,Lucknow Airport-Terminal 3- Phase 1 & Other Associated Works,Uttar Pradesh,Aviation & Aviation Infrastructure,S.O. 2373(E)/2023,RFCTLARR_SEC_19,Competent Authority Land Acquisition (CALA) / SDM Uttar Central Revenue Division,APPROVED,53.0,53.0,100.0,48,180,0,100% land possession handed over to executing agency under Section 3D/19 mutation certificate.
611602,"Modernization of Chennai Airport, Phase II, Part 2",Tamil Nadu,Aviation & Aviation Infrastructure,S.O. 3826(E)/2018,RFCTLARR_SEC_19,Competent Authority Land Acquisition (CALA) / SDM Tamil Central Revenue Division,QUERY_RAISED,71.0,53.96,76.0,176,180,1,Section 3H disbursement in progress; joint revenue measurement (JGM) completed for 76.0% alignment.
611440,Procurment of 30 Nos ACFTs of WT Capacity 10KL at Various Airports,Maharashtra,Aviation & Aviation Infrastructure,S.O. 2247(E)/2021,RFCTLARR_SEC_19,Competent Authority Land Acquisition (CALA) / SDM Maharashtra Central Revenue Division,APPROVED,62.0,62.0,100.0,70,180,0,100% land possession handed over to executing agency under Section 3D/19 mutation certificate.
612791,"Re-Construction of Rigid portions of Secondary Runway, K and  A Taxiway and Strengthening of C Taxiway at NSCBI Airport Kolkata.",West Bengal,Aviation & Aviation Infrastructure,S.O. 2967(E)/2020,RFCTLARR_SEC_19,Competent Authority Land Acquisition (CALA) / SDM West Central Revenue Division,QUERY_RAISED,67.0,51.59,77.0,174,180,1,Section 3H disbursement in progress; joint revenue measurement (JGM) completed for 77.0% alignment.
611570,"SITC of ATM Automation System and ASMGCS [Including SMR & MLAT] for Mumbai, Navi Mumbai, Jewar [earlier MOPA, without ASMGCS], HIAL & BIAL",Maharashtra,Aviation & Aviation Infrastructure,EXEMPT/ROW/611570,EXISTING_ROW_EXEMPT,Competent Authority / Not Applicable (Existing RoW),NOT_APPLICABLE,0.0,0.0,100.0,0,180,0,Project executes within pre-existing sanctioned Right of Way / Plant Boundary.
612793,"Widening of basic strip at Western Side of Runway Chainage 80m to 920m i/c slope stabilization Measures [Balance work] of uphill and Improvement of Storm Water Drainage System at Pakyong Airport, Sikkim on design & build basis [EPC] with integrated 10 years maintenance.",Sikkim,Aviation & Aviation Infrastructure,S.O. 3937(E)/2018,RFCTLARR_SEC_19,Competent Authority Land Acquisition (CALA) / SDM Sikkim Central Revenue Division,QUERY_RAISED,72.0,62.64,87.0,206,180,1,Section 3H disbursement in progress; joint revenue measurement (JGM) completed for 87.0% alignment.
613800,JAGANNATHPUR OC RCE PROJECT,Jharkhand,Coal,S.O. 3555(E)/2021,RFCTLARR_SEC_19,Competent Authority Land Acquisition (CALA) / SDM Jharkhand Central Revenue Division,QUERY_RAISED,50.0,42.5,85.0,220,180,1,Section 3H disbursement in progress; joint revenue measurement (JGM) completed for 85.0% alignment.
400142,Pachwara South Coal Block,Multi-State,Coal,S.O. 5361(E)/2022,RFCTLARR_SEC_19,Competent Authority Land Acquisition (CALA) / SDM Multi-State Central Revenue Division,APPROVED,61.0,61.0,100.0,98,180,0,100% land possession handed over to executing agency under Section 3D/19 mutation certificate.
611016,2.0 MTPA BHOJUDIH NLW WASHERY,Jharkhand,Coal,S.O. 3704(E)/2020,RFCTLARR_SEC_19,Competent Authority Land Acquisition (CALA) / SDM Jharkhand Central Revenue Division,LOOPBACK,69.0,33.81,49.0,600,180,1,CALA Section 3G compensation award disputed in District Court; physical possession stalled for 35.2 Ha.
611017,2.5 MTPA PATHERDIH NLW WASHERY,Jharkhand,Coal,S.O. 3377(E)/2023,RFCTLARR_SEC_19,Competent Authority Land Acquisition (CALA) / SDM Jharkhand Central Revenue Division,LOOPBACK,72.0,37.44,52.0,600,180,1,CALA Section 3G compensation award disputed in District Court; physical possession stalled for 34.6 Ha.
616223,ADASA UG TO OC MINE,Maharashtra,Coal,S.O. 2053(E)/2022,RFCTLARR_SEC_19,Competent Authority Land Acquisition (CALA) / SDM Maharashtra Central Revenue Division,LOOPBACK,48.0,23.04,48.0,600,180,1,CALA Section 3G compensation award disputed in District Court; physical possession stalled for 25.0 Ha.
400148,AMADAND OCP[4.0MTY],Madhya Pradesh,Coal,S.O. 3027(E)/2018,RFCTLARR_SEC_19,Competent Authority Land Acquisition (CALA) / SDM Madhya Central Revenue Division,LOOPBACK,47.0,29.14,62.0,600,180,1,CALA Section 3G compensation award disputed in District Court; physical possession stalled for 17.9 Ha.
616229,AMAL GONDEGAON GHATROHANA EXPN,Maharashtra,Coal,S.O. 1174(E)/2018,RFCTLARR_SEC_19,Competent Authority Land Acquisition (CALA) / SDM Maharashtra Central Revenue Division,APPROVED,49.0,49.0,100.0,73,180,0,100% land possession handed over to executing agency under Section 3D/19 mutation certificate.
611864,AMALAGAMATED NTST KUJAMA OCP 8.5MTY,Multi-State,Coal,S.O. 1864(E)/2018,RFCTLARR_SEC_19,Competent Authority Land Acquisition (CALA) / SDM Multi-State Central Revenue Division,APPROVED,74.0,74.0,100.0,102,180,0,100% land possession handed over to executing agency under Section 3D/19 mutation certificate.
615185,AMALGAMATED DHANKASA & JAMUNIA,Maharashtra,Coal,S.O. 2915(E)/2023,RFCTLARR_SEC_19,Competent Authority Land Acquisition (CALA) / SDM Maharashtra Central Revenue Division,APPROVED,70.0,70.0,100.0,80,180,0,100% land possession handed over to executing agency under Section 3D/19 mutation certificate.
616050,AMALGAMATED INDER-KAMPTEE DEEP,Telangana,Coal,S.O. 2871(E)/2022,RFCTLARR_SEC_19,Competent Authority Land Acquisition (CALA) / SDM Telangana Central Revenue Division,QUERY_RAISED,46.0,37.26,81.0,220,180,1,Section 3H disbursement in progress; joint revenue measurement (JGM) completed for 81.0% alignment.
400177,AMALGAMATED YEKONA I & YEKONA,Maharashtra,Coal,S.O. 4096(E)/2023,RFCTLARR_SEC_19,Competent Authority Land Acquisition (CALA) / SDM Maharashtra Central Revenue Division,QUERY_RAISED,41.0,35.26,86.0,220,180,1,Section 3H disbursement in progress; joint revenue measurement (JGM) completed for 86.0% alignment.
613798,AMERA OC RCE [1.0 MTY],Madhya Pradesh,Coal,S.O. 1872(E)/2023,RFCTLARR_SEC_19,Competent Authority Land Acquisition (CALA) / SDM Madhya Central Revenue Division,APPROVED,62.0,62.0,100.0,45,180,0,100% land possession handed over to executing agency under Section 3D/19 mutation certificate.
613799,AMGAON OC RCE [1.0 MTY],Madhya Pradesh,Coal,S.O. 4799(E)/2019,RFCTLARR_SEC_19,Competent Authority Land Acquisition (CALA) / SDM Madhya Central Revenue Division,APPROVED,74.0,74.0,100.0,65,180,0,100% land possession handed over to executing agency under Section 3D/19 mutation certificate.
615916,AMLG GAURI PAUNI EXPANSION OC,Maharashtra,Coal,S.O. 4628(E)/2020,RFCTLARR_SEC_19,Competent Authority Land Acquisition (CALA) / SDM Maharashtra Central Revenue Division,APPROVED,68.0,68.0,100.0,99,180,0,100% land possession handed over to executing agency under Section 3D/19 mutation certificate.
616233,BALABHADRA OCP,Andhra Pradesh,Coal,S.O. 3739(E)/2023,RFCTLARR_SEC_19,Competent Authority Land Acquisition (CALA) / SDM Andhra Central Revenue Division,APPROVED,69.0,69.0,100.0,88,180,0,100% land possession handed over to executing agency under Section 3D/19 mutation certificate.
400183,BALARAM EXPANSION OCP,Gujarat,Coal,S.O. 1311(E)/2018,RFCTLARR_SEC_19,Competent Authority Land Acquisition (CALA) / SDM Gujarat Central Revenue Division,APPROVED,51.0,51.0,100.0,80,180,0,100% land possession handed over to executing agency under Section 3D/19 mutation certificate.
615330,BALLARPUR NORTH WEST OC MINE,Maharashtra,Coal,S.O. 1277(E)/2021,RFCTLARR_SEC_19,Competent Authority Land Acquisition (CALA) / SDM Maharashtra Central Revenue Division,APPROVED,47.0,47.0,100.0,64,180,0,100% land possession handed over to executing agency under Section 3D/19 mutation certificate.
400149,BAROUD OC EXPANSION [3.0-10.0M,Chhattisgarh,Coal,S.O. 2653(E)/2019,RFCTLARR_SEC_19,Competent Authority Land Acquisition (CALA) / SDM Chhattisgarh Central Revenue Division,APPROVED,53.0,53.0,100.0,72,180,0,100% land possession handed over to executing agency under Section 3D/19 mutation certificate.
615193,BASUNDHARA WEST EXTENSION OPEN,Chhattisgarh,Coal,S.O. 3928(E)/2023,RFCTLARR_SEC_19,Competent Authority Land Acquisition (CALA) / SDM Chhattisgarh Central Revenue Division,LOOPBACK,53.0,33.39,63.0,600,180,1,CALA Section 3G compensation award disputed in District Court; physical possession stalled for 19.6 Ha.
400392,BHARATPUR RE-ORGANIZATION OCP,Madhya Pradesh,Coal,S.O. 4455(E)/2018,RFCTLARR_SEC_19,Competent Authority Land Acquisition (CALA) / SDM Madhya Central Revenue Division,APPROVED,55.0,55.0,100.0,88,180,0,100% land possession handed over to executing agency under Section 3D/19 mutation certificate.
400033,BHATADI EXPANSION OC,Maharashtra,Coal,S.O. 3095(E)/2023,RFCTLARR_SEC_19,Competent Authority Land Acquisition (CALA) / SDM Maharashtra Central Revenue Division,APPROVED,45.0,45.0,100.0,58,180,0,100% land possession handed over to executing agency under Section 3D/19 mutation certificate.
400179,BHUBANESWARI EXPANSION OCP,Kerala,Coal,S.O. 1454(E)/2019,RFCTLARR_SEC_19,Competent Authority Land Acquisition (CALA) / SDM Kerala Central Revenue Division,APPROVED,44.0,44.0,100.0,56,180,0,100% land possession handed over to executing agency under Section 3D/19 mutation certificate.
616231,BHUBANESWARI EXPN OCP 50 MTY,Kerala,Coal,S.O. 2904(E)/2018,RFCTLARR_SEC_19,Competent Authority Land Acquisition (CALA) / SDM Kerala Central Revenue Division,APPROVED,64.0,64.0,100.0,93,180,0,100% land possession handed over to executing agency under Section 3D/19 mutation certificate.
400369,BINA KAKRI AMALGAMATION EXPANS,Madhya Pradesh,Coal,S.O. 1153(E)/2021,RFCTLARR_SEC_19,Competent Authority Land Acquisition (CALA) / SDM Madhya Central Revenue Division,LOOPBACK,58.0,27.84,48.0,600,180,1,CALA Section 3G compensation award disputed in District Court; physical possession stalled for 30.2 Ha.
400162,BLOCK B EXPANSION  [3.5 TO 8.0,Madhya Pradesh,Coal,S.O. 5126(E)/2020,RFCTLARR_SEC_19,Competent Authority Land Acquisition (CALA) / SDM Madhya Central Revenue Division,LOOPBACK,41.0,25.01,61.0,600,180,1,CALA Section 3G compensation award disputed in District Court; physical possession stalled for 16.0 Ha.
616253,BLOCK E OCP,Multi-State,Coal,S.O. 5078(E)/2021,RFCTLARR_SEC_19,Competent Authority Land Acquisition (CALA) / SDM Multi-State Central Revenue Division,APPROVED,73.0,73.0,100.0,57,180,0,100% land possession handed over to executing agency under Section 3D/19 mutation certificate.
400180,BONJEMEHARI EXPANSION OCP,West Bengal,Coal,S.O. 4540(E)/2019,RFCTLARR_SEC_19,Competent Authority Land Acquisition (CALA) / SDM West Central Revenue Division,APPROVED,40.0,40.0,100.0,90,180,0,100% land possession handed over to executing agency under Section 3D/19 mutation certificate.
400138,CHANDRAGUPT OCP,Bihar,Coal,S.O. 4161(E)/2018,RFCTLARR_SEC_19,Competent Authority Land Acquisition (CALA) / SDM Bihar Central Revenue Division,APPROVED,66.0,66.0,100.0,89,180,0,100% land possession handed over to executing agency under Section 3D/19 mutation certificate.
400145,CHHAL OC SEAM III [6 MTY],Chhattisgarh,Coal,S.O. 2087(E)/2020,RFCTLARR_SEC_19,Competent Authority Land Acquisition (CALA) / SDM Chhattisgarh Central Revenue Division,LOOPBACK,72.0,37.44,52.0,600,180,1,CALA Section 3G compensation award disputed in District Court; physical possession stalled for 34.6 Ha.
400172,CHITRA EAST OC,Jharkhand,Coal,S.O. 2294(E)/2022,RFCTLARR_SEC_19,Competent Authority Land Acquisition (CALA) / SDM Jharkhand Central Revenue Division,QUERY_RAISED,69.0,57.96,84.0,220,180,1,Section 3H disbursement in progress; joint revenue measurement (JGM) completed for 84.0% alignment.
616225,CHUPERBHITA SIMLONG OCP MDO 6,West Bengal,Coal,S.O. 4126(E)/2022,RFCTLARR_SEC_19,Competent Authority Land Acquisition (CALA) / SDM West Central Revenue Division,APPROVED,46.0,46.0,100.0,78,180,0,100% land possession handed over to executing agency under Section 3D/19 mutation certificate.
400353,DHUPTALA OC [SASTI UG TO OC ],Maharashtra,Coal,S.O. 1699(E)/2023,RFCTLARR_SEC_19,Competent Authority Land Acquisition (CALA) / SDM Maharashtra Central Revenue Division,APPROVED,69.0,69.0,100.0,50,180,0,100% land possession handed over to executing agency under Section 3D/19 mutation certificate.
400178,DINESH[MAKARDHOKRA-III] OC,Maharashtra,Coal,S.O. 4854(E)/2022,RFCTLARR_SEC_19,Competent Authority Land Acquisition (CALA) / SDM Maharashtra Central Revenue Division,APPROVED,54.0,54.0,100.0,103,180,0,100% land possession handed over to executing agency under Section 3D/19 mutation certificate.
400354,DIPKA EXPANSION OCP [40 MTY],Chhattisgarh,Coal,S.O. 1819(E)/2018,RFCTLARR_SEC_19,Competent Authority Land Acquisition (CALA) / SDM Chhattisgarh Central Revenue Division,APPROVED,49.0,49.0,100.0,60,180,0,100% land possession handed over to executing agency under Section 3D/19 mutation certificate.
612838,DIPKA OC,Chhattisgarh,Coal,S.O. 3744(E)/2019,RFCTLARR_SEC_19,Competent Authority Land Acquisition (CALA) / SDM Chhattisgarh Central Revenue Division,APPROVED,44.0,44.0,100.0,93,180,0,100% land possession handed over to executing agency under Section 3D/19 mutation certificate.
400156,EPR AMRAPALI OCP,Multi-State,Coal,S.O. 3044(E)/2019,RFCTLARR_SEC_19,Competent Authority Land Acquisition (CALA) / SDM Multi-State Central Revenue Division,APPROVED,59.0,59.0,100.0,55,180,0,100% land possession handed over to executing agency under Section 3D/19 mutation certificate.
400155,EPR ASHOK OC,Multi-State,Coal,S.O. 3533(E)/2021,RFCTLARR_SEC_19,Competent Authority Land Acquisition (CALA) / SDM Multi-State Central Revenue Division,APPROVED,73.0,73.0,100.0,82,180,0,100% land possession handed over to executing agency under Section 3D/19 mutation certificate.
400154,EPR PUNDI OCP,Multi-State,Coal,S.O. 4215(E)/2020,RFCTLARR_SEC_19,Competent Authority Land Acquisition (CALA) / SDM Multi-State Central Revenue Division,APPROVED,50.0,50.0,100.0,91,180,0,100% land possession handed over to executing agency under Section 3D/19 mutation certificate.
400153,EPR ROHINI - KARKETTA OCP,Multi-State,Coal,S.O. 2237(E)/2018,RFCTLARR_SEC_19,Competent Authority Land Acquisition (CALA) / SDM Multi-State Central Revenue Division,APPROVED,52.0,52.0,100.0,69,180,0,100% land possession handed over to executing agency under Section 3D/19 mutation certificate.
615331,GADEGAON OC 3 MTY,Maharashtra,Coal,S.O. 3481(E)/2018,RFCTLARR_SEC_19,Competent Authority Land Acquisition (CALA) / SDM Maharashtra Central Revenue Division,APPROVED,46.0,46.0,100.0,53,180,0,100% land possession handed over to executing agency under Section 3D/19 mutation certificate.
615206,GANDHIGRAM UG MINE,Maharashtra,Coal,S.O. 5100(E)/2018,RFCTLARR_SEC_19,Competent Authority Land Acquisition (CALA) / SDM Maharashtra Central Revenue Division,QUERY_RAISED,55.0,38.5,70.0,192,180,1,Section 3H disbursement in progress; joint revenue measurement (JGM) completed for 70.0% alignment.
615917,GAURIDEEP/GAURI CENTRAL OCP 7.,Maharashtra,Coal,S.O. 2609(E)/2020,RFCTLARR_SEC_19,Competent Authority Land Acquisition (CALA) / SDM Maharashtra Central Revenue Division,APPROVED,74.0,74.0,100.0,50,180,0,100% land possession handed over to executing agency under Section 3D/19 mutation certificate.
400424,GEVRA OC [70 MTY],Chhattisgarh,Coal,S.O. 4746(E)/2021,RFCTLARR_SEC_19,Competent Authority Land Acquisition (CALA) / SDM Chhattisgarh Central Revenue Division,LOOPBACK,71.0,50.41,71.0,600,180,1,CALA Section 3G compensation award disputed in District Court; physical possession stalled for 20.6 Ha.
615914,GHONSA EXPANSION DEEP OC MINE,Maharashtra,Coal,S.O. 1929(E)/2023,RFCTLARR_SEC_19,Competent Authority Land Acquisition (CALA) / SDM Maharashtra Central Revenue Division,APPROVED,69.0,69.0,100.0,74,180,0,100% land possession handed over to executing agency under Section 3D/19 mutation certificate.
615860,Godavarikhani Coal Mine - 5,Telangana,Coal,S.O. 4108(E)/2021,RFCTLARR_SEC_19,Competent Authority Land Acquisition (CALA) / SDM Telangana Central Revenue Division,QUERY_RAISED,63.0,49.14,78.0,192,180,1,Section 3H disbursement in progress; joint revenue measurement (JGM) completed for 78.0% alignment.
615192,GOKUL EXTENSION OC MINE,Uttar Pradesh,Coal,S.O. 2695(E)/2018,RFCTLARR_SEC_19,Competent Authority Land Acquisition (CALA) / SDM Uttar Central Revenue Division,QUERY_RAISED,40.0,34.0,85.0,192,180,1,Section 3H disbursement in progress; joint revenue measurement (JGM) completed for 85.0% alignment.
615862,Goleti Opencast Mine,Telangana,Coal,S.O. 5403(E)/2022,RFCTLARR_SEC_19,Competent Authority Land Acquisition (CALA) / SDM Telangana Central Revenue Division,APPROVED,53.0,53.0,100.0,82,180,0,100% land possession handed over to executing agency under Section 3D/19 mutation certificate.
400185,GOPALJI KANIHA OCP [10 TO 30 M,Odisha,Coal,S.O. 2160(E)/2021,RFCTLARR_SEC_19,Competent Authority Land Acquisition (CALA) / SDM Odisha Central Revenue Division,APPROVED,55.0,55.0,100.0,55,180,0,100% land possession handed over to executing agency under Section 3D/19 mutation certificate.
616232,HINGULA II OC EXPN PH III 15 M,Odisha,Coal,S.O. 5047(E)/2022,RFCTLARR_SEC_19,Competent Authority Land Acquisition (CALA) / SDM Odisha Central Revenue Division,APPROVED,62.0,62.0,100.0,74,180,0,100% land possession handed over to executing agency under Section 3D/19 mutation certificate.
400018,HURA C OCP,Madhya Pradesh,Coal,S.O. 3909(E)/2021,RFCTLARR_SEC_19,Competent Authority Land Acquisition (CALA) / SDM Madhya Central Revenue Division,APPROVED,49.0,49.0,100.0,57,180,0,100% land possession handed over to executing agency under Section 3D/19 mutation certificate.
615861,Indaram Opencast Project,Telangana,Coal,S.O. 2808(E)/2021,RFCTLARR_SEC_19,Competent Authority Land Acquisition (CALA) / SDM Telangana Central Revenue Division,QUERY_RAISED,63.0,49.14,78.0,192,180,1,Section 3H disbursement in progress; joint revenue measurement (JGM) completed for 78.0% alignment.
616226,INTEGRATED KULDA GARJANBAHAL O,Odisha,Coal,S.O. 2258(E)/2018,RFCTLARR_SEC_19,Competent Authority Land Acquisition (CALA) / SDM Odisha Central Revenue Division,APPROVED,68.0,68.0,100.0,93,180,0,100% land possession handed over to executing agency under Section 3D/19 mutation certificate.
400187,INTEGRATED LAKHANPUR-BELPAHAR-,Odisha,Coal,S.O. 1126(E)/2020,RFCTLARR_SEC_19,Competent Authority Land Acquisition (CALA) / SDM Odisha Central Revenue Division,APPROVED,46.0,46.0,100.0,80,180,0,100% land possession handed over to executing agency under Section 3D/19 mutation certificate.
612816,ITAPARA OCP,West Bengal,Coal,S.O. 3367(E)/2018,RFCTLARR_SEC_19,Competent Authority Land Acquisition (CALA) / SDM West Central Revenue Division,APPROVED,62.0,62.0,100.0,103,180,0,100% land possession handed over to executing agency under Section 3D/19 mutation certificate.
613795,JAMPALI OC RCE [2.0 MTY],Odisha,Coal,S.O. 3143(E)/2021,RFCTLARR_SEC_19,Competent Authority Land Acquisition (CALA) / SDM Odisha Central Revenue Division,APPROVED,73.0,73.0,100.0,91,180,0,100% land possession handed over to executing agency under Section 3D/19 mutation certificate.
616236,JARANGDIH EXPN. OCP 1.5 MTY,Jharkhand,Coal,S.O. 1763(E)/2020,RFCTLARR_SEC_19,Competent Authority Land Acquisition (CALA) / SDM Jharkhand Central Revenue Division,APPROVED,73.0,73.0,100.0,65,180,0,100% land possession handed over to executing agency under Section 3D/19 mutation certificate.
615818,Jawahar Khani Open Cast Mine,Telangana,Coal,S.O. 3601(E)/2023,RFCTLARR_SEC_19,Competent Authority Land Acquisition (CALA) / SDM Telangana Central Revenue Division,QUERY_RAISED,56.0,39.76,71.0,220,180,1,Section 3H disbursement in progress; joint revenue measurement (JGM) completed for 71.0% alignment.
619032,JAYANT EXPN. [20 TO 38 MTPA],Maharashtra,Coal,S.O. 5483(E)/2023,RFCTLARR_SEC_19,Competent Authority Land Acquisition (CALA) / SDM Maharashtra Central Revenue Division,APPROVED,48.0,48.0,100.0,92,180,0,100% land possession handed over to executing agency under Section 3D/19 mutation certificate.
400312,JHANJRA EXPANSION UG,West Bengal,Coal,S.O. 2908(E)/2023,RFCTLARR_SEC_19,Competent Authority Land Acquisition (CALA) / SDM West Central Revenue Division,APPROVED,48.0,48.0,100.0,90,180,0,100% land possession handed over to executing agency under Section 3D/19 mutation certificate.
400352,JHARKHAND-LAIYO OCP,Multi-State,Coal,S.O. 3975(E)/2019,RFCTLARR_SEC_19,Competent Authority Land Acquisition (CALA) / SDM Multi-State Central Revenue Division,APPROVED,70.0,70.0,100.0,71,180,0,100% land possession handed over to executing agency under Section 3D/19 mutation certificate.
613803,JHIRIA WEST OCP [1.5 MTY],Chhattisgarh,Coal,S.O. 2343(E)/2019,RFCTLARR_SEC_19,Competent Authority Land Acquisition (CALA) / SDM Chhattisgarh Central Revenue Division,APPROVED,73.0,73.0,100.0,79,180,0,100% land possession handed over to executing agency under Section 3D/19 mutation certificate.
615859,Kakathiya Khani Opencast - III Project Phase - I,Kerala,Coal,S.O. 4678(E)/2019,RFCTLARR_SEC_19,Competent Authority Land Acquisition (CALA) / SDM Kerala Central Revenue Division,APPROVED,48.0,48.0,100.0,54,180,0,100% land possession handed over to executing agency under Section 3D/19 mutation certificate.
615865,Kakatiyakhani OC - 2 Project,Telangana,Coal,S.O. 5483(E)/2020,RFCTLARR_SEC_19,Competent Authority Land Acquisition (CALA) / SDM Telangana Central Revenue Division,QUERY_RAISED,58.0,42.34,73.0,192,180,1,Section 3H disbursement in progress; joint revenue measurement (JGM) completed for 73.0% alignment.
615858,Kalyanikhani Opencast Project,Telangana,Coal,S.O. 1690(E)/2021,RFCTLARR_SEC_19,Competent Authority Land Acquisition (CALA) / SDM Telangana Central Revenue Division,APPROVED,65.0,65.0,100.0,66,180,0,100% land possession handed over to executing agency under Section 3D/19 mutation certificate.
613802,KANCHAN OC EXP,Chhattisgarh,Coal,S.O. 1174(E)/2018,RFCTLARR_SEC_19,Competent Authority Land Acquisition (CALA) / SDM Chhattisgarh Central Revenue Division,QUERY_RAISED,59.0,49.56,84.0,220,180,1,Section 3H disbursement in progress; joint revenue measurement (JGM) completed for 84.0% alignment.
400074,KARO EXPANSION OCP,Jharkhand,Coal,S.O. 1549(E)/2019,RFCTLARR_SEC_19,Competent Authority Land Acquisition (CALA) / SDM Jharkhand Central Revenue Division,APPROVED,74.0,74.0,100.0,76,180,0,100% land possession handed over to executing agency under Section 3D/19 mutation certificate.
615191,KATKONA RO UG MINE,Chhattisgarh,Coal,S.O. 3527(E)/2022,RFCTLARR_SEC_19,Competent Authority Land Acquisition (CALA) / SDM Chhattisgarh Central Revenue Division,APPROVED,52.0,52.0,100.0,65,180,0,100% land possession handed over to executing agency under Section 3D/19 mutation certificate.
615183,KHADIA EXPANSION [10 TO 16 MTP,Madhya Pradesh,Coal,S.O. 4156(E)/2020,RFCTLARR_SEC_19,Competent Authority Land Acquisition (CALA) / SDM Madhya Central Revenue Division,QUERY_RAISED,51.0,43.86,86.0,220,180,1,Section 3H disbursement in progress; joint revenue measurement (JGM) completed for 86.0% alignment.
617278,KOLARPIMPRI EXPANSION OC [2.5,Maharashtra,Coal,S.O. 4890(E)/2019,RFCTLARR_SEC_19,Competent Authority Land Acquisition (CALA) / SDM Maharashtra Central Revenue Division,APPROVED,70.0,70.0,100.0,104,180,0,100% land possession handed over to executing agency under Section 3D/19 mutation certificate.
615199,KOLGAON EXPANSION DEEP OC MINE,Madhya Pradesh,Coal,S.O. 4346(E)/2018,RFCTLARR_SEC_19,Competent Authority Land Acquisition (CALA) / SDM Madhya Central Revenue Division,APPROVED,71.0,71.0,100.0,93,180,0,100% land possession handed over to executing agency under Section 3D/19 mutation certificate.
400073,KONAR EXPANSION OCP,Jharkhand,Coal,S.O. 4937(E)/2022,RFCTLARR_SEC_19,Competent Authority Land Acquisition (CALA) / SDM Jharkhand Central Revenue Division,APPROVED,47.0,47.0,100.0,79,180,0,100% land possession handed over to executing agency under Section 3D/19 mutation certificate.
400139,KOTRE BASANTPUR PACHMO OCP,Multi-State,Coal,S.O. 5001(E)/2019,RFCTLARR_SEC_19,Competent Authority Land Acquisition (CALA) / SDM Multi-State Central Revenue Division,APPROVED,41.0,41.0,100.0,73,180,0,100% land possession handed over to executing agency under Section 3D/19 mutation certificate.
400147,KUSMUNDA OC EXPANSION [15 TO 50 MTY],Chhattisgarh,Coal,S.O. 3567(E)/2018,RFCTLARR_SEC_19,Competent Authority Land Acquisition (CALA) / SDM Chhattisgarh Central Revenue Division,LOOPBACK,47.0,29.14,62.0,600,180,1,CALA Section 3G compensation award disputed in District Court; physical possession stalled for 17.9 Ha.
617287,KUSMUNDA OC EXPANSION PROJECT,Chhattisgarh,Coal,S.O. 3712(E)/2022,RFCTLARR_SEC_19,Competent Authority Land Acquisition (CALA) / SDM Chhattisgarh Central Revenue Division,APPROVED,57.0,57.0,100.0,86,180,0,100% land possession handed over to executing agency under Section 3D/19 mutation certificate.
619172,MADANNAGAR OCP 12 MTY - MDO,Chhattisgarh,Coal,S.O. 1881(E)/2021,RFCTLARR_SEC_19,Competent Authority Land Acquisition (CALA) / SDM Chhattisgarh Central Revenue Division,APPROVED,71.0,71.0,100.0,52,180,0,100% land possession handed over to executing agency under Section 3D/19 mutation certificate.
613801,MAHAMAYA OCP [1.50 MTY],Chhattisgarh,Coal,S.O. 1202(E)/2021,RFCTLARR_SEC_19,Competent Authority Land Acquisition (CALA) / SDM Chhattisgarh Central Revenue Division,QUERY_RAISED,47.0,33.84,72.0,220,180,1,Section 3H disbursement in progress; joint revenue measurement (JGM) completed for 72.0% alignment.
615189,MAKARDHOKRA EXPN OC 4.9 MTY,Maharashtra,Coal,S.O. 1575(E)/2019,RFCTLARR_SEC_19,Competent Authority Land Acquisition (CALA) / SDM Maharashtra Central Revenue Division,QUERY_RAISED,60.0,51.0,85.0,192,180,1,Section 3H disbursement in progress; joint revenue measurement (JGM) completed for 85.0% alignment.
617288,MANIKPUR OC EXPANSION PROJECT,Madhya Pradesh,Coal,S.O. 2314(E)/2020,RFCTLARR_SEC_19,Competent Authority Land Acquisition (CALA) / SDM Madhya Central Revenue Division,APPROVED,49.0,49.0,100.0,74,180,0,100% land possession handed over to executing agency under Section 3D/19 mutation certificate.
400313,Master Plan for Jharia and Raniganj Coalfields,Jharkhand,Coal,S.O. 3019(E)/2019,RFCTLARR_SEC_19,Competent Authority Land Acquisition (CALA) / SDM Jharkhand Central Revenue Division,LOOPBACK,54.0,29.16,54.0,600,180,1,CALA Section 3G compensation award disputed in District Court; physical possession stalled for 24.8 Ha.
400173,MOHANPUR EXPANSION OC -PHASE I,Bihar,Coal,S.O. 3156(E)/2019,RFCTLARR_SEC_19,Competent Authority Land Acquisition (CALA) / SDM Bihar Central Revenue Division,LOOPBACK,41.0,29.11,71.0,600,180,1,CALA Section 3G compensation award disputed in District Court; physical possession stalled for 11.9 Ha.
400425,MOONIDIH XV SEAM UG,Jharkhand,Coal,S.O. 1983(E)/2021,RFCTLARR_SEC_19,Competent Authority Land Acquisition (CALA) / SDM Jharkhand Central Revenue Division,LOOPBACK,63.0,42.84,68.0,600,180,1,CALA Section 3G compensation award disputed in District Court; physical possession stalled for 20.2 Ha.
613808,MURAIDIH UG PROJECT,Jharkhand,Coal,S.O. 3152(E)/2022,RFCTLARR_SEC_19,Competent Authority Land Acquisition (CALA) / SDM Jharkhand Central Revenue Division,LOOPBACK,72.0,48.24,67.0,600,180,1,CALA Section 3G compensation award disputed in District Court; physical possession stalled for 23.8 Ha.
615919,N. EXTN. MUNGOLI NIRGUDA D OCP,Maharashtra,Coal,S.O. 2077(E)/2018,RFCTLARR_SEC_19,Competent Authority Land Acquisition (CALA) / SDM Maharashtra Central Revenue Division,APPROVED,47.0,47.0,100.0,49,180,0,100% land possession handed over to executing agency under Section 3D/19 mutation certificate.
615857,Naini Coal Mine,Telangana,Coal,S.O. 5400(E)/2019,RFCTLARR_SEC_19,Competent Authority Land Acquisition (CALA) / SDM Telangana Central Revenue Division,APPROVED,40.0,40.0,100.0,85,180,0,100% land possession handed over to executing agency under Section 3D/19 mutation certificate.
400181,NAKRAKONDA KUMARDIH- B OCP,Madhya Pradesh,Coal,S.O. 1126(E)/2019,RFCTLARR_SEC_19,Competent Authority Land Acquisition (CALA) / SDM Madhya Central Revenue Division,APPROVED,56.0,56.0,100.0,96,180,0,100% land possession handed over to executing agency under Section 3D/19 mutation certificate.
615188,NEW MAJRI UG TO OC 3 MTY COST,Karnataka,Coal,S.O. 2948(E)/2020,RFCTLARR_SEC_19,Competent Authority Land Acquisition (CALA) / SDM Karnataka Central Revenue Division,APPROVED,68.0,68.0,100.0,79,180,0,100% land possession handed over to executing agency under Section 3D/19 mutation certificate.
400321,NIGAHI EXPANSION [15 TO 25 MTP,Madhya Pradesh,Coal,S.O. 2897(E)/2018,RFCTLARR_SEC_19,Competent Authority Land Acquisition (CALA) / SDM Madhya Central Revenue Division,LOOPBACK,42.0,21.84,52.0,600,180,1,CALA Section 3G compensation award disputed in District Court; physical possession stalled for 20.2 Ha.
615982,NILJAI EXPANSION DEEP  OCP,Maharashtra,Coal,S.O. 4981(E)/2018,RFCTLARR_SEC_19,Competent Authority Land Acquisition (CALA) / SDM Maharashtra Central Revenue Division,LOOPBACK,71.0,46.86,66.0,600,180,1,CALA Section 3G compensation award disputed in District Court; physical possession stalled for 24.1 Ha.
617764,North Dhadu Western Part OCP,Multi-State,Coal,S.O. 3092(E)/2022,RFCTLARR_SEC_19,Competent Authority Land Acquisition (CALA) / SDM Multi-State Central Revenue Division,APPROVED,42.0,42.0,100.0,53,180,0,100% land possession handed over to executing agency under Section 3D/19 mutation certificate.
400151,NORTH URIMARI EXPANSION OCP,Jharkhand,Coal,S.O. 3311(E)/2019,RFCTLARR_SEC_19,Competent Authority Land Acquisition (CALA) / SDM Jharkhand Central Revenue Division,APPROVED,61.0,61.0,100.0,72,180,0,100% land possession handed over to executing agency under Section 3D/19 mutation certificate.
616230,PARASCOLE JAMBAD OCP,West Bengal,Coal,S.O. 2085(E)/2022,RFCTLARR_SEC_19,Competent Authority Land Acquisition (CALA) / SDM West Central Revenue Division,APPROVED,65.0,65.0,100.0,85,180,0,100% land possession handed over to executing agency under Section 3D/19 mutation certificate.
613794,PARASEA-BELBAID UG PROJECT,West Bengal,Coal,S.O. 4050(E)/2018,RFCTLARR_SEC_19,Competent Authority Land Acquisition (CALA) / SDM West Central Revenue Division,APPROVED,65.0,65.0,100.0,72,180,0,100% land possession handed over to executing agency under Section 3D/19 mutation certificate.
616234,PELMA OC MDO,Chhattisgarh,Coal,S.O. 1096(E)/2020,RFCTLARR_SEC_19,Competent Authority Land Acquisition (CALA) / SDM Chhattisgarh Central Revenue Division,APPROVED,41.0,41.0,100.0,108,180,0,100% land possession handed over to executing agency under Section 3D/19 mutation certificate.
400144,PORDA CHIMTAPANI OCP [10 MTY],Chhattisgarh,Coal,S.O. 1959(E)/2020,RFCTLARR_SEC_19,Competent Authority Land Acquisition (CALA) / SDM Chhattisgarh Central Revenue Division,APPROVED,54.0,54.0,100.0,95,180,0,100% land possession handed over to executing agency under Section 3D/19 mutation certificate.
400160,RAJRAPPA RCE OCP,Jharkhand,Coal,S.O. 1760(E)/2020,RFCTLARR_SEC_19,Competent Authority Land Acquisition (CALA) / SDM Jharkhand Central Revenue Division,LOOPBACK,55.0,30.25,55.0,600,180,1,CALA Section 3G compensation award disputed in District Court; physical possession stalled for 24.7 Ha.
615864,Ramagundam OC-II Extension Project,Telangana,Coal,S.O. 4524(E)/2023,RFCTLARR_SEC_19,Competent Authority Land Acquisition (CALA) / SDM Telangana Central Revenue Division,APPROVED,54.0,54.0,100.0,103,180,0,100% land possession handed over to executing agency under Section 3D/19 mutation certificate.
400152,RAMPUR BATURA OCP [4.0MTY],Madhya Pradesh,Coal,S.O. 3187(E)/2021,RFCTLARR_SEC_19,Competent Authority Land Acquisition (CALA) / SDM Madhya Central Revenue Division,APPROVED,62.0,62.0,100.0,63,180,0,100% land possession handed over to executing agency under Section 3D/19 mutation certificate.
617416,"Revised Jharia Master Plan for Dealing with Fire, Subsidence & Rehabilitation of affected families in Jharia Coalfield- Reg.",Jharkhand,Coal,S.O. 4717(E)/2018,RFCTLARR_SEC_19,Competent Authority Land Acquisition (CALA) / SDM Jharkhand Central Revenue Division,APPROVED,67.0,67.0,100.0,78,180,0,100% land possession handed over to executing agency under Section 3D/19 mutation certificate.
619171,RPR FOR DURGAPUR OCP 10 MTY,West Bengal,Coal,S.O. 4373(E)/2023,RFCTLARR_SEC_19,Competent Authority Land Acquisition (CALA) / SDM West Central Revenue Division,APPROVED,73.0,73.0,100.0,62,180,0,100% land possession handed over to executing agency under Section 3D/19 mutation certificate.
619053,RPR FOR RAMPUR BATURA OCP,Chhattisgarh,Coal,S.O. 3631(E)/2022,RFCTLARR_SEC_19,Competent Authority Land Acquisition (CALA) / SDM Chhattisgarh Central Revenue Division,APPROVED,41.0,41.0,100.0,76,180,0,100% land possession handed over to executing agency under Section 3D/19 mutation certificate.
400150,RPR MAGADH EXP OCP,Multi-State,Coal,S.O. 2169(E)/2019,RFCTLARR_SEC_19,Competent Authority Land Acquisition (CALA) / SDM Multi-State Central Revenue Division,APPROVED,54.0,54.0,100.0,78,180,0,100% land possession handed over to executing agency under Section 3D/19 mutation certificate.
615918,RPR OF BHANEGAON OC,Maharashtra,Coal,S.O. 4130(E)/2019,RFCTLARR_SEC_19,Competent Authority Land Acquisition (CALA) / SDM Maharashtra Central Revenue Division,APPROVED,45.0,45.0,100.0,99,180,0,100% land possession handed over to executing agency under Section 3D/19 mutation certificate.
615187,RPR OF VISHNUPURI UG TO OC,Maharashtra,Coal,S.O. 1056(E)/2020,RFCTLARR_SEC_19,Competent Authority Land Acquisition (CALA) / SDM Maharashtra Central Revenue Division,APPROVED,61.0,61.0,100.0,96,180,0,100% land possession handed over to executing agency under Section 3D/19 mutation certificate.
613804,RPR TAWA-III UG 0.84 MTY,Maharashtra,Coal,S.O. 4740(E)/2023,RFCTLARR_SEC_19,Competent Authority Land Acquisition (CALA) / SDM Maharashtra Central Revenue Division,APPROVED,55.0,55.0,100.0,91,180,0,100% land possession handed over to executing agency under Section 3D/19 mutation certificate.
400136,SANGHMITRA OC,Bihar,Coal,S.O. 2850(E)/2020,RFCTLARR_SEC_19,Competent Authority Land Acquisition (CALA) / SDM Bihar Central Revenue Division,APPROVED,70.0,70.0,100.0,73,180,0,100% land possession handed over to executing agency under Section 3D/19 mutation certificate.
615184,SAONER UG MINE -1 EXPANSION 1.,Maharashtra,Coal,S.O. 3524(E)/2021,RFCTLARR_SEC_19,Competent Authority Land Acquisition (CALA) / SDM Maharashtra Central Revenue Division,APPROVED,69.0,69.0,100.0,62,180,0,100% land possession handed over to executing agency under Section 3D/19 mutation certificate.
619055,SAONER-III EXPN UG MINE 1.54,Maharashtra,Coal,S.O. 5403(E)/2019,RFCTLARR_SEC_19,Competent Authority Land Acquisition (CALA) / SDM Maharashtra Central Revenue Division,APPROVED,68.0,68.0,100.0,110,180,0,100% land possession handed over to executing agency under Section 3D/19 mutation certificate.
615186,SASTI  EXPANSION OPENCAST,Maharashtra,Coal,S.O. 1840(E)/2018,RFCTLARR_SEC_19,Competent Authority Land Acquisition (CALA) / SDM Maharashtra Central Revenue Division,QUERY_RAISED,60.0,42.0,70.0,192,180,1,Section 3H disbursement in progress; joint revenue measurement (JGM) completed for 70.0% alignment.
615195,SHARDA UG MINE,Uttarakhand,Coal,S.O. 3656(E)/2020,RFCTLARR_SEC_19,Competent Authority Land Acquisition (CALA) / SDM Uttarakhand Central Revenue Division,APPROVED,41.0,41.0,100.0,108,180,0,100% land possession handed over to executing agency under Section 3D/19 mutation certificate.
613793,SHYAMSUNDARPUR UG INCLUDING SA,West Bengal,Coal,S.O. 5382(E)/2022,RFCTLARR_SEC_19,Competent Authority Land Acquisition (CALA) / SDM West Central Revenue Division,QUERY_RAISED,42.0,30.24,72.0,220,180,1,Section 3H disbursement in progress; joint revenue measurement (JGM) completed for 72.0% alignment.
400166,SIARMAL OCP,Odisha,Coal,S.O. 2924(E)/2022,RFCTLARR_SEC_19,Competent Authority Land Acquisition (CALA) / SDM Odisha Central Revenue Division,APPROVED,54.0,54.0,100.0,56,180,0,100% land possession handed over to executing agency under Section 3D/19 mutation certificate.
400182,SIDULI [OC & UG],West Bengal,Coal,S.O. 1404(E)/2021,RFCTLARR_SEC_19,Competent Authority Land Acquisition (CALA) / SDM West Central Revenue Division,LOOPBACK,59.0,34.81,59.0,600,180,1,CALA Section 3G compensation award disputed in District Court; physical possession stalled for 24.2 Ha.
615190,SINGHORI DEEP OC MIN 2.0 MTY,Maharashtra,Coal,S.O. 3588(E)/2018,RFCTLARR_SEC_19,Competent Authority Land Acquisition (CALA) / SDM Maharashtra Central Revenue Division,APPROVED,43.0,43.0,100.0,51,180,0,100% land possession handed over to executing agency under Section 3D/19 mutation certificate.
615822,SIRKA OC,Jharkhand,Coal,S.O. 1421(E)/2018,RFCTLARR_SEC_19,Competent Authority Land Acquisition (CALA) / SDM Jharkhand Central Revenue Division,APPROVED,61.0,61.0,100.0,59,180,0,100% land possession handed over to executing agency under Section 3D/19 mutation certificate.
400315,SONEPUR BAZARI EXPANSION OCP [,West Bengal,Coal,S.O. 1709(E)/2019,RFCTLARR_SEC_19,Competent Authority Land Acquisition (CALA) / SDM West Central Revenue Division,APPROVED,59.0,59.0,100.0,64,180,0,100% land possession handed over to executing agency under Section 3D/19 mutation certificate.
400165,SUBHADRA OCP,Andhra Pradesh,Coal,S.O. 5120(E)/2019,RFCTLARR_SEC_19,Competent Authority Land Acquisition (CALA) / SDM Andhra Central Revenue Division,APPROVED,55.0,55.0,100.0,65,180,0,100% land possession handed over to executing agency under Section 3D/19 mutation certificate.
618982,Talabira II & III OCP - FMC,Multi-State,Coal,S.O. 5317(E)/2018,RFCTLARR_SEC_19,Competent Authority Land Acquisition (CALA) / SDM Multi-State Central Revenue Division,APPROVED,72.0,72.0,100.0,99,180,0,100% land possession handed over to executing agency under Section 3D/19 mutation certificate.
615349,TAPIN SOUTH EXPN,Multi-State,Coal,S.O. 4560(E)/2021,RFCTLARR_SEC_19,Competent Authority Land Acquisition (CALA) / SDM Multi-State Central Revenue Division,APPROVED,70.0,70.0,100.0,53,180,0,100% land possession handed over to executing agency under Section 3D/19 mutation certificate.
615843,TETARIAKHAR OC,Jharkhand,Coal,S.O. 4199(E)/2018,RFCTLARR_SEC_19,Competent Authority Land Acquisition (CALA) / SDM Jharkhand Central Revenue Division,QUERY_RAISED,74.0,65.86,89.0,220,180,1,Section 3H disbursement in progress; joint revenue measurement (JGM) completed for 89.0% alignment.
615820,TIKAK EXTENSION OCP,Assam,Coal,S.O. 1409(E)/2019,RFCTLARR_SEC_19,Competent Authority Land Acquisition (CALA) / SDM Assam Central Revenue Division,APPROVED,54.0,54.0,100.0,94,180,0,100% land possession handed over to executing agency under Section 3D/19 mutation certificate.
400186,TILABONI UG,West Bengal,Coal,S.O. 4971(E)/2021,RFCTLARR_SEC_19,Competent Authority Land Acquisition (CALA) / SDM West Central Revenue Division,APPROVED,61.0,61.0,100.0,93,180,0,100% land possession handed over to executing agency under Section 3D/19 mutation certificate.
615821,TIRAP OCP,Arunachal Pradesh,Coal,S.O. 3628(E)/2021,RFCTLARR_SEC_19,Competent Authority Land Acquisition (CALA) / SDM Arunachal Central Revenue Division,APPROVED,63.0,63.0,100.0,104,180,0,100% land possession handed over to executing agency under Section 3D/19 mutation certificate.
616044,UKNI DEEP OC MINE -COST PLUS,Andhra Pradesh,Coal,S.O. 3524(E)/2018,RFCTLARR_SEC_19,Competent Authority Land Acquisition (CALA) / SDM Andhra Central Revenue Division,LOOPBACK,54.0,26.46,49.0,600,180,1,CALA Section 3G compensation award disputed in District Court; physical possession stalled for 27.5 Ha.
615194,URDHAN EXPANSION OC COST PLUS,Maharashtra,Coal,S.O. 3536(E)/2021,RFCTLARR_SEC_19,Competent Authority Land Acquisition (CALA) / SDM Maharashtra Central Revenue Division,APPROVED,51.0,51.0,100.0,77,180,0,100% land possession handed over to executing agency under Section 3D/19 mutation certificate.
615863,Venkatesh Khani Coal Mine,Telangana,Coal,S.O. 5326(E)/2023,RFCTLARR_SEC_19,Competent Authority Land Acquisition (CALA) / SDM Telangana Central Revenue Division,APPROVED,61.0,61.0,100.0,46,180,0,100% land possession handed over to executing agency under Section 3D/19 mutation certificate.
617233,WAGHODA UG MINE [1.02 MTY],Maharashtra,Coal,S.O. 2801(E)/2019,RFCTLARR_SEC_19,Competent Authority Land Acquisition (CALA) / SDM Maharashtra Central Revenue Division,APPROVED,71.0,71.0,100.0,59,180,0,100% land possession handed over to executing agency under Section 3D/19 mutation certificate.
603293,Badam Coal Mining project of NTPC,Multi-State,Coal,S.O. 5215(E)/2022,RFCTLARR_SEC_19,Competent Authority Land Acquisition (CALA) / SDM Multi-State Central Revenue Division,APPROVED,50.0,50.0,100.0,79,180,0,100% land possession handed over to executing agency under Section 3D/19 mutation certificate.
400192,Tubed Coal Mine,Multi-State,Coal,S.O. 2346(E)/2021,RFCTLARR_SEC_19,Competent Authority Land Acquisition (CALA) / SDM Multi-State Central Revenue Division,APPROVED,56.0,56.0,100.0,88,180,0,100% land possession handed over to executing agency under Section 3D/19 mutation certificate.
617282,"C/o 184 MS Flats for Hon'ble MPs at BKS Marg, New Delhi",Delhi,Construction,EXEMPT/ROW/617282,EXISTING_ROW_EXEMPT,Competent Authority / Not Applicable (Existing RoW),NOT_APPLICABLE,0.0,0.0,100.0,0,180,0,Project executes within pre-existing sanctioned Right of Way / Plant Boundary.
617412,"Construction of One Tower of Office Complex  and another Tower of Residential quarters  consisting of 10Nos. Type-V, 10Nos. Type-VI & 1No.Type-VII Quarters i/c internal water supply, sanitary installation and all development and bulk services, Horticulture works on EPC Mode-I basis i/c comprehensive operation  and maintenance of Civil, E&M services for 7 years after completion of original construction work for Ranga Reddy, Secunderabad, Medchal, AuditI, Audit-II Commissionerates of Central Tax at Khajaguda, Serilingampally, Hyderabad.",Telangana,Construction,EXEMPT/ROW/617412,EXISTING_ROW_EXEMPT,Competent Authority / Not Applicable (Existing RoW),NOT_APPLICABLE,0.0,0.0,100.0,0,180,0,Project executes within pre-existing sanctioned Right of Way / Plant Boundary.
617280,"Construction of Basement + Ground Floor+ 10 Storeyed building for State of the Art Director General, GSI Building at plot No.GN-40, Sector-V, Salt Lake, Kolkata",West Bengal,Construction,EXEMPT/ROW/617280,EXISTING_ROW_EXEMPT,Competent Authority / Not Applicable (Existing RoW),NOT_APPLICABLE,0.0,0.0,100.0,0,180,0,Project executes within pre-existing sanctioned Right of Way / Plant Boundary.
619033,"1000 seater Boys hostel, 500 seater Girls hostel, 1.5 MLD Sewage Treatment Plant and Faculty Residence - 72 nos. Flats",Uttar Pradesh,Education,EXEMPT/ROW/619033,EXISTING_ROW_EXEMPT,Competent Authority / Not Applicable (Existing RoW),NOT_APPLICABLE,0.0,0.0,100.0,0,180,0,Project executes within pre-existing sanctioned Right of Way / Plant Boundary.
612203,Academic Block 1 & 2,Multi-State,Education,EXEMPT/ROW/612203,EXISTING_ROW_EXEMPT,Competent Authority / Not Applicable (Existing RoW),NOT_APPLICABLE,0.0,0.0,100.0,0,180,0,Project executes within pre-existing sanctioned Right of Way / Plant Boundary.
606013,Additional Campus  of NITPatna,Multi-State,Education,EXEMPT/ROW/606013,EXISTING_ROW_EXEMPT,Competent Authority / Not Applicable (Existing RoW),NOT_APPLICABLE,0.0,0.0,100.0,0,180,0,Project executes within pre-existing sanctioned Right of Way / Plant Boundary.
610940,"Additional Infrastructure at IISc Bangalore-RCC Monolithic for Men Hostel S14, Women Hostel S11 , Postdoctoral Hostel S12 2 Block , International Hostel S 12 , D&E Block S 12  2 Block FR.",Karnataka,Education,EXEMPT/ROW/610940,EXISTING_ROW_EXEMPT,Competent Authority / Not Applicable (Existing RoW),NOT_APPLICABLE,0.0,0.0,100.0,0,180,0,Project executes within pre-existing sanctioned Right of Way / Plant Boundary.
606479,Banaras Hindu University [ Kayakalp of Institute of Medical Sciences],Uttar Pradesh,Education,EXEMPT/ROW/606479,EXISTING_ROW_EXEMPT,Competent Authority / Not Applicable (Existing RoW),NOT_APPLICABLE,0.0,0.0,100.0,0,180,0,Project executes within pre-existing sanctioned Right of Way / Plant Boundary.
611963,"Construction & Development of Infrastructural Facilities in the main campus of NIT Uttarakhand at Sumari, Pauri Garhwal",Uttarakhand,Education,EXEMPT/ROW/611963,EXISTING_ROW_EXEMPT,Competent Authority / Not Applicable (Existing RoW),NOT_APPLICABLE,0.0,0.0,100.0,0,180,0,Project executes within pre-existing sanctioned Right of Way / Plant Boundary.
612885,Construction and Developement of National Institute of Technology Meghalaya Permanent Campus at Sohra,Meghalaya,Education,EXEMPT/ROW/612885,EXISTING_ROW_EXEMPT,Competent Authority / Not Applicable (Existing RoW),NOT_APPLICABLE,0.0,0.0,100.0,0,180,0,Project executes within pre-existing sanctioned Right of Way / Plant Boundary.
617221,"Construction of Girls Hostel 400 seater, Boys Hostel 600 seater, Academic Block, International Hostel 100 seater, VC Residence and Purchase of Equipment",Multi-State,Education,EXEMPT/ROW/617221,EXISTING_ROW_EXEMPT,Competent Authority / Not Applicable (Existing RoW),NOT_APPLICABLE,0.0,0.0,100.0,0,180,0,Project executes within pre-existing sanctioned Right of Way / Plant Boundary.
611961,Construction of IIT Bhubaneswar -Phase III,Odisha,Education,EXEMPT/ROW/611961,EXISTING_ROW_EXEMPT,Competent Authority / Not Applicable (Existing RoW),NOT_APPLICABLE,0.0,0.0,100.0,0,180,0,Project executes within pre-existing sanctioned Right of Way / Plant Boundary.
602098,"Construction of Permanent Campus for IIM Jammu Phase-1 at Jagti, Nagrota, Jammu, J&K",Jammu and Kashmir,Education,EXEMPT/ROW/602098,EXISTING_ROW_EXEMPT,Competent Authority / Not Applicable (Existing RoW),NOT_APPLICABLE,0.0,0.0,100.0,0,180,0,Project executes within pre-existing sanctioned Right of Way / Plant Boundary.
606431,CONSTRUCTION OF PERMANENT CAMPUS FOR IIT PALAKKAD UNDER PHASE 1A,Multi-State,Education,EXEMPT/ROW/606431,EXISTING_ROW_EXEMPT,Competent Authority / Not Applicable (Existing RoW),NOT_APPLICABLE,0.0,0.0,100.0,0,180,0,Project executes within pre-existing sanctioned Right of Way / Plant Boundary.
612876,"Construction of Permanent Campus for NIT Mizoram at Lengpui, Aizawl",Mizoram,Education,EXEMPT/ROW/612876,EXISTING_ROW_EXEMPT,Competent Authority / Not Applicable (Existing RoW),NOT_APPLICABLE,0.0,0.0,100.0,0,180,0,Project executes within pre-existing sanctioned Right of Way / Plant Boundary.
613008,Construction of Permanent Campus of Central Tribal University of Andhra Pradesh Phase-1,Multi-State,Education,EXEMPT/ROW/613008,EXISTING_ROW_EXEMPT,Competent Authority / Not Applicable (Existing RoW),NOT_APPLICABLE,0.0,0.0,100.0,0,180,0,Project executes within pre-existing sanctioned Right of Way / Plant Boundary.
612916,"Construction of permanent campus of Central University of Gujarat at Village kundhela, Dist. Vadodara, Gujarat.",Gujarat,Education,EXEMPT/ROW/612916,EXISTING_ROW_EXEMPT,Competent Authority / Not Applicable (Existing RoW),NOT_APPLICABLE,0.0,0.0,100.0,0,180,0,Project executes within pre-existing sanctioned Right of Way / Plant Boundary.
612894,"Construction of Permanent Campus of Central University of Himachal Pradesh at Dehra, District - Kangra, [H.P.] on Engineering. Procurement and Construction [EPC Mode 1] Basis.",Himachal Pradesh,Education,EXEMPT/ROW/612894,EXISTING_ROW_EXEMPT,Competent Authority / Not Applicable (Existing RoW),NOT_APPLICABLE,0.0,0.0,100.0,0,180,0,Project executes within pre-existing sanctioned Right of Way / Plant Boundary.
605292,"Construction of Permanent Campus of Indian Institute of Management [IIM] Amritsar, Punjab, Phase-I",Punjab,Education,EXEMPT/ROW/605292,EXISTING_ROW_EXEMPT,Competent Authority / Not Applicable (Existing RoW),NOT_APPLICABLE,0.0,0.0,100.0,0,180,0,Project executes within pre-existing sanctioned Right of Way / Plant Boundary.
612898,Construction of Permanent Campus of National Institute of Technology Arunachal Pradesh,Multi-State,Education,EXEMPT/ROW/612898,EXISTING_ROW_EXEMPT,Competent Authority / Not Applicable (Existing RoW),NOT_APPLICABLE,0.0,0.0,100.0,0,180,0,Project executes within pre-existing sanctioned Right of Way / Plant Boundary.
609996,Construction of Precast housing and hostels at IIT Hyderabad,Telangana,Education,EXEMPT/ROW/609996,EXISTING_ROW_EXEMPT,Competent Authority / Not Applicable (Existing RoW),NOT_APPLICABLE,0.0,0.0,100.0,0,180,0,Project executes within pre-existing sanctioned Right of Way / Plant Boundary.
609736,"Construction of Sikkim University Campus Phase-I Package-II at Yangang, South Sikkim",Sikkim,Education,EXEMPT/ROW/609736,EXISTING_ROW_EXEMPT,Competent Authority / Not Applicable (Existing RoW),NOT_APPLICABLE,0.0,0.0,100.0,0,180,0,Project executes within pre-existing sanctioned Right of Way / Plant Boundary.
616886,Delhi University Eastern Campus at Surajmal Vihar,Delhi,Education,EXEMPT/ROW/616886,EXISTING_ROW_EXEMPT,Competent Authority / Not Applicable (Existing RoW),NOT_APPLICABLE,0.0,0.0,100.0,0,180,0,Project executes within pre-existing sanctioned Right of Way / Plant Boundary.
613013,Establishment of NIT Nagaland,Nagaland,Education,EXEMPT/ROW/613013,EXISTING_ROW_EXEMPT,Competent Authority / Not Applicable (Existing RoW),NOT_APPLICABLE,0.0,0.0,100.0,0,180,0,Project executes within pre-existing sanctioned Right of Way / Plant Boundary.
612877,Establishment of NIT Puducherry Permanent Campus [Phase-I and Phase-II],Multi-State,Education,EXEMPT/ROW/612877,EXISTING_ROW_EXEMPT,Competent Authority / Not Applicable (Existing RoW),NOT_APPLICABLE,0.0,0.0,100.0,0,180,0,Project executes within pre-existing sanctioned Right of Way / Plant Boundary.
612883,Establishment of Permanent Campus of NIT SIkkim at Khamdong-Gangtok District,Sikkim,Education,EXEMPT/ROW/612883,EXISTING_ROW_EXEMPT,Competent Authority / Not Applicable (Existing RoW),NOT_APPLICABLE,0.0,0.0,100.0,0,180,0,Project executes within pre-existing sanctioned Right of Way / Plant Boundary.
602099,Establishment of Permanent campus Phase 1 of IIM Sirmaur,Multi-State,Education,EXEMPT/ROW/602099,EXISTING_ROW_EXEMPT,Competent Authority / Not Applicable (Existing RoW),NOT_APPLICABLE,0.0,0.0,100.0,0,180,0,Project executes within pre-existing sanctioned Right of Way / Plant Boundary.
609019,"HEFA projects on development of student hostels, playgrounds, departmental buildings, class room complex and other campus facilities in IIT Kharagpur",West Bengal,Education,EXEMPT/ROW/609019,EXISTING_ROW_EXEMPT,Competent Authority / Not Applicable (Existing RoW),NOT_APPLICABLE,0.0,0.0,100.0,0,180,0,Project executes within pre-existing sanctioned Right of Way / Plant Boundary.
612135,Hostel 4 -Earlier Known as Hostel 20,Multi-State,Education,EXEMPT/ROW/612135,EXISTING_ROW_EXEMPT,Competent Authority / Not Applicable (Existing RoW),NOT_APPLICABLE,0.0,0.0,100.0,0,180,0,Project executes within pre-existing sanctioned Right of Way / Plant Boundary.
612128,Hostel blocks & dining hall block,Multi-State,Education,EXEMPT/ROW/612128,EXISTING_ROW_EXEMPT,Competent Authority / Not Applicable (Existing RoW),NOT_APPLICABLE,0.0,0.0,100.0,0,180,0,Project executes within pre-existing sanctioned Right of Way / Plant Boundary.
610315,IISER BERHAMPUR,Multi-State,Education,EXEMPT/ROW/610315,EXISTING_ROW_EXEMPT,Competent Authority / Not Applicable (Existing RoW),NOT_APPLICABLE,0.0,0.0,100.0,0,180,0,Project executes within pre-existing sanctioned Right of Way / Plant Boundary.
609041,"IoE Projects [Civil Works], IIT Kharagpur",Multi-State,Education,EXEMPT/ROW/609041,EXISTING_ROW_EXEMPT,Competent Authority / Not Applicable (Existing RoW),NOT_APPLICABLE,0.0,0.0,100.0,0,180,0,Project executes within pre-existing sanctioned Right of Way / Plant Boundary.
612851,"Phase 1B - Construction of Academic Block, Hostel, Residential Tower, Directors Residence and External Development works at National Institute of Technology, Delhi Campus on Engineering, Procurement and Construction basis",Delhi,Education,EXEMPT/ROW/612851,EXISTING_ROW_EXEMPT,Competent Authority / Not Applicable (Existing RoW),NOT_APPLICABLE,0.0,0.0,100.0,0,180,0,Project executes within pre-existing sanctioned Right of Way / Plant Boundary.
617877,Phase B Construction of Permanent Campus of IIT Bhilai,Multi-State,Education,EXEMPT/ROW/617877,EXISTING_ROW_EXEMPT,Competent Authority / Not Applicable (Existing RoW),NOT_APPLICABLE,0.0,0.0,100.0,0,180,0,Project executes within pre-existing sanctioned Right of Way / Plant Boundary.
617878,Phase B of Construction of Permanent Campus of IIT Palakkad,Multi-State,Education,EXEMPT/ROW/617878,EXISTING_ROW_EXEMPT,Competent Authority / Not Applicable (Existing RoW),NOT_APPLICABLE,0.0,0.0,100.0,0,180,0,Project executes within pre-existing sanctioned Right of Way / Plant Boundary.
611957,"Phase III A works at IIT Indore [03 Hostels, 01 Studio Apartment, 01 Housing, Heavy & Sophisticated lab complex, Academic POD and  Infrastructure for center of excellence]",Madhya Pradesh,Education,EXEMPT/ROW/611957,EXISTING_ROW_EXEMPT,Competent Authority / Not Applicable (Existing RoW),NOT_APPLICABLE,0.0,0.0,100.0,0,180,0,Project executes within pre-existing sanctioned Right of Way / Plant Boundary.
606112,Tezpur University Projects,Assam,Education,EXEMPT/ROW/606112,EXISTING_ROW_EXEMPT,Competent Authority / Not Applicable (Existing RoW),NOT_APPLICABLE,0.0,0.0,100.0,0,180,0,Project executes within pre-existing sanctioned Right of Way / Plant Boundary.
400081,"National Sports University [NSU], Imphal [Manipur]",Manipur,Education,EXEMPT/ROW/400081,EXISTING_ROW_EXEMPT,Competent Authority / Not Applicable (Existing RoW),NOT_APPLICABLE,0.0,0.0,100.0,0,180,0,Project executes within pre-existing sanctioned Right of Way / Plant Boundary.
618992,100 MW SPP part of SECI 150 MW Hybrid,Multi-State,Electricity Generation,EXEMPT/ROW/618992,EXISTING_ROW_EXEMPT,Competent Authority / Not Applicable (Existing RoW),NOT_APPLICABLE,0.0,0.0,100.0,0,180,0,Project executes within pre-existing sanctioned Right of Way / Plant Boundary.
618991,200 MW SPP part of 510 MW CPSU scheme,Multi-State,Electricity Generation,EXEMPT/ROW/618991,EXISTING_ROW_EXEMPT,Competent Authority / Not Applicable (Existing RoW),NOT_APPLICABLE,0.0,0.0,100.0,0,180,0,Project executes within pre-existing sanctioned Right of Way / Plant Boundary.
612819,300 MW SPP part of 510 MW CPSU scheme,Multi-State,Electricity Generation,EXEMPT/ROW/612819,EXISTING_ROW_EXEMPT,Competent Authority / Not Applicable (Existing RoW),NOT_APPLICABLE,0.0,0.0,100.0,0,180,0,Project executes within pre-existing sanctioned Right of Way / Plant Boundary.
615327,50 MW Solar PP Minedout Area,Multi-State,Electricity Generation,EXEMPT/ROW/615327,EXISTING_ROW_EXEMPT,Competent Authority / Not Applicable (Existing RoW),NOT_APPLICABLE,0.0,0.0,100.0,0,180,0,Project executes within pre-existing sanctioned Right of Way / Plant Boundary.
617299,50 MW Wind Power Project,Punjab,Electricity Generation,EXEMPT/ROW/617299,EXISTING_ROW_EXEMPT,Competent Authority / Not Applicable (Existing RoW),NOT_APPLICABLE,0.0,0.0,100.0,0,180,0,Project executes within pre-existing sanctioned Right of Way / Plant Boundary.
617730,600 MW Khavda Solar Power Project,Multi-State,Electricity Generation,EXEMPT/ROW/617730,EXISTING_ROW_EXEMPT,Competent Authority / Not Applicable (Existing RoW),NOT_APPLICABLE,0.0,0.0,100.0,0,180,0,Project executes within pre-existing sanctioned Right of Way / Plant Boundary.
618981,810 MW Solar Power Project - Rajasthan,Tamil Nadu,Electricity Generation,EXEMPT/ROW/618981,EXISTING_ROW_EXEMPT,Competent Authority / Not Applicable (Existing RoW),NOT_APPLICABLE,0.0,0.0,100.0,0,180,0,Project executes within pre-existing sanctioned Right of Way / Plant Boundary.
400259,Ghatampur Thermal Power Plant 3 X 660 MW,Multi-State,Electricity Generation,EXEMPT/ROW/400259,EXISTING_ROW_EXEMPT,Competent Authority / Not Applicable (Existing RoW),NOT_APPLICABLE,0.0,0.0,100.0,0,180,0,Project executes within pre-existing sanctioned Right of Way / Plant Boundary.
400231,NLC Talabira Thermal Power Project,Multi-State,Electricity Generation,EXEMPT/ROW/400231,EXISTING_ROW_EXEMPT,Competent Authority / Not Applicable (Existing RoW),NOT_APPLICABLE,0.0,0.0,100.0,0,180,0,Project executes within pre-existing sanctioned Right of Way / Plant Boundary.
611699,186 MW Tato-I H E Project,Chhattisgarh,Electricity Generation,EXEMPT/ROW/611699,EXISTING_ROW_EXEMPT,Competent Authority / Not Applicable (Existing RoW),NOT_APPLICABLE,0.0,0.0,100.0,0,180,0,Project executes within pre-existing sanctioned Right of Way / Plant Boundary.
611698,240MW Heo HE Project,Multi-State,Electricity Generation,EXEMPT/ROW/611698,EXISTING_ROW_EXEMPT,Competent Authority / Not Applicable (Existing RoW),NOT_APPLICABLE,0.0,0.0,100.0,0,180,0,Project executes within pre-existing sanctioned Right of Way / Plant Boundary.
602633,382 MW Sunni Dam HEP,Multi-State,Electricity Generation,EXEMPT/ROW/602633,EXISTING_ROW_EXEMPT,Competent Authority / Not Applicable (Existing RoW),NOT_APPLICABLE,0.0,0.0,100.0,0,180,0,Project executes within pre-existing sanctioned Right of Way / Plant Boundary.
611716,700 MW Tato-II HE Project,Arunachal Pradesh,Electricity Generation,EXEMPT/ROW/611716,EXISTING_ROW_EXEMPT,Competent Authority / Not Applicable (Existing RoW),NOT_APPLICABLE,0.0,0.0,100.0,0,180,0,Project executes within pre-existing sanctioned Right of Way / Plant Boundary.
709747,Bagodara Solar Power Project,Multi-State,Electricity Generation,EXEMPT/ROW/709747,EXISTING_ROW_EXEMPT,Competent Authority / Not Applicable (Existing RoW),NOT_APPLICABLE,0.0,0.0,100.0,0,180,0,Project executes within pre-existing sanctioned Right of Way / Plant Boundary.
709748,BIKANER SOLAR POWER PROJECT,Rajasthan,Electricity Generation,EXEMPT/ROW/709748,EXISTING_ROW_EXEMPT,Competent Authority / Not Applicable (Existing RoW),NOT_APPLICABLE,0.0,0.0,100.0,0,180,0,Project executes within pre-existing sanctioned Right of Way / Plant Boundary.
602579,Buxar Thermal Power Project [1320 MW],Bihar,Electricity Generation,EXEMPT/ROW/602579,EXISTING_ROW_EXEMPT,Competent Authority / Not Applicable (Existing RoW),NOT_APPLICABLE,0.0,0.0,100.0,0,180,0,Project executes within pre-existing sanctioned Right of Way / Plant Boundary.
619056,"Darlipali Super Thermal Power Project, Stage-II [1x800 MW]",Multi-State,Electricity Generation,EXEMPT/ROW/619056,EXISTING_ROW_EXEMPT,Competent Authority / Not Applicable (Existing RoW),NOT_APPLICABLE,0.0,0.0,100.0,0,180,0,Project executes within pre-existing sanctioned Right of Way / Plant Boundary.
602582,Dhaulasidh Hydro Electric Project [66 MW],Multi-State,Electricity Generation,EXEMPT/ROW/602582,EXISTING_ROW_EXEMPT,Competent Authority / Not Applicable (Existing RoW),NOT_APPLICABLE,0.0,0.0,100.0,0,180,0,Project executes within pre-existing sanctioned Right of Way / Plant Boundary.
602182,Dibang Multipurpose Project,Multi-State,Electricity Generation,EXEMPT/ROW/602182,EXISTING_ROW_EXEMPT,Competent Authority / Not Applicable (Existing RoW),NOT_APPLICABLE,0.0,0.0,100.0,0,180,0,Project executes within pre-existing sanctioned Right of Way / Plant Boundary.
618976,"Gadarwara Super Thermal Power Project, Stage-II [2x800 MW]",Multi-State,Electricity Generation,EXEMPT/ROW/618976,EXISTING_ROW_EXEMPT,Competent Authority / Not Applicable (Existing RoW),NOT_APPLICABLE,0.0,0.0,100.0,0,180,0,Project executes within pre-existing sanctioned Right of Way / Plant Boundary.
602538,Installation of FGD for 4x210 & 2x250 MW MTPS U 1-6,Multi-State,Electricity Generation,EXEMPT/ROW/602538,EXISTING_ROW_EXEMPT,Competent Authority / Not Applicable (Existing RoW),NOT_APPLICABLE,0.0,0.0,100.0,0,180,0,Project executes within pre-existing sanctioned Right of Way / Plant Boundary.
619311,Kalai-II Hydro Electric Project [1200 MW],Uttar Pradesh,Electricity Generation,EXEMPT/ROW/619311,EXISTING_ROW_EXEMPT,Competent Authority / Not Applicable (Existing RoW),NOT_APPLICABLE,0.0,0.0,100.0,0,180,0,Project executes within pre-existing sanctioned Right of Way / Plant Boundary.
602194,Khurja super Thermal Power Plant [2X660 MW],Uttar Pradesh,Electricity Generation,EXEMPT/ROW/602194,EXISTING_ROW_EXEMPT,Competent Authority / Not Applicable (Existing RoW),NOT_APPLICABLE,0.0,0.0,100.0,0,180,0,Project executes within pre-existing sanctioned Right of Way / Plant Boundary.
602532,Kiru HE Project,Jammu and Kashmir,Electricity Generation,EXEMPT/ROW/602532,EXISTING_ROW_EXEMPT,Competent Authority / Not Applicable (Existing RoW),NOT_APPLICABLE,0.0,0.0,100.0,0,180,0,Project executes within pre-existing sanctioned Right of Way / Plant Boundary.
611509,"Koderma Thermal Power Station Phase II [2X800 MW] At Koderma, Jharkhand",Multi-State,Electricity Generation,EXEMPT/ROW/611509,EXISTING_ROW_EXEMPT,Competent Authority / Not Applicable (Existing RoW),NOT_APPLICABLE,0.0,0.0,100.0,0,180,0,Project executes within pre-existing sanctioned Right of Way / Plant Boundary.
605155,Kwar HE Project,Jammu and Kashmir,Electricity Generation,EXEMPT/ROW/605155,EXISTING_ROW_EXEMPT,Competent Authority / Not Applicable (Existing RoW),NOT_APPLICABLE,0.0,0.0,100.0,0,180,0,Project executes within pre-existing sanctioned Right of Way / Plant Boundary.
611930,Lara Super Thermal Power Project Stage-II [2 x 800 MW],Multi-State,Electricity Generation,EXEMPT/ROW/611930,EXISTING_ROW_EXEMPT,Competent Authority / Not Applicable (Existing RoW),NOT_APPLICABLE,0.0,0.0,100.0,0,180,0,Project executes within pre-existing sanctioned Right of Way / Plant Boundary.
602593,Luhri Stage-I Hydro Electric Project [210 MW],Kerala,Electricity Generation,EXEMPT/ROW/602593,EXISTING_ROW_EXEMPT,Competent Authority / Not Applicable (Existing RoW),NOT_APPLICABLE,0.0,0.0,100.0,0,180,0,Project executes within pre-existing sanctioned Right of Way / Plant Boundary.
619051,"Nabinagar Super Thermal Power Project, Stage-II [3x800 MW]",Multi-State,Electricity Generation,EXEMPT/ROW/619051,EXISTING_ROW_EXEMPT,Competent Authority / Not Applicable (Existing RoW),NOT_APPLICABLE,0.0,0.0,100.0,0,180,0,Project executes within pre-existing sanctioned Right of Way / Plant Boundary.
709820,OMKARESHWAR FLOATING SOLAR POWER PROJECT [90 MW],Multi-State,Electricity Generation,EXEMPT/ROW/709820,EXISTING_ROW_EXEMPT,Competent Authority / Not Applicable (Existing RoW),NOT_APPLICABLE,0.0,0.0,100.0,0,180,0,Project executes within pre-existing sanctioned Right of Way / Plant Boundary.
602525,"Pakal Dul [Drangdhuran] Hydroelectric Project, 1000 MW",Multi-State,Electricity Generation,EXEMPT/ROW/602525,EXISTING_ROW_EXEMPT,Competent Authority / Not Applicable (Existing RoW),NOT_APPLICABLE,0.0,0.0,100.0,0,180,0,Project executes within pre-existing sanctioned Right of Way / Plant Boundary.
400261,Patratu Thermal Power Station Expansion Project Phase-I [3x800 MW],Jharkhand,Electricity Generation,EXEMPT/ROW/400261,EXISTING_ROW_EXEMPT,Competent Authority / Not Applicable (Existing RoW),NOT_APPLICABLE,0.0,0.0,100.0,0,180,0,Project executes within pre-existing sanctioned Right of Way / Plant Boundary.
400062,"Raghunathpur Thermal Power Station Phase II [2X660 MW] at Raghunathpur, Purulia, West Bengal",West Bengal,Electricity Generation,EXEMPT/ROW/400062,EXISTING_ROW_EXEMPT,Competent Authority / Not Applicable (Existing RoW),NOT_APPLICABLE,0.0,0.0,100.0,0,180,0,Project executes within pre-existing sanctioned Right of Way / Plant Boundary.
602184,Rammam-III HEPP [3x40 MW],West Bengal,Electricity Generation,EXEMPT/ROW/602184,EXISTING_ROW_EXEMPT,Competent Authority / Not Applicable (Existing RoW),NOT_APPLICABLE,0.0,0.0,100.0,0,180,0,Project executes within pre-existing sanctioned Right of Way / Plant Boundary.
605156,Rangit-IV HE Project [120 MW]  executed by Jal Power Corporation Ltd. [JPCL] - A wholly owned subsidiary of NHPC Ltd. acquired through NCLT,Sikkim,Electricity Generation,EXEMPT/ROW/605156,EXISTING_ROW_EXEMPT,Competent Authority / Not Applicable (Existing RoW),NOT_APPLICABLE,0.0,0.0,100.0,0,180,0,Project executes within pre-existing sanctioned Right of Way / Plant Boundary.
602535,"Ratle HE Project - 850 MW, Ratle Hydroelectric Power Corporation Limited.",Ladakh,Electricity Generation,EXEMPT/ROW/602535,EXISTING_ROW_EXEMPT,Competent Authority / Not Applicable (Existing RoW),NOT_APPLICABLE,0.0,0.0,100.0,0,180,0,Project executes within pre-existing sanctioned Right of Way / Plant Boundary.
612142,"Singrauli Super Thermal Power Project, Stage-III [2x800 MW]",Madhya Pradesh,Electricity Generation,EXEMPT/ROW/612142,EXISTING_ROW_EXEMPT,Competent Authority / Not Applicable (Existing RoW),NOT_APPLICABLE,0.0,0.0,100.0,0,180,0,Project executes within pre-existing sanctioned Right of Way / Plant Boundary.
617188,"Sipat Super Thermal Power Project, Stage-III [1x800 MW]",Multi-State,Electricity Generation,EXEMPT/ROW/617188,EXISTING_ROW_EXEMPT,Competent Authority / Not Applicable (Existing RoW),NOT_APPLICABLE,0.0,0.0,100.0,0,180,0,Project executes within pre-existing sanctioned Right of Way / Plant Boundary.
602096,Subansiri Lower HE Project [2000 MW],Assam,Electricity Generation,EXEMPT/ROW/602096,EXISTING_ROW_EXEMPT,Competent Authority / Not Applicable (Existing RoW),NOT_APPLICABLE,0.0,0.0,100.0,0,180,0,Project executes within pre-existing sanctioned Right of Way / Plant Boundary.
611586,Sunni Dam Hydro Electric Project [382 MW],Multi-State,Electricity Generation,EXEMPT/ROW/611586,EXISTING_ROW_EXEMPT,Competent Authority / Not Applicable (Existing RoW),NOT_APPLICABLE,0.0,0.0,100.0,0,180,0,Project executes within pre-existing sanctioned Right of Way / Plant Boundary.
602961,Talcher Thermal Power Station Stage III [2 x 660 MW] Expansion,Multi-State,Electricity Generation,EXEMPT/ROW/602961,EXISTING_ROW_EXEMPT,Competent Authority / Not Applicable (Existing RoW),NOT_APPLICABLE,0.0,0.0,100.0,0,180,0,Project executes within pre-existing sanctioned Right of Way / Plant Boundary.
602185,Tapovan-Vishnugad HEP [4x130 MW],Uttarakhand,Electricity Generation,EXEMPT/ROW/602185,EXISTING_ROW_EXEMPT,Competent Authority / Not Applicable (Existing RoW),NOT_APPLICABLE,0.0,0.0,100.0,0,180,0,Project executes within pre-existing sanctioned Right of Way / Plant Boundary.
602181,"TEESTA-VI HE PROJECT, SIKKIM [500 MW], executed by LANCO TEESTA HYDRO POWER LIMITED [A wholly owned Subsidiary of NHPC LTD. acquired through NCLT]",West Bengal,Electricity Generation,EXEMPT/ROW/602181,EXISTING_ROW_EXEMPT,Competent Authority / Not Applicable (Existing RoW),NOT_APPLICABLE,0.0,0.0,100.0,0,180,0,Project executes within pre-existing sanctioned Right of Way / Plant Boundary.
602193,Tehri Pumped Storage Plant Project [4x250 MW],Multi-State,Electricity Generation,EXEMPT/ROW/602193,EXISTING_ROW_EXEMPT,Competent Authority / Not Applicable (Existing RoW),NOT_APPLICABLE,0.0,0.0,100.0,0,180,0,Project executes within pre-existing sanctioned Right of Way / Plant Boundary.
619341,"Telangana Super Thermal Power Project , Stage-II [3 x 800 MW]",Multi-State,Electricity Generation,EXEMPT/ROW/619341,EXISTING_ROW_EXEMPT,Competent Authority / Not Applicable (Existing RoW),NOT_APPLICABLE,0.0,0.0,100.0,0,180,0,Project executes within pre-existing sanctioned Right of Way / Plant Boundary.
602195,Vishnugad Pipalkoti Hydro Electric Project [444 MW],Multi-State,Electricity Generation,EXEMPT/ROW/602195,EXISTING_ROW_EXEMPT,Competent Authority / Not Applicable (Existing RoW),NOT_APPLICABLE,0.0,0.0,100.0,0,180,0,Project executes within pre-existing sanctioned Right of Way / Plant Boundary.
604833,"Andheri Residential Towers, Mumbai",Maharashtra,Energy Storage,EXEMPT/ROW/604833,EXISTING_ROW_EXEMPT,Competent Authority / Not Applicable (Existing RoW),NOT_APPLICABLE,0.0,0.0,100.0,0,180,0,Project executes within pre-existing sanctioned Right of Way / Plant Boundary.
617839,Capacity Augmentation of Kandla LPG Import Terminal [KLIT] from 0.6 MMTPA to 2.5 MMTPA,Gujarat,Energy Storage,EXEMPT/ROW/617839,EXISTING_ROW_EXEMPT,Competent Authority / Not Applicable (Existing RoW),NOT_APPLICABLE,0.0,0.0,100.0,0,180,0,Project executes within pre-existing sanctioned Right of Way / Plant Boundary.
701269,"Construction of 80,000 MT LPG Cavern at Mangalore",Karnataka,Energy Storage,EXEMPT/ROW/701269,EXISTING_ROW_EXEMPT,Competent Authority / Not Applicable (Existing RoW),NOT_APPLICABLE,0.0,0.0,100.0,0,180,0,Project executes within pre-existing sanctioned Right of Way / Plant Boundary.
616235,Construction of Aviation Fuel farm Facilities at Bhogapuram Airport,Andhra Pradesh,Energy Storage,EXEMPT/ROW/616235,EXISTING_ROW_EXEMPT,Competent Authority / Not Applicable (Existing RoW),NOT_APPLICABLE,0.0,0.0,100.0,0,180,0,Project executes within pre-existing sanctioned Right of Way / Plant Boundary.
709754,"Construction of LPG Facilities at Kamardanga, Assam",Multi-State,Energy Storage,EXEMPT/ROW/709754,EXISTING_ROW_EXEMPT,Competent Authority / Not Applicable (Existing RoW),NOT_APPLICABLE,0.0,0.0,100.0,0,180,0,Project executes within pre-existing sanctioned Right of Way / Plant Boundary.
400077,"Grass root POL Terminal at Vallur, Chennai",Tamil Nadu,Energy Storage,EXEMPT/ROW/400077,EXISTING_ROW_EXEMPT,Competent Authority / Not Applicable (Existing RoW),NOT_APPLICABLE,0.0,0.0,100.0,0,180,0,Project executes within pre-existing sanctioned Right of Way / Plant Boundary.
400035,"Grass Root Rail-fed Depot at Sekerkote, Agartala as resitement of existing Dharmanagar Depot",Tripura,Energy Storage,EXEMPT/ROW/400035,EXISTING_ROW_EXEMPT,Competent Authority / Not Applicable (Existing RoW),NOT_APPLICABLE,0.0,0.0,100.0,0,180,0,Project executes within pre-existing sanctioned Right of Way / Plant Boundary.
604852,"Grass-root Terminal at Mirzapur, Uttar Pradesh",Uttar Pradesh,Energy Storage,EXEMPT/ROW/604852,EXISTING_ROW_EXEMPT,Competent Authority / Not Applicable (Existing RoW),NOT_APPLICABLE,0.0,0.0,100.0,0,180,0,Project executes within pre-existing sanctioned Right of Way / Plant Boundary.
400012,Kandla Gorakhpur LPG Pipeline,Gujarat,Energy Storage,EXEMPT/ROW/400012,EXISTING_ROW_EXEMPT,Competent Authority / Not Applicable (Existing RoW),NOT_APPLICABLE,0.0,0.0,100.0,0,180,0,Project executes within pre-existing sanctioned Right of Way / Plant Boundary.
400043,Laying of POL Pipelines in Common Corridor for proposed grass root terminal at Vallur [Chennai],Tamil Nadu,Energy Storage,EXEMPT/ROW/400043,EXISTING_ROW_EXEMPT,Competent Authority / Not Applicable (Existing RoW),NOT_APPLICABLE,0.0,0.0,100.0,0,180,0,Project executes within pre-existing sanctioned Right of Way / Plant Boundary.
617829,LPG Bottling Plant at Mualkhang,Mizoram,Energy Storage,EXEMPT/ROW/617829,EXISTING_ROW_EXEMPT,Competent Authority / Not Applicable (Existing RoW),NOT_APPLICABLE,0.0,0.0,100.0,0,180,0,Project executes within pre-existing sanctioned Right of Way / Plant Boundary.
400301,Multi Product Pipeline from Irugur to Devangonthi,Karnataka,Energy Storage,EXEMPT/ROW/400301,EXISTING_ROW_EXEMPT,Competent Authority / Not Applicable (Existing RoW),NOT_APPLICABLE,0.0,0.0,100.0,0,180,0,Project executes within pre-existing sanctioned Right of Way / Plant Boundary.
400078,New Mundra Panipat Crude Oil Pipeline,Gujarat,Energy Storage,EXEMPT/ROW/400078,EXISTING_ROW_EXEMPT,Competent Authority / Not Applicable (Existing RoW),NOT_APPLICABLE,0.0,0.0,100.0,0,180,0,Project executes within pre-existing sanctioned Right of Way / Plant Boundary.
701349,Paradip-Numaligarh Crude Oil Pipeline [PNCPL] & Crude Oil Import Terminal [COIT] at Paradip,Odisha,Energy Storage,EXEMPT/ROW/701349,EXISTING_ROW_EXEMPT,Competent Authority / Not Applicable (Existing RoW),NOT_APPLICABLE,0.0,0.0,100.0,0,180,0,Project executes within pre-existing sanctioned Right of Way / Plant Boundary.
709759,"Petrochemical evacuation marketing terminal at Barmer, Rajasthan",Rajasthan,Energy Storage,EXEMPT/ROW/709759,EXISTING_ROW_EXEMPT,Competent Authority / Not Applicable (Existing RoW),NOT_APPLICABLE,0.0,0.0,100.0,0,180,0,Project executes within pre-existing sanctioned Right of Way / Plant Boundary.
701263,Rajasthan Refinery Project,Rajasthan,Energy Storage,EXEMPT/ROW/701263,EXISTING_ROW_EXEMPT,Competent Authority / Not Applicable (Existing RoW),NOT_APPLICABLE,0.0,0.0,100.0,0,180,0,Project executes within pre-existing sanctioned Right of Way / Plant Boundary.
400235,"Setting up a common user Petroleum Terminal at Jammu, J&K for resitement of existing PSU OMC's Depots from Jammu City",Jammu and Kashmir,Energy Storage,EXEMPT/ROW/400235,EXISTING_ROW_EXEMPT,Competent Authority / Not Applicable (Existing RoW),NOT_APPLICABLE,0.0,0.0,100.0,0,180,0,Project executes within pre-existing sanctioned Right of Way / Plant Boundary.
619313,Setting up of 50 MW [plus/minus 5 percent] Wind Power Plant for Captive Consumption at MR,Multi-State,Energy Storage,EXEMPT/ROW/619313,EXISTING_ROW_EXEMPT,Competent Authority / Not Applicable (Existing RoW),NOT_APPLICABLE,0.0,0.0,100.0,0,180,0,Project executes within pre-existing sanctioned Right of Way / Plant Boundary.
709755,"Setting up of new rail fed POL facility at Kamardanga, Assam",Multi-State,Energy Storage,EXEMPT/ROW/709755,EXISTING_ROW_EXEMPT,Competent Authority / Not Applicable (Existing RoW),NOT_APPLICABLE,0.0,0.0,100.0,0,180,0,Project executes within pre-existing sanctioned Right of Way / Plant Boundary.
701343,Srikakulam Angul Gas Pipeline Project,Multi-State,Energy Storage,EXEMPT/ROW/701343,EXISTING_ROW_EXEMPT,Competent Authority / Not Applicable (Existing RoW),NOT_APPLICABLE,0.0,0.0,100.0,0,180,0,Project executes within pre-existing sanctioned Right of Way / Plant Boundary.
701171,AIIMS Bibinagar,Telangana,Healthcare,EXEMPT/ROW/701171,EXISTING_ROW_EXEMPT,Competent Authority / Not Applicable (Existing RoW),NOT_APPLICABLE,0.0,0.0,100.0,0,180,0,Project executes within pre-existing sanctioned Right of Way / Plant Boundary.
701172,AIIMS Darbhanga,Multi-State,Healthcare,EXEMPT/ROW/701172,EXISTING_ROW_EXEMPT,Competent Authority / Not Applicable (Existing RoW),NOT_APPLICABLE,0.0,0.0,100.0,0,180,0,Project executes within pre-existing sanctioned Right of Way / Plant Boundary.
701167,AIIMS Kashmir at Awantipora Jammu & Kashmir,Jammu and Kashmir,Healthcare,EXEMPT/ROW/701167,EXISTING_ROW_EXEMPT,Competent Authority / Not Applicable (Existing RoW),NOT_APPLICABLE,0.0,0.0,100.0,0,180,0,Project executes within pre-existing sanctioned Right of Way / Plant Boundary.
701173,AIIMS Majra Rewari Haryana,Multi-State,Healthcare,EXEMPT/ROW/701173,EXISTING_ROW_EXEMPT,Competent Authority / Not Applicable (Existing RoW),NOT_APPLICABLE,0.0,0.0,100.0,0,180,0,Project executes within pre-existing sanctioned Right of Way / Plant Boundary.
701170,AIIMS Rajkot,Gujarat,Healthcare,EXEMPT/ROW/701170,EXISTING_ROW_EXEMPT,Competent Authority / Not Applicable (Existing RoW),NOT_APPLICABLE,0.0,0.0,100.0,0,180,0,Project executes within pre-existing sanctioned Right of Way / Plant Boundary.
701168,ALL India Institute of Medical Sciences-AIIMS  Madurai,Tamil Nadu,Healthcare,EXEMPT/ROW/701168,EXISTING_ROW_EXEMPT,Competent Authority / Not Applicable (Existing RoW),NOT_APPLICABLE,0.0,0.0,100.0,0,180,0,Project executes within pre-existing sanctioned Right of Way / Plant Boundary.
707019,Establishment of new GMC Buxar,Multi-State,Healthcare,EXEMPT/ROW/707019,EXISTING_ROW_EXEMPT,Competent Authority / Not Applicable (Existing RoW),NOT_APPLICABLE,0.0,0.0,100.0,0,180,0,Project executes within pre-existing sanctioned Right of Way / Plant Boundary.
707022,Establishment of new GMC Chaibasa [Singhbhum],Multi-State,Healthcare,EXEMPT/ROW/707022,EXISTING_ROW_EXEMPT,Competent Authority / Not Applicable (Existing RoW),NOT_APPLICABLE,0.0,0.0,100.0,0,180,0,Project executes within pre-existing sanctioned Right of Way / Plant Boundary.
707039,Establishment of new GMC Gangtok,Multi-State,Healthcare,EXEMPT/ROW/707039,EXISTING_ROW_EXEMPT,Competent Authority / Not Applicable (Existing RoW),NOT_APPLICABLE,0.0,0.0,100.0,0,180,0,Project executes within pre-existing sanctioned Right of Way / Plant Boundary.
706988,Establishment of new GMC Gondia,Multi-State,Healthcare,EXEMPT/ROW/706988,EXISTING_ROW_EXEMPT,Competent Authority / Not Applicable (Existing RoW),NOT_APPLICABLE,0.0,0.0,100.0,0,180,0,Project executes within pre-existing sanctioned Right of Way / Plant Boundary.
707052,Establishment of new GMC Handwara [Distt. Kupwara],Multi-State,Healthcare,EXEMPT/ROW/707052,EXISTING_ROW_EXEMPT,Competent Authority / Not Applicable (Existing RoW),NOT_APPLICABLE,0.0,0.0,100.0,0,180,0,Project executes within pre-existing sanctioned Right of Way / Plant Boundary.
707070,Establishment of new GMC Hoshiarpur,Multi-State,Healthcare,EXEMPT/ROW/707070,EXISTING_ROW_EXEMPT,Competent Authority / Not Applicable (Existing RoW),NOT_APPLICABLE,0.0,0.0,100.0,0,180,0,Project executes within pre-existing sanctioned Right of Way / Plant Boundary.
707020,Establishment of new GMC Jamui,Multi-State,Healthcare,EXEMPT/ROW/707020,EXISTING_ROW_EXEMPT,Competent Authority / Not Applicable (Existing RoW),NOT_APPLICABLE,0.0,0.0,100.0,0,180,0,Project executes within pre-existing sanctioned Right of Way / Plant Boundary.
707017,Establishment of new GMC Jhanjharpur,Multi-State,Healthcare,EXEMPT/ROW/707017,EXISTING_ROW_EXEMPT,Competent Authority / Not Applicable (Existing RoW),NOT_APPLICABLE,0.0,0.0,100.0,0,180,0,Project executes within pre-existing sanctioned Right of Way / Plant Boundary.
707046,Establishment of new GMC Kanker,Multi-State,Healthcare,EXEMPT/ROW/707046,EXISTING_ROW_EXEMPT,Competent Authority / Not Applicable (Existing RoW),NOT_APPLICABLE,0.0,0.0,100.0,0,180,0,Project executes within pre-existing sanctioned Right of Way / Plant Boundary.
707069,Establishment of new GMC Kapurthala,Multi-State,Healthcare,EXEMPT/ROW/707069,EXISTING_ROW_EXEMPT,Competent Authority / Not Applicable (Existing RoW),NOT_APPLICABLE,0.0,0.0,100.0,0,180,0,Project executes within pre-existing sanctioned Right of Way / Plant Boundary.
707021,Establishment of new GMC Koderma,Multi-State,Healthcare,EXEMPT/ROW/707021,EXISTING_ROW_EXEMPT,Competent Authority / Not Applicable (Existing RoW),NOT_APPLICABLE,0.0,0.0,100.0,0,180,0,Project executes within pre-existing sanctioned Right of Way / Plant Boundary.
707044,Establishment of new GMC Korba,Chhattisgarh,Healthcare,EXEMPT/ROW/707044,EXISTING_ROW_EXEMPT,Competent Authority / Not Applicable (Existing RoW),NOT_APPLICABLE,0.0,0.0,100.0,0,180,0,Project executes within pre-existing sanctioned Right of Way / Plant Boundary.
707057,Establishment of new GMC Leh,Multi-State,Healthcare,EXEMPT/ROW/707057,EXISTING_ROW_EXEMPT,Competent Authority / Not Applicable (Existing RoW),NOT_APPLICABLE,0.0,0.0,100.0,0,180,0,Project executes within pre-existing sanctioned Right of Way / Plant Boundary.
707045,Establishment of new GMC Mahasamund,Multi-State,Healthcare,EXEMPT/ROW/707045,EXISTING_ROW_EXEMPT,Competent Authority / Not Applicable (Existing RoW),NOT_APPLICABLE,0.0,0.0,100.0,0,180,0,Project executes within pre-existing sanctioned Right of Way / Plant Boundary.
707059,Establishment of new GMC Mandla,Multi-State,Healthcare,EXEMPT/ROW/707059,EXISTING_ROW_EXEMPT,Competent Authority / Not Applicable (Existing RoW),NOT_APPLICABLE,0.0,0.0,100.0,0,180,0,Project executes within pre-existing sanctioned Right of Way / Plant Boundary.
707067,Establishment of new GMC Mon,Multi-State,Healthcare,EXEMPT/ROW/707067,EXISTING_ROW_EXEMPT,Competent Authority / Not Applicable (Existing RoW),NOT_APPLICABLE,0.0,0.0,100.0,0,180,0,Project executes within pre-existing sanctioned Right of Way / Plant Boundary.
707049,Establishment of new GMC Panchmahal,Multi-State,Healthcare,EXEMPT/ROW/707049,EXISTING_ROW_EXEMPT,Competent Authority / Not Applicable (Existing RoW),NOT_APPLICABLE,0.0,0.0,100.0,0,180,0,Project executes within pre-existing sanctioned Right of Way / Plant Boundary.
707087,Establishment of new GMC Pithoragarh,Multi-State,Healthcare,EXEMPT/ROW/707087,EXISTING_ROW_EXEMPT,Competent Authority / Not Applicable (Existing RoW),NOT_APPLICABLE,0.0,0.0,100.0,0,180,0,Project executes within pre-existing sanctioned Right of Way / Plant Boundary.
707050,Establishment of new GMC Porbandar,Gujarat,Healthcare,EXEMPT/ROW/707050,EXISTING_ROW_EXEMPT,Competent Authority / Not Applicable (Existing RoW),NOT_APPLICABLE,0.0,0.0,100.0,0,180,0,Project executes within pre-existing sanctioned Right of Way / Plant Boundary.
707058,Establishment of new GMC Rajgarh,Multi-State,Healthcare,EXEMPT/ROW/707058,EXISTING_ROW_EXEMPT,Competent Authority / Not Applicable (Existing RoW),NOT_APPLICABLE,0.0,0.0,100.0,0,180,0,Project executes within pre-existing sanctioned Right of Way / Plant Boundary.
707086,Establishment of new GMC Rudrapur,Multi-State,Healthcare,EXEMPT/ROW/707086,EXISTING_ROW_EXEMPT,Competent Authority / Not Applicable (Existing RoW),NOT_APPLICABLE,0.0,0.0,100.0,0,180,0,Project executes within pre-existing sanctioned Right of Way / Plant Boundary.
706966,Establishment of new GMC Samastipur,Multi-State,Healthcare,EXEMPT/ROW/706966,EXISTING_ROW_EXEMPT,Competent Authority / Not Applicable (Existing RoW),NOT_APPLICABLE,0.0,0.0,100.0,0,180,0,Project executes within pre-existing sanctioned Right of Way / Plant Boundary.
706965,Establishment of new GMC Saran [Chhapara],Multi-State,Healthcare,EXEMPT/ROW/706965,EXISTING_ROW_EXEMPT,Competent Authority / Not Applicable (Existing RoW),NOT_APPLICABLE,0.0,0.0,100.0,0,180,0,Project executes within pre-existing sanctioned Right of Way / Plant Boundary.
707016,Establishment of new GMC Sitamarhi,Multi-State,Healthcare,EXEMPT/ROW/707016,EXISTING_ROW_EXEMPT,Competent Authority / Not Applicable (Existing RoW),NOT_APPLICABLE,0.0,0.0,100.0,0,180,0,Project executes within pre-existing sanctioned Right of Way / Plant Boundary.
707018,Establishment of new GMC Siwan,Multi-State,Healthcare,EXEMPT/ROW/707018,EXISTING_ROW_EXEMPT,Competent Authority / Not Applicable (Existing RoW),NOT_APPLICABLE,0.0,0.0,100.0,0,180,0,Project executes within pre-existing sanctioned Right of Way / Plant Boundary.
707051,Establishment of new GMc Udhampur,Multi-State,Healthcare,EXEMPT/ROW/707051,EXISTING_ROW_EXEMPT,Competent Authority / Not Applicable (Existing RoW),NOT_APPLICABLE,0.0,0.0,100.0,0,180,0,Project executes within pre-existing sanctioned Right of Way / Plant Boundary.
706989,Establishment of new GMC West Garo Hills [Tura],Multi-State,Healthcare,EXEMPT/ROW/706989,EXISTING_ROW_EXEMPT,Competent Authority / Not Applicable (Existing RoW),NOT_APPLICABLE,0.0,0.0,100.0,0,180,0,Project executes within pre-existing sanctioned Right of Way / Plant Boundary.
617883,"Redevelopment of Residential colonies at Ayur Vigyan Nagar and West Ansari Nagar campuses of AIIMS, New Delhi",Delhi,Healthcare,EXEMPT/ROW/617883,EXISTING_ROW_EXEMPT,Competent Authority / Not Applicable (Existing RoW),NOT_APPLICABLE,0.0,0.0,100.0,0,180,0,Project executes within pre-existing sanctioned Right of Way / Plant Boundary.
617882,"Setting up IT Infrastructure including Network Security and Hosting at AIIMS, New Delhi",Delhi,Healthcare,EXEMPT/ROW/617882,EXISTING_ROW_EXEMPT,Competent Authority / Not Applicable (Existing RoW),NOT_APPLICABLE,0.0,0.0,100.0,0,180,0,Project executes within pre-existing sanctioned Right of Way / Plant Boundary.
612186,350 Bedded [Upgradable to 500 beds] ESI Hospital at Sanand,Gujarat,Healthcare,EXEMPT/ROW/612186,EXISTING_ROW_EXEMPT,Competent Authority / Not Applicable (Existing RoW),NOT_APPLICABLE,0.0,0.0,100.0,0,180,0,Project executes within pre-existing sanctioned Right of Way / Plant Boundary.
612185,C/o Construction of 200 bedded [Up-gradable to 300 bedded] ESI Hospital at Surat Gujarat.,Gujarat,Healthcare,EXEMPT/ROW/612185,EXISTING_ROW_EXEMPT,Competent Authority / Not Applicable (Existing RoW),NOT_APPLICABLE,0.0,0.0,100.0,0,180,0,Project executes within pre-existing sanctioned Right of Way / Plant Boundary.
612748,"Construction of 100 bed ESI Hospital and Staff Quarters [32 Nos.] at Harohalli, Karnataka",Karnataka,Healthcare,EXEMPT/ROW/612748,EXISTING_ROW_EXEMPT,Competent Authority / Not Applicable (Existing RoW),NOT_APPLICABLE,0.0,0.0,100.0,0,180,0,Project executes within pre-existing sanctioned Right of Way / Plant Boundary.
612513,"Construction of 100 Bedded ESI Hospital at Duburi, Odisha.",Odisha,Healthcare,EXEMPT/ROW/612513,EXISTING_ROW_EXEMPT,Competent Authority / Not Applicable (Existing RoW),NOT_APPLICABLE,0.0,0.0,100.0,0,180,0,Project executes within pre-existing sanctioned Right of Way / Plant Boundary.
612239,Construction of 100 bedded ESIC Hospital & 32 nos. of Staff qtrs at OMPURA J&K.,Multi-State,Healthcare,EXEMPT/ROW/612239,EXISTING_ROW_EXEMPT,Competent Authority / Not Applicable (Existing RoW),NOT_APPLICABLE,0.0,0.0,100.0,0,180,0,Project executes within pre-existing sanctioned Right of Way / Plant Boundary.
612178,"Construction of 100 Bedded ESIC Hospital building and 32 Nos Residential Quarters at Vallam Vadangal, SIPCOT, Sriperumbudur",Multi-State,Healthcare,EXEMPT/ROW/612178,EXISTING_ROW_EXEMPT,Competent Authority / Not Applicable (Existing RoW),NOT_APPLICABLE,0.0,0.0,100.0,0,180,0,Project executes within pre-existing sanctioned Right of Way / Plant Boundary.
612745,"Construction of 200 bed ESI Hospital at Bommasandra, Karnataka",Karnataka,Healthcare,EXEMPT/ROW/612745,EXISTING_ROW_EXEMPT,Competent Authority / Not Applicable (Existing RoW),NOT_APPLICABLE,0.0,0.0,100.0,0,180,0,Project executes within pre-existing sanctioned Right of Way / Plant Boundary.
612188,"Construction of 200 Bedded [Upgradable to 500 Bedded including 50 beds of SST] ESIC Hospital at Bibewadi, Pune",Maharashtra,Healthcare,EXEMPT/ROW/612188,EXISTING_ROW_EXEMPT,Competent Authority / Not Applicable (Existing RoW),NOT_APPLICABLE,0.0,0.0,100.0,0,180,0,Project executes within pre-existing sanctioned Right of Way / Plant Boundary.
612213,"Construction of 200 Bedded ESIC Hospital at Butibori, Nagpur, Maharashtra.",Maharashtra,Healthcare,EXEMPT/ROW/612213,EXISTING_ROW_EXEMPT,Competent Authority / Not Applicable (Existing RoW),NOT_APPLICABLE,0.0,0.0,100.0,0,180,0,Project executes within pre-existing sanctioned Right of Way / Plant Boundary.
612201,"Construction of 200 bedded ESIC Hospital with 62 Nos Staff quarters , Beltola",Multi-State,Healthcare,EXEMPT/ROW/612201,EXISTING_ROW_EXEMPT,Competent Authority / Not Applicable (Existing RoW),NOT_APPLICABLE,0.0,0.0,100.0,0,180,0,Project executes within pre-existing sanctioned Right of Way / Plant Boundary.
612259,CONSTRUCTION OF 300 BEDDED HOSPITAL AT HARIDWAR,Uttarakhand,Healthcare,EXEMPT/ROW/612259,EXISTING_ROW_EXEMPT,Competent Authority / Not Applicable (Existing RoW),NOT_APPLICABLE,0.0,0.0,100.0,0,180,0,Project executes within pre-existing sanctioned Right of Way / Plant Boundary.
612167,"Construction of 350 beds + 50 Super Specialty beds ESIC Hospital Sheelanagar, Visakhapatnam, Andhra Pradesh",Andhra Pradesh,Healthcare,EXEMPT/ROW/612167,EXISTING_ROW_EXEMPT,Competent Authority / Not Applicable (Existing RoW),NOT_APPLICABLE,0.0,0.0,100.0,0,180,0,Project executes within pre-existing sanctioned Right of Way / Plant Boundary.
612688,"Construction of New OPD Block 200 Bed ward Basement + GF + 6 Floors at the location of old OPD block, at existing ESIC Hospital/ Medical college campus, Sanathnagar, Hyderabad",Telangana,Healthcare,EXEMPT/ROW/612688,EXISTING_ROW_EXEMPT,Competent Authority / Not Applicable (Existing RoW),NOT_APPLICABLE,0.0,0.0,100.0,0,180,0,Project executes within pre-existing sanctioned Right of Way / Plant Boundary.
612211,"Demolition, Construction and upgradation of ESI Hospital, Kalol, Gujarat from 50 beds to 150 beds.",Multi-State,Healthcare,EXEMPT/ROW/612211,EXISTING_ROW_EXEMPT,Competent Authority / Not Applicable (Existing RoW),NOT_APPLICABLE,0.0,0.0,100.0,0,180,0,Project executes within pre-existing sanctioned Right of Way / Plant Boundary.
616691,"Upgradation & Extension of ESIC Hospital and Construction of PG Hostel / Staff Housing for ESIC Hospital at Andheri, Mumbai",Maharashtra,Healthcare,EXEMPT/ROW/616691,EXISTING_ROW_EXEMPT,Competent Authority / Not Applicable (Existing RoW),NOT_APPLICABLE,0.0,0.0,100.0,0,180,0,Project executes within pre-existing sanctioned Right of Way / Plant Boundary.
708662,Establishment of 600 bed super specialty hospital with optional development of Medical college and further expansion on PPP basis.,Multi-State,Healthcare,EXEMPT/ROW/708662,EXISTING_ROW_EXEMPT,Competent Authority / Not Applicable (Existing RoW),NOT_APPLICABLE,0.0,0.0,100.0,0,180,0,Project executes within pre-existing sanctioned Right of Way / Plant Boundary.
702668,Chennai Metro Rail Phase-II Development Project,Tamil Nadu,Inland Waterways,EXEMPT/ROW/702668,EXISTING_ROW_EXEMPT,Competent Authority / Not Applicable (Existing RoW),NOT_APPLICABLE,0.0,0.0,100.0,0,180,0,Project executes within pre-existing sanctioned Right of Way / Plant Boundary.
609424,"Development of Container Terminal at Tuna-Tekra, Deendayal Port on BOT Basis Under PPP Mode",Multi-State,Shipping,S.O. 2256(E)/2018,RFCTLARR_SEC_19,Competent Authority Land Acquisition (CALA) / SDM Multi-State Central Revenue Division,APPROVED,46.0,46.0,100.0,59,180,0,100% land possession handed over to executing agency under Section 3D/19 mutation certificate.
611142,Fairway Development in West Bengal Farakka - Kahelgaon,Multi-State,Inland Waterways,EXEMPT/ROW/611142,EXISTING_ROW_EXEMPT,Competent Authority / Not Applicable (Existing RoW),NOT_APPLICABLE,0.0,0.0,100.0,0,180,0,Project executes within pre-existing sanctioned Right of Way / Plant Boundary.
701565,Jal Marg Vikas Project,Multi-State,Inland Waterways,EXEMPT/ROW/701565,EXISTING_ROW_EXEMPT,Competent Authority / Not Applicable (Existing RoW),NOT_APPLICABLE,0.0,0.0,100.0,0,180,0,Project executes within pre-existing sanctioned Right of Way / Plant Boundary.
705515,3rd & 4th Railway Line Project from Salegaon to Budhapank via Rajathgarh.,Multi-State,Inland Waterways,EXEMPT/ROW/705515,EXISTING_ROW_EXEMPT,Competent Authority / Not Applicable (Existing RoW),NOT_APPLICABLE,0.0,0.0,100.0,0,180,0,Project executes within pre-existing sanctioned Right of Way / Plant Boundary.
705742,Jeypore-Malkanagiri New Railway Line Project,Odisha,Inland Waterways,EXEMPT/ROW/705742,EXISTING_ROW_EXEMPT,Competent Authority / Not Applicable (Existing RoW),NOT_APPLICABLE,0.0,0.0,100.0,0,180,0,Project executes within pre-existing sanctioned Right of Way / Plant Boundary.
705741,Jeypore-Navarangpur New  Rail Line Project,Odisha,Inland Waterways,EXEMPT/ROW/705741,EXISTING_ROW_EXEMPT,Competent Authority / Not Applicable (Existing RoW),NOT_APPLICABLE,0.0,0.0,100.0,0,180,0,Project executes within pre-existing sanctioned Right of Way / Plant Boundary.
707410,Integrated Multi Modal Logistics Hub at Nangal Chaudhary in Haryana - Other Trunk Infrastructure Development Phase 1,Haryana,Logistics Infrastructure,EXEMPT/ROW/707410,EXISTING_ROW_EXEMPT,Competent Authority / Not Applicable (Existing RoW),NOT_APPLICABLE,0.0,0.0,100.0,0,180,0,Project executes within pre-existing sanctioned Right of Way / Plant Boundary.
707414,Multi Modal Transport Hub [MMTH] Project at Boraki in Greater Noida - Infrastructure Development - Phase 1,Uttar Pradesh,Logistics Infrastructure,EXEMPT/ROW/707414,EXISTING_ROW_EXEMPT,Competent Authority / Not Applicable (Existing RoW),NOT_APPLICABLE,0.0,0.0,100.0,0,180,0,Project executes within pre-existing sanctioned Right of Way / Plant Boundary.
701570,"Replacement and revamping of pipeline projects in oil jetty area, Kandla",Gujarat,Shipping,EXEMPT/ROW/701570,EXISTING_ROW_EXEMPT,Competent Authority / Not Applicable (Existing RoW),NOT_APPLICABLE,0.0,0.0,100.0,0,180,0,Project executes within pre-existing sanctioned Right of Way / Plant Boundary.
709832,25.5 MW WIND POWER PROJECT AT KAYATHAR IN TAMILNADU,Multi-State,Metals & Mining,S.O. 4843(E)/2021,RFCTLARR_SEC_19,Competent Authority Land Acquisition (CALA) / SDM Multi-State Central Revenue Division,QUERY_RAISED,58.0,42.34,73.0,192,180,1,Section 3H disbursement in progress; joint revenue measurement (JGM) completed for 73.0% alignment.
709830,CONVERSION OF FLAT BOTTOM SETTLERS AND WASHERS WITH A SINGLE TRAIN OF HRDS AND DCWS IN STREAMS 1 AND,Multi-State,Metals & Mining,S.O. 3690(E)/2022,RFCTLARR_SEC_19,Competent Authority Land Acquisition (CALA) / SDM Multi-State Central Revenue Division,APPROVED,65.0,65.0,100.0,82,180,0,100% land possession handed over to executing agency under Section 3D/19 mutation certificate.
400141,Expansion of Alumina Refinery Plant with addition of 5th Stream having capacity enhancement of 1.0 Million Tonee Per Annum,Multi-State,Metals & Mining,S.O. 4262(E)/2023,RFCTLARR_SEC_19,Competent Authority Land Acquisition (CALA) / SDM Multi-State Central Revenue Division,LOOPBACK,67.0,44.89,67.0,600,180,1,CALA Section 3G compensation award disputed in District Court; physical possession stalled for 22.1 Ha.
400426,Expansion of Malanjkhand Copper Project,Madhya Pradesh,Metals & Mining,S.O. 4465(E)/2021,RFCTLARR_SEC_19,Competent Authority Land Acquisition (CALA) / SDM Madhya Central Revenue Division,LOOPBACK,70.0,42.0,60.0,600,180,1,CALA Section 3G compensation award disputed in District Court; physical possession stalled for 28.0 Ha.
400299,Pottangi Bauxite Mines Project,Multi-State,Metals & Mining,S.O. 1103(E)/2023,RFCTLARR_SEC_19,Competent Authority Land Acquisition (CALA) / SDM Multi-State Central Revenue Division,QUERY_RAISED,43.0,31.39,73.0,220,180,1,Section 3H disbursement in progress; joint revenue measurement (JGM) completed for 73.0% alignment.
611798,Rakha Underground Mining Project,Multi-State,Metals & Mining,S.O. 4908(E)/2019,RFCTLARR_SEC_19,Competent Authority Land Acquisition (CALA) / SDM Multi-State Central Revenue Division,APPROVED,68.0,68.0,100.0,100,180,0,100% land possession handed over to executing agency under Section 3D/19 mutation certificate.
709831,SOURCING OF BAUXITE ARRANGEMENT FOR 5TH STREAM ALUMINA REFINERY FROM SOUTH BLOCK MINING LEASE OF PANCHPATMAILI MINES,Multi-State,Metals & Mining,S.O. 5066(E)/2019,RFCTLARR_SEC_19,Competent Authority Land Acquisition (CALA) / SDM Multi-State Central Revenue Division,QUERY_RAISED,56.0,42.56,76.0,208,180,1,Section 3H disbursement in progress; joint revenue measurement (JGM) completed for 76.0% alignment.
611800,Surda Underground Copper Mining Project,Multi-State,Metals & Mining,S.O. 1172(E)/2023,RFCTLARR_SEC_19,Competent Authority Land Acquisition (CALA) / SDM Multi-State Central Revenue Division,APPROVED,67.0,67.0,100.0,65,180,0,100% land possession handed over to executing agency under Section 3D/19 mutation certificate.
709829,UTKAL D AND E COAL BLOCK,Jharkhand,Metals & Mining,S.O. 1245(E)/2018,RFCTLARR_SEC_19,Competent Authority Land Acquisition (CALA) / SDM Jharkhand Central Revenue Division,APPROVED,60.0,60.0,100.0,103,180,0,100% land possession handed over to executing agency under Section 3D/19 mutation certificate.
615202,Capacity expansion of Deposit-14 and 14 NMZ at Kirandul,Chhattisgarh,Metals & Mining,S.O. 1787(E)/2021,RFCTLARR_SEC_19,Competent Authority Land Acquisition (CALA) / SDM Chhattisgarh Central Revenue Division,APPROVED,57.0,57.0,100.0,45,180,0,100% land possession handed over to executing agency under Section 3D/19 mutation certificate.
400171,2G Ethanol Biorefinery at Bathinda,Punjab,Oil & Gas,EXEMPT/ROW/400171,EXISTING_ROW_EXEMPT,Competent Authority / Not Applicable (Existing RoW),NOT_APPLICABLE,0.0,0.0,100.0,0,180,0,Project executes within pre-existing sanctioned Right of Way / Plant Boundary.
400168,"500 KTA PDHPP Project, Usar",Multi-State,Oil & Gas,EXEMPT/ROW/400168,EXISTING_ROW_EXEMPT,Competent Authority / Not Applicable (Existing RoW),NOT_APPLICABLE,0.0,0.0,100.0,0,180,0,Project executes within pre-existing sanctioned Right of Way / Plant Boundary.
709801,71 MWp [DC] Solar power project at Prayagraj,Uttar Pradesh,Oil & Gas,EXEMPT/ROW/709801,EXISTING_ROW_EXEMPT,Competent Authority / Not Applicable (Existing RoW),NOT_APPLICABLE,0.0,0.0,100.0,0,180,0,Project executes within pre-existing sanctioned Right of Way / Plant Boundary.
604792,"Assam Bio Refinery, ABRPL",Multi-State,Oil & Gas,EXEMPT/ROW/604792,EXISTING_ROW_EXEMPT,Competent Authority / Not Applicable (Existing RoW),NOT_APPLICABLE,0.0,0.0,100.0,0,180,0,Project executes within pre-existing sanctioned Right of Way / Plant Boundary.
617822,ATF Pipeline from BPCLs Malkapur POL Installation to  Hyderabad International airport,Telangana,Oil & Gas,EXEMPT/ROW/617822,EXISTING_ROW_EXEMPT,Competent Authority / Not Applicable (Existing RoW),NOT_APPLICABLE,0.0,0.0,100.0,0,180,0,Project executes within pre-existing sanctioned Right of Way / Plant Boundary.
709782,ATF Pipeline from Jawaharlal Nehru Port Trust to Navi Mumbai International Airport,Maharashtra,Oil & Gas,EXEMPT/ROW/709782,EXISTING_ROW_EXEMPT,Competent Authority / Not Applicable (Existing RoW),NOT_APPLICABLE,0.0,0.0,100.0,0,180,0,Project executes within pre-existing sanctioned Right of Way / Plant Boundary.
617838,Augmentation of CCKPL and IDPL Pipelines capacity along with setting up of Palakkad TOP,Multi-State,Oil & Gas,EXEMPT/ROW/617838,EXISTING_ROW_EXEMPT,Competent Authority / Not Applicable (Existing RoW),NOT_APPLICABLE,0.0,0.0,100.0,0,180,0,Project executes within pre-existing sanctioned Right of Way / Plant Boundary.
619224,Augmentation of DUPL-DPPL Pipeline,Multi-State,Oil & Gas,EXEMPT/ROW/619224,EXISTING_ROW_EXEMPT,Competent Authority / Not Applicable (Existing RoW),NOT_APPLICABLE,0.0,0.0,100.0,0,180,0,Project executes within pre-existing sanctioned Right of Way / Plant Boundary.
709786,"Augmentation/ Revamping of Dimapur Depot, Dimapur",Nagaland,Oil & Gas,EXEMPT/ROW/709786,EXISTING_ROW_EXEMPT,Competent Authority / Not Applicable (Existing RoW),NOT_APPLICABLE,0.0,0.0,100.0,0,180,0,Project executes within pre-existing sanctioned Right of Way / Plant Boundary.
709776,Augmentation/Revamping of Facilities at existing Guwahati Terminal at Betkuchi,Assam,Oil & Gas,EXEMPT/ROW/709776,EXISTING_ROW_EXEMPT,Competent Authority / Not Applicable (Existing RoW),NOT_APPLICABLE,0.0,0.0,100.0,0,180,0,Project executes within pre-existing sanctioned Right of Way / Plant Boundary.
701324,Barauni Refinery Capacity Expansion from 6.0 to 9.0 MMTPA,Multi-State,Oil & Gas,EXEMPT/ROW/701324,EXISTING_ROW_EXEMPT,Competent Authority / Not Applicable (Existing RoW),NOT_APPLICABLE,0.0,0.0,100.0,0,180,0,Project executes within pre-existing sanctioned Right of Way / Plant Boundary.
612998,Bathinda Sangrur Pipeline,Punjab,Oil & Gas,EXEMPT/ROW/612998,EXISTING_ROW_EXEMPT,Competent Authority / Not Applicable (Existing RoW),NOT_APPLICABLE,0.0,0.0,100.0,0,180,0,Project executes within pre-existing sanctioned Right of Way / Plant Boundary.
709850,Borholla GGS Life Extension Project [BLEP],Multi-State,Oil & Gas,EXEMPT/ROW/709850,EXISTING_ROW_EXEMPT,Competent Authority / Not Applicable (Existing RoW),NOT_APPLICABLE,0.0,0.0,100.0,0,180,0,Project executes within pre-existing sanctioned Right of Way / Plant Boundary.
619312,Bulk Loading Hub- Kanpur,Uttar Pradesh,Oil & Gas,EXEMPT/ROW/619312,EXISTING_ROW_EXEMPT,Competent Authority / Not Applicable (Existing RoW),NOT_APPLICABLE,0.0,0.0,100.0,0,180,0,Project executes within pre-existing sanctioned Right of Way / Plant Boundary.
617830,C2/C3 Vijaipur Pata Pipeline,Multi-State,Oil & Gas,EXEMPT/ROW/617830,EXISTING_ROW_EXEMPT,Competent Authority / Not Applicable (Existing RoW),NOT_APPLICABLE,0.0,0.0,100.0,0,180,0,Project executes within pre-existing sanctioned Right of Way / Plant Boundary.
709779,Capacity Expansion of Digboi Refinery from 0.65 to 1.0 MMTPA,Multi-State,Oil & Gas,EXEMPT/ROW/709779,EXISTING_ROW_EXEMPT,Competent Authority / Not Applicable (Existing RoW),NOT_APPLICABLE,0.0,0.0,100.0,0,180,0,Project executes within pre-existing sanctioned Right of Way / Plant Boundary.
701289,Capacity Expansion of Panipat Refinery from 15 to 25 MMTPA,Multi-State,Oil & Gas,EXEMPT/ROW/701289,EXISTING_ROW_EXEMPT,Competent Authority / Not Applicable (Existing RoW),NOT_APPLICABLE,0.0,0.0,100.0,0,180,0,Project executes within pre-existing sanctioned Right of Way / Plant Boundary.
604795,CBR 9 MMTPA Project,Multi-State,Oil & Gas,EXEMPT/ROW/604795,EXISTING_ROW_EXEMPT,Competent Authority / Not Applicable (Existing RoW),NOT_APPLICABLE,0.0,0.0,100.0,0,180,0,Project executes within pre-existing sanctioned Right of Way / Plant Boundary.
709757,"CGD Project in Banka, Dumka, Godda, Jamtara, Pakur, Sahibganj GA ID 11A.02",Multi-State,Oil & Gas,EXEMPT/ROW/709757,EXISTING_ROW_EXEMPT,Competent Authority / Not Applicable (Existing RoW),NOT_APPLICABLE,0.0,0.0,100.0,0,180,0,Project executes within pre-existing sanctioned Right of Way / Plant Boundary.
709758,"CGD Project in Malda, Birbhum, Murshidabad, Dakshin Dinajpur GA ID 11A.03",Multi-State,Oil & Gas,EXEMPT/ROW/709758,EXISTING_ROW_EXEMPT,Competent Authority / Not Applicable (Existing RoW),NOT_APPLICABLE,0.0,0.0,100.0,0,180,0,Project executes within pre-existing sanctioned Right of Way / Plant Boundary.
619196,Change of service of existing Mundra-Panipat Pipeline [Panipat - Churwa section] from Crude oil to Product,Gujarat,Oil & Gas,EXEMPT/ROW/619196,EXISTING_ROW_EXEMPT,Competent Authority / Not Applicable (Existing RoW),NOT_APPLICABLE,0.0,0.0,100.0,0,180,0,Project executes within pre-existing sanctioned Right of Way / Plant Boundary.
617818,"City Gas Distribution [CGD] Project in Gajapati, Kandhamal, Boudh, & Sonepur GA",Multi-State,Oil & Gas,EXEMPT/ROW/617818,EXISTING_ROW_EXEMPT,Competent Authority / Not Applicable (Existing RoW),NOT_APPLICABLE,0.0,0.0,100.0,0,180,0,Project executes within pre-existing sanctioned Right of Way / Plant Boundary.
617819,"City Gas Distribution [CGD] Project in Kondagaon, Bastar, Sukma, Narayanpur, Bijapur & Dantewada GA",Multi-State,Oil & Gas,EXEMPT/ROW/617819,EXISTING_ROW_EXEMPT,Competent Authority / Not Applicable (Existing RoW),NOT_APPLICABLE,0.0,0.0,100.0,0,180,0,Project executes within pre-existing sanctioned Right of Way / Plant Boundary.
701338,City Gas Distribution Maharashtra Natural Gas Limited,Multi-State,Oil & Gas,EXEMPT/ROW/701338,EXISTING_ROW_EXEMPT,Competent Authority / Not Applicable (Existing RoW),NOT_APPLICABLE,0.0,0.0,100.0,0,180,0,Project executes within pre-existing sanctioned Right of Way / Plant Boundary.
709771,"City Gas Distribution Project at Beed, Jalgaon and Jalna Districts",Multi-State,Oil & Gas,EXEMPT/ROW/709771,EXISTING_ROW_EXEMPT,Competent Authority / Not Applicable (Existing RoW),NOT_APPLICABLE,0.0,0.0,100.0,0,180,0,Project executes within pre-existing sanctioned Right of Way / Plant Boundary.
709768,City Gas Distribution Project at Dharmapuri and Krishnagiri Districts,Tamil Nadu,Oil & Gas,EXEMPT/ROW/709768,EXISTING_ROW_EXEMPT,Competent Authority / Not Applicable (Existing RoW),NOT_APPLICABLE,0.0,0.0,100.0,0,180,0,Project executes within pre-existing sanctioned Right of Way / Plant Boundary.
709772,"City Gas Distribution Project at East Mednipore, West Mednipore & Jhargram Districts",Multi-State,Oil & Gas,EXEMPT/ROW/709772,EXISTING_ROW_EXEMPT,Competent Authority / Not Applicable (Existing RoW),NOT_APPLICABLE,0.0,0.0,100.0,0,180,0,Project executes within pre-existing sanctioned Right of Way / Plant Boundary.
709773,"City Gas Distribution Project at Jammu, Udhampur, Reasi, Samba and Kathua Districts",Jammu and Kashmir,Oil & Gas,EXEMPT/ROW/709773,EXISTING_ROW_EXEMPT,Competent Authority / Not Applicable (Existing RoW),NOT_APPLICABLE,0.0,0.0,100.0,0,180,0,Project executes within pre-existing sanctioned Right of Way / Plant Boundary.
617303,"City Gas Distribution Project at Khagaria, Saharsa and Madhepura",Multi-State,Oil & Gas,EXEMPT/ROW/617303,EXISTING_ROW_EXEMPT,Competent Authority / Not Applicable (Existing RoW),NOT_APPLICABLE,0.0,0.0,100.0,0,180,0,Project executes within pre-existing sanctioned Right of Way / Plant Boundary.
709766,"City Gas Distribution Project at Kurnool, Guntur & Prakasam Districts",Multi-State,Oil & Gas,EXEMPT/ROW/709766,EXISTING_ROW_EXEMPT,Competent Authority / Not Applicable (Existing RoW),NOT_APPLICABLE,0.0,0.0,100.0,0,180,0,Project executes within pre-existing sanctioned Right of Way / Plant Boundary.
709770,City Gas Distribution Project at Pathankot District,Punjab,Oil & Gas,EXEMPT/ROW/709770,EXISTING_ROW_EXEMPT,Competent Authority / Not Applicable (Existing RoW),NOT_APPLICABLE,0.0,0.0,100.0,0,180,0,Project executes within pre-existing sanctioned Right of Way / Plant Boundary.
709791,City Gas Distribution Projects at Alipurduar and Cooch Behar,West Bengal,Oil & Gas,EXEMPT/ROW/709791,EXISTING_ROW_EXEMPT,Competent Authority / Not Applicable (Existing RoW),NOT_APPLICABLE,0.0,0.0,100.0,0,180,0,Project executes within pre-existing sanctioned Right of Way / Plant Boundary.
709792,"City Gas Distribution Projects at Darbhanga, Madhubani, Supaul, Sitamarhi and Sheohar districts",Bihar,Oil & Gas,EXEMPT/ROW/709792,EXISTING_ROW_EXEMPT,Competent Authority / Not Applicable (Existing RoW),NOT_APPLICABLE,0.0,0.0,100.0,0,180,0,Project executes within pre-existing sanctioned Right of Way / Plant Boundary.
709794,"City Gas Distribution Projects at Fazilka [except area already authorized], Ganganagar and Hanumangarh districts",Multi-State,Oil & Gas,EXEMPT/ROW/709794,EXISTING_ROW_EXEMPT,Competent Authority / Not Applicable (Existing RoW),NOT_APPLICABLE,0.0,0.0,100.0,0,180,0,Project executes within pre-existing sanctioned Right of Way / Plant Boundary.
709793,"City Gas Distribution Projects at Gopalganj, Siwan, West Champaran, East Champaran and Deoria districts",Multi-State,Oil & Gas,EXEMPT/ROW/709793,EXISTING_ROW_EXEMPT,Competent Authority / Not Applicable (Existing RoW),NOT_APPLICABLE,0.0,0.0,100.0,0,180,0,Project executes within pre-existing sanctioned Right of Way / Plant Boundary.
709795,"City Gas Distribution Projects at Lakhimpur Kheri , Sitapur, Bahraich, Shravasti,Balrampur, Siddharth Nagar & Maharajganj districts",Multi-State,Oil & Gas,EXEMPT/ROW/709795,EXISTING_ROW_EXEMPT,Competent Authority / Not Applicable (Existing RoW),NOT_APPLICABLE,0.0,0.0,100.0,0,180,0,Project executes within pre-existing sanctioned Right of Way / Plant Boundary.
709796,City Gas Distribution Projects at the Nilgiris and Erode districts,Multi-State,Oil & Gas,EXEMPT/ROW/709796,EXISTING_ROW_EXEMPT,Competent Authority / Not Applicable (Existing RoW),NOT_APPLICABLE,0.0,0.0,100.0,0,180,0,Project executes within pre-existing sanctioned Right of Way / Plant Boundary.
617836,Coke Drum Structure Package,Multi-State,Oil & Gas,EXEMPT/ROW/617836,EXISTING_ROW_EXEMPT,Competent Authority / Not Applicable (Existing RoW),NOT_APPLICABLE,0.0,0.0,100.0,0,180,0,Project executes within pre-existing sanctioned Right of Way / Plant Boundary.
709838,Commercial Polymer Flooding Project in Bechraji field,Gujarat,Oil & Gas,EXEMPT/ROW/709838,EXISTING_ROW_EXEMPT,Competent Authority / Not Applicable (Existing RoW),NOT_APPLICABLE,0.0,0.0,100.0,0,180,0,Project executes within pre-existing sanctioned Right of Way / Plant Boundary.
709780,Construction of Additional Tankages and Allied Facilities at JNPT Terminal,Maharashtra,Oil & Gas,EXEMPT/ROW/709780,EXISTING_ROW_EXEMPT,Competent Authority / Not Applicable (Existing RoW),NOT_APPLICABLE,0.0,0.0,100.0,0,180,0,Project executes within pre-existing sanctioned Right of Way / Plant Boundary.
616858,"Construction of Field Gas Gathering Station at Baghjan area for collection, processing & transportation of natural Gas to be produced from Baghjan Field",Assam,Oil & Gas,EXEMPT/ROW/616858,EXISTING_ROW_EXEMPT,Competent Authority / Not Applicable (Existing RoW),NOT_APPLICABLE,0.0,0.0,100.0,0,180,0,Project executes within pre-existing sanctioned Right of Way / Plant Boundary.
610985,Construction of lube oil blending plant at Rasayani,Maharashtra,Oil & Gas,EXEMPT/ROW/610985,EXISTING_ROW_EXEMPT,Competent Authority / Not Applicable (Existing RoW),NOT_APPLICABLE,0.0,0.0,100.0,0,180,0,Project executes within pre-existing sanctioned Right of Way / Plant Boundary.
709837,"Creation of Gas Dehydration  Facilities, Tripura Asset",Multi-State,Oil & Gas,EXEMPT/ROW/709837,EXISTING_ROW_EXEMPT,Competent Authority / Not Applicable (Existing RoW),NOT_APPLICABLE,0.0,0.0,100.0,0,180,0,Project executes within pre-existing sanctioned Right of Way / Plant Boundary.
709800,"CUF POL Depot at Sadashibpur [Meramundali], Odisha",Multi-State,Oil & Gas,EXEMPT/ROW/709800,EXISTING_ROW_EXEMPT,Competent Authority / Not Applicable (Existing RoW),NOT_APPLICABLE,0.0,0.0,100.0,0,180,0,Project executes within pre-existing sanctioned Right of Way / Plant Boundary.
709839,Daman Upside Development Project,Multi-State,Oil & Gas,EXEMPT/ROW/709839,EXISTING_ROW_EXEMPT,Competent Authority / Not Applicable (Existing RoW),NOT_APPLICABLE,0.0,0.0,100.0,0,180,0,Project executes within pre-existing sanctioned Right of Way / Plant Boundary.
709864,DCU Revamp Project,Multi-State,Oil & Gas,EXEMPT/ROW/709864,EXISTING_ROW_EXEMPT,Competent Authority / Not Applicable (Existing RoW),NOT_APPLICABLE,0.0,0.0,100.0,0,180,0,Project executes within pre-existing sanctioned Right of Way / Plant Boundary.
400158,Debottlenecking and Augmentation of Cryogenic facilities at Uran LPG Import Terminal,Multi-State,Oil & Gas,EXEMPT/ROW/400158,EXISTING_ROW_EXEMPT,Competent Authority / Not Applicable (Existing RoW),NOT_APPLICABLE,0.0,0.0,100.0,0,180,0,Project executes within pre-existing sanctioned Right of Way / Plant Boundary.
616879,Demo Bio-ATF Project,Multi-State,Oil & Gas,EXEMPT/ROW/616879,EXISTING_ROW_EXEMPT,Competent Authority / Not Applicable (Existing RoW),NOT_APPLICABLE,0.0,0.0,100.0,0,180,0,Project executes within pre-existing sanctioned Right of Way / Plant Boundary.
610984,Development of Jharia CBM Block [Phase-1],Multi-State,Oil & Gas,EXEMPT/ROW/610984,EXISTING_ROW_EXEMPT,Competent Authority / Not Applicable (Existing RoW),NOT_APPLICABLE,0.0,0.0,100.0,0,180,0,Project executes within pre-existing sanctioned Right of Way / Plant Boundary.
604863,Development of Surface Facilities for production and evacuation of Crude Oil and Natural Gas from Nadua and East Khagorija,Multi-State,Oil & Gas,EXEMPT/ROW/604863,EXISTING_ROW_EXEMPT,Competent Authority / Not Applicable (Existing RoW),NOT_APPLICABLE,0.0,0.0,100.0,0,180,0,Project executes within pre-existing sanctioned Right of Way / Plant Boundary.
701344,Dhamra Haldia Pipeline Project,Odisha,Oil & Gas,EXEMPT/ROW/701344,EXISTING_ROW_EXEMPT,Competent Authority / Not Applicable (Existing RoW),NOT_APPLICABLE,0.0,0.0,100.0,0,180,0,Project executes within pre-existing sanctioned Right of Way / Plant Boundary.
617302,Durgapur - Haldia Pipeline [Section-3B of JHBDPL Project],West Bengal,Oil & Gas,EXEMPT/ROW/617302,EXISTING_ROW_EXEMPT,Competent Authority / Not Applicable (Existing RoW),NOT_APPLICABLE,0.0,0.0,100.0,0,180,0,Project executes within pre-existing sanctioned Right of Way / Plant Boundary.
709798,Ethylene Cracker Project at Bina Refinery including downstream Petrochemical Plants and expansion of Refinery,Madhya Pradesh,Oil & Gas,EXEMPT/ROW/709798,EXISTING_ROW_EXEMPT,Competent Authority / Not Applicable (Existing RoW),NOT_APPLICABLE,0.0,0.0,100.0,0,180,0,Project executes within pre-existing sanctioned Right of Way / Plant Boundary.
619316,"Group Gathering Station, Lakwagaon",Multi-State,Oil & Gas,EXEMPT/ROW/619316,EXISTING_ROW_EXEMPT,Competent Authority / Not Applicable (Existing RoW),NOT_APPLICABLE,0.0,0.0,100.0,0,180,0,Project executes within pre-existing sanctioned Right of Way / Plant Boundary.
612853,Gurdaspur Jammu Pipeline,Jammu and Kashmir,Oil & Gas,EXEMPT/ROW/612853,EXISTING_ROW_EXEMPT,Competent Authority / Not Applicable (Existing RoW),NOT_APPLICABLE,0.0,0.0,100.0,0,180,0,Project executes within pre-existing sanctioned Right of Way / Plant Boundary.
607701,"Guwahati Refinery Expansion [1.0 to 1.2 MMTPA] along with installation of CRU, Guwahati Refinery",Assam,Oil & Gas,EXEMPT/ROW/607701,EXISTING_ROW_EXEMPT,Competent Authority / Not Applicable (Existing RoW),NOT_APPLICABLE,0.0,0.0,100.0,0,180,0,Project executes within pre-existing sanctioned Right of Way / Plant Boundary.
709753,Haldia Panagarh Pipeline Project,West Bengal,Oil & Gas,EXEMPT/ROW/709753,EXISTING_ROW_EXEMPT,Competent Authority / Not Applicable (Existing RoW),NOT_APPLICABLE,0.0,0.0,100.0,0,180,0,Project executes within pre-existing sanctioned Right of Way / Plant Boundary.
709760,HP TDAE Unit in Mumbai Refinery,Maharashtra,Oil & Gas,EXEMPT/ROW/709760,EXISTING_ROW_EXEMPT,Competent Authority / Not Applicable (Existing RoW),NOT_APPLICABLE,0.0,0.0,100.0,0,180,0,Project executes within pre-existing sanctioned Right of Way / Plant Boundary.
709761,HP Trijet Unit in Visakh Refinery,Kerala,Oil & Gas,EXEMPT/ROW/709761,EXISTING_ROW_EXEMPT,Competent Authority / Not Applicable (Existing RoW),NOT_APPLICABLE,0.0,0.0,100.0,0,180,0,Project executes within pre-existing sanctioned Right of Way / Plant Boundary.
709752,HP-COAT [Crude to Olefins and Aromatics Technology] demo unit at Visakh Refinery,Kerala,Oil & Gas,EXEMPT/ROW/709752,EXISTING_ROW_EXEMPT,Competent Authority / Not Applicable (Existing RoW),NOT_APPLICABLE,0.0,0.0,100.0,0,180,0,Project executes within pre-existing sanctioned Right of Way / Plant Boundary.
604853,"Indian Oil Technology Development and Deployment Centre at R&D Campus-II, Faridabad",Multi-State,Oil & Gas,EXEMPT/ROW/604853,EXISTING_ROW_EXEMPT,Competent Authority / Not Applicable (Existing RoW),NOT_APPLICABLE,0.0,0.0,100.0,0,180,0,Project executes within pre-existing sanctioned Right of Way / Plant Boundary.
709777,Installation of Bitumen Manufacturing Unit along with allied facilities at Barauni Refinery,Bihar,Oil & Gas,EXEMPT/ROW/709777,EXISTING_ROW_EXEMPT,Competent Authority / Not Applicable (Existing RoW),NOT_APPLICABLE,0.0,0.0,100.0,0,180,0,Project executes within pre-existing sanctioned Right of Way / Plant Boundary.
619225,Installation of Compression facility at GAIL Usar,Multi-State,Oil & Gas,EXEMPT/ROW/619225,EXISTING_ROW_EXEMPT,Competent Authority / Not Applicable (Existing RoW),NOT_APPLICABLE,0.0,0.0,100.0,0,180,0,Project executes within pre-existing sanctioned Right of Way / Plant Boundary.
709789,Installation of Independent De- Aromatized Solvents [DAS] production facilities at MR,Multi-State,Oil & Gas,EXEMPT/ROW/709789,EXISTING_ROW_EXEMPT,Competent Authority / Not Applicable (Existing RoW),NOT_APPLICABLE,0.0,0.0,100.0,0,180,0,Project executes within pre-existing sanctioned Right of Way / Plant Boundary.
709783,"Installation of Multiple Effect Evaporator [MEE] for ETP-1, 2 & 4 of Panipat Refinery and Petrochemical Complex.",Odisha,Oil & Gas,EXEMPT/ROW/709783,EXISTING_ROW_EXEMPT,Competent Authority / Not Applicable (Existing RoW),NOT_APPLICABLE,0.0,0.0,100.0,0,180,0,Project executes within pre-existing sanctioned Right of Way / Plant Boundary.
709778,Installation of new Biturox Unit along with allied facilities at Gujarat Refinery,Gujarat,Oil & Gas,EXEMPT/ROW/709778,EXISTING_ROW_EXEMPT,Competent Authority / Not Applicable (Existing RoW),NOT_APPLICABLE,0.0,0.0,100.0,0,180,0,Project executes within pre-existing sanctioned Right of Way / Plant Boundary.
709851,Integrated Development of 4 Contract Areas under DSF-II,Multi-State,Oil & Gas,EXEMPT/ROW/709851,EXISTING_ROW_EXEMPT,Competent Authority / Not Applicable (Existing RoW),NOT_APPLICABLE,0.0,0.0,100.0,0,180,0,Project executes within pre-existing sanctioned Right of Way / Plant Boundary.
604859,Integrated Para Xylene [PX] and Purified Terephthalic Acid [PTA] Project at Paradip Refinery,Odisha,Oil & Gas,EXEMPT/ROW/604859,EXISTING_ROW_EXEMPT,Competent Authority / Not Applicable (Existing RoW),NOT_APPLICABLE,0.0,0.0,100.0,0,180,0,Project executes within pre-existing sanctioned Right of Way / Plant Boundary.
709842,"Kalol Redevelopment Project, Ahmedabad Asset",Gujarat,Oil & Gas,EXEMPT/ROW/709842,EXISTING_ROW_EXEMPT,Competent Authority / Not Applicable (Existing RoW),NOT_APPLICABLE,0.0,0.0,100.0,0,180,0,Project executes within pre-existing sanctioned Right of Way / Plant Boundary.
619191,Kanpur LPG Bottling Plant,Uttar Pradesh,Oil & Gas,EXEMPT/ROW/619191,EXISTING_ROW_EXEMPT,Competent Authority / Not Applicable (Existing RoW),NOT_APPLICABLE,0.0,0.0,100.0,0,180,0,Project executes within pre-existing sanctioned Right of Way / Plant Boundary.
400120,KG-DWN-98/2 Cluster - II Development Project - NELP Block,Maharashtra,Oil & Gas,EXEMPT/ROW/400120,EXISTING_ROW_EXEMPT,Competent Authority / Not Applicable (Existing RoW),NOT_APPLICABLE,0.0,0.0,100.0,0,180,0,Project executes within pre-existing sanctioned Right of Way / Plant Boundary.
701228,Kochi - Koottanad - Bangalore - Mangalore Pipeline Phase-II,Karnataka,Oil & Gas,EXEMPT/ROW/701228,EXISTING_ROW_EXEMPT,Competent Authority / Not Applicable (Existing RoW),NOT_APPLICABLE,0.0,0.0,100.0,0,180,0,Project executes within pre-existing sanctioned Right of Way / Plant Boundary.
709785,Laying of Natural Gas Pipeline from Hazaribagh to Ranchi [HRPL],Jharkhand,Oil & Gas,EXEMPT/ROW/709785,EXISTING_ROW_EXEMPT,Competent Authority / Not Applicable (Existing RoW),NOT_APPLICABLE,0.0,0.0,100.0,0,180,0,Project executes within pre-existing sanctioned Right of Way / Plant Boundary.
709750,Laying of new 28 inch Desal Water Pipeline and 10 inch Reject Water Pipeline between CPCL Manali Refinery and CPCL Desalination plant at Ennore,Tamil Nadu,Oil & Gas,EXEMPT/ROW/709750,EXISTING_ROW_EXEMPT,Competent Authority / Not Applicable (Existing RoW),NOT_APPLICABLE,0.0,0.0,100.0,0,180,0,Project executes within pre-existing sanctioned Right of Way / Plant Boundary.
400119,Life Extension of 48 well platforms of Mumbai High & Heera Fields,Maharashtra,Oil & Gas,EXEMPT/ROW/400119,EXISTING_ROW_EXEMPT,Competent Authority / Not Applicable (Existing RoW),NOT_APPLICABLE,0.0,0.0,100.0,0,180,0,Project executes within pre-existing sanctioned Right of Way / Plant Boundary.
616933,Lube Modernization & Bottom Upgradation Project at Mumbai Refinery,Maharashtra,Oil & Gas,EXEMPT/ROW/616933,EXISTING_ROW_EXEMPT,Competent Authority / Not Applicable (Existing RoW),NOT_APPLICABLE,0.0,0.0,100.0,0,180,0,Project executes within pre-existing sanctioned Right of Way / Plant Boundary.
701330,Mehsana-Bhatinda & Bhatinda-Jammu Natural Gas Pipeline,Jammu and Kashmir,Oil & Gas,EXEMPT/ROW/701330,EXISTING_ROW_EXEMPT,Competent Authority / Not Applicable (Existing RoW),NOT_APPLICABLE,0.0,0.0,100.0,0,180,0,Project executes within pre-existing sanctioned Right of Way / Plant Boundary.
709848,MHN TCPP PGC BGC Project [MTPBP],Multi-State,Oil & Gas,EXEMPT/ROW/709848,EXISTING_ROW_EXEMPT,Competent Authority / Not Applicable (Existing RoW),NOT_APPLICABLE,0.0,0.0,100.0,0,180,0,Project executes within pre-existing sanctioned Right of Way / Plant Boundary.
701341,Multi-product Pipeline from Krishnapatnam Coastal Installation to the proposed Installation at Hyderabad [Malkapur],Telangana,Oil & Gas,EXEMPT/ROW/701341,EXISTING_ROW_EXEMPT,Competent Authority / Not Applicable (Existing RoW),NOT_APPLICABLE,0.0,0.0,100.0,0,180,0,Project executes within pre-existing sanctioned Right of Way / Plant Boundary.
701354,Mumbai Nagpur Jharsuguda Pipeline Project,Maharashtra,Oil & Gas,EXEMPT/ROW/701354,EXISTING_ROW_EXEMPT,Competent Authority / Not Applicable (Existing RoW),NOT_APPLICABLE,0.0,0.0,100.0,0,180,0,Project executes within pre-existing sanctioned Right of Way / Plant Boundary.
701346,North East Gas Grid,Multi-State,Oil & Gas,EXEMPT/ROW/701346,EXISTING_ROW_EXEMPT,Competent Authority / Not Applicable (Existing RoW),NOT_APPLICABLE,0.0,0.0,100.0,0,180,0,Project executes within pre-existing sanctioned Right of Way / Plant Boundary.
604791,Numaligarh Refinery Expansion Project,Assam,Oil & Gas,EXEMPT/ROW/604791,EXISTING_ROW_EXEMPT,Competent Authority / Not Applicable (Existing RoW),NOT_APPLICABLE,0.0,0.0,100.0,0,180,0,Project executes within pre-existing sanctioned Right of Way / Plant Boundary.
709841,Old Pipe Line Replacement [OPRP] Group-A,Multi-State,Oil & Gas,EXEMPT/ROW/709841,EXISTING_ROW_EXEMPT,Competent Authority / Not Applicable (Existing RoW),NOT_APPLICABLE,0.0,0.0,100.0,0,180,0,Project executes within pre-existing sanctioned Right of Way / Plant Boundary.
619328,ONGC-BP Redevelopment Phase-1 Scheme of Mumbai High Field,Maharashtra,Oil & Gas,EXEMPT/ROW/619328,EXISTING_ROW_EXEMPT,Competent Authority / Not Applicable (Existing RoW),NOT_APPLICABLE,0.0,0.0,100.0,0,180,0,Project executes within pre-existing sanctioned Right of Way / Plant Boundary.
709846,Part Replacement Pipeline Project  [PRPP],Multi-State,Oil & Gas,EXEMPT/ROW/709846,EXISTING_ROW_EXEMPT,Competent Authority / Not Applicable (Existing RoW),NOT_APPLICABLE,0.0,0.0,100.0,0,180,0,Project executes within pre-existing sanctioned Right of Way / Plant Boundary.
619223,Petro Resid Fluidized Catalytic Cracking [PRFCC] Unit and its associated facilities at Mumbai Refinery,Maharashtra,Oil & Gas,EXEMPT/ROW/619223,EXISTING_ROW_EXEMPT,Competent Authority / Not Applicable (Existing RoW),NOT_APPLICABLE,0.0,0.0,100.0,0,180,0,Project executes within pre-existing sanctioned Right of Way / Plant Boundary.
701329,Petrochemical and Lube Integration Project at Gujarat Refinery,Gujarat,Oil & Gas,EXEMPT/ROW/701329,EXISTING_ROW_EXEMPT,Competent Authority / Not Applicable (Existing RoW),NOT_APPLICABLE,0.0,0.0,100.0,0,180,0,Project executes within pre-existing sanctioned Right of Way / Plant Boundary.
709847,Pipeline Network Project Rudrasagar,Multi-State,Oil & Gas,EXEMPT/ROW/709847,EXISTING_ROW_EXEMPT,Competent Authority / Not Applicable (Existing RoW),NOT_APPLICABLE,0.0,0.0,100.0,0,180,0,Project executes within pre-existing sanctioned Right of Way / Plant Boundary.
617827,"Pipeline Rehabilitation Project, Phase-II",Multi-State,Oil & Gas,EXEMPT/ROW/617827,EXISTING_ROW_EXEMPT,Competent Authority / Not Applicable (Existing RoW),NOT_APPLICABLE,0.0,0.0,100.0,0,180,0,Project executes within pre-existing sanctioned Right of Way / Plant Boundary.
619314,Pipeline Replacement Project- PRP-IX,Assam,Oil & Gas,EXEMPT/ROW/619314,EXISTING_ROW_EXEMPT,Competent Authority / Not Applicable (Existing RoW),NOT_APPLICABLE,0.0,0.0,100.0,0,180,0,Project executes within pre-existing sanctioned Right of Way / Plant Boundary.
709797,POL & LOBS Installations with Receipt Pipelines at Rasayani,Maharashtra,Oil & Gas,EXEMPT/ROW/709797,EXISTING_ROW_EXEMPT,Competent Authority / Not Applicable (Existing RoW),NOT_APPLICABLE,0.0,0.0,100.0,0,180,0,Project executes within pre-existing sanctioned Right of Way / Plant Boundary.
611917,Poly Butadiene Rubber plant at Panipat,Haryana,Oil & Gas,EXEMPT/ROW/611917,EXISTING_ROW_EXEMPT,Competent Authority / Not Applicable (Existing RoW),NOT_APPLICABLE,0.0,0.0,100.0,0,180,0,Project executes within pre-existing sanctioned Right of Way / Plant Boundary.
709865,Power Recovery Turbine [PRT] in PFCCU unit as an Energy Conservation Scheme,Multi-State,Oil & Gas,EXEMPT/ROW/709865,EXISTING_ROW_EXEMPT,Competent Authority / Not Applicable (Existing RoW),NOT_APPLICABLE,0.0,0.0,100.0,0,180,0,Project executes within pre-existing sanctioned Right of Way / Plant Boundary.
612790,Power System Upgradation Project,Andhra Pradesh,Oil & Gas,EXEMPT/ROW/612790,EXISTING_ROW_EXEMPT,Competent Authority / Not Applicable (Existing RoW),NOT_APPLICABLE,0.0,0.0,100.0,0,180,0,Project executes within pre-existing sanctioned Right of Way / Plant Boundary.
400161,"PP Project, Pata",Andhra Pradesh,Oil & Gas,EXEMPT/ROW/400161,EXISTING_ROW_EXEMPT,Competent Authority / Not Applicable (Existing RoW),NOT_APPLICABLE,0.0,0.0,100.0,0,180,0,Project executes within pre-existing sanctioned Right of Way / Plant Boundary.
619226,Provision of four bitumen tanks with capacity of 5 TMT each at Visakh Refinery,Kerala,Oil & Gas,EXEMPT/ROW/619226,EXISTING_ROW_EXEMPT,Competent Authority / Not Applicable (Existing RoW),NOT_APPLICABLE,0.0,0.0,100.0,0,180,0,Project executes within pre-existing sanctioned Right of Way / Plant Boundary.
616950,PRP-VIII [Group-A],Multi-State,Oil & Gas,EXEMPT/ROW/616950,EXISTING_ROW_EXEMPT,Competent Authority / Not Applicable (Existing RoW),NOT_APPLICABLE,0.0,0.0,100.0,0,180,0,Project executes within pre-existing sanctioned Right of Way / Plant Boundary.
709849,PRP-VIII Group B [NH & BS Asset],Maharashtra,Oil & Gas,EXEMPT/ROW/709849,EXISTING_ROW_EXEMPT,Competent Authority / Not Applicable (Existing RoW),NOT_APPLICABLE,0.0,0.0,100.0,0,180,0,Project executes within pre-existing sanctioned Right of Way / Plant Boundary.
400169,Redevelopment of Linch Field,Multi-State,Oil & Gas,EXEMPT/ROW/400169,EXISTING_ROW_EXEMPT,Competent Authority / Not Applicable (Existing RoW),NOT_APPLICABLE,0.0,0.0,100.0,0,180,0,Project executes within pre-existing sanctioned Right of Way / Plant Boundary.
400167,Redevelopment of Santhal Field [Onshore-Mehsana Asset],Multi-State,Oil & Gas,EXEMPT/ROW/400167,EXISTING_ROW_EXEMPT,Competent Authority / Not Applicable (Existing RoW),NOT_APPLICABLE,0.0,0.0,100.0,0,180,0,Project executes within pre-existing sanctioned Right of Way / Plant Boundary.
400087,Redevelopment of Sobhasan Complex,Gujarat,Oil & Gas,EXEMPT/ROW/400087,EXISTING_ROW_EXEMPT,Competent Authority / Not Applicable (Existing RoW),NOT_APPLICABLE,0.0,0.0,100.0,0,180,0,Project executes within pre-existing sanctioned Right of Way / Plant Boundary.
709790,Replacement and Extension of Jetty Pipelines [REJP] at KR,Assam,Oil & Gas,EXEMPT/ROW/709790,EXISTING_ROW_EXEMPT,Competent Authority / Not Applicable (Existing RoW),NOT_APPLICABLE,0.0,0.0,100.0,0,180,0,Project executes within pre-existing sanctioned Right of Way / Plant Boundary.
709840,"Restoration of Gas Terminal, Phase-I [Part-A], Hazira",Gujarat,Oil & Gas,EXEMPT/ROW/709840,EXISTING_ROW_EXEMPT,Competent Authority / Not Applicable (Existing RoW),NOT_APPLICABLE,0.0,0.0,100.0,0,180,0,Project executes within pre-existing sanctioned Right of Way / Plant Boundary.
709781,Revamping / Augmentation of Facilities at Mathura Bitumen Plant,Multi-State,Oil & Gas,EXEMPT/ROW/709781,EXISTING_ROW_EXEMPT,Competent Authority / Not Applicable (Existing RoW),NOT_APPLICABLE,0.0,0.0,100.0,0,180,0,Project executes within pre-existing sanctioned Right of Way / Plant Boundary.
709845,"Revamping of SV Stations, Gas Terminal & Kribhco Terminal",Multi-State,Oil & Gas,EXEMPT/ROW/709845,EXISTING_ROW_EXEMPT,Competent Authority / Not Applicable (Existing RoW),NOT_APPLICABLE,0.0,0.0,100.0,0,180,0,Project executes within pre-existing sanctioned Right of Way / Plant Boundary.
709774,Revamping/ Augmentation of facilities at existing port terminal at Mangalore,Karnataka,Oil & Gas,EXEMPT/ROW/709774,EXISTING_ROW_EXEMPT,Competent Authority / Not Applicable (Existing RoW),NOT_APPLICABLE,0.0,0.0,100.0,0,180,0,Project executes within pre-existing sanctioned Right of Way / Plant Boundary.
617304,"Setting up of LPG Plant with Rail Unloading Facility at Hathua, Dist. Gopalganj, Bihar",Bihar,Oil & Gas,EXEMPT/ROW/617304,EXISTING_ROW_EXEMPT,Competent Authority / Not Applicable (Existing RoW),NOT_APPLICABLE,0.0,0.0,100.0,0,180,0,Project executes within pre-existing sanctioned Right of Way / Plant Boundary.
709799,Setting up Polypropylene Unit at Kochi Refinery,Kerala,Oil & Gas,EXEMPT/ROW/709799,EXISTING_ROW_EXEMPT,Competent Authority / Not Applicable (Existing RoW),NOT_APPLICABLE,0.0,0.0,100.0,0,180,0,Project executes within pre-existing sanctioned Right of Way / Plant Boundary.
617837,Siliguri Marketing Terminal [SMT] Capacity Augmentation Project,West Bengal,Oil & Gas,EXEMPT/ROW/617837,EXISTING_ROW_EXEMPT,Competent Authority / Not Applicable (Existing RoW),NOT_APPLICABLE,0.0,0.0,100.0,0,180,0,Project executes within pre-existing sanctioned Right of Way / Plant Boundary.
617828,Siliguri-Jhapa Pipeline Project,West Bengal,Oil & Gas,EXEMPT/ROW/617828,EXISTING_ROW_EXEMPT,Competent Authority / Not Applicable (Existing RoW),NOT_APPLICABLE,0.0,0.0,100.0,0,180,0,Project executes within pre-existing sanctioned Right of Way / Plant Boundary.
701350,Upgradation of Facilities of Numaligarh-Siliguri Product Pipeline [NSPL] for transportation of additional products from existing 1.72 MMTPA to 5.5 MMTPA,West Bengal,Oil & Gas,EXEMPT/ROW/701350,EXISTING_ROW_EXEMPT,Competent Authority / Not Applicable (Existing RoW),NOT_APPLICABLE,0.0,0.0,100.0,0,180,0,Project executes within pre-existing sanctioned Right of Way / Plant Boundary.
616254,Visakh Raipur Pipeline Project,Chhattisgarh,Oil & Gas,EXEMPT/ROW/616254,EXISTING_ROW_EXEMPT,Competent Authority / Not Applicable (Existing RoW),NOT_APPLICABLE,0.0,0.0,100.0,0,180,0,Project executes within pre-existing sanctioned Right of Way / Plant Boundary.
701568,Construction of oil jetty No.8 at old kandla through internal resources,Gujarat,Shipping,S.O. 1737(E)/2018,RFCTLARR_SEC_19,Competent Authority Land Acquisition (CALA) / SDM Gujarat Central Revenue Division,QUERY_RAISED,67.0,58.29,87.0,220,180,1,Section 3H disbursement in progress; joint revenue measurement (JGM) completed for 87.0% alignment.
400203,Dharamjaigarh-Korba,Chhattisgarh,Railways,S.O. 4052(E)/2021,RAIL_SEC_20E,Competent Authority Land Acquisition (CALA) / SDM Chhattisgarh Central Revenue Division,APPROVED,47.0,47.0,100.0,78,180,0,100% land possession handed over to executing agency under Section 3D/19 mutation certificate.
400416,Shivpur-Kathautia New Rail [BG] Line [49 km] [Package II of Tori-Shivpur-Kathautia line],Madhya Pradesh,Railways,S.O. 3760(E)/2021,RAIL_SEC_20E,Competent Authority Land Acquisition (CALA) / SDM Madhya Central Revenue Division,QUERY_RAISED,70.0,49.0,70.0,192,180,1,Section 3H disbursement in progress; joint revenue measurement (JGM) completed for 70.0% alignment.
612834,3rd & 4th line between Sarla - Sason [8 km] [PB 73/2023-24/NR],Odisha,Railways,S.O. 4201(E)/2021,RAIL_SEC_20E,Competent Authority Land Acquisition (CALA) / SDM Odisha Central Revenue Division,APPROVED,46.0,46.0,100.0,109,180,0,100% land possession handed over to executing agency under Section 3D/19 mutation certificate.
616697,3rd & 4th line between Vadlapudi -Gate Jn. cabin and Tie line between Gate Junction to Gangavaram port,Andhra Pradesh,Railways,S.O. 1534(E)/2022,RAIL_SEC_20E,Competent Authority Land Acquisition (CALA) / SDM Andhra Central Revenue Division,APPROVED,74.0,74.0,100.0,67,180,0,100% land possession handed over to executing agency under Section 3D/19 mutation certificate.
709819,3RD AND 4TH LINE - SARAGBUNDIA AND MADWARANI,Chhattisgarh,Railways,S.O. 4842(E)/2021,RAIL_SEC_20E,Competent Authority Land Acquisition (CALA) / SDM Chhattisgarh Central Revenue Division,APPROVED,52.0,52.0,100.0,109,180,0,100% land possession handed over to executing agency under Section 3D/19 mutation certificate.
617216,3rd Line between Gudur Renigunta 83.17 Km,Multi-State,Railways,S.O. 4710(E)/2020,RAIL_SEC_20E,Competent Authority Land Acquisition (CALA) / SDM Multi-State Central Revenue Division,APPROVED,50.0,50.0,100.0,58,180,0,100% land possession handed over to executing agency under Section 3D/19 mutation certificate.
705498,3rd Line Kalyan - Kasara [67.35 Kilometres],Maharashtra,Railways,S.O. 4188(E)/2021,RAIL_SEC_20E,Competent Authority Land Acquisition (CALA) / SDM Maharashtra Central Revenue Division,APPROVED,73.0,73.0,100.0,83,180,0,100% land possession handed over to executing agency under Section 3D/19 mutation certificate.
705506,3rd Line Manmad - Jalgaon [160 Kilometres],Maharashtra,Railways,S.O. 4461(E)/2020,RAIL_SEC_20E,Competent Authority Land Acquisition (CALA) / SDM Maharashtra Central Revenue Division,APPROVED,56.0,56.0,100.0,109,180,0,100% land possession handed over to executing agency under Section 3D/19 mutation certificate.
705502,3rd Line Wardha - Ballarshah [132 Kilometres],Maharashtra,Railways,S.O. 2291(E)/2019,RAIL_SEC_20E,Competent Authority Land Acquisition (CALA) / SDM Maharashtra Central Revenue Division,APPROVED,51.0,51.0,100.0,70,180,0,100% land possession handed over to executing agency under Section 3D/19 mutation certificate.
705500,3rd Line Wardha - Sewagram - Nagpur,Maharashtra,Railways,S.O. 3655(E)/2019,RAIL_SEC_20E,Competent Authority Land Acquisition (CALA) / SDM Maharashtra Central Revenue Division,APPROVED,45.0,45.0,100.0,64,180,0,100% land possession handed over to executing agency under Section 3D/19 mutation certificate.
709815,4TH LINE - BHATAPARA-HATHBAND [8.8 KM] [PB-72/NR/2022-23],Chhattisgarh,Railways,S.O. 5455(E)/2019,RAIL_SEC_20E,Competent Authority Land Acquisition (CALA) / SDM Chhattisgarh Central Revenue Division,QUERY_RAISED,65.0,55.25,85.0,176,180,1,Section 3H disbursement in progress; joint revenue measurement (JGM) completed for 85.0% alignment.
709816,4TH LINE - BHILAI-BHILAI NAGAR [8.8 KM] [PB-72/NR/2022-23],Chhattisgarh,Railways,S.O. 5375(E)/2019,RAIL_SEC_20E,Competent Authority Land Acquisition (CALA) / SDM Chhattisgarh Central Revenue Division,APPROVED,65.0,65.0,100.0,92,180,0,100% land possession handed over to executing agency under Section 3D/19 mutation certificate.
709817,4TH LINE - DADHAPARA-BELHA [9.2 KM] [PB-72/NR/2022-23],Madhya Pradesh,Railways,S.O. 1219(E)/2019,RAIL_SEC_20E,Competent Authority Land Acquisition (CALA) / SDM Madhya Central Revenue Division,APPROVED,74.0,74.0,100.0,65,180,0,100% land possession handed over to executing agency under Section 3D/19 mutation certificate.
612072,4th LINE BETWEEN BAREJADI NANDEJ-SANAND-AHMEDABAD BYPASS,Gujarat,Railways,S.O. 2155(E)/2019,RAIL_SEC_20E,Competent Authority Land Acquisition (CALA) / SDM Gujarat Central Revenue Division,QUERY_RAISED,50.0,42.5,85.0,220,180,1,Section 3H disbursement in progress; joint revenue measurement (JGM) completed for 85.0% alignment.
612815,4th line between Nipania Bhatapara 14.4 Km,Chhattisgarh,Railways,S.O. 2754(E)/2020,RAIL_SEC_20E,Competent Authority Land Acquisition (CALA) / SDM Chhattisgarh Central Revenue Division,APPROVED,49.0,49.0,100.0,45,180,0,100% land possession handed over to executing agency under Section 3D/19 mutation certificate.
709818,4TH LINE RAJNANDGAON-DONGARHGARH [31.2 KM] [PB-72/NR/2022-23],Chhattisgarh,Railways,S.O. 2531(E)/2023,RAIL_SEC_20E,Competent Authority Land Acquisition (CALA) / SDM Chhattisgarh Central Revenue Division,APPROVED,66.0,66.0,100.0,86,180,0,100% land possession handed over to executing agency under Section 3D/19 mutation certificate.
705505,4th Line Wardha - Nagpur [78.7 Kilometres],Maharashtra,Railways,S.O. 5225(E)/2018,RAIL_SEC_20E,Competent Authority Land Acquisition (CALA) / SDM Maharashtra Central Revenue Division,QUERY_RAISED,60.0,45.0,75.0,160,180,1,Section 3H disbursement in progress; joint revenue measurement (JGM) completed for 75.0% alignment.
611937,Adraj Moti Vijapur 40 Kms,Multi-State,Railways,S.O. 1873(E)/2019,RAIL_SEC_20E,Competent Authority Land Acquisition (CALA) / SDM Multi-State Central Revenue Division,APPROVED,48.0,48.0,100.0,107,180,0,100% land possession handed over to executing agency under Section 3D/19 mutation certificate.
705919,Agra Fort-Bandikui Doubling Line Project,Uttar Pradesh,Railways,S.O. 1312(E)/2021,RAIL_SEC_20E,Competent Authority Land Acquisition (CALA) / SDM Uttar Central Revenue Division,APPROVED,52.0,52.0,100.0,47,180,0,100% land possession handed over to executing agency under Section 3D/19 mutation certificate.
613788,AGTHORI KAMAKHYA SECTION WITH CONSTRUCTION OF NEW RAIL CUM-ROAD BRIDGE AT SARAIGHAT - 7.062KM,Assam,Railways,S.O. 3848(E)/2022,RAIL_SEC_20E,Competent Authority Land Acquisition (CALA) / SDM Assam Central Revenue Division,APPROVED,48.0,48.0,100.0,59,180,0,100% land possession handed over to executing agency under Section 3D/19 mutation certificate.
705356,Ahmednagar - Beed - Parli - Vaijnath  New Broad Gauge Line Railway Project [261.3 km],Maharashtra,Railways,S.O. 3428(E)/2021,RAIL_SEC_20E,Competent Authority Land Acquisition (CALA) / SDM Maharashtra Central Revenue Division,APPROVED,68.0,68.0,100.0,91,180,0,100% land possession handed over to executing agency under Section 3D/19 mutation certificate.
616843,AJMER- CHANDERIYA DOUBLING,Rajasthan,Railways,S.O. 4303(E)/2023,RAIL_SEC_20E,Competent Authority Land Acquisition (CALA) / SDM Rajasthan Central Revenue Division,QUERY_RAISED,58.0,42.34,73.0,144,180,1,Section 3H disbursement in progress; joint revenue measurement (JGM) completed for 73.0% alignment.
705774,Aligarh -Daud Khan Flyover Construction & 3rd Railway Line Project,Uttar Pradesh,Railways,S.O. 2689(E)/2020,RAIL_SEC_20E,Competent Authority Land Acquisition (CALA) / SDM Uttar Central Revenue Division,LOOPBACK,59.0,31.86,54.0,569,180,1,CALA Section 3G compensation award disputed in District Court; physical possession stalled for 27.1 Ha.
705918,Allahabad division - Aligarh - Harduaganj Flyover,Uttar Pradesh,Railways,S.O. 2838(E)/2019,RAIL_SEC_20E,Competent Authority Land Acquisition (CALA) / SDM Uttar Central Revenue Division,QUERY_RAISED,53.0,46.64,88.0,144,180,1,Section 3H disbursement in progress; joint revenue measurement (JGM) completed for 88.0% alignment.
705771,Allahabad-Bamhrauli Flyover Construction & 4th Railway Line Project,Uttar Pradesh,Railways,S.O. 2026(E)/2021,RAIL_SEC_20E,Competent Authority Land Acquisition (CALA) / SDM Uttar Central Revenue Division,APPROVED,71.0,71.0,100.0,84,180,0,100% land possession handed over to executing agency under Section 3D/19 mutation certificate.
705583,Anand Vihar-Tilak Bridge 3rd & 4th line,Delhi,Railways,S.O. 1321(E)/2019,RAIL_SEC_20E,Competent Authority Land Acquisition (CALA) / SDM Delhi Central Revenue Division,LOOPBACK,41.0,27.06,66.0,600,180,1,CALA Section 3G compensation award disputed in District Court; physical possession stalled for 13.9 Ha.
617252,Anandnagar - Ghugli via Maharajganj 50 km,Maharashtra,Railways,S.O. 1584(E)/2021,RAIL_SEC_20E,Competent Authority Land Acquisition (CALA) / SDM Maharashtra Central Revenue Division,APPROVED,64.0,64.0,100.0,75,180,0,100% land possession handed over to executing agency under Section 3D/19 mutation certificate.
705368,Araria Supaul New BG Line,Multi-State,Railways,S.O. 5310(E)/2021,RAIL_SEC_20E,Competent Authority Land Acquisition (CALA) / SDM Multi-State Central Revenue Division,LOOPBACK,50.0,32.5,65.0,600,180,1,CALA Section 3G compensation award disputed in District Court; physical possession stalled for 17.5 Ha.
611751,AURANGABAD-ANKAI - DOUBLING PROJECT 98.25 Km,Maharashtra,Railways,S.O. 2061(E)/2019,RAIL_SEC_20E,Competent Authority Land Acquisition (CALA) / SDM Maharashtra Central Revenue Division,APPROVED,61.0,61.0,100.0,52,180,0,100% land possession handed over to executing agency under Section 3D/19 mutation certificate.
617361,Babupeth - Sasti New Rail Line [13.114 KMs],Maharashtra,Railways,S.O. 4721(E)/2019,RAIL_SEC_20E,Competent Authority Land Acquisition (CALA) / SDM Maharashtra Central Revenue Division,APPROVED,71.0,71.0,100.0,75,180,0,100% land possession handed over to executing agency under Section 3D/19 mutation certificate.
616587,Badampahar-Kendujhargarh new line [82.06 km],Odisha,Railways,S.O. 3887(E)/2020,RAIL_SEC_20E,Competent Authority Land Acquisition (CALA) / SDM Odisha Central Revenue Division,APPROVED,57.0,57.0,100.0,55,180,0,100% land possession handed over to executing agency under Section 3D/19 mutation certificate.
705495,Bagalkot-Kudachi New Railway Line [142 km],Karnataka,Railways,S.O. 3134(E)/2021,RAIL_SEC_20E,Competent Authority Land Acquisition (CALA) / SDM Karnataka Central Revenue Division,APPROVED,64.0,64.0,100.0,55,180,0,100% land possession handed over to executing agency under Section 3D/19 mutation certificate.
705767,Baghuapal Flyover  Construction Project,Multi-State,Railways,S.O. 5337(E)/2023,RAIL_SEC_20E,Competent Authority Land Acquisition (CALA) / SDM Multi-State Central Revenue Division,APPROVED,72.0,72.0,100.0,107,180,0,100% land possession handed over to executing agency under Section 3D/19 mutation certificate.
705863,Bahraich - Nanpara - Nepalganj Road Gauge Conversion,Uttar Pradesh,Railways,S.O. 5032(E)/2022,RAIL_SEC_20E,Competent Authority Land Acquisition (CALA) / SDM Uttar Central Revenue Division,APPROVED,72.0,72.0,100.0,53,180,0,100% land possession handed over to executing agency under Section 3D/19 mutation certificate.
400204,Bahraich-Shravasti-Balrampur-Siddharthnagar -Santkabir nagar,Uttar Pradesh,Railways,S.O. 3823(E)/2023,RAIL_SEC_20E,Competent Authority Land Acquisition (CALA) / SDM Uttar Central Revenue Division,APPROVED,53.0,53.0,100.0,61,180,0,100% land possession handed over to executing agency under Section 3D/19 mutation certificate.
703586,Baiyyappanahalli - Hosur Doubling Project [48 km],Karnataka,Railways,S.O. 5255(E)/2020,RAIL_SEC_20E,Competent Authority Land Acquisition (CALA) / SDM Karnataka Central Revenue Division,QUERY_RAISED,55.0,46.75,85.0,220,180,1,Section 3H disbursement in progress; joint revenue measurement (JGM) completed for 85.0% alignment.
617824,Bakhtiyarpur-Rajgir-Tilaiya [Single line section]104km,Jharkhand,Railways,S.O. 3203(E)/2018,RAIL_SEC_20E,Competent Authority Land Acquisition (CALA) / SDM Jharkhand Central Revenue Division,APPROVED,48.0,48.0,100.0,61,180,0,100% land possession handed over to executing agency under Section 3D/19 mutation certificate.
705941,Bangalore Suburban Railway Project,Karnataka,Railways,S.O. 2683(E)/2023,RAIL_SEC_20E,Competent Authority Land Acquisition (CALA) / SDM Karnataka Central Revenue Division,LOOPBACK,53.0,25.44,48.0,600,180,1,CALA Section 3G compensation award disputed in District Court; physical possession stalled for 27.6 Ha.
705464,Bangalore-Satyamanglam New Line Project [260 Km] - Part Hejjala - Chamarajanagar [142 Km],Karnataka,Railways,S.O. 3113(E)/2022,RAIL_SEC_20E,Competent Authority Land Acquisition (CALA) / SDM Karnataka Central Revenue Division,APPROVED,63.0,63.0,100.0,105,180,0,100% land possession handed over to executing agency under Section 3D/19 mutation certificate.
705663,Bangalore-Whitefield-Bangalore City-Krishnarajapuram [23.08 km] - Quadrupling,Karnataka,Railways,S.O. 2851(E)/2022,RAIL_SEC_20E,Competent Authority Land Acquisition (CALA) / SDM Karnataka Central Revenue Division,APPROVED,41.0,41.0,100.0,66,180,0,100% land possession handed over to executing agency under Section 3D/19 mutation certificate.
616586,Bangriposi-Gorumahisani new line [ 85.60 km ],Odisha,Railways,S.O. 2926(E)/2023,RAIL_SEC_20E,Competent Authority Land Acquisition (CALA) / SDM Odisha Central Revenue Division,APPROVED,51.0,51.0,100.0,78,180,0,100% land possession handed over to executing agency under Section 3D/19 mutation certificate.
705782,Barabanki-Malhaur 3rd & 4th Railway Line Project,Uttar Pradesh,Railways,S.O. 4379(E)/2023,RAIL_SEC_20E,Competent Authority Land Acquisition (CALA) / SDM Uttar Central Revenue Division,QUERY_RAISED,74.0,65.86,89.0,192,180,1,Section 3H disbursement in progress; joint revenue measurement (JGM) completed for 89.0% alignment.
705357,Baramati Lonand New Line Project,Multi-State,Railways,S.O. 1090(E)/2022,RAIL_SEC_20E,Competent Authority Land Acquisition (CALA) / SDM Multi-State Central Revenue Division,APPROVED,55.0,55.0,100.0,99,180,0,100% land possession handed over to executing agency under Section 3D/19 mutation certificate.
706777,Baranagar-Barrackpore and Dakshineshwar- Construction of Metro Railway,West Bengal,Railways,S.O. 2417(E)/2020,RAIL_SEC_20E,Competent Authority Land Acquisition (CALA) / SDM West Central Revenue Division,APPROVED,72.0,72.0,100.0,72,180,0,100% land possession handed over to executing agency under Section 3D/19 mutation certificate.
706860,Barauni-Bachwara [16 km] - 3rd & 4th line incl. Barauni yard remodelling [32 km],Bihar,Railways,S.O. 3336(E)/2020,RAIL_SEC_20E,Competent Authority Land Acquisition (CALA) / SDM Bihar Central Revenue Division,QUERY_RAISED,66.0,56.76,86.0,220,180,1,Section 3H disbursement in progress; joint revenue measurement (JGM) completed for 86.0% alignment.
706835,Belgaum-Dharwad via Kittur [73.10Km],Karnataka,Railways,S.O. 3748(E)/2020,RAIL_SEC_20E,Competent Authority Land Acquisition (CALA) / SDM Karnataka Central Revenue Division,QUERY_RAISED,73.0,56.94,78.0,220,180,1,Section 3H disbursement in progress; joint revenue measurement (JGM) completed for 78.0% alignment.
705510,Bhadrak-Nergundi Third Line,Odisha,Railways,S.O. 2992(E)/2018,RAIL_SEC_20E,Competent Authority Land Acquisition (CALA) / SDM Odisha Central Revenue Division,QUERY_RAISED,42.0,34.44,82.0,220,180,1,Section 3H disbursement in progress; joint revenue measurement (JGM) completed for 82.0% alignment.
705777,Bhandai - Flyover for Etawah bound down train- 10 Km,Himachal Pradesh,Railways,S.O. 1331(E)/2021,RAIL_SEC_20E,Competent Authority Land Acquisition (CALA) / SDM Himachal Central Revenue Division,QUERY_RAISED,56.0,45.36,81.0,192,180,1,Section 3H disbursement in progress; joint revenue measurement (JGM) completed for 81.0% alignment.
705428,Bhanupalli-Bilaspur-Beri New Railway Line Project,Himachal Pradesh,Railways,S.O. 1150(E)/2022,RAIL_SEC_20E,Competent Authority Land Acquisition (CALA) / SDM Himachal Central Revenue Division,QUERY_RAISED,40.0,32.0,80.0,192,180,1,Section 3H disbursement in progress; joint revenue measurement (JGM) completed for 80.0% alignment.
705780,Bhatni-Aurnihar with electrification excluding Indara-Mau,Madhya Pradesh,Railways,EXEMPT/ROW/705780,EXISTING_ROW_EXEMPT,Competent Authority / Not Applicable (Existing RoW),NOT_APPLICABLE,0.0,0.0,100.0,0,180,0,Project executes within pre-existing sanctioned Right of Way / Plant Boundary.
611884,Bhiwani - Dobh Bahali Doubling Project [42.30 Km],Haryana,Railways,S.O. 3566(E)/2018,RAIL_SEC_20E,Competent Authority Land Acquisition (CALA) / SDM Haryana Central Revenue Division,APPROVED,66.0,66.0,100.0,70,180,0,100% land possession handed over to executing agency under Section 3D/19 mutation certificate.
706854,Boridand - Ambikapur Doubling Line Project,Madhya Pradesh,Railways,S.O. 2020(E)/2022,RAIL_SEC_20E,Competent Authority Land Acquisition (CALA) / SDM Madhya Central Revenue Division,APPROVED,50.0,50.0,100.0,84,180,0,100% land possession handed over to executing agency under Section 3D/19 mutation certificate.
705722,BRM Machine Procurement Project,Multi-State,Railways,S.O. 5334(E)/2023,RAIL_SEC_20E,Competent Authority Land Acquisition (CALA) / SDM Multi-State Central Revenue Division,LOOPBACK,54.0,31.86,59.0,600,180,1,CALA Section 3G compensation award disputed in District Court; physical possession stalled for 22.1 Ha.
400232,Brundamal-Jharsuguda- flyover connection for joining downline,Odisha,Railways,S.O. 1245(E)/2019,RAIL_SEC_20E,Competent Authority Land Acquisition (CALA) / SDM Odisha Central Revenue Division,APPROVED,60.0,60.0,100.0,96,180,0,100% land possession handed over to executing agency under Section 3D/19 mutation certificate.
616588,Buramara-Chakulia new line [59.96 km],Odisha,Railways,S.O. 4005(E)/2022,RAIL_SEC_20E,Competent Authority Land Acquisition (CALA) / SDM Odisha Central Revenue Division,APPROVED,40.0,40.0,100.0,92,180,0,100% land possession handed over to executing agency under Section 3D/19 mutation certificate.
705567,Burhwal Gonda 3rd line,Multi-State,Railways,S.O. 5002(E)/2018,RAIL_SEC_20E,Competent Authority Land Acquisition (CALA) / SDM Multi-State Central Revenue Division,APPROVED,52.0,52.0,100.0,101,180,0,100% land possession handed over to executing agency under Section 3D/19 mutation certificate.
705396,Byrnihat-Shillong New Rail Line- 108 km,Meghalaya,Railways,S.O. 3252(E)/2023,RAIL_SEC_20E,Competent Authority Land Acquisition (CALA) / SDM Meghalaya Central Revenue Division,LOOPBACK,52.0,24.44,47.0,600,180,1,CALA Section 3G compensation award disputed in District Court; physical possession stalled for 27.6 Ha.
706865,Chandargaon - Cansaulium Rail Flyover Project [16 Km],Multi-State,Railways,S.O. 3789(E)/2018,RAIL_SEC_20E,Competent Authority Land Acquisition (CALA) / SDM Multi-State Central Revenue Division,APPROVED,59.0,59.0,100.0,102,180,0,100% land possession handed over to executing agency under Section 3D/19 mutation certificate.
705424,Chandigarh-Baddi New Rail Line- 36 km,Chandigarh,Railways,S.O. 2167(E)/2020,RAIL_SEC_20E,Competent Authority Land Acquisition (CALA) / SDM Chandigarh Central Revenue Division,APPROVED,57.0,57.0,100.0,60,180,0,100% land possession handed over to executing agency under Section 3D/19 mutation certificate.
616227,Chandil - Anara - Damodar - 3rd line [121.26 km],West Bengal,Railways,S.O. 3092(E)/2023,RAIL_SEC_20E,Competent Authority Land Acquisition (CALA) / SDM West Central Revenue Division,APPROVED,67.0,67.0,100.0,76,180,0,100% land possession handed over to executing agency under Section 3D/19 mutation certificate.
705562,Chhapra-Ballia Patch Doubling,Bihar,Railways,S.O. 3312(E)/2022,RAIL_SEC_20E,Competent Authority Land Acquisition (CALA) / SDM Bihar Central Revenue Division,APPROVED,47.0,47.0,100.0,73,180,0,100% land possession handed over to executing agency under Section 3D/19 mutation certificate.
705454,Chhota Udaipur - Dhar New Line Project [157 km],Gujarat,Railways,S.O. 2223(E)/2021,RAIL_SEC_20E,Competent Authority Land Acquisition (CALA) / SDM Gujarat Central Revenue Division,APPROVED,43.0,43.0,100.0,53,180,0,100% land possession handed over to executing agency under Section 3D/19 mutation certificate.
705756,Chirimiri-Nagpur Halt New Railway Line Project,Maharashtra,Railways,S.O. 5050(E)/2021,RAIL_SEC_20E,Competent Authority Land Acquisition (CALA) / SDM Maharashtra Central Revenue Division,APPROVED,55.0,55.0,100.0,88,180,0,100% land possession handed over to executing agency under Section 3D/19 mutation certificate.
611969,Choranda Motikoral 18 Kms,Multi-State,Railways,S.O. 4294(E)/2018,RAIL_SEC_20E,Competent Authority Land Acquisition (CALA) / SDM Multi-State Central Revenue Division,APPROVED,69.0,69.0,100.0,47,180,0,100% land possession handed over to executing agency under Section 3D/19 mutation certificate.
617284,Chunar-Chopan doubling project,Uttar Pradesh,Railways,S.O. 5224(E)/2022,RAIL_SEC_20E,Competent Authority Land Acquisition (CALA) / SDM Uttar Central Revenue Division,APPROVED,49.0,49.0,100.0,74,180,0,100% land possession handed over to executing agency under Section 3D/19 mutation certificate.
705244,Coach Production Factory Upgradation Project,Multi-State,Railways,S.O. 3604(E)/2022,RAIL_SEC_20E,Competent Authority Land Acquisition (CALA) / SDM Multi-State Central Revenue Division,APPROVED,69.0,69.0,100.0,73,180,0,100% land possession handed over to executing agency under Section 3D/19 mutation certificate.
612096,Construction of Balurghat-Hilli new BG Line,West Bengal,Railways,S.O. 4831(E)/2023,RAIL_SEC_20E,Competent Authority Land Acquisition (CALA) / SDM West Central Revenue Division,APPROVED,41.0,41.0,100.0,45,180,0,100% land possession handed over to executing agency under Section 3D/19 mutation certificate.
617231,Construction of Bulb line at Nabinagar  Ankorah of East Central Railway,Multi-State,Railways,S.O. 4114(E)/2018,RAIL_SEC_20E,Competent Authority Land Acquisition (CALA) / SDM Multi-State Central Revenue Division,APPROVED,64.0,64.0,100.0,54,180,0,100% land possession handed over to executing agency under Section 3D/19 mutation certificate.
705762,Construction of New BG line between Hassan [Alur] to Belur [ Km 27.34],Karnataka,Railways,S.O. 5427(E)/2021,RAIL_SEC_20E,Competent Authority Land Acquisition (CALA) / SDM Karnataka Central Revenue Division,APPROVED,42.0,42.0,100.0,52,180,0,100% land possession handed over to executing agency under Section 3D/19 mutation certificate.
400023,Construction of New BG line between Hassan to Belur [27 Km],Karnataka,Railways,S.O. 4636(E)/2018,RAIL_SEC_20E,Competent Authority Land Acquisition (CALA) / SDM Karnataka Central Revenue Division,QUERY_RAISED,71.0,61.06,86.0,220,180,1,Section 3H disbursement in progress; joint revenue measurement (JGM) completed for 86.0% alignment.
611977,Dahod Creation of Infrastructure facilities for 9000 HP Electric locomotives Manufacturing  at,Multi-State,Railways,S.O. 5391(E)/2019,RAIL_SEC_20E,Competent Authority Land Acquisition (CALA) / SDM Multi-State Central Revenue Division,APPROVED,66.0,66.0,100.0,74,180,0,100% land possession handed over to executing agency under Section 3D/19 mutation certificate.
611978,Dahod Rolling Stock Workshop Provision of Infrastructure for CBS at,Multi-State,Railways,EXEMPT/ROW/611978,EXISTING_ROW_EXEMPT,Competent Authority / Not Applicable (Existing RoW),NOT_APPLICABLE,0.0,0.0,100.0,0,180,0,Project executes within pre-existing sanctioned Right of Way / Plant Boundary.
617374,"Dallirajhara - Rowghat New Rail Line Project, Phase-I",Chhattisgarh,Railways,S.O. 2285(E)/2020,RAIL_SEC_20E,Competent Authority Land Acquisition (CALA) / SDM Chhattisgarh Central Revenue Division,QUERY_RAISED,60.0,45.0,75.0,176,180,1,Section 3H disbursement in progress; joint revenue measurement (JGM) completed for 75.0% alignment.
705433,Dallirajhra- Rowghat New Railway Line - Phase I [95 km],Chhattisgarh,Railways,S.O. 3164(E)/2021,RAIL_SEC_20E,Competent Authority Land Acquisition (CALA) / SDM Chhattisgarh Central Revenue Division,APPROVED,64.0,64.0,100.0,53,180,0,100% land possession handed over to executing agency under Section 3D/19 mutation certificate.
706836,Dedicated Test Track for RDSO /Phase-II Project,Multi-State,Railways,S.O. 4640(E)/2020,RAIL_SEC_20E,Competent Authority Land Acquisition (CALA) / SDM Multi-State Central Revenue Division,APPROVED,70.0,70.0,100.0,49,180,0,100% land possession handed over to executing agency under Section 3D/19 mutation certificate.
611614,Dedicated Test Track for RDSO Phase II,Multi-State,Railways,S.O. 2328(E)/2022,RAIL_SEC_20E,Competent Authority Land Acquisition (CALA) / SDM Multi-State Central Revenue Division,APPROVED,68.0,68.0,100.0,87,180,0,100% land possession handed over to executing agency under Section 3D/19 mutation certificate.
617880,Desalpar-Hajipir-Luna and Vayor-Lakhpat New Line,Gujarat,Railways,S.O. 2507(E)/2020,RAIL_SEC_20E,Competent Authority Land Acquisition (CALA) / SDM Gujarat Central Revenue Division,APPROVED,62.0,62.0,100.0,54,180,0,100% land possession handed over to executing agency under Section 3D/19 mutation certificate.
618972,Devbhumi Dwarka [Okha] - Kanalus Doubling,Gujarat,Railways,S.O. 3785(E)/2023,RAIL_SEC_20E,Competent Authority Land Acquisition (CALA) / SDM Gujarat Central Revenue Division,APPROVED,70.0,70.0,100.0,110,180,0,100% land possession handed over to executing agency under Section 3D/19 mutation certificate.
617379,Development of New Bijwasan Railway Terminal,Delhi,Railways,S.O. 4770(E)/2018,RAIL_SEC_20E,Competent Authority Land Acquisition (CALA) / SDM Delhi Central Revenue Division,LOOPBACK,65.0,42.25,65.0,600,180,1,CALA Section 3G compensation award disputed in District Court; physical possession stalled for 22.8 Ha.
611849,Devgarh Madariya - Nathdwara Gauge Conversion [82.54 Km] part of Marwar - Mavli Gauge Conversion [152 Km],Multi-State,Railways,S.O. 5195(E)/2018,RAIL_SEC_20E,Competent Authority Land Acquisition (CALA) / SDM Multi-State Central Revenue Division,APPROVED,40.0,40.0,100.0,75,180,0,100% land possession handed over to executing agency under Section 3D/19 mutation certificate.
611855,Devgarh Madariya - Nathdwara Gauge Conversion [82.54 Km] part of Marwar - Mavli Gauge Conversion [152 Km],Multi-State,Railways,S.O. 1248(E)/2018,RAIL_SEC_20E,Competent Authority Land Acquisition (CALA) / SDM Multi-State Central Revenue Division,APPROVED,63.0,63.0,100.0,80,180,0,100% land possession handed over to executing agency under Section 3D/19 mutation certificate.
613003,Dharamjaigarh-Korba 63 km,Chhattisgarh,Railways,S.O. 4673(E)/2021,RAIL_SEC_20E,Competent Authority Land Acquisition (CALA) / SDM Chhattisgarh Central Revenue Division,APPROVED,53.0,53.0,100.0,107,180,0,100% land possession handed over to executing agency under Section 3D/19 mutation certificate.
705482,Dholpur - Sirmuttra Gauge Conversion,Rajasthan,Railways,S.O. 1142(E)/2018,RAIL_SEC_20E,Competent Authority Land Acquisition (CALA) / SDM Rajasthan Central Revenue Division,LOOPBACK,52.0,34.84,67.0,600,180,1,CALA Section 3G compensation award disputed in District Court; physical possession stalled for 17.2 Ha.
400019,DHULE [BORVIHIR] - NARDANA NEW LINE [50.60 KMS],Maharashtra,Railways,S.O. 4143(E)/2021,RAIL_SEC_20E,Competent Authority Land Acquisition (CALA) / SDM Maharashtra Central Revenue Division,QUERY_RAISED,68.0,49.64,73.0,144,180,1,Section 3H disbursement in progress; joint revenue measurement (JGM) completed for 73.0% alignment.
705392,Dimapur [Dhansiri]-Sukhobi Kohima [Zubza] NL [82.5 Km],Nagaland,Railways,S.O. 2191(E)/2020,RAIL_SEC_20E,Competent Authority Land Acquisition (CALA) / SDM Nagaland Central Revenue Division,QUERY_RAISED,51.0,41.31,81.0,145,180,1,Section 3H disbursement in progress; joint revenue measurement (JGM) completed for 81.0% alignment.
705566,Domingarh-Gorakhpur-Gorakhpur Cantt.-Kusumhi - 3rd Railway Line Project,Uttar Pradesh,Railways,S.O. 1597(E)/2023,RAIL_SEC_20E,Competent Authority Land Acquisition (CALA) / SDM Uttar Central Revenue Division,APPROVED,72.0,72.0,100.0,72,180,0,100% land possession handed over to executing agency under Section 3D/19 mutation certificate.
617364,Double Chord line Between Nilaje-Kopar,Maharashtra,Railways,S.O. 2155(E)/2021,RAIL_SEC_20E,Competent Authority Land Acquisition (CALA) / SDM Maharashtra Central Revenue Division,APPROVED,60.0,60.0,100.0,61,180,0,100% land possession handed over to executing agency under Section 3D/19 mutation certificate.
616856,Doubling between Bhadrachalam Road and Dornakal,Telangana,Railways,S.O. 1323(E)/2020,RAIL_SEC_20E,Competent Authority Land Acquisition (CALA) / SDM Telangana Central Revenue Division,APPROVED,43.0,43.0,100.0,105,180,0,100% land possession handed over to executing agency under Section 3D/19 mutation certificate.
617370,Doubling between Jaunpur Jn - Zaffarabad 6.28 km,Multi-State,Railways,S.O. 2072(E)/2018,RAIL_SEC_20E,Competent Authority Land Acquisition (CALA) / SDM Multi-State Central Revenue Division,APPROVED,52.0,52.0,100.0,76,180,0,100% land possession handed over to executing agency under Section 3D/19 mutation certificate.
900872,DOUBLING BETWEEN JAUNPUR JN-ZAFFARABAD [6.28 KM],Multi-State,Railways,S.O. 4387(E)/2022,RAIL_SEC_20E,Competent Authority Land Acquisition (CALA) / SDM Multi-State Central Revenue Division,QUERY_RAISED,67.0,51.59,77.0,220,180,1,Section 3H disbursement in progress; joint revenue measurement (JGM) completed for 77.0% alignment.
616857,Doubling between Motumari  Vishnupuram - 88.81 Km and Rail over Rail - RoR at Motumari - 10.877 Km,Telangana,Railways,S.O. 4749(E)/2022,RAIL_SEC_20E,Competent Authority Land Acquisition (CALA) / SDM Telangana Central Revenue Division,APPROVED,69.0,69.0,100.0,105,180,0,100% land possession handed over to executing agency under Section 3D/19 mutation certificate.
617212,Doubling between Mudkhed  Medchal & Mahbubnagar  Dhone section 417.88 Km,Multi-State,Railways,S.O. 5461(E)/2019,RAIL_SEC_20E,Competent Authority Land Acquisition (CALA) / SDM Multi-State Central Revenue Division,APPROVED,46.0,46.0,100.0,97,180,0,100% land possession handed over to executing agency under Section 3D/19 mutation certificate.
617215,Doubling between Parbhani  Parli Vaijanath stations  64.71 Km,Multi-State,Railways,S.O. 2335(E)/2021,RAIL_SEC_20E,Competent Authority Land Acquisition (CALA) / SDM Multi-State Central Revenue Division,APPROVED,50.0,50.0,100.0,69,180,0,100% land possession handed over to executing agency under Section 3D/19 mutation certificate.
617372,Doubling between Pradhankunta-Patherih-Bhojudih of East Central Railway,Multi-State,Railways,S.O. 5455(E)/2018,RAIL_SEC_20E,Competent Authority Land Acquisition (CALA) / SDM Multi-State Central Revenue Division,APPROVED,70.0,70.0,100.0,57,180,0,100% land possession handed over to executing agency under Section 3D/19 mutation certificate.
705504,Doubling of Daund Manmad Line [247.6 km],Multi-State,Railways,S.O. 2297(E)/2020,RAIL_SEC_20E,Competent Authority Land Acquisition (CALA) / SDM Multi-State Central Revenue Division,APPROVED,57.0,57.0,100.0,57,180,0,100% land possession handed over to executing agency under Section 3D/19 mutation certificate.
617211,Doubling of Guntur Bibinagar 239 Km,Multi-State,Railways,S.O. 4942(E)/2023,RAIL_SEC_20E,Competent Authority Land Acquisition (CALA) / SDM Multi-State Central Revenue Division,APPROVED,62.0,62.0,100.0,100,180,0,100% land possession handed over to executing agency under Section 3D/19 mutation certificate.
705628,Doubling of Hatia [Ranchi]-Bondamunda Rail Line - 159 km,Jharkhand,Railways,S.O. 1306(E)/2019,RAIL_SEC_20E,Competent Authority Land Acquisition (CALA) / SDM Jharkhand Central Revenue Division,QUERY_RAISED,66.0,50.16,76.0,192,180,1,Section 3H disbursement in progress; joint revenue measurement (JGM) completed for 76.0% alignment.
705660,Doubling of Katni - Singrauli Railway Line [261 km],Madhya Pradesh,Railways,S.O. 3968(E)/2019,RAIL_SEC_20E,Competent Authority Land Acquisition (CALA) / SDM Madhya Central Revenue Division,APPROVED,58.0,58.0,100.0,90,180,0,100% land possession handed over to executing agency under Section 3D/19 mutation certificate.
400291,Doubling of Kirandul-Jagdalpur Line [150 km],Chhattisgarh,Railways,S.O. 3442(E)/2019,RAIL_SEC_20E,Competent Authority Land Acquisition (CALA) / SDM Chhattisgarh Central Revenue Division,LOOPBACK,47.0,26.79,57.0,600,180,1,CALA Section 3G compensation award disputed in District Court; physical possession stalled for 20.2 Ha.
705512,Doubling of Kottavalasa-Koraput Rail Line [189 KM],Andhra Pradesh,Railways,S.O. 5190(E)/2022,RAIL_SEC_20E,Competent Authority Land Acquisition (CALA) / SDM Andhra Central Revenue Division,LOOPBACK,50.0,32.5,65.0,600,180,1,CALA Section 3G compensation award disputed in District Court; physical possession stalled for 17.5 Ha.
400048,Doubling of lines connecting the loading spurs in Talcher Yard.,Odisha,Railways,S.O. 2889(E)/2018,RAIL_SEC_20E,Competent Authority Land Acquisition (CALA) / SDM Odisha Central Revenue Division,QUERY_RAISED,44.0,34.76,79.0,220,180,1,Section 3H disbursement in progress; joint revenue measurement (JGM) completed for 79.0% alignment.
400047,Doubling of Lingaraj SILO connectivity of NTPC line and augmentation of NTPC exchange yard and NTPC Block Cabin.,Uttar Pradesh,Railways,EXEMPT/ROW/400047,EXISTING_ROW_EXEMPT,Competent Authority / Not Applicable (Existing RoW),NOT_APPLICABLE,0.0,0.0,100.0,0,180,0,Project executes within pre-existing sanctioned Right of Way / Plant Boundary.
617239,Doubling of Narkatiaganj  Raxaul Sitamarhi Darbhanga & Sitamarhi  Muzaffarpur 256 KM,Multi-State,Railways,S.O. 5052(E)/2023,RAIL_SEC_20E,Competent Authority Land Acquisition (CALA) / SDM Multi-State Central Revenue Division,APPROVED,62.0,62.0,100.0,99,180,0,100% land possession handed over to executing agency under Section 3D/19 mutation certificate.
705572,Doubling of New Bonggigaon to Kamakhya via Goalpara - 176 km,Multi-State,Railways,S.O. 1351(E)/2023,RAIL_SEC_20E,Competent Authority Land Acquisition (CALA) / SDM Multi-State Central Revenue Division,APPROVED,41.0,41.0,100.0,97,180,0,100% land possession handed over to executing agency under Section 3D/19 mutation certificate.
705721,DTS Machine Procurement Project,Multi-State,Railways,S.O. 4768(E)/2019,RAIL_SEC_20E,Competent Authority Land Acquisition (CALA) / SDM Multi-State Central Revenue Division,QUERY_RAISED,43.0,33.54,78.0,220,180,1,Section 3H disbursement in progress; joint revenue measurement (JGM) completed for 78.0% alignment.
400277,Dum Dum Airport-New Garia via Rajarhat-Construction of Metro Railway,West Bengal,Railways,S.O. 4468(E)/2020,RAIL_SEC_20E,Competent Authority Land Acquisition (CALA) / SDM West Central Revenue Division,APPROVED,63.0,63.0,100.0,104,180,0,100% land possession handed over to executing agency under Section 3D/19 mutation certificate.
705639,Ernakulam-Kumbalam doubling project [7.71 Km],Kerala,Railways,S.O. 1344(E)/2021,RAIL_SEC_20E,Competent Authority Land Acquisition (CALA) / SDM Kerala Central Revenue Division,APPROVED,44.0,44.0,100.0,51,180,0,100% land possession handed over to executing agency under Section 3D/19 mutation certificate.
705373,"Fatuha-Islampur incl. MM for extn.of NL from Neora to Daniawan , Daniawan to  Biharsharif, Biharsharif to Barbigha , Barbigha to Shekhpura",Bihar,Railways,S.O. 5282(E)/2022,RAIL_SEC_20E,Competent Authority Land Acquisition (CALA) / SDM Bihar Central Revenue Division,LOOPBACK,47.0,31.49,67.0,600,180,1,CALA Section 3G compensation award disputed in District Court; physical possession stalled for 15.5 Ha.
612827,Flyover between Pendurthi and Simhachalam North to avoid surface crossing at Simhachalam  7.135 km    PB 73 of 2023  24 NR,Andhra Pradesh,Railways,S.O. 3610(E)/2020,RAIL_SEC_20E,Competent Authority Land Acquisition (CALA) / SDM Andhra Central Revenue Division,APPROVED,60.0,60.0,100.0,57,180,0,100% land possession handed over to executing agency under Section 3D/19 mutation certificate.
616694,Flyover between Siju and Paradeep coaching Yard to avoid Surface crossing of trains,Odisha,Railways,S.O. 1020(E)/2023,RAIL_SEC_20E,Competent Authority Land Acquisition (CALA) / SDM Odisha Central Revenue Division,APPROVED,45.0,45.0,100.0,52,180,0,100% land possession handed over to executing agency under Section 3D/19 mutation certificate.
618986,Furkating-New Tinsukia[194 Km],Assam,Railways,S.O. 2289(E)/2021,RAIL_SEC_20E,Competent Authority Land Acquisition (CALA) / SDM Assam Central Revenue Division,APPROVED,64.0,64.0,100.0,96,180,0,100% land possession handed over to executing agency under Section 3D/19 mutation certificate.
705490,Gadag-Wadi New Railway Line [257 km],Karnataka,Railways,S.O. 3292(E)/2023,RAIL_SEC_20E,Competent Authority Land Acquisition (CALA) / SDM Karnataka Central Revenue Division,QUERY_RAISED,67.0,54.94,82.0,144,180,1,Section 3H disbursement in progress; joint revenue measurement (JGM) completed for 82.0% alignment.
709811,GANDHAMARDAN IRON ORE MINES TO GOALDIH STATION/12.76kms,Multi-State,Railways,S.O. 3775(E)/2021,RAIL_SEC_20E,Competent Authority Land Acquisition (CALA) / SDM Multi-State Central Revenue Division,APPROVED,55.0,55.0,100.0,88,180,0,100% land possession handed over to executing agency under Section 3D/19 mutation certificate.
602792,Gauge Conversion of Kendri-Dhamtari  including Abhanpur - Rajim Branch line 67.20 Kms - 2nd Material Modification to Raipur Titlagarh doubling.,Chhattisgarh,Railways,S.O. 5054(E)/2019,RAIL_SEC_20E,Competent Authority Land Acquisition (CALA) / SDM Chhattisgarh Central Revenue Division,QUERY_RAISED,49.0,41.16,84.0,220,180,1,Section 3H disbursement in progress; joint revenue measurement (JGM) completed for 84.0% alignment.
612845,Gauge Conversion of Pachora-Jamner with Extension upto Malkapur [Bodwad] [84.34 Kms],Maharashtra,Railways,S.O. 5139(E)/2018,RAIL_SEC_20E,Competent Authority Land Acquisition (CALA) / SDM Maharashtra Central Revenue Division,APPROVED,64.0,64.0,100.0,58,180,0,100% land possession handed over to executing agency under Section 3D/19 mutation certificate.
705444,Gevra Road-Pendra Road New Railway Line [135 km],Chhattisgarh,Railways,S.O. 4848(E)/2023,RAIL_SEC_20E,Competent Authority Land Acquisition (CALA) / SDM Chhattisgarh Central Revenue Division,LOOPBACK,68.0,36.04,53.0,600,180,1,CALA Section 3G compensation award disputed in District Court; physical possession stalled for 32.0 Ha.
617321,Godhani-Kalumna Chord 13.7 km,Maharashtra,Railways,S.O. 2495(E)/2022,RAIL_SEC_20E,Competent Authority Land Acquisition (CALA) / SDM Maharashtra Central Revenue Division,APPROVED,65.0,65.0,100.0,76,180,0,100% land possession handed over to executing agency under Section 3D/19 mutation certificate.
705765,Gomoh - Flyover for DN trains,Jharkhand,Railways,S.O. 2510(E)/2022,RAIL_SEC_20E,Competent Authority Land Acquisition (CALA) / SDM Jharkhand Central Revenue Division,APPROVED,40.0,40.0,100.0,69,180,0,100% land possession handed over to executing agency under Section 3D/19 mutation certificate.
618978,Gondia - Dongargarh 4th line [84 Km],Maharashtra,Railways,S.O. 2358(E)/2023,RAIL_SEC_20E,Competent Authority Land Acquisition (CALA) / SDM Maharashtra Central Revenue Division,APPROVED,63.0,63.0,100.0,69,180,0,100% land possession handed over to executing agency under Section 3D/19 mutation certificate.
617201,Gondia-Balharshah [Chanda Fort] Doubling [240 Km],Maharashtra,Railways,S.O. 2151(E)/2019,RAIL_SEC_20E,Competent Authority Land Acquisition (CALA) / SDM Maharashtra Central Revenue Division,APPROVED,56.0,56.0,100.0,102,180,0,100% land possession handed over to executing agency under Section 3D/19 mutation certificate.
611752,GOOTY-PENDEKALLU DOUBLING  29.225 Km,Andhra Pradesh,Railways,S.O. 2959(E)/2022,RAIL_SEC_20E,Competent Authority Land Acquisition (CALA) / SDM Andhra Central Revenue Division,APPROVED,59.0,59.0,100.0,62,180,0,100% land possession handed over to executing agency under Section 3D/19 mutation certificate.
617224,Gorakhpur-Valmikinagar Doubling project,Uttar Pradesh,Railways,S.O. 3843(E)/2021,RAIL_SEC_20E,Competent Authority Land Acquisition (CALA) / SDM Uttar Central Revenue Division,APPROVED,73.0,73.0,100.0,99,180,0,100% land possession handed over to executing agency under Section 3D/19 mutation certificate.
705752,Gudha-Thatha Mithri Construction of Railway Track Project,Madhya Pradesh,Railways,S.O. 3741(E)/2021,RAIL_SEC_20E,Competent Authority Land Acquisition (CALA) / SDM Madhya Central Revenue Division,APPROVED,71.0,71.0,100.0,68,180,0,100% land possession handed over to executing agency under Section 3D/19 mutation certificate.
611754,GUNTAKAL WEST-MALLAPPA GATE RAIL OVER RAIL - ROR TRACK,Andhra Pradesh,Railways,S.O. 4431(E)/2019,RAIL_SEC_20E,Competent Authority Land Acquisition (CALA) / SDM Andhra Central Revenue Division,APPROVED,46.0,46.0,100.0,80,180,0,100% land possession handed over to executing agency under Section 3D/19 mutation certificate.
705633,Guntur-Guntakal Doubling Project,Andhra Pradesh,Railways,S.O. 4294(E)/2018,RAIL_SEC_20E,Competent Authority Land Acquisition (CALA) / SDM Andhra Central Revenue Division,QUERY_RAISED,64.0,53.76,84.0,192,180,1,Section 3H disbursement in progress; joint revenue measurement (JGM) completed for 84.0% alignment.
706922,Guwahati-Dibrugarh via Tinsukia & Simaluguri-Dibrugarh,Assam,Railways,S.O. 1495(E)/2021,RAIL_SEC_20E,Competent Authority Land Acquisition (CALA) / SDM Assam Central Revenue Division,LOOPBACK,40.0,24.0,60.0,600,180,1,CALA Section 3G compensation award disputed in District Court; physical possession stalled for 16.0 Ha.
705419,Gwalior - Seopurkala with extension to Kota [Gauge Conversion],Madhya Pradesh,Railways,S.O. 2836(E)/2022,RAIL_SEC_20E,Competent Authority Land Acquisition (CALA) / SDM Madhya Central Revenue Division,QUERY_RAISED,56.0,48.16,86.0,176,180,1,Section 3H disbursement in progress; joint revenue measurement (JGM) completed for 86.0% alignment.
705366,Hajipur-Sagauli New line,Bihar,Railways,S.O. 4159(E)/2021,RAIL_SEC_20E,Competent Authority Land Acquisition (CALA) / SDM Bihar Central Revenue Division,LOOPBACK,64.0,34.56,54.0,600,180,1,CALA Section 3G compensation award disputed in District Court; physical possession stalled for 29.4 Ha.
706942,Harmuty-Murkongselek Branch Line Electrification Project,Multi-State,Railways,EXEMPT/ROW/706942,EXISTING_ROW_EXEMPT,Competent Authority / Not Applicable (Existing RoW),NOT_APPLICABLE,0.0,0.0,100.0,0,180,0,Project executes within pre-existing sanctioned Right of Way / Plant Boundary.
611939,Himatnagar Khedbrahma  55 km,Multi-State,Railways,S.O. 1979(E)/2021,RAIL_SEC_20E,Competent Authority Land Acquisition (CALA) / SDM Multi-State Central Revenue Division,LOOPBACK,69.0,44.16,64.0,600,180,1,CALA Section 3G compensation award disputed in District Court; physical possession stalled for 24.8 Ha.
705650,Hospet - Tinaighat - Vasco Rail Doubling Project,Karnataka,Railways,S.O. 4796(E)/2021,RAIL_SEC_20E,Competent Authority Land Acquisition (CALA) / SDM Karnataka Central Revenue Division,QUERY_RAISED,56.0,48.16,86.0,144,180,1,Section 3H disbursement in progress; joint revenue measurement (JGM) completed for 86.0% alignment.
706950,Hospet-Hubli-Vasco da Gama Line Electrification Project,Karnataka,Railways,EXEMPT/ROW/706950,EXISTING_ROW_EXEMPT,Competent Authority / Not Applicable (Existing RoW),NOT_APPLICABLE,0.0,0.0,100.0,0,180,0,Project executes within pre-existing sanctioned Right of Way / Plant Boundary.
705662,Hotgi-Kudgi-Gadag Doubling Project,Maharashtra,Railways,S.O. 4672(E)/2023,RAIL_SEC_20E,Competent Authority Land Acquisition (CALA) / SDM Maharashtra Central Revenue Division,QUERY_RAISED,42.0,34.44,82.0,220,180,1,Section 3H disbursement in progress; joint revenue measurement (JGM) completed for 82.0% alignment.
705493,Hubli-Ankola New Line Project [164.44 km],Karnataka,Railways,S.O. 2859(E)/2020,RAIL_SEC_20E,Competent Authority Land Acquisition (CALA) / SDM Karnataka Central Revenue Division,LOOPBACK,64.0,47.36,74.0,600,180,1,CALA Section 3G compensation award disputed in District Court; physical possession stalled for 16.6 Ha.
705763,Indore - Budni New Railway Line [198 kms],Madhya Pradesh,Railways,S.O. 3765(E)/2022,RAIL_SEC_20E,Competent Authority Land Acquisition (CALA) / SDM Madhya Central Revenue Division,APPROVED,40.0,40.0,100.0,104,180,0,100% land possession handed over to executing agency under Section 3D/19 mutation certificate.
705507,Itarsi - Nagpur Third Railway Line [280 km],Maharashtra,Railways,S.O. 5482(E)/2023,RAIL_SEC_20E,Competent Authority Land Acquisition (CALA) / SDM Maharashtra Central Revenue Division,APPROVED,67.0,67.0,100.0,76,180,0,100% land possession handed over to executing agency under Section 3D/19 mutation certificate.
705511,Jagdalpur-Koraput,Odisha,Railways,S.O. 2200(E)/2021,RAIL_SEC_20E,Competent Authority Land Acquisition (CALA) / SDM Odisha Central Revenue Division,LOOPBACK,50.0,22.5,45.0,600,180,1,CALA Section 3G compensation award disputed in District Court; physical possession stalled for 27.5 Ha.
611972,Jambusar Kavi 26 Kms,Multi-State,Railways,S.O. 4959(E)/2023,RAIL_SEC_20E,Competent Authority Land Acquisition (CALA) / SDM Multi-State Central Revenue Division,APPROVED,69.0,69.0,100.0,54,180,0,100% land possession handed over to executing agency under Section 3D/19 mutation certificate.
705784,Janghai-Phaphamau Doubling Rail Line Project,Uttar Pradesh,Railways,S.O. 5078(E)/2021,RAIL_SEC_20E,Competent Authority Land Acquisition (CALA) / SDM Uttar Central Revenue Division,APPROVED,58.0,58.0,100.0,101,180,0,100% land possession handed over to executing agency under Section 3D/19 mutation certificate.
705588,Janghai-Pratapgarh- Amethi,Uttar Pradesh,Railways,S.O. 5437(E)/2019,RAIL_SEC_20E,Competent Authority Land Acquisition (CALA) / SDM Uttar Central Revenue Division,QUERY_RAISED,67.0,58.29,87.0,192,180,1,Section 3H disbursement in progress; joint revenue measurement (JGM) completed for 87.0% alignment.
705514,Jarapada- Budhapank with flyover at Talcher road 3rd and 4th Line,Odisha,Railways,S.O. 3717(E)/2023,RAIL_SEC_20E,Competent Authority Land Acquisition (CALA) / SDM Odisha Central Revenue Division,LOOPBACK,47.0,29.14,62.0,600,180,1,CALA Section 3G compensation award disputed in District Court; physical possession stalled for 17.9 Ha.
705362,"Jaynagar-Bijalpura, incl. extn. Bet, Bijalpura-Bardibas [Nepal]",Bihar,Railways,S.O. 2152(E)/2023,RAIL_SEC_20E,Competent Authority Land Acquisition (CALA) / SDM Bihar Central Revenue Division,LOOPBACK,67.0,38.19,57.0,600,180,1,CALA Section 3G compensation award disputed in District Court; physical possession stalled for 28.8 Ha.
617290,Jeypore - Malkangiri New BG Line Project,Odisha,Railways,S.O. 5417(E)/2022,RAIL_SEC_20E,Competent Authority Land Acquisition (CALA) / SDM Odisha Central Revenue Division,APPROVED,47.0,47.0,100.0,57,180,0,100% land possession handed over to executing agency under Section 3D/19 mutation certificate.
900874,JHAJHA - BATIA,Bihar,Railways,S.O. 2346(E)/2018,RAIL_SEC_20E,Competent Authority Land Acquisition (CALA) / SDM Bihar Central Revenue Division,QUERY_RAISED,66.0,50.16,76.0,220,180,1,Section 3H disbursement in progress; joint revenue measurement (JGM) completed for 76.0% alignment.
617373,Jhajha-Batai New Line Project,Bihar,Railways,S.O. 4062(E)/2023,RAIL_SEC_20E,Competent Authority Land Acquisition (CALA) / SDM Bihar Central Revenue Division,APPROVED,52.0,52.0,100.0,51,180,0,100% land possession handed over to executing agency under Section 3D/19 mutation certificate.
705598,Jhansi - Bina Third Railway Line [153 Km],Uttar Pradesh,Railways,S.O. 3059(E)/2022,RAIL_SEC_20E,Competent Authority Land Acquisition (CALA) / SDM Uttar Central Revenue Division,LOOPBACK,64.0,40.96,64.0,600,180,1,CALA Section 3G compensation award disputed in District Court; physical possession stalled for 23.0 Ha.
705608,Jhansi-Khairar-Manikpur & Khirar-Bhimsen,Madhya Pradesh,Railways,S.O. 1002(E)/2021,RAIL_SEC_20E,Competent Authority Land Acquisition (CALA) / SDM Madhya Central Revenue Division,APPROVED,62.0,62.0,100.0,46,180,0,100% land possession handed over to executing agency under Section 3D/19 mutation certificate.
400006,Jharsuguda-Barpali-Sardega Ph II Works- Rail Connectivity for Coal Loading Bulb at Barpali.,Odisha,Railways,S.O. 3022(E)/2018,RAIL_SEC_20E,Competent Authority Land Acquisition (CALA) / SDM Odisha Central Revenue Division,APPROVED,57.0,57.0,100.0,56,180,0,100% land possession handed over to executing agency under Section 3D/19 mutation certificate.
705616,Jharsuguda-Bilaspur Fourth Railway Line [206 km],Himachal Pradesh,Railways,S.O. 2094(E)/2021,RAIL_SEC_20E,Competent Authority Land Acquisition (CALA) / SDM Himachal Central Revenue Division,QUERY_RAISED,74.0,62.16,84.0,220,180,1,Section 3H disbursement in progress; joint revenue measurement (JGM) completed for 84.0% alignment.
705391,Jiribam-Imphal new line project,Manipur,Railways,S.O. 3144(E)/2019,RAIL_SEC_20E,Competent Authority Land Acquisition (CALA) / SDM Manipur Central Revenue Division,LOOPBACK,69.0,40.71,59.0,600,180,1,CALA Section 3G compensation award disputed in District Court; physical possession stalled for 28.3 Ha.
705450,Jogbani-Biratnagar New Rail Line project,Bihar,Railways,S.O. 4576(E)/2019,RAIL_SEC_20E,Competent Authority Land Acquisition (CALA) / SDM Bihar Central Revenue Division,LOOPBACK,71.0,36.21,51.0,600,180,1,CALA Section 3G compensation award disputed in District Court; physical possession stalled for 34.8 Ha.
611976,Jogeshwari AT Development of JOS-AT as Trainset Maintenance Depot for energy efficient Vande Bharat Sleeper Trains,Multi-State,Railways,S.O. 1723(E)/2019,RAIL_SEC_20E,Competent Authority Land Acquisition (CALA) / SDM Multi-State Central Revenue Division,APPROVED,68.0,68.0,100.0,75,180,0,100% land possession handed over to executing agency under Section 3D/19 mutation certificate.
705730,Joka-BBD Bag new metro project,West Bengal,Railways,S.O. 1780(E)/2020,RAIL_SEC_20E,Competent Authority Land Acquisition (CALA) / SDM West Central Revenue Division,QUERY_RAISED,55.0,38.5,70.0,220,180,1,Section 3H disbursement in progress; joint revenue measurement (JGM) completed for 70.0% alignment.
611980,Junagarh Visavadar 42 Kms,Multi-State,Railways,S.O. 1639(E)/2023,RAIL_SEC_20E,Competent Authority Land Acquisition (CALA) / SDM Multi-State Central Revenue Division,APPROVED,44.0,44.0,100.0,66,180,0,100% land possession handed over to executing agency under Section 3D/19 mutation certificate.
705492,Kadur - Chickamagalur - Sakleshpur [93km],Karnataka,Railways,S.O. 4864(E)/2020,RAIL_SEC_20E,Competent Authority Land Acquisition (CALA) / SDM Karnataka Central Revenue Division,APPROVED,44.0,44.0,100.0,97,180,0,100% land possession handed over to executing agency under Section 3D/19 mutation certificate.
400247,Kalinarayanpur-Krishnanagar Doubling Alongwith Krishnanagar - Chapra New Line And Naihati-Ranaghat 3rd Line.,West Bengal,Railways,S.O. 3124(E)/2019,RAIL_SEC_20E,Competent Authority Land Acquisition (CALA) / SDM West Central Revenue Division,APPROVED,44.0,44.0,100.0,107,180,0,100% land possession handed over to executing agency under Section 3D/19 mutation certificate.
617322,Kalipahari Bakhtarnagar 5th line,Multi-State,Railways,S.O. 1413(E)/2019,RAIL_SEC_20E,Competent Authority Land Acquisition (CALA) / SDM Multi-State Central Revenue Division,APPROVED,48.0,48.0,100.0,106,180,0,100% land possession handed over to executing agency under Section 3D/19 mutation certificate.
709809,KALYAN-MURBAD VIA ULHASNAGAR  [UMBRELLA WORK],Maharashtra,Railways,S.O. 5257(E)/2023,RAIL_SEC_20E,Competent Authority Land Acquisition (CALA) / SDM Maharashtra Central Revenue Division,APPROVED,42.0,42.0,100.0,72,180,0,100% land possession handed over to executing agency under Section 3D/19 mutation certificate.
706844,Katihar - Kumedpur Doubling Line Project,Bihar,Railways,S.O. 3469(E)/2021,RAIL_SEC_20E,Competent Authority Land Acquisition (CALA) / SDM Bihar Central Revenue Division,APPROVED,49.0,49.0,100.0,96,180,0,100% land possession handed over to executing agency under Section 3D/19 mutation certificate.
617245,Katihar Kumedpur & Katihar Mukuria BG Doubling Project,Multi-State,Railways,S.O. 2768(E)/2021,RAIL_SEC_20E,Competent Authority Land Acquisition (CALA) / SDM Multi-State Central Revenue Division,APPROVED,58.0,58.0,100.0,52,180,0,100% land possession handed over to executing agency under Section 3D/19 mutation certificate.
705651,Katni - Bina Third Railway Line [279 km],Madhya Pradesh,Railways,S.O. 1329(E)/2022,RAIL_SEC_20E,Competent Authority Land Acquisition (CALA) / SDM Madhya Central Revenue Division,LOOPBACK,64.0,47.36,74.0,600,180,1,CALA Section 3G compensation award disputed in District Court; physical possession stalled for 16.6 Ha.
705661,Katni Grade Separator/Bye Pass,Multi-State,Railways,S.O. 3661(E)/2023,RAIL_SEC_20E,Competent Authority Land Acquisition (CALA) / SDM Multi-State Central Revenue Division,QUERY_RAISED,51.0,36.21,71.0,220,180,1,Section 3H disbursement in progress; joint revenue measurement (JGM) completed for 71.0% alignment.
705252,Kazipet Wagon Overhauling Project,Multi-State,Railways,S.O. 3989(E)/2022,RAIL_SEC_20E,Competent Authority Land Acquisition (CALA) / SDM Multi-State Central Revenue Division,APPROVED,74.0,74.0,100.0,66,180,0,100% land possession handed over to executing agency under Section 3D/19 mutation certificate.
705612,Kazipet-Vijayawada 3rd line with electrification [220 km],Telangana,Railways,EXEMPT/ROW/705612,EXISTING_ROW_EXEMPT,Competent Authority / Not Applicable (Existing RoW),NOT_APPLICABLE,0.0,0.0,100.0,0,180,0,Project executes within pre-existing sanctioned Right of Way / Plant Boundary.
705364,Khagaria-Kusheshwar Asthan [42Km] new line project,Bihar,Railways,S.O. 2498(E)/2018,RAIL_SEC_20E,Competent Authority Land Acquisition (CALA) / SDM Bihar Central Revenue Division,LOOPBACK,73.0,53.29,73.0,591,180,1,CALA Section 3G compensation award disputed in District Court; physical possession stalled for 19.7 Ha.
705668,KHARAGPUR-ADITYAPUR THIRD RAIL LINE- 132 KM,West Bengal,Railways,S.O. 3420(E)/2022,RAIL_SEC_20E,Competent Authority Land Acquisition (CALA) / SDM West Central Revenue Division,QUERY_RAISED,40.0,28.0,70.0,144,180,1,Section 3H disbursement in progress; joint revenue measurement (JGM) completed for 70.0% alignment.
617200,KHARSIA- NAYA RAIPUR-PARMALKASA 5th and 6th Line [278KM],Chhattisgarh,Railways,S.O. 2926(E)/2023,RAIL_SEC_20E,Competent Authority Land Acquisition (CALA) / SDM Chhattisgarh Central Revenue Division,APPROVED,46.0,46.0,100.0,93,180,0,100% land possession handed over to executing agency under Section 3D/19 mutation certificate.
400220,Kharsia-Dharamjaygarh with Spur line [East Corridor-Phase 1],Chhattisgarh,Railways,S.O. 5053(E)/2021,RAIL_SEC_20E,Competent Authority Land Acquisition (CALA) / SDM Chhattisgarh Central Revenue Division,LOOPBACK,48.0,23.04,48.0,600,180,1,CALA Section 3G compensation award disputed in District Court; physical possession stalled for 25.0 Ha.
706898,Khurda Road - Balangir Electrification of Railway Track Project,Odisha,Railways,EXEMPT/ROW/706898,EXISTING_ROW_EXEMPT,Competent Authority / Not Applicable (Existing RoW),NOT_APPLICABLE,0.0,0.0,100.0,0,180,0,Project executes within pre-existing sanctioned Right of Way / Plant Boundary.
705358,Khurda-Bolangir New Broad Gauge Rail Link [301km],Madhya Pradesh,Railways,S.O. 5290(E)/2018,RAIL_SEC_20E,Competent Authority Land Acquisition (CALA) / SDM Madhya Central Revenue Division,APPROVED,60.0,60.0,100.0,45,180,0,100% land possession handed over to executing agency under Section 3D/19 mutation certificate.
617832,Koderma-Arigada Doubling 133.38 Km of East Central Railway,Jharkhand,Railways,S.O. 1301(E)/2021,RAIL_SEC_20E,Competent Authority Land Acquisition (CALA) / SDM Jharkhand Central Revenue Division,APPROVED,46.0,46.0,100.0,94,180,0,100% land possession handed over to executing agency under Section 3D/19 mutation certificate.
705375,Koderma-Tilaiya New Line,Jharkhand,Railways,S.O. 2815(E)/2018,RAIL_SEC_20E,Competent Authority Land Acquisition (CALA) / SDM Jharkhand Central Revenue Division,QUERY_RAISED,70.0,59.5,85.0,192,180,1,Section 3H disbursement in progress; joint revenue measurement (JGM) completed for 85.0% alignment.
709810,KODINGAMALI BAUXITE MINES TO SINGARAM RAILWAY STATION,Odisha,Railways,S.O. 5372(E)/2019,RAIL_SEC_20E,Competent Authority Land Acquisition (CALA) / SDM Odisha Central Revenue Division,APPROVED,62.0,62.0,100.0,78,180,0,100% land possession handed over to executing agency under Section 3D/19 mutation certificate.
705513,Koraput - Singapur Railway Doubling,Odisha,Railways,S.O. 4766(E)/2018,RAIL_SEC_20E,Competent Authority Land Acquisition (CALA) / SDM Odisha Central Revenue Division,APPROVED,41.0,41.0,100.0,103,180,0,100% land possession handed over to executing agency under Section 3D/19 mutation certificate.
611918,Kosamba Umarpada 70 Km,Gujarat,Railways,S.O. 5116(E)/2023,RAIL_SEC_20E,Competent Authority Land Acquisition (CALA) / SDM Gujarat Central Revenue Division,APPROVED,61.0,61.0,100.0,81,180,0,100% land possession handed over to executing agency under Section 3D/19 mutation certificate.
616983,Kosamba Umarpada GC PROJECT,Multi-State,Railways,S.O. 2790(E)/2020,RAIL_SEC_20E,Competent Authority Land Acquisition (CALA) / SDM Multi-State Central Revenue Division,APPROVED,60.0,60.0,100.0,99,180,0,100% land possession handed over to executing agency under Section 3D/19 mutation certificate.
705436,Kotapalli - Narasapur New Line,Karnataka,Railways,S.O. 5012(E)/2018,RAIL_SEC_20E,Competent Authority Land Acquisition (CALA) / SDM Karnataka Central Revenue Division,APPROVED,47.0,47.0,100.0,107,180,0,100% land possession handed over to executing agency under Section 3D/19 mutation certificate.
705638,Kumbalam-Turavur doubling project [15.59 Km],Kerala,Railways,S.O. 1993(E)/2023,RAIL_SEC_20E,Competent Authority Land Acquisition (CALA) / SDM Kerala Central Revenue Division,APPROVED,63.0,63.0,100.0,64,180,0,100% land possession handed over to executing agency under Section 3D/19 mutation certificate.
611927,Kurnool - Setting up facilities for coach midlife rehabilitation workshop,Andhra Pradesh,Railways,S.O. 2676(E)/2020,RAIL_SEC_20E,Competent Authority Land Acquisition (CALA) / SDM Andhra Central Revenue Division,APPROVED,51.0,51.0,100.0,69,180,0,100% land possession handed over to executing agency under Section 3D/19 mutation certificate.
705253,Kurnool Coach Midlife Rehabilitation Project,Multi-State,Railways,S.O. 5243(E)/2019,RAIL_SEC_20E,Competent Authority Land Acquisition (CALA) / SDM Multi-State Central Revenue Division,LOOPBACK,73.0,42.34,58.0,600,180,1,CALA Section 3G compensation award disputed in District Court; physical possession stalled for 30.7 Ha.
705766,Lalitpur-Birari with flyover at Lalitpur- 16 Km,Uttar Pradesh,Railways,S.O. 5053(E)/2019,RAIL_SEC_20E,Competent Authority Land Acquisition (CALA) / SDM Uttar Central Revenue Division,QUERY_RAISED,53.0,43.99,83.0,176,180,1,Section 3H disbursement in progress; joint revenue measurement (JGM) completed for 83.0% alignment.
705480,"Lalitpur-Satna, Rewa-Singrauli & Mahoba-Khajuraho",Madhya Pradesh,Railways,S.O. 4874(E)/2020,RAIL_SEC_20E,Competent Authority Land Acquisition (CALA) / SDM Madhya Central Revenue Division,QUERY_RAISED,54.0,45.36,84.0,144,180,1,Section 3H disbursement in progress; joint revenue measurement (JGM) completed for 84.0% alignment.
705785,Lodhma - Piska - Link Line bypassing Hatia/Ranchi with Y connection,Jharkhand,Railways,S.O. 1459(E)/2020,RAIL_SEC_20E,Competent Authority Land Acquisition (CALA) / SDM Jharkhand Central Revenue Division,QUERY_RAISED,64.0,56.96,89.0,176,180,1,Section 3H disbursement in progress; joint revenue measurement (JGM) completed for 89.0% alignment.
607653,Ludhiana Mullanpur 21Km Doubling Railway project,Punjab,Railways,S.O. 3421(E)/2022,RAIL_SEC_20E,Competent Authority Land Acquisition (CALA) / SDM Punjab Central Revenue Division,LOOPBACK,71.0,46.86,66.0,600,180,1,CALA Section 3G compensation award disputed in District Court; physical possession stalled for 24.1 Ha.
705783,Ludhiana- Killa Raipur Railway  Doubling Project,Punjab,Railways,S.O. 4983(E)/2023,RAIL_SEC_20E,Competent Authority Land Acquisition (CALA) / SDM Punjab Central Revenue Division,QUERY_RAISED,48.0,35.04,73.0,192,180,1,Section 3H disbursement in progress; joint revenue measurement (JGM) completed for 73.0% alignment.
616701,Lumding Furkating Doubling Project 140 km,Multi-State,Railways,S.O. 3079(E)/2019,RAIL_SEC_20E,Competent Authority Land Acquisition (CALA) / SDM Multi-State Central Revenue Division,APPROVED,44.0,44.0,100.0,82,180,0,100% land possession handed over to executing agency under Section 3D/19 mutation certificate.
616842,LUNI- SAMDARI- BHILDI DOUBLING,Rajasthan,Railways,S.O. 3617(E)/2023,RAIL_SEC_20E,Competent Authority Land Acquisition (CALA) / SDM Rajasthan Central Revenue Division,APPROVED,42.0,42.0,100.0,72,180,0,100% land possession handed over to executing agency under Section 3D/19 mutation certificate.
705489,Madurai- Tuticorin New Line,Tamil Nadu,Railways,S.O. 3422(E)/2020,RAIL_SEC_20E,Competent Authority Land Acquisition (CALA) / SDM Tamil Central Revenue Division,LOOPBACK,62.0,41.54,67.0,600,180,1,CALA Section 3G compensation award disputed in District Court; physical possession stalled for 20.5 Ha.
611929,Maintenance cum workshop depot for Vande Bharat Sleeper Trains as per conditions under WTA 527,Multi-State,Railways,S.O. 2491(E)/2018,RAIL_SEC_20E,Competent Authority Land Acquisition (CALA) / SDM Multi-State Central Revenue Division,APPROVED,56.0,56.0,100.0,52,180,0,100% land possession handed over to executing agency under Section 3D/19 mutation certificate.
616702,Malkangiri Pandurangapuram new railway line project,Multi-State,Railways,S.O. 5489(E)/2023,RAIL_SEC_20E,Competent Authority Land Acquisition (CALA) / SDM Multi-State Central Revenue Division,APPROVED,59.0,59.0,100.0,52,180,0,100% land possession handed over to executing agency under Section 3D/19 mutation certificate.
611615,Malugur- Palasamudram New Line Project [17.975 Km],Andhra Pradesh,Railways,S.O. 3961(E)/2020,RAIL_SEC_20E,Competent Authority Land Acquisition (CALA) / SDM Andhra Central Revenue Division,APPROVED,41.0,41.0,100.0,85,180,0,100% land possession handed over to executing agency under Section 3D/19 mutation certificate.
705437,Manoharabad-Kothapalli New Rail Line [151 km],Telangana,Railways,S.O. 4879(E)/2022,RAIL_SEC_20E,Competent Authority Land Acquisition (CALA) / SDM Telangana Central Revenue Division,QUERY_RAISED,44.0,39.16,89.0,144,180,1,Section 3H disbursement in progress; joint revenue measurement (JGM) completed for 89.0% alignment.
706940,"Mariani-Jorhat, Tinsukia-Dangri and Makum -TirapTrack Electrification Project",Assam,Railways,EXEMPT/ROW/706940,EXISTING_ROW_EXEMPT,Competent Authority / Not Applicable (Existing RoW),NOT_APPLICABLE,0.0,0.0,100.0,0,180,0,Project executes within pre-existing sanctioned Right of Way / Plant Boundary.
705491,Marikuppam - Kuppam New Line Project [23.70 Km],Karnataka,Railways,S.O. 3113(E)/2018,RAIL_SEC_20E,Competent Authority Land Acquisition (CALA) / SDM Karnataka Central Revenue Division,APPROVED,68.0,68.0,100.0,52,180,0,100% land possession handed over to executing agency under Section 3D/19 mutation certificate.
705667,Mathura-Jhansi Third Railway Line [274 Km],Uttar Pradesh,Railways,S.O. 5476(E)/2021,RAIL_SEC_20E,Competent Authority Land Acquisition (CALA) / SDM Uttar Central Revenue Division,QUERY_RAISED,71.0,61.06,86.0,220,180,1,Section 3H disbursement in progress; joint revenue measurement (JGM) completed for 86.0% alignment.
611973,miyagam karjan Choranda maalsar 37 kms,Multi-State,Railways,S.O. 4345(E)/2021,RAIL_SEC_20E,Competent Authority Land Acquisition (CALA) / SDM Multi-State Central Revenue Division,APPROVED,60.0,60.0,100.0,51,180,0,100% land possession handed over to executing agency under Section 3D/19 mutation certificate.
705458,Miyagam-Karjan-Dabhoi-Samlaya [GC],Gujarat,Railways,S.O. 1909(E)/2023,RAIL_SEC_20E,Competent Authority Land Acquisition (CALA) / SDM Gujarat Central Revenue Division,LOOPBACK,74.0,39.96,54.0,600,180,1,CALA Section 3G compensation award disputed in District Court; physical possession stalled for 34.0 Ha.
706757,Modasa-Shamlaji Road Railway Line Project,Gujarat,Railways,S.O. 3564(E)/2022,RAIL_SEC_20E,Competent Authority Land Acquisition (CALA) / SDM Gujarat Central Revenue Division,QUERY_RAISED,64.0,47.36,74.0,192,180,1,Section 3H disbursement in progress; joint revenue measurement (JGM) completed for 74.0% alignment.
705755,Morappur - Dharmpuri New Railway Line Project,Tamil Nadu,Railways,S.O. 2583(E)/2023,RAIL_SEC_20E,Competent Authority Land Acquisition (CALA) / SDM Tamil Central Revenue Division,APPROVED,43.0,43.0,100.0,106,180,0,100% land possession handed over to executing agency under Section 3D/19 mutation certificate.
705772,"Mughalsarai-Allahabad, 3rd line",Uttar Pradesh,Railways,S.O. 2849(E)/2019,RAIL_SEC_20E,Competent Authority Land Acquisition (CALA) / SDM Uttar Central Revenue Division,APPROVED,59.0,59.0,100.0,109,180,0,100% land possession handed over to executing agency under Section 3D/19 mutation certificate.
616699,Multi tracking of Son Nagar-Andal [374.53 rkm & 814.38 tkm],West Bengal,Railways,S.O. 4571(E)/2020,RAIL_SEC_20E,Competent Authority Land Acquisition (CALA) / SDM West Central Revenue Division,APPROVED,61.0,61.0,100.0,65,180,0,100% land possession handed over to executing agency under Section 3D/19 mutation certificate.
611452,MUMBAI CENTRAL VIRAR VADODARA AHMEDABAAD TRAIN PROTECTION SYSTEM 500 RKM,Maharashtra,Railways,S.O. 2403(E)/2022,RAIL_SEC_20E,Competent Authority Land Acquisition (CALA) / SDM Maharashtra Central Revenue Division,APPROVED,58.0,58.0,100.0,52,180,0,100% land possession handed over to executing agency under Section 3D/19 mutation certificate.
706780,Mumbai Urban Transport Project [MUTP]  Phase-IIIA,Maharashtra,Railways,S.O. 1469(E)/2020,RAIL_SEC_20E,Competent Authority Land Acquisition (CALA) / SDM Maharashtra Central Revenue Division,APPROVED,49.0,49.0,100.0,110,180,0,100% land possession handed over to executing agency under Section 3D/19 mutation certificate.
706779,Mumbai Urban Transport Project [MUTP] - PHASE II,Maharashtra,Railways,S.O. 2940(E)/2020,RAIL_SEC_20E,Competent Authority Land Acquisition (CALA) / SDM Maharashtra Central Revenue Division,LOOPBACK,45.0,29.25,65.0,600,180,1,CALA Section 3G compensation award disputed in District Court; physical possession stalled for 15.7 Ha.
706781,Mumbai Urban Transport Project Phase-III,Maharashtra,Railways,S.O. 1216(E)/2021,RAIL_SEC_20E,Competent Authority Land Acquisition (CALA) / SDM Maharashtra Central Revenue Division,LOOPBACK,56.0,28.56,51.0,600,180,1,CALA Section 3G compensation award disputed in District Court; physical possession stalled for 27.4 Ha.
705728,Mumbai-Ahmedabad High Speed Rail Project- 508 km,Maharashtra,Railways,S.O. 4252(E)/2021,RAIL_SEC_20E,Competent Authority Land Acquisition (CALA) / SDM Maharashtra Central Revenue Division,LOOPBACK,57.0,32.49,57.0,600,180,1,CALA Section 3G compensation award disputed in District Court; physical possession stalled for 24.5 Ha.
617240,Murarai - Barharwa 3rd line,West Bengal,Railways,S.O. 2361(E)/2019,RAIL_SEC_20E,Competent Authority Land Acquisition (CALA) / SDM West Central Revenue Division,APPROVED,66.0,66.0,100.0,55,180,0,100% land possession handed over to executing agency under Section 3D/19 mutation certificate.
705401,Murkongselek-Pasighat,Arunachal Pradesh,Railways,S.O. 2734(E)/2018,RAIL_SEC_20E,Competent Authority Land Acquisition (CALA) / SDM Arunachal Central Revenue Division,QUERY_RAISED,69.0,57.96,84.0,220,180,1,Section 3H disbursement in progress; joint revenue measurement (JGM) completed for 84.0% alignment.
705528,Muzaffarpur-Sugauli,Bihar,Railways,S.O. 2850(E)/2023,RAIL_SEC_20E,Competent Authority Land Acquisition (CALA) / SDM Bihar Central Revenue Division,QUERY_RAISED,60.0,48.0,80.0,220,180,1,Section 3H disbursement in progress; joint revenue measurement (JGM) completed for 80.0% alignment.
709812,NADIAD-PETLAD [37.26 KM],Gujarat,Railways,S.O. 5258(E)/2023,RAIL_SEC_20E,Competent Authority Land Acquisition (CALA) / SDM Gujarat Central Revenue Division,APPROVED,48.0,48.0,100.0,68,180,0,100% land possession handed over to executing agency under Section 3D/19 mutation certificate.
400298,Nadikudi - Srikalahasti New Line,Andhra Pradesh,Railways,S.O. 3215(E)/2023,RAIL_SEC_20E,Competent Authority Land Acquisition (CALA) / SDM Andhra Central Revenue Division,QUERY_RAISED,45.0,38.25,85.0,160,180,1,Section 3H disbursement in progress; joint revenue measurement (JGM) completed for 85.0% alignment.
400223,Nagapattinam-Tiruturaipundi and Karaikal-Peralam New Line,Tamil Nadu,Railways,S.O. 5174(E)/2022,RAIL_SEC_20E,Competent Authority Land Acquisition (CALA) / SDM Tamil Central Revenue Division,QUERY_RAISED,54.0,45.36,84.0,192,180,1,Section 3H disbursement in progress; joint revenue measurement (JGM) completed for 84.0% alignment.
705799,Nagpur- Nagbhir Railway Line Gauge Conversion Project,Maharashtra,Railways,S.O. 4551(E)/2018,RAIL_SEC_20E,Competent Authority Land Acquisition (CALA) / SDM Maharashtra Central Revenue Division,APPROVED,51.0,51.0,100.0,53,180,0,100% land possession handed over to executing agency under Section 3D/19 mutation certificate.
705410,Nangal Dam-Talwara New Broad Gauge Line [84 KM] and Taking Over Siding Mukerian-Talwara [29 KM],Rajasthan,Railways,S.O. 1284(E)/2019,RAIL_SEC_20E,Competent Authority Land Acquisition (CALA) / SDM Rajasthan Central Revenue Division,QUERY_RAISED,49.0,36.26,74.0,208,180,1,Section 3H disbursement in progress; joint revenue measurement (JGM) completed for 74.0% alignment.
705629,Narayangarh-Bhadrak 3rd line,West Bengal,Railways,S.O. 1927(E)/2023,RAIL_SEC_20E,Competent Authority Land Acquisition (CALA) / SDM West Central Revenue Division,APPROVED,47.0,47.0,100.0,53,180,0,100% land possession handed over to executing agency under Section 3D/19 mutation certificate.
617408,NATHDWARA- NATHDWARA TOWN NL,Rajasthan,Railways,S.O. 1040(E)/2023,RAIL_SEC_20E,Competent Authority Land Acquisition (CALA) / SDM Rajasthan Central Revenue Division,APPROVED,65.0,65.0,100.0,75,180,0,100% land possession handed over to executing agency under Section 3D/19 mutation certificate.
616839,Naupada-Gunupur - New line upto Theruvali [73.62 km],Andhra Pradesh,Railways,S.O. 1569(E)/2022,RAIL_SEC_20E,Competent Authority Land Acquisition (CALA) / SDM Andhra Central Revenue Division,APPROVED,59.0,59.0,100.0,96,180,0,100% land possession handed over to executing agency under Section 3D/19 mutation certificate.
611669,NER Provision of Automatic Block Signalling on Gorakhpur Cantt[Excl]  Chhapra Gramin & Burhwal Jn [Excl]  Sitapur Jn section of high density routes,Multi-State,Railways,EXEMPT/ROW/611669,EXISTING_ROW_EXEMPT,Competent Authority / Not Applicable (Existing RoW),NOT_APPLICABLE,0.0,0.0,100.0,0,180,0,Project executes within pre-existing sanctioned Right of Way / Plant Boundary.
617320,New B.G Railway Line between Jeypore & Navarangpur [38 Km] with Electrification,Multi-State,Railways,EXEMPT/ROW/617320,EXISTING_ROW_EXEMPT,Competent Authority / Not Applicable (Existing RoW),NOT_APPLICABLE,0.0,0.0,100.0,0,180,0,Project executes within pre-existing sanctioned Right of Way / Plant Boundary.
705400,New B.G. Railway Line- Araria to Galgalia  [Thakurgunj],West Bengal,Railways,S.O. 2548(E)/2019,RAIL_SEC_20E,Competent Authority Land Acquisition (CALA) / SDM West Central Revenue Division,APPROVED,53.0,53.0,100.0,60,180,0,100% land possession handed over to executing agency under Section 3D/19 mutation certificate.
709813,NEW BG LINE INTERSECTION [5 NOS] BETWEEN GERATPUR-SANAND & BOTAD-AHMEDABAD [16.51 KM]  [PB#29/NR/202,Gujarat,Railways,S.O. 4839(E)/2021,RAIL_SEC_20E,Competent Authority Land Acquisition (CALA) / SDM Gujarat Central Revenue Division,APPROVED,49.0,49.0,100.0,76,180,0,100% land possession handed over to executing agency under Section 3D/19 mutation certificate.
611943,New broad gauge line between Naliya Jakhau Port 25 Kms,Multi-State,Railways,S.O. 1529(E)/2022,RAIL_SEC_20E,Competent Authority Land Acquisition (CALA) / SDM Multi-State Central Revenue Division,APPROVED,54.0,54.0,100.0,50,180,0,100% land possession handed over to executing agency under Section 3D/19 mutation certificate.
705794,New Delhi- Howrah Speed Booster[160Kmph] Project,Delhi,Railways,S.O. 2025(E)/2018,RAIL_SEC_20E,Competent Authority Land Acquisition (CALA) / SDM Delhi Central Revenue Division,APPROVED,55.0,55.0,100.0,55,180,0,100% land possession handed over to executing agency under Section 3D/19 mutation certificate.
705793,Raising of speed to 160 kmph/200 kmph on existing New Delhi-Mumbai route incl. Vadodara-Ahmedabad,Maharashtra,Railways,S.O. 1680(E)/2018,RAIL_SEC_20E,Competent Authority Land Acquisition (CALA) / SDM Maharashtra Central Revenue Division,QUERY_RAISED,45.0,31.5,70.0,220,180,1,Section 3H disbursement in progress; joint revenue measurement (JGM) completed for 70.0% alignment.
618995,New Line between Junagarh - Nabarangpur [116.21 Km],Odisha,Railways,S.O. 3977(E)/2018,RAIL_SEC_20E,Competent Authority Land Acquisition (CALA) / SDM Odisha Central Revenue Division,APPROVED,67.0,67.0,100.0,98,180,0,100% land possession handed over to executing agency under Section 3D/19 mutation certificate.
705453,"New line Dahod-Indore via Sardarpur, Jabuwa and Dhar",Madhya Pradesh,Railways,S.O. 3595(E)/2020,RAIL_SEC_20E,Competent Authority Land Acquisition (CALA) / SDM Madhya Central Revenue Division,APPROVED,50.0,50.0,100.0,85,180,0,100% land possession handed over to executing agency under Section 3D/19 mutation certificate.
705434,New Railway Line between Ginigera and Raichur [165.57 km],Karnataka,Railways,S.O. 4529(E)/2022,RAIL_SEC_20E,Competent Authority Land Acquisition (CALA) / SDM Karnataka Central Revenue Division,LOOPBACK,54.0,34.56,64.0,600,180,1,CALA Section 3G compensation award disputed in District Court; physical possession stalled for 19.4 Ha.
619326,Nidadavolu-Duvvada 3rd & 4th Lines,Andhra Pradesh,Railways,S.O. 4004(E)/2023,RAIL_SEC_20E,Competent Authority Land Acquisition (CALA) / SDM Andhra Central Revenue Division,APPROVED,59.0,59.0,100.0,78,180,0,100% land possession handed over to executing agency under Section 3D/19 mutation certificate.
705764,Nimach-Badi Sadri  New Rail Line Project,Madhya Pradesh,Railways,S.O. 1395(E)/2020,RAIL_SEC_20E,Competent Authority Land Acquisition (CALA) / SDM Madhya Central Revenue Division,APPROVED,45.0,45.0,100.0,71,180,0,100% land possession handed over to executing agency under Section 3D/19 mutation certificate.
705933,Nimach-Ratlam Doubling [133 Km],Madhya Pradesh,Railways,S.O. 1626(E)/2021,RAIL_SEC_20E,Competent Authority Land Acquisition (CALA) / SDM Madhya Central Revenue Division,APPROVED,51.0,51.0,100.0,85,180,0,100% land possession handed over to executing agency under Section 3D/19 mutation certificate.
709814,NIPANIA-BHATAPRA [14.4 KM] 4TH LINE [PB-72/NR/2022-23],Madhya Pradesh,Railways,S.O. 2938(E)/2023,RAIL_SEC_20E,Competent Authority Land Acquisition (CALA) / SDM Madhya Central Revenue Division,APPROVED,63.0,63.0,100.0,75,180,0,100% land possession handed over to executing agency under Section 3D/19 mutation certificate.
706776,Noapara-Barasat via Bimanbandar - Construction of Metro railway [18 km],West Bengal,Railways,S.O. 5383(E)/2018,RAIL_SEC_20E,Competent Authority Land Acquisition (CALA) / SDM West Central Revenue Division,LOOPBACK,63.0,30.24,48.0,600,180,1,CALA Section 3G compensation award disputed in District Court; physical possession stalled for 32.8 Ha.
705298,North Region Video Surveillance Project,Multi-State,Railways,S.O. 4297(E)/2019,RAIL_SEC_20E,Competent Authority Land Acquisition (CALA) / SDM Multi-State Central Revenue Division,APPROVED,52.0,52.0,100.0,78,180,0,100% land possession handed over to executing agency under Section 3D/19 mutation certificate.
709808,PACHORA-JAMNER WITH EXTENSION UPTO MALKAPUR NG TO BG,Maharashtra,Railways,S.O. 4141(E)/2019,RAIL_SEC_20E,Competent Authority Land Acquisition (CALA) / SDM Maharashtra Central Revenue Division,APPROVED,61.0,61.0,100.0,95,180,0,100% land possession handed over to executing agency under Section 3D/19 mutation certificate.
616695,Paradeep - Badabandha 3rd & 4th Line / 18.51kms,Odisha,Railways,S.O. 3317(E)/2022,RAIL_SEC_20E,Competent Authority Land Acquisition (CALA) / SDM Odisha Central Revenue Division,APPROVED,62.0,62.0,100.0,61,180,0,100% land possession handed over to executing agency under Section 3D/19 mutation certificate.
705747,Parasnath-Madhuban-Giridih new line,Jharkhand,Railways,S.O. 1240(E)/2021,RAIL_SEC_20E,Competent Authority Land Acquisition (CALA) / SDM Jharkhand Central Revenue Division,QUERY_RAISED,50.0,35.0,70.0,220,180,1,Section 3H disbursement in progress; joint revenue measurement (JGM) completed for 70.0% alignment.
705710,PCT Machine Procurement Project,Multi-State,Railways,S.O. 3620(E)/2021,RAIL_SEC_20E,Competent Authority Land Acquisition (CALA) / SDM Multi-State Central Revenue Division,LOOPBACK,65.0,35.75,55.0,600,180,1,CALA Section 3G compensation award disputed in District Court; physical possession stalled for 29.2 Ha.
705789,Penukonda - Dharmavaram Doubling Project [41.5 Km],Andhra Pradesh,Railways,S.O. 3062(E)/2018,RAIL_SEC_20E,Competent Authority Land Acquisition (CALA) / SDM Andhra Central Revenue Division,APPROVED,62.0,62.0,100.0,83,180,0,100% land possession handed over to executing agency under Section 3D/19 mutation certificate.
611945,Petlad Bhadran 23 Kms,Multi-State,Railways,S.O. 3050(E)/2023,RAIL_SEC_20E,Competent Authority Land Acquisition (CALA) / SDM Multi-State Central Revenue Division,APPROVED,40.0,40.0,100.0,103,180,0,100% land possession handed over to executing agency under Section 3D/19 mutation certificate.
400280,Ph II extension of MRTS from Velachery to St Thomas Mount,Tamil Nadu,Railways,S.O. 3095(E)/2022,RAIL_SEC_20E,Competent Authority Land Acquisition (CALA) / SDM Tamil Central Revenue Division,APPROVED,40.0,40.0,100.0,85,180,0,100% land possession handed over to executing agency under Section 3D/19 mutation certificate.
705779,"Phephna-Indara, Mau-Shahganj doubling excluding Indara-Mau",Uttar Pradesh,Railways,S.O. 1330(E)/2020,RAIL_SEC_20E,Competent Authority Land Acquisition (CALA) / SDM Uttar Central Revenue Division,QUERY_RAISED,55.0,44.0,80.0,220,180,1,Section 3H disbursement in progress; joint revenue measurement (JGM) completed for 80.0% alignment.
705385,Pirpainti - Jasidih [100.52 Km] New BG line,Bihar,Railways,S.O. 3737(E)/2018,RAIL_SEC_20E,Competent Authority Land Acquisition (CALA) / SDM Bihar Central Revenue Division,APPROVED,52.0,52.0,100.0,54,180,0,100% land possession handed over to executing agency under Section 3D/19 mutation certificate.
617404,POKHRAN - RAMDEVRA New Line,Rajasthan,Railways,S.O. 3412(E)/2022,RAIL_SEC_20E,Competent Authority Land Acquisition (CALA) / SDM Rajasthan Central Revenue Division,APPROVED,57.0,57.0,100.0,46,180,0,100% land possession handed over to executing agency under Section 3D/19 mutation certificate.
706837,Pradhan Kuntha Jn Line Doubling Project,Multi-State,Railways,S.O. 2925(E)/2023,RAIL_SEC_20E,Competent Authority Land Acquisition (CALA) / SDM Multi-State Central Revenue Division,APPROVED,50.0,50.0,100.0,103,180,0,100% land possession handed over to executing agency under Section 3D/19 mutation certificate.
400045,Proposed 6 nos Road Over Bridge [ROB] at different locations under MCL Talcher Under Deposit Scheme.,Multi-State,Railways,S.O. 4071(E)/2023,RAIL_SEC_20E,Competent Authority Land Acquisition (CALA) / SDM Multi-State Central Revenue Division,APPROVED,56.0,56.0,100.0,57,180,0,100% land possession handed over to executing agency under Section 3D/19 mutation certificate.
705694,Provision of Work-site Tampers [WST] Railway Project,Multi-State,Railways,S.O. 1880(E)/2022,RAIL_SEC_20E,Competent Authority Land Acquisition (CALA) / SDM Multi-State Central Revenue Division,LOOPBACK,55.0,30.25,55.0,550,180,1,CALA Section 3G compensation award disputed in District Court; physical possession stalled for 24.7 Ha.
705503,Pune - Miraj-Londa  [467 Kilometres],Maharashtra,Railways,S.O. 3627(E)/2018,RAIL_SEC_20E,Competent Authority Land Acquisition (CALA) / SDM Maharashtra Central Revenue Division,APPROVED,47.0,47.0,100.0,54,180,0,100% land possession handed over to executing agency under Section 3D/19 mutation certificate.
616841,PUSHKAR- MERTA CITY NEW LINE,Rajasthan,Railways,S.O. 2912(E)/2019,RAIL_SEC_20E,Competent Authority Land Acquisition (CALA) / SDM Rajasthan Central Revenue Division,QUERY_RAISED,47.0,38.54,82.0,220,180,1,Section 3H disbursement in progress; joint revenue measurement (JGM) completed for 82.0% alignment.
611944,Quadrupling between Gandhidham Adipur with Y connection at Adipur for providing direct entry towards Mundra Port and Bhuj and high level platform at Gopalpur 11Kms,Odisha,Railways,S.O. 2589(E)/2018,RAIL_SEC_20E,Competent Authority Land Acquisition (CALA) / SDM Odisha Central Revenue Division,APPROVED,64.0,64.0,100.0,72,180,0,100% land possession handed over to executing agency under Section 3D/19 mutation certificate.
617214,Rail Connectivity to Errupalem Amravati Namburu 57 Km,Multi-State,Railways,S.O. 3643(E)/2021,RAIL_SEC_20E,Competent Authority Land Acquisition (CALA) / SDM Multi-State Central Revenue Division,APPROVED,68.0,68.0,100.0,109,180,0,100% land possession handed over to executing agency under Section 3D/19 mutation certificate.
617409,Railway Manufacturing Unit,Multi-State,Railways,S.O. 4691(E)/2018,RAIL_SEC_20E,Competent Authority Land Acquisition (CALA) / SDM Multi-State Central Revenue Division,APPROVED,61.0,61.0,100.0,78,180,0,100% land possession handed over to executing agency under Section 3D/19 mutation certificate.
706763,Rajkot - Kanalus Doubling Project [111.2 Kms],Gujarat,Railways,S.O. 1460(E)/2019,RAIL_SEC_20E,Competent Authority Land Acquisition (CALA) / SDM Gujarat Central Revenue Division,APPROVED,50.0,50.0,100.0,61,180,0,100% land possession handed over to executing agency under Section 3D/19 mutation certificate.
705617,Rajnandgaon - Nagpur [Kalumna] Third Railway Line [228.30 km],Maharashtra,Railways,S.O. 4589(E)/2020,RAIL_SEC_20E,Competent Authority Land Acquisition (CALA) / SDM Maharashtra Central Revenue Division,QUERY_RAISED,49.0,38.71,79.0,220,180,1,Section 3H disbursement in progress; joint revenue measurement (JGM) completed for 79.0% alignment.
705481,Ramganjmandi-Bhopal New Line Project [262 km],Madhya Pradesh,Railways,S.O. 2130(E)/2019,RAIL_SEC_20E,Competent Authority Land Acquisition (CALA) / SDM Madhya Central Revenue Division,LOOPBACK,55.0,35.75,65.0,532,180,1,CALA Section 3G compensation award disputed in District Court; physical possession stalled for 19.2 Ha.
706759,Rampur Dumra-Tal-Rajendrapul Additional Bridge and Railway Line Doubling,Bihar,Railways,S.O. 2154(E)/2018,RAIL_SEC_20E,Competent Authority Land Acquisition (CALA) / SDM Bihar Central Revenue Division,QUERY_RAISED,44.0,36.96,84.0,208,180,1,Section 3H disbursement in progress; joint revenue measurement (JGM) completed for 84.0% alignment.
616840,RAS- MERTA CITY NEW LINE INCL BYPASS AT MERTA ROAD,Multi-State,Railways,S.O. 4843(E)/2020,RAIL_SEC_20E,Competent Authority Land Acquisition (CALA) / SDM Multi-State Central Revenue Division,APPROVED,73.0,73.0,100.0,89,180,0,100% land possession handed over to executing agency under Section 3D/19 mutation certificate.
617406,RATLAM- DUNGARPUR VIA BANSWARA NEW LINE PROJECT,Madhya Pradesh,Railways,S.O. 3042(E)/2021,RAIL_SEC_20E,Competent Authority Land Acquisition (CALA) / SDM Madhya Central Revenue Division,APPROVED,47.0,47.0,100.0,53,180,0,100% land possession handed over to executing agency under Section 3D/19 mutation certificate.
705457,Ratlam-Mhow-Khandwa-Akola Gauge Conversion,Madhya Pradesh,Railways,S.O. 1217(E)/2021,RAIL_SEC_20E,Competent Authority Land Acquisition (CALA) / SDM Madhya Central Revenue Division,QUERY_RAISED,72.0,62.64,87.0,220,180,1,Section 3H disbursement in progress; joint revenue measurement (JGM) completed for 87.0% alignment.
705494,Rayadurg-Tumkur via Kalyandurg New Line [207 km],Andhra Pradesh,Railways,S.O. 4463(E)/2022,RAIL_SEC_20E,Competent Authority Land Acquisition (CALA) / SDM Andhra Central Revenue Division,LOOPBACK,43.0,24.94,58.0,600,180,1,CALA Section 3G compensation award disputed in District Court; physical possession stalled for 18.1 Ha.
705712,RBMV Machine Procurement Project,Multi-State,Railways,S.O. 3709(E)/2022,RAIL_SEC_20E,Competent Authority Land Acquisition (CALA) / SDM Multi-State Central Revenue Division,LOOPBACK,59.0,31.86,54.0,600,180,1,CALA Section 3G compensation award disputed in District Court; physical possession stalled for 27.1 Ha.
613786,"Redevelopment of Ahmedabad railway station and associated infrastructure on engineering, procurement and construction mode",Gujarat,Railways,S.O. 1081(E)/2021,RAIL_SEC_20E,Competent Authority Land Acquisition (CALA) / SDM Gujarat Central Revenue Division,APPROVED,56.0,56.0,100.0,76,180,0,100% land possession handed over to executing agency under Section 3D/19 mutation certificate.
613002,Redevelopment of Chennai Egmore Station,Tamil Nadu,Railways,S.O. 4930(E)/2020,RAIL_SEC_20E,Competent Authority Land Acquisition (CALA) / SDM Tamil Central Revenue Division,APPROVED,65.0,65.0,100.0,92,180,0,100% land possession handed over to executing agency under Section 3D/19 mutation certificate.
613015,Redevelopment of Chhatrapati Shivaji Maharaj Terminus [CSMT] and construction of associated infrastructure,Maharashtra,Railways,S.O. 1146(E)/2019,RAIL_SEC_20E,Competent Authority Land Acquisition (CALA) / SDM Maharashtra Central Revenue Division,APPROVED,51.0,51.0,100.0,81,180,0,100% land possession handed over to executing agency under Section 3D/19 mutation certificate.
613785,Redevelopment of New Delhi Railway Station and construction of associated infrastructure,Delhi,Railways,S.O. 1766(E)/2021,RAIL_SEC_20E,Competent Authority Land Acquisition (CALA) / SDM Delhi Central Revenue Division,APPROVED,71.0,71.0,100.0,65,180,0,100% land possession handed over to executing agency under Section 3D/19 mutation certificate.
705610,"Renigunta, Wadi & Gooty Bypass Railway Project",Multi-State,Railways,S.O. 4424(E)/2019,RAIL_SEC_20E,Competent Authority Land Acquisition (CALA) / SDM Gooty Revenue Division,APPROVED,64.0,64.0,100.0,101,180,0,100% land possession handed over to executing agency under Section 3D/19 mutation certificate.
611861,Rewari - Kathuwas Doubling Project [27.72 Km],Haryana,Railways,S.O. 4477(E)/2022,RAIL_SEC_20E,Competent Authority Land Acquisition (CALA) / SDM Haryana Central Revenue Division,APPROVED,57.0,57.0,100.0,83,180,0,100% land possession handed over to executing agency under Section 3D/19 mutation certificate.
616696,RINGUS KHATUSHYAMJI NEW LINE,Multi-State,Railways,S.O. 1580(E)/2018,RAIL_SEC_20E,Competent Authority Land Acquisition (CALA) / SDM Multi-State Central Revenue Division,APPROVED,65.0,65.0,100.0,46,180,0,100% land possession handed over to executing agency under Section 3D/19 mutation certificate.
705429,Rishikesh-Karnaprayag New Rail Line- 125 km,Uttarakhand,Railways,S.O. 4279(E)/2020,RAIL_SEC_20E,Competent Authority Land Acquisition (CALA) / SDM Uttarakhand Central Revenue Division,QUERY_RAISED,69.0,61.41,89.0,220,180,1,Section 3H disbursement in progress; joint revenue measurement (JGM) completed for 89.0% alignment.
706856,Rourkela - Bondamunda 5th Line Doubling Project,Odisha,Railways,S.O. 5369(E)/2020,RAIL_SEC_20E,Competent Authority Land Acquisition (CALA) / SDM Odisha Central Revenue Division,APPROVED,74.0,74.0,100.0,83,180,0,100% land possession handed over to executing agency under Section 3D/19 mutation certificate.
615915,Rourkela-Bondamunda A-Cabin 5th line [9.6 km],Odisha,Railways,S.O. 2088(E)/2022,RAIL_SEC_20E,Competent Authority Land Acquisition (CALA) / SDM Odisha Central Revenue Division,APPROVED,48.0,48.0,100.0,58,180,0,100% land possession handed over to executing agency under Section 3D/19 mutation certificate.
611979,Sabarmati  Setting up of Maintenance Facilities for Train Sets Phase ii,Multi-State,Railways,S.O. 2436(E)/2019,RAIL_SEC_20E,Competent Authority Land Acquisition (CALA) / SDM Multi-State Central Revenue Division,QUERY_RAISED,71.0,61.06,86.0,144,180,1,Section 3H disbursement in progress; joint revenue measurement (JGM) completed for 86.0% alignment.
617403,SADULPUR - CHURU  DOUBLING PROJECT,Rajasthan,Railways,S.O. 1725(E)/2021,RAIL_SEC_20E,Competent Authority Land Acquisition (CALA) / SDM Rajasthan Central Revenue Division,APPROVED,50.0,50.0,100.0,62,180,0,100% land possession handed over to executing agency under Section 3D/19 mutation certificate.
705527,Sagauli-Valmiknagar,Bihar,Railways,S.O. 1683(E)/2018,RAIL_SEC_20E,Competent Authority Land Acquisition (CALA) / SDM Bihar Central Revenue Division,APPROVED,73.0,73.0,100.0,78,180,0,100% land possession handed over to executing agency under Section 3D/19 mutation certificate.
400205,Sahjanwa-Dohrighat,Uttar Pradesh,Railways,S.O. 3241(E)/2018,RAIL_SEC_20E,Competent Authority Land Acquisition (CALA) / SDM Uttar Central Revenue Division,APPROVED,41.0,41.0,100.0,59,180,0,100% land possession handed over to executing agency under Section 3D/19 mutation certificate.
602797,"Sainthia, Sitarampur, Mughalsarai, Allahabad & Etawah - Bypass Line Project",Uttar Pradesh,Railways,S.O. 1709(E)/2019,RAIL_SEC_20E,Competent Authority Land Acquisition (CALA) / SDM Uttar Central Revenue Division,APPROVED,54.0,54.0,100.0,58,180,0,100% land possession handed over to executing agency under Section 3D/19 mutation certificate.
400254,Sakri -Hasanpur [via Harnagar - Kusheshwar Asthan] New Railway line,Multi-State,Railways,S.O. 3168(E)/2022,RAIL_SEC_20E,Competent Authority Land Acquisition (CALA) / SDM Multi-State Central Revenue Division,LOOPBACK,63.0,33.39,53.0,591,180,1,CALA Section 3G compensation award disputed in District Court; physical possession stalled for 29.6 Ha.
705363,Sakri-Hasanpur Road New  Rail Line Project,Uttar Pradesh,Railways,S.O. 3807(E)/2023,RAIL_SEC_20E,Competent Authority Land Acquisition (CALA) / SDM Uttar Central Revenue Division,APPROVED,57.0,57.0,100.0,64,180,0,100% land possession handed over to executing agency under Section 3D/19 mutation certificate.
705526,Samastipur-Darbhanga Doubling Railway Project,Bihar,Railways,S.O. 3457(E)/2022,RAIL_SEC_20E,Competent Authority Land Acquisition (CALA) / SDM Bihar Central Revenue Division,APPROVED,52.0,52.0,100.0,79,180,0,100% land possession handed over to executing agency under Section 3D/19 mutation certificate.
611970,Samlaya Timba Road 54 km,Multi-State,Railways,S.O. 4045(E)/2018,RAIL_SEC_20E,Competent Authority Land Acquisition (CALA) / SDM Multi-State Central Revenue Division,APPROVED,50.0,50.0,100.0,81,180,0,100% land possession handed over to executing agency under Section 3D/19 mutation certificate.
611971,Samni Jambusar 24 km,Gujarat,Railways,S.O. 1656(E)/2019,RAIL_SEC_20E,Competent Authority Land Acquisition (CALA) / SDM Gujarat Central Revenue Division,APPROVED,61.0,61.0,100.0,71,180,0,100% land possession handed over to executing agency under Section 3D/19 mutation certificate.
617390,Sardega -Bhalumuda New Double line [37.24 Km],Chhattisgarh,Railways,S.O. 2574(E)/2022,RAIL_SEC_20E,Competent Authority Land Acquisition (CALA) / SDM Chhattisgarh Central Revenue Division,APPROVED,49.0,49.0,100.0,88,180,0,100% land possession handed over to executing agency under Section 3D/19 mutation certificate.
705659,Satna-Rewa Railway Line Doubling Project,Madhya Pradesh,Railways,S.O. 2069(E)/2020,RAIL_SEC_20E,Competent Authority Land Acquisition (CALA) / SDM Madhya Central Revenue Division,APPROVED,59.0,59.0,100.0,71,180,0,100% land possession handed over to executing agency under Section 3D/19 mutation certificate.
705912,Sawai Madhopur-Jaipur Railway Line Project,Rajasthan,Railways,S.O. 1657(E)/2020,RAIL_SEC_20E,Competent Authority Land Acquisition (CALA) / SDM Rajasthan Central Revenue Division,APPROVED,62.0,62.0,100.0,78,180,0,100% land possession handed over to executing agency under Section 3D/19 mutation certificate.
706866,Sawaimadhopur Bye Pass Line Project,Multi-State,Railways,S.O. 2752(E)/2023,RAIL_SEC_20E,Competent Authority Land Acquisition (CALA) / SDM Multi-State Central Revenue Division,QUERY_RAISED,72.0,59.04,82.0,220,180,1,Section 3H disbursement in progress; joint revenue measurement (JGM) completed for 82.0% alignment.
617345,SER Upgradation of maintenance infrastructure at Shalimar into Vande Bharat Chair Car maintenance cum workshop depot.,West Bengal,Railways,S.O. 3417(E)/2019,RAIL_SEC_20E,Competent Authority Land Acquisition (CALA) / SDM West Central Revenue Division,APPROVED,62.0,62.0,100.0,109,180,0,100% land possession handed over to executing agency under Section 3D/19 mutation certificate.
705761,SHIMOGA - SHIKARIPURA - RANEBENNUR [96 Km],Karnataka,Railways,S.O. 5229(E)/2023,RAIL_SEC_20E,Competent Authority Land Acquisition (CALA) / SDM Karnataka Central Revenue Division,APPROVED,74.0,74.0,100.0,107,180,0,100% land possession handed over to executing agency under Section 3D/19 mutation certificate.
705432,Sivok-Rangpo New Rail Line,West Bengal,Railways,S.O. 4361(E)/2020,RAIL_SEC_20E,Competent Authority Land Acquisition (CALA) / SDM West Central Revenue Division,LOOPBACK,41.0,18.86,46.0,600,180,1,CALA Section 3G compensation award disputed in District Court; physical possession stalled for 22.1 Ha.
705735,Solapur-tuljapur-Osmanabad,Maharashtra,Railways,S.O. 3888(E)/2023,RAIL_SEC_20E,Competent Authority Land Acquisition (CALA) / SDM Maharashtra Central Revenue Division,QUERY_RAISED,73.0,56.94,78.0,190,180,1,Section 3H disbursement in progress; joint revenue measurement (JGM) completed for 78.0% alignment.
705717,SRGM Machine Procurement Project,Multi-State,Railways,S.O. 1932(E)/2018,RAIL_SEC_20E,Competent Authority Land Acquisition (CALA) / SDM Multi-State Central Revenue Division,LOOPBACK,62.0,29.14,47.0,594,180,1,CALA Section 3G compensation award disputed in District Court; physical possession stalled for 32.9 Ha.
617333,Surface triangle line bet. Bhadura stn and new crossing stn Karma,Multi-State,Railways,S.O. 2439(E)/2019,RAIL_SEC_20E,Competent Authority Land Acquisition (CALA) / SDM Multi-State Central Revenue Division,APPROVED,44.0,44.0,100.0,77,180,0,100% land possession handed over to executing agency under Section 3D/19 mutation certificate.
705743,Talcher-Angul  New Line with Y-Connection at Talcher,Odisha,Railways,S.O. 3496(E)/2021,RAIL_SEC_20E,Competent Authority Land Acquisition (CALA) / SDM Odisha Central Revenue Division,QUERY_RAISED,66.0,56.76,86.0,192,180,1,Section 3H disbursement in progress; joint revenue measurement (JGM) completed for 86.0% alignment.
705359,Talcher-Bimlagarh New Railway Line,Odisha,Railways,S.O. 2639(E)/2019,RAIL_SEC_20E,Competent Authority Land Acquisition (CALA) / SDM Odisha Central Revenue Division,QUERY_RAISED,64.0,56.96,89.0,220,180,1,Section 3H disbursement in progress; joint revenue measurement (JGM) completed for 89.0% alignment.
400273,Tarakeshwar-Bishnupur New Line [82.47 km],West Bengal,Railways,S.O. 4423(E)/2020,RAIL_SEC_20E,Competent Authority Land Acquisition (CALA) / SDM West Central Revenue Division,LOOPBACK,58.0,27.84,48.0,600,180,1,CALA Section 3G compensation award disputed in District Court; physical possession stalled for 30.2 Ha.
400022,Taranga Hill-Abu Road via Ambaji,Gujarat,Railways,S.O. 3964(E)/2022,RAIL_SEC_20E,Competent Authority Land Acquisition (CALA) / SDM Gujarat Central Revenue Division,APPROVED,59.0,59.0,100.0,51,180,0,100% land possession handed over to executing agency under Section 3D/19 mutation certificate.
705394,Tetlia-Byrnihat New Railway Line,Multi-State,Railways,S.O. 3478(E)/2023,RAIL_SEC_20E,Competent Authority Land Acquisition (CALA) / SDM Multi-State Central Revenue Division,LOOPBACK,43.0,27.09,63.0,600,180,1,CALA Section 3G compensation award disputed in District Court; physical possession stalled for 15.9 Ha.
705613,Third Line [new] between Kazipet - Balharshah  with electrification [201.04 Km],Multi-State,Railways,EXEMPT/ROW/705613,EXISTING_ROW_EXEMPT,Competent Authority / Not Applicable (Existing RoW),NOT_APPLICABLE,0.0,0.0,100.0,0,180,0,Project executes within pre-existing sanctioned Right of Way / Plant Boundary.
400234,Third Railway Line between Patratu-Sonnagar [281 kms],Uttar Pradesh,Railways,S.O. 3070(E)/2022,RAIL_SEC_20E,Competent Authority Land Acquisition (CALA) / SDM Uttar Central Revenue Division,APPROVED,50.0,50.0,100.0,56,180,0,100% land possession handed over to executing agency under Section 3D/19 mutation certificate.
400275,Tindivanam-Nagari New Line Project [184.5 km],Tamil Nadu,Railways,S.O. 3480(E)/2018,RAIL_SEC_20E,Competent Authority Land Acquisition (CALA) / SDM Tamil Central Revenue Division,LOOPBACK,55.0,35.75,65.0,600,180,1,CALA Section 3G compensation award disputed in District Court; physical possession stalled for 19.2 Ha.
617210,Tiupati Katpadi 104.39 kms,Multi-State,Railways,S.O. 5313(E)/2019,RAIL_SEC_20E,Competent Authority Land Acquisition (CALA) / SDM Multi-State Central Revenue Division,APPROVED,43.0,43.0,100.0,99,180,0,100% land possession handed over to executing agency under Section 3D/19 mutation certificate.
705726,Track Machine Procurement Project,Tamil Nadu,Railways,S.O. 2592(E)/2020,RAIL_SEC_20E,Competent Authority Land Acquisition (CALA) / SDM Tamil Central Revenue Division,LOOPBACK,67.0,31.49,47.0,600,180,1,CALA Section 3G compensation award disputed in District Court; physical possession stalled for 35.5 Ha.
705635,Trivandrum- Kanyakumari,Kerala,Railways,S.O. 1200(E)/2018,RAIL_SEC_20E,Competent Authority Land Acquisition (CALA) / SDM Kerala Central Revenue Division,LOOPBACK,60.0,39.0,65.0,600,180,1,CALA Section 3G compensation award disputed in District Court; physical possession stalled for 21.0 Ha.
705496,Tumkur-Chitradurga-Davangere New Rail Line Project [191 km],Karnataka,Railways,S.O. 2907(E)/2023,RAIL_SEC_20E,Competent Authority Land Acquisition (CALA) / SDM Karnataka Central Revenue Division,LOOPBACK,72.0,44.64,62.0,600,180,1,CALA Section 3G compensation award disputed in District Court; physical possession stalled for 27.4 Ha.
617213,Varanasi-Pt. Deen Dayal Upadhyaya multitracking 15km including construction of new Rail-cum-Road Bridge across Ganga River.,Uttar Pradesh,Railways,S.O. 5142(E)/2023,RAIL_SEC_20E,Competent Authority Land Acquisition (CALA) / SDM Uttar Central Revenue Division,APPROVED,72.0,72.0,100.0,80,180,0,100% land possession handed over to executing agency under Section 3D/19 mutation certificate.
611938,Vijapur Ambliyasan 42 km,Multi-State,Railways,S.O. 1305(E)/2021,RAIL_SEC_20E,Competent Authority Land Acquisition (CALA) / SDM Multi-State Central Revenue Division,APPROVED,55.0,55.0,100.0,50,180,0,100% land possession handed over to executing agency under Section 3D/19 mutation certificate.
705632,Vijayawada - Kazipet Byepass line,Andhra Pradesh,Railways,S.O. 3124(E)/2020,RAIL_SEC_20E,Competent Authority Land Acquisition (CALA) / SDM Andhra Central Revenue Division,QUERY_RAISED,59.0,43.66,74.0,185,180,1,Section 3H disbursement in progress; joint revenue measurement (JGM) completed for 74.0% alignment.
705648,Vijaywada-Gudur 3rd Line,Telangana,Railways,S.O. 3155(E)/2022,RAIL_SEC_20E,Competent Authority Land Acquisition (CALA) / SDM Telangana Central Revenue Division,QUERY_RAISED,50.0,42.5,85.0,220,180,1,Section 3H disbursement in progress; joint revenue measurement (JGM) completed for 85.0% alignment.
400253,Vizianagaram - Titlagarh 3rd line  [272 Km including By - pass line of 7.68 KM],Andhra Pradesh,Railways,S.O. 1514(E)/2021,RAIL_SEC_20E,Competent Authority Land Acquisition (CALA) / SDM Andhra Central Revenue Division,APPROVED,69.0,69.0,100.0,45,180,0,100% land possession handed over to executing agency under Section 3D/19 mutation certificate.
705520,Vizianagaram-Sambhalpur 3rd Line Project,Andhra Pradesh,Railways,S.O. 3733(E)/2020,RAIL_SEC_20E,Competent Authority Land Acquisition (CALA) / SDM Andhra Central Revenue Division,APPROVED,53.0,53.0,100.0,87,180,0,100% land possession handed over to executing agency under Section 3D/19 mutation certificate.
705479,Wadsa-Gadchiroli,Maharashtra,Railways,S.O. 4012(E)/2018,RAIL_SEC_20E,Competent Authority Land Acquisition (CALA) / SDM Maharashtra Central Revenue Division,APPROVED,42.0,42.0,100.0,61,180,0,100% land possession handed over to executing agency under Section 3D/19 mutation certificate.
705497,Wardha - Yavatmal Nanded Railway Line Project,Maharashtra,Railways,S.O. 3080(E)/2019,RAIL_SEC_20E,Competent Authority Land Acquisition (CALA) / SDM Maharashtra Central Revenue Division,APPROVED,50.0,50.0,100.0,78,180,0,100% land possession handed over to executing agency under Section 3D/19 mutation certificate.
400271,Wardha-Nanded Via Yavatmal New BG Line,Maharashtra,Railways,S.O. 2762(E)/2022,RAIL_SEC_20E,Competent Authority Land Acquisition (CALA) / SDM Maharashtra Central Revenue Division,QUERY_RAISED,62.0,44.64,72.0,220,180,1,Section 3H disbursement in progress; joint revenue measurement (JGM) completed for 72.0% alignment.
705237,Western Dedicated Freight Corridor,Gujarat,Railways,S.O. 4453(E)/2020,RAIL_SEC_20E,Competent Authority Land Acquisition (CALA) / SDM Gujarat Central Revenue Division,LOOPBACK,43.0,20.64,48.0,600,180,1,CALA Section 3G compensation award disputed in District Court; physical possession stalled for 22.4 Ha.
611974,Western Railway Samakhiali Gandhidham Quadrupiling 53 Kms,Multi-State,Railways,S.O. 5157(E)/2021,RAIL_SEC_20E,Competent Authority Land Acquisition (CALA) / SDM Multi-State Central Revenue Division,APPROVED,57.0,57.0,100.0,65,180,0,100% land possession handed over to executing agency under Section 3D/19 mutation certificate.
611975,Western Railway Vasai bypass double line between Naigaon  Juchandra 6 km,Multi-State,Railways,S.O. 1881(E)/2023,RAIL_SEC_20E,Competent Authority Land Acquisition (CALA) / SDM Multi-State Central Revenue Division,APPROVED,51.0,51.0,100.0,101,180,0,100% land possession handed over to executing agency under Section 3D/19 mutation certificate.
705300,Western Region Video Surveillance Project,Multi-State,Railways,S.O. 2906(E)/2022,RAIL_SEC_20E,Competent Authority Land Acquisition (CALA) / SDM Multi-State Central Revenue Division,APPROVED,46.0,46.0,100.0,99,180,0,100% land possession handed over to executing agency under Section 3D/19 mutation certificate.
705720,WST Machine Procurement Project,Multi-State,Railways,S.O. 1081(E)/2018,RAIL_SEC_20E,Competent Authority Land Acquisition (CALA) / SDM Multi-State Central Revenue Division,LOOPBACK,41.0,27.06,66.0,600,180,1,CALA Section 3G compensation award disputed in District Court; physical possession stalled for 13.9 Ha.
705708,WST Machine Procurement Project,Multi-State,Railways,S.O. 2168(E)/2018,RAIL_SEC_20E,Competent Authority Land Acquisition (CALA) / SDM Multi-State Central Revenue Division,LOOPBACK,73.0,53.29,73.0,600,180,1,CALA Section 3G compensation award disputed in District Court; physical possession stalled for 19.7 Ha.
703585,Yeshvanthpur - Channasandra Doubling Project [21.70 Km],Karnataka,Railways,S.O. 4837(E)/2018,RAIL_SEC_20E,Competent Authority Land Acquisition (CALA) / SDM Karnataka Central Revenue Division,QUERY_RAISED,67.0,58.29,87.0,220,180,1,Section 3H disbursement in progress; joint revenue measurement (JGM) completed for 87.0% alignment.
603210,Development of Jodhpur Pali Marwar Industrial Area JPMIA in Rajasthan,Rajasthan,Real Estate,EXEMPT/ROW/603210,EXISTING_ROW_EXEMPT,Competent Authority / Not Applicable (Existing RoW),NOT_APPLICABLE,0.0,0.0,100.0,0,180,0,Project executes within pre-existing sanctioned Right of Way / Plant Boundary.
701668,Development of Palakkad Node under extension of CBIC to Kochi,Kerala,Real Estate,EXEMPT/ROW/701668,EXISTING_ROW_EXEMPT,Competent Authority / Not Applicable (Existing RoW),NOT_APPLICABLE,0.0,0.0,100.0,0,180,0,Project executes within pre-existing sanctioned Right of Way / Plant Boundary.
601812,Development of Zaheerabad Node under Hyderabad Nagpur Industrial Corridor,Telangana,Real Estate,EXEMPT/ROW/601812,EXISTING_ROW_EXEMPT,Competent Authority / Not Applicable (Existing RoW),NOT_APPLICABLE,0.0,0.0,100.0,0,180,0,Project executes within pre-existing sanctioned Right of Way / Plant Boundary.
707419,IMC at Prayagraj,Uttar Pradesh,Real Estate,EXEMPT/ROW/707419,EXISTING_ROW_EXEMPT,Competent Authority / Not Applicable (Existing RoW),NOT_APPLICABLE,0.0,0.0,100.0,0,180,0,Project executes within pre-existing sanctioned Right of Way / Plant Boundary.
617729,Kopparthy Industrial Area,Multi-State,Real Estate,EXEMPT/ROW/617729,EXISTING_ROW_EXEMPT,Competent Authority / Not Applicable (Existing RoW),NOT_APPLICABLE,0.0,0.0,100.0,0,180,0,Project executes within pre-existing sanctioned Right of Way / Plant Boundary.
701658,Krishnapatnam Node - Phase 1 - Roads and Services Development,Kerala,Real Estate,EXEMPT/ROW/701658,EXISTING_ROW_EXEMPT,Competent Authority / Not Applicable (Existing RoW),NOT_APPLICABLE,0.0,0.0,100.0,0,180,0,Project executes within pre-existing sanctioned Right of Way / Plant Boundary.
617727,Orvakal Industrial Area,Multi-State,Real Estate,EXEMPT/ROW/617727,EXISTING_ROW_EXEMPT,Competent Authority / Not Applicable (Existing RoW),NOT_APPLICABLE,0.0,0.0,100.0,0,180,0,Project executes within pre-existing sanctioned Right of Way / Plant Boundary.
701657,Tumakuru Node - Phase 1 - Roads and Services Development,Kerala,Real Estate,EXEMPT/ROW/701657,EXISTING_ROW_EXEMPT,Competent Authority / Not Applicable (Existing RoW),NOT_APPLICABLE,0.0,0.0,100.0,0,180,0,Project executes within pre-existing sanctioned Right of Way / Plant Boundary.
702524,Affordable Housing Construction Project in Chhattisgarh,Multi-State,Real Estate,EXEMPT/ROW/702524,EXISTING_ROW_EXEMPT,Competent Authority / Not Applicable (Existing RoW),NOT_APPLICABLE,0.0,0.0,100.0,0,180,0,Project executes within pre-existing sanctioned Right of Way / Plant Boundary.
701766,Green Building Development Project,Multi-State,Real Estate,EXEMPT/ROW/701766,EXISTING_ROW_EXEMPT,Competent Authority / Not Applicable (Existing RoW),NOT_APPLICABLE,0.0,0.0,100.0,0,180,0,Project executes within pre-existing sanctioned Right of Way / Plant Boundary.
702522,In-Situ Slum Redevelopment Project in Bihar,Multi-State,Real Estate,EXEMPT/ROW/702522,EXISTING_ROW_EXEMPT,Competent Authority / Not Applicable (Existing RoW),NOT_APPLICABLE,0.0,0.0,100.0,0,180,0,Project executes within pre-existing sanctioned Right of Way / Plant Boundary.
702540,In-Situ Slum Redevelopment Project in Gujarat,Multi-State,Real Estate,EXEMPT/ROW/702540,EXISTING_ROW_EXEMPT,Competent Authority / Not Applicable (Existing RoW),NOT_APPLICABLE,0.0,0.0,100.0,0,180,0,Project executes within pre-existing sanctioned Right of Way / Plant Boundary.
702544,In-Situ Slum Redevelopment Project in Haryana,Multi-State,Real Estate,EXEMPT/ROW/702544,EXISTING_ROW_EXEMPT,Competent Authority / Not Applicable (Existing RoW),NOT_APPLICABLE,0.0,0.0,100.0,0,180,0,Project executes within pre-existing sanctioned Right of Way / Plant Boundary.
702555,In-Situ Slum Redevelopment Project in Jharkhand,Multi-State,Real Estate,EXEMPT/ROW/702555,EXISTING_ROW_EXEMPT,Competent Authority / Not Applicable (Existing RoW),NOT_APPLICABLE,0.0,0.0,100.0,0,180,0,Project executes within pre-existing sanctioned Right of Way / Plant Boundary.
702612,In-Situ Slum Redevelopment Project in Uttar Pradesh,Multi-State,Real Estate,EXEMPT/ROW/702612,EXISTING_ROW_EXEMPT,Competent Authority / Not Applicable (Existing RoW),NOT_APPLICABLE,0.0,0.0,100.0,0,180,0,Project executes within pre-existing sanctioned Right of Way / Plant Boundary.
707229,"Integrated Command control Center [ICCC] - Construction and Development of Integrated Command Control Center with Security, Surveillance, ITMS, Connecting  Port, Ship Service, Smart Solid Waste Management, Smart Public Transport System",Kerala,Real Estate,EXEMPT/ROW/707229,EXISTING_ROW_EXEMPT,Competent Authority / Not Applicable (Existing RoW),NOT_APPLICABLE,0.0,0.0,100.0,0,180,0,Project executes within pre-existing sanctioned Right of Way / Plant Boundary.
400188,Redevelopment of Seven General Pool Residential Accommodation [GPRA] Colonies in Delhi,Delhi,Real Estate,EXEMPT/ROW/400188,EXISTING_ROW_EXEMPT,Competent Authority / Not Applicable (Existing RoW),NOT_APPLICABLE,0.0,0.0,100.0,0,180,0,Project executes within pre-existing sanctioned Right of Way / Plant Boundary.
701719,Rehablitation in Junavadaj Area Smart City Project,Multi-State,Real Estate,EXEMPT/ROW/701719,EXISTING_ROW_EXEMPT,Competent Authority / Not Applicable (Existing RoW),NOT_APPLICABLE,0.0,0.0,100.0,0,180,0,Project executes within pre-existing sanctioned Right of Way / Plant Boundary.
701576,Berth No. 2 [previously Berth 3] of HDC Mechanization Project,Multi-State,Shipping,S.O. 5097(E)/2021,RFCTLARR_SEC_19,Competent Authority Land Acquisition (CALA) / SDM Multi-State Central Revenue Division,APPROVED,42.0,42.0,100.0,46,180,0,100% land possession handed over to executing agency under Section 3D/19 mutation certificate.
701564,"Construction of new dry dock at exisitng Cochin Shipyard Limited premises at Perumanoor, Kochi 682 015",Kerala,Shipping,S.O. 4891(E)/2018,RFCTLARR_SEC_19,Competent Authority Land Acquisition (CALA) / SDM Kerala Central Revenue Division,LOOPBACK,66.0,43.56,66.0,594,180,1,CALA Section 3G compensation award disputed in District Court; physical possession stalled for 22.4 Ha.
701574,Deepening and Optimization of Inner Harbour facilities including development of Western Dock on BOT basis to handle Cape size vessels,Multi-State,Shipping,S.O. 4565(E)/2020,RFCTLARR_SEC_19,Competent Authority Land Acquisition (CALA) / SDM Multi-State Central Revenue Division,QUERY_RAISED,60.0,45.0,75.0,152,180,1,Section 3H disbursement in progress; joint revenue measurement (JGM) completed for 75.0% alignment.
619229,"Integrated development of Outer Container Terminal and berth No. 1 though 5 NSD at KDS, SMPK on DBFOT basis through PPP mode",Multi-State,Shipping,S.O. 2164(E)/2020,RFCTLARR_SEC_19,Competent Authority Land Acquisition (CALA) / SDM Multi-State Central Revenue Division,APPROVED,69.0,69.0,100.0,59,180,0,100% land possession handed over to executing agency under Section 3D/19 mutation certificate.
617804,Mechanization of Berth No.14 for handling Containers and other cargo on DBFOT basis - Phase II,Multi-State,Shipping,S.O. 1770(E)/2021,RFCTLARR_SEC_19,Competent Authority Land Acquisition (CALA) / SDM Multi-State Central Revenue Division,APPROVED,70.0,70.0,100.0,54,180,0,100% land possession handed over to executing agency under Section 3D/19 mutation certificate.
708655,Operationalization of Coastal Berth & Shallow Water Berth through PPP,Multi-State,Shipping,S.O. 1930(E)/2020,RFCTLARR_SEC_19,Competent Authority Land Acquisition (CALA) / SDM Multi-State Central Revenue Division,APPROVED,55.0,55.0,100.0,64,180,0,100% land possession handed over to executing agency under Section 3D/19 mutation certificate.
400382,Rewas Port Project,Madhya Pradesh,Shipping,S.O. 4147(E)/2021,RFCTLARR_SEC_19,Competent Authority Land Acquisition (CALA) / SDM Madhya Central Revenue Division,APPROVED,57.0,57.0,100.0,49,180,0,100% land possession handed over to executing agency under Section 3D/19 mutation certificate.
701586,Setting up of a Floating Storage and Regasification Unit [FSRU] - Mumbai,Maharashtra,Shipping,S.O. 3185(E)/2019,RFCTLARR_SEC_19,Competent Authority Land Acquisition (CALA) / SDM Maharashtra Central Revenue Division,APPROVED,45.0,45.0,100.0,92,180,0,100% land possession handed over to executing agency under Section 3D/19 mutation certificate.
701577,Shalukkhali Liquid Cargo Handling Facility Development Project,Multi-State,Shipping,S.O. 2570(E)/2023,RFCTLARR_SEC_19,Competent Authority Land Acquisition (CALA) / SDM Multi-State Central Revenue Division,APPROVED,70.0,70.0,100.0,63,180,0,100% land possession handed over to executing agency under Section 3D/19 mutation certificate.
709827,CONSTRUCTION OF RESIDENTIAL TOWERS AT BIOM KIRANDUL COMPLEX,Multi-State,Steel,EXEMPT/ROW/709827,EXISTING_ROW_EXEMPT,Competent Authority / Not Applicable (Existing RoW),NOT_APPLICABLE,0.0,0.0,100.0,0,180,0,Project executes within pre-existing sanctioned Right of Way / Plant Boundary.
400121,"Construction of Screening Plant-II for Donimalai and Kumaraswamy Iron Ore Mining Complex of NMDC Limited at Ballari Dt, Karnataka.",Karnataka,Steel,EXEMPT/ROW/400121,EXISTING_ROW_EXEMPT,Competent Authority / Not Applicable (Existing RoW),NOT_APPLICABLE,0.0,0.0,100.0,0,180,0,Project executes within pre-existing sanctioned Right of Way / Plant Boundary.
400065,Installation of 4th Slab Caster along with its Auxiliaries and a New Ladle Furnace in SMS-II at Rourkela Steel Plant,Odisha,Steel,EXEMPT/ROW/400065,EXISTING_ROW_EXEMPT,Competent Authority / Not Applicable (Existing RoW),NOT_APPLICABLE,0.0,0.0,100.0,0,180,0,Project executes within pre-existing sanctioned Right of Way / Plant Boundary.
617242,Installation of New Bar Mill at Durgapur Steel Plant,West Bengal,Steel,EXEMPT/ROW/617242,EXISTING_ROW_EXEMPT,Competent Authority / Not Applicable (Existing RoW),NOT_APPLICABLE,0.0,0.0,100.0,0,180,0,Project executes within pre-existing sanctioned Right of Way / Plant Boundary.
400174,"New Sinter Plant at BSL, SAIL",Multi-State,Steel,EXEMPT/ROW/400174,EXISTING_ROW_EXEMPT,Competent Authority / Not Applicable (Existing RoW),NOT_APPLICABLE,0.0,0.0,100.0,0,180,0,Project executes within pre-existing sanctioned Right of Way / Plant Boundary.
706811,NMDC Slurry Pipeline Project Phase-1,Multi-State,Steel,EXEMPT/ROW/706811,EXISTING_ROW_EXEMPT,Competent Authority / Not Applicable (Existing RoW),NOT_APPLICABLE,0.0,0.0,100.0,0,180,0,Project executes within pre-existing sanctioned Right of Way / Plant Boundary.
612781,Rebuilding of COB 4 at Durgapur Steel Plant,West Bengal,Steel,EXEMPT/ROW/612781,EXISTING_ROW_EXEMPT,Competent Authority / Not Applicable (Existing RoW),NOT_APPLICABLE,0.0,0.0,100.0,0,180,0,Project executes within pre-existing sanctioned Right of Way / Plant Boundary.
617257,Rebuilding of Coke Oven Battery No.6 at Bokaro Steel Plant,Jharkhand,Steel,EXEMPT/ROW/617257,EXISTING_ROW_EXEMPT,Competent Authority / Not Applicable (Existing RoW),NOT_APPLICABLE,0.0,0.0,100.0,0,180,0,Project executes within pre-existing sanctioned Right of Way / Plant Boundary.
617256,Rebuilding of Coke Oven Battery No.7 & 8 at Bhilai Steel Plant,Chhattisgarh,Steel,EXEMPT/ROW/617256,EXISTING_ROW_EXEMPT,Competent Authority / Not Applicable (Existing RoW),NOT_APPLICABLE,0.0,0.0,100.0,0,180,0,Project executes within pre-existing sanctioned Right of Way / Plant Boundary.
617255,"Replacement of Converter Vessels, Trunnion Rings, Support System & Installation of Secondary Emission at Bhilai Steel Plant",Chhattisgarh,Steel,EXEMPT/ROW/617255,EXISTING_ROW_EXEMPT,Competent Authority / Not Applicable (Existing RoW),NOT_APPLICABLE,0.0,0.0,100.0,0,180,0,Project executes within pre-existing sanctioned Right of Way / Plant Boundary.
617249,Replacement of existing Grinders in CRM-I & II at Bokaro Steel Plant,Jharkhand,Steel,EXEMPT/ROW/617249,EXISTING_ROW_EXEMPT,Competent Authority / Not Applicable (Existing RoW),NOT_APPLICABLE,0.0,0.0,100.0,0,180,0,Project executes within pre-existing sanctioned Right of Way / Plant Boundary.
617243,Replacement of Hot Leveller No.1 of Plate Mill at Bhilai Steel Plant,Chhattisgarh,Steel,EXEMPT/ROW/617243,EXISTING_ROW_EXEMPT,Competent Authority / Not Applicable (Existing RoW),NOT_APPLICABLE,0.0,0.0,100.0,0,180,0,Project executes within pre-existing sanctioned Right of Way / Plant Boundary.
617254,Replacement of remaining 04 sets  of Battery Cyclones with 04 Nos. of ESPs in Sinter Plant-1 at Bokaro Steel Plant,Jharkhand,Steel,EXEMPT/ROW/617254,EXISTING_ROW_EXEMPT,Competent Authority / Not Applicable (Existing RoW),NOT_APPLICABLE,0.0,0.0,100.0,0,180,0,Project executes within pre-existing sanctioned Right of Way / Plant Boundary.
617251,Revamping of Air Pollution Control Systems of SP-1 at Durgapur Steel Plant,West Bengal,Steel,EXEMPT/ROW/617251,EXISTING_ROW_EXEMPT,Competent Authority / Not Applicable (Existing RoW),NOT_APPLICABLE,0.0,0.0,100.0,0,180,0,Project executes within pre-existing sanctioned Right of Way / Plant Boundary.
617253,Revamping of old sub-systems of Blast Furnace 3 at Bokaro Steel Plant,Jharkhand,Steel,EXEMPT/ROW/617253,EXISTING_ROW_EXEMPT,Competent Authority / Not Applicable (Existing RoW),NOT_APPLICABLE,0.0,0.0,100.0,0,180,0,Project executes within pre-existing sanctioned Right of Way / Plant Boundary.
709826,SCREENING PLANT-III AT KIRANDUL,Puducherry,Steel,EXEMPT/ROW/709826,EXISTING_ROW_EXEMPT,Competent Authority / Not Applicable (Existing RoW),NOT_APPLICABLE,0.0,0.0,100.0,0,180,0,Project executes within pre-existing sanctioned Right of Way / Plant Boundary.
617250,Secondary Emission Control in Converters of SMS-II at Bokaro Steel Plant,Jharkhand,Steel,EXEMPT/ROW/617250,EXISTING_ROW_EXEMPT,Competent Authority / Not Applicable (Existing RoW),NOT_APPLICABLE,0.0,0.0,100.0,0,180,0,Project executes within pre-existing sanctioned Right of Way / Plant Boundary.
617338,Stamp Charge Battery No.12 Battery Proper at IISCO Steel Plant,West Bengal,Steel,EXEMPT/ROW/617338,EXISTING_ROW_EXEMPT,Competent Authority / Not Applicable (Existing RoW),NOT_APPLICABLE,0.0,0.0,100.0,0,180,0,Project executes within pre-existing sanctioned Right of Way / Plant Boundary.
617248,Third Ladle Furnace in Secondary Refinery Unit at IISCO Steel Plant,West Bengal,Steel,EXEMPT/ROW/617248,EXISTING_ROW_EXEMPT,Competent Authority / Not Applicable (Existing RoW),NOT_APPLICABLE,0.0,0.0,100.0,0,180,0,Project executes within pre-existing sanctioned Right of Way / Plant Boundary.
617246,Up-gradation of Blast Furnace No. 3 at Durgapur Steel Plant,West Bengal,Steel,EXEMPT/ROW/617246,EXISTING_ROW_EXEMPT,Competent Authority / Not Applicable (Existing RoW),NOT_APPLICABLE,0.0,0.0,100.0,0,180,0,Project executes within pre-existing sanctioned Right of Way / Plant Boundary.
701600,354 Uncovered Villages Scheme,Multi-State,Telecommunication,EXEMPT/ROW/701600,EXISTING_ROW_EXEMPT,Competent Authority / Not Applicable (Existing RoW),NOT_APPLICABLE,0.0,0.0,100.0,0,180,0,Project executes within pre-existing sanctioned Right of Way / Plant Boundary.
701593,4G Services by BSNL,Multi-State,Telecommunication,EXEMPT/ROW/701593,EXISTING_ROW_EXEMPT,Competent Authority / Not Applicable (Existing RoW),NOT_APPLICABLE,0.0,0.0,100.0,0,180,0,Project executes within pre-existing sanctioned Right of Way / Plant Boundary.
704495,"502 Aspirational District Scheme in Four states - Bihar, Madhya Pradesh, Rajastha and Uttar Pradesh",Multi-State,Telecommunication,EXEMPT/ROW/704495,EXISTING_ROW_EXEMPT,Competent Authority / Not Applicable (Existing RoW),NOT_APPLICABLE,0.0,0.0,100.0,0,180,0,Project executes within pre-existing sanctioned Right of Way / Plant Boundary.
108841,"Amended BharatNet Program - KTK, GOA, PY",Goa,Telecommunication,EXEMPT/ROW/108841,EXISTING_ROW_EXEMPT,Competent Authority / Not Applicable (Existing RoW),NOT_APPLICABLE,0.0,0.0,100.0,0,180,0,Project executes within pre-existing sanctioned Right of Way / Plant Boundary.
222253,Amended BharatNet Program - UP (East),Multi-State,Telecommunication,EXEMPT/ROW/222253,EXISTING_ROW_EXEMPT,Competent Authority / Not Applicable (Existing RoW),NOT_APPLICABLE,0.0,0.0,100.0,0,180,0,Project executes within pre-existing sanctioned Right of Way / Plant Boundary.
708687,Amended BharatNet Program - UP (West),Multi-State,Telecommunication,EXEMPT/ROW/708687,EXISTING_ROW_EXEMPT,Competent Authority / Not Applicable (Existing RoW),NOT_APPLICABLE,0.0,0.0,100.0,0,180,0,Project executes within pre-existing sanctioned Right of Way / Plant Boundary.
706775,BharatNet,Multi-State,Telecommunication,EXEMPT/ROW/706775,EXISTING_ROW_EXEMPT,Competent Authority / Not Applicable (Existing RoW),NOT_APPLICABLE,0.0,0.0,100.0,0,180,0,Project executes within pre-existing sanctioned Right of Way / Plant Boundary.
617413,Mobile connectivity in Left Wing Extremism [LWE] affected areas-Phase 1 Upgradation,Multi-State,Telecommunication,EXEMPT/ROW/617413,EXISTING_ROW_EXEMPT,Competent Authority / Not Applicable (Existing RoW),NOT_APPLICABLE,0.0,0.0,100.0,0,180,0,Project executes within pre-existing sanctioned Right of Way / Plant Boundary.
701599,Mobile connectivity in Left Wing Extremism [LWE] affected areas-Phase2,Multi-State,Telecommunication,EXEMPT/ROW/701599,EXISTING_ROW_EXEMPT,Competent Authority / Not Applicable (Existing RoW),NOT_APPLICABLE,0.0,0.0,100.0,0,180,0,Project executes within pre-existing sanctioned Right of Way / Plant Boundary.
709856,MPLS-IP BASED ACCESS AND AGGREGATION NETWORK [MAAN] IN BSNL ALONG WITH TEST AND MEASURING EQUIPMENT,Multi-State,Telecommunication,EXEMPT/ROW/709856,EXISTING_ROW_EXEMPT,Competent Authority / Not Applicable (Existing RoW),NOT_APPLICABLE,0.0,0.0,100.0,0,180,0,Project executes within pre-existing sanctioned Right of Way / Plant Boundary.
709858,OPTICAL TRANSPORT NETWORK [OTN] PH-4 IN BSNL,Multi-State,Telecommunication,EXEMPT/ROW/709858,EXISTING_ROW_EXEMPT,Competent Authority / Not Applicable (Existing RoW),NOT_APPLICABLE,0.0,0.0,100.0,0,180,0,Project executes within pre-existing sanctioned Right of Way / Plant Boundary.
709749,PHASE-I OF CONSOLIDATION OF EXISTING CDR DATA CENTERS AND NIB-P3 DATA CENTERS WITH STATE OF THE ART,Multi-State,Telecommunication,EXEMPT/ROW/709749,EXISTING_ROW_EXEMPT,Competent Authority / Not Applicable (Existing RoW),NOT_APPLICABLE,0.0,0.0,100.0,0,180,0,Project executes within pre-existing sanctioned Right of Way / Plant Boundary.
709857,"Planning, Engineering, Supply, Installation, Testing, Commissioning, Integration & Annual Maintenance of 4G mobile network at 1 Lakh sites on PAN India basis including Mumbai & Delhi LSA on turnkey basis under Phase IX.2 Project.",Maharashtra,Telecommunication,EXEMPT/ROW/709857,EXISTING_ROW_EXEMPT,Competent Authority / Not Applicable (Existing RoW),NOT_APPLICABLE,0.0,0.0,100.0,0,180,0,Project executes within pre-existing sanctioned Right of Way / Plant Boundary.
701602,"Provision of 4G based mobile services in 7,287 uncovered villages of 44 Aspirational District across 5 states of Andhra Pradesh, Chhattisgarh, Jharkhand, Maharashtra & Odisha",Multi-State,Telecommunication,EXEMPT/ROW/701602,EXISTING_ROW_EXEMPT,Competent Authority / Not Applicable (Existing RoW),NOT_APPLICABLE,0.0,0.0,100.0,0,180,0,Project executes within pre-existing sanctioned Right of Way / Plant Boundary.
701598,Provision of 4G based Mobile Services in Uncovered Villages and National Highways of Meghalaya,Multi-State,Telecommunication,EXEMPT/ROW/701598,EXISTING_ROW_EXEMPT,Competent Authority / Not Applicable (Existing RoW),NOT_APPLICABLE,0.0,0.0,100.0,0,180,0,Project executes within pre-existing sanctioned Right of Way / Plant Boundary.
701597,Provision of 4G Mobile Services in Uncovered Villages of Arunachal Pradesh and 2 Districts of Assam,Multi-State,Telecommunication,EXEMPT/ROW/701597,EXISTING_ROW_EXEMPT,Competent Authority / Not Applicable (Existing RoW),NOT_APPLICABLE,0.0,0.0,100.0,0,180,0,Project executes within pre-existing sanctioned Right of Way / Plant Boundary.
400013,Saturation 4G mobile coverage of Uncovered Villages through USOF,Multi-State,Telecommunication,EXEMPT/ROW/400013,EXISTING_ROW_EXEMPT,Competent Authority / Not Applicable (Existing RoW),NOT_APPLICABLE,0.0,0.0,100.0,0,180,0,Project executes within pre-existing sanctioned Right of Way / Plant Boundary.
709859,SETTING UP OF PHYSICAL INFRASTRUCTURE FOR THE NATIONAL INSTITUTE OF COMMUNICATION FINANCE [NICF] AT GHITORNI,Multi-State,Telecommunication,EXEMPT/ROW/709859,EXISTING_ROW_EXEMPT,Competent Authority / Not Applicable (Existing RoW),NOT_APPLICABLE,0.0,0.0,100.0,0,180,0,Project executes within pre-existing sanctioned Right of Way / Plant Boundary.
709855,SUPER EDGE ROUTERS FOR BSNL INTERNET PROTOCOL - MULTI PROTOCOL LEBEL SWITCHING [IPMPLS] NETWORK,Multi-State,Telecommunication,EXEMPT/ROW/709855,EXISTING_ROW_EXEMPT,Competent Authority / Not Applicable (Existing RoW),NOT_APPLICABLE,0.0,0.0,100.0,0,180,0,Project executes within pre-existing sanctioned Right of Way / Plant Boundary.
400429,Exhibition cum Convention Centre Dwarka [Phase I],Multi-State,"Tourism, Hospitality & Wellness",EXEMPT/ROW/400429,EXISTING_ROW_EXEMPT,Competent Authority / Not Applicable (Existing RoW),NOT_APPLICABLE,0.0,0.0,100.0,0,180,0,Project executes within pre-existing sanctioned Right of Way / Plant Boundary.
707215,National Maritime Heritage Complex [NMHC] Phase-I,Gujarat,"Tourism, Hospitality & Wellness",EXEMPT/ROW/707215,EXISTING_ROW_EXEMPT,Competent Authority / Not Applicable (Existing RoW),NOT_APPLICABLE,0.0,0.0,100.0,0,180,0,Project executes within pre-existing sanctioned Right of Way / Plant Boundary.
615337,Additional Transmission System for evacuation of Power from Bhadla-III PS as part of Rajasthan REZ Phase III Scheme [20 GW] [SPV Name POWERGRID Bhadla-III Power Transmission Limited],Rajasthan,Transmission & Distribution,EXEMPT/ROW/615337,EXISTING_ROW_EXEMPT,Competent Authority / Not Applicable (Existing RoW),NOT_APPLICABLE,0.0,0.0,100.0,0,180,0,Project executes within pre-existing sanctioned Right of Way / Plant Boundary.
617181,"Augmentation at Fatehgarh-II PS, Fatehgarh-IV PS [Section-II] and Barmer-I PS [POWERGRID Fatehgarh Barmer Augmentation Transmission Limited]",Multi-State,Transmission & Distribution,EXEMPT/ROW/617181,EXISTING_ROW_EXEMPT,Competent Authority / Not Applicable (Existing RoW),NOT_APPLICABLE,0.0,0.0,100.0,0,180,0,Project executes within pre-existing sanctioned Right of Way / Plant Boundary.
612856,Augmentation of 1x1500 MVA 3rd  765/400 kV transformation capacity at Kurnool New Substation,Andhra Pradesh,Transmission & Distribution,EXEMPT/ROW/612856,EXISTING_ROW_EXEMPT,Competent Authority / Not Applicable (Existing RoW),NOT_APPLICABLE,0.0,0.0,100.0,0,180,0,Project executes within pre-existing sanctioned Right of Way / Plant Boundary.
619028,Augmentation of 1x500 MVA 400/220kV ICT [3rd] at Thrissur VSC HVDC Station in Kerala,Multi-State,Transmission & Distribution,EXEMPT/ROW/619028,EXISTING_ROW_EXEMPT,Competent Authority / Not Applicable (Existing RoW),NOT_APPLICABLE,0.0,0.0,100.0,0,180,0,Project executes within pre-existing sanctioned Right of Way / Plant Boundary.
617182,Augmentation of Banaskantha [Raghanesda] PS [GIS] [POWERGRID Banaskantha Transco Limited],Gujarat,Transmission & Distribution,EXEMPT/ROW/617182,EXISTING_ROW_EXEMPT,Competent Authority / Not Applicable (Existing RoW),NOT_APPLICABLE,0.0,0.0,100.0,0,180,0,Project executes within pre-existing sanctioned Right of Way / Plant Boundary.
617802,Augmentation of Transformation Capacity and Implementation of Line Bays at  Mandsaur S/S for RE Interconnection [SPV Name- POWERGRID Mandsaur I RE Transmission Limited],Madhya Pradesh,Transmission & Distribution,EXEMPT/ROW/617802,EXISTING_ROW_EXEMPT,Competent Authority / Not Applicable (Existing RoW),NOT_APPLICABLE,0.0,0.0,100.0,0,180,0,Project executes within pre-existing sanctioned Right of Way / Plant Boundary.
617391,Augmentation of Transformation Capacity at Bhuj-II PS [GIS],Gujarat,Transmission & Distribution,EXEMPT/ROW/617391,EXISTING_ROW_EXEMPT,Competent Authority / Not Applicable (Existing RoW),NOT_APPLICABLE,0.0,0.0,100.0,0,180,0,Project executes within pre-existing sanctioned Right of Way / Plant Boundary.
615342,Augmentation of Transformation Capacity at jam Khambhaliya PS [GIS] [SPV Name POWERGRID Jam Khambhaliya Transmission Limited],Multi-State,Transmission & Distribution,EXEMPT/ROW/615342,EXISTING_ROW_EXEMPT,Competent Authority / Not Applicable (Existing RoW),NOT_APPLICABLE,0.0,0.0,100.0,0,180,0,Project executes within pre-existing sanctioned Right of Way / Plant Boundary.
617069,Augmentation of Transformation Capacity at KPS1 [GIS] and KPS2 [GIS] [Phase-V Part B1 and Part B2 Scheme]  [SPV Name- POWERGRID KPS1 and 2 Augmentation Transmission Limited],Multi-State,Transmission & Distribution,EXEMPT/ROW/617069,EXISTING_ROW_EXEMPT,Competent Authority / Not Applicable (Existing RoW),NOT_APPLICABLE,0.0,0.0,100.0,0,180,0,Project executes within pre-existing sanctioned Right of Way / Plant Boundary.
617068,"Augmentation of Transformation Capacity by 3x500 MVA, 400/220 KV ICTS [6th-8th] and 1x1500 MVA, 765/400 KV ICT [4th] at Bidar PS  [SPV Name- POWERGRID Bidar Augmentation Transmission Limited]",Karnataka,Transmission & Distribution,EXEMPT/ROW/617068,EXISTING_ROW_EXEMPT,Competent Authority / Not Applicable (Existing RoW),NOT_APPLICABLE,0.0,0.0,100.0,0,180,0,Project executes within pre-existing sanctioned Right of Way / Plant Boundary.
602223,Comprehensive Scheme for Strengthening of Transmission and Distribution [T&D] Systems [CSST&DS] in Arunachal Pradesh and Sikkim,Uttar Pradesh,Transmission & Distribution,EXEMPT/ROW/602223,EXISTING_ROW_EXEMPT,Competent Authority / Not Applicable (Existing RoW),NOT_APPLICABLE,0.0,0.0,100.0,0,180,0,Project executes within pre-existing sanctioned Right of Way / Plant Boundary.
617271,Eastern Region  Expansion Scheme-43 [ERES-43],Odisha,Transmission & Distribution,EXEMPT/ROW/617271,EXISTING_ROW_EXEMPT,Competent Authority / Not Applicable (Existing RoW),NOT_APPLICABLE,0.0,0.0,100.0,0,180,0,Project executes within pre-existing sanctioned Right of Way / Plant Boundary.
617270,Eastern Region  Expansion Scheme-44 [ERES-44],Odisha,Transmission & Distribution,EXEMPT/ROW/617270,EXISTING_ROW_EXEMPT,Competent Authority / Not Applicable (Existing RoW),NOT_APPLICABLE,0.0,0.0,100.0,0,180,0,Project executes within pre-existing sanctioned Right of Way / Plant Boundary.
611660,Establishment of Khavda Pooling Station-2 KPS2 in Khavda RE Park KPS2 TRANSMISSION SYSTEM LIMITED,Multi-State,Transmission & Distribution,EXEMPT/ROW/611660,EXISTING_ROW_EXEMPT,Competent Authority / Not Applicable (Existing RoW),NOT_APPLICABLE,0.0,0.0,100.0,0,180,0,Project executes within pre-existing sanctioned Right of Way / Plant Boundary.
617272,Implementation of LILO of both circuits of 400KV vindhyachal PS-Sasan D/C Line at Hindalco Switchyard,Multi-State,Transmission & Distribution,EXEMPT/ROW/617272,EXISTING_ROW_EXEMPT,Competent Authority / Not Applicable (Existing RoW),NOT_APPLICABLE,0.0,0.0,100.0,0,180,0,Project executes within pre-existing sanctioned Right of Way / Plant Boundary.
617326,Implementation of Transmission Systems in the State of Jharkhand consisting of 400/220/132/33 kV transmission lines and substations under Jharkhand Consultancy Project,Multi-State,Transmission & Distribution,EXEMPT/ROW/617326,EXISTING_ROW_EXEMPT,Competent Authority / Not Applicable (Existing RoW),NOT_APPLICABLE,0.0,0.0,100.0,0,180,0,Project executes within pre-existing sanctioned Right of Way / Plant Boundary.
617807,Inter-regional [NR-WR] Transmission System strengthening to relieve the loading of 765 kV Vindhyachal-Varanasi D/c line,Uttar Pradesh,Transmission & Distribution,EXEMPT/ROW/617807,EXISTING_ROW_EXEMPT,Competent Authority / Not Applicable (Existing RoW),NOT_APPLICABLE,0.0,0.0,100.0,0,180,0,Project executes within pre-existing sanctioned Right of Way / Plant Boundary.
619030,Inter-Regional Strengthening between SR Grid and ER Grid,Maharashtra,Transmission & Distribution,EXEMPT/ROW/619030,EXISTING_ROW_EXEMPT,Competent Authority / Not Applicable (Existing RoW),NOT_APPLICABLE,0.0,0.0,100.0,0,180,0,Project executes within pre-existing sanctioned Right of Way / Plant Boundary.
617808,Inter-Regional Strengthening between SR Grid and WR Grid,Maharashtra,Transmission & Distribution,EXEMPT/ROW/617808,EXISTING_ROW_EXEMPT,Competent Authority / Not Applicable (Existing RoW),NOT_APPLICABLE,0.0,0.0,100.0,0,180,0,Project executes within pre-existing sanctioned Right of Way / Plant Boundary.
617405,Jamnagar Transmission Limited,Multi-State,Transmission & Distribution,EXEMPT/ROW/617405,EXISTING_ROW_EXEMPT,Competent Authority / Not Applicable (Existing RoW),NOT_APPLICABLE,0.0,0.0,100.0,0,180,0,Project executes within pre-existing sanctioned Right of Way / Plant Boundary.
619049,Khavda IVA Power Transmission Limited,Multi-State,Transmission & Distribution,EXEMPT/ROW/619049,EXISTING_ROW_EXEMPT,Competent Authority / Not Applicable (Existing RoW),NOT_APPLICABLE,0.0,0.0,100.0,0,180,0,Project executes within pre-existing sanctioned Right of Way / Plant Boundary.
619026,KPSIII HVDC Transmission Limited,Multi-State,Transmission & Distribution,EXEMPT/ROW/619026,EXISTING_ROW_EXEMPT,Competent Authority / Not Applicable (Existing RoW),NOT_APPLICABLE,0.0,0.0,100.0,0,180,0,Project executes within pre-existing sanctioned Right of Way / Plant Boundary.
619024,Mahan Transmission Limited,Multi-State,Transmission & Distribution,EXEMPT/ROW/619024,EXISTING_ROW_EXEMPT,Competent Authority / Not Applicable (Existing RoW),NOT_APPLICABLE,0.0,0.0,100.0,0,180,0,Project executes within pre-existing sanctioned Right of Way / Plant Boundary.
619227,Network Expansion Scheme in Maharashtra for removal of Transmission constraints in Pune Region-I [765/400kV AIS Pune East],Maharashtra,Transmission & Distribution,EXEMPT/ROW/619227,EXISTING_ROW_EXEMPT,Competent Authority / Not Applicable (Existing RoW),NOT_APPLICABLE,0.0,0.0,100.0,0,180,0,Project executes within pre-existing sanctioned Right of Way / Plant Boundary.
617375,North Eastern Region Expansion Scheme-XXIII [NERES-XXIII],Maharashtra,Transmission & Distribution,EXEMPT/ROW/617375,EXISTING_ROW_EXEMPT,Competent Authority / Not Applicable (Existing RoW),NOT_APPLICABLE,0.0,0.0,100.0,0,180,0,Project executes within pre-existing sanctioned Right of Way / Plant Boundary.
607709,NORTH EASTERN REGION POWER SYSTEM IMPROVEMENT PROJECT [NERPSIP],Multi-State,Transmission & Distribution,EXEMPT/ROW/607709,EXISTING_ROW_EXEMPT,Competent Authority / Not Applicable (Existing RoW),NOT_APPLICABLE,0.0,0.0,100.0,0,180,0,Project executes within pre-existing sanctioned Right of Way / Plant Boundary.
615343,Provision of Dynamic Reactive Compensation at Khavda pooling Station 1 [KPS1] and Khavda Pooling station 3 [KPS3],Gujarat,Transmission & Distribution,EXEMPT/ROW/615343,EXISTING_ROW_EXEMPT,Competent Authority / Not Applicable (Existing RoW),NOT_APPLICABLE,0.0,0.0,100.0,0,180,0,Project executes within pre-existing sanctioned Right of Way / Plant Boundary.
617801,Provision of ICT Augmentation & Bus Reactor at Bhuj-II PS,Gujarat,Transmission & Distribution,EXEMPT/ROW/617801,EXISTING_ROW_EXEMPT,Competent Authority / Not Applicable (Existing RoW),NOT_APPLICABLE,0.0,0.0,100.0,0,180,0,Project executes within pre-existing sanctioned Right of Way / Plant Boundary.
619025,RAJASTHAN PART I POWER TRANSMISSION LIMITED,Multi-State,Transmission & Distribution,EXEMPT/ROW/619025,EXISTING_ROW_EXEMPT,Competent Authority / Not Applicable (Existing RoW),NOT_APPLICABLE,0.0,0.0,100.0,0,180,0,Project executes within pre-existing sanctioned Right of Way / Plant Boundary.
617186,Rajasthan REZ Ph-V [Part-1- 4 GW] [Sirohi/Nagaur] Complex [Rajasthan V Power Transmission Limited],Kerala,Transmission & Distribution,EXEMPT/ROW/617186,EXISTING_ROW_EXEMPT,Competent Authority / Not Applicable (Existing RoW),NOT_APPLICABLE,0.0,0.0,100.0,0,180,0,Project executes within pre-existing sanctioned Right of Way / Plant Boundary.
616672,System Strengthening at Koppal-II and GadagII for integration of RE generation projects [SPV Name POWERGRID Koppal Gadag Augmentation Transmission Limited],Karnataka,Transmission & Distribution,EXEMPT/ROW/616672,EXISTING_ROW_EXEMPT,Competent Authority / Not Applicable (Existing RoW),NOT_APPLICABLE,0.0,0.0,100.0,0,180,0,Project executes within pre-existing sanctioned Right of Way / Plant Boundary.
400005,Transmission Network Expansion in Gujarat to increase its ATC from ISTS Part B,Gujarat,Transmission & Distribution,EXEMPT/ROW/400005,EXISTING_ROW_EXEMPT,Competent Authority / Not Applicable (Existing RoW),NOT_APPLICABLE,0.0,0.0,100.0,0,180,0,Project executes within pre-existing sanctioned Right of Way / Plant Boundary.
611656,Transmission scheme for evacuation of 4.5GW RE injection at Khavda PS under Phase II- Part B,Gujarat,Transmission & Distribution,EXEMPT/ROW/611656,EXISTING_ROW_EXEMPT,Competent Authority / Not Applicable (Existing RoW),NOT_APPLICABLE,0.0,0.0,100.0,0,180,0,Project executes within pre-existing sanctioned Right of Way / Plant Boundary.
611657,Transmission scheme for evacuation of 4.5GW RE injection at Khavda PS under Phase II- Part C,Gujarat,Transmission & Distribution,EXEMPT/ROW/611657,EXISTING_ROW_EXEMPT,Competent Authority / Not Applicable (Existing RoW),NOT_APPLICABLE,0.0,0.0,100.0,0,180,0,Project executes within pre-existing sanctioned Right of Way / Plant Boundary.
617179,Transmission Scheme for evacuation of Power from Ratle HEP [850 MW] & kiru [624 MW] Part B,Multi-State,Transmission & Distribution,EXEMPT/ROW/617179,EXISTING_ROW_EXEMPT,Competent Authority / Not Applicable (Existing RoW),NOT_APPLICABLE,0.0,0.0,100.0,0,180,0,Project executes within pre-existing sanctioned Right of Way / Plant Boundary.
612132,Transmission Scheme for Evacuation of power from REZ in Rajasthan [20 GW] under Phase-III Part D [Sikar Khetri Transmission Ltd],Multi-State,Transmission & Distribution,EXEMPT/ROW/612132,EXISTING_ROW_EXEMPT,Competent Authority / Not Applicable (Existing RoW),NOT_APPLICABLE,0.0,0.0,100.0,0,180,0,Project executes within pre-existing sanctioned Right of Way / Plant Boundary.
617184,Transmission Scheme for integration of Davanagere/ Chitradurga and Bellary REZ in Karnataka  [POWERGRID Chitradurga Bellary REZ Transmission Limited],Multi-State,Transmission & Distribution,EXEMPT/ROW/617184,EXISTING_ROW_EXEMPT,Competent Authority / Not Applicable (Existing RoW),NOT_APPLICABLE,0.0,0.0,100.0,0,180,0,Project executes within pre-existing sanctioned Right of Way / Plant Boundary.
612140,Transmission Scheme for Integration of Renewable Energy Zone [Phase II] in Koppal II [Phase A&B] and gadag II[Phase A] in Karnataka [POWERGRID KOPPAL GADAG TRANSMISSION LIMITED],Karnataka,Transmission & Distribution,EXEMPT/ROW/612140,EXISTING_ROW_EXEMPT,Competent Authority / Not Applicable (Existing RoW),NOT_APPLICABLE,0.0,0.0,100.0,0,180,0,Project executes within pre-existing sanctioned Right of Way / Plant Boundary.
611967,Transmission Scheme for Solar Energy Zone in Ananthpuram 2500MW and Kurnool 1000MW,Multi-State,Transmission & Distribution,EXEMPT/ROW/611967,EXISTING_ROW_EXEMPT,Competent Authority / Not Applicable (Existing RoW),NOT_APPLICABLE,0.0,0.0,100.0,0,180,0,Project executes within pre-existing sanctioned Right of Way / Plant Boundary.
612138,"Transmission Scheme for Solar Energy Zone in Bidar [2500 MW], Karnataka [Bidar Transmission Ltd]",Karnataka,Transmission & Distribution,EXEMPT/ROW/612138,EXISTING_ROW_EXEMPT,Competent Authority / Not Applicable (Existing RoW),NOT_APPLICABLE,0.0,0.0,100.0,0,180,0,Project executes within pre-existing sanctioned Right of Way / Plant Boundary.
612139,Transmission system for Evacuation of Additional 7 GW RE power from Khavda RE park under Phase-III Part B [Vataman Transmission Limited],Multi-State,Transmission & Distribution,EXEMPT/ROW/612139,EXISTING_ROW_EXEMPT,Competent Authority / Not Applicable (Existing RoW),NOT_APPLICABLE,0.0,0.0,100.0,0,180,0,Project executes within pre-existing sanctioned Right of Way / Plant Boundary.
617279,Transmission System for evacuation of power from Mahan Energen Limited Generating Station in Madhya Pradesh [SPV Name - POWERGRID MEL Power Transmission Limited],Multi-State,Transmission & Distribution,EXEMPT/ROW/617279,EXISTING_ROW_EXEMPT,Competent Authority / Not Applicable (Existing RoW),NOT_APPLICABLE,0.0,0.0,100.0,0,180,0,Project executes within pre-existing sanctioned Right of Way / Plant Boundary.
608302,Transmission system for evacuation of Power from Pakaldul HEP in Chenab Valley HEPs - LTA System,Multi-State,Transmission & Distribution,EXEMPT/ROW/608302,EXISTING_ROW_EXEMPT,Competent Authority / Not Applicable (Existing RoW),NOT_APPLICABLE,0.0,0.0,100.0,0,180,0,Project executes within pre-existing sanctioned Right of Way / Plant Boundary.
612855,Transmission System for Evacuation of Power from Potential Energy Renewable Zone in Khavda Area of Gujarat under Ph-IV [7GW] Part E2,Multi-State,Transmission & Distribution,EXEMPT/ROW/612855,EXISTING_ROW_EXEMPT,Competent Authority / Not Applicable (Existing RoW),NOT_APPLICABLE,0.0,0.0,100.0,0,180,0,Project executes within pre-existing sanctioned Right of Way / Plant Boundary.
611966,Transmission System for Evacuation of power from Potential RE Zone in Khavda Area of Gujarat under phase IV 7GW-Part E4,Multi-State,Transmission & Distribution,EXEMPT/ROW/611966,EXISTING_ROW_EXEMPT,Competent Authority / Not Applicable (Existing RoW),NOT_APPLICABLE,0.0,0.0,100.0,0,180,0,Project executes within pre-existing sanctioned Right of Way / Plant Boundary.
612151,Transmission System for Evacuation of Power from potential Renewable Energy zone in Khavda Area of Gujarat under Phase IV [7 GW] Part E3,Multi-State,Transmission & Distribution,EXEMPT/ROW/612151,EXISTING_ROW_EXEMPT,Competent Authority / Not Applicable (Existing RoW),NOT_APPLICABLE,0.0,0.0,100.0,0,180,0,Project executes within pre-existing sanctioned Right of Way / Plant Boundary.
615345,Transmission System for Evacuation of Power from Potential Renewable Energy Zone in Khavda area of Gujarat under Phase-IV [7GW] Part B [SPV Name POWERGRID South Olpad Transmission Limited],Gujarat,Transmission & Distribution,EXEMPT/ROW/615345,EXISTING_ROW_EXEMPT,Competent Authority / Not Applicable (Existing RoW),NOT_APPLICABLE,0.0,0.0,100.0,0,180,0,Project executes within pre-existing sanctioned Right of Way / Plant Boundary.
615347,TRANSMISSION SYSTEM FOR EVACUATION OF POWER FROM POTENTIAL RENEWABLE ENERGY ZONE IN KHAVDA AREA OF GUJARAT UNDER PHASE-V [8 GW] PART A   [SPV Name POWERGRID West Central Transmission Limited],Multi-State,Transmission & Distribution,EXEMPT/ROW/615347,EXISTING_ROW_EXEMPT,Competent Authority / Not Applicable (Existing RoW),NOT_APPLICABLE,0.0,0.0,100.0,0,180,0,Project executes within pre-existing sanctioned Right of Way / Plant Boundary.
615338,TRANSMISSION SYSTEM FOR EVACUATION OF POWER FROM RAJASTHAN REZ PH -IV [PART-2 5.5 GW] [JAISALMER/BARMER COMPLEX] PART F [SPV Name POWERGRID BARMER I TRANSMISSION LIMITED],Rajasthan,Transmission & Distribution,EXEMPT/ROW/615338,EXISTING_ROW_EXEMPT,Competent Authority / Not Applicable (Existing RoW),NOT_APPLICABLE,0.0,0.0,100.0,0,180,0,Project executes within pre-existing sanctioned Right of Way / Plant Boundary.
612134,Transmission System for Evacuation of power from Rajasthan REZ Ph-IV [Part-1] [Bikaner Complex] Part A [Bikaner Neemrana  Transmission Ltd],Rajasthan,Transmission & Distribution,EXEMPT/ROW/612134,EXISTING_ROW_EXEMPT,Competent Authority / Not Applicable (Existing RoW),NOT_APPLICABLE,0.0,0.0,100.0,0,180,0,Project executes within pre-existing sanctioned Right of Way / Plant Boundary.
612133,Transmission System for Evacuation of power from Rajasthan REZ Ph-IV [Part-1] [Bikaner Complex] Part D [Neemrana Bareilly Transmission Ltd],Rajasthan,Transmission & Distribution,EXEMPT/ROW/612133,EXISTING_ROW_EXEMPT,Competent Authority / Not Applicable (Existing RoW),NOT_APPLICABLE,0.0,0.0,100.0,0,180,0,Project executes within pre-existing sanctioned Right of Way / Plant Boundary.
615344,Transmission System for Evacuation of Power from Rajasthan REZ Ph-IV [Part-2  5.5GW] [Jaisalmer/Barmer Complex] Part H1 [POWERGRID KURAWAR TRANSMISSION LIMITED],Rajasthan,Transmission & Distribution,EXEMPT/ROW/615344,EXISTING_ROW_EXEMPT,Competent Authority / Not Applicable (Existing RoW),NOT_APPLICABLE,0.0,0.0,100.0,0,180,0,Project executes within pre-existing sanctioned Right of Way / Plant Boundary.
615346,Transmission System for Evacuation of Power from Rajasthan REZ Ph-IV [Part-2 5.5 GW] [Jaisalmer/Barmer Complex] Part C [SPV Name POWERGRID Mandsaur Transmission Limited],Rajasthan,Transmission & Distribution,EXEMPT/ROW/615346,EXISTING_ROW_EXEMPT,Competent Authority / Not Applicable (Existing RoW),NOT_APPLICABLE,0.0,0.0,100.0,0,180,0,Project executes within pre-existing sanctioned Right of Way / Plant Boundary.
615333,Transmission System for Evacuation of Power from Rajasthan REZ Ph-IV [Part-2 5.5 GW] [Jaisalmer/Barmer Complex] Part D [SPV Name POWERGRID Beawar Mandsaur Transmission Limited],Rajasthan,Transmission & Distribution,EXEMPT/ROW/615333,EXISTING_ROW_EXEMPT,Competent Authority / Not Applicable (Existing RoW),NOT_APPLICABLE,0.0,0.0,100.0,0,180,0,Project executes within pre-existing sanctioned Right of Way / Plant Boundary.
615334,Transmission System for Evacuation of Power from Rajasthan REZ Ph-IV [Part-2 5.5 GW] [Jaisalmer/Barmer Complex] Part E [SPV Name POWERGRID Mewar Transmission Limited],Rajasthan,Transmission & Distribution,EXEMPT/ROW/615334,EXISTING_ROW_EXEMPT,Competent Authority / Not Applicable (Existing RoW),NOT_APPLICABLE,0.0,0.0,100.0,0,180,0,Project executes within pre-existing sanctioned Right of Way / Plant Boundary.
615332,Transmission System for Evacuation of Power from Rajasthan REZ Ph-IV [Part-2 5.5 GW][Jaisalmer/Barmer Complex] Part B [SPV Name  POWERGRID Sirohi Transmission Limited],Rajasthan,Transmission & Distribution,EXEMPT/ROW/615332,EXISTING_ROW_EXEMPT,Competent Authority / Not Applicable (Existing RoW),NOT_APPLICABLE,0.0,0.0,100.0,0,180,0,Project executes within pre-existing sanctioned Right of Way / Plant Boundary.
615340,TRANSMISSION SYSTEM FOR EVACUATION OF POWER FROM RAJASTHAN REZ PH-IV [PART-3/ 6 GW] [BIKANER COMPLEX] PART B [SPV Name POWERGRID Siwani Transmission Limited],Rajasthan,Transmission & Distribution,EXEMPT/ROW/615340,EXISTING_ROW_EXEMPT,Competent Authority / Not Applicable (Existing RoW),NOT_APPLICABLE,0.0,0.0,100.0,0,180,0,Project executes within pre-existing sanctioned Right of Way / Plant Boundary.
615339,Transmission system for evacuation of power from Rajasthan REZ Ph-IV [Part-3/6GW] [Bikaner complex] Part A [SPV Name POWERGRID Bikaner IV Transmission Limited],Rajasthan,Transmission & Distribution,EXEMPT/ROW/615339,EXISTING_ROW_EXEMPT,Competent Authority / Not Applicable (Existing RoW),NOT_APPLICABLE,0.0,0.0,100.0,0,180,0,Project executes within pre-existing sanctioned Right of Way / Plant Boundary.
616670,Transmission System for evacuation of Power from Rajasthan REZ Ph-IV [Part-4 3.5 GW] Part A  [SPV name POWERGRID Ghiror Transmission Limited],Delhi,Transmission & Distribution,EXEMPT/ROW/616670,EXISTING_ROW_EXEMPT,Competent Authority / Not Applicable (Existing RoW),NOT_APPLICABLE,0.0,0.0,100.0,0,180,0,Project executes within pre-existing sanctioned Right of Way / Plant Boundary.
615336,Transmission system for evacuation of Power from REZ in Rajasthan [20 GW] under phase-III Part-D Phase-II,Multi-State,Transmission & Distribution,EXEMPT/ROW/615336,EXISTING_ROW_EXEMPT,Competent Authority / Not Applicable (Existing RoW),NOT_APPLICABLE,0.0,0.0,100.0,0,180,0,Project executes within pre-existing sanctioned Right of Way / Plant Boundary.
611950,Transmission system for evacuation of power from REZ in Rajasthan 20 GW under Phase-III part B1,Multi-State,Transmission & Distribution,EXEMPT/ROW/611950,EXISTING_ROW_EXEMPT,Competent Authority / Not Applicable (Existing RoW),NOT_APPLICABLE,0.0,0.0,100.0,0,180,0,Project executes within pre-existing sanctioned Right of Way / Plant Boundary.
611949,Transmission system for evacuation of power from REZ in Rajasthan 20 GW under Phase-III part C1,Multi-State,Transmission & Distribution,EXEMPT/ROW/611949,EXISTING_ROW_EXEMPT,Competent Authority / Not Applicable (Existing RoW),NOT_APPLICABLE,0.0,0.0,100.0,0,180,0,Project executes within pre-existing sanctioned Right of Way / Plant Boundary.
611948,Transmission system for evacuation of power from REZ in Rajasthan 20 GW under Phase-III part H,Multi-State,Transmission & Distribution,EXEMPT/ROW/611948,EXISTING_ROW_EXEMPT,Competent Authority / Not Applicable (Existing RoW),NOT_APPLICABLE,0.0,0.0,100.0,0,180,0,Project executes within pre-existing sanctioned Right of Way / Plant Boundary.
611947,Transmission System for Evacuation of Power from REZ in Rajasthan 20GW under Phase III- Part E2,Multi-State,Transmission & Distribution,EXEMPT/ROW/611947,EXISTING_ROW_EXEMPT,Competent Authority / Not Applicable (Existing RoW),NOT_APPLICABLE,0.0,0.0,100.0,0,180,0,Project executes within pre-existing sanctioned Right of Way / Plant Boundary.
611951,Transmission system for evacuation of power from REZ in Rajasthan 20GW under Phase-III Part E1,Multi-State,Transmission & Distribution,EXEMPT/ROW/611951,EXISTING_ROW_EXEMPT,Competent Authority / Not Applicable (Existing RoW),NOT_APPLICABLE,0.0,0.0,100.0,0,180,0,Project executes within pre-existing sanctioned Right of Way / Plant Boundary.
611735,Transmission system for evacuation of power from REZ in Rajasthan 20GW under Phase-III Part J,Multi-State,Transmission & Distribution,EXEMPT/ROW/611735,EXISTING_ROW_EXEMPT,Competent Authority / Not Applicable (Existing RoW),NOT_APPLICABLE,0.0,0.0,100.0,0,180,0,Project executes within pre-existing sanctioned Right of Way / Plant Boundary.
617806,Transmission System for Integration of Ananthapur 2 REZ Phase 1 for 4.5 GW. SPV Name Anantapuram 2 REZ Transmission Ltd,Multi-State,Transmission & Distribution,EXEMPT/ROW/617806,EXISTING_ROW_EXEMPT,Competent Authority / Not Applicable (Existing RoW),NOT_APPLICABLE,0.0,0.0,100.0,0,180,0,Project executes within pre-existing sanctioned Right of Way / Plant Boundary.
617185,Transmission System for Integration of Kurnool-IV REZ  Phase-I [for 4.5 GW] [POWERGRID Kurnool-IV Transmission Limited],Multi-State,Transmission & Distribution,EXEMPT/ROW/617185,EXISTING_ROW_EXEMPT,Competent Authority / Not Applicable (Existing RoW),NOT_APPLICABLE,0.0,0.0,100.0,0,180,0,Project executes within pre-existing sanctioned Right of Way / Plant Boundary.
900808,Transmission System for Kurnool Wind Energy Zone/ Solar Energy Zone  Part-A and Part-B,Kerala,Transmission & Distribution,EXEMPT/ROW/900808,EXISTING_ROW_EXEMPT,Competent Authority / Not Applicable (Existing RoW),NOT_APPLICABLE,0.0,0.0,100.0,0,180,0,Project executes within pre-existing sanctioned Right of Way / Plant Boundary.
619029,Transmission System for Reliable Power Supply to Dholera,Gujarat,Transmission & Distribution,EXEMPT/ROW/619029,EXISTING_ROW_EXEMPT,Competent Authority / Not Applicable (Existing RoW),NOT_APPLICABLE,0.0,0.0,100.0,0,180,0,Project executes within pre-existing sanctioned Right of Way / Plant Boundary.
606781,Transmission System for Strengthening of Srinagar-Leh Tr. System,Jammu and Kashmir,Transmission & Distribution,EXEMPT/ROW/606781,EXISTING_ROW_EXEMPT,Competent Authority / Not Applicable (Existing RoW),NOT_APPLICABLE,0.0,0.0,100.0,0,180,0,Project executes within pre-existing sanctioned Right of Way / Plant Boundary.
617269,Transmission System for Strengthening to facilitate evacuation of power from Bhadla/Bikaner Complex,Rajasthan,Transmission & Distribution,EXEMPT/ROW/617269,EXISTING_ROW_EXEMPT,Competent Authority / Not Applicable (Existing RoW),NOT_APPLICABLE,0.0,0.0,100.0,0,180,0,Project executes within pre-existing sanctioned Right of Way / Plant Boundary.
617803,Transmission System Strengthening at Davanagere for Integration of RE Generation [SPV Name - POWERGRID Davanagere Power Transmission Limited],Karnataka,Transmission & Distribution,EXEMPT/ROW/617803,EXISTING_ROW_EXEMPT,Competent Authority / Not Applicable (Existing RoW),NOT_APPLICABLE,0.0,0.0,100.0,0,180,0,Project executes within pre-existing sanctioned Right of Way / Plant Boundary.
617183,Transmission system strengthening at Kurnool- III PS for integration of additional RE generation projects [POWERGRID Kurnool III PS RE Transmission Limited],Andhra Pradesh,Transmission & Distribution,EXEMPT/ROW/617183,EXISTING_ROW_EXEMPT,Competent Authority / Not Applicable (Existing RoW),NOT_APPLICABLE,0.0,0.0,100.0,0,180,0,Project executes within pre-existing sanctioned Right of Way / Plant Boundary.
619228,Transmission System Strengthening for integration of additional RE Potential at Davanagere [0.25 GW] and Bellary [2.75 GW],Karnataka,Transmission & Distribution,EXEMPT/ROW/619228,EXISTING_ROW_EXEMPT,Competent Authority / Not Applicable (Existing RoW),NOT_APPLICABLE,0.0,0.0,100.0,0,180,0,Project executes within pre-existing sanctioned Right of Way / Plant Boundary.
615335,Transmission System Strengthening for Interconnections of  Bhadla-III & Bikaner III Complex [SPV Name POWERGRID BHADLA BIKANER TRANSMISSION LIMITED],Rajasthan,Transmission & Distribution,EXEMPT/ROW/615335,EXISTING_ROW_EXEMPT,Competent Authority / Not Applicable (Existing RoW),NOT_APPLICABLE,0.0,0.0,100.0,0,180,0,Project executes within pre-existing sanctioned Right of Way / Plant Boundary.
608922,Transmission System Strengthening Scheme for evacuation of power from SEZ in Rajasthan 8.1 GW under Phase II Part G,Multi-State,Transmission & Distribution,EXEMPT/ROW/608922,EXISTING_ROW_EXEMPT,Competent Authority / Not Applicable (Existing RoW),NOT_APPLICABLE,0.0,0.0,100.0,0,180,0,Project executes within pre-existing sanctioned Right of Way / Plant Boundary.
608301,Transmission system strengthening scheme for evacuation of power from solar energy zones in Rajasthan 8.1 GW under Phase II- Part- G1,Kerala,Transmission & Distribution,EXEMPT/ROW/608301,EXISTING_ROW_EXEMPT,Competent Authority / Not Applicable (Existing RoW),NOT_APPLICABLE,0.0,0.0,100.0,0,180,0,Project executes within pre-existing sanctioned Right of Way / Plant Boundary.
611659,Transmission system strengthening scheme for evacuation of power from solar energy zones in Rajasthan[8.1 GW] under phase-II- Part E,Maharashtra,Transmission & Distribution,EXEMPT/ROW/611659,EXISTING_ROW_EXEMPT,Competent Authority / Not Applicable (Existing RoW),NOT_APPLICABLE,0.0,0.0,100.0,0,180,0,Project executes within pre-existing sanctioned Right of Way / Plant Boundary.
616671,Transmission System under ISTS for evacuation of Power from Kudankulam Unit-3&4 [2x1000 MW]  [SPV Name POWERGRID Kudankulam Tarnsmission Limited],Multi-State,Transmission & Distribution,EXEMPT/ROW/616671,EXISTING_ROW_EXEMPT,Competent Authority / Not Applicable (Existing RoW),NOT_APPLICABLE,0.0,0.0,100.0,0,180,0,Project executes within pre-existing sanctioned Right of Way / Plant Boundary.
611737,Western Region Expansion Scheme-XXV,Andhra Pradesh,Transmission & Distribution,EXEMPT/ROW/611737,EXISTING_ROW_EXEMPT,Competent Authority / Not Applicable (Existing RoW),NOT_APPLICABLE,0.0,0.0,100.0,0,180,0,Project executes within pre-existing sanctioned Right of Way / Plant Boundary.
619027,WRNES Talegaon Power Transmission Limited,Multi-State,Transmission & Distribution,EXEMPT/ROW/619027,EXISTING_ROW_EXEMPT,Competent Authority / Not Applicable (Existing RoW),NOT_APPLICABLE,0.0,0.0,100.0,0,180,0,Project executes within pre-existing sanctioned Right of Way / Plant Boundary.
702629,Agra Metro Rail Project,Multi-State,Urban Public Transport,EXEMPT/ROW/702629,EXISTING_ROW_EXEMPT,Competent Authority / Not Applicable (Existing RoW),NOT_APPLICABLE,0.0,0.0,100.0,0,180,0,Project executes within pre-existing sanctioned Right of Way / Plant Boundary.
702639,Ahmedabad Metro Rail Project [Phase-I],Gujarat,Urban Public Transport,EXEMPT/ROW/702639,EXISTING_ROW_EXEMPT,Competent Authority / Not Applicable (Existing RoW),NOT_APPLICABLE,0.0,0.0,100.0,0,180,0,Project executes within pre-existing sanctioned Right of Way / Plant Boundary.
702631,"Ahmedabad Metro Rail Project, Phase-II",Gujarat,Urban Public Transport,EXEMPT/ROW/702631,EXISTING_ROW_EXEMPT,Competent Authority / Not Applicable (Existing RoW),NOT_APPLICABLE,0.0,0.0,100.0,0,180,0,Project executes within pre-existing sanctioned Right of Way / Plant Boundary.
612878,Bangalore Metro Rail Project - PHASE-3,Karnataka,Urban Public Transport,EXEMPT/ROW/612878,EXISTING_ROW_EXEMPT,Competent Authority / Not Applicable (Existing RoW),NOT_APPLICABLE,0.0,0.0,100.0,0,180,0,Project executes within pre-existing sanctioned Right of Way / Plant Boundary.
702625,Bhopal Metro Rail Project,Madhya Pradesh,Urban Public Transport,EXEMPT/ROW/702625,EXISTING_ROW_EXEMPT,Competent Authority / Not Applicable (Existing RoW),NOT_APPLICABLE,0.0,0.0,100.0,0,180,0,Project executes within pre-existing sanctioned Right of Way / Plant Boundary.
702665,Construction Bangalore Metro Rail Project Phase-2A & 2B,Karnataka,Urban Public Transport,EXEMPT/ROW/702665,EXISTING_ROW_EXEMPT,Competent Authority / Not Applicable (Existing RoW),NOT_APPLICABLE,0.0,0.0,100.0,0,180,0,Project executes within pre-existing sanctioned Right of Way / Plant Boundary.
702635,Construction of Bangalore Metro Rail Project Phase 2.,Karnataka,Urban Public Transport,EXEMPT/ROW/702635,EXISTING_ROW_EXEMPT,Competent Authority / Not Applicable (Existing RoW),NOT_APPLICABLE,0.0,0.0,100.0,0,180,0,Project executes within pre-existing sanctioned Right of Way / Plant Boundary.
619031,Delhi Metro Rail Phase V A,Delhi,Urban Public Transport,EXEMPT/ROW/619031,EXISTING_ROW_EXEMPT,Competent Authority / Not Applicable (Existing RoW),NOT_APPLICABLE,0.0,0.0,100.0,0,180,0,Project executes within pre-existing sanctioned Right of Way / Plant Boundary.
617207,Delhi Metro Rail Phase-IV [2 Corridors],Delhi,Urban Public Transport,EXEMPT/ROW/617207,EXISTING_ROW_EXEMPT,Competent Authority / Not Applicable (Existing RoW),NOT_APPLICABLE,0.0,0.0,100.0,0,180,0,Project executes within pre-existing sanctioned Right of Way / Plant Boundary.
617206,Delhi Metro Rail Phase-IV [Rithala - Kundli Corridor],Delhi,Urban Public Transport,EXEMPT/ROW/617206,EXISTING_ROW_EXEMPT,Competent Authority / Not Applicable (Existing RoW),NOT_APPLICABLE,0.0,0.0,100.0,0,180,0,Project executes within pre-existing sanctioned Right of Way / Plant Boundary.
702633,Delhi-Ghaziabad-Meerut Regional Rapid Transit System [RRTS] corridor,Delhi,Urban Public Transport,EXEMPT/ROW/702633,EXISTING_ROW_EXEMPT,Competent Authority / Not Applicable (Existing RoW),NOT_APPLICABLE,0.0,0.0,100.0,0,180,0,Project executes within pre-existing sanctioned Right of Way / Plant Boundary.
702632,DMRTS Phase - IV [3 Priority Corridors],Multi-State,Urban Public Transport,EXEMPT/ROW/702632,EXISTING_ROW_EXEMPT,Competent Authority / Not Applicable (Existing RoW),NOT_APPLICABLE,0.0,0.0,100.0,0,180,0,Project executes within pre-existing sanctioned Right of Way / Plant Boundary.
616221,"Extension of Aqua Line Metro Corridor from Noida Sector-142 station to Botanical Garden, Noida of Noida Metro Rail Corporation",Multi-State,Urban Public Transport,EXEMPT/ROW/616221,EXISTING_ROW_EXEMPT,Competent Authority / Not Applicable (Existing RoW),NOT_APPLICABLE,0.0,0.0,100.0,0,180,0,Project executes within pre-existing sanctioned Right of Way / Plant Boundary.
702626,Indore Metro Rail Project,Madhya Pradesh,Urban Public Transport,EXEMPT/ROW/702626,EXISTING_ROW_EXEMPT,Competent Authority / Not Applicable (Existing RoW),NOT_APPLICABLE,0.0,0.0,100.0,0,180,0,Project executes within pre-existing sanctioned Right of Way / Plant Boundary.
612066,Rajasthan Metro Rail Project Phase 1C from Badi Chaupar to Transport Nagar via Galta Gate,Multi-State,Urban Public Transport,EXEMPT/ROW/612066,EXISTING_ROW_EXEMPT,Competent Authority / Not Applicable (Existing RoW),NOT_APPLICABLE,0.0,0.0,100.0,0,180,0,Project executes within pre-existing sanctioned Right of Way / Plant Boundary.
612068,Jaipur Metro Phase 1D Project from Mansarovar to Ajmer Road Chauraha,Rajasthan,Urban Public Transport,EXEMPT/ROW/612068,EXISTING_ROW_EXEMPT,Competent Authority / Not Applicable (Existing RoW),NOT_APPLICABLE,0.0,0.0,100.0,0,180,0,Project executes within pre-existing sanctioned Right of Way / Plant Boundary.
701991,Kalyan Station Precinct Imporvement Project,Multi-State,Urban Public Transport,EXEMPT/ROW/701991,EXISTING_ROW_EXEMPT,Competent Authority / Not Applicable (Existing RoW),NOT_APPLICABLE,0.0,0.0,100.0,0,180,0,Project executes within pre-existing sanctioned Right of Way / Plant Boundary.
702628,Kanpur Metro Rail Project,Uttar Pradesh,Urban Public Transport,EXEMPT/ROW/702628,EXISTING_ROW_EXEMPT,Competent Authority / Not Applicable (Existing RoW),NOT_APPLICABLE,0.0,0.0,100.0,0,180,0,Project executes within pre-existing sanctioned Right of Way / Plant Boundary.
702664,Kochi Metro Rail Phase 2 Development  Project,Kerala,Urban Public Transport,EXEMPT/ROW/702664,EXISTING_ROW_EXEMPT,Competent Authority / Not Applicable (Existing RoW),NOT_APPLICABLE,0.0,0.0,100.0,0,180,0,Project executes within pre-existing sanctioned Right of Way / Plant Boundary.
619052,LUCKNOW METRO RAIL PROJECT PHASE-1B EAST WEST CORRIDOR,Uttar Pradesh,Urban Public Transport,EXEMPT/ROW/619052,EXISTING_ROW_EXEMPT,Competent Authority / Not Applicable (Existing RoW),NOT_APPLICABLE,0.0,0.0,100.0,0,180,0,Project executes within pre-existing sanctioned Right of Way / Plant Boundary.
619022,"Metro connectivity from Millennium  City Centre to Cyber City with Spur to Dwarka Expressway, Gurugram.",Haryana,Urban Public Transport,EXEMPT/ROW/619022,EXISTING_ROW_EXEMPT,Competent Authority / Not Applicable (Existing RoW),NOT_APPLICABLE,0.0,0.0,100.0,0,180,0,Project executes within pre-existing sanctioned Right of Way / Plant Boundary.
702637,Mumbai Metro Line 3,Maharashtra,Urban Public Transport,EXEMPT/ROW/702637,EXISTING_ROW_EXEMPT,Competent Authority / Not Applicable (Existing RoW),NOT_APPLICABLE,0.0,0.0,100.0,0,180,0,Project executes within pre-existing sanctioned Right of Way / Plant Boundary.
702658,Nagpur Metro Rail Phase II Development Project,Maharashtra,Urban Public Transport,EXEMPT/ROW/702658,EXISTING_ROW_EXEMPT,Competent Authority / Not Applicable (Existing RoW),NOT_APPLICABLE,0.0,0.0,100.0,0,180,0,Project executes within pre-existing sanctioned Right of Way / Plant Boundary.
701745,New Suburba Station Development Project,Multi-State,Urban Public Transport,EXEMPT/ROW/701745,EXISTING_ROW_EXEMPT,Competent Authority / Not Applicable (Existing RoW),NOT_APPLICABLE,0.0,0.0,100.0,0,180,0,Project executes within pre-existing sanctioned Right of Way / Plant Boundary.
702627,Patna Metro Rail Project,Bihar,Urban Public Transport,EXEMPT/ROW/702627,EXISTING_ROW_EXEMPT,Competent Authority / Not Applicable (Existing RoW),NOT_APPLICABLE,0.0,0.0,100.0,0,180,0,Project executes within pre-existing sanctioned Right of Way / Plant Boundary.
617225,PCMC To Nigdi- Extension Of North South Corridor Of Phase-1,Maharashtra,Urban Public Transport,EXEMPT/ROW/617225,EXISTING_ROW_EXEMPT,Competent Authority / Not Applicable (Existing RoW),NOT_APPLICABLE,0.0,0.0,100.0,0,180,0,Project executes within pre-existing sanctioned Right of Way / Plant Boundary.
617226,Pune Metro Phase-1 Extension line towards south from Swargate to Katraj,Maharashtra,Urban Public Transport,EXEMPT/ROW/617226,EXISTING_ROW_EXEMPT,Competent Authority / Not Applicable (Existing RoW),NOT_APPLICABLE,0.0,0.0,100.0,0,180,0,Project executes within pre-existing sanctioned Right of Way / Plant Boundary.
618971,Pune Metro Rail Project Phase-2 Corridor 2A Vanaz to Chandani Chowk and Corridor 2B Ramwadi to Wagholi/Vitthalwadi,Maharashtra,Urban Public Transport,EXEMPT/ROW/618971,EXISTING_ROW_EXEMPT,Competent Authority / Not Applicable (Existing RoW),NOT_APPLICABLE,0.0,0.0,100.0,0,180,0,Project executes within pre-existing sanctioned Right of Way / Plant Boundary.
618985,Pune Metro Rail Project Phase-2 Line-4 Kharadi to Khadakwasla with Spur Line 4A Nal Stop - Warje - Manikbaug,Maharashtra,Urban Public Transport,EXEMPT/ROW/618985,EXISTING_ROW_EXEMPT,Competent Authority / Not Applicable (Existing RoW),NOT_APPLICABLE,0.0,0.0,100.0,0,180,0,Project executes within pre-existing sanctioned Right of Way / Plant Boundary.
702630,Surat Metro Rail Project,Gujarat,Urban Public Transport,EXEMPT/ROW/702630,EXISTING_ROW_EXEMPT,Competent Authority / Not Applicable (Existing RoW),NOT_APPLICABLE,0.0,0.0,100.0,0,180,0,Project executes within pre-existing sanctioned Right of Way / Plant Boundary.
617327,Thane Integral Ring Metro Rail Project,Multi-State,Urban Public Transport,EXEMPT/ROW/617327,EXISTING_ROW_EXEMPT,Competent Authority / Not Applicable (Existing RoW),NOT_APPLICABLE,0.0,0.0,100.0,0,180,0,Project executes within pre-existing sanctioned Right of Way / Plant Boundary.
616594,Interception & Diversion with Rehabilitation of sewerage scheme at Agra under Hybrid annuity based PPP model-Namami Gange Programme,Uttar Pradesh,Waste & Water,EXEMPT/ROW/616594,EXISTING_ROW_EXEMPT,Competent Authority / Not Applicable (Existing RoW),NOT_APPLICABLE,0.0,0.0,100.0,0,180,0,Project executes within pre-existing sanctioned Right of Way / Plant Boundary.
616600,Interception and Diversion and STP works in Bhagalpur  under Hybrid annuity based PPP mode-Namami Gange Programme,Bihar,Waste & Water,EXEMPT/ROW/616600,EXISTING_ROW_EXEMPT,Competent Authority / Not Applicable (Existing RoW),NOT_APPLICABLE,0.0,0.0,100.0,0,180,0,Project executes within pre-existing sanctioned Right of Way / Plant Boundary.
616604,Pollution Abatement works for River Ganga at Hooghly Chinsurah- Municipal Town  Interception & Diversion with STP,Multi-State,Waste & Water,EXEMPT/ROW/616604,EXISTING_ROW_EXEMPT,Competent Authority / Not Applicable (Existing RoW),NOT_APPLICABLE,0.0,0.0,100.0,0,180,0,Project executes within pre-existing sanctioned Right of Way / Plant Boundary.
616605,Pollution Abatement Works for River Kali Meerut under Meerut Municipality  Interception & Diversion with  STP,Multi-State,Waste & Water,EXEMPT/ROW/616605,EXISTING_ROW_EXEMPT,Competent Authority / Not Applicable (Existing RoW),NOT_APPLICABLE,0.0,0.0,100.0,0,180,0,Project executes within pre-existing sanctioned Right of Way / Plant Boundary.
616611,Sewage Treatment Plant  100MLD  and Sewerage Network 288 km in Digha-Patna under Hybrid annuity based PPP mode-Namami Gange Programme,Bihar,Waste & Water,EXEMPT/ROW/616611,EXISTING_ROW_EXEMPT,Competent Authority / Not Applicable (Existing RoW),NOT_APPLICABLE,0.0,0.0,100.0,0,180,0,Project executes within pre-existing sanctioned Right of Way / Plant Boundary.
616612,Sewage Treatment Plant  50MLD  and Sewerage Network 150 km in Kankarbagh Patna under Hybrid annuity based PPP mode Namami Gange Programme,Bihar,Waste & Water,EXEMPT/ROW/616612,EXISTING_ROW_EXEMPT,Competent Authority / Not Applicable (Existing RoW),NOT_APPLICABLE,0.0,0.0,100.0,0,180,0,Project executes within pre-existing sanctioned Right of Way / Plant Boundary.
616615,"Sewer Network,  SPS and STP at Begusarai",Bihar,Waste & Water,EXEMPT/ROW/616615,EXISTING_ROW_EXEMPT,Competent Authority / Not Applicable (Existing RoW),NOT_APPLICABLE,0.0,0.0,100.0,0,180,0,Project executes within pre-existing sanctioned Right of Way / Plant Boundary.
616616,"Sewer Networks,  SPS and STP at Hajipur",Bihar,Waste & Water,EXEMPT/ROW/616616,EXISTING_ROW_EXEMPT,Competent Authority / Not Applicable (Existing RoW),NOT_APPLICABLE,0.0,0.0,100.0,0,180,0,Project executes within pre-existing sanctioned Right of Way / Plant Boundary.
702764,24/7 water supply under AMRUT for Davanagere,Multi-State,Waste & Water,EXEMPT/ROW/702764,EXISTING_ROW_EXEMPT,Competent Authority / Not Applicable (Existing RoW),NOT_APPLICABLE,0.0,0.0,100.0,0,180,0,Project executes within pre-existing sanctioned Right of Way / Plant Boundary.
702746,Augmentation and Strenghthning of Urban Water Supply Phase 1 - SAAP 3,Multi-State,Waste & Water,EXEMPT/ROW/702746,EXISTING_ROW_EXEMPT,Competent Authority / Not Applicable (Existing RoW),NOT_APPLICABLE,0.0,0.0,100.0,0,180,0,Project executes within pre-existing sanctioned Right of Way / Plant Boundary.
702760,Belgavi Improvement in Sewerage System Project,Tamil Nadu,Waste & Water,EXEMPT/ROW/702760,EXISTING_ROW_EXEMPT,Competent Authority / Not Applicable (Existing RoW),NOT_APPLICABLE,0.0,0.0,100.0,0,180,0,Project executes within pre-existing sanctioned Right of Way / Plant Boundary.
702741,Dhanbad Water Supply Infrastructure Project,Jharkhand,Waste & Water,EXEMPT/ROW/702741,EXISTING_ROW_EXEMPT,Competent Authority / Not Applicable (Existing RoW),NOT_APPLICABLE,0.0,0.0,100.0,0,180,0,Project executes within pre-existing sanctioned Right of Way / Plant Boundary.
702682,Dibrugarh Water Supply Infrastructure Project,Assam,Waste & Water,EXEMPT/ROW/702682,EXISTING_ROW_EXEMPT,Competent Authority / Not Applicable (Existing RoW),NOT_APPLICABLE,0.0,0.0,100.0,0,180,0,Project executes within pre-existing sanctioned Right of Way / Plant Boundary.
702674,"ESR - 8 nos., distribution system - 216 Km, new house service connections - 38760 nos. upgrading of feeder mains, pumping station etc. - Phase II",Multi-State,Waste & Water,EXEMPT/ROW/702674,EXISTING_ROW_EXEMPT,Competent Authority / Not Applicable (Existing RoW),NOT_APPLICABLE,0.0,0.0,100.0,0,180,0,Project executes within pre-existing sanctioned Right of Way / Plant Boundary.
702793,Indore Water Supply Infrastructure Project,Madhya Pradesh,Waste & Water,EXEMPT/ROW/702793,EXISTING_ROW_EXEMPT,Competent Authority / Not Applicable (Existing RoW),NOT_APPLICABLE,0.0,0.0,100.0,0,180,0,Project executes within pre-existing sanctioned Right of Way / Plant Boundary.
702798,Jabalpur Sewerage Management and Treatment Infrastructure Project,Madhya Pradesh,Waste & Water,EXEMPT/ROW/702798,EXISTING_ROW_EXEMPT,Competent Authority / Not Applicable (Existing RoW),NOT_APPLICABLE,0.0,0.0,100.0,0,180,0,Project executes within pre-existing sanctioned Right of Way / Plant Boundary.
703021,Jalandhar Water Supply Infrastructure Project,Punjab,Waste & Water,EXEMPT/ROW/703021,EXISTING_ROW_EXEMPT,Competent Authority / Not Applicable (Existing RoW),NOT_APPLICABLE,0.0,0.0,100.0,0,180,0,Project executes within pre-existing sanctioned Right of Way / Plant Boundary.
702948,Jaunpur Sewerage Management Infrastructure Project,Multi-State,Waste & Water,EXEMPT/ROW/702948,EXISTING_ROW_EXEMPT,Competent Authority / Not Applicable (Existing RoW),NOT_APPLICABLE,0.0,0.0,100.0,0,180,0,Project executes within pre-existing sanctioned Right of Way / Plant Boundary.
702949,Jhansi Water Supply Infrastructure Phase-II Project,Multi-State,Waste & Water,EXEMPT/ROW/702949,EXISTING_ROW_EXEMPT,Competent Authority / Not Applicable (Existing RoW),NOT_APPLICABLE,0.0,0.0,100.0,0,180,0,Project executes within pre-existing sanctioned Right of Way / Plant Boundary.
702833,Kalyan-Dombivali Water Supply Infrastructure Project,Maharashtra,Waste & Water,EXEMPT/ROW/702833,EXISTING_ROW_EXEMPT,Competent Authority / Not Applicable (Existing RoW),NOT_APPLICABLE,0.0,0.0,100.0,0,180,0,Project executes within pre-existing sanctioned Right of Way / Plant Boundary.
702958,Lucknow Sewerage Management Infrastructure Project,Uttar Pradesh,Waste & Water,EXEMPT/ROW/702958,EXISTING_ROW_EXEMPT,Competent Authority / Not Applicable (Existing RoW),NOT_APPLICABLE,0.0,0.0,100.0,0,180,0,Project executes within pre-existing sanctioned Right of Way / Plant Boundary.
702840,Mira-Bhayandar Water Supply Infrastructure Project,Maharashtra,Waste & Water,EXEMPT/ROW/702840,EXISTING_ROW_EXEMPT,Competent Authority / Not Applicable (Existing RoW),NOT_APPLICABLE,0.0,0.0,100.0,0,180,0,Project executes within pre-existing sanctioned Right of Way / Plant Boundary.
702699,Muzaffarpur Storm Water Drainage Phase-I Project,Multi-State,Waste & Water,EXEMPT/ROW/702699,EXISTING_ROW_EXEMPT,Competent Authority / Not Applicable (Existing RoW),NOT_APPLICABLE,0.0,0.0,100.0,0,180,0,Project executes within pre-existing sanctioned Right of Way / Plant Boundary.
702842,Nagpur Water Supply Infrastructure Project,Maharashtra,Waste & Water,EXEMPT/ROW/702842,EXISTING_ROW_EXEMPT,Competent Authority / Not Applicable (Existing RoW),NOT_APPLICABLE,0.0,0.0,100.0,0,180,0,Project executes within pre-existing sanctioned Right of Way / Plant Boundary.
703057,Patiala Water Supply Infrastructure Part-2 Project,Multi-State,Waste & Water,EXEMPT/ROW/703057,EXISTING_ROW_EXEMPT,Competent Authority / Not Applicable (Existing RoW),NOT_APPLICABLE,0.0,0.0,100.0,0,180,0,Project executes within pre-existing sanctioned Right of Way / Plant Boundary.
702851,Pune Water Supply Infrastructure Project,Maharashtra,Waste & Water,EXEMPT/ROW/702851,EXISTING_ROW_EXEMPT,Competent Authority / Not Applicable (Existing RoW),NOT_APPLICABLE,0.0,0.0,100.0,0,180,0,Project executes within pre-existing sanctioned Right of Way / Plant Boundary.
702742,SAAP-3 Water Supply Infrastructure SAAP-3 Project,Telangana,Waste & Water,EXEMPT/ROW/702742,EXISTING_ROW_EXEMPT,Competent Authority / Not Applicable (Existing RoW),NOT_APPLICABLE,0.0,0.0,100.0,0,180,0,Project executes within pre-existing sanctioned Right of Way / Plant Boundary.
702808,Satna Sewerage Management and Treatment Infrastructure Project,Multi-State,Waste & Water,EXEMPT/ROW/702808,EXISTING_ROW_EXEMPT,Competent Authority / Not Applicable (Existing RoW),NOT_APPLICABLE,0.0,0.0,100.0,0,180,0,Project executes within pre-existing sanctioned Right of Way / Plant Boundary.
702734,Sewerage Management Scheme Part-3 Implementation,Multi-State,Waste & Water,EXEMPT/ROW/702734,EXISTING_ROW_EXEMPT,Competent Authority / Not Applicable (Existing RoW),NOT_APPLICABLE,0.0,0.0,100.0,0,180,0,Project executes within pre-existing sanctioned Right of Way / Plant Boundary.
702735,Sewerage Management Scheme Part-3 Implementation,Multi-State,Waste & Water,EXEMPT/ROW/702735,EXISTING_ROW_EXEMPT,Competent Authority / Not Applicable (Existing RoW),NOT_APPLICABLE,0.0,0.0,100.0,0,180,0,Project executes within pre-existing sanctioned Right of Way / Plant Boundary.
702810,Singrauli Sewerage Management and Treatment Infrastructure Project,Madhya Pradesh,Waste & Water,EXEMPT/ROW/702810,EXISTING_ROW_EXEMPT,Competent Authority / Not Applicable (Existing RoW),NOT_APPLICABLE,0.0,0.0,100.0,0,180,0,Project executes within pre-existing sanctioned Right of Way / Plant Boundary.
702854,Solapur Sewerage Management Infrastructure Project,Multi-State,Waste & Water,EXEMPT/ROW/702854,EXISTING_ROW_EXEMPT,Competent Authority / Not Applicable (Existing RoW),NOT_APPLICABLE,0.0,0.0,100.0,0,180,0,Project executes within pre-existing sanctioned Right of Way / Plant Boundary.
702355,Storm water drainag Development Project,Multi-State,Waste & Water,EXEMPT/ROW/702355,EXISTING_ROW_EXEMPT,Competent Authority / Not Applicable (Existing RoW),NOT_APPLICABLE,0.0,0.0,100.0,0,180,0,Project executes within pre-existing sanctioned Right of Way / Plant Boundary.
707267,Upgradation of Sewerage system in Gandhinagar City,Gujarat,Waste & Water,EXEMPT/ROW/707267,EXISTING_ROW_EXEMPT,Competent Authority / Not Applicable (Existing RoW),NOT_APPLICABLE,0.0,0.0,100.0,0,180,0,Project executes within pre-existing sanctioned Right of Way / Plant Boundary.
400117,Arjun Sahayak Project,Multi-State,Water Resources,S.O. 4880(E)/2020,RFCTLARR_SEC_19,Competent Authority Land Acquisition (CALA) / SDM Multi-State Central Revenue Division,APPROVED,50.0,50.0,100.0,100,180,0,100% land possession handed over to executing agency under Section 3D/19 mutation certificate.
701390,Arjuna Medium Irrigation project,Multi-State,Water Resources,S.O. 2767(E)/2020,RFCTLARR_SEC_19,Competent Authority Land Acquisition (CALA) / SDM Multi-State Central Revenue Division,LOOPBACK,42.0,30.24,72.0,600,180,1,CALA Section 3G compensation award disputed in District Court; physical possession stalled for 11.8 Ha.
701391,Aruna Medium Irrigation Project,Multi-State,Water Resources,S.O. 4676(E)/2021,RFCTLARR_SEC_19,Competent Authority Land Acquisition (CALA) / SDM Multi-State Central Revenue Division,LOOPBACK,56.0,34.16,61.0,600,180,1,CALA Section 3G compensation award disputed in District Court; physical possession stalled for 21.8 Ha.
400116,Bargi Diversion Project Phase - III [km. 104 to km 154],Multi-State,Water Resources,S.O. 3844(E)/2023,RFCTLARR_SEC_19,Competent Authority Land Acquisition (CALA) / SDM Multi-State Central Revenue Division,LOOPBACK,59.0,40.71,69.0,600,180,1,CALA Section 3G compensation award disputed in District Court; physical possession stalled for 18.3 Ha.
400115,Bargi Diversion Project Phase - IV [km. 154 to km 197],Multi-State,Water Resources,S.O. 5382(E)/2020,RFCTLARR_SEC_19,Competent Authority Land Acquisition (CALA) / SDM Multi-State Central Revenue Division,LOOPBACK,67.0,31.49,47.0,600,180,1,CALA Section 3G compensation award disputed in District Court; physical possession stalled for 35.5 Ha.
701388,Bembla Irrigation Project,Multi-State,Water Resources,S.O. 2100(E)/2020,RFCTLARR_SEC_19,Competent Authority Land Acquisition (CALA) / SDM Multi-State Central Revenue Division,LOOPBACK,65.0,42.25,65.0,600,180,1,CALA Section 3G compensation award disputed in District Court; physical possession stalled for 22.8 Ha.
617422,Bodwad Parisar Sinchan Yojna,Multi-State,Water Resources,S.O. 1999(E)/2021,RFCTLARR_SEC_19,Competent Authority Land Acquisition (CALA) / SDM Multi-State Central Revenue Division,APPROVED,69.0,69.0,100.0,61,180,0,100% land possession handed over to executing agency under Section 3D/19 mutation certificate.
701370,Borolia Irrigation Project,Multi-State,Water Resources,S.O. 5331(E)/2023,RFCTLARR_SEC_19,Competent Authority Land Acquisition (CALA) / SDM Multi-State Central Revenue Division,LOOPBACK,51.0,28.56,56.0,600,180,1,CALA Section 3G compensation award disputed in District Court; physical possession stalled for 22.4 Ha.
701371,Durgawati Reservoir Project,Multi-State,Water Resources,S.O. 2046(E)/2019,RFCTLARR_SEC_19,Competent Authority Land Acquisition (CALA) / SDM Multi-State Central Revenue Division,LOOPBACK,51.0,36.21,71.0,600,180,1,CALA Section 3G compensation award disputed in District Court; physical possession stalled for 14.8 Ha.
400095,Gosikhurd CADWM Project,Multi-State,Water Resources,S.O. 2332(E)/2018,RFCTLARR_SEC_19,Competent Authority Land Acquisition (CALA) / SDM Multi-State Central Revenue Division,LOOPBACK,67.0,38.19,57.0,600,180,1,CALA Section 3G compensation award disputed in District Court; physical possession stalled for 28.8 Ha.
701386,Gosikhurd Project,Maharashtra,Water Resources,S.O. 4898(E)/2019,RFCTLARR_SEC_19,Competent Authority Land Acquisition (CALA) / SDM Maharashtra Central Revenue Division,LOOPBACK,58.0,42.34,73.0,600,180,1,CALA Section 3G compensation award disputed in District Court; physical possession stalled for 15.7 Ha.
400101,Gundlakamma project,Andhra Pradesh,Water Resources,S.O. 1460(E)/2021,RFCTLARR_SEC_19,Competent Authority Land Acquisition (CALA) / SDM Andhra Central Revenue Division,LOOPBACK,50.0,27.5,55.0,600,180,1,CALA Section 3G compensation award disputed in District Court; physical possession stalled for 22.5 Ha.
400103,Indiramma Flood Flow Canal Project,Multi-State,Water Resources,S.O. 3805(E)/2021,RFCTLARR_SEC_19,Competent Authority Land Acquisition (CALA) / SDM Multi-State Central Revenue Division,LOOPBACK,40.0,24.0,60.0,600,180,1,CALA Section 3G compensation award disputed in District Court; physical possession stalled for 16.0 Ha.
603945,Integrated Anandpur Barrage Project,Multi-State,Water Resources,S.O. 3373(E)/2019,RFCTLARR_SEC_19,Competent Authority Land Acquisition (CALA) / SDM Multi-State Central Revenue Division,LOOPBACK,63.0,30.24,48.0,600,180,1,CALA Section 3G compensation award disputed in District Court; physical possession stalled for 32.8 Ha.
400094,J. ChokhaRao LIS CADWM Project,Multi-State,Water Resources,S.O. 2202(E)/2020,RFCTLARR_SEC_19,Competent Authority Land Acquisition (CALA) / SDM Multi-State Central Revenue Division,LOOPBACK,57.0,26.79,47.0,600,180,1,CALA Section 3G compensation award disputed in District Court; physical possession stalled for 30.2 Ha.
701405,J. Chokka Rao Devadula Lift Irrigation Scheme,Multi-State,Water Resources,S.O. 3228(E)/2023,RFCTLARR_SEC_19,Competent Authority Land Acquisition (CALA) / SDM Multi-State Central Revenue Division,LOOPBACK,73.0,38.69,53.0,600,180,1,CALA Section 3G compensation award disputed in District Court; physical possession stalled for 34.3 Ha.
613787,Jamrani Dam Multipurpose Project,Multi-State,Water Resources,S.O. 5075(E)/2021,RFCTLARR_SEC_19,Competent Authority Land Acquisition (CALA) / SDM Multi-State Central Revenue Division,APPROVED,70.0,70.0,100.0,50,180,0,100% land possession handed over to executing agency under Section 3D/19 mutation certificate.
400112,Jigaon Irrigation Project,Multi-State,Water Resources,S.O. 4343(E)/2021,RFCTLARR_SEC_19,Competent Authority Land Acquisition (CALA) / SDM Multi-State Central Revenue Division,APPROVED,48.0,48.0,100.0,84,180,0,100% land possession handed over to executing agency under Section 3D/19 mutation certificate.
701404,Kanupur Irrigation Project,Multi-State,Water Resources,S.O. 3621(E)/2018,RFCTLARR_SEC_19,Competent Authority Land Acquisition (CALA) / SDM Multi-State Central Revenue Division,LOOPBACK,71.0,39.76,56.0,600,180,1,CALA Section 3G compensation award disputed in District Court; physical possession stalled for 31.2 Ha.
400111,Kelo Irrigation Project,Multi-State,Water Resources,S.O. 3908(E)/2023,RFCTLARR_SEC_19,Competent Authority Land Acquisition (CALA) / SDM Multi-State Central Revenue Division,LOOPBACK,43.0,31.39,73.0,600,180,1,CALA Section 3G compensation award disputed in District Court; physical possession stalled for 11.6 Ha.
701530,Ken-Betwa Linking Development Project,Multi-State,Water Resources,S.O. 4632(E)/2020,RFCTLARR_SEC_19,Competent Authority Land Acquisition (CALA) / SDM Multi-State Central Revenue Division,APPROVED,72.0,72.0,100.0,91,180,0,100% land possession handed over to executing agency under Section 3D/19 mutation certificate.
701392,Krishna Koyana Lift Irrigation Project,Multi-State,Water Resources,S.O. 1976(E)/2019,RFCTLARR_SEC_19,Competent Authority Land Acquisition (CALA) / SDM Multi-State Central Revenue Division,LOOPBACK,51.0,31.11,61.0,600,180,1,CALA Section 3G compensation award disputed in District Court; physical possession stalled for 19.9 Ha.
701399,Kudali Irrigation Project,Multi-State,Water Resources,S.O. 5174(E)/2021,RFCTLARR_SEC_19,Competent Authority Land Acquisition (CALA) / SDM Multi-State Central Revenue Division,APPROVED,69.0,69.0,100.0,50,180,0,100% land possession handed over to executing agency under Section 3D/19 mutation certificate.
701396,Lower Pedhi Project,Multi-State,Water Resources,S.O. 3371(E)/2022,RFCTLARR_SEC_19,Competent Authority Land Acquisition (CALA) / SDM Multi-State Central Revenue Division,LOOPBACK,71.0,32.66,46.0,600,180,1,CALA Section 3G compensation award disputed in District Court; physical possession stalled for 38.3 Ha.
701408,Madhya Ganga canal Phase-II,Uttar Pradesh,Water Resources,S.O. 1064(E)/2019,RFCTLARR_SEC_19,Competent Authority Land Acquisition (CALA) / SDM Uttar Central Revenue Division,LOOPBACK,64.0,31.36,49.0,600,180,1,CALA Section 3G compensation award disputed in District Court; physical possession stalled for 32.6 Ha.
701395,Morna [Gureghar] Irrigation Project,Multi-State,Water Resources,S.O. 3114(E)/2023,RFCTLARR_SEC_19,Competent Authority Land Acquisition (CALA) / SDM Multi-State Central Revenue Division,APPROVED,74.0,74.0,100.0,90,180,0,100% land possession handed over to executing agency under Section 3D/19 mutation certificate.
701398,Nardave Medium Irrigation Project,Multi-State,Water Resources,S.O. 3074(E)/2021,RFCTLARR_SEC_19,Competent Authority Land Acquisition (CALA) / SDM Multi-State Central Revenue Division,LOOPBACK,44.0,21.56,49.0,600,180,1,CALA Section 3G compensation award disputed in District Court; physical possession stalled for 22.4 Ha.
701412,North Koel Reservoir Project,Multi-State,Water Resources,S.O. 3435(E)/2022,RFCTLARR_SEC_19,Competent Authority Land Acquisition (CALA) / SDM Multi-State Central Revenue Division,LOOPBACK,45.0,22.5,50.0,600,180,1,CALA Section 3G compensation award disputed in District Court; physical possession stalled for 22.5 Ha.
400096,Omkareshwar CADWM Project,Multi-State,Water Resources,S.O. 4557(E)/2021,RFCTLARR_SEC_19,Competent Authority Land Acquisition (CALA) / SDM Multi-State Central Revenue Division,LOOPBACK,62.0,38.44,62.0,600,180,1,CALA Section 3G compensation award disputed in District Court; physical possession stalled for 23.6 Ha.
701415,Polavaram Irrigation Project,Multi-State,Water Resources,S.O. 2452(E)/2018,RFCTLARR_SEC_19,Competent Authority Land Acquisition (CALA) / SDM Multi-State Central Revenue Division,LOOPBACK,47.0,26.79,57.0,600,180,1,CALA Section 3G compensation award disputed in District Court; physical possession stalled for 20.2 Ha.
400104,Punpun Barrage Project,Multi-State,Water Resources,S.O. 3149(E)/2023,RFCTLARR_SEC_19,Competent Authority Land Acquisition (CALA) / SDM Multi-State Central Revenue Division,LOOPBACK,54.0,34.56,64.0,600,180,1,CALA Section 3G compensation award disputed in District Court; physical possession stalled for 19.4 Ha.
400109,Purna Barrage-2 [Ner Dhamana] Medium Irrigation Project,Multi-State,Water Resources,S.O. 4819(E)/2019,RFCTLARR_SEC_19,Competent Authority Land Acquisition (CALA) / SDM Multi-State Central Revenue Division,LOOPBACK,74.0,39.96,54.0,600,180,1,CALA Section 3G compensation award disputed in District Court; physical possession stalled for 34.0 Ha.
701406,Rajiv Bhima Lift Irrigation Scheme,Multi-State,Water Resources,S.O. 1842(E)/2022,RFCTLARR_SEC_19,Competent Authority Land Acquisition (CALA) / SDM Multi-State Central Revenue Division,LOOPBACK,52.0,24.44,47.0,600,180,1,CALA Section 3G compensation award disputed in District Court; physical possession stalled for 27.6 Ha.
701410,Relining of  Rajasthan feeder and Sirhind Feeder canal,Multi-State,Water Resources,S.O. 4619(E)/2019,RFCTLARR_SEC_19,Competent Authority Land Acquisition (CALA) / SDM Multi-State Central Revenue Division,LOOPBACK,44.0,28.16,64.0,600,180,1,CALA Section 3G compensation award disputed in District Court; physical possession stalled for 15.8 Ha.
400100,Sardar Gouthu Latchanna Thotapalli Barrage Project,Multi-State,Water Resources,S.O. 2942(E)/2018,RFCTLARR_SEC_19,Competent Authority Land Acquisition (CALA) / SDM Multi-State Central Revenue Division,LOOPBACK,52.0,34.84,67.0,600,180,1,CALA Section 3G compensation award disputed in District Court; physical possession stalled for 17.2 Ha.
400097,Sardar Sarovar CADWM Project,Multi-State,Water Resources,S.O. 2787(E)/2021,RFCTLARR_SEC_19,Competent Authority Land Acquisition (CALA) / SDM Multi-State Central Revenue Division,LOOPBACK,62.0,38.44,62.0,600,180,1,CALA Section 3G compensation award disputed in District Court; physical possession stalled for 23.6 Ha.
701372,Sardar Sarovar Project,Gujarat,Water Resources,S.O. 2914(E)/2018,RFCTLARR_SEC_19,Competent Authority Land Acquisition (CALA) / SDM Gujarat Central Revenue Division,LOOPBACK,54.0,37.26,69.0,600,180,1,CALA Section 3G compensation award disputed in District Court; physical possession stalled for 16.7 Ha.
400093,Saryu Nahar CADWM Project,Multi-State,Water Resources,S.O. 3175(E)/2021,RFCTLARR_SEC_19,Competent Authority Land Acquisition (CALA) / SDM Multi-State Central Revenue Division,LOOPBACK,70.0,42.0,60.0,600,180,1,CALA Section 3G compensation award disputed in District Court; physical possession stalled for 28.0 Ha.
701411,Shahpur Kandi Dam Project,Punjab,Water Resources,S.O. 3800(E)/2018,RFCTLARR_SEC_19,Competent Authority Land Acquisition (CALA) / SDM Punjab Central Revenue Division,LOOPBACK,45.0,24.75,55.0,600,180,1,CALA Section 3G compensation award disputed in District Court; physical possession stalled for 20.2 Ha.
400102,Sri Ram Sagar Project Stage - II,Multi-State,Water Resources,S.O. 2961(E)/2020,RFCTLARR_SEC_19,Competent Authority Land Acquisition (CALA) / SDM Multi-State Central Revenue Division,LOOPBACK,56.0,31.36,56.0,600,180,1,CALA Section 3G compensation award disputed in District Court; physical possession stalled for 24.6 Ha.
701376,"Subernarekha   Multipurpose Project, Jharkhand",Multi-State,Water Resources,S.O. 2267(E)/2023,RFCTLARR_SEC_19,Competent Authority Land Acquisition (CALA) / SDM Multi-State Central Revenue Division,LOOPBACK,72.0,37.44,52.0,600,180,1,CALA Section 3G compensation award disputed in District Court; physical possession stalled for 34.6 Ha.
701402,"Subernarekha Project, Odisha",Multi-State,Water Resources,S.O. 4371(E)/2018,RFCTLARR_SEC_19,Competent Authority Land Acquisition (CALA) / SDM Multi-State Central Revenue Division,LOOPBACK,61.0,34.16,56.0,600,180,1,CALA Section 3G compensation award disputed in District Court; physical possession stalled for 26.8 Ha.
400107,Sulwade-Jamphal-Kanoli Lift Irrigation Scheme,Maharashtra,Water Resources,S.O. 1140(E)/2018,RFCTLARR_SEC_19,Competent Authority Land Acquisition (CALA) / SDM Maharashtra Central Revenue Division,LOOPBACK,55.0,35.75,65.0,600,180,1,CALA Section 3G compensation award disputed in District Court; physical possession stalled for 19.2 Ha.
701400,Thoubal Multipurpose Project,Multi-State,Water Resources,S.O. 2273(E)/2023,RFCTLARR_SEC_19,Competent Authority Land Acquisition (CALA) / SDM Multi-State Central Revenue Division,LOOPBACK,43.0,24.94,58.0,600,180,1,CALA Section 3G compensation award disputed in District Court; physical possession stalled for 18.1 Ha.
701384,Tillari Irrigation Project,Goa,Water Resources,S.O. 1934(E)/2021,RFCTLARR_SEC_19,Competent Authority Land Acquisition (CALA) / SDM Goa Central Revenue Division,LOOPBACK,54.0,26.46,49.0,600,180,1,CALA Section 3G compensation award disputed in District Court; physical possession stalled for 27.5 Ha.
701377,Upper Tunga Irrigation Project,Multi-State,Water Resources,S.O. 3525(E)/2019,RFCTLARR_SEC_19,Competent Authority Land Acquisition (CALA) / SDM Multi-State Central Revenue Division,LOOPBACK,70.0,35.0,50.0,600,180,1,CALA Section 3G compensation award disputed in District Court; physical possession stalled for 35.0 Ha.
400105,Urmodi Irrigation Project,Multi-State,Water Resources,S.O. 3467(E)/2023,RFCTLARR_SEC_19,Competent Authority Land Acquisition (CALA) / SDM Multi-State Central Revenue Division,LOOPBACK,42.0,21.84,52.0,600,180,1,CALA Section 3G compensation award disputed in District Court; physical possession stalled for 20.2 Ha.
701383,Waghur Project,Multi-State,Water Resources,S.O. 5284(E)/2018,RFCTLARR_SEC_19,Competent Authority Land Acquisition (CALA) / SDM Multi-State Central Revenue Division,LOOPBACK,49.0,33.81,69.0,600,180,1,CALA Section 3G compensation award disputed in District Court; physical possession stalled for 15.2 Ha.
619186,Construction of Balance works of Major Bridge over Middle Strait Creek between Km.106.590 to km108.553 of NH-04 connecting South Andaman  & Baratang Island in the Union Territory of Andaman & Nicobar Islands on EPC basis,Andaman & Nicobar,Roads & Highways,S.O. 5050(E)/2019,NH_SEC_3D,Competent Authority Land Acquisition (CALA) / SDM Andaman Central Revenue Division,QUERY_RAISED,40.0,32.0,80.0,163,180,1,Section 3H disbursement in progress; joint revenue measurement (JGM) completed for 80.0% alignment.
619185,Rehabilitation and up-gradation and completion of balance work of section from Km 155.00 to Km 181.00 End of Jarwa to Rangat of NH -4 Total length 26 Km to Intermediate Lane/2-lane with hard shoulders in the UT of A&N Islands on EPC basis - Package-III.B Balance work,Andaman & Nicobar,Roads & Highways,S.O. 2021(E)/2020,NH_SEC_3D,Competent Authority Land Acquisition (CALA) / SDM Andaman Central Revenue Division,QUERY_RAISED,41.0,29.11,71.0,220,180,1,Section 3H disbursement in progress; joint revenue measurement (JGM) completed for 71.0% alignment.
619184,"Rehabilitation and up-gradation and completion of balance works of the section from Km 107.760 km to 129.445 km After Middle strait to Humphrey, Km 130.600 to 138.300 After Humphrey to Kadamtala of NH-4 Intermediate/2-Lane with hard shoulder in the Union Territory of Andaman & Nicobar Islands on EPC basis Package-IIIA",Andaman & Nicobar,Roads & Highways,S.O. 2087(E)/2019,NH_SEC_3D,Competent Authority Land Acquisition (CALA) / SDM Andaman Central Revenue Division,QUERY_RAISED,72.0,55.44,77.0,220,180,1,Section 3H disbursement in progress; joint revenue measurement (JGM) completed for 77.0% alignment.
619102,4 L of China Orampadu-Renigunta section of NH-716 Package-II of Kadapa-Renigunta section,Andhra Pradesh,Roads & Highways,S.O. 1019(E)/2020,NH_SEC_3D,Competent Authority Land Acquisition (CALA) / SDM Andhra Central Revenue Division,APPROVED,69.0,69.0,100.0,71,180,0,100% land possession handed over to executing agency under Section 3D/19 mutation certificate.
618826,4 Laning of NH-544D from Km 0.000 to km 37.000 of Anantapur- Muchukota section Pkg-1,Andhra Pradesh,Roads & Highways,S.O. 1193(E)/2018,NH_SEC_3D,Competent Authority Land Acquisition (CALA) / SDM Andhra Central Revenue Division,QUERY_RAISED,43.0,35.69,83.0,212,180,1,Section 3H disbursement in progress; joint revenue measurement (JGM) completed for 83.0% alignment.
618827,4 Laning of NH-544D from Km 37.000 to km 69.000 of Muchukota- Bugga section Pkg-2,Andhra Pradesh,Roads & Highways,S.O. 2461(E)/2020,NH_SEC_3D,Competent Authority Land Acquisition (CALA) / SDM Andhra Central Revenue Division,QUERY_RAISED,61.0,43.31,71.0,180,180,1,Section 3H disbursement in progress; joint revenue measurement (JGM) completed for 71.0% alignment.
618013,4-laning of  Puttaparthi-Koduru Section of NH-342,Andhra Pradesh,Roads & Highways,S.O. 2170(E)/2019,NH_SEC_3D,Competent Authority Land Acquisition (CALA) / SDM Koduru Revenue Division,APPROVED,50.0,50.0,100.0,76,180,0,100% land possession handed over to executing agency under Section 3D/19 mutation certificate.
619143,4L Access Controlled Greenfield Highway section on NH-163G Khammam  Vijayawada from BrahmanapalliK village at Design Ch. 250.400 Km to Remidicherla village at Design Ch. 280.200 KmPackage-II,Andhra Pradesh,Roads & Highways,S.O. 4521(E)/2018,NH_SEC_3D,Competent Authority Land Acquisition (CALA) / SDM Andhra Central Revenue Division,APPROVED,56.0,56.0,100.0,58,180,0,100% land possession handed over to executing agency under Section 3D/19 mutation certificate.
618818,4L Access Controlled Greenfield Highway section on NH-163G Khammam Vijayawada from Remidicherla village at Design Ch. 280.200 Km to Jakkampudi village on NH-16 at Design Ch. 309.909 Km Package-III,Andhra Pradesh,Roads & Highways,S.O. 3546(E)/2022,NH_SEC_3D,Competent Authority Land Acquisition (CALA) / SDM Andhra Central Revenue Division,APPROVED,61.0,61.0,100.0,90,180,0,100% land possession handed over to executing agency under Section 3D/19 mutation certificate.
618807,"4L Greenfield Road connecting North and South industrial cluster of Khandaleru Creek near Krishnapatnam port at Thamminapatnam to Mollur  from Km 0.0 to Km 16.046, Part I & 6L  extension of dedicated port road of NH-67 Km 18.0 to Km 19.3, Part II",Andhra Pradesh,Roads & Highways,S.O. 4797(E)/2022,NH_SEC_3D,Competent Authority Land Acquisition (CALA) / SDM Andhra Central Revenue Division,QUERY_RAISED,57.0,49.59,87.0,220,180,1,Section 3H disbursement in progress; joint revenue measurement (JGM) completed for 87.0% alignment.
618633,4L of Kadapa  China Orampadu section of NH-716 Package I of Kadapa-Renigunta section,Andhra Pradesh,Roads & Highways,S.O. 3030(E)/2023,NH_SEC_3D,Competent Authority Land Acquisition (CALA) / SDM Andhra Central Revenue Division,APPROVED,60.0,60.0,100.0,97,180,0,100% land possession handed over to executing agency under Section 3D/19 mutation certificate.
618778,4L of Madanapalle to Pileru Section from Km 0.000 to Km 55.900 of NH-71Package-I,Andhra Pradesh,Roads & Highways,S.O. 2329(E)/2019,NH_SEC_3D,Competent Authority Land Acquisition (CALA) / SDM Pileru Revenue Division,QUERY_RAISED,69.0,54.51,79.0,220,180,1,Section 3H disbursement in progress; joint revenue measurement (JGM) completed for 79.0% alignment.
618777,4L of Pileru to Kalur Section from Km 55.900 to Km 92.800 & Km 94.500 to Km 95.717 of NH-71Package-II,Andhra Pradesh,Roads & Highways,S.O. 1219(E)/2020,NH_SEC_3D,Competent Authority Land Acquisition (CALA) / SDM Kalur Revenue Division,APPROVED,49.0,49.0,100.0,64,180,0,100% land possession handed over to executing agency under Section 3D/19 mutation certificate.
618919,4L PS from Mandlem Existing Km. 38.000/Design Km.30.600 to Atmakur Existing Km.73.000/Design Km 66.115 of NH340C  Package2,Andhra Pradesh,Roads & Highways,S.O. 4558(E)/2018,NH_SEC_3D,Competent Authority Land Acquisition (CALA) / SDM Andhra Central Revenue Division,APPROVED,73.0,73.0,100.0,75,180,0,100% land possession handed over to executing agency under Section 3D/19 mutation certificate.
618759,4L PS Mydukur - Badvel from Km 585.820 to Km 630.960 of NH-67,Andhra Pradesh,Roads & Highways,S.O. 2978(E)/2018,NH_SEC_3D,Competent Authority Land Acquisition (CALA) / SDM Andhra Central Revenue Division,QUERY_RAISED,48.0,42.24,88.0,214,180,1,Section 3H disbursement in progress; joint revenue measurement (JGM) completed for 88.0% alignment.
619077,6 laning of Balance Work of Chennai - Tada from km. 21.40 to km. 54.40,Andhra Pradesh,Roads & Highways,S.O. 4561(E)/2018,NH_SEC_3D,Competent Authority Land Acquisition (CALA) / SDM Andhra Central Revenue Division,LOOPBACK,51.0,33.66,66.0,600,180,1,CALA Section 3G compensation award disputed in District Court; physical possession stalled for 17.3 Ha.
618720,6L  Access Controlled Greenfield Highway from Audireddipalle Ch. 160000 to Mallapalle Ch. 176000Package-07,Andhra Pradesh,Roads & Highways,S.O. 4234(E)/2021,NH_SEC_3D,Competent Authority Land Acquisition (CALA) / SDM Andhra Central Revenue Division,QUERY_RAISED,44.0,36.96,84.0,220,180,1,Section 3H disbursement in progress; joint revenue measurement (JGM) completed for 84.0% alignment.
618721,6L  Access Controlled Greenfield Highway from Chandrasekharapuram Ch. 228000 to Polavaram Ch. 260000of [NH-544G] Package-11,Andhra Pradesh,Roads & Highways,S.O. 2044(E)/2023,NH_SEC_3D,Competent Authority Land Acquisition (CALA) / SDM Andhra Central Revenue Division,QUERY_RAISED,44.0,32.56,74.0,144,180,1,Section 3H disbursement in progress; joint revenue measurement (JGM) completed for 74.0% alignment.
618718,6L  Access Controlled Greenfield Highway from Kavulakuntla Ch. 196000 to Narayanmpet Ch. 203500Package-09,Andhra Pradesh,Roads & Highways,S.O. 2854(E)/2020,NH_SEC_3D,Competent Authority Land Acquisition (CALA) / SDM Andhra Central Revenue Division,QUERY_RAISED,69.0,57.96,84.0,171,180,1,Section 3H disbursement in progress; joint revenue measurement (JGM) completed for 84.0% alignment.
618719,6L  Access Controlled Greenfield Highway from Mallapalle Ch. 176000 to Kavulakuntla Ch. 196000 Package-08,Andhra Pradesh,Roads & Highways,S.O. 2951(E)/2023,NH_SEC_3D,Competent Authority Land Acquisition (CALA) / SDM Andhra Central Revenue Division,QUERY_RAISED,66.0,53.46,81.0,144,180,1,Section 3H disbursement in progress; joint revenue measurement (JGM) completed for 81.0% alignment.
619126,6L  Access Controlled Greenfield Highway from Marripudi Ch. 285500 to Somavarappadu Ch. 314600 of [NH-544G] Package-13,Andhra Pradesh,Roads & Highways,S.O. 1334(E)/2023,NH_SEC_3D,Competent Authority Land Acquisition (CALA) / SDM Andhra Central Revenue Division,QUERY_RAISED,49.0,41.16,84.0,220,180,1,Section 3H disbursement in progress; joint revenue measurement (JGM) completed for 84.0% alignment.
619123,6L  Access Controlled Greenfield Highway from Narayanmpet Ch. 203500 to Chandrasekharpuram Ch. 228000Package-10,Andhra Pradesh,Roads & Highways,S.O. 4883(E)/2021,NH_SEC_3D,Competent Authority Land Acquisition (CALA) / SDM Andhra Central Revenue Division,APPROVED,73.0,73.0,100.0,65,180,0,100% land possession handed over to executing agency under Section 3D/19 mutation certificate.
619125,6L  Access Controlled Greenfield Highway from Somavarappadu Ch.314.600 to Muppavaram Ch.343240 of [NH-544G] Package-14,Andhra Pradesh,Roads & Highways,S.O. 1102(E)/2021,NH_SEC_3D,Competent Authority Land Acquisition (CALA) / SDM Andhra Central Revenue Division,QUERY_RAISED,42.0,30.24,72.0,220,180,1,Section 3H disbursement in progress; joint revenue measurement (JGM) completed for 72.0% alignment.
618712,6L Access Controlled Greenfield Highway from Kodur Ch. 0000 to Vanavolu Ch. 24300 of [NH-544G]  Package-1,Andhra Pradesh,Roads & Highways,S.O. 4855(E)/2020,NH_SEC_3D,Competent Authority Land Acquisition (CALA) / SDM Andhra Central Revenue Division,QUERY_RAISED,70.0,59.5,85.0,220,180,1,Section 3H disbursement in progress; joint revenue measurement (JGM) completed for 85.0% alignment.
618714,6L Access Controlled Greenfield Highway from Nallacheruvu palli Ch. 96300 to Yerragudipadu Ch. 129000 of [NH-544G]  Package-5,Andhra Pradesh,Roads & Highways,S.O. 1058(E)/2021,NH_SEC_3D,Competent Authority Land Acquisition (CALA) / SDM Andhra Central Revenue Division,QUERY_RAISED,53.0,46.64,88.0,144,180,1,Section 3H disbursement in progress; joint revenue measurement (JGM) completed for 88.0% alignment.
618715,6L Access Controlled Greenfield Highway from Odulapalle Ch. 72000 to Nallacheruvu-palli Ch. 96300 of [NH-544G]Package-4,Andhra Pradesh,Roads & Highways,S.O. 4452(E)/2018,NH_SEC_3D,Competent Authority Land Acquisition (CALA) / SDM Andhra Central Revenue Division,QUERY_RAISED,52.0,42.64,82.0,220,180,1,Section 3H disbursement in progress; joint revenue measurement (JGM) completed for 82.0% alignment.
619124,6L Access Controlled Greenfield Highway from Polavaram Ch. 260000 to Marripudi Ch. 285500 of [NH-544G]Package-12,Andhra Pradesh,Roads & Highways,S.O. 1200(E)/2020,NH_SEC_3D,Competent Authority Land Acquisition (CALA) / SDM Andhra Central Revenue Division,QUERY_RAISED,70.0,49.0,70.0,220,180,1,Section 3H disbursement in progress; joint revenue measurement (JGM) completed for 70.0% alignment.
618717,6L Access Controlled Greenfield Highway from Vanavolu Ch. 24300 to Vankarakunta Ch. 45700 of [NH-544G]  Package-2,Andhra Pradesh,Roads & Highways,S.O. 1234(E)/2021,NH_SEC_3D,Competent Authority Land Acquisition (CALA) / SDM Andhra Central Revenue Division,QUERY_RAISED,74.0,62.16,84.0,192,180,1,Section 3H disbursement in progress; joint revenue measurement (JGM) completed for 84.0% alignment.
618716,6L Access Controlled Greenfield Highway from Vankarakunta Ch. 45700 to Odulapalle Ch. 72000 of [NH-544G]Package-3,Andhra Pradesh,Roads & Highways,S.O. 5119(E)/2019,NH_SEC_3D,Competent Authority Land Acquisition (CALA) / SDM Andhra Central Revenue Division,QUERY_RAISED,59.0,52.51,89.0,208,180,1,Section 3H disbursement in progress; joint revenue measurement (JGM) completed for 89.0% alignment.
618713,6L Access Controlled Greenfield Highway from Yerragudipadu Ch. 129000 to Audireddipalle Ch. 160000 of [NH  544G]  Package-6,Andhra Pradesh,Roads & Highways,S.O. 4772(E)/2020,NH_SEC_3D,Competent Authority Land Acquisition (CALA) / SDM Andhra Central Revenue Division,QUERY_RAISED,57.0,46.74,82.0,220,180,1,Section 3H disbursement in progress; joint revenue measurement (JGM) completed for 82.0% alignment.
619212,6L Access Controlled Greenfield Highway of Julekal village to Dinnedevarapadu village from Km 242.200 to Km 280.400 Pkg-2,Andhra Pradesh,Roads & Highways,S.O. 4281(E)/2022,NH_SEC_3D,Competent Authority Land Acquisition (CALA) / SDM Andhra Central Revenue Division,LOOPBACK,71.0,39.76,56.0,600,180,1,CALA Section 3G compensation award disputed in District Court; physical possession stalled for 31.2 Ha.
618681,6L Aluru - Jakkuva Section of NH-130CD Road from km 365.033 to km 396.800 Pkg. 1,Andhra Pradesh,Roads & Highways,S.O. 3948(E)/2021,NH_SEC_3D,Competent Authority Land Acquisition (CALA) / SDM Jakkuva Revenue Division,LOOPBACK,63.0,33.39,53.0,600,180,1,CALA Section 3G compensation award disputed in District Court; physical possession stalled for 29.6 Ha.
618805,6L Connectivity to Port Road from Sabbavaram Sheelanagar-NH516C,Andhra Pradesh,Roads & Highways,S.O. 4029(E)/2021,NH_SEC_3D,Competent Authority Land Acquisition (CALA) / SDM Andhra Central Revenue Division,APPROVED,54.0,54.0,100.0,67,180,0,100% land possession handed over to executing agency under Section 3D/19 mutation certificate.
619111,6L Jakkuva  Korlam Section of NH-130CD Road from km 396.800 to km 421.100 Pkg 2,Andhra Pradesh,Roads & Highways,S.O. 1963(E)/2019,NH_SEC_3D,Competent Authority Land Acquisition (CALA) / SDM Korlam Revenue Division,LOOPBACK,53.0,25.44,48.0,600,180,1,CALA Section 3G compensation award disputed in District Court; physical possession stalled for 27.6 Ha.
619112,6L Kantakapalle  Sabbavaram Section of NH-130CD Road from Km 445.100 to Km 464.662 Pkg-4,Andhra Pradesh,Roads & Highways,S.O. 1739(E)/2019,NH_SEC_3D,Competent Authority Land Acquisition (CALA) / SDM Sabbavaram Revenue Division,LOOPBACK,74.0,47.36,64.0,591,180,1,CALA Section 3G compensation award disputed in District Court; physical possession stalled for 26.6 Ha.
618682,6L Korlam-Kantakapalle Section of NH-130CD Road from Km 421.100 to Km 445.100 Pkg-3,Andhra Pradesh,Roads & Highways,S.O. 4012(E)/2019,NH_SEC_3D,Competent Authority Land Acquisition (CALA) / SDM Kantakapalle Revenue Division,LOOPBACK,72.0,41.04,57.0,600,180,1,CALA Section 3G compensation award disputed in District Court; physical possession stalled for 31.0 Ha.
618579,6L of Anandapuram Pendurthi Anakapalli Section from km. 681.000 to km. 731.780 of NH-16,Andhra Pradesh,Roads & Highways,S.O. 5061(E)/2022,NH_SEC_3D,Competent Authority Land Acquisition (CALA) / SDM Anakapalli Revenue Division,APPROVED,51.0,51.0,100.0,97,180,0,100% land possession handed over to executing agency under Section 3D/19 mutation certificate.
618526,6L of Gundugolanu Design km 1023.280 to Kalaparru Design km 1050.680 of NH-5 New NH-16,Andhra Pradesh,Roads & Highways,S.O. 2091(E)/2018,NH_SEC_3D,Competent Authority Land Acquisition (CALA) / SDM Andhra Central Revenue Division,LOOPBACK,46.0,25.76,56.0,600,180,1,CALA Section 3G compensation award disputed in District Court; physical possession stalled for 20.2 Ha.
618772,6L of Kumarajapet to Veera Kaveri Raja Puram from km 43.800 to km 61.380 of NH-716B Pkg-II,Andhra Pradesh,Roads & Highways,S.O. 4626(E)/2020,NH_SEC_3D,Competent Authority Land Acquisition (CALA) / SDM Andhra Central Revenue Division,APPROVED,56.0,56.0,100.0,48,180,0,100% land possession handed over to executing agency under Section 3D/19 mutation certificate.
619140,6L of Naidupeta Junction - Turpukanupur Section from km 57.046 to km 91.927,Andhra Pradesh,Roads & Highways,S.O. 4380(E)/2022,NH_SEC_3D,Competent Authority Land Acquisition (CALA) / SDM Turpukanupur Revenue Division,LOOPBACK,55.0,35.75,65.0,536,180,1,CALA Section 3G compensation award disputed in District Court; physical possession stalled for 19.2 Ha.
618771,6L of Varadharajula to Kumarajapet from km 0.000 to km 43.800 of NH-716B Pkg-I,Andhra Pradesh,Roads & Highways,S.O. 5027(E)/2022,NH_SEC_3D,Competent Authority Land Acquisition (CALA) / SDM Andhra Central Revenue Division,QUERY_RAISED,57.0,43.89,77.0,220,180,1,Section 3H disbursement in progress; joint revenue measurement (JGM) completed for 77.0% alignment.
618634,6L of Veera Kaveri Raja Puram to Pondavakkam from km 61.380 to km 96.040 of NH 716B Pkg-III,Andhra Pradesh,Roads & Highways,S.O. 2544(E)/2021,NH_SEC_3D,Competent Authority Land Acquisition (CALA) / SDM Andhra Central Revenue Division,QUERY_RAISED,74.0,54.76,74.0,220,180,1,Section 3H disbursement in progress; joint revenue measurement (JGM) completed for 74.0% alignment.
618920,Access Controlled Highway of 4 Lane with Paved Shoulders from TN/AP Border Design Chainage Km 6151 to Puttur Design Chainage Km 81540 of NH-716 & 6 Lane with Paved Shoulders from Mallavaram to Renigunta,Andhra Pradesh,Roads & Highways,S.O. 2111(E)/2019,NH_SEC_3D,Competent Authority Land Acquisition (CALA) / SDM Andhra Central Revenue Division,APPROVED,46.0,46.0,100.0,67,180,0,100% land possession handed over to executing agency under Section 3D/19 mutation certificate.
619160,Balance works in AP Portion and punch list items in TN & AP portion of NH-205,Andhra Pradesh,Roads & Highways,S.O. 3053(E)/2019,NH_SEC_3D,Competent Authority Land Acquisition (CALA) / SDM Andhra Central Revenue Division,QUERY_RAISED,48.0,39.84,83.0,192,180,1,Section 3H disbursement in progress; joint revenue measurement (JGM) completed for 83.0% alignment.
619199,Bangalore Chennai Expressway Phase-II Pkg-I from km.71.000 to Km 96.000 Bethamangala in the state of Karnataka to Byreddypalli,Andhra Pradesh,Roads & Highways,S.O. 2101(E)/2019,NH_SEC_3D,Competent Authority Land Acquisition (CALA) / SDM Andhra Central Revenue Division,APPROVED,61.0,61.0,100.0,87,180,0,100% land possession handed over to executing agency under Section 3D/19 mutation certificate.
618475,Bangalore Chennai Expressway Phase-II Pkg-II from km.96.000 to Km 127.000 Baireddypalle to Bangarupalem section,Andhra Pradesh,Roads & Highways,S.O. 3558(E)/2020,NH_SEC_3D,Competent Authority Land Acquisition (CALA) / SDM Andhra Central Revenue Division,QUERY_RAISED,48.0,42.24,88.0,220,180,1,Section 3H disbursement in progress; joint revenue measurement (JGM) completed for 88.0% alignment.
618476,Bangalore Chennai Expressway Phase-II Pkg-III from km.127.000 to Km 156.000 Bangarupalem to Gudipala section,Andhra Pradesh,Roads & Highways,S.O. 1005(E)/2022,NH_SEC_3D,Competent Authority Land Acquisition (CALA) / SDM Andhra Central Revenue Division,QUERY_RAISED,55.0,41.25,75.0,220,180,1,Section 3H disbursement in progress; joint revenue measurement (JGM) completed for 75.0% alignment.
618477,Bangalore Chennai Expressway Phase-III  Package I Gudipala to Walajajhpet from Km 156.000 to Km 180.000,Andhra Pradesh,Roads & Highways,S.O. 3503(E)/2021,NH_SEC_3D,Competent Authority Land Acquisition (CALA) / SDM Andhra Central Revenue Division,LOOPBACK,48.0,27.84,58.0,596,180,1,CALA Section 3G compensation award disputed in District Court; physical possession stalled for 20.2 Ha.
618696,Bellary to Byrapura Section km 253.600 to km 308.550 of NH-150A,Andhra Pradesh,Roads & Highways,S.O. 3194(E)/2021,NH_SEC_3D,Competent Authority Land Acquisition (CALA) / SDM Byrapura Revenue Division,QUERY_RAISED,74.0,62.16,84.0,164,180,1,Section 3H disbursement in progress; joint revenue measurement (JGM) completed for 84.0% alignment.
618524,Construction of 6 lane elevated corridor including its approaches from Km. 629880 to Km. 634470 Design Chainage of NH-16 in Ranasthalam Town portion in the state of Andhra Pradesh on EPC Mode under NHO.,Andhra Pradesh,Roads & Highways,S.O. 5463(E)/2020,NH_SEC_3D,Competent Authority Land Acquisition (CALA) / SDM Andhra Central Revenue Division,APPROVED,53.0,53.0,100.0,97,180,0,100% land possession handed over to executing agency under Section 3D/19 mutation certificate.
617990,Construction of bypass road to Adoni town connecting NH-167 Hagari - Jadcharla road from km.62/700 to 71/400 in Kurnool District in the State of Andhra Pradesh.,Andhra Pradesh,Roads & Highways,S.O. 3940(E)/2018,NH_SEC_3D,Competent Authority Land Acquisition (CALA) / SDM Kurnool Revenue Division,APPROVED,50.0,50.0,100.0,76,180,0,100% land possession handed over to executing agency under Section 3D/19 mutation certificate.
618525,Construction of flyover at Gammon Junction at Km.903.265 on NH16 including vent at Diwancheruvu junction at Km.902.308 Blackspot ID No.AP03299 in Andhra Pradesh on EPC mode under NHO,Andhra Pradesh,Roads & Highways,S.O. 1877(E)/2023,NH_SEC_3D,Competent Authority Land Acquisition (CALA) / SDM Andhra Central Revenue Division,APPROVED,47.0,47.0,100.0,79,180,0,100% land possession handed over to executing agency under Section 3D/19 mutation certificate.
619141,Construction of four lane access controlled highway from Chillakuru cross road to Turpu KanupurPart 1 of Package - II km 0.000 131.500 of NH - 16 to km 23.770 on New NH-516W including six lane flyover and approaches on NH-16 length km 1.050 and six lane access controlled from Turpu Kanupur to Port South Gate Part 2 of Package - II km 23.770 to km 35.015 on New NH-516W in the state of Andhra Pradesh on HAM Mode under Bharatmala Pariyojana Phase I,Andhra Pradesh,Roads & Highways,S.O. 4371(E)/2022,NH_SEC_3D,Competent Authority Land Acquisition (CALA) / SDM Andhra Central Revenue Division,APPROVED,46.0,46.0,100.0,65,180,0,100% land possession handed over to executing agency under Section 3D/19 mutation certificate.
618412,Construction of i Connecting Road from Z-Morh Tunnel to Zojila Tunnel Road Length 18.475km and ii 14.150 Km long 2-L Bi-directional single tube Zoji-la Tunnel across Zojila Pass on Sonamarg - Kargil section from Km 82 to Km 118 of NH-01 under PMDP,Andhra Pradesh,Roads & Highways,S.O. 1484(E)/2021,NH_SEC_3D,Competent Authority Land Acquisition (CALA) / SDM Andhra Central Revenue Division,QUERY_RAISED,69.0,51.06,74.0,220,180,1,Section 3H disbursement in progress; joint revenue measurement (JGM) completed for 74.0% alignment.
618254,Construction of Paderu bypass Km 0000 to Km 13000 of 2- lane with paved shoulder on NH-516E,Andhra Pradesh,Roads & Highways,S.O. 3819(E)/2018,NH_SEC_3D,Competent Authority Land Acquisition (CALA) / SDM Andhra Central Revenue Division,APPROVED,59.0,59.0,100.0,58,180,0,100% land possession handed over to executing agency under Section 3D/19 mutation certificate.
618804,Dedicated Port road to Krishnapatnam Port Package-I from Km. 0.000 to Km. 18.000,Andhra Pradesh,Roads & Highways,S.O. 4316(E)/2023,NH_SEC_3D,Competent Authority Land Acquisition (CALA) / SDM Andhra Central Revenue Division,LOOPBACK,41.0,25.01,61.0,600,180,1,CALA Section 3G compensation award disputed in District Court; physical possession stalled for 16.0 Ha.
618803,Development of 4L Road from Samarlakota to Achampeta Junction as part of Kakinada Port Connectivity to NH-16 Rajanagaram Junction in East Godavari District,Andhra Pradesh,Roads & Highways,S.O. 4895(E)/2022,NH_SEC_3D,Competent Authority Land Acquisition (CALA) / SDM Godavari Revenue Division,QUERY_RAISED,40.0,34.0,85.0,220,180,1,Section 3H disbursement in progress; joint revenue measurement (JGM) completed for 85.0% alignment.
618062,Dornala to Kunta Junction from Design Chainage Km 244000 to 267990 section of NH-765 Package-2,Andhra Pradesh,Roads & Highways,S.O. 4982(E)/2018,NH_SEC_3D,Competent Authority Land Acquisition (CALA) / SDM Andhra Central Revenue Division,APPROVED,52.0,52.0,100.0,93,180,0,100% land possession handed over to executing agency under Section 3D/19 mutation certificate.
618192,Duttalur at NH-565 Junction to Kavali Joining on NH-16 Chainage Km. 36/400 to Km. 107/224 excluding the stretch from Km 101.880 to 105.300 67.404 Km of NH-167BG from in the State of Andhra Pradesh on EPC mode,Andhra Pradesh,Roads & Highways,S.O. 4658(E)/2021,NH_SEC_3D,Competent Authority Land Acquisition (CALA) / SDM Andhra Central Revenue Division,QUERY_RAISED,58.0,51.04,88.0,220,180,1,Section 3H disbursement in progress; joint revenue measurement (JGM) completed for 88.0% alignment.
618052,Gorantla - Hindupur section from Km 120/300 to 165/000 of NH716G in the State of Andhra Pradesh,Andhra Pradesh,Roads & Highways,S.O. 3220(E)/2022,NH_SEC_3D,Competent Authority Land Acquisition (CALA) / SDM Andhra Central Revenue Division,APPROVED,70.0,70.0,100.0,49,180,0,100% land possession handed over to executing agency under Section 3D/19 mutation certificate.
617984,"Gudivada Town 2 RoB, and Road improvement NH-165",Andhra Pradesh,Roads & Highways,S.O. 3350(E)/2021,NH_SEC_3D,Competent Authority Land Acquisition (CALA) / SDM Andhra Central Revenue Division,QUERY_RAISED,70.0,56.0,80.0,220,180,1,Section 3H disbursement in progress; joint revenue measurement (JGM) completed for 80.0% alignment.
618806,Improvement of 4L road to 6L road and 4L dedicated Port Roads for the Port connectivity road from Convent junction to Sheelanagar Junction,Andhra Pradesh,Roads & Highways,S.O. 1980(E)/2020,NH_SEC_3D,Competent Authority Land Acquisition (CALA) / SDM Andhra Central Revenue Division,APPROVED,55.0,55.0,100.0,105,180,0,100% land possession handed over to executing agency under Section 3D/19 mutation certificate.
618747,Khammam-Devarapalle Pkg III [4L Access Controlled Greenfield from Chintagudem village to Recherla village Design Chainage 63117 to 105236],Andhra Pradesh,Roads & Highways,S.O. 4012(E)/2019,NH_SEC_3D,Competent Authority Land Acquisition (CALA) / SDM Andhra Central Revenue Division,QUERY_RAISED,62.0,50.84,82.0,220,180,1,Section 3H disbursement in progress; joint revenue measurement (JGM) completed for 82.0% alignment.
618748,Khammam-Devarapalle Pkg IV [4L Access Controlled Greenfield from Recherla village to Gurvaygudem village Design Chainage 105236 to 132664],Andhra Pradesh,Roads & Highways,S.O. 3229(E)/2018,NH_SEC_3D,Competent Authority Land Acquisition (CALA) / SDM Andhra Central Revenue Division,QUERY_RAISED,64.0,50.56,79.0,129,180,1,Section 3H disbursement in progress; joint revenue measurement (JGM) completed for 79.0% alignment.
618749,Khammam-Devarapalle Pkg V [4L Access Controlled Greenfield from Gurvaygudem village to Devarapalle village Design Chainage 132664 to 162126,Andhra Pradesh,Roads & Highways,S.O. 3906(E)/2019,NH_SEC_3D,Competent Authority Land Acquisition (CALA) / SDM Andhra Central Revenue Division,QUERY_RAISED,41.0,31.16,76.0,220,180,1,Section 3H disbursement in progress; joint revenue measurement (JGM) completed for 76.0% alignment.
618101,Kondamodu to Perecherla Section Design Ch. Km 000 to Km 49917 of NH-167AG to to 4LPS,Andhra Pradesh,Roads & Highways,S.O. 1238(E)/2019,NH_SEC_3D,Competent Authority Land Acquisition (CALA) / SDM Perecherla Revenue Division,APPROVED,58.0,58.0,100.0,73,180,0,100% land possession handed over to executing agency under Section 3D/19 mutation certificate.
617986,Kurnool/Kadapa Border-Jammalamadugu section of NH-167K i.e. Design Ch. Km 248010 to km 269900 to 2,Andhra Pradesh,Roads & Highways,S.O. 2722(E)/2023,NH_SEC_3D,Competent Authority Land Acquisition (CALA) / SDM Andhra Central Revenue Division,APPROVED,67.0,67.0,100.0,70,180,0,100% land possession handed over to executing agency under Section 3D/19 mutation certificate.
618053,Muddanur to B. Kothapalli section of NH-716G from Km. 0/000 to Km. 56/500   56.500 Km    in the State of Andhra Pradesh on EPC mode Job no. 741,Andhra Pradesh,Roads & Highways,S.O. 1081(E)/2018,NH_SEC_3D,Competent Authority Land Acquisition (CALA) / SDM Andhra Central Revenue Division,APPROVED,46.0,46.0,100.0,103,180,0,100% land possession handed over to executing agency under Section 3D/19 mutation certificate.
618629,Nandigama Bypass and Kanchikacherla bypass,Andhra Pradesh,Roads & Highways,S.O. 2458(E)/2023,NH_SEC_3D,Competent Authority Land Acquisition (CALA) / SDM Nandigama Revenue Division,LOOPBACK,68.0,42.84,63.0,600,180,1,CALA Section 3G compensation award disputed in District Court; physical possession stalled for 25.2 Ha.
617987,Nandyala-Kurnool/Kadapa Border section of NH-167K i.e. Km 186/000 to Km 250/000Design Ch.186000 to 248010 to 2LPS,Andhra Pradesh,Roads & Highways,S.O. 1484(E)/2022,NH_SEC_3D,Competent Authority Land Acquisition (CALA) / SDM Andhra Central Revenue Division,APPROVED,49.0,49.0,100.0,89,180,0,100% land possession handed over to executing agency under Section 3D/19 mutation certificate.
618239,"Rehabilitation & Upgradation of NH214  New NH-216    from Km 34/230 to Km 84/550   Losari to Machavaram Section    to two lane with paved shoulder in the state of Andhrapradesh under NHDP-IV through Engineering, Procurement& Construction   EPC    mode.",Andhra Pradesh,Roads & Highways,S.O. 2310(E)/2020,NH_SEC_3D,Competent Authority Land Acquisition (CALA) / SDM Machavaram Revenue Division,LOOPBACK,45.0,29.25,65.0,600,180,1,CALA Section 3G compensation award disputed in District Court; physical possession stalled for 15.7 Ha.
617907,Rehabilitation and Up-gradation from Km 170700 Bhadrachalam to Km 234567 Konta on NH-30 to Two lane with Paved Shoulder in the State of Andra Pradesh on EPC mode.,Andhra Pradesh,Roads & Highways,S.O. 1466(E)/2023,NH_SEC_3D,Competent Authority Land Acquisition (CALA) / SDM Andhra Central Revenue Division,QUERY_RAISED,56.0,42.56,76.0,220,180,1,Section 3H disbursement in progress; joint revenue measurement (JGM) completed for 76.0% alignment.
618236,Rehabilitation and Up-gradation of Dhindi - Digamarru section from Km 126/510 to Km 135/740 of NH -214  New NH -216    and digamarru -Losari section from Km 0/000 tp Km 34/230 of NH-214 A  New Nh-216    to two lane with paved shoulder in the state of AP-NH,Andhra Pradesh,Roads & Highways,S.O. 1103(E)/2022,NH_SEC_3D,Competent Authority Land Acquisition (CALA) / SDM Andhra Central Revenue Division,LOOPBACK,43.0,24.94,58.0,600,180,1,CALA Section 3G compensation award disputed in District Court; physical possession stalled for 18.1 Ha.
618037,Rehabilitation and Up-gradation of existin of road from 2-lane to 2-lane with paved shoulders from km. 0.00 to km 53.590 total length-53.590 km of Raychoti to Vempalli section of NH-440 in the State of Andhra Pradesh on EPC mode.,Andhra Pradesh,Roads & Highways,S.O. 3917(E)/2019,NH_SEC_3D,Competent Authority Land Acquisition (CALA) / SDM Andhra Central Revenue Division,LOOPBACK,42.0,21.84,52.0,569,180,1,CALA Section 3G compensation award disputed in District Court; physical possession stalled for 20.2 Ha.
617991,"Rehabilitation and up-gradation of NH-167 from Km 14/900 to Km70/000 Design Ch. 14/900 to 69/700 Chintakunta to Adoni section to two lane with paved shoulders in the State of Andhra Pradesh under Corridor Approach through Engineering, Procurement",Andhra Pradesh,Roads & Highways,S.O. 4771(E)/2019,NH_SEC_3D,Competent Authority Land Acquisition (CALA) / SDM Andhra Central Revenue Division,QUERY_RAISED,66.0,53.46,81.0,220,180,1,Section 3H disbursement in progress; joint revenue measurement (JGM) completed for 81.0% alignment.
618237,Rehabilitation and Up-gradation of Pasarlapudi to Dhindi section from Km 105/170 to Km 126/510 of NH -214 New NH -216 to two lane with paved shoulder in the state of Andhra Pradesh under NHDP-IV,Andhra Pradesh,Roads & Highways,S.O. 2073(E)/2022,NH_SEC_3D,Competent Authority Land Acquisition (CALA) / SDM Andhra Central Revenue Division,LOOPBACK,68.0,46.24,68.0,600,180,1,CALA Section 3G compensation award disputed in District Court; physical possession stalled for 21.8 Ha.
618238,Rehabilitation and Up-gradation of Thimmapuram to Gurajanapalli section from Km 26/150 to Km 41/161 of NH - 214    New NH - 216    to two lane with paved shoulder in the state of Andhra Pradesh under NHDP-IV,Andhra Pradesh,Roads & Highways,S.O. 4622(E)/2022,NH_SEC_3D,Competent Authority Land Acquisition (CALA) / SDM Andhra Central Revenue Division,LOOPBACK,42.0,28.14,67.0,600,180,1,CALA Section 3G compensation award disputed in District Court; physical possession stalled for 13.9 Ha.
618103,Rehabilitation and upgradation from Km 22300 to 58635 of MudireddyPalle to Kadapa/Nellore Border via porumamilla Section of NH 167 Two Lane with paved Shoulder in,Andhra Pradesh,Roads & Highways,S.O. 2843(E)/2023,NH_SEC_3D,Competent Authority Land Acquisition (CALA) / SDM Andhra Central Revenue Division,APPROVED,43.0,43.0,100.0,84,180,0,100% land possession handed over to executing agency under Section 3D/19 mutation certificate.
618194,Rehabilitation and upgradation of New NH 544DD from design Chainage Km. 56/000 to 102/20 of Kalyandrg - Molakalmuru Section,Andhra Pradesh,Roads & Highways,S.O. 2084(E)/2022,NH_SEC_3D,Competent Authority Land Acquisition (CALA) / SDM Molakalmuru Revenue Division,QUERY_RAISED,59.0,43.66,74.0,220,180,1,Section 3H disbursement in progress; joint revenue measurement (JGM) completed for 74.0% alignment.
618125,Rehabilitation and upgradation of NH 326A from km 0/0 to 41/979 excluding km 2/255 to 3/372 and km 36/820 to 38/275 Odisha border to Narasamapeta to two lane with paved Shoulders in the State of Andhra Pradesh under NHO on EPC Mode,Andhra Pradesh,Roads & Highways,S.O. 2391(E)/2023,NH_SEC_3D,Competent Authority Land Acquisition (CALA) / SDM Andhra Central Revenue Division,QUERY_RAISED,71.0,57.51,81.0,180,180,1,Section 3H disbursement in progress; joint revenue measurement (JGM) completed for 81.0% alignment.
618191,"Rehabilitation and upgradation of NH-167AD from Macherla to Dachepalli via Paluvai Junction, Rentachinthala, Gurazala from Km.0.000 to 43.659 to two lane with paved shoulders in the state of Andhra Pradesh job-729",Andhra Pradesh,Roads & Highways,S.O. 1231(E)/2021,NH_SEC_3D,Competent Authority Land Acquisition (CALA) / SDM Andhra Central Revenue Division,QUERY_RAISED,56.0,45.36,81.0,220,180,1,Section 3H disbursement in progress; joint revenue measurement (JGM) completed for 81.0% alignment.
618256,"Rehabilitation and Upgradation to 2-lane with paved should ders Sir, configuration of Chaprathipalem to Lambasingi section Km 165500 to Km 205000 of NH-516E in the State of Andhra Pradesh under Green National Highways Corridor Project GNHCP with the loan assistance of World Bank on EPC mode",Andhra Pradesh,Roads & Highways,S.O. 2392(E)/2019,NH_SEC_3D,Competent Authority Land Acquisition (CALA) / SDM Andhra Central Revenue Division,QUERY_RAISED,52.0,42.64,82.0,220,180,1,Section 3H disbursement in progress; joint revenue measurement (JGM) completed for 82.0% alignment.
618257,Rehabilitation and Upgradation to 2-lane with paved shoulders configuration of Koyyuru to Chaprathipalem section Km 120000 to Km 165500 of NH-516E in the State of Andhra Pradesh under Green National Highways Corridor Project GNHCP with the loan assistance of World Bank on EPC mode,Andhra Pradesh,Roads & Highways,S.O. 3974(E)/2018,NH_SEC_3D,Competent Authority Land Acquisition (CALA) / SDM Andhra Central Revenue Division,QUERY_RAISED,69.0,57.96,84.0,220,180,1,Section 3H disbursement in progress; joint revenue measurement (JGM) completed for 84.0% alignment.
618700,Renigunta - Poyya - Naidupeta km 124.60 to km 183.4 of NH 71,Andhra Pradesh,Roads & Highways,S.O. 4418(E)/2018,NH_SEC_3D,Competent Authority Land Acquisition (CALA) / SDM Andhra Central Revenue Division,LOOPBACK,58.0,42.34,73.0,600,180,1,CALA Section 3G compensation award disputed in District Court; physical possession stalled for 15.7 Ha.
617988,Sangameswaram - Atmakuru section   from Km 96 to Km 124    & Velegodu- Nandyal section   including Nandyal Bypass      from Km 143/6 to 185/9       NH-167K,Andhra Pradesh,Roads & Highways,S.O. 2898(E)/2023,NH_SEC_3D,Competent Authority Land Acquisition (CALA) / SDM Nandyal Revenue Division,APPROVED,63.0,63.0,100.0,74,180,0,100% land possession handed over to executing agency under Section 3D/19 mutation certificate.
619076,Six Laning of Vijayawada Bypass from Chinna Avutapalli to Gollapudi in Vijayawada - Gundugolanu Section from km. 0.00 to km. 30.00 Pkg-III,Andhra Pradesh,Roads & Highways,S.O. 1060(E)/2020,NH_SEC_3D,Competent Authority Land Acquisition (CALA) / SDM Vijayawada Revenue Division,LOOPBACK,40.0,18.0,45.0,600,180,1,CALA Section 3G compensation award disputed in District Court; physical possession stalled for 22.0 Ha.
618527,Six Laning of Vijayawada Bypass from Gollapudi to Chinnakakani in Vijayawada - Gundugolanu Section from km. 30.00 to km. 47.881 Pkg-IV,Andhra Pradesh,Roads & Highways,S.O. 5393(E)/2019,NH_SEC_3D,Competent Authority Land Acquisition (CALA) / SDM Vijayawada Revenue Division,LOOPBACK,48.0,27.84,58.0,600,180,1,CALA Section 3G compensation award disputed in District Court; physical possession stalled for 20.2 Ha.
617949,Tadipatri Bypass Km 0000 to Km 6285 of 4-Lane on NH-67 in Anantapuramu district of AP state under NHO on EPC Mode under Annual Plan 2022-23,Andhra Pradesh,Roads & Highways,S.O. 1342(E)/2020,NH_SEC_3D,Competent Authority Land Acquisition (CALA) / SDM Tadipatri Revenue Division,APPROVED,47.0,47.0,100.0,73,180,0,100% land possession handed over to executing agency under Section 3D/19 mutation certificate.
618258,Two laning with paved shoulders of Gondiguda to Araku uptoBhallaguda section of NH 516E,Andhra Pradesh,Roads & Highways,S.O. 3067(E)/2021,NH_SEC_3D,Competent Authority Land Acquisition (CALA) / SDM Andhra Central Revenue Division,QUERY_RAISED,67.0,51.59,77.0,190,180,1,Section 3H disbursement in progress; joint revenue measurement (JGM) completed for 77.0% alignment.
618255,Two laning with paved shoulders of Lambasingi to Paderusection  of NH 516E,Andhra Pradesh,Roads & Highways,S.O. 1127(E)/2023,NH_SEC_3D,Competent Authority Land Acquisition (CALA) / SDM Andhra Central Revenue Division,QUERY_RAISED,62.0,47.74,77.0,206,180,1,Section 3H disbursement in progress; joint revenue measurement (JGM) completed for 77.0% alignment.
618259,Two laning with paved shoulders of Paderu to GundigudaSection  of NH 516E,Andhra Pradesh,Roads & Highways,S.O. 5402(E)/2019,NH_SEC_3D,Competent Authority Land Acquisition (CALA) / SDM Andhra Central Revenue Division,QUERY_RAISED,67.0,48.24,72.0,188,180,1,Section 3H disbursement in progress; joint revenue measurement (JGM) completed for 72.0% alignment.
618769,Walajahpet/Ranipet to TN/AP Border Section of from Km.106.800 to  Km.133.36 NH-4,Andhra Pradesh,Roads & Highways,S.O. 4099(E)/2023,NH_SEC_3D,Competent Authority Land Acquisition (CALA) / SDM Border Revenue Division,APPROVED,69.0,69.0,100.0,48,180,0,100% land possession handed over to executing agency under Section 3D/19 mutation certificate.
618161,Widening and Reconstruction of existing road to four lane from Km.56400 to Km 120300 i.e. from B.Kothapalli Junction to Gorantla excluding Kadiri Bypass from Km 70200 to Km 77105 of NH 716G in the State of Andhra Pradesh on EPC mode Job no. 742,Andhra Pradesh,Roads & Highways,S.O. 3252(E)/2020,NH_SEC_3D,Competent Authority Land Acquisition (CALA) / SDM Kadiri Revenue Division,APPROVED,72.0,72.0,100.0,69,180,0,100% land possession handed over to executing agency under Section 3D/19 mutation certificate.
618193,Widening of Existing Road to Two Lane with Paved Shoulder Configuration from Km 0.00 to 26.000 & Km 45.200 To 59.622 Of NH 365BB in the State of Andhra Pradesh Under Annual Plan 2023-24 through EPC Mode,Andhra Pradesh,Roads & Highways,S.O. 3886(E)/2018,NH_SEC_3D,Competent Authority Land Acquisition (CALA) / SDM Andhra Central Revenue Division,APPROVED,46.0,46.0,100.0,96,180,0,100% land possession handed over to executing agency under Section 3D/19 mutation certificate.
618145,Widening to two lane with paved shoulder of Rampachodavaram - Koyyuru section of NH 516E from Km 43700 to Km 113820  in the State of Andhra Pradesh on EPC mode Job No. 737,Andhra Pradesh,Roads & Highways,S.O. 3345(E)/2018,NH_SEC_3D,Competent Authority Land Acquisition (CALA) / SDM Andhra Central Revenue Division,QUERY_RAISED,50.0,37.5,75.0,220,180,1,Section 3H disbursement in progress; joint revenue measurement (JGM) completed for 75.0% alignment.
617985,Widening to two lane with paved shoulders from Km 0/0 to 64/020 Pamarru to Akiveedu,Andhra Pradesh,Roads & Highways,S.O. 1696(E)/2021,NH_SEC_3D,Competent Authority Land Acquisition (CALA) / SDM Andhra Central Revenue Division,LOOPBACK,46.0,23.46,51.0,600,180,1,CALA Section 3G compensation award disputed in District Court; physical possession stalled for 22.5 Ha.
618033,4-Laning of Itanagar to Bandardewa section of NH-415from km 40430 to km 51735 Package-Bon EPC Mode in the state of Arunachal Pradesh Job NO. 415/Ar. P/2020-21/031,Arunachal Pradesh,Roads & Highways,S.O. 3367(E)/2019,NH_SEC_3D,Competent Authority Land Acquisition (CALA) / SDM Arunachal Central Revenue Division,QUERY_RAISED,72.0,55.44,77.0,220,180,1,Section 3H disbursement in progress; joint revenue measurement (JGM) completed for 77.0% alignment.
617892,Construction of 2-lane road of Potin to Pangin section of NH-13 from Km 163.59 to Km 206.66 Package-5 on EPC Mode in the State of Arunachal Pradesh under Arunachal Pradesh Package of Roads and Highways of SARDP-NE [Job No SARDP-NE/P-P/Pkg-A/NH-13/Ar.Pr./PWD/2018-19/116],Arunachal Pradesh,Roads & Highways,S.O. 5402(E)/2019,NH_SEC_3D,Competent Authority Land Acquisition (CALA) / SDM Arunachal Central Revenue Division,APPROVED,52.0,52.0,100.0,87,180,0,100% land possession handed over to executing agency under Section 3D/19 mutation certificate.
618445,Construction of 2-Laning with hard shoulders of Demwe-Brahmakund section of NH-13 from Ch.0.00 km to 18.464 km on EPC under SARDP-NE NHO-NE -Balance Work,Arunachal Pradesh,Roads & Highways,S.O. 3079(E)/2020,NH_SEC_3D,Competent Authority Land Acquisition (CALA) / SDM Arunachal Central Revenue Division,APPROVED,54.0,54.0,100.0,80,180,0,100% land possession handed over to executing agency under Section 3D/19 mutation certificate.
618424,Construction of 2-Laning with hard shoulders of Hayuliang Hawai bypass Road on EPC basis from design Km. 51.825 to Km. 63.131 Existing Km 45.050 of HayuliangHawai road to Hawai Town under SARDP-NE -Balance work Pkg - IV,Arunachal Pradesh,Roads & Highways,S.O. 3568(E)/2023,NH_SEC_3D,Competent Authority Land Acquisition (CALA) / SDM Arunachal Central Revenue Division,LOOPBACK,68.0,42.84,63.0,600,180,1,CALA Section 3G compensation award disputed in District Court; physical possession stalled for 25.2 Ha.
618433,Construction of Balance work of 2-Lane with PS of Joram  Koloriang Road from existing Km122.600 to km138.00 [Design Km108.724 to Km123.714] in Arunachal Pradesh on EPC Mode under SARDP-NE Pkg-7,Arunachal Pradesh,Roads & Highways,S.O. 1573(E)/2018,NH_SEC_3D,Competent Authority Land Acquisition (CALA) / SDM Arunachal Central Revenue Division,LOOPBACK,58.0,27.84,48.0,600,180,1,CALA Section 3G compensation award disputed in District Court; physical possession stalled for 30.2 Ha.
618432,Construction of Balance work of 2-Lane with PS of Joram-Koloriang Road NH-713 on EPC basis from Design Km 44.989 to Km 61.547 Existing Km 50.050 to Km 70.000 in the state of Arunachal Pradesh under SARDP-NE Pkg-3,Arunachal Pradesh,Roads & Highways,S.O. 3732(E)/2021,NH_SEC_3D,Competent Authority Land Acquisition (CALA) / SDM Arunachal Central Revenue Division,QUERY_RAISED,62.0,50.84,82.0,220,180,1,Section 3H disbursement in progress; joint revenue measurement (JGM) completed for 82.0% alignment.
618405,"Construction of Intermediate Lane of Pango to Jorging Road from 0000 to Design Km Design Km 40000 Design Length 40.00 Km, Pkg-l, Greenfield Alignment in the State of Arunachal Pradesh on EPC mode Pkg-1",Arunachal Pradesh,Roads & Highways,S.O. 3706(E)/2021,NH_SEC_3D,Competent Authority Land Acquisition (CALA) / SDM Arunachal Central Revenue Division,APPROVED,56.0,56.0,100.0,53,180,0,100% land possession handed over to executing agency under Section 3D/19 mutation certificate.
618403,Construction of Intermediate Lane Road with hard shoulder from design Km 0.000 to Km 17.387 Total length 17.387 km of Hunli to Ithun Bridge section on NH-913 Frontier Highway in State of Arunachal Pradesh on EPC mode under NHO-NE,Arunachal Pradesh,Roads & Highways,S.O. 2945(E)/2022,NH_SEC_3D,Competent Authority Land Acquisition (CALA) / SDM Arunachal Central Revenue Division,APPROVED,65.0,65.0,100.0,80,180,0,100% land possession handed over to executing agency under Section 3D/19 mutation certificate.
618402,"Construction of Intermediate Lane with Hard Shoulder of Hunli to Hayuliang from Design Km 0.000 to Km 53.000 Design Length 53.000 km, Greenfield Section of Frontier Highway NH-913 in the State of Arunachal Pradesh on EPC Mode Package-I",Arunachal Pradesh,Roads & Highways,S.O. 3891(E)/2020,NH_SEC_3D,Competent Authority Land Acquisition (CALA) / SDM Greenfield Revenue Division,APPROVED,71.0,71.0,100.0,89,180,0,100% land possession handed over to executing agency under Section 3D/19 mutation certificate.
618401,"Construction of Intermediate Lane with Hard Shoulder of Hunli to Hayuliang Package-III from design Km 60.000 to Km 121.500 Design Length 61.500 km, Greenfield Section of Frontier Highway NH-913 in the State of Arunachal Pradesh on EPC Mode Pkg-3",Arunachal Pradesh,Roads & Highways,S.O. 1600(E)/2021,NH_SEC_3D,Competent Authority Land Acquisition (CALA) / SDM Greenfield Revenue Division,APPROVED,55.0,55.0,100.0,110,180,0,100% land possession handed over to executing agency under Section 3D/19 mutation certificate.
618404,Construction of lntermediate Lane Road with hard shoulder from design chainage Km 0.000 to Km 53.040 Existing Length68.500 Km & Total Design length 53.04 km of Tato to Monigong section of NH-913 Frontier Highway on Nafra Bomdila to Vijaynagar along China border in state of Arunachal pradesh on EPC mode,Arunachal Pradesh,Roads & Highways,S.O. 2892(E)/2021,NH_SEC_3D,Competent Authority Land Acquisition (CALA) / SDM Arunachal Central Revenue Division,APPROVED,62.0,62.0,100.0,96,180,0,100% land possession handed over to executing agency under Section 3D/19 mutation certificate.
619014,"lmprovement and Widening to 2 lane with paved Shoulder of NH-15 old NH-52 from Existing Km 770.600 Design Km 24.819 to Existing km 805.750 Design Km 59.885 Kamlang T-Junction to Chowkham, Existing Length 35.150 Km, Design Length-35.066 Km in the state of Arunachal Pradesh on EPC mode Pkg-2",Arunachal Pradesh,Roads & Highways,S.O. 2098(E)/2018,NH_SEC_3D,Competent Authority Land Acquisition (CALA) / SDM Arunachal Central Revenue Division,APPROVED,43.0,43.0,100.0,87,180,0,100% land possession handed over to executing agency under Section 3D/19 mutation certificate.
619248,"lmprovement and Widening to 2-lane with Paved Shoulder of NH-13 & 15 Old NH-52 from Existing Km 745.60 Design Km 0.000 to Existing km 770.600 Design Km 24.819 Brahmakund T-junction to Kamlang T-Junction, Existing Length 25.00 Km, Design Length 24.819 Km in the state of Arunachal Pradesh on EPC mode Pkg-1",Arunachal Pradesh,Roads & Highways,S.O. 1240(E)/2018,NH_SEC_3D,Competent Authority Land Acquisition (CALA) / SDM Arunachal Central Revenue Division,APPROVED,70.0,70.0,100.0,48,180,0,100% land possession handed over to executing agency under Section 3D/19 mutation certificate.
618434,Roing-Hunli Road Greenfield Alignment Project,Arunachal Pradesh,Roads & Highways,S.O. 1497(E)/2021,NH_SEC_3D,Competent Authority Land Acquisition (CALA) / SDM Arunachal Central Revenue Division,LOOPBACK,67.0,41.54,62.0,600,180,1,CALA Section 3G compensation award disputed in District Court; physical possession stalled for 25.5 Ha.
618359,Widening/Improvement to 4-Lane with Paved Shoulder from km 55000 Nagabang Gamsuk to km 82514 Oyan in the State of Assam and Arunachal Pradesh on EPC mode under Bharatmala Pariyojna of Length 27.514 Km Package-3,Arunachal Pradesh,Roads & Highways,S.O. 2302(E)/2018,NH_SEC_3D,Competent Authority Land Acquisition (CALA) / SDM Arunachal Central Revenue Division,APPROVED,52.0,52.0,100.0,59,180,0,100% land possession handed over to executing agency under Section 3D/19 mutation certificate.
618958,2L with ES of Yagyi - Kalewa section from Milepost 40/0 to Milepost 115/5 in Myanmar,Assam,Roads & Highways,S.O. 5053(E)/2022,NH_SEC_3D,Competent Authority Land Acquisition (CALA) / SDM Assam Central Revenue Division,LOOPBACK,73.0,35.04,48.0,600,180,1,CALA Section 3G compensation award disputed in District Court; physical possession stalled for 38.0 Ha.
618282,4-L Bilasipara-Guwahati Package-10,Assam,Roads & Highways,S.O. 1779(E)/2019,NH_SEC_3D,Competent Authority Land Acquisition (CALA) / SDM Assam Central Revenue Division,QUERY_RAISED,44.0,39.16,89.0,150,180,1,Section 3H disbursement in progress; joint revenue measurement (JGM) completed for 89.0% alignment.
618283,4-L Bilasipara-Guwahati Package-9,Assam,Roads & Highways,S.O. 3633(E)/2021,NH_SEC_3D,Competent Authority Land Acquisition (CALA) / SDM Assam Central Revenue Division,QUERY_RAISED,48.0,39.84,83.0,153,180,1,Section 3H disbursement in progress; joint revenue measurement (JGM) completed for 83.0% alignment.
618435,4-Laning from Rangagara to Kaliabor Tiniali from km 297.00 to km 315.315 of NH-37 on EPC basis under SARDP-NE in state of Assam,Assam,Roads & Highways,S.O. 4497(E)/2020,NH_SEC_3D,Competent Authority Land Acquisition (CALA) / SDM Assam Central Revenue Division,LOOPBACK,47.0,29.14,62.0,600,180,1,CALA Section 3G compensation award disputed in District Court; physical possession stalled for 17.9 Ha.
618314,4-Laning of Dhanehari Lailapur / Vairengte section from Existing Chainage km 12920 to km 43000 of NH 306 Design Chainage km 20000 to km 49360 on Silchar - Vairengte Sairang road in the State of Assam under Bharatmala Pariyojna on EPC mode. Project Length 29.360 km under NHO-NE Package-2,Assam,Roads & Highways,S.O. 1320(E)/2019,NH_SEC_3D,Competent Authority Land Acquisition (CALA) / SDM Assam Central Revenue Division,APPROVED,60.0,60.0,100.0,78,180,0,100% land possession handed over to executing agency under Section 3D/19 mutation certificate.
618436,4-Laning of Jamugurihat to end of Biswanath Chariali By-Pass from Km 182.000 to Km 208.000 of NH-52 on EPC mode in state of Assam under SARDP-NE,Assam,Roads & Highways,S.O. 5190(E)/2020,NH_SEC_3D,Competent Authority Land Acquisition (CALA) / SDM Assam Central Revenue Division,LOOPBACK,45.0,29.25,65.0,600,180,1,CALA Section 3G compensation award disputed in District Court; physical possession stalled for 15.7 Ha.
618438,"4-Laning of NH-37 Section between Demow to End of Moran Bypass From Km. 534.800 to Km. 561.700 including Emergency Landing Facility ELF under SARDP-NE, Phase 'A' in the State of Assam on EPC mode",Assam,Roads & Highways,S.O. 2304(E)/2018,NH_SEC_3D,Competent Authority Land Acquisition (CALA) / SDM Moran Revenue Division,QUERY_RAISED,54.0,39.96,74.0,204,180,1,Section 3H disbursement in progress; joint revenue measurement (JGM) completed for 74.0% alignment.
618315,4-Laning of Silchar - Dhanehari section from Existing Chainage km 263800 of NH 37 to km 12920 of NH 306 Design Chainage km 0000 to km 20000 on Silchar - Vairengte - Sairang road in the State of Assam under Bharatmala Pariyojna on EPC mode Package-1,Assam,Roads & Highways,S.O. 3382(E)/2022,NH_SEC_3D,Competent Authority Land Acquisition (CALA) / SDM Assam Central Revenue Division,APPROVED,57.0,57.0,100.0,67,180,0,100% land possession handed over to executing agency under Section 3D/19 mutation certificate.
618575,"6L Standalone Flyovers at Bongaigaon, Chapaguri, Pathsala, Simlaguri chowk and Baihata Bypass Junctions on stretches of NH-31 and NH-27",Assam,Roads & Highways,S.O. 3179(E)/2019,NH_SEC_3D,Competent Authority Land Acquisition (CALA) / SDM Baihata Revenue Division,APPROVED,69.0,69.0,100.0,78,180,0,100% land possession handed over to executing agency under Section 3D/19 mutation certificate.
618576,"6L Standalone Flyovers at Raha, Demow, Borghat, Kathiatali junctions and ROB at Jagiroad on stretches of NH 36 and NH 27",Assam,Roads & Highways,S.O. 3946(E)/2021,NH_SEC_3D,Competent Authority Land Acquisition (CALA) / SDM Assam Central Revenue Division,APPROVED,56.0,56.0,100.0,49,180,0,100% land possession handed over to executing agency under Section 3D/19 mutation certificate.
619089,Balance work of 4L of NarimbangloJatinga Junction- Harangajoroad section from Km 0.000 to Km 49.230 of NH-27,Assam,Roads & Highways,S.O. 4269(E)/2019,NH_SEC_3D,Competent Authority Land Acquisition (CALA) / SDM Assam Central Revenue Division,APPROVED,69.0,69.0,100.0,58,180,0,100% land possession handed over to executing agency under Section 3D/19 mutation certificate.
618289,Construction and up gradation to 4-Lane of existing two lane with paved shoulder from Hapachara to Tulungia road of NH-117 of existing Km 0.00 to km 14.050 and Design Km 0.000 to km 14.660 under BMP on EPC mode,Assam,Roads & Highways,S.O. 2160(E)/2021,NH_SEC_3D,Competent Authority Land Acquisition (CALA) / SDM Assam Central Revenue Division,QUERY_RAISED,60.0,42.0,70.0,220,180,1,Section 3H disbursement in progress; joint revenue measurement (JGM) completed for 70.0% alignment.
618034,Construction of 2 lane Barpeta Bypass from Km 77900Baradi to Km 86150 Deurikuchi Length8.25Km on NH-427 in the state of Assam under EPC ModeJob No.427/AS/2022-23/245,Assam,Roads & Highways,S.O. 1232(E)/2023,NH_SEC_3D,Competent Authority Land Acquisition (CALA) / SDM Barpeta Revenue Division,APPROVED,62.0,62.0,100.0,100,180,0,100% land possession handed over to executing agency under Section 3D/19 mutation certificate.
618160,"Construction of 2 lane Major Bridge including approaches over Brahmaputra between Majuli on North Bank and Jorhat on South Bank from km. 11.690 to km. 19.715 length of bridge 6,812.5m Package - II on NH-715K in the state of Assam Job no. 715/AS/2020-21/213",Assam,Roads & Highways,S.O. 4234(E)/2019,NH_SEC_3D,Competent Authority Land Acquisition (CALA) / SDM Assam Central Revenue Division,APPROVED,54.0,54.0,100.0,89,180,0,100% land possession handed over to executing agency under Section 3D/19 mutation certificate.
617896,"Construction of 4 lane Gauripur Bypass Starting bfrom Km 852.56 of NH-31Dumardoha Pt-II and Terminating at Km 862.17 Baladmara via. Khudimari Pt.- II, Fulkumari, Charaldanga, Sajuakuti,Geramari Pt.-III and finally meeting at km 862.17 of NH-17New/ NH-31Old in the State of Assam under EPC Mode Job no. 31/AS/ 2023-24/265",Assam,Roads & Highways,S.O. 2861(E)/2020,NH_SEC_3D,Competent Authority Land Acquisition (CALA) / SDM Gauripur Revenue Division,APPROVED,51.0,51.0,100.0,85,180,0,100% land possession handed over to executing agency under Section 3D/19 mutation certificate.
619057,Construction of 4-Lane Badarpur Bypass from Design Chainage km 27300 at crossing with NH-6 Old NH-44 Near Siddeswar Pt.-I Village to Design Chainage km 38600 on NH-37 Old NH-44 at Kandigram Chaita Village on Silchar - Churaibari stretch in the State of Assam on EPC Mode under Bharatmala Pariyojana in Economic Corridors Silchar- Churaibari Pkg-3,Assam,Roads & Highways,S.O. 2581(E)/2023,NH_SEC_3D,Competent Authority Land Acquisition (CALA) / SDM Badarpur Revenue Division,APPROVED,46.0,46.0,100.0,100,180,0,100% land possession handed over to executing agency under Section 3D/19 mutation certificate.
618373,"Construction of 4-Lane Bridge including approaches over River Brahmaputra between Dhubri on North Bank,Assam and Phulbari on south Bank,Meghalaya on NH-127B under JICA ODA Loan assistance Phase-III",Assam,Roads & Highways,S.O. 5038(E)/2020,NH_SEC_3D,Competent Authority Land Acquisition (CALA) / SDM Assam Central Revenue Division,APPROVED,58.0,58.0,100.0,110,180,0,100% land possession handed over to executing agency under Section 3D/19 mutation certificate.
618308,Construction of 4-Lane Panchgram Bypass from Design Chainage km 15500 on NH-37 Old NH-53 at Kalinagar Pt.-I Village to Design Chainage km 27300 at crossing with NH-6 Old NH-44 Near Siddeswar Pt.-I Village on Silchar - Churaibari stretch in the State of Assam on EPC Mode under Bharatmala Pariyojana in Economic Corridors Silchar- Churaibari Package-2,Assam,Roads & Highways,S.O. 1813(E)/2020,NH_SEC_3D,Competent Authority Land Acquisition (CALA) / SDM Panchgram Revenue Division,APPROVED,53.0,53.0,100.0,59,180,0,100% land possession handed over to executing agency under Section 3D/19 mutation certificate.
618330,Construction of 4/6 Laning from existing Km 159.400 of NH-36 to existing Km 102.500 of NH-39 and upto end point of Assam portion [Design Km 118.050 to design Km 132.375] Total New Alignment length of 14.325 Km  of Daboka -Dimapur Section Dimapur Bypass in the state of Assam under SARDP-NE 'Phase-A' on EPC mode Assam Portion,Assam,Roads & Highways,S.O. 5126(E)/2019,NH_SEC_3D,Competent Authority Land Acquisition (CALA) / SDM Dimapur Revenue Division,QUERY_RAISED,41.0,31.16,76.0,220,180,1,Section 3H disbursement in progress; joint revenue measurement (JGM) completed for 76.0% alignment.
618437,"Construction of Balance Work of 4-Laning of NH-37 Section between End of Moran Bypass to Bogibeel junction near Lapetketa Km. 561.700-Km. 580.875 under SARDP-NE, Phase 'A' in the State of Assam on EPC mode Pkg-I Road works & Toll Plaza",Assam,Roads & Highways,S.O. 4380(E)/2018,NH_SEC_3D,Competent Authority Land Acquisition (CALA) / SDM Moran Revenue Division,APPROVED,40.0,40.0,100.0,94,180,0,100% land possession handed over to executing agency under Section 3D/19 mutation certificate.
618441,"Construction of Balance Work of 4-Laning of the Section from Jhanji to Demow of NH-37 Old from Km 490.800 to Km 501.800 11.000 Km, under SARDP- NE under EPC Mode in the state of Assam Pkg-I Road Works",Assam,Roads & Highways,S.O. 5307(E)/2020,NH_SEC_3D,Competent Authority Land Acquisition (CALA) / SDM Assam Central Revenue Division,QUERY_RAISED,62.0,47.74,77.0,161,180,1,Section 3H disbursement in progress; joint revenue measurement (JGM) completed for 77.0% alignment.
618440,"Construction of Balance Work of 4-Laning of the Section from Jhanji to Demow of NH-37 Old from Km 490.800 to Km 534.800, under SARDP- NE on EPC Mode in the state of Assam Pkg- IV Structures & Toll Plaza",Assam,Roads & Highways,S.O. 4561(E)/2018,NH_SEC_3D,Competent Authority Land Acquisition (CALA) / SDM Assam Central Revenue Division,QUERY_RAISED,46.0,32.66,71.0,153,180,1,Section 3H disbursement in progress; joint revenue measurement (JGM) completed for 71.0% alignment.
619013,"Construction of Balance Work of 4-Laning of the Section from Jhanji to Demow of NH-37 Old from Km 501.800 to Km 514.800 13.000 Km, under SARDP- NE under EPC Mode in the state of Assam Pkg-II Road Works",Assam,Roads & Highways,S.O. 5373(E)/2020,NH_SEC_3D,Competent Authority Land Acquisition (CALA) / SDM Assam Central Revenue Division,APPROVED,53.0,53.0,100.0,69,180,0,100% land possession handed over to executing agency under Section 3D/19 mutation certificate.
619060,"Construction of Balance Work of 4-Laning of the Section from Jhanji to Demow of NH-37 Old from Km 514.800 to Km 534.800 20.000 Km, under SARDP- NE under EPC Mode in the state of Assam Pkg-III Road Works",Assam,Roads & Highways,S.O. 2839(E)/2021,NH_SEC_3D,Competent Authority Land Acquisition (CALA) / SDM Assam Central Revenue Division,QUERY_RAISED,64.0,56.96,89.0,161,180,1,Section 3H disbursement in progress; joint revenue measurement (JGM) completed for 89.0% alignment.
618439,"Construction of Balance Work of 4-Laning of the Section from Jorhat to Jhanji of NH-37 Old  from Km 453000 to Km 463000 10.000 Km, under SARDP- NE under EPC Mode in the state of Assam Pkg-I Road Works",Assam,Roads & Highways,S.O. 4220(E)/2022,NH_SEC_3D,Competent Authority Land Acquisition (CALA) / SDM Assam Central Revenue Division,QUERY_RAISED,50.0,35.0,70.0,220,180,1,Section 3H disbursement in progress; joint revenue measurement (JGM) completed for 70.0% alignment.
618444,"Construction of Balance Work of the 4-Laning of the Section from Jorhat to Jhanji of NH-37 Old  from Km 453.000 to Km 490.800, under SARDP- NE , under EPC Mode in the state of Assam  Pkg-IV Structures & Toll Plaza",Assam,Roads & Highways,S.O. 1361(E)/2020,NH_SEC_3D,Competent Authority Land Acquisition (CALA) / SDM Assam Central Revenue Division,QUERY_RAISED,56.0,39.76,71.0,220,180,1,Section 3H disbursement in progress; joint revenue measurement (JGM) completed for 71.0% alignment.
618443,"Construction of Balance Work of the 4-Laning of the Section from Jorhat to Jhanji of NH-37 Old from Km 463.00 to Km 477.000 14.000 Km, under SARDP- NE under EPC Mode in the state of Assam Pkg-II Road Works",Assam,Roads & Highways,S.O. 4473(E)/2022,NH_SEC_3D,Competent Authority Land Acquisition (CALA) / SDM Assam Central Revenue Division,QUERY_RAISED,43.0,35.69,83.0,220,180,1,Section 3H disbursement in progress; joint revenue measurement (JGM) completed for 83.0% alignment.
618442,"Construction of Balance Work of the 4-Laning of the Section from Jorhat to Jhanji of NH-37 Old from Km 477.000 to Km 490800 13.800 Km, under SARDP- NE under EPC Mode in the state of Assam Pkg-III Road Works",Assam,Roads & Highways,S.O. 3167(E)/2019,NH_SEC_3D,Competent Authority Land Acquisition (CALA) / SDM Assam Central Revenue Division,QUERY_RAISED,67.0,51.59,77.0,220,180,1,Section 3H disbursement in progress; joint revenue measurement (JGM) completed for 77.0% alignment.
617895,Construction of Mangaldoi Bypass NH-15 starting at Ch 26400 and terminating at Ch 41505 under Rangia NH Division  L 15.105 Km in the State of Assam. Job No. 15/AS/2021-22/234,Assam,Roads & Highways,S.O. 1745(E)/2023,NH_SEC_3D,Competent Authority Land Acquisition (CALA) / SDM Mangaldoi Revenue Division,QUERY_RAISED,40.0,30.0,75.0,220,180,1,Section 3H disbursement in progress; joint revenue measurement (JGM) completed for 75.0% alignment.
618159,"Construction of new 2 Lane with paved shoulders of NH Standards from km 0.080 to km 11.690 L11.610 km in Majuli and from km 19.715 to km 27.484 L 7.769 km in Jorhat on the newly declared NH 715K and construction of 1.10 km flyover on NH-715 with its approaches and service roads L1.10 km, Total Length  20.479 km in the State of Assam Job No. 715K/AS/2023-24/256",Assam,Roads & Highways,S.O. 3036(E)/2020,NH_SEC_3D,Competent Authority Land Acquisition (CALA) / SDM Assam Central Revenue Division,APPROVED,51.0,51.0,100.0,77,180,0,100% land possession handed over to executing agency under Section 3D/19 mutation certificate.
618286,Construction of New 2-Lane Bridge with its approaches from km 0000 to Km 4385 across River Brahmaputra on NH-17 at Jogighopa in Assam on EPC mode,Assam,Roads & Highways,S.O. 3981(E)/2018,NH_SEC_3D,Competent Authority Land Acquisition (CALA) / SDM Assam Central Revenue Division,QUERY_RAISED,66.0,46.86,71.0,220,180,1,Section 3H disbursement in progress; joint revenue measurement (JGM) completed for 71.0% alignment.
618455,Development of External Trunk Connectivity and Internal Infrastructure Works at Multi Model Logistics ParkMMLP at Jogighopa in the State of Assam on EPC Mode Package-I Road and Utility Works,Assam,Roads & Highways,S.O. 2379(E)/2021,NH_SEC_3D,Competent Authority Land Acquisition (CALA) / SDM Assam Central Revenue Division,LOOPBACK,69.0,51.06,74.0,600,180,1,CALA Section 3G compensation award disputed in District Court; physical possession stalled for 17.9 Ha.
618325,Dillai to Lahorijan Package-7,Assam,Roads & Highways,S.O. 2600(E)/2018,NH_SEC_3D,Competent Authority Land Acquisition (CALA) / SDM Assam Central Revenue Division,QUERY_RAISED,40.0,28.0,70.0,220,180,1,Section 3H disbursement in progress; joint revenue measurement (JGM) completed for 70.0% alignment.
618454,"Earthwork in Formation, Road Work, Construction of Bridges, Blanketing, P. Way Linking works including Supply of P. Way Fittings and Track Ballast in connection with Construction of Railway Siding from Jogighopa Railway Station to MMLP at Jogighopa from Ch. 00 to 3760 on Item Rate basis Package -3, Railway Siding from Jogighopa Railway Station to MMLP",Assam,Roads & Highways,S.O. 1586(E)/2022,NH_SEC_3D,Competent Authority Land Acquisition (CALA) / SDM Assam Central Revenue Division,LOOPBACK,41.0,25.01,61.0,600,180,1,CALA Section 3G compensation award disputed in District Court; physical possession stalled for 16.0 Ha.
618934,Guwahati Ring Road in the State of Assam,Assam,Roads & Highways,S.O. 1743(E)/2020,NH_SEC_3D,Competent Authority Land Acquisition (CALA) / SDM Assam Central Revenue Division,APPROVED,68.0,68.0,100.0,50,180,0,100% land possession handed over to executing agency under Section 3D/19 mutation certificate.
618331,lmprovement to 4-Lane with Paved Shoulder from existing km 260000 Design Ch.4560 km to existing km Ch.233000 D. Ch.24560 of Silchar near Nutan Dayapur village - Budha Nagar Section Length-20.00 Km of NH-37 under Package Silchar-Jiribam Pkg-1 in the state of Assam on HAM Mode,Assam,Roads & Highways,S.O. 1829(E)/2021,NH_SEC_3D,Competent Authority Land Acquisition (CALA) / SDM Nagar Revenue Division,APPROVED,74.0,74.0,100.0,100,180,0,100% land possession handed over to executing agency under Section 3D/19 mutation certificate.
618354,Wideinig & Upgradation to 2-lanes with paved shoulders road from Tamenglong to Mahur NH-137 in the State of Assam starting from km 96.870 near Jiri River to km 116.550 near Hangrum Package-7 on EPC mode Package7,Assam,Roads & Highways,S.O. 2638(E)/2018,NH_SEC_3D,Competent Authority Land Acquisition (CALA) / SDM Assam Central Revenue Division,QUERY_RAISED,63.0,55.44,88.0,158,180,1,Section 3H disbursement in progress; joint revenue measurement (JGM) completed for 88.0% alignment.
618352,Widening & Upgradation to 2 lanes with paved shoulders road from Tamenglong to Mahur NH-137 in the State of Assam starting from km 136.500 near Hejaichak to km 156.489 near P. Leikul Package-9 on EPC mode under  NHO-NE Package-9,Assam,Roads & Highways,S.O. 1673(E)/2020,NH_SEC_3D,Competent Authority Land Acquisition (CALA) / SDM Assam Central Revenue Division,QUERY_RAISED,63.0,52.29,83.0,160,180,1,Section 3H disbursement in progress; joint revenue measurement (JGM) completed for 83.0% alignment.
618351,Widening & Upgradation to 2 lanes with paved shoulders road from Tamenglong to Mahur NH-137 in the State of Assam starting from km 156.489 near P. Leikul to km 176.410 near Borowapu on EPC mode under NHO-NE Assam portion Package-10,Assam,Roads & Highways,S.O. 4236(E)/2021,NH_SEC_3D,Competent Authority Land Acquisition (CALA) / SDM Assam Central Revenue Division,QUERY_RAISED,66.0,56.76,86.0,206,180,1,Section 3H disbursement in progress; joint revenue measurement (JGM) completed for 86.0% alignment.
618353,Widening & Upgradation to 2-lanes with paved shoulders road from  Tamenglong to Mahur NH-137 in the State of Assam starting from km 116.480  near Hangrum to km 136.500 near Hejaichak Package-8 on EPC mode under  NHO-NE Package 8,Assam,Roads & Highways,S.O. 3916(E)/2019,NH_SEC_3D,Competent Authority Land Acquisition (CALA) / SDM Assam Central Revenue Division,QUERY_RAISED,46.0,39.56,86.0,206,180,1,Section 3H disbursement in progress; joint revenue measurement (JGM) completed for 86.0% alignment.
618372,"Widening / Improvement to 4-Lane with Paved Shoulder  configuration of existing single lane road from Kachukhana Harichara  Paglagaunj to Dhubri - Phulbari Bridge approach Package-II of  Srirampur - Dhubri Section of NH-127B from existing Km 28.050 to Km  55.060 Design Km 27.650 to Km 54.154, Design Length26.504 Km under JICA ODA Loan assistance Phase-V [Srirampur - Dhubri Pkg-2]",Assam,Roads & Highways,S.O. 4164(E)/2022,NH_SEC_3D,Competent Authority Land Acquisition (CALA) / SDM Dhubri Revenue Division,APPROVED,69.0,69.0,100.0,45,180,0,100% land possession handed over to executing agency under Section 3D/19 mutation certificate.
618339,Widening/Improvement to 2-Lane Lane with Paved Shoulder from km 16900 Bogapani to km 27150 Golai Goan on existing Dibrugarh to Ledo section with proposed Digboi Bypass Green Field and Brownfield 2-LanePS of NH-315 OLD NH-38 in Tinsukia District under NHO- NE Package-4,Assam,Roads & Highways,S.O. 1664(E)/2018,NH_SEC_3D,Competent Authority Land Acquisition (CALA) / SDM Digboi Revenue Division,QUERY_RAISED,59.0,43.66,74.0,192,180,1,Section 3H disbursement in progress; joint revenue measurement (JGM) completed for 74.0% alignment.
618285,Widening/Improvement to 4 -Lane with Paved Shoulder from Ch. 88.000km to Ch.99.930 km Design Ch.84.100km to Ch.96.000 km of Sagunbashi forest near Nichinta to starting of Krishnai Bypass Section of Bilasipura Guwahati road NH 17 on EPC Package-7,Assam,Roads & Highways,S.O. 2502(E)/2022,NH_SEC_3D,Competent Authority Land Acquisition (CALA) / SDM Krishnai Revenue Division,APPROVED,52.0,52.0,100.0,70,180,0,100% land possession handed over to executing agency under Section 3D/19 mutation certificate.
618371,"Widening/Improvement to 4-Lane with Paved Shoulder configuration of existing single lane road from Srirampur near Bhairiguri Village to Kachukhana Harichara Paglagaunj Package-I of Srirampur - Dhubri Section of NH-127B from existing Km 0.000 to Km 28.050 Design Km 0.000 to Km 27.650, Design Length27.650 Km under JICA ODA Loan assistance Phase-V -Balance work",Assam,Roads & Highways,S.O. 4887(E)/2018,NH_SEC_3D,Competent Authority Land Acquisition (CALA) / SDM Dhubri Revenue Division,APPROVED,47.0,47.0,100.0,91,180,0,100% land possession handed over to executing agency under Section 3D/19 mutation certificate.
618287,"Widening/Improvement to 4-Lane with paved Shoulder from Ch. 25.633 Km to Ch. 52.470 Km Design Ch. 21.850 Km to Ch.48.670 Km for Package-2 of Bilasipura- Guwahati road NH-17 Section Near Mowatari, before Chapar Bypass to Tulungia junction with NH-17 in the state of Assam on HAM mode under NHO-NE Package-2",Assam,Roads & Highways,S.O. 1032(E)/2018,NH_SEC_3D,Competent Authority Land Acquisition (CALA) / SDM Chapar Revenue Division,APPROVED,67.0,67.0,100.0,100,180,0,100% land possession handed over to executing agency under Section 3D/19 mutation certificate.
618327,Widening/Improvement to 4-Lane with Paved Shoulder from KM 113300 to Km 146230 Design Chainage 113830 to 145712 of Kwaram Taro Village - Dillai Section in Assam on EPC Package-6,Assam,Roads & Highways,S.O. 4863(E)/2023,NH_SEC_3D,Competent Authority Land Acquisition (CALA) / SDM Dillai Revenue Division,QUERY_RAISED,63.0,45.99,73.0,137,180,1,Section 3H disbursement in progress; joint revenue measurement (JGM) completed for 73.0% alignment.
618326,Widening/Improvement to 4-Lane with Paved Shoulder from KM 38500 to Km 51246 Design Chainage 38500 to 50959 with proposed Daboka Bypass of Daboka-Parokhaowa of NH 29 on EPC under NHO-NE Package-1,Assam,Roads & Highways,S.O. 5240(E)/2019,NH_SEC_3D,Competent Authority Land Acquisition (CALA) / SDM Daboka Revenue Division,APPROVED,55.0,55.0,100.0,53,180,0,100% land possession handed over to executing agency under Section 3D/19 mutation certificate.
618340,Widening/Improvement to 4-Lane with Paved Shoulder from km 626030 Nalani hulla Gaon to km 650450 Chotahapjan on existing Tinsukhia -Makum Bypass of NH-15 OLD NH-37 and Strengthening of existing NH-315 OLD NH-38 from Km 0000 Chotahapjan to Km 16900 Bogapani section 2-Lane PS in Assam on EPCMode under NHO-NE Package-3,Assam,Roads & Highways,S.O. 2847(E)/2021,NH_SEC_3D,Competent Authority Land Acquisition (CALA) / SDM Makum Revenue Division,QUERY_RAISED,52.0,40.04,77.0,200,180,1,Section 3H disbursement in progress; joint revenue measurement (JGM) completed for 77.0% alignment.
618284,Widening/Improvement to 4-Lane with paved shoulder from Km 99930 to Km 143680 Design Chainage 96000 to 139750 of Paikan to Dhupdhara Sahar of Bilasipura-Guwahati Road on NH-17 in the state of Assam on EPC mode under Bharatmala Pariyojana in Economic Corridors Project Length  43.750km under NHO-NE Package-8,Assam,Roads & Highways,S.O. 3019(E)/2023,NH_SEC_3D,Competent Authority Land Acquisition (CALA) / SDM Assam Central Revenue Division,APPROVED,59.0,59.0,100.0,87,180,0,100% land possession handed over to executing agency under Section 3D/19 mutation certificate.
618313,Widening/lmprovement of Existing 2 lane to 4-Laning of Karimganj-Silchar section of NH-37 from Design Ch 0.000 near Silchar ISBT to Design Ch 15.970 near Kalinagar Pt I on NH-37 in Assam on HAM Mode Pkg-1,Assam,Roads & Highways,S.O. 1680(E)/2022,NH_SEC_3D,Competent Authority Land Acquisition (CALA) / SDM Assam Central Revenue Division,APPROVED,50.0,50.0,100.0,85,180,0,100% land possession handed over to executing agency under Section 3D/19 mutation certificate.
618310,Widening/lmprovement to 4-L of Karimgani - sutarkandi section of NH 37 from design Ch 0020 Start of proposed Karimganj Bypass from NH -8 to design Chainage Km 14380 near Sutarkandi Spur Connectivity to Indo/Bangladesh Border on Silchar-Churaibari  in the State of Assam on HAM Mode Package-7,Assam,Roads & Highways,S.O. 3108(E)/2023,NH_SEC_3D,Competent Authority Land Acquisition (CALA) / SDM Karimganj Revenue Division,APPROVED,43.0,43.0,100.0,60,180,0,100% land possession handed over to executing agency under Section 3D/19 mutation certificate.
618311,Widening/lmprovement to 4-Lane with Paved shoulder for existing as well as Greenfield alignment of Badarpur  Churaibari section of NH-8 from Design chainage 87.700 Chandkhira to Km. 106.500 Churaibari section Assam-Tripura border in the state of Assam on HAM Mode Package-6,Assam,Roads & Highways,S.O. 2993(E)/2022,NH_SEC_3D,Competent Authority Land Acquisition (CALA) / SDM Assam Central Revenue Division,APPROVED,63.0,63.0,100.0,83,180,0,100% land possession handed over to executing agency under Section 3D/19 mutation certificate.
618288,"Widening/lmprovement to 4-Lane with Paved Shoulder from Ch.5.580 Km to Ch.25.633 Km Design Ch.0.000 Km to Ch.17.737km Km 901.100 to Km 921.145 of old NH-31 of Bilasipara- Guwahati road NH-17 Section Near Chirakuta to near Mowatari, before Chapar Bypass  in the state ol Assam on HAM mode Package-1",Assam,Roads & Highways,S.O. 1791(E)/2019,NH_SEC_3D,Competent Authority Land Acquisition (CALA) / SDM Chapar Revenue Division,APPROVED,61.0,61.0,100.0,109,180,0,100% land possession handed over to executing agency under Section 3D/19 mutation certificate.
618312,Widening/lmprovement to 4-Lane with Paved Shoulder from existing road and Greenfield alignment form Design Ch. 62.800 start of proposed Nilambazar/Cheragi Bypass to Design Ch. 87.700 near Chandkhira Village of NH-8 on Silchar-Churaibari in the state of Assam on HAM Mode Package-5,Assam,Roads & Highways,S.O. 5170(E)/2023,NH_SEC_3D,Competent Authority Land Acquisition (CALA) / SDM Cheragi Revenue Division,APPROVED,50.0,50.0,100.0,84,180,0,100% land possession handed over to executing agency under Section 3D/19 mutation certificate.
618309,Widening/lmprovement to 4-Laning and Greenfield alignment with Paved shoulder of Silchar-Badarpur  Churaibari section of NH-37 & NH-8 from Design chainage 38.600 End point of proposed Badarpur Bypass to Km. 62.800 Start point of proposed Nilambazar/Cheragi Bypass in the state of Assam on HAM Mode Package-4,Assam,Roads & Highways,S.O. 5146(E)/2022,NH_SEC_3D,Competent Authority Land Acquisition (CALA) / SDM Badarpur Revenue Division,APPROVED,61.0,61.0,100.0,97,180,0,100% land possession handed over to executing agency under Section 3D/19 mutation certificate.
618955,2L PS of Majhauli to Charout section from km. 0.00 to km. 63.655,Bihar,Roads & Highways,S.O. 3923(E)/2023,NH_SEC_3D,Competent Authority Land Acquisition (CALA) / SDM Bihar Central Revenue Division,LOOPBACK,58.0,33.64,58.0,600,180,1,CALA Section 3G compensation award disputed in District Court; physical possession stalled for 24.4 Ha.
618741,4L  Greenfield Alignment from Kalyanapur to Tal Dashraha of NH-119D Pkg-III,Bihar,Roads & Highways,S.O. 4095(E)/2020,NH_SEC_3D,Competent Authority Land Acquisition (CALA) / SDM Bihar Central Revenue Division,LOOPBACK,45.0,22.5,50.0,600,180,1,CALA Section 3G compensation award disputed in District Court; physical possession stalled for 22.5 Ha.
618914,"4L Elevated Corridor and at-grade improvements from Design Ch0000 to Design Ch 19870 of Danapur  Bihta Section, Design Ch0000 to Design Ch0231 connecting the existing RoB near Danapur station ,1.35 Km ramps and at-grade improvements to 4-lane section on Danapur side and Upgradation of existing Two lane carriageway to Four Lane carriageway from Design Ch19870 to Design Ch23500 of Bihta - Koilwar section",Bihar,Roads & Highways,S.O. 4975(E)/2018,NH_SEC_3D,Competent Authority Land Acquisition (CALA) / SDM Bihta Revenue Division,QUERY_RAISED,45.0,38.25,85.0,187,180,1,Section 3H disbursement in progress; joint revenue measurement (JGM) completed for 85.0% alignment.
618570,4L Elevated Highway and at grade improvements at Gopalganj Town from Km. 384.000 to Km. 386.750 on NH-27,Bihar,Roads & Highways,S.O. 3920(E)/2021,NH_SEC_3D,Competent Authority Land Acquisition (CALA) / SDM Bihar Central Revenue Division,QUERY_RAISED,65.0,45.5,70.0,220,180,1,Section 3H disbursement in progress; joint revenue measurement (JGM) completed for 70.0% alignment.
618841,4L Elevated Section and at-grade improvements at Begusarai town Simaria - Khagaria section  from Km. 221.047 to Km. 225.302 of NH-31,Bihar,Roads & Highways,S.O. 5323(E)/2019,NH_SEC_3D,Competent Authority Land Acquisition (CALA) / SDM Elevated Revenue Division,QUERY_RAISED,43.0,31.39,73.0,220,180,1,Section 3H disbursement in progress; joint revenue measurement (JGM) completed for 73.0% alignment.
618739,4L Greenfield Alignment  of Amas to Shivrampur from 0.000 Km. to 55.002 Km. of NH 119 D Pkg-I,Bihar,Roads & Highways,S.O. 5444(E)/2022,NH_SEC_3D,Competent Authority Land Acquisition (CALA) / SDM Bihar Central Revenue Division,LOOPBACK,69.0,33.81,49.0,600,180,1,CALA Section 3G compensation award disputed in District Court; physical possession stalled for 35.2 Ha.
618740,4L Greenfield Alignment of Shivrampur  to Ramnagar from Km. 55.002 to Km. 109.300 of NH 119 D Pkg-II,Bihar,Roads & Highways,S.O. 5243(E)/2023,NH_SEC_3D,Competent Authority Land Acquisition (CALA) / SDM Bihar Central Revenue Division,QUERY_RAISED,63.0,45.99,73.0,220,180,1,Section 3H disbursement in progress; joint revenue measurement (JGM) completed for 73.0% alignment.
618917,4L Greenfield starting from NH-30 near Saristabad Patna to Nathupur Project end point of Patna-Gaya-Dobhi Section of NH-83,Bihar,Roads & Highways,S.O. 4482(E)/2018,NH_SEC_3D,Competent Authority Land Acquisition (CALA) / SDM Dobhi Revenue Division,QUERY_RAISED,57.0,41.04,72.0,201,180,1,Section 3H disbursement in progress; joint revenue measurement (JGM) completed for 72.0% alignment.
618584,4L of Kishanganj - Bahadurganj section from Km. 0.000 to Km. 23.649 & interchange at Start Point Length - 1.200 Km of NH-27,Bihar,Roads & Highways,S.O. 4415(E)/2020,NH_SEC_3D,Competent Authority Land Acquisition (CALA) / SDM Bihar Central Revenue Division,APPROVED,60.0,60.0,100.0,86,180,0,100% land possession handed over to executing agency under Section 3D/19 mutation certificate.
618779,4L of Aurangabad-Paithan,Bihar,Roads & Highways,S.O. 1105(E)/2019,NH_SEC_3D,Competent Authority Land Acquisition (CALA) / SDM Bihar Central Revenue Division,QUERY_RAISED,65.0,48.75,75.0,220,180,1,Section 3H disbursement in progress; joint revenue measurement (JGM) completed for 75.0% alignment.
618583,4L of Bahadurganj Araria section from Km 49.000 to Km 94.000 Package-II of NH-327E,Bihar,Roads & Highways,S.O. 4225(E)/2018,NH_SEC_3D,Competent Authority Land Acquisition (CALA) / SDM Bihar Central Revenue Division,APPROVED,55.0,55.0,100.0,96,180,0,100% land possession handed over to executing agency under Section 3D/19 mutation certificate.
618915,4L of Bal. works of Patna - Gaya -Dobhi Pkg-II from km. 39.00 to km. 83.00 of Old NH-83,Bihar,Roads & Highways,S.O. 4980(E)/2021,NH_SEC_3D,Competent Authority Land Acquisition (CALA) / SDM Bihar Central Revenue Division,LOOPBACK,65.0,42.25,65.0,600,180,1,CALA Section 3G compensation award disputed in District Court; physical possession stalled for 22.8 Ha.
618916,4L of Bal. works of Patna - Gaya -Dobhi Pkg-III from km. 83.00 to km. 127.217 of Old NH-83,Bihar,Roads & Highways,S.O. 3877(E)/2022,NH_SEC_3D,Competent Authority Land Acquisition (CALA) / SDM Bihar Central Revenue Division,LOOPBACK,57.0,41.04,72.0,600,180,1,CALA Section 3G compensation award disputed in District Court; physical possession stalled for 16.0 Ha.
618582,4L of Galgalia - Bahadurganj section from Km 0.000 to Km 49.000 Package-I of NH327E,Bihar,Roads & Highways,S.O. 4388(E)/2018,NH_SEC_3D,Competent Authority Land Acquisition (CALA) / SDM Bihar Central Revenue Division,APPROVED,63.0,63.0,100.0,82,180,0,100% land possession handed over to executing agency under Section 3D/19 mutation certificate.
619127,4L of Greenfield Alignment from Km. 47.000 to Km. 89.210 of  Balbhadarpur to Bela Nawda Section  of NH-119D,Bihar,Roads & Highways,S.O. 4830(E)/2019,NH_SEC_3D,Competent Authority Land Acquisition (CALA) / SDM Nawda Revenue Division,QUERY_RAISED,40.0,32.0,80.0,220,180,1,Section 3H disbursement in progress; joint revenue measurement (JGM) completed for 80.0% alignment.
619317,4L of Hajipur-Muzaffarpur Section of the existing NH-77  from Km. 0000 Ramashish Chowk to Km. 46300 and new bypass starting at Km. 46300 and connecting NH-28 of E-W Corridor at Km. 515045,Bihar,Roads & Highways,S.O. 4085(E)/2018,NH_SEC_3D,Competent Authority Land Acquisition (CALA) / SDM Muzaffarpur Revenue Division,LOOPBACK,60.0,42.0,70.0,600,180,1,CALA Section 3G compensation award disputed in District Court; physical possession stalled for 18.0 Ha.
619307,4L of Munger  Mirzachauki section from Km 157350 to Km 193931 Pkg-4,Bihar,Roads & Highways,S.O. 2273(E)/2019,NH_SEC_3D,Competent Authority Land Acquisition (CALA) / SDM Bihar Central Revenue Division,QUERY_RAISED,48.0,39.84,83.0,220,180,1,Section 3H disbursement in progress; joint revenue measurement (JGM) completed for 83.0% alignment.
619306,4L of Munger  Mirzachauki section from Km 95580 to Km 125000 Pkg-2,Bihar,Roads & Highways,S.O. 4610(E)/2018,NH_SEC_3D,Competent Authority Land Acquisition (CALA) / SDM Bihar Central Revenue Division,LOOPBACK,60.0,33.0,55.0,565,180,1,CALA Section 3G compensation award disputed in District Court; physical possession stalled for 27.0 Ha.
619289,4L of Munger  Mirzachauki section from Munger to Kharia village junction from Km 69520 to Km 95580 Pkg-1,Bihar,Roads & Highways,S.O. 4190(E)/2019,NH_SEC_3D,Competent Authority Land Acquisition (CALA) / SDM Bihar Central Revenue Division,LOOPBACK,55.0,30.25,55.0,594,180,1,CALA Section 3G compensation award disputed in District Court; physical possession stalled for 24.7 Ha.
619305,4L of Munger  Mirzachauki section from start of existing Bhagalpur bypass to Rasulpur from Km 125000 to Km 157350 Pkg-3,Bihar,Roads & Highways,S.O. 1350(E)/2020,NH_SEC_3D,Competent Authority Land Acquisition (CALA) / SDM Bihar Central Revenue Division,LOOPBACK,55.0,35.75,65.0,585,180,1,CALA Section 3G compensation award disputed in District Court; physical possession stalled for 19.2 Ha.
618952,4L of Sahibganj - Manihari Ganga Bridge including Manihari Bypass,Bihar,Roads & Highways,S.O. 1635(E)/2021,NH_SEC_3D,Competent Authority Land Acquisition (CALA) / SDM Manihari Revenue Division,LOOPBACK,60.0,30.0,50.0,572,180,1,CALA Section 3G compensation award disputed in District Court; physical possession stalled for 30.0 Ha.
618926,4L of Siwan- Masrakh section of Ram Janki Marg from Km 230.385 to Km 281.391 of NH-227A,Bihar,Roads & Highways,S.O. 1321(E)/2023,NH_SEC_3D,Competent Authority Land Acquisition (CALA) / SDM Bihar Central Revenue Division,QUERY_RAISED,61.0,43.31,71.0,220,180,1,Section 3H disbursement in progress; joint revenue measurement (JGM) completed for 71.0% alignment.
618791,4L PS under NH configuration of Manikpur-Sahebganj of NH-139W,Bihar,Roads & Highways,S.O. 2460(E)/2019,NH_SEC_3D,Competent Authority Land Acquisition (CALA) / SDM Bihar Central Revenue Division,APPROVED,65.0,65.0,100.0,61,180,0,100% land possession handed over to executing agency under Section 3D/19 mutation certificate.
618738,6L Bridge and its approaches across River Ganga as Part of Patna Ring Road NH-131G starting from Km 8.480 near Sherpur to Km 23.000 near Dighwara,Bihar,Roads & Highways,S.O. 5088(E)/2018,NH_SEC_3D,Competent Authority Land Acquisition (CALA) / SDM Bihar Central Revenue Division,QUERY_RAISED,48.0,37.44,78.0,192,180,1,Section 3H disbursement in progress; joint revenue measurement (JGM) completed for 78.0% alignment.
618732,6L Greenfield Varanasi- Ranchi- Kolkata Highway from Sonepurbigha village to junction with NH- 22 Chatra Bypass near Chatra from km 184.700 to km 222.000Pkg -8,Bihar,Roads & Highways,S.O. 1220(E)/2023,NH_SEC_3D,Competent Authority Land Acquisition (CALA) / SDM Chatra Revenue Division,APPROVED,60.0,60.0,100.0,69,180,0,100% land possession handed over to executing agency under Section 3D/19 mutation certificate.
618724,6L Greenfield Varanasi-Ranchi-Kolkata Highway from  Anarbansalea village to Sagrampur village From KM. 151200 to KM. 184700Package-7,Bihar,Roads & Highways,S.O. 1100(E)/2022,NH_SEC_3D,Competent Authority Land Acquisition (CALA) / SDM Bihar Central Revenue Division,APPROVED,55.0,55.0,100.0,98,180,0,100% land possession handed over to executing agency under Section 3D/19 mutation certificate.
618727,6L Greenfield Varanasi-Ranchi-Kolkata Highway from junction with Bhabhua-Adhaura road in Bhairopur village to Konki village From KM. 54.000 to KM. 90.000Pkg-3,Bihar,Roads & Highways,S.O. 1073(E)/2018,NH_SEC_3D,Competent Authority Land Acquisition (CALA) / SDM Bihar Central Revenue Division,APPROVED,58.0,58.0,100.0,93,180,0,100% land possession handed over to executing agency under Section 3D/19 mutation certificate.
618726,6L Greenfield Varanasi-Ranchi-Kolkata Highway from junction with Chandauli-Chainpur Road near Khainti village to junction with Bhabhua-Adhaura road near Palka village from Km. 27.000 to Km. 54.000 Pkg-2,Bihar,Roads & Highways,S.O. 1481(E)/2023,NH_SEC_3D,Competent Authority Land Acquisition (CALA) / SDM Bihar Central Revenue Division,APPROVED,41.0,41.0,100.0,67,180,0,100% land possession handed over to executing agency under Section 3D/19 mutation certificate.
618728,6L Greenfield Varanasi-Ranchi-Kolkata Highway from junction with NH-19 & Varanasi Ring Road near Rewasa village to junction with Chandauli-Chainpur road near Khainti village from Km. 0.000 to Km. 27.000 - Pkg-1,Bihar,Roads & Highways,S.O. 2488(E)/2022,NH_SEC_3D,Competent Authority Land Acquisition (CALA) / SDM Bihar Central Revenue Division,APPROVED,58.0,58.0,100.0,83,180,0,100% land possession handed over to executing agency under Section 3D/19 mutation certificate.
618725,6L Greenfield Varanasi-Ranchi-Kolkata Highway from Pachmon village to Anarbansalea village From KM. 116000 to KM. 151200 Package-6,Bihar,Roads & Highways,S.O. 3334(E)/2019,NH_SEC_3D,Competent Authority Land Acquisition (CALA) / SDM Bihar Central Revenue Division,APPROVED,54.0,54.0,100.0,96,180,0,100% land possession handed over to executing agency under Section 3D/19 mutation certificate.
618532,6L of Aurangabad to Bihar-Jharkhand border Chordaha section  from km. 209.827 to Km. 249.525 of NH-19 PKG-02,Bihar,Roads & Highways,S.O. 1243(E)/2022,NH_SEC_3D,Competent Authority Land Acquisition (CALA) / SDM Bihar Central Revenue Division,LOOPBACK,48.0,23.04,48.0,563,180,1,CALA Section 3G compensation award disputed in District Court; physical possession stalled for 25.0 Ha.
618531,6L of Aurangabad to Bihar-Jharkhand border Chordaha section from km. 180.000 to km. 209.827 of NH-2 PKG-01,Bihar,Roads & Highways,S.O. 3659(E)/2020,NH_SEC_3D,Competent Authority Land Acquisition (CALA) / SDM Bihar Central Revenue Division,APPROVED,44.0,44.0,100.0,45,180,0,100% land possession handed over to executing agency under Section 3D/19 mutation certificate.
618774,Ara - Mohania Pkg-II,Bihar,Roads & Highways,S.O. 4448(E)/2018,NH_SEC_3D,Competent Authority Land Acquisition (CALA) / SDM Bihar Central Revenue Division,LOOPBACK,68.0,49.64,73.0,600,180,1,CALA Section 3G compensation award disputed in District Court; physical possession stalled for 18.4 Ha.
618775,Ara Bypass,Bihar,Roads & Highways,S.O. 2761(E)/2018,NH_SEC_3D,Competent Authority Land Acquisition (CALA) / SDM Ara Revenue Division,APPROVED,61.0,61.0,100.0,83,180,0,100% land possession handed over to executing agency under Section 3D/19 mutation certificate.
618839,Aunta - Simaria including Ganga Bridge,Bihar,Roads & Highways,S.O. 1838(E)/2021,NH_SEC_3D,Competent Authority Land Acquisition (CALA) / SDM Bihar Central Revenue Division,LOOPBACK,58.0,42.34,73.0,600,180,1,CALA Section 3G compensation award disputed in District Court; physical possession stalled for 15.7 Ha.
619152,Bakhtiyarpur Km 153.300 to Mokama Km 197.900,Bihar,Roads & Highways,S.O. 5301(E)/2021,NH_SEC_3D,Competent Authority Land Acquisition (CALA) / SDM Bihar Central Revenue Division,LOOPBACK,61.0,34.16,56.0,600,180,1,CALA Section 3G compensation award disputed in District Court; physical possession stalled for 26.8 Ha.
618861,Bakhtiyarpur-Rajauli Pkg-II from km. 54.405 to km.101.630,Bihar,Roads & Highways,S.O. 5328(E)/2020,NH_SEC_3D,Competent Authority Land Acquisition (CALA) / SDM Bihar Central Revenue Division,LOOPBACK,73.0,38.69,53.0,600,180,1,CALA Section 3G compensation award disputed in District Court; physical possession stalled for 34.3 Ha.
618862,Bakhtiyarpur-Rajauli Pkg-III from km. 101.630 to km.152.520,Bihar,Roads & Highways,S.O. 1482(E)/2021,NH_SEC_3D,Competent Authority Land Acquisition (CALA) / SDM Bihar Central Revenue Division,QUERY_RAISED,67.0,48.24,72.0,220,180,1,Section 3H disbursement in progress; joint revenue measurement (JGM) completed for 72.0% alignment.
618569,Balance work - WB-10 Gandak Bridge Km 402.00 to Km 440.00 Devanpur - Kotwa,Bihar,Roads & Highways,S.O. 4458(E)/2023,NH_SEC_3D,Competent Authority Land Acquisition (CALA) / SDM Bihar Central Revenue Division,LOOPBACK,43.0,22.79,53.0,600,180,1,CALA Section 3G compensation award disputed in District Court; physical possession stalled for 20.2 Ha.
618904,Chhapra - Hajipur from km. 143.200 to km. 209.200,Bihar,Roads & Highways,S.O. 3489(E)/2023,NH_SEC_3D,Competent Authority Land Acquisition (CALA) / SDM Bihar Central Revenue Division,LOOPBACK,44.0,32.56,74.0,600,180,1,CALA Section 3G compensation award disputed in District Court; physical possession stalled for 11.4 Ha.
617969,Construction of 4 Lane ROB and its approaches at the level crossing LC No 29  B of Km 29 Ekangarsarai at NH  110 New NH 33 & Railway Km 32.63 at Fatwa FUT Islampur IPR section in the state of Bihar on EPC mode.,Bihar,Roads & Highways,S.O. 2315(E)/2021,NH_SEC_3D,Competent Authority Land Acquisition (CALA) / SDM Bihar Central Revenue Division,APPROVED,40.0,40.0,100.0,81,180,0,100% land possession handed over to executing agency under Section 3D/19 mutation certificate.
618250,Construction of 6-Lane Elevated / Extra Dose Cable Bridge on River Ganga parallel to & Western side of Digha-Sonepur Rail cum-Road Bridge of NH 139W in the State of Bihar,Bihar,Roads & Highways,S.O. 3395(E)/2020,NH_SEC_3D,Competent Authority Land Acquisition (CALA) / SDM Bihar Central Revenue Division,QUERY_RAISED,40.0,34.0,85.0,220,180,1,Section 3H disbursement in progress; joint revenue measurement (JGM) completed for 85.0% alignment.
618742,"Construction of 6-lane Greenfield corridor from Ramnagar to Kacchi Dargah NH-119D from Km 109700 to Km 122300, including widening of the existing NH-31 from Km 196700 to Km 198600, as part of the Amas-Darbhanga.",Bihar,Roads & Highways,S.O. 2071(E)/2021,NH_SEC_3D,Competent Authority Land Acquisition (CALA) / SDM Bihar Central Revenue Division,APPROVED,71.0,71.0,100.0,71,180,0,100% land possession handed over to executing agency under Section 3D/19 mutation certificate.
618228,construction of a new 4 lane Parallel to existing MG Setu  with its approaces from km 0.00 to km 14.500 across river Ganga on NH-19 at Patna in the state of Bihar.,Bihar,Roads & Highways,S.O. 2648(E)/2019,NH_SEC_3D,Competent Authority Land Acquisition (CALA) / SDM Bihar Central Revenue Division,LOOPBACK,73.0,53.29,73.0,600,180,1,CALA Section 3G compensation award disputed in District Court; physical possession stalled for 19.7 Ha.
618234,Construction of a new 4-lane major bridge across river Kosi at Phulaut including Rehabilitation and upgradation of existing Birpur and Bihpur section of NH-106 from km 106.000 to km 136.000 to 2-lane with paved shoulders in the State of Bihar on EPC mode,Bihar,Roads & Highways,S.O. 5134(E)/2018,NH_SEC_3D,Competent Authority Land Acquisition (CALA) / SDM Bihar Central Revenue Division,QUERY_RAISED,64.0,53.76,84.0,220,180,1,Section 3H disbursement in progress; joint revenue measurement (JGM) completed for 84.0% alignment.
618882,Construction of additional 3-Lane Bridge over River Ganga for connection between Buxar and Bharauli on NH-922 in the State of Uttar Pradesh and Bihar on Hybrid Annuity Mode,Bihar,Roads & Highways,S.O. 1556(E)/2022,NH_SEC_3D,Competent Authority Land Acquisition (CALA) / SDM Bihar Central Revenue Division,APPROVED,61.0,61.0,100.0,100,180,0,100% land possession handed over to executing agency under Section 3D/19 mutation certificate.
619301,Construction of Approach Road to Rail-cum- Road Bridge across river Ganga at Munger Ghat  NH-333 B,Bihar,Roads & Highways,S.O. 1863(E)/2020,NH_SEC_3D,Competent Authority Land Acquisition (CALA) / SDM Bihar Central Revenue Division,LOOPBACK,43.0,29.24,68.0,600,180,1,CALA Section 3G compensation award disputed in District Court; physical possession stalled for 13.8 Ha.
618004,Construction of Bhabhua Bypass from Ch. 10800Design Ch. 10800 to Ch. 19860 Design Ch. 18150 and Chand Bypass from Ch. 38060 Design Ch. 36250 to Ch. 40460 Design Ch. 38650 and widening of existing road to 2 - lane with Paved shoulder from Ch. 40460 Design Ch. 38650 to Ch. 46860 Design Ch. 45050 of NH-219 Total length-16.150 Kmunder EPC mode in the state of Bihar,Bihar,Roads & Highways,S.O. 2123(E)/2019,NH_SEC_3D,Competent Authority Land Acquisition (CALA) / SDM Bhabhua Revenue Division,APPROVED,48.0,48.0,100.0,86,180,0,100% land possession handed over to executing agency under Section 3D/19 mutation certificate.
619154,Construction of Four Lane Highway from Ghazipur- Ballia-UP/Bihar State Border Greenfield section of NH-31 Package III [from Pindari km 78.150 to Rawalganj Bypass Km 117.120] on EPC Mode in the state of Uttar Pradesh.,Bihar,Roads & Highways,S.O. 2990(E)/2018,NH_SEC_3D,Competent Authority Land Acquisition (CALA) / SDM Rawalganj Revenue Division,QUERY_RAISED,40.0,32.0,80.0,185,180,1,Section 3H disbursement in progress; joint revenue measurement (JGM) completed for 80.0% alignment.
618790,Construction of four laning of Bakarpur- Manikpur road section starting from village Chitarsenpur km 0000 and terminating at SH-74 near Manikpur 38814 at NH-139W under Bharatmalapariyona,Bihar,Roads & Highways,S.O. 2344(E)/2019,NH_SEC_3D,Competent Authority Land Acquisition (CALA) / SDM Bihar Central Revenue Division,APPROVED,64.0,64.0,100.0,104,180,0,100% land possession handed over to executing agency under Section 3D/19 mutation certificate.
618120,construction of Four-Lane of chausa-Buxar Bypass from Km 45.000 to Km 65.915 Package - 2 in the State of Bihar on EPC Mode.,Bihar,Roads & Highways,S.O. 1601(E)/2018,NH_SEC_3D,Competent Authority Land Acquisition (CALA) / SDM Buxar Revenue Division,APPROVED,56.0,56.0,100.0,101,180,0,100% land possession handed over to executing agency under Section 3D/19 mutation certificate.
618956,Construction of Major Bridge over Baghmati and Lakhandei River along with Approaches from Design km.16.500 to km.21.500,Bihar,Roads & Highways,S.O. 1351(E)/2020,NH_SEC_3D,Competent Authority Land Acquisition (CALA) / SDM Bihar Central Revenue Division,QUERY_RAISED,66.0,53.46,81.0,168,180,1,Section 3H disbursement in progress; joint revenue measurement (JGM) completed for 81.0% alignment.
618246,Construction of New 4-Lane Bridge Parallel to existing Vikramashila Setufrom km 8920 to Km 13375including approach road 35m Naugachhia side &53 m Bhagalpur sideacross River Ganga on newly declared NH-131B at Bhagalpur in the State of Bihar,Bihar,Roads & Highways,S.O. 4320(E)/2018,NH_SEC_3D,Competent Authority Land Acquisition (CALA) / SDM Bihar Central Revenue Division,QUERY_RAISED,55.0,38.5,70.0,220,180,1,Section 3H disbursement in progress; joint revenue measurement (JGM) completed for 70.0% alignment.
617897,Construction of proposed 4Lane Revelgunj bypass NH-19 in the State of Bihar on EPC mode connecting NH 19 to 85 origin,Bihar,Roads & Highways,S.O. 5332(E)/2023,NH_SEC_3D,Competent Authority Land Acquisition (CALA) / SDM Bihar Central Revenue Division,QUERY_RAISED,62.0,50.84,82.0,187,180,1,Section 3H disbursement in progress; joint revenue measurement (JGM) completed for 82.0% alignment.
618146,Estimate for Improvement to two lane with paved shoulder from Ramnagar to Roseda from km 3.500 to 43.000 of NH 527 E on EPC mode in State of Bihar,Bihar,Roads & Highways,S.O. 5492(E)/2021,NH_SEC_3D,Competent Authority Land Acquisition (CALA) / SDM Bihar Central Revenue Division,QUERY_RAISED,72.0,59.04,82.0,201,180,1,Section 3H disbursement in progress; joint revenue measurement (JGM) completed for 82.0% alignment.
617961,Gaya-Hisua-Rajgir-Nalanda-Biharsharif section km0.00 to 92.935 NH-82,Bihar,Roads & Highways,S.O. 3918(E)/2020,NH_SEC_3D,Competent Authority Land Acquisition (CALA) / SDM Bihar Central Revenue Division,LOOPBACK,73.0,38.69,53.0,600,180,1,CALA Section 3G compensation award disputed in District Court; physical possession stalled for 34.3 Ha.
618951,Hariharganj to Parwa Mode section from km 23.284 to km 57.049 of NH-98,Bihar,Roads & Highways,S.O. 1822(E)/2021,NH_SEC_3D,Competent Authority Land Acquisition (CALA) / SDM Bihar Central Revenue Division,LOOPBACK,52.0,29.64,57.0,600,180,1,CALA Section 3G compensation award disputed in District Court; physical possession stalled for 22.4 Ha.
618251,"Improvement and Up gradation to four lane with Paved shoulder configuration from Existing Km 0000 to Km 39500 design km 0500 to Km 40342, Design length km of NH  227A  near Mehrauna GhatUP  Bihar Border to Siwan on the state of Bihar on Hybrid Annuity Model HAM basis",Bihar,Roads & Highways,S.O. 1881(E)/2021,NH_SEC_3D,Competent Authority Land Acquisition (CALA) / SDM Bihar Central Revenue Division,APPROVED,56.0,56.0,100.0,101,180,0,100% land possession handed over to executing agency under Section 3D/19 mutation certificate.
618073,Improvement to Two lane with Paved Shoulder from Junction of NH22 near Hajipur to Junction of NH -122 at Bachhwara via Mahnar and Mohiuddin Nagar from Km 0.00 to Km 29.730 of NH 122 B in the State of Bihar.,Bihar,Roads & Highways,S.O. 2140(E)/2021,NH_SEC_3D,Competent Authority Land Acquisition (CALA) / SDM Bihar Central Revenue Division,QUERY_RAISED,55.0,38.5,70.0,192,180,1,Section 3H disbursement in progress; joint revenue measurement (JGM) completed for 70.0% alignment.
618080,Improvement to two lane with paved shoulders of BH WB Border Amdabad Manihari section from design Km 0.000 to Km 23.945 of NH 131 A Total length 23.945 Km under EPC mode in the state of Bihar,Bihar,Roads & Highways,S.O. 1838(E)/2022,NH_SEC_3D,Competent Authority Land Acquisition (CALA) / SDM Bihar Central Revenue Division,APPROVED,43.0,43.0,100.0,72,180,0,100% land possession handed over to executing agency under Section 3D/19 mutation certificate.
618121,Improvement to two lane with paved shoulders of NH-319A from km 0 to km 45 in state of Bihar under EPC mode,Bihar,Roads & Highways,S.O. 4838(E)/2022,NH_SEC_3D,Competent Authority Land Acquisition (CALA) / SDM Bihar Central Revenue Division,QUERY_RAISED,73.0,64.24,88.0,220,180,1,Section 3H disbursement in progress; joint revenue measurement (JGM) completed for 88.0% alignment.
618007,Jaynagar-Narahia Section km 156.500 to km 219.945 Lot-III,Bihar,Roads & Highways,S.O. 3023(E)/2018,NH_SEC_3D,Competent Authority Land Acquisition (CALA) / SDM Narahia Revenue Division,LOOPBACK,48.0,27.84,58.0,600,180,1,CALA Section 3G compensation award disputed in District Court; physical possession stalled for 20.2 Ha.
618903,Maheshkunt -Saharsa-Purnea Pkg II,Bihar,Roads & Highways,S.O. 3279(E)/2021,NH_SEC_3D,Competent Authority Land Acquisition (CALA) / SDM Bihar Central Revenue Division,LOOPBACK,49.0,36.26,74.0,600,180,1,CALA Section 3G compensation award disputed in District Court; physical possession stalled for 12.7 Ha.
618902,Maheshkunt-Saharsa-Purnea Pkg I km 0.00 to km. 90.00 of NH-107,Bihar,Roads & Highways,S.O. 1016(E)/2020,NH_SEC_3D,Competent Authority Land Acquisition (CALA) / SDM Bihar Central Revenue Division,LOOPBACK,41.0,25.01,61.0,600,180,1,CALA Section 3G compensation award disputed in District Court; physical possession stalled for 16.0 Ha.
619320,Muzaffarpur - Sonbarsa Section of NH-77 from km 2.800 to km 89.000,Bihar,Roads & Highways,S.O. 3375(E)/2021,NH_SEC_3D,Competent Authority Land Acquisition (CALA) / SDM Sonbarsa Revenue Division,LOOPBACK,60.0,30.0,50.0,600,180,1,CALA Section 3G compensation award disputed in District Court; physical possession stalled for 30.0 Ha.
618571,Permanent rectification of 3 nos. of black spots in project Highway NH-27 of U.P border - Dewapur - Kotwa section from Km.360.915 to km.440.000 Total Length of 79.085 Km of NH-27& Permanent rectification of 5 nos. of black spots of project Highway NH-27 of Kotwa - Mehsi - Muzaffarpur Section from km.440.000 to km.520.000 Total length 80.00Km,Bihar,Roads & Highways,S.O. 4527(E)/2023,NH_SEC_3D,Competent Authority Land Acquisition (CALA) / SDM Muzaffarpur Revenue Division,QUERY_RAISED,67.0,51.59,77.0,169,180,1,Section 3H disbursement in progress; joint revenue measurement (JGM) completed for 77.0% alignment.
618074,Pre construction activity of NH 122B from km 0 to 72.348 and  Improvement to two lane with paved shoulders of NH 122B from km 29.730 to km 72.348 in state of Bihar under EPC mode,Bihar,Roads & Highways,S.O. 3572(E)/2023,NH_SEC_3D,Competent Authority Land Acquisition (CALA) / SDM Bihar Central Revenue Division,QUERY_RAISED,72.0,59.04,82.0,220,180,1,Section 3H disbursement in progress; joint revenue measurement (JGM) completed for 82.0% alignment.
618126,"Pre-Construction activities from Km 134.000 to Km 190.233 of NH-333A and Construction of 4 no. of Bypasses at Katoria, Lakhpura, Banka & Panjwara total length-14.359 Km to two lane with paved shoulders standard in State of Bihar.",Bihar,Roads & Highways,S.O. 4264(E)/2020,NH_SEC_3D,Competent Authority Land Acquisition (CALA) / SDM Bihar Central Revenue Division,APPROVED,69.0,69.0,100.0,110,180,0,100% land possession handed over to executing agency under Section 3D/19 mutation certificate.
617959,Rehabilitation & Widening work for 2 Lane with Paved Shoulder of Existing NH-80 from km 70.15 to Km 121.025 of Munger-Suttanganj -BhagatpurMirzachowki section on EPC Mode in the State of Bihar.,Bihar,Roads & Highways,S.O. 4943(E)/2019,NH_SEC_3D,Competent Authority Land Acquisition (CALA) / SDM Bihar Central Revenue Division,APPROVED,73.0,73.0,100.0,105,180,0,100% land possession handed over to executing agency under Section 3D/19 mutation certificate.
619136,Rehabilitation and Upgradation of  Chorma - Bairgania Section of National Highway No 227F to 2 lane with paved shoulders from Design Ch.0.000 to Ch. 34.566,Bihar,Roads & Highways,S.O. 4926(E)/2023,NH_SEC_3D,Competent Authority Land Acquisition (CALA) / SDM Bairgania Revenue Division,APPROVED,61.0,61.0,100.0,66,180,0,100% land possession handed over to executing agency under Section 3D/19 mutation certificate.
617966,Rehabilitation and Upgrading to 2 lanes/2-lane with paved shoulders configuration and strengthening of of Birpur and Bihpur Section from km 0.0 to Km 106 of NH  106 under phase I of National Highways Interconnectivity Improvement Projects NHIIP ICB No.  NHIIP-BR-106-7 [NHIIP-BR-106-7],Bihar,Roads & Highways,S.O. 2880(E)/2018,NH_SEC_3D,Competent Authority Land Acquisition (CALA) / SDM Bihpur Revenue Division,LOOPBACK,50.0,32.5,65.0,600,180,1,CALA Section 3G compensation award disputed in District Court; physical possession stalled for 17.5 Ha.
618005,Sheohar-Sitamarhi Section km 40.000 to 79.400 km Lot-I,Bihar,Roads & Highways,S.O. 1200(E)/2021,NH_SEC_3D,Competent Authority Land Acquisition (CALA) / SDM Sitamarhi Revenue Division,LOOPBACK,45.0,29.25,65.0,600,180,1,CALA Section 3G compensation award disputed in District Court; physical possession stalled for 15.7 Ha.
618840,Simaria Km. 206.050 to Khagaria Km. 266.282,Bihar,Roads & Highways,S.O. 2739(E)/2021,NH_SEC_3D,Competent Authority Land Acquisition (CALA) / SDM Bihar Central Revenue Division,LOOPBACK,74.0,54.76,74.0,600,180,1,CALA Section 3G compensation award disputed in District Court; physical possession stalled for 19.2 Ha.
618006,Sitamarhi-Jaynagar Section km 79.400 to km 156.500 Lot-II,Bihar,Roads & Highways,S.O. 4225(E)/2021,NH_SEC_3D,Competent Authority Land Acquisition (CALA) / SDM Jaynagar Revenue Division,LOOPBACK,40.0,24.0,60.0,600,180,1,CALA Section 3G compensation award disputed in District Court; physical possession stalled for 16.0 Ha.
619078,Six Laning of Bihar - Jharkhand Border Chordaha - Gorhar section of NH-2 from km 249.525 to km 320.810,Bihar,Roads & Highways,S.O. 4312(E)/2018,NH_SEC_3D,Competent Authority Land Acquisition (CALA) / SDM Bihar Central Revenue Division,LOOPBACK,72.0,41.04,57.0,600,180,1,CALA Section 3G compensation award disputed in District Court; physical possession stalled for 31.0 Ha.
618530,Six Laning of Varanasi to Aurangabad from km. 786.00 to km. 978.40 of Old NH-2,Bihar,Roads & Highways,S.O. 3256(E)/2019,NH_SEC_3D,Competent Authority Land Acquisition (CALA) / SDM Bihar Central Revenue Division,LOOPBACK,61.0,31.11,51.0,600,180,1,CALA Section 3G compensation award disputed in District Court; physical possession stalled for 29.9 Ha.
618954,Umagaon - Saharsa Package - I Combined Umagaon-Kaluahi0.000KM to 21.609Km of NH227LSaharghat-Rahika0.000 Km to 26.130KM of NH227JRahika-Rampatti 0.00 KM to 15.00KM of NH527ABideshwarsthan-Bheja0.000KM to 25.915KM of NH527A.,Bihar,Roads & Highways,S.O. 2111(E)/2023,NH_SEC_3D,Competent Authority Land Acquisition (CALA) / SDM Bihar Central Revenue Division,APPROVED,66.0,66.0,100.0,55,180,0,100% land possession handed over to executing agency under Section 3D/19 mutation certificate.
618953,Umagaon-Saharsa Package-IV Koshi Bridge & approach Road - Bheja-Bakaur,Bihar,Roads & Highways,S.O. 1707(E)/2022,NH_SEC_3D,Competent Authority Land Acquisition (CALA) / SDM Bihar Central Revenue Division,LOOPBACK,57.0,35.34,62.0,600,180,1,CALA Section 3G compensation award disputed in District Court; physical possession stalled for 21.7 Ha.
619166,Umagaon-Saharsa Package-V Bakaur-Parsarma-Bangaon-Bariyahi & Spur to Mahishi,Bihar,Roads & Highways,S.O. 2167(E)/2020,NH_SEC_3D,Competent Authority Land Acquisition (CALA) / SDM Bihar Central Revenue Division,APPROVED,42.0,42.0,100.0,81,180,0,100% land possession handed over to executing agency under Section 3D/19 mutation certificate.
617958,Widening & Strenthening from km132.895 to km 190.15 NH-80,Bihar,Roads & Highways,S.O. 1635(E)/2018,NH_SEC_3D,Competent Authority Land Acquisition (CALA) / SDM Bihar Central Revenue Division,QUERY_RAISED,50.0,42.5,85.0,220,180,1,Section 3H disbursement in progress; joint revenue measurement (JGM) completed for 85.0% alignment.
618905,Widening with additional 3L abetting Chhapra Bypass Section of NH-19 from Km. 143.200 to Km. 159.255 Pkg-1,Bihar,Roads & Highways,S.O. 4386(E)/2019,NH_SEC_3D,Competent Authority Land Acquisition (CALA) / SDM Chhapra Revenue Division,APPROVED,71.0,71.0,100.0,110,180,0,100% land possession handed over to executing agency under Section 3D/19 mutation certificate.
618957,4 laning of Champa - Korba from km 0.00 to km 38.2,Chhattisgarh,Roads & Highways,S.O. 1328(E)/2019,NH_SEC_3D,Competent Authority Land Acquisition (CALA) / SDM Chhattisgarh Central Revenue Division,LOOPBACK,63.0,45.99,73.0,600,180,1,CALA Section 3G compensation award disputed in District Court; physical possession stalled for 17.0 Ha.
619167,4 Laning with PS of Pathrapalli-Katghora km 53.3 to km 92.6 Pkg-II of Bilaspur Kathghora,Chhattisgarh,Roads & Highways,S.O. 2429(E)/2022,NH_SEC_3D,Competent Authority Land Acquisition (CALA) / SDM Chhattisgarh Central Revenue Division,LOOPBACK,74.0,47.36,64.0,600,180,1,CALA Section 3G compensation award disputed in District Court; physical possession stalled for 26.6 Ha.
619103,4/6 Laning of Raipur-Simga Pkg-I from km. 0.00 to km. 48.58,Chhattisgarh,Roads & Highways,S.O. 4666(E)/2018,NH_SEC_3D,Competent Authority Land Acquisition (CALA) / SDM Chhattisgarh Central Revenue Division,LOOPBACK,71.0,36.21,51.0,600,180,1,CALA Section 3G compensation award disputed in District Court; physical possession stalled for 34.8 Ha.
618639,4L of Bilaspur to Urga km 0.00 to 70.2 of NH-130A,Chhattisgarh,Roads & Highways,S.O. 2527(E)/2022,NH_SEC_3D,Competent Authority Land Acquisition (CALA) / SDM Chhattisgarh Central Revenue Division,LOOPBACK,47.0,33.84,72.0,600,180,1,CALA Section 3G compensation award disputed in District Court; physical possession stalled for 13.2 Ha.
618646,4L of Pathalgaon-Kunkuri-CG/JH Border section of NH-43 from Km. 00.000 to Km.104.250,Chhattisgarh,Roads & Highways,S.O. 4177(E)/2018,NH_SEC_3D,Competent Authority Land Acquisition (CALA) / SDM Chhattisgarh Central Revenue Division,APPROVED,72.0,72.0,100.0,87,180,0,100% land possession handed over to executing agency under Section 3D/19 mutation certificate.
618640,4L of Urga - Pathalgaon from Km. 70.200 to km. 157.745 of NH-130A,Chhattisgarh,Roads & Highways,S.O. 1259(E)/2019,NH_SEC_3D,Competent Authority Land Acquisition (CALA) / SDM Chhattisgarh Central Revenue Division,APPROVED,54.0,54.0,100.0,56,180,0,100% land possession handed over to executing agency under Section 3D/19 mutation certificate.
618676,6L of  Dhanara - Hatibena Section from Km 124.611 to km 146.50 of NH-130-CD Package  OD-1,Chhattisgarh,Roads & Highways,S.O. 1882(E)/2019,NH_SEC_3D,Competent Authority Land Acquisition (CALA) / SDM Hatibena Revenue Division,QUERY_RAISED,67.0,48.24,72.0,220,180,1,Section 3H disbursement in progress; joint revenue measurement (JGM) completed for 72.0% alignment.
619347,Balance Work Estimate of Rehabilitation and Up-gradation of NH- 43 from Km. 468.600 to Km. 531.250 Pathalgaon to kunkuri Section to two-lane with paved shoulder in the State of Chhattisgarh on SBD mode under NHO under Annual plan 2025-26,Chhattisgarh,Roads & Highways,S.O. 4890(E)/2019,NH_SEC_3D,Competent Authority Land Acquisition (CALA) / SDM Chhattisgarh Central Revenue Division,APPROVED,65.0,65.0,100.0,75,180,0,100% land possession handed over to executing agency under Section 3D/19 mutation certificate.
619039,"Balance Works of Rehabilitation and Up gradation of NH-43 New NH-30 from Krn 162120 to Krn 173500 Length 11.380 Km. Keshkal Bypass 4-Lane with Paved shoulder in the State Of Chhattisgarh under NHDP-IV through Engineering, Procurement & Construction EPC Basis",Chhattisgarh,Roads & Highways,S.O. 2574(E)/2018,NH_SEC_3D,Competent Authority Land Acquisition (CALA) / SDM Keshkal Revenue Division,APPROVED,54.0,54.0,100.0,84,180,0,100% land possession handed over to executing agency under Section 3D/19 mutation certificate.
617908,Bemetara Bypass NH 30,Chhattisgarh,Roads & Highways,S.O. 4738(E)/2023,NH_SEC_3D,Competent Authority Land Acquisition (CALA) / SDM Bemetara Revenue Division,APPROVED,58.0,58.0,100.0,73,180,0,100% land possession handed over to executing agency under Section 3D/19 mutation certificate.
617919,Construction of 4 Nos Grade separtor between km. 281.000 to km. 307.600 km. 286.400 kumhari km. 299.000 Transport Nagar km. 302.000 Power House km. 304.000 Chandra Moura Chowk to km. 305.000 supeia of NH-53 old NH-06 Raipur -Durg 4 Lane on EPC mode in the state of chhattisgarh job NO. NH-53old NH-06 CG-2017-18-56,Chhattisgarh,Roads & Highways,S.O. 5468(E)/2021,NH_SEC_3D,Competent Authority Land Acquisition (CALA) / SDM Chhattisgarh Central Revenue Division,LOOPBACK,58.0,42.34,73.0,600,180,1,CALA Section 3G compensation award disputed in District Court; physical possession stalled for 15.7 Ha.
618849,Conversion of Partially Excavated Escape Tunnel to Uni-Directional 2L Tunnelincluding construction of cross passages and approach roads on either side of the tunnel from Km 12.732 to Km 14.568 of Kiratpur to Nerchowk Section of NH-21,Chhattisgarh,Roads & Highways,S.O. 1657(E)/2021,NH_SEC_3D,Competent Authority Land Acquisition (CALA) / SDM Nerchowk Revenue Division,LOOPBACK,72.0,51.84,72.0,572,180,1,CALA Section 3G compensation award disputed in District Court; physical possession stalled for 20.2 Ha.
618675,Development of 6L of Basanwahi  Marangpuri Section from km 99.500 to km 124.661 of NH-130-CD,Chhattisgarh,Roads & Highways,S.O. 1901(E)/2022,NH_SEC_3D,Competent Authority Land Acquisition (CALA) / SDM Marangpuri Revenue Division,QUERY_RAISED,51.0,36.21,71.0,220,180,1,Section 3H disbursement in progress; joint revenue measurement (JGM) completed for 71.0% alignment.
618673,Development of 6L of Jhanki  Sargi Section  Road from km 0.000 to km 42.800 of NH-130CD Pkg-CG-1,Chhattisgarh,Roads & Highways,S.O. 3703(E)/2023,NH_SEC_3D,Competent Authority Land Acquisition (CALA) / SDM Sargi Revenue Division,LOOPBACK,43.0,20.64,48.0,600,180,1,CALA Section 3G compensation award disputed in District Court; physical possession stalled for 22.4 Ha.
618674,Development of 6L Sargi  Basanwahi Section from km 42.800 to km 99.500 of NH-130CD Pkg-CG-2,Chhattisgarh,Roads & Highways,S.O. 1827(E)/2019,NH_SEC_3D,Competent Authority Land Acquisition (CALA) / SDM Basanwahi Revenue Division,QUERY_RAISED,67.0,51.59,77.0,220,180,1,Section 3H disbursement in progress; joint revenue measurement (JGM) completed for 77.0% alignment.
618589,Durg-Raipur Bypass Section Package - 1 from km. 0.00 to km. 44.50 near Tendesara to near Khatti Village,Chhattisgarh,Roads & Highways,S.O. 3003(E)/2018,NH_SEC_3D,Competent Authority Land Acquisition (CALA) / SDM Raipur Revenue Division,QUERY_RAISED,58.0,42.34,73.0,220,180,1,Section 3H disbursement in progress; joint revenue measurement (JGM) completed for 73.0% alignment.
618590,Durg-Raipur-Arang Package - 2 from km. 44.50 to km. 92.23 near Khatti Village to near Aurang,Chhattisgarh,Roads & Highways,S.O. 4931(E)/2019,NH_SEC_3D,Competent Authority Land Acquisition (CALA) / SDM Chhattisgarh Central Revenue Division,QUERY_RAISED,66.0,53.46,81.0,220,180,1,Section 3H disbursement in progress; joint revenue measurement (JGM) completed for 81.0% alignment.
617973,Strengthening and widening of existing 2 lane road to two lane paved shoulder from km 7.750 to 26.542 & km. 32.093 to 45.786 of NH-130 on EPC mode in the state of chhattisgarh.job No. 130-CG-2017-18-348,Chhattisgarh,Roads & Highways,S.O. 4826(E)/2022,NH_SEC_3D,Competent Authority Land Acquisition (CALA) / SDM Chhattisgarh Central Revenue Division,LOOPBACK,61.0,37.21,61.0,600,180,1,CALA Section 3G compensation award disputed in District Court; physical possession stalled for 23.8 Ha.
618078,Up-gradation of NH-130C Abhanpur to Paund from NH Km. 0000 to KM 40380 to two lane with paved shoulders in the State of Chhattisgarh on EPC mode.,Chhattisgarh,Roads & Highways,S.O. 1453(E)/2023,NH_SEC_3D,Competent Authority Land Acquisition (CALA) / SDM Chhattisgarh Central Revenue Division,LOOPBACK,68.0,32.64,48.0,600,180,1,CALA Section 3G compensation award disputed in District Court; physical possession stalled for 35.4 Ha.
618064,Up-gradation of NH-930 Sherpar to Kohka from Km.67880 to Km.114860 to 2LPS in Chhattisgarh under EPC mode,Chhattisgarh,Roads & Highways,S.O. 2786(E)/2018,NH_SEC_3D,Competent Authority Land Acquisition (CALA) / SDM Chhattisgarh Central Revenue Division,APPROVED,51.0,51.0,100.0,70,180,0,100% land possession handed over to executing agency under Section 3D/19 mutation certificate.
617971,Up-gradation to Two/Four lane with paved shoulder Configuration of Kondagaon- Narayanpur from design ch. 0.00 - 48.693   Design Length    47.493 Km. 1.20 Km. retained    on NH-130D under EPC mode in the State Chhattisgarh.,Chhattisgarh,Roads & Highways,S.O. 2830(E)/2018,NH_SEC_3D,Competent Authority Land Acquisition (CALA) / SDM Chhattisgarh Central Revenue Division,APPROVED,40.0,40.0,100.0,63,180,0,100% land possession handed over to executing agency under Section 3D/19 mutation certificate.
618016,"Upgradation of Ambikapur  Ramanujganj - Garhwa Road NH 343 of Package-I, Rajpuri Khurd Village to Padih Village section from existing km 7.830 to km 57.650 Design Ch. 13.700 to Ch. 62.700 of total length 49.00 km to two lane with paved shoulders under EPC mode in the state of Chhattisgarh",Chhattisgarh,Roads & Highways,S.O. 4096(E)/2022,NH_SEC_3D,Competent Authority Land Acquisition (CALA) / SDM Chhattisgarh Central Revenue Division,APPROVED,41.0,41.0,100.0,48,180,0,100% land possession handed over to executing agency under Section 3D/19 mutation certificate.
618014,"Upgradation of Ambikapur-Ramanujganj-Garwa road of NH-343, Package-III, Badki mahri village to Ramanujganj section from existing km 80.600 to km 110.330 Design Ch. 85.370 to Ch. 114.800 of total length 29.430 km to two lane with paved shoulders udner corridor scheme under EPC Mode in the of Chhattisgarh",Chhattisgarh,Roads & Highways,S.O. 3953(E)/2020,NH_SEC_3D,Competent Authority Land Acquisition (CALA) / SDM Chhattisgarh Central Revenue Division,APPROVED,63.0,63.0,100.0,50,180,0,100% land possession handed over to executing agency under Section 3D/19 mutation certificate.
618018,Upgradation of Bilaspur-Takhatpur-Mungeli-Pandariya-Pondi Road on N.H.-130A Package  IIIA Takhatpur By-pass from existing Ch. 26.542 to 32.093 [Design Ch. 18.700 to 25.900] & Mungeli By-pass from existing Ch. 45.786 to 56.275 [Design Ch. 29.600 to 51.600] and Package  IIIB Pandariya By-Pass from existing Ch. 82.582 to 87.133 [Design Ch. 77.900 to 81.1000 & Pondi By-pass from existing Ch. 103.166 to 104.756 [Design Ch. 97.000 to 103.395] to two lane with paved shoulder configuration in the,Chhattisgarh,Roads & Highways,S.O. 4659(E)/2019,NH_SEC_3D,Competent Authority Land Acquisition (CALA) / SDM Chhattisgarh Central Revenue Division,QUERY_RAISED,54.0,48.06,89.0,220,180,1,Section 3H disbursement in progress; joint revenue measurement (JGM) completed for 89.0% alignment.
618015,"Upgradation of Keonchi - Ratanpur Road of NH 45 Package-I, from design chainage km 237.860 to km 273.200 of length 35.340 km to two lane with paved shoulders under Corridor scheme on EPC mode in the state of Chhattisgarh.",Chhattisgarh,Roads & Highways,S.O. 4579(E)/2019,NH_SEC_3D,Competent Authority Land Acquisition (CALA) / SDM Chhattisgarh Central Revenue Division,QUERY_RAISED,54.0,48.06,89.0,188,180,1,Section 3H disbursement in progress; joint revenue measurement (JGM) completed for 89.0% alignment.
618017,"Upgradation of Keonchi - Ratanpur Road of NH 45 Package-II, from design chainage km 278.75 to km 321.348 of length 42.598 km to two lane with paved shoulders under Corridor scheme on EPC mode in the state of Chhattisgarh.",Chhattisgarh,Roads & Highways,S.O. 5084(E)/2018,NH_SEC_3D,Competent Authority Land Acquisition (CALA) / SDM Chhattisgarh Central Revenue Division,QUERY_RAISED,54.0,39.96,74.0,188,180,1,Section 3H disbursement in progress; joint revenue measurement (JGM) completed for 74.0% alignment.
617972,Upgradation to Two lane with Paved Shoulder Configuration of Narayanpur Kasturmeta pkg-II from design ch. 48.693 to 70.453  design length21.760 Km.    on NH-130D under EPC mode in the state of Chhattisgarh.,Chhattisgarh,Roads & Highways,S.O. 1205(E)/2021,NH_SEC_3D,Competent Authority Land Acquisition (CALA) / SDM Chhattisgarh Central Revenue Division,APPROVED,50.0,50.0,100.0,76,180,0,100% land possession handed over to executing agency under Section 3D/19 mutation certificate.
619064,Vadodara Mumbai Expressway Talsari to Karvad Phase IB - Pkg X [Km 103.400 to Km 128.000],Dadra & Nagar Haveli and Daman & Diu,Roads & Highways,S.O. 1668(E)/2018,NH_SEC_3D,Competent Authority Land Acquisition (CALA) / SDM Dadra Central Revenue Division,LOOPBACK,68.0,36.04,53.0,600,180,1,CALA Section 3G compensation award disputed in District Court; physical possession stalled for 32.0 Ha.
619183,Widening of Existing Road from Intermediate Lane 2-lane to 4-lane Between Km 19.994 to Km 35.180 of NH-848A Rakholi-Khadoli-Velugam Section in U.T. of Dadra and Nagar Haveli and Daman and Diu,Dadra & Nagar Haveli and Daman & Diu,Roads & Highways,S.O. 2223(E)/2022,NH_SEC_3D,Competent Authority Land Acquisition (CALA) / SDM Velugam Revenue Division,APPROVED,48.0,48.0,100.0,105,180,0,100% land possession handed over to executing agency under Section 3D/19 mutation certificate.
618578,6L Access Controlled Highway from DND Maharani Bagh - Jn. with Jaitpur - Pushta Road of NH-148NA from km. 0.00 to km. 9.00 in NCR,Delhi,Roads & Highways,S.O. 3545(E)/2023,NH_SEC_3D,Competent Authority Land Acquisition (CALA) / SDM Delhi Central Revenue Division,QUERY_RAISED,45.0,33.75,75.0,220,180,1,Section 3H disbursement in progress; joint revenue measurement (JGM) completed for 75.0% alignment.
619090,8L of Dwarka Expressway Pkg-II RuB near Dwarka Sector 21-DL/HR Border from 5.300 Km.to 9.500 Km. of NH-248BB,Delhi,Roads & Highways,S.O. 4849(E)/2019,NH_SEC_3D,Competent Authority Land Acquisition (CALA) / SDM Delhi Central Revenue Division,LOOPBACK,59.0,31.86,54.0,600,180,1,CALA Section 3G compensation award disputed in District Court; physical possession stalled for 27.1 Ha.
619122,Akshardham - DL/UP Border Pkg-01,Delhi,Roads & Highways,S.O. 3538(E)/2023,NH_SEC_3D,Competent Authority Land Acquisition (CALA) / SDM Delhi Central Revenue Division,QUERY_RAISED,48.0,42.24,88.0,220,180,1,Section 3H disbursement in progress; joint revenue measurement (JGM) completed for 88.0% alignment.
618509,Development of 6L UER II [Package - I] NH-1 Near Bakoli till Karala Kanjhawala Road from km. 0.70 to km.15.00,Delhi,Roads & Highways,S.O. 3662(E)/2021,NH_SEC_3D,Competent Authority Land Acquisition (CALA) / SDM Delhi Central Revenue Division,LOOPBACK,42.0,28.14,67.0,600,180,1,CALA Section 3G compensation award disputed in District Court; physical possession stalled for 13.9 Ha.
619202,Dwarka Expressway from Km -0.600 to Km 5.300 - Pkg-I Shivmurti Chowk-RuB near Dwarka Sector 21,Delhi,Roads & Highways,S.O. 4382(E)/2019,NH_SEC_3D,Competent Authority Land Acquisition (CALA) / SDM Delhi Central Revenue Division,LOOPBACK,52.0,34.84,67.0,600,180,1,CALA Section 3G compensation award disputed in District Court; physical possession stalled for 17.2 Ha.
618577,Dwarka Expressway Pkg-III Delhi/HR Border to Start of RoB Gurugram,Delhi,Roads & Highways,S.O. 2771(E)/2019,NH_SEC_3D,Competent Authority Land Acquisition (CALA) / SDM Delhi Central Revenue Division,LOOPBACK,61.0,28.06,46.0,600,180,1,CALA Section 3G compensation award disputed in District Court; physical possession stalled for 32.9 Ha.
617941,4-Laning from End of Zuari approaches to Start of Margao Bypass section of NH-66 from Km 536.800 to Km 543.450,Goa,Roads & Highways,S.O. 5256(E)/2020,NH_SEC_3D,Competent Authority Land Acquisition (CALA) / SDM Margao Revenue Division,APPROVED,41.0,41.0,100.0,54,180,0,100% land possession handed over to executing agency under Section 3D/19 mutation certificate.
617943,4-laning of Navelim to Cuncolim Section of NH-66 from Km 554.245 to Km 561.480 on HAM Mode,Goa,Roads & Highways,S.O. 3269(E)/2019,NH_SEC_3D,Competent Authority Land Acquisition (CALA) / SDM Cuncolim Revenue Division,APPROVED,54.0,54.0,100.0,103,180,0,100% land possession handed over to executing agency under Section 3D/19 mutation certificate.
618942,Balance work of 2L PS  from Km 30.800 to Km 70.800 and 2L with Rigid Carriageway from Km 70.800 to  km 84.120 of Khanapur- KA/GOA Border section of NH-4A,Goa,Roads & Highways,S.O. 2370(E)/2020,NH_SEC_3D,Competent Authority Land Acquisition (CALA) / SDM Goa Central Revenue Division,LOOPBACK,50.0,32.5,65.0,600,180,1,CALA Section 3G compensation award disputed in District Court; physical possession stalled for 17.5 Ha.
618609,Construction of 4L Flyover from MES College Junction to Bogmalo Junction on NH-566 from Km. 7.106 to Km. 10.460 and 4L VUP at Queeny Nagar Junction from Km. 3.330 to Km. 4.550,Goa,Roads & Highways,S.O. 4236(E)/2021,NH_SEC_3D,Competent Authority Land Acquisition (CALA) / SDM Goa Central Revenue Division,QUERY_RAISED,41.0,35.26,86.0,160,180,1,Section 3H disbursement in progress; joint revenue measurement (JGM) completed for 86.0% alignment.
617942,Construction of Six lane Elevated Corridor from Km. 508.000 to Km. 513.150 including approaches on NH-66,Goa,Roads & Highways,S.O. 5414(E)/2022,NH_SEC_3D,Competent Authority Land Acquisition (CALA) / SDM Goa Central Revenue Division,APPROVED,49.0,49.0,100.0,98,180,0,100% land possession handed over to executing agency under Section 3D/19 mutation certificate.
618834,4L Kodinar - Veraval Package VI from km. 222.400 to km. 230.00 Kodinar Bypass of NH-8E NH 51 new,Gujarat,Roads & Highways,S.O. 5227(E)/2018,NH_SEC_3D,Competent Authority Land Acquisition (CALA) / SDM Kodinar Revenue Division,QUERY_RAISED,52.0,40.04,77.0,220,180,1,Section 3H disbursement in progress; joint revenue measurement (JGM) completed for 77.0% alignment.
619147,4L of Bal Works of  Mahuva to Kagvadar from 100.450 Km. to 140.470 Km. of NH-8E Pkg- III,Gujarat,Roads & Highways,S.O. 5236(E)/2022,NH_SEC_3D,Competent Authority Land Acquisition (CALA) / SDM Gujarat Central Revenue Division,LOOPBACK,51.0,26.01,51.0,600,180,1,CALA Section 3G compensation award disputed in District Court; physical possession stalled for 25.0 Ha.
618835,4L of Bal Works of Talaja - Mahuva from 54.990 km. to 100.450 km. of Old NH-8E Package-II,Gujarat,Roads & Highways,S.O. 5393(E)/2023,NH_SEC_3D,Competent Authority Land Acquisition (CALA) / SDM Gujarat Central Revenue Division,APPROVED,48.0,48.0,100.0,69,180,0,100% land possession handed over to executing agency under Section 3D/19 mutation certificate.
619148,4L of Bhavnagar - Talaja Package-I from Km. 6.945 to Km. 54.990 of Old NH-8E,Gujarat,Roads & Highways,S.O. 1884(E)/2023,NH_SEC_3D,Competent Authority Land Acquisition (CALA) / SDM Gujarat Central Revenue Division,APPROVED,69.0,69.0,100.0,94,180,0,100% land possession handed over to executing agency under Section 3D/19 mutation certificate.
618616,4L of Dhrol bypass section of NH-151A Approx. length 5.7 Km & widening upto 4 laning of missing link of Amran section of NH-151A Approx. length 6.55 Km from existing Ch. 42000 to 48500 of ongoing Dhrol-Bhadra-Pipaliya section of NH-151A,Gujarat,Roads & Highways,S.O. 2744(E)/2023,NH_SEC_3D,Competent Authority Land Acquisition (CALA) / SDM Gujarat Central Revenue Division,APPROVED,59.0,59.0,100.0,108,180,0,100% land possession handed over to executing agency under Section 3D/19 mutation certificate.
619137,4L of Dwarka-Khambaliya-Devariya section from km 203.500 to km 176.500 and from km 171.800 to km 125.000 of NH-151A,Gujarat,Roads & Highways,S.O. 1452(E)/2023,NH_SEC_3D,Competent Authority Land Acquisition (CALA) / SDM Gujarat Central Revenue Division,QUERY_RAISED,72.0,59.04,82.0,160,180,1,Section 3H disbursement in progress; joint revenue measurement (JGM) completed for 82.0% alignment.
618901,4L PS Divided Carriageway  from Patan Near Rajpur to Gojariya From Km 52.000  to Km 128.940 of NH-68,Gujarat,Roads & Highways,S.O. 2959(E)/2021,NH_SEC_3D,Competent Authority Land Acquisition (CALA) / SDM Gujarat Central Revenue Division,QUERY_RAISED,59.0,52.51,89.0,220,180,1,Section 3H disbursement in progress; joint revenue measurement (JGM) completed for 89.0% alignment.
618931,4L PS from Ch. 179.780 in Bitada/Movi Village to Ch. 208.900 in Nasarpore Village of NH-56 Pkg-V,Gujarat,Roads & Highways,S.O. 1563(E)/2022,NH_SEC_3D,Competent Authority Land Acquisition (CALA) / SDM Gujarat Central Revenue Division,APPROVED,58.0,58.0,100.0,96,180,0,100% land possession handed over to executing agency under Section 3D/19 mutation certificate.
618930,4L PS from Ch. 94.030 in Jabugam Village  to Ch. 132.320 in Dhamasiya Village of NH-56 Pkg-III,Gujarat,Roads & Highways,S.O. 3945(E)/2020,NH_SEC_3D,Competent Authority Land Acquisition (CALA) / SDM Gujarat Central Revenue Division,APPROVED,55.0,55.0,100.0,76,180,0,100% land possession handed over to executing agency under Section 3D/19 mutation certificate.
619067,6L of Chiloda-Naroda section from Km. 540.595 to  Km. 555.595 of NH-8Package-VII,Gujarat,Roads & Highways,S.O. 1012(E)/2019,NH_SEC_3D,Competent Authority Land Acquisition (CALA) / SDM Gujarat Central Revenue Division,LOOPBACK,67.0,38.19,57.0,600,180,1,CALA Section 3G compensation award disputed in District Court; physical possession stalled for 28.8 Ha.
618564,6L with PS of Samakhiyali to Santalpur section from km. 339.700 to Km. 430.100 of NH-27,Gujarat,Roads & Highways,S.O. 4888(E)/2022,NH_SEC_3D,Competent Authority Land Acquisition (CALA) / SDM Gujarat Central Revenue Division,QUERY_RAISED,73.0,56.94,78.0,200,180,1,Section 3H disbursement in progress; joint revenue measurement (JGM) completed for 78.0% alignment.
618501,Ahmedabad - Dholera Pkg I from km. 0.00 to km. 22.00 [Sardar Patel Ring Road - Sindhrej Village],Gujarat,Roads & Highways,S.O. 1645(E)/2022,NH_SEC_3D,Competent Authority Land Acquisition (CALA) / SDM Gujarat Central Revenue Division,LOOPBACK,60.0,36.0,60.0,600,180,1,CALA Section 3G compensation award disputed in District Court; physical possession stalled for 24.0 Ha.
618502,Ahmedabad - Dholera Pkg II from km. 22.00 to km. 48.52 [Sindhrej Village - Vejallka Village],Gujarat,Roads & Highways,S.O. 3101(E)/2019,NH_SEC_3D,Competent Authority Land Acquisition (CALA) / SDM Gujarat Central Revenue Division,LOOPBACK,61.0,28.06,46.0,600,180,1,CALA Section 3G compensation award disputed in District Court; physical possession stalled for 32.9 Ha.
618503,Ahmedabad - Dholera Pkg III from km. 48.52 to km. 71.06 [Vejallka Village - Start of DSIR zone],Gujarat,Roads & Highways,S.O. 3182(E)/2020,NH_SEC_3D,Competent Authority Land Acquisition (CALA) / SDM Gujarat Central Revenue Division,QUERY_RAISED,67.0,48.24,72.0,158,180,1,Section 3H disbursement in progress; joint revenue measurement (JGM) completed for 72.0% alignment.
618504,Ahmedabad - Dholera Pkg IV from km. 71.06 to km. 109.019 [Start of DSIR zone - Adhelai Village],Gujarat,Roads & Highways,S.O. 3139(E)/2018,NH_SEC_3D,Competent Authority Land Acquisition (CALA) / SDM Gujarat Central Revenue Division,LOOPBACK,54.0,29.16,54.0,600,180,1,CALA Section 3G compensation award disputed in District Court; physical possession stalled for 24.8 Ha.
618637,Bal. Works of Fagne Km. 510.000 to Maharashtra/Gujarat Border Km. 650.794,Gujarat,Roads & Highways,S.O. 2802(E)/2019,NH_SEC_3D,Competent Authority Land Acquisition (CALA) / SDM Gujarat Central Revenue Division,LOOPBACK,67.0,31.49,47.0,600,180,1,CALA Section 3G compensation award disputed in District Court; physical possession stalled for 35.5 Ha.
618507,"Balance work of Six Laning of Shamlaji-Motachiloda from Km. 401.200 to Km.494.410 section Design Chainage Km.447.385 to Km 540.595, Length- 93.210 Km of old NH-8 NH-48 in the state of Gujarat on single Percentage Item Rate Contract",Gujarat,Roads & Highways,S.O. 2986(E)/2018,NH_SEC_3D,Competent Authority Land Acquisition (CALA) / SDM Gujarat Central Revenue Division,QUERY_RAISED,46.0,34.96,76.0,220,180,1,Section 3H disbursement in progress; joint revenue measurement (JGM) completed for 76.0% alignment.
619061,Construction of 4 lane with PS Idar-Badoli bypass section from design km 81/300 to km 95/500 of NH 168G in the State of Gujarat,Gujarat,Roads & Highways,S.O. 1477(E)/2019,NH_SEC_3D,Competent Authority Land Acquisition (CALA) / SDM Gujarat Central Revenue Division,APPROVED,62.0,62.0,100.0,63,180,0,100% land possession handed over to executing agency under Section 3D/19 mutation certificate.
618508,Construction of Additional Structures including Approaches in Vadodara Surat Section of NH48 between existing Km. 108.000 to Km. 250.000,Gujarat,Roads & Highways,S.O. 2360(E)/2023,NH_SEC_3D,Competent Authority Land Acquisition (CALA) / SDM Surat Revenue Division,APPROVED,45.0,45.0,100.0,45,180,0,100% land possession handed over to executing agency under Section 3D/19 mutation certificate.
617926,Construction of new 4 lane major bridge with approaches on Sabarmati River near Dharoi at Km. 82/00 to 86/00 Design length 3.300 km on NH-58 in the State of Gujarat on Hybrid Annuity Mode HAM,Gujarat,Roads & Highways,S.O. 2738(E)/2019,NH_SEC_3D,Competent Authority Land Acquisition (CALA) / SDM Gujarat Central Revenue Division,APPROVED,73.0,73.0,100.0,58,180,0,100% land possession handed over to executing agency under Section 3D/19 mutation certificate.
618459,Delhi-Vadodara Greenfield Alignment NH-148N Pkg-26 Ch.696890 to Ch.726390,Gujarat,Roads & Highways,S.O. 5263(E)/2021,NH_SEC_3D,Competent Authority Land Acquisition (CALA) / SDM Gujarat Central Revenue Division,QUERY_RAISED,63.0,45.99,73.0,220,180,1,Section 3H disbursement in progress; joint revenue measurement (JGM) completed for 73.0% alignment.
619197,Delhi-Vadodara Greenfield Alignment NH-148N Pkg-27 Ch.729.700 to Ch.756.052,Gujarat,Roads & Highways,S.O. 3889(E)/2019,NH_SEC_3D,Competent Authority Land Acquisition (CALA) / SDM Gujarat Central Revenue Division,LOOPBACK,59.0,31.86,54.0,583,180,1,CALA Section 3G compensation award disputed in District Court; physical possession stalled for 27.1 Ha.
618460,Delhi-Vadodara Greenfield Alignment NH-148N Pkg-28 Ch.756052 to Ch.781282,Gujarat,Roads & Highways,S.O. 4014(E)/2018,NH_SEC_3D,Competent Authority Land Acquisition (CALA) / SDM Gujarat Central Revenue Division,LOOPBACK,64.0,37.76,59.0,600,180,1,CALA Section 3G compensation award disputed in District Court; physical possession stalled for 26.2 Ha.
618461,Delhi-Vadodara Greenfield Alignment NH-148N Pkg-30 Ch 803420 to Ch.824920 [Baletiya Village - Junction near Pratap Nagar Village],Gujarat,Roads & Highways,S.O. 3733(E)/2019,NH_SEC_3D,Competent Authority Land Acquisition (CALA) / SDM Gujarat Central Revenue Division,QUERY_RAISED,43.0,35.69,83.0,150,180,1,Section 3H disbursement in progress; joint revenue measurement (JGM) completed for 83.0% alignment.
618462,Delhi-Vadodara Greenfield Alignment NH-148N Pkg-31 Ch.824920 to Ch.844382 [Junction near Pratap nagar Village - Junction near Dodka Village],Gujarat,Roads & Highways,S.O. 2874(E)/2019,NH_SEC_3D,Competent Authority Land Acquisition (CALA) / SDM Gujarat Central Revenue Division,LOOPBACK,44.0,25.96,59.0,600,180,1,CALA Section 3G compensation award disputed in District Court; physical possession stalled for 18.0 Ha.
617977,Development of Chiloda - Gandhinagar- Sarkhej ofNH-147 Package -II,Gujarat,Roads & Highways,S.O. 4777(E)/2020,NH_SEC_3D,Competent Authority Land Acquisition (CALA) / SDM Gujarat Central Revenue Division,QUERY_RAISED,47.0,40.89,87.0,220,180,1,Section 3H disbursement in progress; joint revenue measurement (JGM) completed for 87.0% alignment.
619145,Four Laning of Una to Kodinar from km. 180.478 to km. 221.610 Package-V,Gujarat,Roads & Highways,S.O. 2145(E)/2018,NH_SEC_3D,Competent Authority Land Acquisition (CALA) / SDM Gujarat Central Revenue Division,LOOPBACK,65.0,32.5,50.0,600,180,1,CALA Section 3G compensation award disputed in District Court; physical possession stalled for 32.5 Ha.
619146,Kagvadar - Una Package-IV,Gujarat,Roads & Highways,S.O. 3368(E)/2019,NH_SEC_3D,Competent Authority Land Acquisition (CALA) / SDM Gujarat Central Revenue Division,LOOPBACK,63.0,45.99,73.0,600,180,1,CALA Section 3G compensation award disputed in District Court; physical possession stalled for 17.0 Ha.
618833,Kodinar - Veraval Package VI from km. 221.610 to km. 263.00 of NH-8E & km. 120.900 to km. 121.150 of NH-8D,Gujarat,Roads & Highways,S.O. 5188(E)/2019,NH_SEC_3D,Competent Authority Land Acquisition (CALA) / SDM Gujarat Central Revenue Division,LOOPBACK,68.0,42.84,63.0,600,180,1,CALA Section 3G compensation award disputed in District Court; physical possession stalled for 25.2 Ha.
618699,Pipli Bhavnagar-Package 1 from km 136.025 to km 169.328,Gujarat,Roads & Highways,S.O. 1421(E)/2021,NH_SEC_3D,Competent Authority Land Acquisition (CALA) / SDM Gujarat Central Revenue Division,APPROVED,56.0,56.0,100.0,99,180,0,100% land possession handed over to executing agency under Section 3D/19 mutation certificate.
618614,Sanchore - Santalpur from km 67.000 - km 99.000 of NH-754K AJ-RGBS-Package-3,Gujarat,Roads & Highways,S.O. 4751(E)/2021,NH_SEC_3D,Competent Authority Land Acquisition (CALA) / SDM Gujarat Central Revenue Division,LOOPBACK,66.0,30.36,46.0,600,180,1,CALA Section 3G compensation award disputed in District Court; physical possession stalled for 35.6 Ha.
618615,Sanchore - Santalpur from km 99.000 - km 130.073 of NH-754K AJ-RGBS-Package-4,Gujarat,Roads & Highways,S.O. 4340(E)/2022,NH_SEC_3D,Competent Authority Land Acquisition (CALA) / SDM Gujarat Central Revenue Division,LOOPBACK,65.0,35.75,55.0,600,180,1,CALA Section 3G compensation award disputed in District Court; physical possession stalled for 29.2 Ha.
618108,Up-gradation and strengthening to 2lanePS from Km 95/500 to km 129/775 of Nh 168G Idar-Bhiloda-Samlaji in the state of Gujarat Length  34.275 km,Gujarat,Roads & Highways,S.O. 4003(E)/2019,NH_SEC_3D,Competent Authority Land Acquisition (CALA) / SDM Gujarat Central Revenue Division,QUERY_RAISED,63.0,45.99,73.0,192,180,1,Section 3H disbursement in progress; joint revenue measurement (JGM) completed for 73.0% alignment.
617906,Up-gradation of Dhoraji-Jamkandorna-Kalavad Section of NH-927D from Design Chainage km 0/00 to km 58/115 to Two lane with PS configuration in the State of Gujarat on EPC,Gujarat,Roads & Highways,S.O. 3325(E)/2023,NH_SEC_3D,Competent Authority Land Acquisition (CALA) / SDM Kalavad Revenue Division,APPROVED,65.0,65.0,100.0,73,180,0,100% land possession handed over to executing agency under Section 3D/19 mutation certificate.
618022,Upgradation  to two lane with paved Shoulder Configuaration from Km. 0/00 to 47/000 of NH 351    Mahuva  to Badhada section    in the State of Gujarat,Gujarat,Roads & Highways,S.O. 5434(E)/2019,NH_SEC_3D,Competent Authority Land Acquisition (CALA) / SDM Gujarat Central Revenue Division,QUERY_RAISED,59.0,49.56,84.0,220,180,1,Section 3H disbursement in progress; joint revenue measurement (JGM) completed for 84.0% alignment.
618107,Upgradation of Mehsana-Visnagar-vadnagar-Kheralu-Idar section from km 0/00 to 81/300 of NH 168G Mehsana to Idar in the State of GujaratTotal Length 81.300 Km on Hybrid Annuity Mode HAM,Gujarat,Roads & Highways,S.O. 4909(E)/2020,NH_SEC_3D,Competent Authority Land Acquisition (CALA) / SDM Gujarat Central Revenue Division,APPROVED,44.0,44.0,100.0,67,180,0,100% land possession handed over to executing agency under Section 3D/19 mutation certificate.
618787,"Upgradation to 4L PS  from Bhimasar, Junction of NH-41 to Anjar- Bhuj upto Airport Junction from Km 0.000 to Km 65.478 of NH-341",Gujarat,Roads & Highways,S.O. 2864(E)/2019,NH_SEC_3D,Competent Authority Land Acquisition (CALA) / SDM Gujarat Central Revenue Division,QUERY_RAISED,74.0,54.76,74.0,220,180,1,Section 3H disbursement in progress; joint revenue measurement (JGM) completed for 74.0% alignment.
618464,Vadodara Mumbai Expressway Ena -Kim Phase IB - Pkg VI [Km 217.500 to Km 254.430],Gujarat,Roads & Highways,S.O. 5169(E)/2021,NH_SEC_3D,Competent Authority Land Acquisition (CALA) / SDM Gujarat Central Revenue Division,LOOPBACK,54.0,39.96,74.0,600,180,1,CALA Section 3G compensation award disputed in District Court; physical possession stalled for 14.0 Ha.
618465,Vadodara Mumbai Expressway Gandeva to Ena Phase IB - Pkg VII [Km 190.00 to Km 217.500],Gujarat,Roads & Highways,S.O. 3432(E)/2021,NH_SEC_3D,Competent Authority Land Acquisition (CALA) / SDM Gujarat Central Revenue Division,LOOPBACK,72.0,33.84,47.0,600,180,1,CALA Section 3G compensation award disputed in District Court; physical possession stalled for 38.2 Ha.
618466,Vadodara Mumbai Expressway Jujuwa - Gandeva from Km. 154.600 to Km. 190.000 Phase-I Package-VIII,Gujarat,Roads & Highways,S.O. 3278(E)/2021,NH_SEC_3D,Competent Authority Land Acquisition (CALA) / SDM Gujarat Central Revenue Division,QUERY_RAISED,53.0,46.64,88.0,136,180,1,Section 3H disbursement in progress; joint revenue measurement (JGM) completed for 88.0% alignment.
618467,Vadodara Mumbai Expressway Karvad - Jujuwa from Km. 128.000 to Km. 154.600 Phase-I Package-IX,Gujarat,Roads & Highways,S.O. 3193(E)/2021,NH_SEC_3D,Competent Authority Land Acquisition (CALA) / SDM Gujarat Central Revenue Division,QUERY_RAISED,53.0,43.99,83.0,220,180,1,Section 3H disbursement in progress; joint revenue measurement (JGM) completed for 83.0% alignment.
618463,Vadodara Mumbai Expressway Kim to Ankleshwar Phase IA - Pkg V,Gujarat,Roads & Highways,S.O. 3731(E)/2022,NH_SEC_3D,Competent Authority Land Acquisition (CALA) / SDM Gujarat Central Revenue Division,LOOPBACK,41.0,18.86,46.0,600,180,1,CALA Section 3G compensation award disputed in District Court; physical possession stalled for 22.1 Ha.
617928,"Widening 2 lane to 4-lane from KM 92/320 to Km 115/320 Vav Chokdi-Satlasana to to Vrundavan Chokdi, Kheralu on NH-58 in the State of Gujarat.",Gujarat,Roads & Highways,S.O. 4725(E)/2019,NH_SEC_3D,Competent Authority Land Acquisition (CALA) / SDM Gujarat Central Revenue Division,APPROVED,40.0,40.0,100.0,104,180,0,100% land possession handed over to executing agency under Section 3D/19 mutation certificate.
617927,Widening to 2LPS between Km 0/0 to 56/0 Khokhara Gujarat Border  Vijayanagar  Antrasuba Mathasur road  of NH 58 in the State of Gujarat,Gujarat,Roads & Highways,S.O. 1433(E)/2019,NH_SEC_3D,Competent Authority Land Acquisition (CALA) / SDM Gujarat Central Revenue Division,APPROVED,58.0,58.0,100.0,51,180,0,100% land possession handed over to executing agency under Section 3D/19 mutation certificate.
619087,Widening to 6L of Existing 4L Jetpur - Gondal - Rajkot Section from Km. 117.600 to Km. 185.00 on NH-27,Gujarat,Roads & Highways,S.O. 3283(E)/2023,NH_SEC_3D,Competent Authority Land Acquisition (CALA) / SDM Rajkot Revenue Division,QUERY_RAISED,73.0,53.29,73.0,220,180,1,Section 3H disbursement in progress; joint revenue measurement (JGM) completed for 73.0% alignment.
617916,Work of 6 laning/Construction of elevated corridor from km 0/0 to 10/170 Narol Junction to Sarkhej junction including 4 lane Shastri Bridge on Sabarmati river on NH 47 in the State of Gujarat on HAM mode,Gujarat,Roads & Highways,S.O. 1545(E)/2022,NH_SEC_3D,Competent Authority Land Acquisition (CALA) / SDM Gujarat Central Revenue Division,APPROVED,45.0,45.0,100.0,76,180,0,100% land possession handed over to executing agency under Section 3D/19 mutation certificate.
617976,Work of development and construction of elevated corridorfrom km 38/660 to km 42/690 Iscon junction to start point of approach of sanand flyover of NH-147 in the sate of Gujarat,Gujarat,Roads & Highways,S.O. 1031(E)/2022,NH_SEC_3D,Competent Authority Land Acquisition (CALA) / SDM Gujarat Central Revenue Division,APPROVED,56.0,56.0,100.0,60,180,0,100% land possession handed over to executing agency under Section 3D/19 mutation certificate.
618788,4L Greenfield Jalbhera  Shahbad section from km. 0.000 to km. 22.850 of NH-152G,Haryana,Roads & Highways,S.O. 2702(E)/2018,NH_SEC_3D,Competent Authority Land Acquisition (CALA) / SDM Haryana Central Revenue Division,QUERY_RAISED,62.0,44.64,72.0,176,180,1,Section 3H disbursement in progress; joint revenue measurement (JGM) completed for 72.0% alignment.
618691,4 laning of Aligarh-Palwal Section from Km. 46.390 Design Chainage to Km. 69.110 Terminating at junction EPE Package-II from Kurana- Eastern Peripheral Expressway of NH-334D,Haryana,Roads & Highways,S.O. 2318(E)/2018,NH_SEC_3D,Competent Authority Land Acquisition (CALA) / SDM Palwal Revenue Division,APPROVED,63.0,63.0,100.0,103,180,0,100% land possession handed over to executing agency under Section 3D/19 mutation certificate.
619132,4/6L of Gurgaon - Pataudi - Rewari from km. 0.00 to km.43.87 of NH-352W,Haryana,Roads & Highways,S.O. 1877(E)/2019,NH_SEC_3D,Competent Authority Land Acquisition (CALA) / SDM Haryana Central Revenue Division,LOOPBACK,57.0,29.64,52.0,600,180,1,CALA Section 3G compensation award disputed in District Court; physical possession stalled for 27.4 Ha.
618935,4L  Ambala - Kalaamb from Km. -0.800 to Km. 33.015 of old NH-72,Haryana,Roads & Highways,S.O. 1831(E)/2022,NH_SEC_3D,Competent Authority Land Acquisition (CALA) / SDM Haryana Central Revenue Division,QUERY_RAISED,51.0,41.31,81.0,171,180,1,Section 3H disbursement in progress; joint revenue measurement (JGM) completed for 81.0% alignment.
618792,4L Bhiwani-Hansi road section of NH-148B,Haryana,Roads & Highways,S.O. 4726(E)/2019,NH_SEC_3D,Competent Authority Land Acquisition (CALA) / SDM Haryana Central Revenue Division,APPROVED,71.0,71.0,100.0,62,180,0,100% land possession handed over to executing agency under Section 3D/19 mutation certificate.
618760,4L Greenfield a Malout bypass from ch. Km 44.500 to ch. Km 35.500 on NH-07 and Ch. Km 0.000 to Km 6.984 on NH-09 bMandi Dabwali Bypass from Ch. 38.450 Km to  Km 27.910 Pkg-02,Haryana,Roads & Highways,S.O. 2981(E)/2018,NH_SEC_3D,Competent Authority Land Acquisition (CALA) / SDM Dabwali Revenue Division,APPROVED,66.0,66.0,100.0,104,180,0,100% land possession handed over to executing agency under Section 3D/19 mutation certificate.
619093,4L Ismailabad to Ambala Section of NH-152 Lot-4/Package-1,Haryana,Roads & Highways,S.O. 1660(E)/2023,NH_SEC_3D,Competent Authority Land Acquisition (CALA) / SDM Ambala Revenue Division,QUERY_RAISED,55.0,38.5,70.0,220,180,1,Section 3H disbursement in progress; joint revenue measurement (JGM) completed for 70.0% alignment.
619092,4L of Jind-Gohana road Package-1 from km. 0.00 to km. 40.601 of NH-352 A under NHO,Haryana,Roads & Highways,S.O. 4091(E)/2023,NH_SEC_3D,Competent Authority Land Acquisition (CALA) / SDM Haryana Central Revenue Division,LOOPBACK,41.0,18.86,46.0,600,180,1,CALA Section 3G compensation award disputed in District Court; physical possession stalled for 22.1 Ha.
619080,4L PS of Ambala Ring Road of New NH-44,Haryana,Roads & Highways,S.O. 1527(E)/2021,NH_SEC_3D,Competent Authority Land Acquisition (CALA) / SDM Haryana Central Revenue Division,QUERY_RAISED,42.0,32.34,77.0,177,180,1,Section 3H disbursement in progress; joint revenue measurement (JGM) completed for 77.0% alignment.
619216,6L access Controlled Greenfield Highway from Adhoya Musalmana to Sadopur section of Shamli -Ambala Package-III Design Ch. Form km 84.400 to km 121.786,Haryana,Roads & Highways,S.O. 4265(E)/2019,NH_SEC_3D,Competent Authority Land Acquisition (CALA) / SDM Haryana Central Revenue Division,QUERY_RAISED,55.0,41.25,75.0,220,180,1,Section 3H disbursement in progress; joint revenue measurement (JGM) completed for 75.0% alignment.
618723,6L access Controlled Greenfield Highway from Ranipur Barsi to Adhoya Musalmana  section of Shamli -Ambala Package-II Design Ch. Form km 45.500 to km 84.400,Haryana,Roads & Highways,S.O. 3222(E)/2018,NH_SEC_3D,Competent Authority Land Acquisition (CALA) / SDM Haryana Central Revenue Division,QUERY_RAISED,57.0,41.04,72.0,220,180,1,Section 3H disbursement in progress; joint revenue measurement (JGM) completed for 72.0% alignment.
619134,6L of Ambala-Chandigarh greenfield section from Km. 0.000 to Km. 25.000 with 4L spur to Lalru from Km. 0.000 to Km. 5.828  & spur to PR-7 road from Km. 0.000 to Km. 11.157,Haryana,Roads & Highways,S.O. 4452(E)/2020,NH_SEC_3D,Competent Authority Land Acquisition (CALA) / SDM Haryana Central Revenue Division,QUERY_RAISED,57.0,46.74,82.0,136,180,1,Section 3H disbursement in progress; joint revenue measurement (JGM) completed for 82.0% alignment.
618505,Additional Structures on 6LGurgaon-Jaipur Section of NH-48 between KM 42.700 to KM 273.00,Haryana,Roads & Highways,S.O. 4872(E)/2018,NH_SEC_3D,Competent Authority Land Acquisition (CALA) / SDM Jaipur Revenue Division,LOOPBACK,62.0,29.14,47.0,576,180,1,CALA Section 3G compensation award disputed in District Court; physical possession stalled for 32.9 Ha.
618506,"Construction of Additional Structures, Improvement of Service Road & Maintenance of Six Lane Gurgaon-Jaipur Section of NH-48 old NH-8 between km 42700 to km 107100 in the State of Haryana",Haryana,Roads & Highways,S.O. 5100(E)/2021,NH_SEC_3D,Competent Authority Land Acquisition (CALA) / SDM Jaipur Revenue Division,APPROVED,60.0,60.0,100.0,85,180,0,100% land possession handed over to executing agency under Section 3D/19 mutation certificate.
619068,Construction of Greenfield Connectivity to Jewar International Airport from DND-Faridabad-Ballabhgarh Bypass KMP Link - Spur to Delhi Mumbai Expressway,Haryana,Roads & Highways,S.O. 2120(E)/2019,NH_SEC_3D,Competent Authority Land Acquisition (CALA) / SDM Ballabhgarh Revenue Division,QUERY_RAISED,45.0,31.5,70.0,220,180,1,Section 3H disbursement in progress; joint revenue measurement (JGM) completed for 70.0% alignment.
618482,Delhi-Amritsar-Katra Expressway Phase-I Pkg-I from Jussur Kheri on NH-KMP Expressway to Junction with Rohtak-Panipat road NH-709 near Rukhi Paani village Km 0000 to Km 34000,Haryana,Roads & Highways,S.O. 5360(E)/2021,NH_SEC_3D,Competent Authority Land Acquisition (CALA) / SDM Haryana Central Revenue Division,QUERY_RAISED,40.0,28.0,70.0,220,180,1,Section 3H disbursement in progress; joint revenue measurement (JGM) completed for 70.0% alignment.
618483,Delhi-Amritsar-Katra Expressway Phase-I Pkg-II from Junction with Rohtak-Panipat road NH-709 near Rukhi Paani village to Junction with Jind-Panipat road NH-352A near Gangana village Km 34000 to Km 60800,Haryana,Roads & Highways,S.O. 4843(E)/2023,NH_SEC_3D,Competent Authority Land Acquisition (CALA) / SDM Haryana Central Revenue Division,LOOPBACK,43.0,20.64,48.0,600,180,1,CALA Section 3G compensation award disputed in District Court; physical possession stalled for 22.4 Ha.
618484,Delhi-Amritsar-Katra Expressway Phase-I Pkg-III from Junction with Jind-Panipat road NH-352A near Gangana village to Junction with Jind-Karnal road NH-709A near Alewa village Km 60800 to Km 91400,Haryana,Roads & Highways,S.O. 3330(E)/2018,NH_SEC_3D,Competent Authority Land Acquisition (CALA) / SDM Haryana Central Revenue Division,APPROVED,55.0,55.0,100.0,101,180,0,100% land possession handed over to executing agency under Section 3D/19 mutation certificate.
618485,Delhi-Amritsar-Katra Expressway Phase-I Pkg-IV from Junction with Jind-Karnal road NH-709A near Alewa village to Junction with Ambala-Kaithal-Hissar road NH-152 near Kharak Pandwa village Km 91400 to Km 120250,Haryana,Roads & Highways,S.O. 4305(E)/2018,NH_SEC_3D,Competent Authority Land Acquisition (CALA) / SDM Haryana Central Revenue Division,APPROVED,45.0,45.0,100.0,109,180,0,100% land possession handed over to executing agency under Section 3D/19 mutation certificate.
618486,Delhi-Amritsar-Katra Expressway Phase-I Pkg-V from Junction with Ambala-Kaithal-Hissar road NH-152 near Kharak Pandwa village to Junction with Patiala-Samana-Patran road SH-10 near Ghagga village Km 120250 to Km 157920,Haryana,Roads & Highways,S.O. 4335(E)/2022,NH_SEC_3D,Competent Authority Land Acquisition (CALA) / SDM Haryana Central Revenue Division,QUERY_RAISED,65.0,55.25,85.0,203,180,1,Section 3H disbursement in progress; joint revenue measurement (JGM) completed for 85.0% alignment.
618580,Gohana - Sonipat PKG-2,Haryana,Roads & Highways,S.O. 3760(E)/2022,NH_SEC_3D,Competent Authority Land Acquisition (CALA) / SDM Haryana Central Revenue Division,LOOPBACK,60.0,27.0,45.0,600,180,1,CALA Section 3G compensation award disputed in District Court; physical possession stalled for 33.0 Ha.
618936,Jagadhari - Tajewala from Km -0.175 to 32.337 km of NH-344,Haryana,Roads & Highways,S.O. 4108(E)/2020,NH_SEC_3D,Competent Authority Land Acquisition (CALA) / SDM Haryana Central Revenue Division,LOOPBACK,48.0,30.24,63.0,565,180,1,CALA Section 3G compensation award disputed in District Court; physical possession stalled for 17.8 Ha.
619201,Karnal ring road Lot-4/Pkg-1,Haryana,Roads & Highways,S.O. 1400(E)/2023,NH_SEC_3D,Competent Authority Land Acquisition (CALA) / SDM Haryana Central Revenue Division,QUERY_RAISED,40.0,28.0,70.0,220,180,1,Section 3H disbursement in progress; joint revenue measurement (JGM) completed for 70.0% alignment.
618890,2L PS of Hamirpur Bypass from Km 121.175 to Km.138.295 of NH-103&3,Himachal Pradesh,Roads & Highways,S.O. 2628(E)/2019,NH_SEC_3D,Competent Authority Land Acquisition (CALA) / SDM Hamirpur Revenue Division,APPROVED,63.0,63.0,100.0,99,180,0,100% land possession handed over to executing agency under Section 3D/19 mutation certificate.
618907,2L/4L of Hoshiarpur to Una section including Hoshiarpur Bypass of NH 503A,Himachal Pradesh,Roads & Highways,S.O. 4430(E)/2020,NH_SEC_3D,Competent Authority Land Acquisition (CALA) / SDM Hoshiarpur Revenue Division,APPROVED,45.0,45.0,100.0,102,180,0,100% land possession handed over to executing agency under Section 3D/19 mutation certificate.
618892,"4 Lane with Paved Shoulder from Dareota Village to Kalar Bala NH 205, Design Chainage -Km 33185 to Km 41000, Design Length-7.815 Km Package-IIB",Himachal Pradesh,Roads & Highways,S.O. 5403(E)/2021,NH_SEC_3D,Competent Authority Land Acquisition (CALA) / SDM Himachal Central Revenue Division,APPROVED,58.0,58.0,100.0,65,180,0,100% land possession handed over to executing agency under Section 3D/19 mutation certificate.
618852,4L  Sundar Nagar Bypass from  Km.173.900 to Km.179.600 of NH-21,Himachal Pradesh,Roads & Highways,S.O. 2764(E)/2020,NH_SEC_3D,Competent Authority Land Acquisition (CALA) / SDM Nagar Revenue Division,LOOPBACK,44.0,30.36,69.0,561,180,1,CALA Section 3G compensation award disputed in District Court; physical possession stalled for 13.6 Ha.
618889,"4L of Bhangbar Near Ranital to Kangra Bypass Section of Old NH-88 New NH-303,503 up to Intersection with NH-154 from Km 175.270 to Km 193.400 Pkg-VB",Himachal Pradesh,Roads & Highways,S.O. 4935(E)/2019,NH_SEC_3D,Competent Authority Land Acquisition (CALA) / SDM Kangra Revenue Division,QUERY_RAISED,70.0,59.5,85.0,220,180,1,Section 3H disbursement in progress; joint revenue measurement (JGM) completed for 85.0% alignment.
619153,4L of HP/Punjab Border - Mo from km. 11.00 to km. 42.00 of Old NH-20 New NH-154 Package-IA,Himachal Pradesh,Roads & Highways,S.O. 1332(E)/2018,NH_SEC_3D,Competent Authority Land Acquisition (CALA) / SDM Himachal Central Revenue Division,LOOPBACK,62.0,29.14,47.0,600,180,1,CALA Section 3G compensation award disputed in District Court; physical possession stalled for 32.9 Ha.
618921,4L of Kathlighat to Shakral Village from Km 128.835 to Km 146.300 of NH- 5 Shimla Bypass - Pkg I,Himachal Pradesh,Roads & Highways,S.O. 1680(E)/2021,NH_SEC_3D,Competent Authority Land Acquisition (CALA) / SDM Shimla Revenue Division,QUERY_RAISED,60.0,42.0,70.0,220,180,1,Section 3H disbursement in progress; joint revenue measurement (JGM) completed for 70.0% alignment.
618922,4L of Shakral Village to Dhalli Section from Km 146.300 to Km 156.560 Shimla Bypass - Pkg II and Shimla connectivity from Km 0.000 to Km 0.725 of NH-5,Himachal Pradesh,Roads & Highways,S.O. 2485(E)/2022,NH_SEC_3D,Competent Authority Land Acquisition (CALA) / SDM Dhalli Revenue Division,APPROVED,60.0,60.0,100.0,105,180,0,100% land possession handed over to executing agency under Section 3D/19 mutation certificate.
619291,4L Poanta SahebMednipur from Km. 435.65 to km. 458.65 of NH-07Pkg-1,Himachal Pradesh,Roads & Highways,S.O. 4272(E)/2018,NH_SEC_3D,Competent Authority Land Acquisition (CALA) / SDM Himachal Central Revenue Division,QUERY_RAISED,52.0,42.64,82.0,184,180,1,Section 3H disbursement in progress; joint revenue measurement (JGM) completed for 82.0% alignment.
618881,4L PS  bijni to mandi section from Km 202.815 to Km 208.000 of NH-20 New NH-154  of Pathankot-Mandi Package-VB,Himachal Pradesh,Roads & Highways,S.O. 3126(E)/2021,NH_SEC_3D,Competent Authority Land Acquisition (CALA) / SDM Himachal Central Revenue Division,APPROVED,61.0,61.0,100.0,102,180,0,100% land possession handed over to executing agency under Section 3D/19 mutation certificate.
618891,4L PS from Kalar Bala Village to Nauni Chowk of NH 205 from Km 41.000 to Km 58.450,Himachal Pradesh,Roads & Highways,S.O. 2797(E)/2022,NH_SEC_3D,Competent Authority Land Acquisition (CALA) / SDM Himachal Central Revenue Division,APPROVED,52.0,52.0,100.0,78,180,0,100% land possession handed over to executing agency under Section 3D/19 mutation certificate.
618253,Construction of missing link from Birhu to Lathiani from Km 35/550 Design chainage Km 0.000 to Km 42/800 Design Chainage Km 8.153on NH-503A including Lathiani Bridge on back water of Govindsagar and its approaches in Himachal Pradesh.,Himachal Pradesh,Roads & Highways,S.O. 2882(E)/2019,NH_SEC_3D,Competent Authority Land Acquisition (CALA) / SDM Himachal Central Revenue Division,APPROVED,62.0,62.0,100.0,76,180,0,100% land possession handed over to executing agency under Section 3D/19 mutation certificate.
618216,"Improvement/construction of existing CL-5 Road to NH Intermediate lane specification with hard shoulder from Km 133.000 to 166.000 net Length 33.000 kms of NH-505 Sumdo-Kaza-Gramphoo road  in the state of Himachal Pradesh on EPC mode under project Deepak, BRO",Himachal Pradesh,Roads & Highways,S.O. 4931(E)/2023,NH_SEC_3D,Competent Authority Land Acquisition (CALA) / SDM Himachal Central Revenue Division,APPROVED,46.0,46.0,100.0,80,180,0,100% land possession handed over to executing agency under Section 3D/19 mutation certificate.
618215,"Improvement/construction of existing CL-5 Road to NH Intermediate lane specification with hard shoulder from Km 166.000 to 203.77   net Length 37.770 kms    of NH-505   Sumdo-Kaza-Gramphoo road     in the state of Himachal Pradesh on EPC mode under project Deepak, BRO",Himachal Pradesh,Roads & Highways,S.O. 3870(E)/2021,NH_SEC_3D,Competent Authority Land Acquisition (CALA) / SDM Himachal Central Revenue Division,APPROVED,40.0,40.0,100.0,107,180,0,100% land possession handed over to executing agency under Section 3D/19 mutation certificate.
618217,Improvement/construction of existing Class-5 Road to NH Intermediate lane specification with hard shoulder from existing Km 76/340 to 134/940 Design chainage from Km 76/300 to 133/000 net Length 56.700 kms of NH-505 Sumdo-Kaza-Gramphoo road  in the state of Himachal Pradesh Package I,Himachal Pradesh,Roads & Highways,S.O. 1785(E)/2019,NH_SEC_3D,Competent Authority Land Acquisition (CALA) / SDM Himachal Central Revenue Division,APPROVED,50.0,50.0,100.0,75,180,0,100% land possession handed over to executing agency under Section 3D/19 mutation certificate.
618850,Nerchowk km 190.000 to Pandoh including Pandoh bypass  km221.305,Himachal Pradesh,Roads & Highways,S.O. 2790(E)/2023,NH_SEC_3D,Competent Authority Land Acquisition (CALA) / SDM Himachal Central Revenue Division,LOOPBACK,55.0,35.75,65.0,600,180,1,CALA Section 3G compensation award disputed in District Court; physical possession stalled for 19.2 Ha.
618851,Pandoh bypass 221.305 to Takoli 242.000 of NH-21 in the state of Himachal Pradesh,Himachal Pradesh,Roads & Highways,S.O. 4797(E)/2023,NH_SEC_3D,Competent Authority Land Acquisition (CALA) / SDM Himachal Central Revenue Division,LOOPBACK,57.0,35.34,62.0,600,180,1,CALA Section 3G compensation award disputed in District Court; physical possession stalled for 21.7 Ha.
618888,Rehabilitation and Up-gradation of existing road to 2L PS from End of Hamirpur Bypass near Chilbahal to Bhangbar section from Km. 138.295 to Km.175.270 of NH-88 Pkg-IV,Himachal Pradesh,Roads & Highways,S.O. 4167(E)/2021,NH_SEC_3D,Competent Authority Land Acquisition (CALA) / SDM Hamirpur Revenue Division,QUERY_RAISED,52.0,40.04,77.0,220,180,1,Section 3H disbursement in progress; joint revenue measurement (JGM) completed for 77.0% alignment.
618880,Rehabilitation and Up-gradation to 4L configuration & Strengthening of Thanpuri to Paror section from Km 85.135 to Km 100.840 of NH-154 Pkg-IIC,Himachal Pradesh,Roads & Highways,S.O. 4996(E)/2023,NH_SEC_3D,Competent Authority Land Acquisition (CALA) / SDM Himachal Central Revenue Division,QUERY_RAISED,61.0,52.46,86.0,220,180,1,Section 3H disbursement in progress; joint revenue measurement (JGM) completed for 86.0% alignment.
618231,Rehabilitation and Upgradation to 2-lane configuration of Hamirpur-Karnohal Section km 141.00 to 181.00 of NH-70 in the State of Himachal Pradesh under Green National Highways Corridor Project GNHCP with the loan assistance of World Bank on EPC mode.Package-1,Himachal Pradesh,Roads & Highways,S.O. 2787(E)/2021,NH_SEC_3D,Competent Authority Land Acquisition (CALA) / SDM Karnohal Revenue Division,QUERY_RAISED,47.0,36.19,77.0,220,180,1,Section 3H disbursement in progress; joint revenue measurement (JGM) completed for 77.0% alignment.
618230,Rehabilitation and Upgradation to 2-lane configuration of Kalwahn-Mandi Section km 208.950 to 250.592 of NH-70 in the State of Himachal Pradesh under Green National Highways Corridor Project GNHCP with the loan assistance of World Bank on EPC mode.Package-3,Himachal Pradesh,Roads & Highways,S.O. 3389(E)/2021,NH_SEC_3D,Competent Authority Land Acquisition (CALA) / SDM Mandi Revenue Division,QUERY_RAISED,59.0,46.61,79.0,220,180,1,Section 3H disbursement in progress; joint revenue measurement (JGM) completed for 79.0% alignment.
618232,Rehabilitation and Upgradation to 2-lane configuration of Karnohal- Kalwahn Section km 181.00 to 208.950 of NH-70 in the State of Himachal Pradesh under Green National Highways Corridor Project GNHCP with the loan assistance of World Bank on EPC mode.Package-2,Himachal Pradesh,Roads & Highways,S.O. 2869(E)/2021,NH_SEC_3D,Competent Authority Land Acquisition (CALA) / SDM Kalwahn Revenue Division,APPROVED,64.0,64.0,100.0,80,180,0,100% land possession handed over to executing agency under Section 3D/19 mutation certificate.
618050,Rehabilitation and Upgradation to 2-lane/Intermediate lane configuration of Ashyari-Shri Kyari Section   km 50.000 to km 75.000    of  NH-707 in the state of Himachal Pradesh under Green National Highways Corridor Project   GNHCP    with the loan assistance of World Bank on EPC mode.,Himachal Pradesh,Roads & Highways,S.O. 2542(E)/2018,NH_SEC_3D,Competent Authority Land Acquisition (CALA) / SDM Kyari Revenue Division,QUERY_RAISED,52.0,37.44,72.0,212,180,1,Section 3H disbursement in progress; joint revenue measurement (JGM) completed for 72.0% alignment.
618879,Rehabilitation and Upgradation to 2L PS configuration & Strengthening of Padhar to Bijni section from Km 180.000 to Km 202.815 of NH-154 Pkg-VA,Himachal Pradesh,Roads & Highways,S.O. 1034(E)/2021,NH_SEC_3D,Competent Authority Land Acquisition (CALA) / SDM Himachal Central Revenue Division,APPROVED,44.0,44.0,100.0,101,180,0,100% land possession handed over to executing agency under Section 3D/19 mutation certificate.
618878,Rehabilitation and Upgradation to 4L configuration & Strengthening of Sihuni to Rajol  from Km 51.000 to Km 72.000 of NH-154 Package-IIA,Himachal Pradesh,Roads & Highways,S.O. 4761(E)/2022,NH_SEC_3D,Competent Authority Land Acquisition (CALA) / SDM Himachal Central Revenue Division,QUERY_RAISED,61.0,43.31,71.0,193,180,1,Section 3H disbursement in progress; joint revenue measurement (JGM) completed for 71.0% alignment.
618051,Rehabilitation and Upgrading of NH-707 OLD 72-B Package - 2 Hewna to Ashyari,Himachal Pradesh,Roads & Highways,S.O. 1830(E)/2019,NH_SEC_3D,Competent Authority Land Acquisition (CALA) / SDM Himachal Central Revenue Division,APPROVED,55.0,55.0,100.0,54,180,0,100% land possession handed over to executing agency under Section 3D/19 mutation certificate.
619003,Solan - Kaithlighat Section of NH-22 Now NH-5 from Km. 106.139 to Km.129.05,Himachal Pradesh,Roads & Highways,S.O. 4166(E)/2021,NH_SEC_3D,Competent Authority Land Acquisition (CALA) / SDM Kaithlighat Revenue Division,LOOPBACK,51.0,31.11,61.0,600,180,1,CALA Section 3G compensation award disputed in District Court; physical possession stalled for 19.9 Ha.
618547,2L NH-1 from km 8.660 to km 33.775 Sumbal to Wayul to 4L dual carriageway NH standard as part of Srinagar Ring Road PhaseII [Design Ch. 41.907 to Ch. 66.609],Jammu & Kashmir,Roads & Highways,S.O. 3824(E)/2023,NH_SEC_3D,Competent Authority Land Acquisition (CALA) / SDM Jammu Central Revenue Division,QUERY_RAISED,69.0,51.06,74.0,150,180,1,Section 3H disbursement in progress; joint revenue measurement (JGM) completed for 74.0% alignment.
618495,4/6L Access Control Expressway from Design Chainage Km 515.000 to 528.300 Kunjwani to Sidhra Section of NH-44 and from Design Chainage Km 550.900 to Km 566.520 Domel to Katra Section Phase II-Package XVII,Jammu & Kashmir,Roads & Highways,S.O. 3021(E)/2019,NH_SEC_3D,Competent Authority Land Acquisition (CALA) / SDM Sidhra Revenue Division,LOOPBACK,71.0,39.76,56.0,569,180,1,CALA Section 3G compensation award disputed in District Court; physical possession stalled for 31.2 Ha.
618542,4L of existing Wayul  Ganderbal  Pandach Soura section of old NH-1 as a part of Srinagar Ring Road Phase  IIA,Jammu & Kashmir,Roads & Highways,S.O. 3952(E)/2020,NH_SEC_3D,Competent Authority Land Acquisition (CALA) / SDM Jammu Central Revenue Division,APPROVED,67.0,67.0,100.0,81,180,0,100% land possession handed over to executing agency under Section 3D/19 mutation certificate.
618545,"4L of Km.165.092 to Km.171.855 North Bound and from Km.166.895 to Km.173.638 South Bound, excl.  certain reaches of North Bound and South Bound of Ramban to Banihal Pkg-III of Old NH-1A New NH-44",Jammu & Kashmir,Roads & Highways,S.O. 4997(E)/2018,NH_SEC_3D,Competent Authority Land Acquisition (CALA) / SDM Jammu Central Revenue Division,LOOPBACK,47.0,24.44,52.0,600,180,1,CALA Section 3G compensation award disputed in District Court; physical possession stalled for 22.6 Ha.
618543,4L of twin tube tunnel configuration including approaches from Marog to Digdol from Km.154.210 to Km.158.650 North Bound and from Km.155.940 to Km.160.260 South Bound of  Ramban to Banihal Pkg-I of Old NH-1A New NH-44,Jammu & Kashmir,Roads & Highways,S.O. 2342(E)/2023,NH_SEC_3D,Competent Authority Land Acquisition (CALA) / SDM Jammu Central Revenue Division,QUERY_RAISED,52.0,37.44,72.0,161,180,1,Section 3H disbursement in progress; joint revenue measurement (JGM) completed for 72.0% alignment.
618541,4L Ring road/bypass around Srinagar city from km 0.000 to km 42.100 Phase-I,Jammu & Kashmir,Roads & Highways,S.O. 5278(E)/2022,NH_SEC_3D,Competent Authority Land Acquisition (CALA) / SDM Jammu Central Revenue Division,LOOPBACK,43.0,27.09,63.0,600,180,1,CALA Section 3G compensation award disputed in District Court; physical possession stalled for 15.9 Ha.
618544,"4L twin tube tunnel including approaches from Digdol to Khuni Nallah North Bound connecting with existing major bridge on NB and South Bound connecting with Tunnel T4 ,Single tube tunnel of Ramban to Banihal Pkg-II of Old NH-1A New NH-44",Jammu & Kashmir,Roads & Highways,S.O. 1338(E)/2023,NH_SEC_3D,Competent Authority Land Acquisition (CALA) / SDM Jammu Central Revenue Division,LOOPBACK,43.0,22.79,53.0,532,180,1,CALA Section 3G compensation award disputed in District Court; physical possession stalled for 20.2 Ha.
618396,Construction & Upgradation to 2 lane with paved shoulder from Design Km. 31.449 Khellani Ex. Km 44.946 to Km 51.700 Prem Nagar Ex. Km 68617 of 20.251 Km length on Khellani - Kishtwar - Chattroo section of NH-244 in the UT of J&K on EPC Mode under NHO-Gen PKG- 1,Jammu & Kashmir,Roads & Highways,S.O. 4812(E)/2019,NH_SEC_3D,Competent Authority Land Acquisition (CALA) / SDM Jammu Central Revenue Division,LOOPBACK,57.0,26.79,47.0,600,180,1,CALA Section 3G compensation award disputed in District Court; physical possession stalled for 30.2 Ha.
618395,"Construction & Upgradation to 2-lane with paved shoulder from Design Ch. Km 51700 at Premnagar km 66315 to Km 66535 New Thatri at Start of Km 83rd, Tunnel Km 82665 of 14.835 Km design length on Chenani-Sudhmahadev-Goha Khellani-Kishtwar-Vailoo Donipawa-Ashajipora section of NH-244 in the UT of J&K on EPC Mode under NHO-Gen Pkg - 2",Jammu & Kashmir,Roads & Highways,S.O. 1249(E)/2022,NH_SEC_3D,Competent Authority Land Acquisition (CALA) / SDM Jammu Central Revenue Division,LOOPBACK,74.0,39.96,54.0,600,180,1,CALA Section 3G compensation award disputed in District Court; physical possession stalled for 34.0 Ha.
618400,Construction & Upgradation to 2-lane with paved shoulder from Design Km 67.805 at the end of Km 83rd Tunnel near Dhrabshalla Ex. Km 83905 to Km 80.675 start of Kishtwar Bypass - Dulhasti Ex. Km 970751 of 12.870 Km length on chenani-Sudhmahadev-Goha Khellani-Kishtwar-vailoo-Donipawa-Ashajipora seition of NH-244 in the UT of J&K on EPC Mode under NHO-Gen Pkg-3,Jammu & Kashmir,Roads & Highways,S.O. 3253(E)/2023,NH_SEC_3D,Competent Authority Land Acquisition (CALA) / SDM Kishtwar Revenue Division,LOOPBACK,48.0,23.04,48.0,600,180,1,CALA Section 3G compensation award disputed in District Court; physical possession stalled for 25.0 Ha.
618202,Construction of 2 lane with paved shoulders Baramulla Bypass Greenfield bypass from existing Ch. Km 47020 to Km 56720 and Design Ch. From 48500 to 62600 Total length 14.100 km on road Srinagar Baramulla  Uri NH-01 in the UT of Jammu & Kashmir under Project.Package-III,Jammu & Kashmir,Roads & Highways,S.O. 3254(E)/2021,NH_SEC_3D,Competent Authority Land Acquisition (CALA) / SDM Baramulla Revenue Division,QUERY_RAISED,74.0,62.16,84.0,174,180,1,Section 3H disbursement in progress; joint revenue measurement (JGM) completed for 84.0% alignment.
618205,"Construction of 4 lane with paved shoulder from Existing Ch. 14200 to 24320 Design Ch. 14200 to 24400, Ch. 33760 to 42780 Design Ch. 35300 to 44294 & Ch. 43440 to 47020 Design Ch. 44958 to 48500 Delina Flyover  including construction of flyover length 1.704 km of total length 22.736 kms in AOR of 760 BRTF on road SRINAGAR BARAMULA  URI NH-01 in the UT of Jammu & Kashmir under project BEACON, Border Roads Organization BRO  Package-IJob No NH-1-J&K-2022-23-110",Jammu & Kashmir,Roads & Highways,S.O. 2266(E)/2020,NH_SEC_3D,Competent Authority Land Acquisition (CALA) / SDM Jammu Central Revenue Division,QUERY_RAISED,66.0,50.16,76.0,187,180,1,Section 3H disbursement in progress; joint revenue measurement (JGM) completed for 76.0% alignment.
618203,"Construction of 4 lane with paved shoulder Pattan bypass Greenfield bypass from existing Ch. Km 24320 to Km 33760 and Design Ch. from Km 24400 to Km 35300, total length 10.900 km on road SrinagarBaramulla  Uri NH-01 in the UT of Jammu & Kashmir under Project BEACON, Border Roads Organization BRO on EPC mode. Package-II",Jammu & Kashmir,Roads & Highways,S.O. 1698(E)/2018,NH_SEC_3D,Competent Authority Land Acquisition (CALA) / SDM Jammu Central Revenue Division,APPROVED,68.0,68.0,100.0,75,180,0,100% land possession handed over to executing agency under Section 3D/19 mutation certificate.
618399,Construction of Kishtwar bypass with 2 lane with paved shoulder from Design Km. 80.675 Dulhasti to km 95.550 Bandarkoot  of 14.88 km & a link road to Kishtwar town from 0000 to 1.871 of length1.871 Km on Khellani - Kishtwar - Chattroo section in UT of Jammu and Kashmir on EPC Mode Pkg-4,Jammu & Kashmir,Roads & Highways,S.O. 4218(E)/2020,NH_SEC_3D,Competent Authority Land Acquisition (CALA) / SDM Jammu Central Revenue Division,LOOPBACK,43.0,22.79,53.0,600,180,1,CALA Section 3G compensation award disputed in District Court; physical possession stalled for 20.2 Ha.
618204,Construction of realignment between Pandrass- Pashkyun   Total length 27.10 km    on road Zozila-Kargil -Leh   NH-1    to 2 lane specifications i.e. Drass alignment   9.30 km    Kharboo realignment   6.30 km    & Kargil alignment   11.50 km    under project Vijayak   BRO    in the UT of Ladakh on EPC Mode,Jammu & Kashmir,Roads & Highways,S.O. 3356(E)/2019,NH_SEC_3D,Competent Authority Land Acquisition (CALA) / SDM Jammu Central Revenue Division,QUERY_RAISED,66.0,56.76,86.0,214,180,1,Section 3H disbursement in progress; joint revenue measurement (JGM) completed for 86.0% alignment.
618038,Construction of Shopian Bypass  on NH-444 taking off  from existing chainage Km 36500 and re-joining at km 47588  of existing Chainage   New Design Ch.  From km 28000 to km 36925 as 2- lane with paved shoulder in the UT of Jammu & Kashmir on EPC mode.,Jammu & Kashmir,Roads & Highways,S.O. 3366(E)/2023,NH_SEC_3D,Competent Authority Land Acquisition (CALA) / SDM Shopian Revenue Division,APPROVED,41.0,41.0,100.0,79,180,0,100% land possession handed over to executing agency under Section 3D/19 mutation certificate.
618546,Construction of Tunnels/Viaducts at identified sliding/slip zones at Km 130.550 to Km.130.750 Km.  131.170 to Km. 131.763 Km. 132.560 to Km. 133.168 Km. 133.590 to Km. 133.743 and Km. 147.877 to Km. 148.715 of Udhampur-Ramban section of NH-44,Jammu & Kashmir,Roads & Highways,S.O. 5054(E)/2020,NH_SEC_3D,Competent Authority Land Acquisition (CALA) / SDM Jammu Central Revenue Division,QUERY_RAISED,44.0,36.96,84.0,220,180,1,Section 3H disbursement in progress; joint revenue measurement (JGM) completed for 84.0% alignment.
618549,Construction of twin tube tunnels on Jammu Kashmir Ring Road NH-244A Between Design Ch. 50600 to 51700 and design Ch. 53535 to 55700 on EPC mode under residual NHDP component of Bharatmala Pariyojna,Jammu & Kashmir,Roads & Highways,S.O. 1282(E)/2023,NH_SEC_3D,Competent Authority Land Acquisition (CALA) / SDM Jammu Central Revenue Division,QUERY_RAISED,47.0,33.84,72.0,140,180,1,Section 3H disbursement in progress; joint revenue measurement (JGM) completed for 72.0% alignment.
619038,Construction/upgradation to 2-lane with paved shoulder from Design Km 95.55 Bandarkoot to Km. 111.06 Chattroo of 15.52 Km length on Khellani-Kishtwar-Chattroo section on NH-244  in UT of Jammu and Kashmir on EPC Mode Pkg-5,Jammu & Kashmir,Roads & Highways,S.O. 4276(E)/2019,NH_SEC_3D,Competent Authority Land Acquisition (CALA) / SDM Jammu Central Revenue Division,LOOPBACK,41.0,20.91,51.0,600,180,1,CALA Section 3G compensation award disputed in District Court; physical possession stalled for 20.1 Ha.
618550,Corridor Efficiency Improvement including removal of black spots in Lakhanpur - Samba section of NH-44 from Chainage Km. 16.300 to Km. 74.100,Jammu & Kashmir,Roads & Highways,S.O. 2111(E)/2021,NH_SEC_3D,Competent Authority Land Acquisition (CALA) / SDM Jammu Central Revenue Division,LOOPBACK,61.0,28.06,46.0,600,180,1,CALA Section 3G compensation award disputed in District Court; physical possession stalled for 32.9 Ha.
618497,Delhi Amritsar Katra Expressway Phase-II Pkg XVIII Development and Upgradation of Four lane Access Control Expressway from Design Chainage KM 530.00 to KM 545.300 Sidhra to Domel Section of NH-44,Jammu & Kashmir,Roads & Highways,S.O. 1898(E)/2019,NH_SEC_3D,Competent Authority Land Acquisition (CALA) / SDM Domel Revenue Division,QUERY_RAISED,73.0,64.24,88.0,220,180,1,Section 3H disbursement in progress; joint revenue measurement (JGM) completed for 88.0% alignment.
619066,Delhi-Amritsar-Katra Expressway Phase-II Pkg-XIV from Junction with Pathankot-Gurdaspur road NH-54 near Balsua to Junction with Hiranagar Road near village Gurha Baildaran km 423500 to km 468100,Jammu & Kashmir,Roads & Highways,S.O. 3723(E)/2020,NH_SEC_3D,Competent Authority Land Acquisition (CALA) / SDM Jammu Central Revenue Division,QUERY_RAISED,53.0,38.69,73.0,220,180,1,Section 3H disbursement in progress; joint revenue measurement (JGM) completed for 73.0% alignment.
618494,Delhi-Amritsar-Katra Expressway Phase-II Pkg-XV [Junction with Hiranagar Road near village Gurha Baildaran to Junction with Jammu Ring Road NH-244A near Jakh village from Km 468100 to Km 503250],Jammu & Kashmir,Roads & Highways,S.O. 1517(E)/2018,NH_SEC_3D,Competent Authority Land Acquisition (CALA) / SDM Jammu Central Revenue Division,LOOPBACK,72.0,37.44,52.0,598,180,1,CALA Section 3G compensation award disputed in District Court; physical possession stalled for 34.6 Ha.
618496,Delhi-Amritsar-Katra Expressway Phase-II Pkg-XVI Existing Jakh Vijaypur-Kunjwani section of NH-44 including spur Connectivity to Jammu Airport  NH-144A [Km 503500 to km 514500],Jammu & Kashmir,Roads & Highways,S.O. 2487(E)/2019,NH_SEC_3D,Competent Authority Land Acquisition (CALA) / SDM Jammu Central Revenue Division,QUERY_RAISED,62.0,47.74,77.0,220,180,1,Section 3H disbursement in progress; joint revenue measurement (JGM) completed for 77.0% alignment.
618407,Jammu-Akhnoor Road Pkg-I,Jammu & Kashmir,Roads & Highways,S.O. 4781(E)/2023,NH_SEC_3D,Competent Authority Land Acquisition (CALA) / SDM Jammu Central Revenue Division,QUERY_RAISED,71.0,50.41,71.0,220,180,1,Section 3H disbursement in progress; joint revenue measurement (JGM) completed for 71.0% alignment.
618220,Reconstruction and widening to 2 lane with paved shoulder from existing chainage km 102000 to km 134950 Design chainage km 90150 to km 116980 including construction of Naushera Tunnel Total length of tunnel 0.700 km under 31 TF on Akhnoor-Poonch road NH-144A in the UT of Jammu & Kashmir under Project Sampark BRO on EPC mode Package-V Job no  NH-144A-J&K-2020-21-104,Jammu & Kashmir,Roads & Highways,S.O. 1615(E)/2023,NH_SEC_3D,Competent Authority Land Acquisition (CALA) / SDM Jammu Central Revenue Division,QUERY_RAISED,40.0,34.0,85.0,220,180,1,Section 3H disbursement in progress; joint revenue measurement (JGM) completed for 85.0% alignment.
618225,Rehabilitation and up-gradation to 2 lane with paved shoulder from existing chainage km 134950 to km 166100 Design chainage km 116980 to km 146700 under 31 TF on Akhnoor-Poonch road NH-144A in the UT of Jammu & Kashmir under Project Sampark BRO on EPC mode Package-VI Job no  NH-144A-J&K-2021-22-106,Jammu & Kashmir,Roads & Highways,S.O. 3450(E)/2021,NH_SEC_3D,Competent Authority Land Acquisition (CALA) / SDM Jammu Central Revenue Division,QUERY_RAISED,50.0,40.0,80.0,220,180,1,Section 3H disbursement in progress; joint revenue measurement (JGM) completed for 80.0% alignment.
618224,Rehabilitation and up-gradation to 2 lane with paved shoulder from existing chainage km 49150 to km 64535 Design chainage km 46.450 to km 55.800 including construction of Sungal Tunnel Total length of Tunnel 2.79 km under 13 TF on Akhnoor-Poonch road NH-144A under Project Sampark BRO in the UT of Jammu & Kashmir on EPC mode Package-II Job no  NH-144A-J&K-2019-20-78,Jammu & Kashmir,Roads & Highways,S.O. 2362(E)/2023,NH_SEC_3D,Competent Authority Land Acquisition (CALA) / SDM Jammu Central Revenue Division,QUERY_RAISED,42.0,30.24,72.0,220,180,1,Section 3H disbursement in progress; joint revenue measurement (JGM) completed for 72.0% alignment.
618223,Rehabilitation and up-gradation to 2 lane with paved shoulder from existing chainage km 64535 to km 85385 Design chainage km 55800 to km 74350 under 13 TF on Akhnoor-Poonch road NH-144A under Project Sampark BRO in the UT of Jammu & Kashmir on EPC mode Package-III Job no  NH-144A-J&K-2019-20-79,Jammu & Kashmir,Roads & Highways,S.O. 1467(E)/2022,NH_SEC_3D,Competent Authority Land Acquisition (CALA) / SDM Jammu Central Revenue Division,LOOPBACK,67.0,41.54,62.0,600,180,1,CALA Section 3G compensation award disputed in District Court; physical possession stalled for 25.5 Ha.
618221,Rehabilitation and upgradation to 2 lane with paved shoulder from existing chainage Km 166.100 to Km 192.98 design chainage Km 146.700 to Km 162.800 including construction of Bhimber Gali Tunnel Total Length of Tunnel 1.100 Km under 31 BRTF on Akhnoor-Poonch Roads on EPC mode NH-144A Package-VII,Jammu & Kashmir,Roads & Highways,S.O. 3057(E)/2023,NH_SEC_3D,Competent Authority Land Acquisition (CALA) / SDM Jammu Central Revenue Division,QUERY_RAISED,62.0,53.94,87.0,192,180,1,Section 3H disbursement in progress; joint revenue measurement (JGM) completed for 87.0% alignment.
618226,Rehabilitation and upgradation to 2 lane with paved shoulder from existing chainage Km 30.053 to Km 49.150 design chainage Km 30.000 to Km 46.450 including Kandi Tunnel under 31 BRTF on Akhnoor-Poonch Road NH-144A Under Project Sampark in the UT of Jammu & Kashmir EPC modePackage-I Job no NH-144A-J&K-2020-21-83.,Jammu & Kashmir,Roads & Highways,S.O. 3261(E)/2023,NH_SEC_3D,Competent Authority Land Acquisition (CALA) / SDM Jammu Central Revenue Division,QUERY_RAISED,56.0,39.76,71.0,220,180,1,Section 3H disbursement in progress; joint revenue measurement (JGM) completed for 71.0% alignment.
618548,Stand-alone Ring road/bypass around Jammu City from Raya Morh km. -0.687 to Jagti km. 57.568,Jammu & Kashmir,Roads & Highways,S.O. 4406(E)/2022,NH_SEC_3D,Competent Authority Land Acquisition (CALA) / SDM Jammu Central Revenue Division,LOOPBACK,51.0,31.11,61.0,600,180,1,CALA Section 3G compensation award disputed in District Court; physical possession stalled for 19.9 Ha.
618394,Up-gradation to 2-lane with Paved Shoulder from Km 12.850 to Km20.300 of 7.450Km length on Goha-Khellani section and a link road to Goha village of 2.016 km on NH-244  in UT of Jammu and Kashmir on EPC Mode Pkg-1,Jammu & Kashmir,Roads & Highways,S.O. 5304(E)/2020,NH_SEC_3D,Competent Authority Land Acquisition (CALA) / SDM Jammu Central Revenue Division,LOOPBACK,69.0,40.71,59.0,600,180,1,CALA Section 3G compensation award disputed in District Court; physical possession stalled for 28.3 Ha.
618398,Up-gradation to 2-lane with Paved Shoulder from Km 20.300  to Km 29.030 of 8.730 Km length on Goha-Khellani section on NH-244 in UT of Jammu and Kashmir on EPC Mode Package II,Jammu & Kashmir,Roads & Highways,S.O. 4006(E)/2019,NH_SEC_3D,Competent Authority Land Acquisition (CALA) / SDM Jammu Central Revenue Division,LOOPBACK,66.0,33.66,51.0,600,180,1,CALA Section 3G compensation award disputed in District Court; physical possession stalled for 32.3 Ha.
618406,Up-gradation to 4-lane with Paved Shoulder of Jammu-Akhnoor road section of NH-144A from Ganesh Vihar Km 6.000 to Khati Chowk Km 26.350 in UT of Jammu and Kashmir on EPC basis Pkg-3A,Jammu & Kashmir,Roads & Highways,S.O. 2662(E)/2022,NH_SEC_3D,Competent Authority Land Acquisition (CALA) / SDM Jammu Central Revenue Division,LOOPBACK,67.0,38.19,57.0,600,180,1,CALA Section 3G compensation award disputed in District Court; physical possession stalled for 28.8 Ha.
618967,Upgradation and Strengthening of Chenani to Nashri Section via Patnitop of NH244 from Km 0.000 to Km 39.100,Jammu & Kashmir,Roads & Highways,S.O. 5385(E)/2020,NH_SEC_3D,Competent Authority Land Acquisition (CALA) / SDM Nashri Revenue Division,APPROVED,65.0,65.0,100.0,87,180,0,100% land possession handed over to executing agency under Section 3D/19 mutation certificate.
618206,Widening and Strengthening of Rafiabad-Kupwara-Chowkibal-Tangdhar-Chamkot NH-701 road from design Ch. From 0000 to 51000 to two lanes with paved shoulders under Project Beacon in the UT of Jammu & Kashmir on EPC mode Package-I.,Jammu & Kashmir,Roads & Highways,S.O. 3188(E)/2019,NH_SEC_3D,Competent Authority Land Acquisition (CALA) / SDM Jammu Central Revenue Division,APPROVED,53.0,53.0,100.0,85,180,0,100% land possession handed over to executing agency under Section 3D/19 mutation certificate.
618201,"Widening and strengthening to 2 lane with paved shoulder from existing Ch. Km 56720 to Km 100820 and Design Ch. From Km 62600 to Km 106360 Total Length43.760 Km on SRINAGAR -BARAMULA  URINH-01 in the UT of Jammu & Kashmir under project BEACON, Border Roads Organization BRO on EPC mode.",Jammu & Kashmir,Roads & Highways,S.O. 4392(E)/2019,NH_SEC_3D,Competent Authority Land Acquisition (CALA) / SDM Jammu Central Revenue Division,APPROVED,42.0,42.0,100.0,55,180,0,100% land possession handed over to executing agency under Section 3D/19 mutation certificate.
618222,Widening and Strengthening up gradation to 2 lane with paved shoulder from existing chainage Km 192.98 to Km 229.820 design chainage Km 162.800 to Km 198.18 under 31 BRTF on Akhnoor-Poonch Road NH-144A in the UT of Jammu and Kashmir under Project Sampark Border Roads Organisation BRO on EPC Mode Package-VIII Job No NH-144A-J&K-2022-2023-111,Jammu & Kashmir,Roads & Highways,S.O. 1892(E)/2020,NH_SEC_3D,Competent Authority Land Acquisition (CALA) / SDM Jammu Central Revenue Division,QUERY_RAISED,57.0,46.74,82.0,140,180,1,Section 3H disbursement in progress; joint revenue measurement (JGM) completed for 82.0% alignment.
618397,Widening and Up-gradation to 2-Lane with Paved Shoulder of configuration and geometric improvement from Km 0.000 to Km 16.990 on Chenani  Sudhmahadev section of NH-244 in UT of Jammu and Kashmir to be executed on EPC basis,Jammu & Kashmir,Roads & Highways,S.O. 4087(E)/2022,NH_SEC_3D,Competent Authority Land Acquisition (CALA) / SDM Jammu Central Revenue Division,LOOPBACK,62.0,44.64,72.0,600,180,1,CALA Section 3G compensation award disputed in District Court; physical possession stalled for 17.4 Ha.
618909,2L PS of JH / WB Border km. 70.524 - Purulia km.84.400 & Purulia km. 94.30 - Chandil Junction with NH-33 km. 153.705 of Old NH-32,Jharkhand,Roads & Highways,S.O. 5156(E)/2021,NH_SEC_3D,Competent Authority Land Acquisition (CALA) / SDM Jharkhand Central Revenue Division,LOOPBACK,46.0,28.06,61.0,600,180,1,CALA Section 3G compensation award disputed in District Court; physical possession stalled for 17.9 Ha.
618641,4 Lane of CG/JH Border-Gumla from km 0.000 to km 32.370 of  NH-43 in the State of Jhrkhand,Jharkhand,Roads & Highways,S.O. 2367(E)/2023,NH_SEC_3D,Competent Authority Land Acquisition (CALA) / SDM Jharkhand Central Revenue Division,APPROVED,72.0,72.0,100.0,62,180,0,100% land possession handed over to executing agency under Section 3D/19 mutation certificate.
618736,4L Elevated corridor of Kalimandir-Dimna Chowk-Baliguma Jamshedpur Section of NH-33 New NH-18 from km 241940 to km 251961 Length 10.021 km,Jharkhand,Roads & Highways,S.O. 2824(E)/2023,NH_SEC_3D,Competent Authority Land Acquisition (CALA) / SDM Jamshedpur Revenue Division,APPROVED,44.0,44.0,100.0,64,180,0,100% land possession handed over to executing agency under Section 3D/19 mutation certificate.
618830,4L from Km 147.450 Bhogu to Km 196.870 Sankha on NH-75 Sec-III,Jharkhand,Roads & Highways,S.O. 1732(E)/2018,NH_SEC_3D,Competent Authority Land Acquisition (CALA) / SDM Jharkhand Central Revenue Division,QUERY_RAISED,47.0,38.54,82.0,220,180,1,Section 3H disbursement in progress; joint revenue measurement (JGM) completed for 82.0% alignment.
618829,4L from km 196.87 Sankha to km 219.6 Khajuri on NH-75 [Rehla / Garhwa Bypass],Jharkhand,Roads & Highways,S.O. 5170(E)/2020,NH_SEC_3D,Competent Authority Land Acquisition (CALA) / SDM Garhwa Revenue Division,APPROVED,45.0,45.0,100.0,74,180,0,100% land possession handed over to executing agency under Section 3D/19 mutation certificate.
618828,4L from Km 219.600 Khajuri to Km 260.483 Wyndhamganj on NH-75 Sec-V,Jharkhand,Roads & Highways,S.O. 3196(E)/2022,NH_SEC_3D,Competent Authority Land Acquisition (CALA) / SDM Jharkhand Central Revenue Division,APPROVED,71.0,71.0,100.0,94,180,0,100% land possession handed over to executing agency under Section 3D/19 mutation certificate.
618832,4L from Km 55.00 Kuru to Km 95.400 Udaipura on NH-75 Sec-I,Jharkhand,Roads & Highways,S.O. 2743(E)/2020,NH_SEC_3D,Competent Authority Land Acquisition (CALA) / SDM Jharkhand Central Revenue Division,APPROVED,63.0,63.0,100.0,64,180,0,100% land possession handed over to executing agency under Section 3D/19 mutation certificate.
618831,4L from Km 95.400 Udaipura to Km 147.450 Bhogu on NH-75 Sec-II,Jharkhand,Roads & Highways,S.O. 4890(E)/2019,NH_SEC_3D,Competent Authority Land Acquisition (CALA) / SDM Jharkhand Central Revenue Division,APPROVED,65.0,65.0,100.0,72,180,0,100% land possession handed over to executing agency under Section 3D/19 mutation certificate.
618949,4L of Basukinath- Deoghar Section of NH-114A,Jharkhand,Roads & Highways,S.O. 4151(E)/2018,NH_SEC_3D,Competent Authority Land Acquisition (CALA) / SDM Deoghar Revenue Division,APPROVED,46.0,46.0,100.0,53,180,0,100% land possession handed over to executing agency under Section 3D/19 mutation certificate.
618645,4L of Gola-BokaroJaina More section from Km 53.600 to Km 21.110 of NH-320PKG-1,Jharkhand,Roads & Highways,S.O. 2807(E)/2023,NH_SEC_3D,Competent Authority Land Acquisition (CALA) / SDM Jharkhand Central Revenue Division,QUERY_RAISED,47.0,36.19,77.0,220,180,1,Section 3H disbursement in progress; joint revenue measurement (JGM) completed for 77.0% alignment.
618946,4L of Mehgama - Hansdiha from  km. 41.900 to km. 93.000 of NH -133A Pkg-II,Jharkhand,Roads & Highways,S.O. 1046(E)/2018,NH_SEC_3D,Competent Authority Land Acquisition (CALA) / SDM Jharkhand Central Revenue Division,QUERY_RAISED,51.0,38.76,76.0,161,180,1,Section 3H disbursement in progress; joint revenue measurement (JGM) completed for 76.0% alignment.
618947,4L of NH-80 from km 215.00 to km 260.00 Mirza Chauki to Farkka Pkg-I,Jharkhand,Roads & Highways,S.O. 2842(E)/2018,NH_SEC_3D,Competent Authority Land Acquisition (CALA) / SDM Jharkhand Central Revenue Division,LOOPBACK,57.0,32.49,57.0,600,180,1,CALA Section 3G compensation award disputed in District Court; physical possession stalled for 24.5 Ha.
618948,4L of NH-80 section of Mirza Chauki to Farakka section from existing km 190.00 to design km 200.75 junction at km 3.100 of NH 133 B and from existing km 260.00 to existing km 283.00 design km 274.133 in the state of Jharkhand  package - II,Jharkhand,Roads & Highways,S.O. 3334(E)/2018,NH_SEC_3D,Competent Authority Land Acquisition (CALA) / SDM Jharkhand Central Revenue Division,APPROVED,59.0,59.0,100.0,98,180,0,100% land possession handed over to executing agency under Section 3D/19 mutation certificate.
618644,4L of Ormanjhi-Gola section from Km 81.450 to Km 53.600 of NH- 320BPKG-II,Jharkhand,Roads & Highways,S.O. 2608(E)/2020,NH_SEC_3D,Competent Authority Land Acquisition (CALA) / SDM Jharkhand Central Revenue Division,QUERY_RAISED,53.0,41.34,78.0,220,180,1,Section 3H disbursement in progress; joint revenue measurement (JGM) completed for 78.0% alignment.
618642,4L of Palma to Gumla from km. 26.00 to km. 89.170 of NH-23,Jharkhand,Roads & Highways,S.O. 4826(E)/2021,NH_SEC_3D,Competent Authority Land Acquisition (CALA) / SDM Jharkhand Central Revenue Division,APPROVED,61.0,61.0,100.0,97,180,0,100% land possession handed over to executing agency under Section 3D/19 mutation certificate.
619104,4L/2L PS of Govindpur Raiganj - Chas - WB border section of from km. 0.00 to km. 56.889 of Old NH-32,Jharkhand,Roads & Highways,S.O. 4619(E)/2023,NH_SEC_3D,Competent Authority Land Acquisition (CALA) / SDM Jharkhand Central Revenue Division,APPROVED,69.0,69.0,100.0,87,180,0,100% land possession handed over to executing agency under Section 3D/19 mutation certificate.
618730,6 Lane Greenfield Varanasi- Ranchi- Kolkata Highway from Deoria village to Donoreshan village from km 253.000 to km 288.600  Pkg -10,Jharkhand,Roads & Highways,S.O. 4703(E)/2021,NH_SEC_3D,Competent Authority Land Acquisition (CALA) / SDM Jharkhand Central Revenue Division,APPROVED,43.0,43.0,100.0,104,180,0,100% land possession handed over to executing agency under Section 3D/19 mutation certificate.
618729,6 Lane Greenfield Varanasi- Ranchi- Kolkata Highway from Donoreshan village to junction with  NH-20 in Bongabar village from km 288.600 to km 325.500 Pkg -11,Jharkhand,Roads & Highways,S.O. 5011(E)/2018,NH_SEC_3D,Competent Authority Land Acquisition (CALA) / SDM Jharkhand Central Revenue Division,APPROVED,61.0,61.0,100.0,98,180,0,100% land possession handed over to executing agency under Section 3D/19 mutation certificate.
618734,6L Greenfield Varanasi- Ranchi- Kolkata Highway from junction  with  NH-320 in Lepo  village to Kamlapur villageJH/WB border  from km 358.500 to km 387.200 Pkg -13,Jharkhand,Roads & Highways,S.O. 3975(E)/2021,NH_SEC_3D,Competent Authority Land Acquisition (CALA) / SDM Jharkhand Central Revenue Division,APPROVED,50.0,50.0,100.0,52,180,0,100% land possession handed over to executing agency under Section 3D/19 mutation certificate.
618733,6L Greenfield Varanasi- Ranchi- Kolkata Highway from junction with  NH-20 in Bongabar village to junction with NH-30 in Lepo village from km 325.500 to km 358.500  Pkg -12,Jharkhand,Roads & Highways,S.O. 4346(E)/2020,NH_SEC_3D,Competent Authority Land Acquisition (CALA) / SDM Jharkhand Central Revenue Division,APPROVED,61.0,61.0,100.0,71,180,0,100% land possession handed over to executing agency under Section 3D/19 mutation certificate.
618863,Barhi-Koderma Section of NH31 km 0.00 - km 27.5,Jharkhand,Roads & Highways,S.O. 2681(E)/2021,NH_SEC_3D,Competent Authority Land Acquisition (CALA) / SDM Koderma Revenue Division,QUERY_RAISED,56.0,39.76,71.0,220,180,1,Section 3H disbursement in progress; joint revenue measurement (JGM) completed for 71.0% alignment.
618533,Barwa Adda Km. 398.240 to Panagarh Km. 521.120,Jharkhand,Roads & Highways,S.O. 5079(E)/2018,NH_SEC_3D,Competent Authority Land Acquisition (CALA) / SDM Jharkhand Central Revenue Division,LOOPBACK,44.0,32.56,74.0,600,180,1,CALA Section 3G compensation award disputed in District Court; physical possession stalled for 11.4 Ha.
618127,Construction of 2- Lane with paved shoulder from km 56.45 Dharampur More to 93.050 Pakur of NH-333A in the State of Jharkhand on EPC mode,Jharkhand,Roads & Highways,S.O. 5232(E)/2022,NH_SEC_3D,Competent Authority Land Acquisition (CALA) / SDM Jharkhand Central Revenue Division,APPROVED,67.0,67.0,100.0,98,180,0,100% land possession handed over to executing agency under Section 3D/19 mutation certificate.
618083,Construction of byepass around Lohardaga town of NH-143A in the Sate of Jharkhand under EPC mode.,Jharkhand,Roads & Highways,S.O. 3158(E)/2019,NH_SEC_3D,Competent Authority Land Acquisition (CALA) / SDM Jharkhand Central Revenue Division,QUERY_RAISED,73.0,64.24,88.0,140,180,1,Section 3H disbursement in progress; joint revenue measurement (JGM) completed for 88.0% alignment.
619005,Construction of bypass around Chatra Town on NH-22 old NH-99 in the state of Jharkhand under EPC Mode,Jharkhand,Roads & Highways,S.O. 1186(E)/2020,NH_SEC_3D,Competent Authority Land Acquisition (CALA) / SDM Jharkhand Central Revenue Division,APPROVED,66.0,66.0,100.0,94,180,0,100% land possession handed over to executing agency under Section 3D/19 mutation certificate.
618950,Construction of Bypass to NH-114A Connecting NH-333 and NH-133 Deoghar  Bypass from design km 0.000 to design Km 49.000,Jharkhand,Roads & Highways,S.O. 1724(E)/2020,NH_SEC_3D,Competent Authority Land Acquisition (CALA) / SDM Deoghar Revenue Division,APPROVED,64.0,64.0,100.0,47,180,0,100% land possession handed over to executing agency under Section 3D/19 mutation certificate.
618535,Construction of Six lane elevated flyover including reconstruction/rehabilitation of existing pavement from Km 406100 to Km 411150 Length  5.05 Km at Gobindpur area in the Barwa Adda Panagarh section of NH-19 from Km.398.240 to Km.521.120 including Panagarh Bypass in the State of Jharkhand on EPC Mode.,Jharkhand,Roads & Highways,S.O. 1479(E)/2021,NH_SEC_3D,Competent Authority Land Acquisition (CALA) / SDM Panagarh Revenue Division,APPROVED,44.0,44.0,100.0,93,180,0,100% land possession handed over to executing agency under Section 3D/19 mutation certificate.
618534,Construction of Six lane elevated flyover including reconstruction/rehabilitation of existing pavement from Km 426230 to Km 430500  Length  4.27 Km at Nirsa in the Barwa Adda Panagarh section of NH-19 from Km.398.240 to Km.521.120 including Panagarh Bypass in the State of Jharkhand on EPC Mode.,Jharkhand,Roads & Highways,S.O. 3786(E)/2020,NH_SEC_3D,Competent Authority Land Acquisition (CALA) / SDM Panagarh Revenue Division,APPROVED,41.0,41.0,100.0,106,180,0,100% land possession handed over to executing agency under Section 3D/19 mutation certificate.
618737,Grade separated Interchanges at Km. 113.730 junction with Ranchi  Hazaribagh Road & Km. 139.225 junction with Ranchi  Jamshedpur road on 4L Ranchi Bypass of NH-33,Jharkhand,Roads & Highways,S.O. 4352(E)/2020,NH_SEC_3D,Competent Authority Land Acquisition (CALA) / SDM Ranchi Revenue Division,APPROVED,57.0,57.0,100.0,45,180,0,100% land possession handed over to executing agency under Section 3D/19 mutation certificate.
618242,Widening and Reconstruction to 4-lane/4-lane with service road including structures from Pokharia More at Km 47.600 Ex. Km 50.230 to Govindpur at km 62.949 Ex. Km 65.325 of Nh-419 in the State of Jharkhand on EPC mode.,Jharkhand,Roads & Highways,S.O. 4441(E)/2019,NH_SEC_3D,Competent Authority Land Acquisition (CALA) / SDM Jharkhand Central Revenue Division,QUERY_RAISED,41.0,29.11,71.0,192,180,1,Section 3H disbursement in progress; joint revenue measurement (JGM) completed for 71.0% alignment.
618060,Widening and Strengthening of existing paveemnt to two lane with paved shoulders from km 116.00 to km 176.355 of NH-75E in the State of Jharkhand on EPC mode.,Jharkhand,Roads & Highways,S.O. 1657(E)/2021,NH_SEC_3D,Competent Authority Land Acquisition (CALA) / SDM Jharkhand Central Revenue Division,QUERY_RAISED,62.0,53.94,87.0,220,180,1,Section 3H disbursement in progress; joint revenue measurement (JGM) completed for 87.0% alignment.
618123,Widening and Strengthening/Reconstruction to Two Lane with Paved Shoulder/ Two Lane with paved shoulders with service road from km 0000 to km 42250 excluding design Ch. 03220 to 04200 & 28350 to 29060 of NH-320G in the state of Jharkhand under EPC mode,Jharkhand,Roads & Highways,S.O. 3899(E)/2021,NH_SEC_3D,Competent Authority Land Acquisition (CALA) / SDM Jharkhand Central Revenue Division,APPROVED,69.0,69.0,100.0,90,180,0,100% land possession handed over to executing agency under Section 3D/19 mutation certificate.
618084,Widening to 2-lane with paved shoulder from km 0.00 to 44.00 Kuru-Ghaghra section of NH-143A including re-construction of culverts and bridges.,Jharkhand,Roads & Highways,S.O. 1630(E)/2019,NH_SEC_3D,Competent Authority Land Acquisition (CALA) / SDM Jharkhand Central Revenue Division,APPROVED,55.0,55.0,100.0,83,180,0,100% land possession handed over to executing agency under Section 3D/19 mutation certificate.
618649,4 Lane with PS  from Des. Ch 228.500 to Des. Ch. 273.400 of Belgaum-Hungund-Raichur Section of NH 748 A  Package-6,Karnataka,Roads & Highways,S.O. 3284(E)/2023,NH_SEC_3D,Competent Authority Land Acquisition (CALA) / SDM Raichur Revenue Division,APPROVED,54.0,54.0,100.0,94,180,0,100% land possession handed over to executing agency under Section 3D/19 mutation certificate.
619108,4 Lane with PS from Des. Ch 0.000 to Des. Ch. 43.800 of Belgaum-Hungund-Raichur Section of NH-748A Package-1,Karnataka,Roads & Highways,S.O. 1023(E)/2020,NH_SEC_3D,Competent Authority Land Acquisition (CALA) / SDM Raichur Revenue Division,APPROVED,58.0,58.0,100.0,98,180,0,100% land possession handed over to executing agency under Section 3D/19 mutation certificate.
619107,4 Lane with PS from Des. Ch 136.100 to Des. Ch. 182.300 of Belgaum-Hungund-Raichur Section of NH-748A Package-4,Karnataka,Roads & Highways,S.O. 1224(E)/2020,NH_SEC_3D,Competent Authority Land Acquisition (CALA) / SDM Raichur Revenue Division,APPROVED,54.0,54.0,100.0,73,180,0,100% land possession handed over to executing agency under Section 3D/19 mutation certificate.
619106,4 Lane with PS from Des. Ch 182.300 to Des. Ch. 228.500 of Belgaum-Hungund-Raichur Section of NH 748 A  Package-5,Karnataka,Roads & Highways,S.O. 3847(E)/2019,NH_SEC_3D,Competent Authority Land Acquisition (CALA) / SDM Raichur Revenue Division,QUERY_RAISED,47.0,36.19,77.0,148,180,1,Section 3H disbursement in progress; joint revenue measurement (JGM) completed for 77.0% alignment.
618651,4 Lane with PS from Des. Ch 43.800 to Des. Ch. 89.900 of Belgaum-Hungund-Raichur Section of NH-748A Package-2,Karnataka,Roads & Highways,S.O. 2347(E)/2020,NH_SEC_3D,Competent Authority Land Acquisition (CALA) / SDM Raichur Revenue Division,APPROVED,57.0,57.0,100.0,107,180,0,100% land possession handed over to executing agency under Section 3D/19 mutation certificate.
618650,4 Lane with PS from Des. Ch 89.900 to Des. Ch. 136.100 of Belgaum-Hungund-Raichur Section of NH-748A Package-3,Karnataka,Roads & Highways,S.O. 5265(E)/2020,NH_SEC_3D,Competent Authority Land Acquisition (CALA) / SDM Raichur Revenue Division,QUERY_RAISED,45.0,33.75,75.0,163,180,1,Section 3H disbursement in progress; joint revenue measurement (JGM) completed for 75.0% alignment.
618517,4/6L of Bangalore - Pune Section of bypass connecting Dharwad - Hubli from km. 403.80 to km. 433.20,Karnataka,Roads & Highways,S.O. 4098(E)/2023,NH_SEC_3D,Competent Authority Land Acquisition (CALA) / SDM Pune Revenue Division,QUERY_RAISED,43.0,37.84,88.0,220,180,1,Section 3H disbursement in progress; joint revenue measurement (JGM) completed for 88.0% alignment.
619065,4L Expressway from Km 26.400 to km 53.500 of Malur to Bangarpet section of Bangalore-Chennai Expressway Phase-I Package-II,Karnataka,Roads & Highways,S.O. 3636(E)/2019,NH_SEC_3D,Competent Authority Land Acquisition (CALA) / SDM Karnataka Central Revenue Division,LOOPBACK,66.0,46.86,71.0,600,180,1,CALA Section 3G compensation award disputed in District Court; physical possession stalled for 19.1 Ha.
619073,4L of 42.000 to km 80.00 of Dodaballapur Bypass to Hoskote section of NH-648  Old NH-207 [Bangalore Ring Road Pkg 2],Karnataka,Roads & Highways,S.O. 1610(E)/2019,NH_SEC_3D,Competent Authority Land Acquisition (CALA) / SDM Dodaballapur Revenue Division,LOOPBACK,70.0,38.5,55.0,600,180,1,CALA Section 3G compensation award disputed in District Court; physical possession stalled for 31.5 Ha.
618702,4L of Addahole Near Gundya to Bantwal Cross section Pkg-02 from Design Km 270.270 to Design km 318.55 including flyover at Kalladka Town including approaches from Km. 311.57 to Km. 313.67 of NH-75 Old NH-48,Karnataka,Roads & Highways,S.O. 1855(E)/2019,NH_SEC_3D,Competent Authority Land Acquisition (CALA) / SDM Karnataka Central Revenue Division,LOOPBACK,45.0,27.0,60.0,600,180,1,CALA Section 3G compensation award disputed in District Court; physical possession stalled for 18.0 Ha.
618887,4L of Bettadahalli- Shivamogga section from Km.170.415 to km. 226.750 of NH-206 Tumkur- Shivamogga Pkg-IV,Karnataka,Roads & Highways,S.O. 5262(E)/2021,NH_SEC_3D,Competent Authority Land Acquisition (CALA) / SDM Karnataka Central Revenue Division,LOOPBACK,62.0,29.14,47.0,600,180,1,CALA Section 3G compensation award disputed in District Court; physical possession stalled for 32.9 Ha.
619115,4L of Byrapura to Challakere Section from km 308.550 to km 358.500 of NH-150 A,Karnataka,Roads & Highways,S.O. 1363(E)/2020,NH_SEC_3D,Competent Authority Land Acquisition (CALA) / SDM Challakere Revenue Division,APPROVED,73.0,73.0,100.0,73,180,0,100% land possession handed over to executing agency under Section 3D/19 mutation certificate.
619214,4L of Channarayapatna Bypass and Hassan Bypass with structures in Devihalli - Hassan section,Karnataka,Roads & Highways,S.O. 3377(E)/2018,NH_SEC_3D,Competent Authority Land Acquisition (CALA) / SDM Channarayapatna Revenue Division,LOOPBACK,67.0,34.84,52.0,600,180,1,CALA Section 3G compensation award disputed in District Court; physical possession stalled for 32.2 Ha.
619121,4L of Hubli - Hospet Section of NH-63 from Km 128.850 to Km 272.571,Karnataka,Roads & Highways,S.O. 1185(E)/2021,NH_SEC_3D,Competent Authority Land Acquisition (CALA) / SDM Hospet Revenue Division,LOOPBACK,45.0,22.5,50.0,600,180,1,CALA Section 3G compensation award disputed in District Court; physical possession stalled for 22.5 Ha.
618520,4L of km 0.00 to km 42.00 of Dobbaspet to Doddaballapura Bypass section of NH-648 old NH-207] [Bangalore Ring Road Pkg 1],Karnataka,Roads & Highways,S.O. 3419(E)/2023,NH_SEC_3D,Competent Authority Land Acquisition (CALA) / SDM Doddaballapura Revenue Division,QUERY_RAISED,44.0,39.16,89.0,160,180,1,Section 3H disbursement in progress; joint revenue measurement (JGM) completed for 89.0% alignment.
618709,4L of Left-Over Works of Hospet-Bellary -Karnataka/AP border from Km.280.080 Dec.Ch. to Km.375450Des.Ch. of NH-63 New-67,Karnataka,Roads & Highways,S.O. 3067(E)/2021,NH_SEC_3D,Competent Authority Land Acquisition (CALA) / SDM Karnataka Central Revenue Division,LOOPBACK,62.0,44.64,72.0,600,180,1,CALA Section 3G compensation award disputed in District Court; physical possession stalled for 17.4 Ha.
618896,4L of Sannur to Bikarnakatte section from Km 691.350 to Km 736.362 of NH-169 Karkala - Mangalore Package-III,Karnataka,Roads & Highways,S.O. 1976(E)/2019,NH_SEC_3D,Competent Authority Land Acquisition (CALA) / SDM Karnataka Central Revenue Division,LOOPBACK,56.0,34.16,61.0,600,180,1,CALA Section 3G compensation award disputed in District Court; physical possession stalled for 21.8 Ha.
619219,4L of Tumkur-Shimoga Pkg-II from Km 65.195 Karadi to Km 121.900 Banawara of NH-206,Karnataka,Roads & Highways,S.O. 5182(E)/2019,NH_SEC_3D,Competent Authority Land Acquisition (CALA) / SDM Karnataka Central Revenue Division,LOOPBACK,57.0,32.49,57.0,600,180,1,CALA Section 3G compensation award disputed in District Court; physical possession stalled for 24.5 Ha.
618871,4L PS from Near Guddehosur to Start of Kushalnagara Bypass to near Hemmige Village Periyapatna - Hassan Road Jn from Km. 122.200 to Km. 144.900 of NH-275  Pkg. II,Karnataka,Roads & Highways,S.O. 4114(E)/2020,NH_SEC_3D,Competent Authority Land Acquisition (CALA) / SDM Kushalnagara Revenue Division,APPROVED,74.0,74.0,100.0,79,180,0,100% land possession handed over to executing agency under Section 3D/19 mutation certificate.
618870,4L PS from near Hemmige Village Periyapatna - Hassan Road Jn. to near Hunsur - KR Nagar Jn section from Km. 144.900 to Km. 169.000 of NH-275  Pkg. III,Karnataka,Roads & Highways,S.O. 1126(E)/2019,NH_SEC_3D,Competent Authority Land Acquisition (CALA) / SDM Karnataka Central Revenue Division,APPROVED,41.0,41.0,100.0,100,180,0,100% land possession handed over to executing agency under Section 3D/19 mutation certificate.
618872,4L PS from near Hunsur - KR Nagar Junction to near Yalachahalli village KR Nagara - Yelawala Road Junction fcrom Km 169.000 to Km 195.550 of NH-275 Pkg-IV,Karnataka,Roads & Highways,S.O. 3501(E)/2018,NH_SEC_3D,Competent Authority Land Acquisition (CALA) / SDM Karnataka Central Revenue Division,QUERY_RAISED,41.0,29.11,71.0,164,180,1,Section 3H disbursement in progress; joint revenue measurement (JGM) completed for 71.0% alignment.
618873,4L PS from near Yalachahalli village KR Nagara - Yelawala Road junction to Srirangapatna Bypass Near Paschima Vahini from km 195.550 to Km 214.535 of NH-275 Pkg-V,Karnataka,Roads & Highways,S.O. 1364(E)/2019,NH_SEC_3D,Competent Authority Land Acquisition (CALA) / SDM Srirangapatna Revenue Division,APPROVED,64.0,64.0,100.0,107,180,0,100% land possession handed over to executing agency under Section 3D/19 mutation certificate.
619218,4L Tumkur-Shimoga Pkg-I from Mallasandra to Karadi village of NH-206 from Km. 12.300 to Km. 65.195,Karnataka,Roads & Highways,S.O. 3985(E)/2020,NH_SEC_3D,Competent Authority Land Acquisition (CALA) / SDM Karnataka Central Revenue Division,LOOPBACK,45.0,27.0,60.0,600,180,1,CALA Section 3G compensation award disputed in District Court; physical possession stalled for 18.0 Ha.
618697,4LPS Access Controlled Highway of Bellary Bypass Balance work from Ch. 254750 to Ch. 266837 and construction of 4LPS from Ch. 277.690 to Ch. 278.690 at D. Hirehal Village Balance work of NH 150A of Bellary  Byrapura Section,Karnataka,Roads & Highways,S.O. 2012(E)/2023,NH_SEC_3D,Competent Authority Land Acquisition (CALA) / SDM Bellary Revenue Division,QUERY_RAISED,72.0,59.04,82.0,220,180,1,Section 3H disbursement in progress; joint revenue measurement (JGM) completed for 82.0% alignment.
618632,6L Access Controlled Greenfield Highway of Nandinne village to Julekal village from Km 202.900 to Km 242.200 Pkg-1,Karnataka,Roads & Highways,S.O. 5144(E)/2023,NH_SEC_3D,Competent Authority Land Acquisition (CALA) / SDM Karnataka Central Revenue Division,QUERY_RAISED,44.0,32.56,74.0,140,180,1,Section 3H disbursement in progress; joint revenue measurement (JGM) completed for 74.0% alignment.
618515,6L from Belgaum to Sankeshwar Bypass from Km. 515.000 to Km. 555.017 of NH-48 Pkg-I,Karnataka,Roads & Highways,S.O. 1147(E)/2018,NH_SEC_3D,Competent Authority Land Acquisition (CALA) / SDM Sankeshwar Revenue Division,QUERY_RAISED,57.0,43.89,77.0,201,180,1,Section 3H disbursement in progress; joint revenue measurement (JGM) completed for 77.0% alignment.
618516,6L from Sankeshwar Bypass to MH-KNT Border from Km. 555.017 to Km. 592.853 of NH-48 Pkg-II,Karnataka,Roads & Highways,S.O. 2633(E)/2019,NH_SEC_3D,Competent Authority Land Acquisition (CALA) / SDM Sankeshwar Revenue Division,QUERY_RAISED,68.0,56.44,83.0,220,180,1,Section 3H disbursement in progress; joint revenue measurement (JGM) completed for 83.0% alignment.
618631,6L of MH/KN Border Nimbal Village to KN/TS Border Singnodi Village from Km. 162.5 to Km. 203.100 in Raichur of NH-150C Pkg-IV,Karnataka,Roads & Highways,S.O. 1288(E)/2022,NH_SEC_3D,Competent Authority Land Acquisition (CALA) / SDM Karnataka Central Revenue Division,QUERY_RAISED,73.0,56.94,78.0,220,180,1,Section 3H disbursement in progress; joint revenue measurement (JGM) completed for 78.0% alignment.
618630,6L of MH/KN Border Nimbal Village to KN/TS Border Singnodi Village from Km. 26.000 to Km. 97.000 in Gulbarga of NH-150C Pkg-II,Karnataka,Roads & Highways,S.O. 3678(E)/2019,NH_SEC_3D,Competent Authority Land Acquisition (CALA) / SDM Karnataka Central Revenue Division,QUERY_RAISED,48.0,42.24,88.0,220,180,1,Section 3H disbursement in progress; joint revenue measurement (JGM) completed for 88.0% alignment.
619211,6L of MH/KN Border Nimbal Village to KN/TS Border Singnodi Village from Km. 97.000 to Km. 162.500 in Yadgir of NH-150C Pkg-III,Karnataka,Roads & Highways,S.O. 1234(E)/2021,NH_SEC_3D,Competent Authority Land Acquisition (CALA) / SDM Karnataka Central Revenue Division,QUERY_RAISED,64.0,53.76,84.0,180,180,1,Section 3H disbursement in progress; joint revenue measurement (JGM) completed for 84.0% alignment.
618707,Additional works under BM1 to ensure road safety under 6L of Bengaluru  Mysuru Access control with close toll from Km.17.300 to  Km.136.300 of NH-275,Karnataka,Roads & Highways,S.O. 4532(E)/2018,NH_SEC_3D,Competent Authority Land Acquisition (CALA) / SDM Karnataka Central Revenue Division,APPROVED,62.0,62.0,100.0,48,180,0,100% land possession handed over to executing agency under Section 3D/19 mutation certificate.
618636,Akkalkot  MH/KN border New Greenfield corridor from Km 512.000 to Km 548.400 of NH-150C part of Akkalkot  KN/TS Border section Package  XIV,Karnataka,Roads & Highways,S.O. 2054(E)/2021,NH_SEC_3D,Competent Authority Land Acquisition (CALA) / SDM Karnataka Central Revenue Division,APPROVED,69.0,69.0,100.0,94,180,0,100% land possession handed over to executing agency under Section 3D/19 mutation certificate.
618031,Balance work of Construction of Two/Four lane with paved shoulder from Km 422.000 to 523.600  Chitradurga to Shivamogga  of NH-13 in the state of Kanataka on EPC mode.,Karnataka,Roads & Highways,S.O. 3262(E)/2020,NH_SEC_3D,Competent Authority Land Acquisition (CALA) / SDM Karnataka Central Revenue Division,APPROVED,42.0,42.0,100.0,88,180,0,100% land possession handed over to executing agency under Section 3D/19 mutation certificate.
617954,Balance work of Rehabilitation and upgrading to 2lane/2lane with paved shoulder configuration and strengthening from from Km 343.80 to 400.33 of Gowribidanur-Chik Ballapur section in the state of Karnataka Under Annual Plan 2021-22 under EPC Mode.-952,Karnataka,Roads & Highways,S.O. 4024(E)/2022,NH_SEC_3D,Competent Authority Land Acquisition (CALA) / SDM Karnataka Central Revenue Division,QUERY_RAISED,64.0,47.36,74.0,220,180,1,Section 3H disbursement in progress; joint revenue measurement (JGM) completed for 74.0% alignment.
618519,Bangalore Ring Road STRR-NH-948A- Package-I of Phase-III from Belagondapalli TN to TN/KNT border from km 144.480 to 179.969,Karnataka,Roads & Highways,S.O. 3876(E)/2021,NH_SEC_3D,Competent Authority Land Acquisition (CALA) / SDM Karnataka Central Revenue Division,QUERY_RAISED,61.0,52.46,86.0,220,180,1,Section 3H disbursement in progress; joint revenue measurement (JGM) completed for 86.0% alignment.
618706,Bangalore-Nidagatta Pkg. I,Karnataka,Roads & Highways,S.O. 3613(E)/2022,NH_SEC_3D,Competent Authority Land Acquisition (CALA) / SDM Karnataka Central Revenue Division,QUERY_RAISED,48.0,39.84,83.0,142,180,1,Section 3H disbursement in progress; joint revenue measurement (JGM) completed for 83.0% alignment.
619072,Bangalore/TN border to Hoskote,Karnataka,Roads & Highways,S.O. 3238(E)/2018,NH_SEC_3D,Competent Authority Land Acquisition (CALA) / SDM Karnataka Central Revenue Division,QUERY_RAISED,63.0,55.44,88.0,220,180,1,Section 3H disbursement in progress; joint revenue measurement (JGM) completed for 88.0% alignment.
618799,Belakeri Port to Kumta - Sirsi road from km 0.00 - km 4.265 of Belekeri Port Road Link Rd. and km 4.965 - km 60.00 of SH-69,Karnataka,Roads & Highways,S.O. 1218(E)/2019,NH_SEC_3D,Competent Authority Land Acquisition (CALA) / SDM Karnataka Central Revenue Division,LOOPBACK,63.0,33.39,53.0,600,180,1,CALA Section 3G compensation award disputed in District Court; physical possession stalled for 29.6 Ha.
619164,Belgaum-Khanapur Pkg I Km 0.000-Km 30.800 of NH-4A,Karnataka,Roads & Highways,S.O. 4421(E)/2021,NH_SEC_3D,Competent Authority Land Acquisition (CALA) / SDM Karnataka Central Revenue Division,LOOPBACK,61.0,28.06,46.0,600,180,1,CALA Section 3G compensation award disputed in District Court; physical possession stalled for 32.9 Ha.
619150,BRT Tiger Reserve Boundary Km.287.500 to Bangalore Section Km.458.420 of NH-209 in Karnataka,Karnataka,Roads & Highways,S.O. 3243(E)/2018,NH_SEC_3D,Competent Authority Land Acquisition (CALA) / SDM Bangalore Revenue Division,LOOPBACK,73.0,49.64,68.0,600,180,1,CALA Section 3G compensation award disputed in District Court; physical possession stalled for 23.4 Ha.
618698,Challakere to Hariyur section from km 358.500 to km 414.205 of NH-150 A,Karnataka,Roads & Highways,S.O. 2449(E)/2019,NH_SEC_3D,Competent Authority Land Acquisition (CALA) / SDM Karnataka Central Revenue Division,LOOPBACK,59.0,31.86,54.0,600,180,1,CALA Section 3G compensation award disputed in District Court; physical possession stalled for 27.1 Ha.
618184,Construction of 2 Lane with paved shoulder from km 55.6 to km 90.7 existing chainages of NH-766C complete Realignment of 13.76 km with 2 major Bridges across Sharavathi Backwaters on EPC mode under Annual Plan 2022-23 in the state of Karnataka NH-766C-KNT-2022-23 dated 14.10.2022,Karnataka,Roads & Highways,S.O. 1854(E)/2023,NH_SEC_3D,Competent Authority Land Acquisition (CALA) / SDM Karnataka Central Revenue Division,QUERY_RAISED,54.0,45.36,84.0,220,180,1,Section 3H disbursement in progress; joint revenue measurement (JGM) completed for 84.0% alignment.
618028,"Construction of Bypass at Kuknoor, Yelburga, Gajendragada of Bhanapur Gaddanakeri section of NH-367 in the State of Karnataka under NHO on EPC mode under Annual Plan 2022-23. NH-367-KNT-2022-23-973 dated 08.02.2023",Karnataka,Roads & Highways,S.O. 3380(E)/2018,NH_SEC_3D,Competent Authority Land Acquisition (CALA) / SDM Karnataka Central Revenue Division,APPROVED,40.0,40.0,100.0,96,180,0,100% land possession handed over to executing agency under Section 3D/19 mutation certificate.
617951,Construction of Chintamani Bypass from Design Ch.0000 Existing Ch.428880 to Design Ch.15400 Existing Ch.444010 on NH-69 in the State of Karnataka in EPC Mode under NHO Annual Plan 2022-23. NH-69-KNT-2022-23-989 dated 24.03.2023,Karnataka,Roads & Highways,S.O. 3369(E)/2019,NH_SEC_3D,Competent Authority Land Acquisition (CALA) / SDM Chintamani Revenue Division,APPROVED,74.0,74.0,100.0,66,180,0,100% land possession handed over to executing agency under Section 3D/19 mutation certificate.
617935,"Construction of Elevated corridor from Km. 135.650 to 136.300 on 63, from Km. 249 to Km. 250.050 on old NH-4 and from Km. 192.910 to Km. 193.350 on NH-218 from decongestion of traffic in Ranichennamma circle in Hubli city in the state of Karnataka on EPC basis",Karnataka,Roads & Highways,S.O. 3484(E)/2019,NH_SEC_3D,Competent Authority Land Acquisition (CALA) / SDM Karnataka Central Revenue Division,QUERY_RAISED,59.0,43.66,74.0,220,180,1,Section 3H disbursement in progress; joint revenue measurement (JGM) completed for 74.0% alignment.
618144,Construction of Major Bridge Across Sharavathi Backwaters and approches between Ambargodu and Kalasavalli Near Sigandhur in Sagar Taluk on NH 369E in the State of Karnataka on EPC mode.Job No. NH-369E-KNT-2018-19-895 dated 06.03.2019.,Karnataka,Roads & Highways,S.O. 3887(E)/2019,NH_SEC_3D,Competent Authority Land Acquisition (CALA) / SDM Karnataka Central Revenue Division,APPROVED,52.0,52.0,100.0,104,180,0,100% land possession handed over to executing agency under Section 3D/19 mutation certificate.
617989,Construction of Major Bridge at Km.180.865 across river Krishna on NH 167 Hagari Jadcherla section,Karnataka,Roads & Highways,S.O. 3379(E)/2021,NH_SEC_3D,Competent Authority Land Acquisition (CALA) / SDM Karnataka Central Revenue Division,LOOPBACK,69.0,37.26,54.0,600,180,1,CALA Section 3G compensation award disputed in District Court; physical possession stalled for 31.7 Ha.
617950,Construction of Srinivasapura Bypass from existing Km 453.890   Design Ch. 0000    to existing Km 461.450   Design Ch 10080    on NH-69 in the State of Karnataka Under NH   O    in EPC mode under Annual Plan 2022-23  NH-69-KNT-2022-23-966 dated 22.11.2022,Karnataka,Roads & Highways,S.O. 2561(E)/2018,NH_SEC_3D,Competent Authority Land Acquisition (CALA) / SDM Srinivasapura Revenue Division,APPROVED,41.0,41.0,100.0,61,180,0,100% land possession handed over to executing agency under Section 3D/19 mutation certificate.
618518,Davanagere - Haveri of NH-48 Old NH-4 from km. 260.00 to km. 338.923,Karnataka,Roads & Highways,S.O. 3120(E)/2021,NH_SEC_3D,Competent Authority Land Acquisition (CALA) / SDM Karnataka Central Revenue Division,LOOPBACK,55.0,35.75,65.0,600,180,1,CALA Section 3G compensation award disputed in District Court; physical possession stalled for 19.2 Ha.
619096,Goa / Karnataka Km.93.700 to Kundapur Km.283.30,Karnataka,Roads & Highways,S.O. 2656(E)/2021,NH_SEC_3D,Competent Authority Land Acquisition (CALA) / SDM Karnataka Central Revenue Division,LOOPBACK,41.0,20.91,51.0,600,180,1,CALA Section 3G compensation award disputed in District Court; physical possession stalled for 20.1 Ha.
619117,Hassan km 184.912 to Maranahally km 230.060 of NH - 75 in Karnataka,Karnataka,Roads & Highways,S.O. 3099(E)/2023,NH_SEC_3D,Competent Authority Land Acquisition (CALA) / SDM Karnataka Central Revenue Division,LOOPBACK,44.0,32.56,74.0,600,180,1,CALA Section 3G compensation award disputed in District Court; physical possession stalled for 11.4 Ha.
619144,Hospet - Chitradurga from km. 299.00 to km. 418.750,Karnataka,Roads & Highways,S.O. 2081(E)/2023,NH_SEC_3D,Competent Authority Land Acquisition (CALA) / SDM Karnataka Central Revenue Division,LOOPBACK,71.0,32.66,46.0,600,180,1,CALA Section 3G compensation award disputed in District Court; physical possession stalled for 38.3 Ha.
618581,Hosur to Dhamrapuri Pkg-1 [Neraluru - Thorapalli Agraharam],Karnataka,Roads & Highways,S.O. 3514(E)/2019,NH_SEC_3D,Competent Authority Land Acquisition (CALA) / SDM Karnataka Central Revenue Division,QUERY_RAISED,59.0,49.56,84.0,220,180,1,Section 3H disbursement in progress; joint revenue measurement (JGM) completed for 84.0% alignment.
619120,Nidagatta-Mysore Pkg II,Karnataka,Roads & Highways,S.O. 4547(E)/2022,NH_SEC_3D,Competent Authority Land Acquisition (CALA) / SDM Karnataka Central Revenue Division,LOOPBACK,62.0,32.24,52.0,600,180,1,CALA Section 3G compensation award disputed in District Court; physical possession stalled for 29.8 Ha.
619205,Six Laning of KT/KL Border Thalapaddy -Chengala from Km. 17.200 to Km. 57.20,Karnataka,Roads & Highways,S.O. 4642(E)/2018,NH_SEC_3D,Competent Authority Land Acquisition (CALA) / SDM Karnataka Central Revenue Division,QUERY_RAISED,42.0,30.24,72.0,220,180,1,Section 3H disbursement in progress; joint revenue measurement (JGM) completed for 72.0% alignment.
619071,Tumkur - Nelamangala 6L,Karnataka,Roads & Highways,S.O. 3766(E)/2019,NH_SEC_3D,Competent Authority Land Acquisition (CALA) / SDM Karnataka Central Revenue Division,QUERY_RAISED,56.0,42.56,76.0,220,180,1,Section 3H disbursement in progress; joint revenue measurement (JGM) completed for 76.0% alignment.
619070,Tumkur-Chitradurga,Karnataka,Roads & Highways,S.O. 2459(E)/2023,NH_SEC_3D,Competent Authority Land Acquisition (CALA) / SDM Karnataka Central Revenue Division,LOOPBACK,44.0,28.16,64.0,600,180,1,CALA Section 3G compensation award disputed in District Court; physical possession stalled for 15.8 Ha.
619220,Tumkur-Shimoga Pkg-III from Km 121.900 Banawara to Km 170.415 Bettadahalli of Old NH-206,Karnataka,Roads & Highways,S.O. 3577(E)/2023,NH_SEC_3D,Competent Authority Land Acquisition (CALA) / SDM Karnataka Central Revenue Division,LOOPBACK,62.0,44.64,72.0,600,180,1,CALA Section 3G compensation award disputed in District Court; physical possession stalled for 17.4 Ha.
617997,Widening of existing 2 lane to 4 lane with paved shoulder from Designed km 25.15 to km 56.70 Except Km 52.70 to 53.50 of NH-169  Nellisara Camp to Thirthahalli  of NH-169 on Shimoga-Mangalore section in the state of Karnataka on EPC mode under Annual plan 2022-23 NH-169-KNT-2022-23-978 dated 08.03.2023,Karnataka,Roads & Highways,S.O. 3884(E)/2020,NH_SEC_3D,Competent Authority Land Acquisition (CALA) / SDM Karnataka Central Revenue Division,APPROVED,59.0,59.0,100.0,48,180,0,100% land possession handed over to executing agency under Section 3D/19 mutation certificate.
618030,Widening to 2 lane with paved shoulder from Km. 103.225 Pattadakal to Km. 133.00 Shirur cross of NH-367 in the state of Karnataka on EPC Mode.Job No. NH-367-KNT-2021-22-934,Karnataka,Roads & Highways,S.O. 4947(E)/2021,NH_SEC_3D,Competent Authority Land Acquisition (CALA) / SDM Karnataka Central Revenue Division,LOOPBACK,42.0,26.04,62.0,600,180,1,CALA Section 3G compensation award disputed in District Court; physical possession stalled for 16.0 Ha.
618147,Widening to 2 Lane with Paved Shoulders from design Km 103.200 Existing Km 103.200 to design Km 116.700 Existing Km 118.470 on AP/KNT Border to Sira Section of NH-544E in the State of Karnatakaon EPC mode under Annual plan 2022-23,Karnataka,Roads & Highways,S.O. 3966(E)/2023,NH_SEC_3D,Competent Authority Land Acquisition (CALA) / SDM Sira Revenue Division,QUERY_RAISED,56.0,42.56,76.0,187,180,1,Section 3H disbursement in progress; joint revenue measurement (JGM) completed for 76.0% alignment.
618000,Widening to 2-Lane with Paved Shoulders from Km 116.800 to 149.070Design Changes on Hosadurga - Holalkere Section of NH-173 in the State of Karnataka on EPC mode under Annual Plan 2021-22 Job no. NH-173-KNT-2021-22-946,Karnataka,Roads & Highways,S.O. 1096(E)/2019,NH_SEC_3D,Competent Authority Land Acquisition (CALA) / SDM Holalkere Revenue Division,LOOPBACK,61.0,31.11,51.0,576,180,1,CALA Section 3G compensation award disputed in District Court; physical possession stalled for 29.9 Ha.
618185,Widening to 2LPS from Km 0.000 to 37.850 Except Ex. Km 24.45 to 27.20 of NH-766c Byndoor-Ranebennur Section in the state of Karnataka on EPC Mode under Annual Plan 2022-23 NH-766C-KNT-2022-23-969 dated 30.12.2022,Karnataka,Roads & Highways,S.O. 2637(E)/2022,NH_SEC_3D,Competent Authority Land Acquisition (CALA) / SDM Ranebennur Revenue Division,APPROVED,72.0,72.0,100.0,95,180,0,100% land possession handed over to executing agency under Section 3D/19 mutation certificate.
617999,Widening to 2LPS from Km 67 to Km 115 on Kadur-Hosadurga section NH 173 in the state of Karnataka NH-173-KNT-2022-23-980 dated 13.03.2023,Karnataka,Roads & Highways,S.O. 4518(E)/2020,NH_SEC_3D,Competent Authority Land Acquisition (CALA) / SDM Karnataka Central Revenue Division,APPROVED,73.0,73.0,100.0,48,180,0,100% land possession handed over to executing agency under Section 3D/19 mutation certificate.
618027,Widening to 2LPS from Km 71.00 to 104.00 Existing chainages Sarjapur to Pattadkallu on Bhanapur to Gaddanakeri section NH-367 in the State of Karnataka under NHO on EPC mode under Annual Plan 2022-23 NH-367-KNT-2022-23-972 dated 08.02.2023,Karnataka,Roads & Highways,S.O. 2460(E)/2023,NH_SEC_3D,Competent Authority Land Acquisition (CALA) / SDM Karnataka Central Revenue Division,QUERY_RAISED,45.0,31.5,70.0,153,180,1,Section 3H disbursement in progress; joint revenue measurement (JGM) completed for 70.0% alignment.
618109,Widening to 4 lane from Km 51.60 to 76.20 Hebri to Parkala and from Km 85.20 to 88.90 Karavali junction to Malpe of Thirthahalli-Udupi-Malpe Section of NH-169A in the State of Karnataka on EPC Mode under Annual plan 2021-22 Job No. NH-169A-KNT-2021-22-927,Karnataka,Roads & Highways,S.O. 4837(E)/2020,NH_SEC_3D,Competent Authority Land Acquisition (CALA) / SDM Malpe Revenue Division,QUERY_RAISED,42.0,36.54,87.0,220,180,1,Section 3H disbursement in progress; joint revenue measurement (JGM) completed for 87.0% alignment.
618029,Widening to 4 lane from Km. 133.00 to 158.04 design Chainage Km. 130.88 to 155.145 Shirur Cross to Gaddankeri of NH-367 in the State of Karnataka on EPC mode. Job No. NH-367-KNT-2021-22-930,Karnataka,Roads & Highways,S.O. 1334(E)/2018,NH_SEC_3D,Competent Authority Land Acquisition (CALA) / SDM Karnataka Central Revenue Division,QUERY_RAISED,69.0,57.96,84.0,220,180,1,Section 3H disbursement in progress; joint revenue measurement (JGM) completed for 84.0% alignment.
618151,Widening to 4LPS of NH-548B from Km 118.450 Near Shirguppi to Km 128.450 Near Ankali in the State of Karnataka under NH O on EPC Mode Under Annual Plan 2022-23 NH-548B-KNT-2022-23-982,Karnataka,Roads & Highways,S.O. 5092(E)/2019,NH_SEC_3D,Competent Authority Land Acquisition (CALA) / SDM Karnataka Central Revenue Division,APPROVED,57.0,57.0,100.0,55,180,0,100% land possession handed over to executing agency under Section 3D/19 mutation certificate.
618148,Widening to 4LPS of NH-548B from Km 80.000 Near Murgundi to Km 140.200 Near Chikkodi excluding length from Km 118.450 to Km 128.450 in the State of Karnataka under NH O on EPC Mode under Annual Plan 2022-23 - Package  1 NH-548B-KNT-2022-23-979 dated 09.03.2023,Karnataka,Roads & Highways,S.O. 4956(E)/2021,NH_SEC_3D,Competent Authority Land Acquisition (CALA) / SDM Karnataka Central Revenue Division,APPROVED,61.0,61.0,100.0,99,180,0,100% land possession handed over to executing agency under Section 3D/19 mutation certificate.
617998,Widening to existing 2 lane with paved Shoulder to 4 Lane with paved shoulder from design Km 153.00 to 168.27 Mala Gate to Karkala of NH -169 on Shimoga - Mangalore section in the state of Karnataka on EPC mode under Annula Plan 2021-22 Job No. NH-169-KNT-2021-22-949,Karnataka,Roads & Highways,S.O. 2565(E)/2022,NH_SEC_3D,Competent Authority Land Acquisition (CALA) / SDM Karnataka Central Revenue Division,QUERY_RAISED,65.0,48.75,75.0,220,180,1,Section 3H disbursement in progress; joint revenue measurement (JGM) completed for 75.0% alignment.
618087,Widening to intermediate/two lane to 2 lane with paved shoulder from Existing chanages Km 112.750 to 142.00 Liingasur to Mudabal cross & from Km. 147.070 to Km. 149.070 Maski city limit of Jewargi Chamrajnagar setion of NH-150A in the state of Karnataka on EPC mode. Job No. NH-150A-KNT-2021-22-951,Karnataka,Roads & Highways,S.O. 2426(E)/2020,NH_SEC_3D,Competent Authority Land Acquisition (CALA) / SDM Karnataka Central Revenue Division,QUERY_RAISED,61.0,46.36,76.0,220,180,1,Section 3H disbursement in progress; joint revenue measurement (JGM) completed for 76.0% alignment.
618189,Widening to two lane with paved shoulder of NH-73New spur road Ujire - Dharmasthala - Periyashanthi in the State of Karnataka under NHO on HAM Mode Job No. NH-73Spur-KNT-2023-24-996,Karnataka,Roads & Highways,S.O. 4953(E)/2021,NH_SEC_3D,Competent Authority Land Acquisition (CALA) / SDM Karnataka Central Revenue Division,APPROVED,68.0,68.0,100.0,62,180,0,100% land possession handed over to executing agency under Section 3D/19 mutation certificate.
618086,"Widening to Two Lane with Paved Shoulders from KB Cross to Chunchanahalli ie., Design Ch. 485240 Km   Existing Km 494.000    to Design Ch. 523393 Km   Existing km 533.152    & From Design Ch. 530393   Existing Km 540.175    to Design Ch. 534476   Existing Km 544.200    at Nelligere of NH-150A on EPC mode under Annual Plan 2022-23  NH-150A-KNT-2022-23-977 dated 08.03.2023",Karnataka,Roads & Highways,S.O. 4441(E)/2020,NH_SEC_3D,Competent Authority Land Acquisition (CALA) / SDM Karnataka Central Revenue Division,APPROVED,71.0,71.0,100.0,104,180,0,100% land possession handed over to executing agency under Section 3D/19 mutation certificate.
618095,Widening to Two Lane with Paved Shoulders from Km 0.00 Design Chainage 0.00 to Km 23.338 Design Chainage 23310 of NH-166E MH/KNT Border- Kanamadi- Bijjargi- Tikota section in the state of Karnataka in EPC Mode under Annual plan 2022-23 NH-166E-KNT-2022-23-974,Karnataka,Roads & Highways,S.O. 3805(E)/2018,NH_SEC_3D,Competent Authority Land Acquisition (CALA) / SDM Karnataka Central Revenue Division,QUERY_RAISED,45.0,33.75,75.0,204,180,1,Section 3H disbursement in progress; joint revenue measurement (JGM) completed for 75.0% alignment.
618149,Widening to two lane with paved shoulders from Km 0.00 to 102.310 Design Chainage of NH-548B Murrum-Maharashtra Border in the State of Karnataka,Karnataka,Roads & Highways,S.O. 2240(E)/2020,NH_SEC_3D,Competent Authority Land Acquisition (CALA) / SDM Karnataka Central Revenue Division,APPROVED,60.0,60.0,100.0,68,180,0,100% land possession handed over to executing agency under Section 3D/19 mutation certificate.
617955,Widening to two lane with paved Shoulders from Km 40.00 to Km 75.00   Existing chainages    of Mangalore - Tumkur section of NH-73 in the State of Karnataka on EPC Mode under Annual Plan 2021-22   Job No NH-73-KNT-2021-22-945,Karnataka,Roads & Highways,S.O. 1905(E)/2022,NH_SEC_3D,Competent Authority Land Acquisition (CALA) / SDM Karnataka Central Revenue Division,QUERY_RAISED,70.0,52.5,75.0,220,180,1,Section 3H disbursement in progress; joint revenue measurement (JGM) completed for 75.0% alignment.
619138,Yekkambi-Haveri,Karnataka,Roads & Highways,S.O. 3811(E)/2022,NH_SEC_3D,Competent Authority Land Acquisition (CALA) / SDM Karnataka Central Revenue Division,LOOPBACK,56.0,36.96,66.0,600,180,1,CALA Section 3G compensation award disputed in District Court; physical possession stalled for 19.0 Ha.
618598,6L Minor Bridge Paloli Palam at km. 203.160 & Major Bridge Morad at km. 204.895 and allied works,Kerala,Roads & Highways,S.O. 3717(E)/2018,NH_SEC_3D,Competent Authority Land Acquisition (CALA) / SDM Kerala Central Revenue Division,LOOPBACK,42.0,26.04,62.0,600,180,1,CALA Section 3G compensation award disputed in District Court; physical possession stalled for 16.0 Ha.
618601,6L of  Kappirikkad to Thalikulam section from km 335.85 to km 369.015 of NH - 66 old NH-17,Kerala,Roads & Highways,S.O. 4882(E)/2021,NH_SEC_3D,Competent Authority Land Acquisition (CALA) / SDM Kerala Central Revenue Division,LOOPBACK,67.0,38.19,57.0,600,180,1,CALA Section 3G compensation award disputed in District Court; physical possession stalled for 28.8 Ha.
618597,6L of Azhiyur-Vengalam from km. 189.200 to km. 230.400 of NH-66,Kerala,Roads & Highways,S.O. 1601(E)/2021,NH_SEC_3D,Competent Authority Land Acquisition (CALA) / SDM Kerala Central Revenue Division,LOOPBACK,56.0,25.76,46.0,600,180,1,CALA Section 3G compensation award disputed in District Court; physical possession stalled for 30.2 Ha.
618595,6L of Chengala - Neeleshwaram from km. 56.200 to km. 93.468,Kerala,Roads & Highways,S.O. 4962(E)/2018,NH_SEC_3D,Competent Authority Land Acquisition (CALA) / SDM Kerala Central Revenue Division,LOOPBACK,47.0,22.09,47.0,600,180,1,CALA Section 3G compensation award disputed in District Court; physical possession stalled for 24.9 Ha.
618603,6L of Kodugallur to Edapppally section from km 397.750 to km 423.780 of NH - 66 old NH-17,Kerala,Roads & Highways,S.O. 4316(E)/2022,NH_SEC_3D,Competent Authority Land Acquisition (CALA) / SDM Kerala Central Revenue Division,LOOPBACK,56.0,34.16,61.0,556,180,1,CALA Section 3G compensation award disputed in District Court; physical possession stalled for 21.8 Ha.
619206,6L of Perole Nileshwar town to Taliparamba from Km 94.248 to Km 134.650 of NH-66,Kerala,Roads & Highways,S.O. 3620(E)/2018,NH_SEC_3D,Competent Authority Land Acquisition (CALA) / SDM Kerala Central Revenue Division,LOOPBACK,60.0,33.0,55.0,600,180,1,CALA Section 3G compensation award disputed in District Court; physical possession stalled for 27.0 Ha.
618599,6L of Ramanatukkara Junction to start of Valanchery bypass section of NH-66,Kerala,Roads & Highways,S.O. 4879(E)/2021,NH_SEC_3D,Competent Authority Land Acquisition (CALA) / SDM Kerala Central Revenue Division,LOOPBACK,69.0,37.26,54.0,536,180,1,CALA Section 3G compensation award disputed in District Court; physical possession stalled for 31.7 Ha.
618596,6L of Taliparamba to Muzhappilangad from Km 134.650 to Km 170.6 of NH-66,Kerala,Roads & Highways,S.O. 1864(E)/2018,NH_SEC_3D,Competent Authority Land Acquisition (CALA) / SDM Kerala Central Revenue Division,QUERY_RAISED,59.0,43.66,74.0,220,180,1,Section 3H disbursement in progress; joint revenue measurement (JGM) completed for 74.0% alignment.
618602,6L of Thalikulam to Kodugallur section from km 369.015 to km 397.850 of NH - 66 old NH-17,Kerala,Roads & Highways,S.O. 1727(E)/2021,NH_SEC_3D,Competent Authority Land Acquisition (CALA) / SDM Kerala Central Revenue Division,LOOPBACK,62.0,32.24,52.0,600,180,1,CALA Section 3G compensation award disputed in District Court; physical possession stalled for 29.8 Ha.
618600,6L of Valanchery bypass to Kappirikkad of NH  66 from km. 298500 to km 335850,Kerala,Roads & Highways,S.O. 4662(E)/2023,NH_SEC_3D,Competent Authority Land Acquisition (CALA) / SDM Kerala Central Revenue Division,QUERY_RAISED,47.0,33.84,72.0,220,180,1,Section 3H disbursement in progress; joint revenue measurement (JGM) completed for 72.0% alignment.
618604,Aroor-Thuravoor Thekku,Kerala,Roads & Highways,S.O. 3400(E)/2022,NH_SEC_3D,Competent Authority Land Acquisition (CALA) / SDM Kerala Central Revenue Division,QUERY_RAISED,65.0,45.5,70.0,163,180,1,Section 3H disbursement in progress; joint revenue measurement (JGM) completed for 70.0% alignment.
619208,Kadambattukonam-Kazhakuttom,Kerala,Roads & Highways,S.O. 2471(E)/2023,NH_SEC_3D,Competent Authority Land Acquisition (CALA) / SDM Kerala Central Revenue Division,LOOPBACK,46.0,21.16,46.0,600,180,1,CALA Section 3G compensation award disputed in District Court; physical possession stalled for 24.8 Ha.
618607,Kottankulangara- Start of Kollam Bypass,Kerala,Roads & Highways,S.O. 1943(E)/2021,NH_SEC_3D,Competent Authority Land Acquisition (CALA) / SDM Kollam Revenue Division,LOOPBACK,68.0,39.44,58.0,600,180,1,CALA Section 3G compensation award disputed in District Court; physical possession stalled for 28.6 Ha.
619098,Kozhikode Bypass Calicut Bypass Vengalam Jn. to Ramanattukara Jn.,Kerala,Roads & Highways,S.O. 2440(E)/2019,NH_SEC_3D,Competent Authority Land Acquisition (CALA) / SDM Kozhikode Revenue Division,LOOPBACK,50.0,22.5,45.0,600,180,1,CALA Section 3G compensation award disputed in District Court; physical possession stalled for 27.5 Ha.
618606,Paravoor-Kottankulangara,Kerala,Roads & Highways,S.O. 4352(E)/2018,NH_SEC_3D,Competent Authority Land Acquisition (CALA) / SDM Kerala Central Revenue Division,LOOPBACK,72.0,48.24,67.0,554,180,1,CALA Section 3G compensation award disputed in District Court; physical possession stalled for 23.8 Ha.
619207,Start of Kollam Bypass - Kadambattukonam,Kerala,Roads & Highways,S.O. 1251(E)/2018,NH_SEC_3D,Competent Authority Land Acquisition (CALA) / SDM Kollam Revenue Division,LOOPBACK,66.0,36.96,56.0,594,180,1,CALA Section 3G compensation award disputed in District Court; physical possession stalled for 29.0 Ha.
619097,Thalassery Mahe Bypass Km 170.600 to Km 189.200 of NH-17New NH-66 in Kerala,Kerala,Roads & Highways,S.O. 4613(E)/2021,NH_SEC_3D,Competent Authority Land Acquisition (CALA) / SDM Mahe Revenue Division,LOOPBACK,53.0,30.74,58.0,600,180,1,CALA Section 3G compensation award disputed in District Court; physical possession stalled for 22.3 Ha.
618605,Thuravoor Thekku-Paravoor,Kerala,Roads & Highways,S.O. 3801(E)/2022,NH_SEC_3D,Competent Authority Land Acquisition (CALA) / SDM Kerala Central Revenue Division,QUERY_RAISED,46.0,32.66,71.0,220,180,1,Section 3H disbursement in progress; joint revenue measurement (JGM) completed for 71.0% alignment.
618070,Widening to 2 Lanes with paved shoulders from Km.87/000 to 133/720 Nattukal to Thanau Jn. in Palakkad of NH-966 Old NH-213 on EPC mode Basis under NHO Annual Plan 2016-17 in the state of Kerala,Kerala,Roads & Highways,S.O. 1144(E)/2019,NH_SEC_3D,Competent Authority Land Acquisition (CALA) / SDM Kerala Central Revenue Division,LOOPBACK,54.0,37.26,69.0,600,180,1,CALA Section 3G compensation award disputed in District Court; physical possession stalled for 16.7 Ha.
618708,Widening/Development of Existing NH-85 from Km 0.000 to Km 124.636 section to 2L/LPS section in the state of Kerala on EPC Mode under Bharatmala Pariyojana,Kerala,Roads & Highways,S.O. 2461(E)/2020,NH_SEC_3D,Competent Authority Land Acquisition (CALA) / SDM Kerala Central Revenue Division,QUERY_RAISED,71.0,50.41,71.0,220,180,1,Section 3H disbursement in progress; joint revenue measurement (JGM) completed for 71.0% alignment.
618408,Kargil Zanskar Road,Ladakh,Roads & Highways,S.O. 1334(E)/2020,NH_SEC_3D,Competent Authority Land Acquisition (CALA) / SDM Ladakh Central Revenue Division,LOOPBACK,59.0,28.91,49.0,576,180,1,CALA Section 3G compensation award disputed in District Court; physical possession stalled for 30.1 Ha.
618410,Widening & Up-gradation to 2 lane with paved shoulder of NH-301 Kargil- Zanskar Road from Design Km .30.040 Ex. Km. 30.000 to Design Km 57.000 Ex. Km. 57.905 of 26.960 Km length Pkg-II,Ladakh,Roads & Highways,S.O. 5078(E)/2019,NH_SEC_3D,Competent Authority Land Acquisition (CALA) / SDM Ladakh Central Revenue Division,LOOPBACK,68.0,49.64,73.0,600,180,1,CALA Section 3G compensation award disputed in District Court; physical possession stalled for 18.4 Ha.
618409,Widening & Up-gradation to 2 lane with Paved shoulder of NH-301 Kargil- Zanskar Road from Design km 57.000 Ex. Km. 57.905 to Km 87.000 Ex. Km. 88.2491 of 30.000 Km length Pkg-lll,Ladakh,Roads & Highways,S.O. 4000(E)/2023,NH_SEC_3D,Competent Authority Land Acquisition (CALA) / SDM Ladakh Central Revenue Division,LOOPBACK,60.0,27.0,45.0,552,180,1,CALA Section 3G compensation award disputed in District Court; physical possession stalled for 33.0 Ha.
618751,2L PS of Hinotiya-Mehulwa section of NH-346 from Km. 27.000 to Km 75.700 Vidisha  Mehulwa-Talbehat Pkg-II Section of NH- 346,Madhya Pradesh,Roads & Highways,S.O. 2722(E)/2021,NH_SEC_3D,Competent Authority Land Acquisition (CALA) / SDM Madhya Central Revenue Division,APPROVED,47.0,47.0,100.0,51,180,0,100% land possession handed over to executing agency under Section 3D/19 mutation certificate.
618655,2L PS of Roshni to Ashapur Section of NH-347B from Design KM Ch. 89.900 to 114.000 KM Package  III of Betul  Khandwa,Madhya Pradesh,Roads & Highways,S.O. 2614(E)/2021,NH_SEC_3D,Competent Authority Land Acquisition (CALA) / SDM Ashapur Revenue Division,APPROVED,49.0,49.0,100.0,78,180,0,100% land possession handed over to executing agency under Section 3D/19 mutation certificate.
618964,4 Laning of Sandalpur to Nasrullaganj Pkg-1 section of NH-146B Length 43.2 Km.,Madhya Pradesh,Roads & Highways,S.O. 5150(E)/2018,NH_SEC_3D,Competent Authority Land Acquisition (CALA) / SDM Madhya Central Revenue Division,APPROVED,65.0,65.0,100.0,93,180,0,100% land possession handed over to executing agency under Section 3D/19 mutation certificate.
618666,4- Laning of Mohari to Satai Ghat section NH-934 from Km 50300 to Km 89875 Total length 39.575 km Package-2 in the State of Madhya Pradesh on EPC Mode,Madhya Pradesh,Roads & Highways,S.O. 4534(E)/2018,NH_SEC_3D,Competent Authority Land Acquisition (CALA) / SDM Madhya Central Revenue Division,APPROVED,64.0,64.0,100.0,86,180,0,100% land possession handed over to executing agency under Section 3D/19 mutation certificate.
618672,4-lanning of Gyaraspur to Rahatgarh section of NH-146 from Design Ch. 88361 to Ch 124470 in the state of MP on HAM mode,Madhya Pradesh,Roads & Highways,S.O. 4519(E)/2018,NH_SEC_3D,Competent Authority Land Acquisition (CALA) / SDM Madhya Central Revenue Division,APPROVED,49.0,49.0,100.0,72,180,0,100% land possession handed over to executing agency under Section 3D/19 mutation certificate.
618671,4-lanning of Rahatgarh to Berkhedi section of NH-146 from Design Ch 124470 to Ch. 134.549,Madhya Pradesh,Roads & Highways,S.O. 4307(E)/2021,NH_SEC_3D,Competent Authority Land Acquisition (CALA) / SDM Madhya Central Revenue Division,APPROVED,72.0,72.0,100.0,103,180,0,100% land possession handed over to executing agency under Section 3D/19 mutation certificate.
618623,4L Boregaon Buzurg to Shahpur Pkg I of Boregaon Buzurg to Muktainagar of NH 753L,Madhya Pradesh,Roads & Highways,S.O. 4194(E)/2020,NH_SEC_3D,Competent Authority Land Acquisition (CALA) / SDM Madhya Central Revenue Division,QUERY_RAISED,44.0,36.96,84.0,131,180,1,Section 3H disbursement in progress; joint revenue measurement (JGM) completed for 84.0% alignment.
618661,4L from km 0.000 to 42.040 Bhopal Ratnaigiri Tiraha to Vidisha Morikodi,Madhya Pradesh,Roads & Highways,S.O. 1021(E)/2018,NH_SEC_3D,Competent Authority Land Acquisition (CALA) / SDM Madhya Central Revenue Division,APPROVED,51.0,51.0,100.0,86,180,0,100% land possession handed over to executing agency under Section 3D/19 mutation certificate.
618654,4L Greenfield Rudhi to Deshgaon Pkg V of Betul-Khandwa/Deshgaon,Madhya Pradesh,Roads & Highways,S.O. 2955(E)/2023,NH_SEC_3D,Competent Authority Land Acquisition (CALA) / SDM Madhya Central Revenue Division,QUERY_RAISED,50.0,42.5,85.0,220,180,1,Section 3H disbursement in progress; joint revenue measurement (JGM) completed for 85.0% alignment.
618735,4L of  Chandesara  to Khedakhajuriya  from Km. 0.000 to - 750 & Km 0.000 to km 41.400 of  NH-148NG Pkg-I,Madhya Pradesh,Roads & Highways,S.O. 4654(E)/2020,NH_SEC_3D,Competent Authority Land Acquisition (CALA) / SDM Madhya Central Revenue Division,LOOPBACK,64.0,44.16,69.0,600,180,1,CALA Section 3G compensation award disputed in District Court; physical possession stalled for 19.8 Ha.
618962,4L of Budhni to Shahganj Bypass End Package-III of NH-146B from Km. 73.750 to Km. 102.000,Madhya Pradesh,Roads & Highways,S.O. 2629(E)/2020,NH_SEC_3D,Competent Authority Land Acquisition (CALA) / SDM Shahganj Revenue Division,APPROVED,54.0,54.0,100.0,88,180,0,100% land possession handed over to executing agency under Section 3D/19 mutation certificate.
618668,4L of Chowka to Kaimaha near MP/UP Border section NH-34 from D. Ch. 145.000 to D. Ch. 197.266 excluding existing Chhatarpur bypass from D. Ch. 160.307 to D. Ch. 168.630 Package-4,Madhya Pradesh,Roads & Highways,S.O. 4713(E)/2022,NH_SEC_3D,Competent Authority Land Acquisition (CALA) / SDM Madhya Central Revenue Division,APPROVED,63.0,63.0,100.0,93,180,0,100% land possession handed over to executing agency under Section 3D/19 mutation certificate.
618622,4L of Indore - Boregaon Pkg-III [Balwara to Dhangaon] from km. 42.260 to km. 82.660 of NH347BG & 753L,Madhya Pradesh,Roads & Highways,S.O. 3375(E)/2018,NH_SEC_3D,Competent Authority Land Acquisition (CALA) / SDM Madhya Central Revenue Division,LOOPBACK,40.0,20.0,50.0,600,180,1,CALA Section 3G compensation award disputed in District Court; physical possession stalled for 20.0 Ha.
618667,4L of near Satai Ghat to Chowka section of NH-34 from D. Ch. 89.875 to D. Ch. 145.000 Package-3,Madhya Pradesh,Roads & Highways,S.O. 3665(E)/2020,NH_SEC_3D,Competent Authority Land Acquisition (CALA) / SDM Madhya Central Revenue Division,APPROVED,50.0,50.0,100.0,80,180,0,100% land possession handed over to executing agency under Section 3D/19 mutation certificate.
618665,4L of Sagar - Mohari from Km.8 to Km.50 Pkg-I,Madhya Pradesh,Roads & Highways,S.O. 4670(E)/2019,NH_SEC_3D,Competent Authority Land Acquisition (CALA) / SDM Madhya Central Revenue Division,LOOPBACK,60.0,33.0,55.0,574,180,1,CALA Section 3G compensation award disputed in District Court; physical possession stalled for 27.0 Ha.
619101,4L Shahpur to Muktainagar from Km. 186.000 to km 216.278  of NH 753L Pkg II of Boregaon Buzurg to Muktainagar,Madhya Pradesh,Roads & Highways,S.O. 2179(E)/2020,NH_SEC_3D,Competent Authority Land Acquisition (CALA) / SDM Madhya Central Revenue Division,APPROVED,54.0,54.0,100.0,98,180,0,100% land possession handed over to executing agency under Section 3D/19 mutation certificate.
618662,4L Vidisha Gyaraspur section of NH-146 from Design Chainage km 59475 existing chainage km 81240  to Design Chainage km 88361 existing chainage km 110.315,Madhya Pradesh,Roads & Highways,S.O. 2760(E)/2023,NH_SEC_3D,Competent Authority Land Acquisition (CALA) / SDM Madhya Central Revenue Division,APPROVED,40.0,40.0,100.0,77,180,0,100% land possession handed over to executing agency under Section 3D/19 mutation certificate.
618620,"Additional works 2VUPs, MR-10 junction flyover and underpass in Six lane Indore-Dewas section of NH-52 in the state of Madhya Pradesh on EPC Mode",Madhya Pradesh,Roads & Highways,S.O. 2482(E)/2021,NH_SEC_3D,Competent Authority Land Acquisition (CALA) / SDM Madhya Central Revenue Division,QUERY_RAISED,52.0,37.44,72.0,220,180,1,Section 3H disbursement in progress; joint revenue measurement (JGM) completed for 72.0% alignment.
618701,Balance work of 4L of Nauradehi Sanctuary de-scoped stretch of Hiran River to Sindoor River from Km. 66.00 to 130.00  NH-12 New NH-45,Madhya Pradesh,Roads & Highways,S.O. 2585(E)/2018,NH_SEC_3D,Competent Authority Land Acquisition (CALA) / SDM Madhya Central Revenue Division,QUERY_RAISED,55.0,41.25,75.0,139,180,1,Section 3H disbursement in progress; joint revenue measurement (JGM) completed for 75.0% alignment.
618784,Balance works of 4 lane divided carriageway of Missing Link section of NH-39 Rewa Bypass from junction with NH 30 near Bela to Junction with MPRDC ring road near Silpara on SH 9 design length 13.100 km on EPC Mode under Bharatmala Pariyojana in the State of Madhya Pradesh,Madhya Pradesh,Roads & Highways,S.O. 2347(E)/2018,NH_SEC_3D,Competent Authority Land Acquisition (CALA) / SDM Rewa Revenue Division,APPROVED,67.0,67.0,100.0,55,180,0,100% land possession handed over to executing agency under Section 3D/19 mutation certificate.
618664,Berkhedi to Godpehra on NH-44 Sagar link road,Madhya Pradesh,Roads & Highways,S.O. 4548(E)/2021,NH_SEC_3D,Competent Authority Land Acquisition (CALA) / SDM Madhya Central Revenue Division,LOOPBACK,63.0,33.39,53.0,569,180,1,CALA Section 3G compensation award disputed in District Court; physical possession stalled for 29.6 Ha.
618619,Bypass on Western side of Gwalior City,Madhya Pradesh,Roads & Highways,S.O. 1273(E)/2020,NH_SEC_3D,Competent Authority Land Acquisition (CALA) / SDM Madhya Central Revenue Division,APPROVED,73.0,73.0,100.0,105,180,0,100% land possession handed over to executing agency under Section 3D/19 mutation certificate.
618556,"Construction of 26 VUPs, Major Bridge, Service Road etc. on Lalitpur-Sagar-Lakhnadon section of NH-44 NS",Madhya Pradesh,Roads & Highways,S.O. 5313(E)/2022,NH_SEC_3D,Competent Authority Land Acquisition (CALA) / SDM Madhya Central Revenue Division,APPROVED,43.0,43.0,100.0,47,180,0,100% land possession handed over to executing agency under Section 3D/19 mutation certificate.
618932,Construction of 6 lane Indore western bypass from km 0000 to Km 34000 Pkg -l  in the State of Madhya Pradesh on Hybrid Annuity Mode under NHO,Madhya Pradesh,Roads & Highways,S.O. 1507(E)/2023,NH_SEC_3D,Competent Authority Land Acquisition (CALA) / SDM Madhya Central Revenue Division,APPROVED,42.0,42.0,100.0,51,180,0,100% land possession handed over to executing agency under Section 3D/19 mutation certificate.
618933,Construction of 6 lane Indore western bypass from km 34000 to Km 64000 Pkg-II in the state of Madhya Pradesh on Hybrid Annuity Mode under NHO,Madhya Pradesh,Roads & Highways,S.O. 1886(E)/2020,NH_SEC_3D,Competent Authority Land Acquisition (CALA) / SDM Madhya Central Revenue Division,APPROVED,66.0,66.0,100.0,89,180,0,100% land possession handed over to executing agency under Section 3D/19 mutation certificate.
618157,Construction of Ater realignment & Bhind bypass Total length. 21.50 km Section of NH-552Extn. to Two lane with paved shoulder configuration in the State of Madhya Pradesh on EPC mode.,Madhya Pradesh,Roads & Highways,S.O. 1875(E)/2021,NH_SEC_3D,Competent Authority Land Acquisition (CALA) / SDM Madhya Central Revenue Division,APPROVED,45.0,45.0,100.0,73,180,0,100% land possession handed over to executing agency under Section 3D/19 mutation certificate.
618068,"Construction of Kaithi-Padaria Kala bypass, Patna-Tamoli bypass, Jaso bypass and Nagod bypass   total length 15.44 Km    to 2-lane with paved shoulders flexible pavement on NH-943 in the State of Madhya Pradesh on EPC Mode.",Madhya Pradesh,Roads & Highways,S.O. 3030(E)/2023,NH_SEC_3D,Competent Authority Land Acquisition (CALA) / SDM Madhya Central Revenue Division,QUERY_RAISED,70.0,56.0,80.0,220,180,1,Section 3H disbursement in progress; joint revenue measurement (JGM) completed for 80.0% alignment.
618129,"Construction of Kasrawad bypass, Selani bypass, Khargone bypass & Bistan bypass Total length. 31.950 km Section of NH-347 C to Two lane with paved shoulder configuration in the State of Madhya Pradesh on EPC mode.",Madhya Pradesh,Roads & Highways,S.O. 2513(E)/2021,NH_SEC_3D,Competent Authority Land Acquisition (CALA) / SDM Madhya Central Revenue Division,APPROVED,53.0,53.0,100.0,53,180,0,100% land possession handed over to executing agency under Section 3D/19 mutation certificate.
618045,"Construction of Mihona bypass, Lahar bypass, Daboh bypass & Bhander Bypass total length 20.60 km to 2-lane with paved shoulder from on Mihona-Bhander-MP/UP border section of NH 552E in the State of Madhya Pradesh on EPC mode",Madhya Pradesh,Roads & Highways,S.O. 4638(E)/2018,NH_SEC_3D,Competent Authority Land Acquisition (CALA) / SDM Bhander Revenue Division,APPROVED,68.0,68.0,100.0,50,180,0,100% land possession handed over to executing agency under Section 3D/19 mutation certificate.
618156,"Construction of Morena bypass, Ambah bypass & Porsa bypass Totat length 27.16 km Section of NH-552 Ext. to TWo lane with paved shoulder configuration in the state of Madhya Pradesh on EPC mode",Madhya Pradesh,Roads & Highways,S.O. 2156(E)/2019,NH_SEC_3D,Competent Authority Land Acquisition (CALA) / SDM Madhya Central Revenue Division,APPROVED,61.0,61.0,100.0,48,180,0,100% land possession handed over to executing agency under Section 3D/19 mutation certificate.
617909,Construction of Rewa Bypass to 4-lane with paved shoulder along with service road from Ratahara Chowk to Chorhata Chowk Road section of NH-30 from km 00.000 to 19.200 in the State of Madhya Pradesh on Hybrid Annuity Mode HAM.,Madhya Pradesh,Roads & Highways,S.O. 3111(E)/2021,NH_SEC_3D,Competent Authority Land Acquisition (CALA) / SDM Rewa Revenue Division,APPROVED,51.0,51.0,100.0,76,180,0,100% land possession handed over to executing agency under Section 3D/19 mutation certificate.
618170,Construction of Two lane with paved shoulder configuration of Shujalpur Bypass section of NH-752C from km 33100 Design to km. 42570 Design total design length 10.470 km in the State of Madhya Pradesh on EPC mode.,Madhya Pradesh,Roads & Highways,S.O. 5061(E)/2021,NH_SEC_3D,Competent Authority Land Acquisition (CALA) / SDM Shujalpur Revenue Division,QUERY_RAISED,41.0,29.11,71.0,220,180,1,Section 3H disbursement in progress; joint revenue measurement (JGM) completed for 71.0% alignment.
618963,Construction work of 4-laning of Shahganj bypass end to Badi Package-IV of NH-146B from design km 102.000 to design km 142.357 Design length 40.357 km,Madhya Pradesh,Roads & Highways,S.O. 1793(E)/2020,NH_SEC_3D,Competent Authority Land Acquisition (CALA) / SDM Madhya Central Revenue Division,APPROVED,68.0,68.0,100.0,70,180,0,100% land possession handed over to executing agency under Section 3D/19 mutation certificate.
619100,Dhangaon - Borgaon section km 81.000 to km 139.000 [Indore - Edlabad Pkg IV],Madhya Pradesh,Roads & Highways,S.O. 1528(E)/2020,NH_SEC_3D,Competent Authority Land Acquisition (CALA) / SDM Madhya Central Revenue Division,LOOPBACK,68.0,42.84,63.0,600,180,1,CALA Section 3G compensation award disputed in District Court; physical possession stalled for 25.2 Ha.
618663,i 4L  Vidisha to Hinotiya from km 0.000 to Km 27.000 Vidisha  Mehulwa-Talbehat Pkg-I Section of NH- 346 and ii 4L Vidisha to Morikori from Km 39.000 to 59.476  section of NH-146,Madhya Pradesh,Roads & Highways,S.O. 4641(E)/2022,NH_SEC_3D,Competent Authority Land Acquisition (CALA) / SDM Madhya Central Revenue Division,QUERY_RAISED,41.0,29.11,71.0,198,180,1,Section 3H disbursement in progress; joint revenue measurement (JGM) completed for 71.0% alignment.
618621,Indore - Edlabad Pkg-II [Tejajinagar to Balwara],Madhya Pradesh,Roads & Highways,S.O. 1317(E)/2020,NH_SEC_3D,Competent Authority Land Acquisition (CALA) / SDM Madhya Central Revenue Division,QUERY_RAISED,72.0,62.64,87.0,220,180,1,Section 3H disbursement in progress; joint revenue measurement (JGM) completed for 87.0% alignment.
618625,Indore - Gujarat / MP Border from km. Km 9.500 to Km 171.000 of NH-59 in MP,Madhya Pradesh,Roads & Highways,S.O. 4043(E)/2023,NH_SEC_3D,Competent Authority Land Acquisition (CALA) / SDM Madhya Central Revenue Division,LOOPBACK,58.0,33.64,58.0,600,180,1,CALA Section 3G compensation award disputed in District Court; physical possession stalled for 24.4 Ha.
618694,Indore - Harda Pkg-I [Indore to Raghav Garh from km. 0.25 to km. 26.903],Madhya Pradesh,Roads & Highways,S.O. 4577(E)/2023,NH_SEC_3D,Competent Authority Land Acquisition (CALA) / SDM Madhya Central Revenue Division,QUERY_RAISED,42.0,36.54,87.0,220,180,1,Section 3H disbursement in progress; joint revenue measurement (JGM) completed for 87.0% alignment.
619114,Indore - Harda Pkg-II [Raghavgarh to Nanasa from km. 29.30 to km. 92.30],Madhya Pradesh,Roads & Highways,S.O. 4034(E)/2021,NH_SEC_3D,Competent Authority Land Acquisition (CALA) / SDM Madhya Central Revenue Division,QUERY_RAISED,59.0,49.56,84.0,220,180,1,Section 3H disbursement in progress; joint revenue measurement (JGM) completed for 84.0% alignment.
618695,Indore - Harda Pkg-III [Nanasa to Pidgaon Section from km 95.000 to km 142.445],Madhya Pradesh,Roads & Highways,S.O. 3579(E)/2023,NH_SEC_3D,Competent Authority Land Acquisition (CALA) / SDM Pidgaon Revenue Division,LOOPBACK,74.0,54.76,74.0,600,180,1,CALA Section 3G compensation award disputed in District Court; physical possession stalled for 19.2 Ha.
618762,Itarsi Km. 63.000 to Betul Km. 137.000 of NH-69 in Madhya Pradesh,Madhya Pradesh,Roads & Highways,S.O. 4372(E)/2018,NH_SEC_3D,Competent Authority Land Acquisition (CALA) / SDM Madhya Central Revenue Division,LOOPBACK,62.0,35.34,57.0,600,180,1,CALA Section 3G compensation award disputed in District Court; physical possession stalled for 26.7 Ha.
618688,Outer Ring Road of Jabalpur Town from  Amjhar Road including Airport Connectivity to barela Pkg-V,Madhya Pradesh,Roads & Highways,S.O. 1898(E)/2018,NH_SEC_3D,Competent Authority Land Acquisition (CALA) / SDM Madhya Central Revenue Division,APPROVED,48.0,48.0,100.0,47,180,0,100% land possession handed over to executing agency under Section 3D/19 mutation certificate.
618687,Outer Ring Road of Jabalpur Town from Barela to Manegaon Pkg-1,Madhya Pradesh,Roads & Highways,S.O. 4087(E)/2018,NH_SEC_3D,Competent Authority Land Acquisition (CALA) / SDM Madhya Central Revenue Division,QUERY_RAISED,57.0,43.89,77.0,220,180,1,Section 3H disbursement in progress; joint revenue measurement (JGM) completed for 77.0% alignment.
618686,Outer Ring Road of Jabalpur Town from Kushner to Amjhar Road including Airport Connectivity Pkg-IV,Madhya Pradesh,Roads & Highways,S.O. 4002(E)/2018,NH_SEC_3D,Competent Authority Land Acquisition (CALA) / SDM Madhya Central Revenue Division,QUERY_RAISED,52.0,37.44,72.0,140,180,1,Section 3H disbursement in progress; joint revenue measurement (JGM) completed for 72.0% alignment.
618684,Outer Ring Road of Jabalpur Town from Manegaon to NH-45 Pkg-2,Madhya Pradesh,Roads & Highways,S.O. 2171(E)/2019,NH_SEC_3D,Competent Authority Land Acquisition (CALA) / SDM Madhya Central Revenue Division,QUERY_RAISED,46.0,37.26,81.0,204,180,1,Section 3H disbursement in progress; joint revenue measurement (JGM) completed for 81.0% alignment.
618685,Outer Ring Road of Jabalpur Town from NH45 to Kushner Pkg-3,Madhya Pradesh,Roads & Highways,S.O. 1135(E)/2019,NH_SEC_3D,Competent Authority Land Acquisition (CALA) / SDM Madhya Central Revenue Division,QUERY_RAISED,70.0,59.5,85.0,158,180,1,Section 3H disbursement in progress; joint revenue measurement (JGM) completed for 85.0% alignment.
618035,Rehabilitation & Upgradation of existing intermediate lane to two Lane with paved shoulder from km. 0.600 Gulganj bypass on NH-34 to km. 43.00 Barna River length 42.400 km. on Gulganj-Amanganj-Pawai-Katni NH43 Extn. in the state of Madhya Pradesh on EPCmode.,Madhya Pradesh,Roads & Highways,S.O. 1808(E)/2021,NH_SEC_3D,Competent Authority Land Acquisition (CALA) / SDM Madhya Central Revenue Division,APPROVED,53.0,53.0,100.0,64,180,0,100% land possession handed over to executing agency under Section 3D/19 mutation certificate.
618020,"Rehabilitation & Upgradation of KurwaiMungaoliChanderi Road section of NH-346, from Design Chainge 0.000 to 81.300 Km Total length 83.1 km to Two lane with paved shoulder configuration along with One time improvement in 07 nos of bypassed built-up areas in a total length of 22.615 km in the state of Madhya Pradesh on EPC mode.",Madhya Pradesh,Roads & Highways,S.O. 3847(E)/2023,NH_SEC_3D,Competent Authority Land Acquisition (CALA) / SDM Madhya Central Revenue Division,APPROVED,42.0,42.0,100.0,75,180,0,100% land possession handed over to executing agency under Section 3D/19 mutation certificate.
617911,Rehabilitation and upgradation Umaria to Shahdol section of NH-78 from Existing Km. 68/4 to Km. 142/2 to 2LPS including construction of Birshinghpur and Shahdol Bypass on EPC mode under NHDP-IVA,Madhya Pradesh,Roads & Highways,S.O. 2190(E)/2020,NH_SEC_3D,Competent Authority Land Acquisition (CALA) / SDM Shahdol Revenue Division,LOOPBACK,65.0,42.25,65.0,600,180,1,CALA Section 3G compensation award disputed in District Court; physical possession stalled for 22.8 Ha.
618966,Six laning with both sides Service Road of Ayodhya Bypass from Design Km 0000 near Ashram Tiraha on NH-46 to Km 16439 end at Ratnagiri Tiraha on Nh-146,Madhya Pradesh,Roads & Highways,S.O. 2239(E)/2022,NH_SEC_3D,Competent Authority Land Acquisition (CALA) / SDM Ayodhya Revenue Division,APPROVED,69.0,69.0,100.0,61,180,0,100% land possession handed over to executing agency under Section 3D/19 mutation certificate.
618021,Up-gradation of Pichhore- Dinara section of NH-346 from Km 292.750 to 334.550 to two lane with paved shoulders in the state of Madhya Pradesh on EPC mode,Madhya Pradesh,Roads & Highways,S.O. 2309(E)/2022,NH_SEC_3D,Competent Authority Land Acquisition (CALA) / SDM Madhya Central Revenue Division,APPROVED,49.0,49.0,100.0,105,180,0,100% land possession handed over to executing agency under Section 3D/19 mutation certificate.
618019,Upgradation & widening of Jharkheda- Berasia - Dholkhedi from design km 0000 to km 87900 Design length 87.90km of NH-346 including 3 nos. bypasses of 13.10 Km in the State of Madhya Pradesh under EPC mode.,Madhya Pradesh,Roads & Highways,S.O. 5250(E)/2021,NH_SEC_3D,Competent Authority Land Acquisition (CALA) / SDM Madhya Central Revenue Division,QUERY_RAISED,70.0,56.0,80.0,220,180,1,Section 3H disbursement in progress; joint revenue measurement (JGM) completed for 80.0% alignment.
618043,Upgradation and reconstruction of Dindori - Mandla Section of NH 543 from Km 77100 Design to Km 170580 Design Total length 93.48km to Two lane with paved shoulder configuration along with One time improvement in 04 nos of bypassed built-up areas in a total length of 7.23 km in the state of Madhya Pradesh on EPC mode,Madhya Pradesh,Roads & Highways,S.O. 3205(E)/2020,NH_SEC_3D,Competent Authority Land Acquisition (CALA) / SDM Mandla Revenue Division,APPROVED,70.0,70.0,100.0,59,180,0,100% land possession handed over to executing agency under Section 3D/19 mutation certificate.
618036,Upgradation and reconstruction of existing intermediate lane to two Lane with paved shoulder configuration from km. 43.00 Barna River to km. 77.00 ken river length 34.00 km. on Gulganj-Amanganj-Pawai-Katni NH43 Extn. along with One time improvement in 01 no. of bypassed built-up area in a total length of 1.585 km in the state of Madhya Pradesh on EPCmode.,Madhya Pradesh,Roads & Highways,S.O. 4719(E)/2022,NH_SEC_3D,Competent Authority Land Acquisition (CALA) / SDM Madhya Central Revenue Division,APPROVED,49.0,49.0,100.0,72,180,0,100% land possession handed over to executing agency under Section 3D/19 mutation certificate.
617914,Upgradation and reconstruction of Shahpura-Dindori Section of NH 45 from Km 103.700 Design to Km 164.580 Design including 3 bypasses Total length 60.88km to Two lane with paved shoulder configuration along with One time improvement in 03 nos of bypassed built-up areas in a total length of 12.341 km in the State of Madhya Pradesh on EPC mode,Madhya Pradesh,Roads & Highways,S.O. 2256(E)/2022,NH_SEC_3D,Competent Authority Land Acquisition (CALA) / SDM Dindori Revenue Division,QUERY_RAISED,46.0,39.56,86.0,220,180,1,Section 3H disbursement in progress; joint revenue measurement (JGM) completed for 86.0% alignment.
617915,Upgradation of Dindori-Sagartola-kabichabutra MP-CG border section of NH -45 from km 000Design to km 77.00 Design to Two lane with paved shoulder configration along with one time improvement in 04 nos. of bypaased built-up areas in a total length of 9.1 km in the state of Madhya Pradesh on EPC mode.,Madhya Pradesh,Roads & Highways,S.O. 3031(E)/2022,NH_SEC_3D,Competent Authority Land Acquisition (CALA) / SDM Madhya Central Revenue Division,QUERY_RAISED,46.0,37.26,81.0,166,180,1,Section 3H disbursement in progress; joint revenue measurement (JGM) completed for 81.0% alignment.
618158,"Upgradation of Goras to Shyampur Road section of NH-552 Ext., from Design Chainge 48.400 to 111.800 Km Total length 63.40 km to two lane with paved shoulder configuration along with One time improvement of 8.91 km in the state of Madhya Pradesh on EPC mode",Madhya Pradesh,Roads & Highways,S.O. 1534(E)/2019,NH_SEC_3D,Competent Authority Land Acquisition (CALA) / SDM Madhya Central Revenue Division,APPROVED,74.0,74.0,100.0,104,180,0,100% land possession handed over to executing agency under Section 3D/19 mutation certificate.
618085,Upgradation of Nasrullagani-Rehti-Budhni Scction  to 2-lane with paved shoulder from Km 0150 to Km 50500 of NH-146B in the state of Madhya Pradesh on EPC mode.,Madhya Pradesh,Roads & Highways,S.O. 2922(E)/2020,NH_SEC_3D,Competent Authority Land Acquisition (CALA) / SDM Madhya Central Revenue Division,QUERY_RAISED,47.0,33.84,72.0,220,180,1,Section 3H disbursement in progress; joint revenue measurement (JGM) completed for 72.0% alignment.
619007,Upgradation of Sarvardewla to Pal MP/MH Border Road section of NH-347 C from Design Chainge km 81.600 to 137.400 Total length 55.80 km to two lane with paved shoulder configuration along with One time improvement of 1 .95 km in the State of Madhya Pradesh on EPC mode.,Madhya Pradesh,Roads & Highways,S.O. 5499(E)/2019,NH_SEC_3D,Competent Authority Land Acquisition (CALA) / SDM Madhya Central Revenue Division,APPROVED,54.0,54.0,100.0,77,180,0,100% land possession handed over to executing agency under Section 3D/19 mutation certificate.
618044,Upgradation of Shahdol- Sagartola Section of NH 543 from km 0000 to km 69400 to 2 lane with paved shoulders under Hybrid Annuity Mode HAM in the State of Madhya Pradesh,Madhya Pradesh,Roads & Highways,S.O. 1808(E)/2020,NH_SEC_3D,Competent Authority Land Acquisition (CALA) / SDM Sagartola Revenue Division,APPROVED,43.0,43.0,100.0,92,180,0,100% land possession handed over to executing agency under Section 3D/19 mutation certificate.
618171,"Work of Upgradation of Jirapur-Pachore Road including Pachore, Jirapur, Chhapiheda & Khujner Bypasses from 0000 to 58790 Design Length 58.79 Km section of NH-752C to 2LPS in the State of Madhya Pradesh under EPC mode",Madhya Pradesh,Roads & Highways,S.O. 1247(E)/2020,NH_SEC_3D,Competent Authority Land Acquisition (CALA) / SDM Khujner Revenue Division,QUERY_RAISED,72.0,55.44,77.0,184,180,1,Section 3H disbursement in progress; joint revenue measurement (JGM) completed for 77.0% alignment.
619095,Balance works of 4L Panvel  Indapur section of NH66 old NH17 from km 42.300 kasu to km 84.600 Indapur,Maharashtra,Roads & Highways,S.O. 1729(E)/2019,NH_SEC_3D,Competent Authority Land Acquisition (CALA) / SDM Maharashtra Central Revenue Division,LOOPBACK,54.0,29.16,54.0,558,180,1,CALA Section 3G compensation award disputed in District Court; physical possession stalled for 24.8 Ha.
618588,4L Mitigation Measure structures on CH/MH Border to Wainganga Bridge Section of NH-6 New NH-53,Maharashtra,Roads & Highways,S.O. 2439(E)/2023,NH_SEC_3D,Competent Authority Land Acquisition (CALA) / SDM Bridge Revenue Division,LOOPBACK,64.0,47.36,74.0,600,180,1,CALA Section 3G compensation award disputed in District Court; physical possession stalled for 16.6 Ha.
618941,4L of Bamni - Rajura - Warur - Devada upto M.S. Border of NH - 930D from km 19.000 to km 51.985,Maharashtra,Roads & Highways,S.O. 3598(E)/2022,NH_SEC_3D,Competent Authority Land Acquisition (CALA) / SDM Maharashtra Central Revenue Division,QUERY_RAISED,48.0,42.24,88.0,147,180,1,Section 3H disbursement in progress; joint revenue measurement (JGM) completed for 88.0% alignment.
619163,4L of Baramati to Indapur Pkg-II from km. 41.400 to km. 84.550 of NH-965G Saint Tukaram Marg,Maharashtra,Roads & Highways,S.O. 2151(E)/2019,NH_SEC_3D,Competent Authority Land Acquisition (CALA) / SDM Maharashtra Central Revenue Division,LOOPBACK,71.0,39.76,56.0,600,180,1,CALA Section 3G compensation award disputed in District Court; physical possession stalled for 31.2 Ha.
619209,4L of existing 2/4L stretch from Lonand  to Dive Ghat Km 166.400 to Km 220.900  of Mohol  Alandi section of NH-965 Pkg - V,Maharashtra,Roads & Highways,S.O. 4790(E)/2022,NH_SEC_3D,Competent Authority Land Acquisition (CALA) / SDM Maharashtra Central Revenue Division,QUERY_RAISED,55.0,44.0,80.0,171,180,1,Section 3H disbursement in progress; joint revenue measurement (JGM) completed for 80.0% alignment.
618557,4L of Indora Chowk to Pachpaoli and Agrasen Chowk - Ashoka Chowk,Maharashtra,Roads & Highways,S.O. 2421(E)/2020,NH_SEC_3D,Competent Authority Land Acquisition (CALA) / SDM Maharashtra Central Revenue Division,APPROVED,61.0,61.0,100.0,66,180,0,100% land possession handed over to executing agency under Section 3D/19 mutation certificate.
618937,4L of Nagpur-Katol Section from Km. 13.00 to Km. 62.900 of NH-353J,Maharashtra,Roads & Highways,S.O. 3752(E)/2021,NH_SEC_3D,Competent Authority Land Acquisition (CALA) / SDM Katol Revenue Division,LOOPBACK,52.0,34.84,67.0,600,180,1,CALA Section 3G compensation award disputed in District Court; physical possession stalled for 17.2 Ha.
618938,4L of Rajura-Korpana-Adilabad Road upto M.S. Border from km 32.910 to km 89.090 of NH-353B,Maharashtra,Roads & Highways,S.O. 2840(E)/2022,NH_SEC_3D,Competent Authority Land Acquisition (CALA) / SDM Maharashtra Central Revenue Division,APPROVED,50.0,50.0,100.0,59,180,0,100% land possession handed over to executing agency under Section 3D/19 mutation certificate.
618837,4L of Ratnagiri - Kolhapur section from km 112.340 to km 145.300 of NH-166 PkgIII,Maharashtra,Roads & Highways,S.O. 2770(E)/2018,NH_SEC_3D,Competent Authority Land Acquisition (CALA) / SDM Maharashtra Central Revenue Division,QUERY_RAISED,55.0,44.0,80.0,195,180,1,Section 3H disbursement in progress; joint revenue measurement (JGM) completed for 80.0% alignment.
618836,4L of Ratnagiri - Kolhapur section from km 67.140 to km 112.340 of NH-166 Pkg  II,Maharashtra,Roads & Highways,S.O. 1185(E)/2022,NH_SEC_3D,Competent Authority Land Acquisition (CALA) / SDM Maharashtra Central Revenue Division,QUERY_RAISED,45.0,33.75,75.0,220,180,1,Section 3H disbursement in progress; joint revenue measurement (JGM) completed for 75.0% alignment.
619149,4L of Ratnagiri - Kolhapur section of NH-166  from km 0.000 to km 19.769 and km 31.000 to km 67.140 Pkg  I,Maharashtra,Roads & Highways,S.O. 4970(E)/2018,NH_SEC_3D,Competent Authority Land Acquisition (CALA) / SDM Maharashtra Central Revenue Division,LOOPBACK,50.0,27.5,55.0,534,180,1,CALA Section 3G compensation award disputed in District Court; physical possession stalled for 22.5 Ha.
618585,6L of Gonde Km. 439.038 to Pimpri Sado Km. 459.905 section of NH-848 Old NH-3,Maharashtra,Roads & Highways,S.O. 1549(E)/2022,NH_SEC_3D,Competent Authority Land Acquisition (CALA) / SDM Maharashtra Central Revenue Division,APPROVED,49.0,49.0,100.0,65,180,0,100% land possession handed over to executing agency under Section 3D/19 mutation certificate.
618513,6L of Kagal-Satara section from Km 592.500 to Km 658.000 of NH-48 Pkg-I,Maharashtra,Roads & Highways,S.O. 4312(E)/2018,NH_SEC_3D,Competent Authority Land Acquisition (CALA) / SDM Maharashtra Central Revenue Division,LOOPBACK,67.0,38.19,57.0,563,180,1,CALA Section 3G compensation award disputed in District Court; physical possession stalled for 28.8 Ha.
618514,6L of Kagal-Satara section from Km 658.000 to Km 725.000 of NH-48 Pkg-II,Maharashtra,Roads & Highways,S.O. 3019(E)/2022,NH_SEC_3D,Competent Authority Land Acquisition (CALA) / SDM Maharashtra Central Revenue Division,LOOPBACK,59.0,31.86,54.0,539,180,1,CALA Section 3G compensation award disputed in District Court; physical possession stalled for 27.1 Ha.
617947,Arawali Kante section of NH-17New NH-66 4L  PS from Km.241/300 to 281/300,Maharashtra,Roads & Highways,S.O. 2903(E)/2020,NH_SEC_3D,Competent Authority Land Acquisition (CALA) / SDM Maharashtra Central Revenue Division,LOOPBACK,43.0,24.94,58.0,600,180,1,CALA Section 3G compensation award disputed in District Court; physical possession stalled for 18.1 Ha.
618594,Balance work of 4L Panvel to Indapur section of NH-66 Old NH- 17 from km 0.000 Panvel to km 42.300 Kasu,Maharashtra,Roads & Highways,S.O. 3153(E)/2022,NH_SEC_3D,Competent Authority Land Acquisition (CALA) / SDM Maharashtra Central Revenue Division,QUERY_RAISED,48.0,39.84,83.0,220,180,1,Section 3H disbursement in progress; joint revenue measurement (JGM) completed for 83.0% alignment.
617945,Balance work of NH-66 from design Km 84/00 to Km 87/100 Indapur Bypass and Km 91/600 to Km 99/100 Mangaon Bypass to four lane with paved shoulder in State of Maharashtra under NHO on EPC Mode.,Maharashtra,Roads & Highways,S.O. 5031(E)/2019,NH_SEC_3D,Competent Authority Land Acquisition (CALA) / SDM Indapur Revenue Division,APPROVED,66.0,66.0,100.0,84,180,0,100% land possession handed over to executing agency under Section 3D/19 mutation certificate.
618198,Balance work of Rehabilitation and Up-gradation to 2-lane road with paved shoulders configuration for NH- 965DD from Pacharal-Mandangad-Mhapral-Rajewadi Upto Junction of NH-66 Ch-22700 to 75100 Km and Ambadave connector Birth place of Dr. Babasaheb Ambedkar Ch-0000 to 7325 Km length Km 59.725 in the state of Maharashtra on EPC mode. Balance Work,Maharashtra,Roads & Highways,S.O. 4086(E)/2018,NH_SEC_3D,Competent Authority Land Acquisition (CALA) / SDM Maharashtra Central Revenue Division,LOOPBACK,41.0,29.11,71.0,600,180,1,CALA Section 3G compensation award disputed in District Court; physical possession stalled for 11.9 Ha.
618693,Bodhre - Dhule,Maharashtra,Roads & Highways,S.O. 2623(E)/2020,NH_SEC_3D,Competent Authority Land Acquisition (CALA) / SDM Maharashtra Central Revenue Division,LOOPBACK,68.0,32.64,48.0,552,180,1,CALA Section 3G compensation award disputed in District Court; physical possession stalled for 35.4 Ha.
619204,"Capacity Augmentation in the stretch of Pimpri Sado  Vadape section of NH848 Km. 460900 to Km. 537000 by Construction of Slip/Service Road on either side at various locations total length 25.140 Km LHSRHS, Flyover 2 x 25m at Borivali Junction Km. 528550 & LVUP 1 x 15m at Sherekarpada Km. 528800",Maharashtra,Roads & Highways,EXEMPT/ROW/619204,EXISTING_ROW_EXEMPT,Competent Authority / Not Applicable (Existing RoW),NOT_APPLICABLE,0.0,0.0,100.0,0,180,0,Project executes within pre-existing sanctioned Right of Way / Plant Boundary.
618652,Chakur Loha Section of NH-361 from km 114.600 to km 187.80,Maharashtra,Roads & Highways,S.O. 3794(E)/2019,NH_SEC_3D,Competent Authority Land Acquisition (CALA) / SDM Loha Revenue Division,LOOPBACK,54.0,26.46,49.0,600,180,1,CALA Section 3G compensation award disputed in District Court; physical possession stalled for 27.5 Ha.
617917,"Construction of 4 Lane Flyover at Nagpur RTO Chowk To Nagpur University Campus from Ch 2/250 to 5/100 and 4 lane flyover at wadi/midc junction from km 8/360 to km, 10/300 on NH 53 in state of Maharashtra.",Maharashtra,Roads & Highways,S.O. 3534(E)/2019,NH_SEC_3D,Competent Authority Land Acquisition (CALA) / SDM Maharashtra Central Revenue Division,QUERY_RAISED,54.0,45.36,84.0,208,180,1,Section 3H disbursement in progress; joint revenue measurement (JGM) completed for 84.0% alignment.
619298,Construction of 6 Lane Elevated corridor from KM 612582 to KM 617540 including construction of Service Roads in Kolhapur City on NH -48 in the State of Maharashtra on EPC mode under NHO,Maharashtra,Roads & Highways,S.O. 3336(E)/2021,NH_SEC_3D,Competent Authority Land Acquisition (CALA) / SDM Maharashtra Central Revenue Division,APPROVED,56.0,56.0,100.0,58,180,0,100% land possession handed over to executing agency under Section 3D/19 mutation certificate.
617912,Construction of 6 lane flyover from Khapari ROB to Mihan Interchange design chainage km 8760 to 11450 L- 2.69 km and upgradation of existing 4L PS road to 6LPS with service road by flexible pavement design chainage km 11450 to 14500 L-3.05 [total project length 5.74 km] in section of Nagpur - Hyderabad NH-44 Old NH-7 in Nagpur district in the state of Maharashtra on HAM mode.,Maharashtra,Roads & Highways,S.O. 5158(E)/2023,NH_SEC_3D,Competent Authority Land Acquisition (CALA) / SDM Maharashtra Central Revenue Division,APPROVED,43.0,43.0,100.0,48,180,0,100% land possession handed over to executing agency under Section 3D/19 mutation certificate.
618627,Construction of 7 Nos of Standalone safety structures/works at different locations on various NHs,Maharashtra,Roads & Highways,S.O. 1358(E)/2022,NH_SEC_3D,Competent Authority Land Acquisition (CALA) / SDM Maharashtra Central Revenue Division,APPROVED,68.0,68.0,100.0,84,180,0,100% land possession handed over to executing agency under Section 3D/19 mutation certificate.
619299,Construction of a 6-Lane Elevated Corridor from Km 593766  to Km 596620 Including Construction of Service Roads in Kagal City  on NH-48 in the State of Maharashtra on EPC Mode.,Maharashtra,Roads & Highways,S.O. 2440(E)/2019,NH_SEC_3D,Competent Authority Land Acquisition (CALA) / SDM Maharashtra Central Revenue Division,APPROVED,60.0,60.0,100.0,93,180,0,100% land possession handed over to executing agency under Section 3D/19 mutation certificate.
619300,Construction of Four Lane Nagpur-Katol section of NH-353J including Mitigation Structures from Design Ch. 37000 to Ch. 45990 Tiger Corridor-I Mitigation Structures from Design Ch. 37000 to Ch. 45990 Tiger Corridor-I in the State of Maharashtra on EPC Mode,Maharashtra,Roads & Highways,S.O. 3724(E)/2022,NH_SEC_3D,Competent Authority Land Acquisition (CALA) / SDM Maharashtra Central Revenue Division,APPROVED,59.0,59.0,100.0,95,180,0,100% land possession handed over to executing agency under Section 3D/19 mutation certificate.
618059,Construction of four-lane Concrete Road from Police Headquarter Gondia City to Rawanwadi Village Birsi Airport Junction from design km 0.000 to km 15.781 existing km 39/720 of NH-753 to existing Km 8/400 of NH 543 on sections from Kohmara- Goregaon- Police HeadquarterKaranja - Collector Office Square - Balaghat T Point- Rawanwadi- Rajegaon of NH-753 and NH-543 in Gondia District in the state of Maharashtra. Total Length of the project 15.781 Km.,Maharashtra,Roads & Highways,S.O. 2418(E)/2021,NH_SEC_3D,Competent Authority Land Acquisition (CALA) / SDM Gondia Revenue Division,QUERY_RAISED,73.0,64.24,88.0,220,180,1,Section 3H disbursement in progress; joint revenue measurement (JGM) completed for 88.0% alignment.
617932,Construction of New Four Lane Bypass to Parbhani City Parwa to Asola Km 463/265 to Km 481/180 Design Ch. 19220 to Ch. 34434 Length-15.214 Km section of NH-61 on EPC mode in the State of Maharashtra.,Maharashtra,Roads & Highways,S.O. 3840(E)/2021,NH_SEC_3D,Competent Authority Land Acquisition (CALA) / SDM Lane Revenue Division,LOOPBACK,45.0,29.25,65.0,539,180,1,CALA Section 3G compensation award disputed in District Court; physical possession stalled for 15.7 Ha.
619042,"Construction of six lane Flyover at Katraj junction at Km, 3/880 of NH 548-DD   Vadgaon - Katraj - Kondhwa - Mantarwadi Chowk - Loni Kalbhor - Theur Phata - Lonikand Road    in Pune Dist of the State of Maharashtra. On Engineering Procurement and construction   EPC    Basis mode   L.1.326 Km,",Maharashtra,Roads & Highways,S.O. 1929(E)/2021,NH_SEC_3D,Competent Authority Land Acquisition (CALA) / SDM Maharashtra Central Revenue Division,APPROVED,74.0,74.0,100.0,70,180,0,100% land possession handed over to executing agency under Section 3D/19 mutation certificate.
618939,Construction of Standalone Flyover cum ROB from Design Ch.66.600 to Design Ch.68.800 in Gadchandur Town on NH-353B,Maharashtra,Roads & Highways,S.O. 5180(E)/2023,NH_SEC_3D,Competent Authority Land Acquisition (CALA) / SDM Maharashtra Central Revenue Division,APPROVED,60.0,60.0,100.0,54,180,0,100% land possession handed over to executing agency under Section 3D/19 mutation certificate.
618155,Development/Widening of Talegaon Chakan Shikrapur Nhavara Section of NH-548D from existing chainage km. 54/000 to 82/300 and Design chainage Km. 54/000 to 82/120 Shikrapur to Nhavara Section to 2LPS/4L Configuration on EPC Mode in the State of Maharashtra.,Maharashtra,Roads & Highways,S.O. 4035(E)/2018,NH_SEC_3D,Competent Authority Land Acquisition (CALA) / SDM Nhavara Revenue Division,APPROVED,45.0,45.0,100.0,76,180,0,100% land possession handed over to executing agency under Section 3D/19 mutation certificate.
619210,Dharampuri-Lonand from km. 117.00 to 166.40 Pkg-IV on Mohol-Alandi Section,Maharashtra,Roads & Highways,S.O. 1272(E)/2020,NH_SEC_3D,Competent Authority Land Acquisition (CALA) / SDM Alandi Revenue Division,LOOPBACK,57.0,26.79,47.0,600,180,1,CALA Section 3G compensation award disputed in District Court; physical possession stalled for 30.2 Ha.
618555,"Flyover at Km.544.650 including ROB, Service Roads ,Footpath for RCC drains on urban link to Nagpur -Raipur road Pardi octroi Naka to Itwari",Maharashtra,Roads & Highways,S.O. 5268(E)/2018,NH_SEC_3D,Competent Authority Land Acquisition (CALA) / SDM Maharashtra Central Revenue Division,APPROVED,73.0,73.0,100.0,58,180,0,100% land possession handed over to executing agency under Section 3D/19 mutation certificate.
618626,Four laning from Dive Ghat Km. 220.900 to Hadapsar Km. 234.150 of Mohol  Alandi section Pkg  VI of NH-965,Maharashtra,Roads & Highways,S.O. 3690(E)/2021,NH_SEC_3D,Competent Authority Land Acquisition (CALA) / SDM Maharashtra Central Revenue Division,APPROVED,45.0,45.0,100.0,83,180,0,100% land possession handed over to executing agency under Section 3D/19 mutation certificate.
618097,Guhagar - Rampur - 2L-PS - km 0/00 Guhagar to 26/230 Rampur and 40/00 Mirjoli to 53/600 Sati on NH-166E,Maharashtra,Roads & Highways,S.O. 1611(E)/2019,NH_SEC_3D,Competent Authority Land Acquisition (CALA) / SDM Maharashtra Central Revenue Division,LOOPBACK,71.0,39.76,56.0,600,180,1,CALA Section 3G compensation award disputed in District Court; physical possession stalled for 31.2 Ha.
618586,Improvement and strengthening of existing 2 lane stretch to 2-Lane with PS 1.5m on both sides on Ghoti-Sinnar section of NH-160A using Thin White Topping 200mm thick in the State Of Maharashtra on EPC Mode,Maharashtra,Roads & Highways,S.O. 2547(E)/2019,NH_SEC_3D,Competent Authority Land Acquisition (CALA) / SDM Maharashtra Central Revenue Division,APPROVED,72.0,72.0,100.0,60,180,0,100% land possession handed over to executing agency under Section 3D/19 mutation certificate.
617948,Kante - Wakad section of NH-66 4L  PS from Km.281/300 to 332/200,Maharashtra,Roads & Highways,S.O. 4280(E)/2022,NH_SEC_3D,Competent Authority Land Acquisition (CALA) / SDM Maharashtra Central Revenue Division,LOOPBACK,55.0,30.25,55.0,600,180,1,CALA Section 3G compensation award disputed in District Court; physical possession stalled for 24.7 Ha.
617944,Kashedi ghat tunnel NH-66 [Bhogaon Khurd - Kashedi section] 4 lanes under NHDP on EPC mode,Maharashtra,Roads & Highways,S.O. 3664(E)/2018,NH_SEC_3D,Competent Authority Land Acquisition (CALA) / SDM Maharashtra Central Revenue Division,APPROVED,54.0,54.0,100.0,50,180,0,100% land possession handed over to executing agency under Section 3D/19 mutation certificate.
617946,Kashedi to Parshuram Ghat section of NH-66 from Km 161/600 - Km 205/400 - 4L  PS,Maharashtra,Roads & Highways,S.O. 4146(E)/2021,NH_SEC_3D,Competent Authority Land Acquisition (CALA) / SDM Maharashtra Central Revenue Division,LOOPBACK,71.0,50.41,71.0,600,180,1,CALA Section 3G compensation award disputed in District Court; physical possession stalled for 20.6 Ha.
617965,Kopargaon to Savali Vihir section,Maharashtra,Roads & Highways,S.O. 2570(E)/2022,NH_SEC_3D,Competent Authority Land Acquisition (CALA) / SDM Maharashtra Central Revenue Division,LOOPBACK,65.0,35.75,55.0,563,180,1,CALA Section 3G compensation award disputed in District Court; physical possession stalled for 29.2 Ha.
618653,Loha-Waranga Section of NH-361 from km 187.800 to km 244.369,Maharashtra,Roads & Highways,S.O. 1120(E)/2020,NH_SEC_3D,Competent Authority Land Acquisition (CALA) / SDM Waranga Revenue Division,LOOPBACK,65.0,29.25,45.0,600,180,1,CALA Section 3G compensation award disputed in District Court; physical possession stalled for 35.8 Ha.
618624,Mangloor to Telangana Maharashtra Border,Maharashtra,Roads & Highways,S.O. 3701(E)/2018,NH_SEC_3D,Competent Authority Land Acquisition (CALA) / SDM Maharashtra Central Revenue Division,APPROVED,41.0,41.0,100.0,89,180,0,100% land possession handed over to executing agency under Section 3D/19 mutation certificate.
618152,Mhaswad to Tembhurni section of NH-548C - 2L  PS,Maharashtra,Roads & Highways,S.O. 5103(E)/2023,NH_SEC_3D,Competent Authority Land Acquisition (CALA) / SDM Maharashtra Central Revenue Division,LOOPBACK,63.0,42.84,68.0,600,180,1,CALA Section 3G compensation award disputed in District Court; physical possession stalled for 20.2 Ha.
618088,Nandurshingote to Kolhar,Maharashtra,Roads & Highways,S.O. 4832(E)/2020,NH_SEC_3D,Competent Authority Land Acquisition (CALA) / SDM Maharashtra Central Revenue Division,APPROVED,57.0,57.0,100.0,99,180,0,100% land possession handed over to executing agency under Section 3D/19 mutation certificate.
617934,Nasratpur to Barasgaon section of NH-61 2L / 4L  PS from Km.514/00 to 558/200,Maharashtra,Roads & Highways,S.O. 4970(E)/2023,NH_SEC_3D,Competent Authority Land Acquisition (CALA) / SDM Maharashtra Central Revenue Division,LOOPBACK,55.0,30.25,55.0,600,180,1,CALA Section 3G compensation award disputed in District Court; physical possession stalled for 24.7 Ha.
618172,Paithan - Shirur section 2LPS Km 0.0 to 55.00,Maharashtra,Roads & Highways,S.O. 3458(E)/2022,NH_SEC_3D,Competent Authority Land Acquisition (CALA) / SDM Maharashtra Central Revenue Division,LOOPBACK,73.0,53.29,73.0,600,180,1,CALA Section 3G compensation award disputed in District Court; physical possession stalled for 19.7 Ha.
618177,Pal Phata Phulambri - Khultabad 2LPS,Maharashtra,Roads & Highways,S.O. 4504(E)/2023,NH_SEC_3D,Competent Authority Land Acquisition (CALA) / SDM Maharashtra Central Revenue Division,LOOPBACK,69.0,47.61,69.0,600,180,1,CALA Section 3G compensation award disputed in District Court; physical possession stalled for 21.4 Ha.
618094,Pen to Khopoli 2LPS,Maharashtra,Roads & Highways,S.O. 1321(E)/2020,NH_SEC_3D,Competent Authority Land Acquisition (CALA) / SDM Maharashtra Central Revenue Division,LOOPBACK,56.0,36.96,66.0,600,180,1,CALA Section 3G compensation award disputed in District Court; physical possession stalled for 19.0 Ha.
618180,Pune raigarh District Border To Mangaon    Ch 69000 to 103775    NH-753F,Maharashtra,Roads & Highways,S.O. 3911(E)/2023,NH_SEC_3D,Competent Authority Land Acquisition (CALA) / SDM Maharashtra Central Revenue Division,LOOPBACK,61.0,28.06,46.0,600,180,1,CALA Section 3G compensation award disputed in District Court; physical possession stalled for 32.9 Ha.
618099,"Rehabilitation & up-gradation for Talere  Gaganbawada - kolhapur Road NH 166G stretch start from km. 0/00 to Km. 06/00 and km. 13/00 to km 19/440 of NH-166G, length 12.440 km in the State of Maharashtra.",Maharashtra,Roads & Highways,S.O. 4668(E)/2020,NH_SEC_3D,Competent Authority Land Acquisition (CALA) / SDM Maharashtra Central Revenue Division,APPROVED,53.0,53.0,100.0,92,180,0,100% land possession handed over to executing agency under Section 3D/19 mutation certificate.
618089,Rehabilitation & Up-gradation of Mudkhed to Nanded section from Km. 372000 to Km 388400 of NH 161A i.e. Nanded-Bhokar-Himayatnagar-Kinwat-Mahur-Arani Road Design chainage from Km 372000 Mudkhed to Km 387650 Nanded of NH 161A Length 15.65 Km to 2/4Lane with paved shoulders configuration in the State of Maharashtra on EPC mode.,Maharashtra,Roads & Highways,S.O. 4193(E)/2020,NH_SEC_3D,Competent Authority Land Acquisition (CALA) / SDM Maharashtra Central Revenue Division,QUERY_RAISED,43.0,35.69,83.0,220,180,1,Section 3H disbursement in progress; joint revenue measurement (JGM) completed for 83.0% alignment.
618046,Rehabilitation & Up-gradation of Sabalkhed to Ashti Section from Km 37900 to Km 55100 & Chinchpur to Jamkhed Section from km 70000 to km 72922 of NH-561 to Two lane with Paved shoulder/ Four lane configuration in the State of Maharashtra on EPC Mode Length20.122km.,Maharashtra,Roads & Highways,S.O. 2521(E)/2020,NH_SEC_3D,Competent Authority Land Acquisition (CALA) / SDM Ashti Revenue Division,APPROVED,61.0,61.0,100.0,53,180,0,100% land possession handed over to executing agency under Section 3D/19 mutation certificate.
618154,"Rehabilitation & upgradation of Jamkhed to Sautada Section of NH548 D from km 195.375 to km 208.774, Length  13.399 Km to 2L PS /4L configuration with rigid pavement in the state of Maharashtra on EPC mode.",Maharashtra,Roads & Highways,S.O. 4653(E)/2021,NH_SEC_3D,Competent Authority Land Acquisition (CALA) / SDM Sautada Revenue Division,QUERY_RAISED,73.0,60.59,83.0,220,180,1,Section 3H disbursement in progress; joint revenue measurement (JGM) completed for 83.0% alignment.
618181,Rehabilitation / Upgradation to 4 Lane with Paved shoulder of Existing Section in Sillod Town with Design Ch. Km54500 to Km 60679 [Length6.179 km] section of NH 753F Aurangabad-Jalgaon road on EPC Mode in the State of Maharashtra,Maharashtra,Roads & Highways,S.O. 5350(E)/2020,NH_SEC_3D,Competent Authority Land Acquisition (CALA) / SDM Existing Revenue Division,APPROVED,60.0,60.0,100.0,109,180,0,100% land possession handed over to executing agency under Section 3D/19 mutation certificate.
618134,Rehabilitation /Upgradation from Lagam to Alapalli section Desing Km. 199/400 to km 227/400 Length  28.0 Km to 2 lane with Paved Shoulders/ 4 lane configuration section of NH-353 C Sakoli-Wadsa-Armori-Gadchiroli-Ashti-Alapalli Sironcha in Gadchiroli District on EPC mode in the state of Maharashtra.,Maharashtra,Roads & Highways,S.O. 1828(E)/2018,NH_SEC_3D,Competent Authority Land Acquisition (CALA) / SDM Gadchiroli Revenue Division,APPROVED,43.0,43.0,100.0,88,180,0,100% land possession handed over to executing agency under Section 3D/19 mutation certificate.
619008,Rehabilitation and Up gradation of Charthana  Jintur Section of NH 752 I Km 25100 to 47100 to 2 Lane with Paved Shoulder configuration Flexible Pavement in the state of Maharashtra on EPC mode. Reg- Resubmission of Annual Plan Estimate.,Maharashtra,Roads & Highways,S.O. 3000(E)/2021,NH_SEC_3D,Competent Authority Land Acquisition (CALA) / SDM Jintur Revenue Division,APPROVED,40.0,40.0,100.0,46,180,0,100% land possession handed over to executing agency under Section 3D/19 mutation certificate.
618139,Rehabilitation and Up-gradation of Gangakhed  Loha section of NH-361F from Km 169/00 to 210/00 to two lane with paved shoulder/ four lane configuration in the state of Maharashtra on EPC mode Length - 41.00 Km.,Maharashtra,Roads & Highways,S.O. 2169(E)/2023,NH_SEC_3D,Competent Authority Land Acquisition (CALA) / SDM Maharashtra Central Revenue Division,APPROVED,44.0,44.0,100.0,98,180,0,100% land possession handed over to executing agency under Section 3D/19 mutation certificate.
618150,Rehabilitation and Up-gradation of i. Deogaon phata to Digras phata Ch. 0/000 to 15/000 & Selu to Borgavhan Ch 20/900 to 35/800 [Length 29.9km] ii. Injegaon Dhamoni to Pohner Phata Ch.58/200 to Ch. 83/700 [Length25.5 km] and iii. Pohner phata to Pathri Design Ch. 42/700 to 58/200 [Length 15.5 km] sections of NH-548B to Two lane with paved shoulder configuartion in the state of Maharashtra on EPC mode Total project length  70.9 Km.,Maharashtra,Roads & Highways,S.O. 5259(E)/2020,NH_SEC_3D,Competent Authority Land Acquisition (CALA) / SDM Maharashtra Central Revenue Division,APPROVED,49.0,49.0,100.0,107,180,0,100% land possession handed over to executing agency under Section 3D/19 mutation certificate.
618137,Rehabilitation and Up-gradation of Jarud - Sirsala section of NH-361F km 59500 to km11500 to Two lane with paved shoulder/ Four Lane in the state of Maharashtra on EPC mode Length  55.5 Km.,Maharashtra,Roads & Highways,S.O. 1217(E)/2019,NH_SEC_3D,Competent Authority Land Acquisition (CALA) / SDM Maharashtra Central Revenue Division,APPROVED,57.0,57.0,100.0,58,180,0,100% land possession handed over to executing agency under Section 3D/19 mutation certificate.
618096,Rehabilitation and Up-gradation to 2 lane road with paved shoulders configuration for the balance work of 13 km length on Helwak-Patan-Karad section Km. 85000 to 133 417 of NH-166E in the state of Maharashtra on EPC mode.,Maharashtra,Roads & Highways,S.O. 3905(E)/2021,NH_SEC_3D,Competent Authority Land Acquisition (CALA) / SDM Maharashtra Central Revenue Division,QUERY_RAISED,65.0,48.75,75.0,137,180,1,Section 3H disbursement in progress; joint revenue measurement (JGM) completed for 75.0% alignment.
618188,Rehabilitation and Up-gradation to 2 lane with paved shoulder configuration of Mahud Sangola road NH 965 G 159400 to 161900and 162400 to 183960 Design Chainage from km. 32/300 to km. 34/800 and km. 35/800 to km. 56/860 Rigid Pavement on EPC mode in the State of Maharashtra.,Maharashtra,Roads & Highways,S.O. 3072(E)/2023,NH_SEC_3D,Competent Authority Land Acquisition (CALA) / SDM Maharashtra Central Revenue Division,QUERY_RAISED,47.0,38.54,82.0,220,180,1,Section 3H disbursement in progress; joint revenue measurement (JGM) completed for 82.0% alignment.
618176,Rehabilitation and upgradation from ch km 50/200 to 56/800 and km 62/600 to 100/403 of Kolde to Visarwadi Near Junction with NH-6 section of NH 752G total length  44.40 to two-lane with paved shoulder / four lanes in the State of Maharashtra on EPC mode.,Maharashtra,Roads & Highways,S.O. 4601(E)/2021,NH_SEC_3D,Competent Authority Land Acquisition (CALA) / SDM Maharashtra Central Revenue Division,APPROVED,46.0,46.0,100.0,100,180,0,100% land possession handed over to executing agency under Section 3D/19 mutation certificate.
618175,Rehabilitation and Upgradation of Satana to Mangrul Chandwad Section of NH752 G Design Ch Km 64.000 to Ch Km 101.140 two lane with paved shoulder/four lane configuration in the state of Maharashtra on EPC mode.,Maharashtra,Roads & Highways,S.O. 2565(E)/2023,NH_SEC_3D,Competent Authority Land Acquisition (CALA) / SDM Chandwad Revenue Division,QUERY_RAISED,50.0,37.5,75.0,220,180,1,Section 3H disbursement in progress; joint revenue measurement (JGM) completed for 75.0% alignment.
618179,Rehabilitation and Upgradation of Shewali phata to Kalambhir section i.e. Km 0443 to Km 4500 & Nizampur to Chadwel section i.e. Km 13485 to Km 26265 Length16.317 Km excluding 2 Major Bridges with approaches Km 13735 to Km 14095 & Km 19660 to Km 20030 of NH 753B to 2LPS Configuration in the State of Maharashtra on EPC Mode.,Maharashtra,Roads & Highways,S.O. 1252(E)/2023,NH_SEC_3D,Competent Authority Land Acquisition (CALA) / SDM Maharashtra Central Revenue Division,APPROVED,62.0,62.0,100.0,91,180,0,100% land possession handed over to executing agency under Section 3D/19 mutation certificate.
617938,Rehabilitation And Upgradation to four lane with paved shoulder configuration from km 24350 to km 61875 Jawale - Borgaon Kale of NH-63 in the State of Maharashtra on EPC mode under Annual Plan 2024-25 Total length - 37.525 Km.,Maharashtra,Roads & Highways,S.O. 1844(E)/2023,NH_SEC_3D,Competent Authority Land Acquisition (CALA) / SDM Maharashtra Central Revenue Division,APPROVED,59.0,59.0,100.0,103,180,0,100% land possession handed over to executing agency under Section 3D/19 mutation certificate.
618174,Rehabilitation and Upgradation to two lane with paved shoulder configuration of NH-752G from Sakri to Pimpalner Section Design Ch km 0000 to Ch km 21411 in the state of Maharashtra on EPC Mode. Length  21.411 km.,Maharashtra,Roads & Highways,S.O. 4427(E)/2021,NH_SEC_3D,Competent Authority Land Acquisition (CALA) / SDM Pimpalner Revenue Division,APPROVED,72.0,72.0,100.0,64,180,0,100% land possession handed over to executing agency under Section 3D/19 mutation certificate.
617979,"Rehabilitation, upgradation & widening of existing highway to 2L/4LPS Rigid Pavement of NH 160 section- Phaltan to Mhaisal near Karnataka Border including Tasgaon Bypass, from existing chainage Km 301/430 to Km 458/415 in the State of Maharashtra. Package-I starting from existing chainage Km 301/430 at Phaltan Village  Junction of Phaltan  Baramati Road Design Chainage -301/430km & ending at existing chainage Km 341/300  Dahiwadi Village Bus Stop Design chainage Km 340466km in the S",Maharashtra,Roads & Highways,S.O. 3097(E)/2019,NH_SEC_3D,Competent Authority Land Acquisition (CALA) / SDM Tasgaon Revenue Division,APPROVED,72.0,72.0,100.0,100,180,0,100% land possession handed over to executing agency under Section 3D/19 mutation certificate.
617978,"Rehabilitation, upgradation & widening of existing highway to 2L/4LPS Rigid Pavement of NH 160 section- Phaltan to Mhaishal near Karnataka Border including Tasgaon Bypass, from existing chainage Km 301/430 to Km 458/415 in the State of Maharashtra- Package-II & Package III combined- starting from existing chainage Km 341/300 to Km 394/130 and design chainage Km 340/250 at Dahiwadi Village to Km 392/950 ending at Vita Village in the State of Maharashtra on EPC Mode.",Maharashtra,Roads & Highways,S.O. 5246(E)/2021,NH_SEC_3D,Competent Authority Land Acquisition (CALA) / SDM Tasgaon Revenue Division,APPROVED,41.0,41.0,100.0,67,180,0,100% land possession handed over to executing agency under Section 3D/19 mutation certificate.
618199,"Rehabilitation, Upgradation & Widening of existing Highway to Rigid Pavement 2 Lane with Paved Shoulder of NH 965DD from Lonand Shirval-Bhor Mandangad-Pchral Section ShindewadiPhata to Varandah Ghat Dist Border from Km 33/550 to 92/550 in the state of Maharashtra on EPC mode.",Maharashtra,Roads & Highways,S.O. 3525(E)/2019,NH_SEC_3D,Competent Authority Land Acquisition (CALA) / SDM Pchral Revenue Division,APPROVED,60.0,60.0,100.0,79,180,0,100% land possession handed over to executing agency under Section 3D/19 mutation certificate.
618042,"Rehabilitation/ Upgradation of existing Highway to four lane standards in Kurkheda town from km.413257 to km 410775, Two lane in Shankarpur Gurnuli km 42400 to km 43100 section and Reconstruction of Major Bridge at Ch. 448558 Bhuti Nallah and Ch. 411695 Sati River bridge, Minor Bridge at Ch. 411477 and Ch. 405800 Lendhari Bridge of NH 543 Bhamhapuri-wadsa-kurkheda-korchi-Deori-Amgaon road on EPC mode in the State of Maharashtra",Maharashtra,Roads & Highways,S.O. 5411(E)/2018,NH_SEC_3D,Competent Authority Land Acquisition (CALA) / SDM Maharashtra Central Revenue Division,QUERY_RAISED,71.0,57.51,81.0,220,180,1,Section 3H disbursement in progress; joint revenue measurement (JGM) completed for 81.0% alignment.
618065,"Rehabilitation/Upgradation of existing Highway to 2LPS/4 lane of Dhawali to Rajoli from Design Km.149476 to 163476 existing Km.150000 to 164000, Pandhasala to Mohadongri from design Km.170476 to 181476 existing Km.171000 to 182000, Ambeshivni Fata to Bodli from design Km.183476 to 185476 existing Km.184000 to 186000 and Made Tukum to Gadchiroli from design Km.188476 to 189476 existing Km.188000 to 18900 having length  28 km of NH-930 of Dhawali to Gadchroli road in the",Maharashtra,Roads & Highways,S.O. 2818(E)/2023,NH_SEC_3D,Competent Authority Land Acquisition (CALA) / SDM Maharashtra Central Revenue Division,QUERY_RAISED,68.0,59.84,88.0,220,180,1,Section 3H disbursement in progress; joint revenue measurement (JGM) completed for 88.0% alignment.
618090,Sarsam - Kothari of NH-161A - 2L  PS from Km.33/00 to 90/00,Maharashtra,Roads & Highways,S.O. 1759(E)/2019,NH_SEC_3D,Competent Authority Land Acquisition (CALA) / SDM Maharashtra Central Revenue Division,LOOPBACK,64.0,34.56,54.0,600,180,1,CALA Section 3G compensation award disputed in District Court; physical possession stalled for 29.4 Ha.
619069,Satara Km 725.000 to Pune Km 865.350 of NH - 4 New NH - 48 in Maharashtra,Maharashtra,Roads & Highways,S.O. 3595(E)/2023,NH_SEC_3D,Competent Authority Land Acquisition (CALA) / SDM Maharashtra Central Revenue Division,LOOPBACK,40.0,24.0,60.0,600,180,1,CALA Section 3G compensation award disputed in District Court; physical possession stalled for 16.0 Ha.
618153,Satara to Mhaswad,Maharashtra,Roads & Highways,S.O. 2896(E)/2021,NH_SEC_3D,Competent Authority Land Acquisition (CALA) / SDM Maharashtra Central Revenue Division,LOOPBACK,56.0,28.56,51.0,600,180,1,CALA Section 3G compensation award disputed in District Court; physical possession stalled for 27.4 Ha.
618173,Shirur-Kharda section from 55937 km to 114486 km to 2LPS/4L,Maharashtra,Roads & Highways,S.O. 4745(E)/2021,NH_SEC_3D,Competent Authority Land Acquisition (CALA) / SDM Maharashtra Central Revenue Division,LOOPBACK,50.0,35.0,70.0,600,180,1,CALA Section 3G compensation award disputed in District Court; physical possession stalled for 15.0 Ha.
618133,Strengthening and Widening of road Sakoli- Wadsa-Armori-Gadchiroli-Ashti- Allapalli -Sironcha National highway NH 353C in Km 262/00 to 321/00 including 16 minor Bridges and 2 Major Bridge Total length 59 Km section from repanpalli to sironcha in Gadchiroli Dist in the State of Maharashtra.,Maharashtra,Roads & Highways,S.O. 2701(E)/2022,NH_SEC_3D,Competent Authority Land Acquisition (CALA) / SDM Maharashtra Central Revenue Division,LOOPBACK,56.0,36.96,66.0,600,180,1,CALA Section 3G compensation award disputed in District Court; physical possession stalled for 19.0 Ha.
618628,Strengthening of Existing Alignment of Pandharpur Town Part Bypassed Section of NH 965 from KM 36.230 to KM 44.230 from Chh. Shivaji Maharaj Chowk to Wakhari,Maharashtra,Roads & Highways,S.O. 4345(E)/2020,NH_SEC_3D,Competent Authority Land Acquisition (CALA) / SDM Part Revenue Division,APPROVED,70.0,70.0,100.0,106,180,0,100% land possession handed over to executing agency under Section 3D/19 mutation certificate.
618061,"Strengthening, Widening & Up-gradation of newly declared NH-761 from NH-61Junction-BelheAlkutiDevibhoyareNighojShirur, from Design chainage Km 0.000 to Km 37.970 from Single/Intermediate/2L to 2LPS in the State of Maharashtra on EPC Mode Length 37.970 Km",Maharashtra,Roads & Highways,S.O. 1402(E)/2018,NH_SEC_3D,Competent Authority Land Acquisition (CALA) / SDM Maharashtra Central Revenue Division,APPROVED,62.0,62.0,100.0,104,180,0,100% land possession handed over to executing agency under Section 3D/19 mutation certificate.
618638,Tarsod - Fagne section of NH-6,Maharashtra,Roads & Highways,S.O. 4369(E)/2019,NH_SEC_3D,Competent Authority Land Acquisition (CALA) / SDM Maharashtra Central Revenue Division,LOOPBACK,59.0,31.86,54.0,600,180,1,CALA Section 3G compensation award disputed in District Court; physical possession stalled for 27.1 Ha.
618512,Tunnel at Khambataki Ghat Section and its approaches from existing Km. 771.730 to existing Km. 782.000,Maharashtra,Roads & Highways,S.O. 1439(E)/2023,NH_SEC_3D,Competent Authority Land Acquisition (CALA) / SDM Ghat Revenue Division,LOOPBACK,59.0,37.76,64.0,600,180,1,CALA Section 3G compensation award disputed in District Court; physical possession stalled for 21.2 Ha.
617937,Udgir Raavi Degloor Aadampur phata to Sagroli fata,Maharashtra,Roads & Highways,S.O. 4441(E)/2018,NH_SEC_3D,Competent Authority Land Acquisition (CALA) / SDM Maharashtra Central Revenue Division,APPROVED,46.0,46.0,100.0,100,180,0,100% land possession handed over to executing agency under Section 3D/19 mutation certificate.
618049,Up-gradation to 2/4 lane with paved shoulder configuration of NH-652 from Tuljapur Naldurg-Akkalkot road Chainage from Km. 00.000 to km 30.982 in the State of Maharashtra on EPC mode.,Maharashtra,Roads & Highways,S.O. 2606(E)/2019,NH_SEC_3D,Competent Authority Land Acquisition (CALA) / SDM Maharashtra Central Revenue Division,APPROVED,56.0,56.0,100.0,79,180,0,100% land possession handed over to executing agency under Section 3D/19 mutation certificate.
618766,Up-gradation to Four Lane with Paved Shoulder configuration of the highway starting from existing km 88.400 Savali Vihir to km 163.400 start of Ahmednagar bypass Design Length  75.000 km section of NH-160 in the State of Maharashtra under Bharatmala Pariyojana on EPC Mode,Maharashtra,Roads & Highways,S.O. 4836(E)/2020,NH_SEC_3D,Competent Authority Land Acquisition (CALA) / SDM Maharashtra Central Revenue Division,APPROVED,41.0,41.0,100.0,86,180,0,100% land possession handed over to executing agency under Section 3D/19 mutation certificate.
617933,Up-gradation to four lane/ Two lane with paved shoulders configuration of Kalyan - Murbad - Malshej Ghat - Nirmal Road NH- 61 km 15/200 to Km 38/00 and from Km. 58/00 to Km 84/00 Design length  48.58 km of NH-61 on EPC Mode in Thane District in the state of Maharashtra,Maharashtra,Roads & Highways,S.O. 4608(E)/2019,NH_SEC_3D,Competent Authority Land Acquisition (CALA) / SDM Thane Revenue Division,APPROVED,58.0,58.0,100.0,76,180,0,100% land possession handed over to executing agency under Section 3D/19 mutation certificate.
618136,Upgradatiobn and Rehabilitation of Section of NH 361 F from Parli 00/000 to Gangakhed 30/400 to Two Lanes with paved shoulder / Four lane configurations on EPC mode in the State of Maharashtra.,Maharashtra,Roads & Highways,S.O. 3352(E)/2019,NH_SEC_3D,Competent Authority Land Acquisition (CALA) / SDM Maharashtra Central Revenue Division,QUERY_RAISED,67.0,54.94,82.0,172,180,1,Section 3H disbursement in progress; joint revenue measurement (JGM) completed for 82.0% alignment.
618511,Upgradation & rehabilitation of Service Roads on both sides in urban areas of Pune City on PuneSatara section of NH48,Maharashtra,Roads & Highways,S.O. 2917(E)/2018,NH_SEC_3D,Competent Authority Land Acquisition (CALA) / SDM Maharashtra Central Revenue Division,QUERY_RAISED,72.0,62.64,87.0,192,180,1,Section 3H disbursement in progress; joint revenue measurement (JGM) completed for 87.0% alignment.
618754,Upgradation of 2L/4L with Paved Shoulder of Shirwal-Lonand Section from KM 159900 To KM 188025 of NH-965DD Section I and 2L With Paved Shoulder of Lonand-Satara Section from KM 51500 To KM 96246 Of NH-965D Section II in Satara District in the State of Maharashtra on EPC Mode under NHO-,Maharashtra,Roads & Highways,S.O. 1072(E)/2019,NH_SEC_3D,Competent Authority Land Acquisition (CALA) / SDM Lonand Revenue Division,APPROVED,57.0,57.0,100.0,56,180,0,100% land possession handed over to executing agency under Section 3D/19 mutation certificate.
618098,"Upgradation of exhisting 2 lane flexible pavement to 2 lane paved shoulders rigid pavement from design chainage Km 66.00 to Design Km 82.440 Start of Kolhapur Municipal corporation near Phulewadi to kale, design length 16.440 Km section on Talere Gaganbawada-Kolhapur road NH 166G in the state of Maharashtra on EPC mode",Maharashtra,Roads & Highways,S.O. 3330(E)/2020,NH_SEC_3D,Competent Authority Land Acquisition (CALA) / SDM Maharashtra Central Revenue Division,LOOPBACK,60.0,39.0,65.0,600,180,1,CALA Section 3G compensation award disputed in District Court; physical possession stalled for 21.0 Ha.
619203,Vadape to Thane from km 539.202 to km 563.000 section of NH-3 new NH-848,Maharashtra,Roads & Highways,S.O. 1028(E)/2019,NH_SEC_3D,Competent Authority Land Acquisition (CALA) / SDM Maharashtra Central Revenue Division,LOOPBACK,63.0,45.99,73.0,600,180,1,CALA Section 3G compensation award disputed in District Court; physical possession stalled for 17.0 Ha.
618468,Vadodara Mumbai Expressway Phase II - Pkg XI [Km. 77.000 to Km. 103.400] Ganjad - Talsari,Maharashtra,Roads & Highways,S.O. 1833(E)/2019,NH_SEC_3D,Competent Authority Land Acquisition (CALA) / SDM Maharashtra Central Revenue Division,APPROVED,58.0,58.0,100.0,80,180,0,100% land possession handed over to executing agency under Section 3D/19 mutation certificate.
619198,Vadodara Mumbai Expressway Phase II - Pkg XII [Km. 50.700 to Km. 77.000] Masvan - Ganjad,Maharashtra,Roads & Highways,S.O. 3096(E)/2022,NH_SEC_3D,Competent Authority Land Acquisition (CALA) / SDM Maharashtra Central Revenue Division,LOOPBACK,46.0,32.66,71.0,556,180,1,CALA Section 3G compensation award disputed in District Court; physical possession stalled for 13.3 Ha.
618469,Vadodara Mumbai Expressway Phase II - Pkg XIII [Km. 26.582 to Km. 50.700] Shirsad - Masvan,Maharashtra,Roads & Highways,S.O. 4130(E)/2021,NH_SEC_3D,Competent Authority Land Acquisition (CALA) / SDM Maharashtra Central Revenue Division,LOOPBACK,60.0,33.0,55.0,600,180,1,CALA Section 3G compensation award disputed in District Court; physical possession stalled for 27.0 Ha.
618470,Vadodara Mumbai Expressway Phase II - Pkg XIV [Km. 3.000 to Km. 20.200 of Spur] Shirsad - Akloli,Maharashtra,Roads & Highways,S.O. 3241(E)/2021,NH_SEC_3D,Competent Authority Land Acquisition (CALA) / SDM Maharashtra Central Revenue Division,QUERY_RAISED,46.0,32.66,71.0,217,180,1,Section 3H disbursement in progress; joint revenue measurement (JGM) completed for 71.0% alignment.
618471,Vadodara Mumbai Expressway Phase II - Pkg XV [Km. 20.200 to Km. 43.000 of Spur] Akloli - Amne,Maharashtra,Roads & Highways,S.O. 4121(E)/2021,NH_SEC_3D,Competent Authority Land Acquisition (CALA) / SDM Maharashtra Central Revenue Division,LOOPBACK,56.0,25.76,46.0,585,180,1,CALA Section 3G compensation award disputed in District Court; physical possession stalled for 30.2 Ha.
618472,Vadodara Mumbai Expressway Phase II - Pkg XVI [Km. 43.000 to Km. 69.800 of Spur] Amne - Bhoj,Maharashtra,Roads & Highways,S.O. 4589(E)/2023,NH_SEC_3D,Competent Authority Land Acquisition (CALA) / SDM Maharashtra Central Revenue Division,APPROVED,54.0,54.0,100.0,102,180,0,100% land possession handed over to executing agency under Section 3D/19 mutation certificate.
618473,Vadodara Mumbai Expressway Phase II - Pkg XVII [Km. 69.800 to Km. 79.783 of Spur] Bhoj - Morbe,Maharashtra,Roads & Highways,S.O. 1807(E)/2020,NH_SEC_3D,Competent Authority Land Acquisition (CALA) / SDM Maharashtra Central Revenue Division,QUERY_RAISED,62.0,47.74,77.0,200,180,1,Section 3H disbursement in progress; joint revenue measurement (JGM) completed for 77.0% alignment.
618178,Widening and strengthening of Gangakhed to Kingaon section of NH-752K in Km 38/750 to 72/304   Flexible Pavement      Length33.554 km    to 2-lane configuration on EPC mode in the State of Maharashtra.,Maharashtra,Roads & Highways,S.O. 5213(E)/2018,NH_SEC_3D,Competent Authority Land Acquisition (CALA) / SDM Maharashtra Central Revenue Division,APPROVED,48.0,48.0,100.0,76,180,0,100% land possession handed over to executing agency under Section 3D/19 mutation certificate.
618047,"Widening, Reconstruction & Up-gradation to 2 lane with Paved Shoulder/Four Lane configuration for the work of Ahmednagar to Sabalkhed & Ashti to Chinchpur Section of NH-561 from Design km 2915 to km 37728 & Design km 55100 to km 70000 in the State of Maharashtra on EPC mode. Length  49.713 km",Maharashtra,Roads & Highways,S.O. 5389(E)/2019,NH_SEC_3D,Competent Authority Land Acquisition (CALA) / SDM Chinchpur Revenue Division,APPROVED,44.0,44.0,100.0,104,180,0,100% land possession handed over to executing agency under Section 3D/19 mutation certificate.
618138,"Widening, Reconstruction & Up-gradation to 2 lane with Paved Shoulder/Four Lane configuration for the work of Sautada to Shirapur Section of NH-561 from Design km 86300 to km 125589 in the state of Maharashtra on EPC mode. Design length  39.289 km",Maharashtra,Roads & Highways,S.O. 3337(E)/2018,NH_SEC_3D,Competent Authority Land Acquisition (CALA) / SDM Shirapur Revenue Division,APPROVED,62.0,62.0,100.0,93,180,0,100% land possession handed over to executing agency under Section 3D/19 mutation certificate.
618349,Balance work of Widening to 2 Two lane with hard shoulder of Churachandpur to Tuivai section of NH-102B from Design Chainage km 118850 to km 130000 Package-4A in the State of Manipur on EPC Mode,Manipur,Roads & Highways,S.O. 1261(E)/2020,NH_SEC_3D,Competent Authority Land Acquisition (CALA) / SDM Manipur Central Revenue Division,APPROVED,71.0,71.0,100.0,88,180,0,100% land possession handed over to executing agency under Section 3D/19 mutation certificate.
618348,Balance work of Widening to 2 Two lane with hard shoulder of Churachandpur to Tuivai section of NH-102B from km 130.000 to km 141.029 Package-4B in the State of Manipur on EPC Mode,Manipur,Roads & Highways,S.O. 3199(E)/2020,NH_SEC_3D,Competent Authority Land Acquisition (CALA) / SDM Manipur Central Revenue Division,APPROVED,49.0,49.0,100.0,48,180,0,100% land possession handed over to executing agency under Section 3D/19 mutation certificate.
618356,Construction of 2 -Lane with paved shoulders road from Tamenglong to Mahur in the state of Manipur  from km 31.430 at Old Tamenglong to km 43.480 ending near Phelong on EPC Mode Package-3,Manipur,Roads & Highways,S.O. 3878(E)/2018,NH_SEC_3D,Competent Authority Land Acquisition (CALA) / SDM Manipur Central Revenue Division,LOOPBACK,63.0,45.99,73.0,600,180,1,CALA Section 3G compensation award disputed in District Court; physical possession stalled for 17.0 Ha.
618357,Construction of 2 -Lane with paved shoulders road from Tamenglong to Mahur NH-137 in Manipur starting from km 54.180 near Azuram to km 80.630 near Mandeu on EPC Mode Package 5,Manipur,Roads & Highways,S.O. 5294(E)/2020,NH_SEC_3D,Competent Authority Land Acquisition (CALA) / SDM Manipur Central Revenue Division,QUERY_RAISED,74.0,62.16,84.0,220,180,1,Section 3H disbursement in progress; joint revenue measurement (JGM) completed for 84.0% alignment.
618358,Construction of 2 -Lane with paved shoulders road from Tamenglong to Mahur NH-137 starting from km 80.630 near Mandeu to km 96.870 near Jiri River on EPC Mode Package-6,Manipur,Roads & Highways,S.O. 2316(E)/2019,NH_SEC_3D,Competent Authority Land Acquisition (CALA) / SDM Manipur Central Revenue Division,LOOPBACK,51.0,36.21,71.0,600,180,1,CALA Section 3G compensation award disputed in District Court; physical possession stalled for 14.8 Ha.
618387,Construction of 2-laning with Hard shoulder of Ukhrul Tolloi - Tadubi section of NH-102A from Design Chainage km 9450 to km 50850 in the State of Manipur on EPC mode under NHO-NE Package-2,Manipur,Roads & Highways,S.O. 2026(E)/2022,NH_SEC_3D,Competent Authority Land Acquisition (CALA) / SDM Manipur Central Revenue Division,APPROVED,71.0,71.0,100.0,108,180,0,100% land possession handed over to executing agency under Section 3D/19 mutation certificate.
618388,Construction of 2-laning with Hard shoulder road of Ukhrul - Tolloi - Tadubi section of NH-102A from Design Chainage 50.850 km to 81.870 km in the State of Manipur on EPC mode under NHO-TSP Package -3,Manipur,Roads & Highways,S.O. 4144(E)/2018,NH_SEC_3D,Competent Authority Land Acquisition (CALA) / SDM Manipur Central Revenue Division,APPROVED,49.0,49.0,100.0,86,180,0,100% land possession handed over to executing agency under Section 3D/19 mutation certificate.
618389,Construction of 2-laning with Hard shoulder road of Ukhrul - Tolloi - Tadubi section of NH-102A from Design Chainage 81.870 km to 105.825 km in the State of Manipur on EPC mode under NHO-TSP Package -4,Manipur,Roads & Highways,S.O. 2626(E)/2021,NH_SEC_3D,Competent Authority Land Acquisition (CALA) / SDM Manipur Central Revenue Division,QUERY_RAISED,51.0,38.76,76.0,220,180,1,Section 3H disbursement in progress; joint revenue measurement (JGM) completed for 76.0% alignment.
618355,"Construction of of 2 -Lane with paved shoulders road from Tamenglong-Tousem-Lisang-Mahur Road NH-137 starting near Dialong Village from km 10.000 at Dialong to km 31.430 near Old Tamenglong , near Barak River on EPC Mode Package-2",Manipur,Roads & Highways,S.O. 4920(E)/2018,NH_SEC_3D,Competent Authority Land Acquisition (CALA) / SDM Manipur Central Revenue Division,LOOPBACK,65.0,42.25,65.0,600,180,1,CALA Section 3G compensation award disputed in District Court; physical possession stalled for 22.8 Ha.
618416,"Improvement of existing road to 2 laning with Hard Shoulders of Maram -Peren section Package-1A, length- 22.340Km from Design Chainage 0.000 km to 22.340 km on NH-129A in the State of Manipur on EPC mode",Manipur,Roads & Highways,S.O. 3461(E)/2018,NH_SEC_3D,Competent Authority Land Acquisition (CALA) / SDM Manipur Central Revenue Division,LOOPBACK,56.0,25.76,46.0,600,180,1,CALA Section 3G compensation award disputed in District Court; physical possession stalled for 30.2 Ha.
618415,"Improvement of existing road to 2 laning with Hard Shoulders of Maram-Peren section Package-1B, length- 17.660 km from Design Chainage 22.340 km to 40.000 km on NH-129A in the State of Manipur on EPC mode",Manipur,Roads & Highways,S.O. 1211(E)/2019,NH_SEC_3D,Competent Authority Land Acquisition (CALA) / SDM Manipur Central Revenue Division,LOOPBACK,61.0,28.06,46.0,600,180,1,CALA Section 3G compensation award disputed in District Court; physical possession stalled for 32.9 Ha.
618299,Improvement/Up-gradation of existing 2-Lane Road to 4-Lane Divided Highway from Daili to Kuraopokpi section of Imphal-Kohima road NH-02 Design Chainage from Km 274610 to Km 287000 in the state of Manipur on EPC mode Pkg-4B,Manipur,Roads & Highways,S.O. 2768(E)/2019,NH_SEC_3D,Competent Authority Land Acquisition (CALA) / SDM Manipur Central Revenue Division,APPROVED,48.0,48.0,100.0,68,180,0,100% land possession handed over to executing agency under Section 3D/19 mutation certificate.
618300,Improvement/Up-gradation of existing 2-Lane Road to 4-Lane Divided Highway from Taphukuki to Daili section of Imphal-Kohima road NH-02 Design Chainage from Km 262175 to Km 274610 in the state of Manipur on EPC mode Pkg-4A,Manipur,Roads & Highways,S.O. 3425(E)/2022,NH_SEC_3D,Competent Authority Land Acquisition (CALA) / SDM Manipur Central Revenue Division,LOOPBACK,55.0,38.5,70.0,600,180,1,CALA Section 3G compensation award disputed in District Court; physical possession stalled for 16.5 Ha.
618337,Widening to 2 -Lane with Paved shoulder of Imphal to Jiribam section of NH-37 from Design Chainage 33.000 km to 66.390 Km Existing Chainage from km 33.395 to km 67.496 on EPC Mode in Manipur PKG-3,Manipur,Roads & Highways,S.O. 2774(E)/2022,NH_SEC_3D,Competent Authority Land Acquisition (CALA) / SDM Manipur Central Revenue Division,LOOPBACK,64.0,31.36,49.0,600,180,1,CALA Section 3G compensation award disputed in District Court; physical possession stalled for 32.6 Ha.
618336,Widening to 2 -Lane with Paved shoulder of Imphal to Jiribam section of NH-37 from Design Chainage 66.110 km to 101.280 Km Existing Chainage km 67.496 to km 103.557 on EPC Mode in Manipur PKG-4,Manipur,Roads & Highways,S.O. 4837(E)/2021,NH_SEC_3D,Competent Authority Land Acquisition (CALA) / SDM Manipur Central Revenue Division,QUERY_RAISED,72.0,62.64,87.0,220,180,1,Section 3H disbursement in progress; joint revenue measurement (JGM) completed for 87.0% alignment.
618335,Widening to 2 Lane with Paved shoulder of lmphal to Jiribam section of NH-37 from Design Ch. from Km 101280 Near Khongsang Village to Km 131280 near Puilon Kambiron Village on EPC Mode in Manipur PKG-5,Manipur,Roads & Highways,S.O. 4893(E)/2020,NH_SEC_3D,Competent Authority Land Acquisition (CALA) / SDM Manipur Central Revenue Division,QUERY_RAISED,58.0,48.14,83.0,220,180,1,Section 3H disbursement in progress; joint revenue measurement (JGM) completed for 83.0% alignment.
618334,Widening to 2 Lane with Paved shoulder of lmphal to Jiribam section of NH-37 from Design Ch. from km 131.280 to km 169.570 on EPC mode in Manipur under NHO-TSP PKG-6,Manipur,Roads & Highways,S.O. 4525(E)/2021,NH_SEC_3D,Competent Authority Land Acquisition (CALA) / SDM Manipur Central Revenue Division,APPROVED,40.0,40.0,100.0,107,180,0,100% land possession handed over to executing agency under Section 3D/19 mutation certificate.
618333,Widening to 2 lane with Paved shoulder of lmphal to Jiribam section of NH-37 from Design Ch. from km 169570 Near Nungkao vlllage under Tamenglong District to km 205974 near Jiribam Bridge under Jiribam district  under NHO-NE PKG-7,Manipur,Roads & Highways,S.O. 1354(E)/2023,NH_SEC_3D,Competent Authority Land Acquisition (CALA) / SDM Tamenglong Revenue Division,QUERY_RAISED,64.0,53.76,84.0,190,180,1,Section 3H disbursement in progress; joint revenue measurement (JGM) completed for 84.0% alignment.
618345,Widening to 2-lane with Hard shoulder of Churachandpur to Tuivai Section from Km 48.587 to Km 69.875 in the State of Manipur on EPC mode under NHO Package-2B,Manipur,Roads & Highways,S.O. 4325(E)/2023,NH_SEC_3D,Competent Authority Land Acquisition (CALA) / SDM Tuivai Revenue Division,APPROVED,70.0,70.0,100.0,72,180,0,100% land possession handed over to executing agency under Section 3D/19 mutation certificate.
618344,Widening to 2-lane with Hard shoulder of Churachandpur to Tuivai Section of NH-102B from Design Chainage 69.875 Km to 121.769 Km in the State of Manipur on EPC mode Package-3,Manipur,Roads & Highways,S.O. 1489(E)/2022,NH_SEC_3D,Competent Authority Land Acquisition (CALA) / SDM Tuivai Revenue Division,QUERY_RAISED,54.0,42.66,79.0,220,180,1,Section 3H disbursement in progress; joint revenue measurement (JGM) completed for 79.0% alignment.
618347,Widening to 2-lane with Hard shoulder of Churachandpur to Tuivai Section of NH-102B from km 13.747 to km 32.835 in the State of Manipur on EPC mode under NHO Package-1B,Manipur,Roads & Highways,S.O. 3335(E)/2019,NH_SEC_3D,Competent Authority Land Acquisition (CALA) / SDM Tuivai Revenue Division,LOOPBACK,55.0,38.5,70.0,600,180,1,CALA Section 3G compensation award disputed in District Court; physical possession stalled for 16.5 Ha.
618346,Widening to 2-lane with Hard shoulder of Churachandpur to Tuivai Section of NH-102B from km 32.835 to km 48.587 in the State of Manipur on EPC mode under NHO Package-2A,Manipur,Roads & Highways,S.O. 2031(E)/2019,NH_SEC_3D,Competent Authority Land Acquisition (CALA) / SDM Tuivai Revenue Division,APPROVED,61.0,61.0,100.0,90,180,0,100% land possession handed over to executing agency under Section 3D/19 mutation certificate.
618338,Widening to 2-Lane with Paved shoulder of Imphal to Jiribam section of NH-37 from Design Chainage 15.940 km to 33.120 Km Existing Chainage Km 15.946 to Km 33.395 Total length17.180 Km in the State of Manipur on EPC mode PKG-2 - Balance Works & Rectification works,Manipur,Roads & Highways,S.O. 3243(E)/2022,NH_SEC_3D,Competent Authority Land Acquisition (CALA) / SDM Manipur Central Revenue Division,APPROVED,53.0,53.0,100.0,78,180,0,100% land possession handed over to executing agency under Section 3D/19 mutation certificate.
618298,Widening/Improvement of existing 2-Lane road to 4-Lane Divided Highway from Sekmai to Nilakuthi section of  Imphal-Kohima Road Design Chainage from Km 297700 to Km 308729 of NH-39 New NH-02 in state of Manipur on EPC mode Pkg-5B,Manipur,Roads & Highways,S.O. 1967(E)/2021,NH_SEC_3D,Competent Authority Land Acquisition (CALA) / SDM Manipur Central Revenue Division,LOOPBACK,67.0,34.84,52.0,600,180,1,CALA Section 3G compensation award disputed in District Court; physical possession stalled for 32.2 Ha.
618301,Widening/Improvement of existing 2-lane to 4-Lane Divided Highway from Kuraopokpi to Sekmai section of Imphal-Kohima Road Design Ch. km 287.00 to 297.700 of NH-39 New NH-02 in state of Manipur on EPC mode Pkg-5A,Manipur,Roads & Highways,S.O. 1017(E)/2021,NH_SEC_3D,Competent Authority Land Acquisition (CALA) / SDM Manipur Central Revenue Division,APPROVED,47.0,47.0,100.0,88,180,0,100% land possession handed over to executing agency under Section 3D/19 mutation certificate.
618306,"Widening/Improvement to 2 lane with earthen shoulder of Choithar to Marrem Khullen section of NH-202 of Imphal Ukhrul Jessami Economic Corridor from Design Chainage km 53.110 to km 95.700  in the State of Manipur on EPC mode under Bharatmala Pariyojana, under NHO-NE  Package-5",Manipur,Roads & Highways,S.O. 3114(E)/2019,NH_SEC_3D,Competent Authority Land Acquisition (CALA) / SDM Manipur Central Revenue Division,APPROVED,74.0,74.0,100.0,80,180,0,100% land possession handed over to executing agency under Section 3D/19 mutation certificate.
618304,"Widening/Improvement to 2 Lane with earthen shoulder of Jessami to Laynen bridge Nagaland border section of NH-29 of Imphal -Ukhrul - Jessami Economic Corridor from km 0.000 to km 11.009 in the State of Manipur on EPC mode under Bharatmala Pariyojana, under NHO-NE Package-7",Manipur,Roads & Highways,S.O. 3011(E)/2020,NH_SEC_3D,Competent Authority Land Acquisition (CALA) / SDM Manipur Central Revenue Division,APPROVED,71.0,71.0,100.0,80,180,0,100% land possession handed over to executing agency under Section 3D/19 mutation certificate.
618305,Widening/Improvement to 2 lane with earthen shoulder of Marrem Khullen to Jessami section of NH-202 of Imphal - Ukhrul - Jessami Economic Corridor from Design Chainage km 95.700 to km 140.180  in the State of Manipur on EPC mode under Bharatmala Pariyojana under NHO-NE  Package-6,Manipur,Roads & Highways,S.O. 5005(E)/2019,NH_SEC_3D,Competent Authority Land Acquisition (CALA) / SDM Manipur Central Revenue Division,APPROVED,45.0,45.0,100.0,46,180,0,100% land possession handed over to executing agency under Section 3D/19 mutation certificate.
618303,Widening/Improvement to 2-lane with earthen shoulder of Yaingangpokpi - Finch corner road section of NH-202 from Km 0.000 to Km 16.900  of NH-202 in the state of Manipur on EPC mode Package-1,Manipur,Roads & Highways,S.O. 4373(E)/2021,NH_SEC_3D,Competent Authority Land Acquisition (CALA) / SDM Manipur Central Revenue Division,LOOPBACK,48.0,27.84,58.0,600,180,1,CALA Section 3G compensation award disputed in District Court; physical possession stalled for 20.2 Ha.
618302,Widening/Improvement to 2-lane with earthen shoulder of Yaingangpokpi - Finch corner road section of NH-202 from Km 16.900 to Km 30.970 of NH-202 in the state of Manipur on EPC mode Package-2,Manipur,Roads & Highways,S.O. 1547(E)/2021,NH_SEC_3D,Competent Authority Land Acquisition (CALA) / SDM Manipur Central Revenue Division,LOOPBACK,72.0,37.44,52.0,600,180,1,CALA Section 3G compensation award disputed in District Court; physical possession stalled for 34.6 Ha.
618420,"Construction of 2 lane with paved shoulder of Shillong Western Bypass starting from NH-06 near Ladumsaw existing km 60.900 of old NH-40 to NH-106 old NH-44E, Package-II km 12800 to km 24700 under SARDP-NE Phase A in the State of Meghalaya on EPC Mode",Meghalaya,Roads & Highways,S.O. 5143(E)/2019,NH_SEC_3D,Competent Authority Land Acquisition (CALA) / SDM Western Revenue Division,APPROVED,73.0,73.0,100.0,69,180,0,100% land possession handed over to executing agency under Section 3D/19 mutation certificate.
618421,"Construction of 2-Lane with paved shoulder of Shillong Western Bypass starting from NH-06 near Ladumsaw Existing km 60.900 of old NH-40 to NH106 old NH-44E, km 0000 to km 12800 Package-I under SARDP-NE PHASE A in the State of Meghalaya on EPC Mode Greenfield alignment",Meghalaya,Roads & Highways,S.O. 3336(E)/2021,NH_SEC_3D,Competent Authority Land Acquisition (CALA) / SDM Western Revenue Division,APPROVED,51.0,51.0,100.0,55,180,0,100% land possession handed over to executing agency under Section 3D/19 mutation certificate.
618419,"Construction of 2-Lane with paved shoulders of Shillong Western Bypass starting from NH-06 near Ladumsaw existing Km 60.900 of old NH40 to NH106 old NH 44E Package-III, from km 24700 to km 38256 under SARDP-NE PHASE A in the state of Meghalaya on EPC Mode Greenfield alignment",Meghalaya,Roads & Highways,S.O. 5048(E)/2022,NH_SEC_3D,Competent Authority Land Acquisition (CALA) / SDM Western Revenue Division,APPROVED,58.0,58.0,100.0,75,180,0,100% land possession handed over to executing agency under Section 3D/19 mutation certificate.
618294,Improvement and Widening of National Highway No. 127B Darugiri - Songsak - Williamnagar Junction Section to two lane with paved shoulder from design Km 0000 to Km 36635 Design length 36.635 Km existing Km 112000 to Km 151060 of NH-1278 under Bharatmala Pariyojana Lot-1 Pkg-1B Meghalaya portion,Meghalaya,Roads & Highways,S.O. 4793(E)/2018,NH_SEC_3D,Competent Authority Land Acquisition (CALA) / SDM Junction Revenue Division,APPROVED,68.0,68.0,100.0,97,180,0,100% land possession handed over to executing agency under Section 3D/19 mutation certificate.
618076,Improvement and Widening two lannig with paved Shoulder of NH 127B from km 31.500 Goeragre to km 63.224 Package-II in state of Meghalaya,Meghalaya,Roads & Highways,S.O. 3279(E)/2021,NH_SEC_3D,Competent Authority Land Acquisition (CALA) / SDM Meghalaya Central Revenue Division,APPROVED,49.0,49.0,100.0,107,180,0,100% land possession handed over to executing agency under Section 3D/19 mutation certificate.
618295,Improvement/Widening of New NH-217 Dainadubi-Darugiri section to Two lane with paved shoulder in Meghalaya from design Km 0000 to Km 40840 existing Km 8600 to Km 53000 of Old NH-62 under BMP Lot-1 Pkg-1B Meghalaya portion,Meghalaya,Roads & Highways,S.O. 2022(E)/2019,NH_SEC_3D,Competent Authority Land Acquisition (CALA) / SDM Meghalaya Central Revenue Division,APPROVED,67.0,67.0,100.0,75,180,0,100% land possession handed over to executing agency under Section 3D/19 mutation certificate.
618374,Improvement/Widening to 2-L with Paved Shoulder/ 4-Laning of NH-40 section from Km 151330 to Km 163400 design Km 63.530 to Km 71.520 including Dawki Bridge of length 368 m between Shillong-Dawki under JICA ODA Loan assistance Phase-II Pkg-5 -Balance work,Meghalaya,Roads & Highways,S.O. 4691(E)/2018,NH_SEC_3D,Competent Authority Land Acquisition (CALA) / SDM Meghalaya Central Revenue Division,APPROVED,51.0,51.0,100.0,105,180,0,100% land possession handed over to executing agency under Section 3D/19 mutation certificate.
618377,Improvement/Widening to 2-L with Paved Shoulder/4-L from Km 81740 to Km 93490 design Km 0000 to Km 10670 of NH-40 New NH-106 & 206 section & 4-L from design Km 0.00 to Km 0.930 of NH-44 section between Shillong-Dawki under JICA ODA Loan assistance Phase-II -Balance Work Pkg-1,Meghalaya,Roads & Highways,S.O. 4544(E)/2022,NH_SEC_3D,Competent Authority Land Acquisition (CALA) / SDM Meghalaya Central Revenue Division,APPROVED,69.0,69.0,100.0,107,180,0,100% land possession handed over to executing agency under Section 3D/19 mutation certificate.
618376,Improvement/Widening to 2-Lane with Paved Shoulder between Shillong-Dawki road up to Bangladesh Border from design Km 10.670 to Km 37.550 under JICA ODA Loan assistance Phase-II -Balance Work-Pkg-2,Meghalaya,Roads & Highways,S.O. 4163(E)/2020,NH_SEC_3D,Competent Authority Land Acquisition (CALA) / SDM Meghalaya Central Revenue Division,APPROVED,73.0,73.0,100.0,102,180,0,100% land possession handed over to executing agency under Section 3D/19 mutation certificate.
618375,Improvement/Widening to 2-Lane with Paved Shoulder from design Km 45.760 to Km 63.530 between Shillong-Dawki under JICA ODA Loan assistance Phase-II -Balance work Pkg-4,Meghalaya,Roads & Highways,S.O. 2945(E)/2018,NH_SEC_3D,Competent Authority Land Acquisition (CALA) / SDM Meghalaya Central Revenue Division,APPROVED,65.0,65.0,100.0,47,180,0,100% land possession handed over to executing agency under Section 3D/19 mutation certificate.
618418,Rehabilitation and up gradation of Nongstoin-Rambrai-Kyrshai road up to Meghalaya-Assam border from Km 0.335 to km 34.039 to 2-Lane under NHO - NE in the State of Meghalaya  Package-1,Meghalaya,Roads & Highways,S.O. 4505(E)/2018,NH_SEC_3D,Competent Authority Land Acquisition (CALA) / SDM Meghalaya Central Revenue Division,QUERY_RAISED,70.0,52.5,75.0,196,180,1,Section 3H disbursement in progress; joint revenue measurement (JGM) completed for 75.0% alignment.
617885,Rehabilitation and Up-gradation of Nongstoin  Wahkaji section of Project Road Km 0000 to Km 43060 to Intermediate Lane with earthern shoulder under SARDP-NE Phase-A in the State of Meghalaya on EPC mode.   Job No- SARDP-NE  ong-Don-Maw/MG/2020-21/294,Meghalaya,Roads & Highways,S.O. 2918(E)/2022,NH_SEC_3D,Competent Authority Land Acquisition (CALA) / SDM Meghalaya Central Revenue Division,LOOPBACK,53.0,38.69,73.0,600,180,1,CALA Section 3G compensation award disputed in District Court; physical possession stalled for 14.3 Ha.
618452,"2-laning of Zorinpui - Longmasu section of NH-502A from km 0.000 to km 28.244 in the State of Mizoram on EPC mode under NHO-NE, stretch of IMBR",Mizoram,Roads & Highways,S.O. 3963(E)/2019,NH_SEC_3D,Competent Authority Land Acquisition (CALA) / SDM Mizoram Central Revenue Division,APPROVED,53.0,53.0,100.0,56,180,0,100% land possession handed over to executing agency under Section 3D/19 mutation certificate.
618316,4-Laning  of Vairengte - Chhimluang section Package-3 of NH-306 from Existing Chainage km 43000 to Km 59700 Design Chainage km 46000 to km 60850 on Silchar - Vairengte- Sairang road in the State of Mizoram under Bharatmala Pariyojna under NHO-NE. Package-1&2 in Assam state,Mizoram,Roads & Highways,S.O. 3473(E)/2018,NH_SEC_3D,Competent Authority Land Acquisition (CALA) / SDM Mizoram Central Revenue Division,APPROVED,68.0,68.0,100.0,82,180,0,100% land possession handed over to executing agency under Section 3D/19 mutation certificate.
618317,4-Laning of chhimluang-Kolasib from section pkg-4 of NH-306 & NH-6 existing chainage km 59700 to km 86000 design chainage km 61000 to km 77500 on Silchar-vairengte-sairang road in the state of Mizoram under Bharatmala Pariyojna on EPC mode Vairengte - Sairang Pkg-4,Mizoram,Roads & Highways,S.O. 3491(E)/2020,NH_SEC_3D,Competent Authority Land Acquisition (CALA) / SDM Mizoram Central Revenue Division,APPROVED,46.0,46.0,100.0,73,180,0,100% land possession handed over to executing agency under Section 3D/19 mutation certificate.
618318,4-Laning of Kolasib - Sethawn section Package-5 of NH-6 from Existing Chainage km 86000 to km 107850 Design Chainage km 77500 to km 95500 on silchar - vairengte - sairang road under Bharatmala Pariyojna on EPC mode under NHO-NE Vairengte - Sairang Pkg-5,Mizoram,Roads & Highways,S.O. 2388(E)/2022,NH_SEC_3D,Competent Authority Land Acquisition (CALA) / SDM Mizoram Central Revenue Division,APPROVED,58.0,58.0,100.0,96,180,0,100% land possession handed over to executing agency under Section 3D/19 mutation certificate.
618319,"4-Laning of Sethawn - N. Kawnpui section Package-6 of NH-6 from Existing Chainage km 107850 to km 126315 Design Chainage km 95500 to km 111850 on Silchar-Vairengte- Sairang road, Vairengte - Sairang Pkg-6",Mizoram,Roads & Highways,S.O. 1696(E)/2023,NH_SEC_3D,Competent Authority Land Acquisition (CALA) / SDM Mizoram Central Revenue Division,APPROVED,61.0,61.0,100.0,76,180,0,100% land possession handed over to executing agency under Section 3D/19 mutation certificate.
619321,Balance work of widening to two laning/re-alignment and geometric improvement from Km. 11000 to Km. 114618 with rectification of damaged stretches and provision of protection works in vulnerable location of NH-44 in the State of Mizoram.,Mizoram,Roads & Highways,S.O. 1719(E)/2018,NH_SEC_3D,Competent Authority Land Acquisition (CALA) / SDM Mizoram Central Revenue Division,APPROVED,59.0,59.0,100.0,84,180,0,100% land possession handed over to executing agency under Section 3D/19 mutation certificate.
618324,Construction of 2-lane Aizawl Bypass from km 15.200 to km 34.500 Package-3 on Sairang - Phaibawk section of NH-6 in the State of Mizoram under Bharatmala Pariyojna on EPC Mode under NHO-NE,Mizoram,Roads & Highways,S.O. 3869(E)/2019,NH_SEC_3D,Competent Authority Land Acquisition (CALA) / SDM Aizawl Revenue Division,APPROVED,49.0,49.0,100.0,92,180,0,100% land possession handed over to executing agency under Section 3D/19 mutation certificate.
618363,Construction of 2-laning with hard shoulder configuration of Chhumkhum to Tlabung from Design Chainage Km 37.420 to Km 74.950 of NH-302 in Mizoram under Bharatmala Pariyojana on EPC mode [Pkg-B],Mizoram,Roads & Highways,S.O. 4533(E)/2021,NH_SEC_3D,Competent Authority Land Acquisition (CALA) / SDM Mizoram Central Revenue Division,LOOPBACK,58.0,39.44,68.0,600,180,1,CALA Section 3G compensation award disputed in District Court; physical possession stalled for 18.6 Ha.
618362,Construction of 2-laning with hard shoulder of Lunglei to Chhumkhum from Design Chainage Km 0.000 to Km 37.420 of NH-302 [Lunglei-Tlabung] Package-A,Mizoram,Roads & Highways,S.O. 2266(E)/2022,NH_SEC_3D,Competent Authority Land Acquisition (CALA) / SDM Mizoram Central Revenue Division,LOOPBACK,61.0,31.11,51.0,600,180,1,CALA Section 3G compensation award disputed in District Court; physical possession stalled for 29.9 Ha.
618320,Construction of 4-Laning of N. Kawnpui N. Mualvum Mualkhang via Khamrang Village section Package-7 of NH-6 from Existing Chainage km 127200 to km 142000 Design Chainage km 111850 to km 123400 on Silchar - Vairengte - Sairang road in the State of Mizoram on EPC mode,Mizoram,Roads & Highways,S.O. 1484(E)/2022,NH_SEC_3D,Competent Authority Land Acquisition (CALA) / SDM Mizoram Central Revenue Division,APPROVED,49.0,49.0,100.0,105,180,0,100% land possession handed over to executing agency under Section 3D/19 mutation certificate.
618321,Construction of 4-Laning of West Serawlg-Sairang section  of NH-6 from Existing Chainage km 142000 to km 158900 Design Chainage km 123400 to km 136260 on Silchar - Vairengte - Sairang road in the State of Mizoram under Bharatmala Pariyojna on EPC mode under NHO-NE Package-8,Mizoram,Roads & Highways,S.O. 4479(E)/2022,NH_SEC_3D,Competent Authority Land Acquisition (CALA) / SDM Mizoram Central Revenue Division,APPROVED,54.0,54.0,100.0,89,180,0,100% land possession handed over to executing agency under Section 3D/19 mutation certificate.
618323,Construction of Twin Tube Uni-directional Aizawl Bypass Tunnel of 2.5 km and its approaches of 2.1 km from km 10.600 to km 15.200 on Sarrang - Phaibawk section of NH-6 in the State of Mizoram on EPC Mode under NHO-NE  Package-2,Mizoram,Roads & Highways,S.O. 4298(E)/2018,NH_SEC_3D,Competent Authority Land Acquisition (CALA) / SDM Aizawl Revenue Division,APPROVED,53.0,53.0,100.0,99,180,0,100% land possession handed over to executing agency under Section 3D/19 mutation certificate.
618343,"Rehabilitation and Up gradation to 2-lane with paved shoulder of Keifang Section Economic Corridor of NH-06 from Existing Chainage Km 30050 Keifang to Km 50360 Keifang, Design Chainage Km 27400 to Km 45040  PkgIII  in the State of Mizoram under Bharatmala Pariyojna on EPC Mode Seling-Dulte - III",Mizoram,Roads & Highways,S.O. 5111(E)/2021,NH_SEC_3D,Competent Authority Land Acquisition (CALA) / SDM Keifang Revenue Division,LOOPBACK,71.0,32.66,46.0,600,180,1,CALA Section 3G compensation award disputed in District Court; physical possession stalled for 38.3 Ha.
618342,Rehabilitation and upgradation to 2 Lane with Paved shoulder of Economic corridor  of NH-6 from Design chaiange Km 0.000 to Km 13.510 Package-1 in the state  of Mizoram under Bharatmala Pariyojana on EPC mode,Mizoram,Roads & Highways,S.O. 3214(E)/2019,NH_SEC_3D,Competent Authority Land Acquisition (CALA) / SDM Mizoram Central Revenue Division,QUERY_RAISED,44.0,36.96,84.0,220,180,1,Section 3H disbursement in progress; joint revenue measurement (JGM) completed for 84.0% alignment.
619010,Up-gradation to 2 lane with paved shoutders of Pawlrang - Rulchawm section- of NH-102B of Aizawl - Imphal Economic Corridor from Existing Chainage km 72.030 to km 104.129 including 2.459 km re-alignment section from Tuivai River to Rulchawm connecting km 48.150 of NH-6 [Design Chainage km 68.170 to km 98.579] in the State of Mizoram under Bharatmala Pariyojna on EPC mode under NHO-NE Package-3  Keifang- Tuivai Pkg-3,Mizoram,Roads & Highways,S.O. 5499(E)/2020,NH_SEC_3D,Competent Authority Land Acquisition (CALA) / SDM Mizoram Central Revenue Division,APPROVED,64.0,64.0,100.0,87,180,0,100% land possession handed over to executing agency under Section 3D/19 mutation certificate.
618341,Up-gradation to 2-lane with paved shoulders of Ngopa - Pawlrang section of NH 102B of Aizawl - Imphal Economic Corridor from Existing Chainage km 32.796 to km 72.030 [Design Chainage km 31.280 to km 68.170] in the State of Mizoram under Bharatmala Pariyojna on EPC mode under NHO-NE Package-2  Keifang- Tuivai Pkg-2,Mizoram,Roads & Highways,S.O. 4350(E)/2021,NH_SEC_3D,Competent Authority Land Acquisition (CALA) / SDM Mizoram Central Revenue Division,QUERY_RAISED,70.0,56.0,80.0,220,180,1,Section 3H disbursement in progress; joint revenue measurement (JGM) completed for 80.0% alignment.
618380,Widening and Up-gradation to 2- Lane with Paved Shoulder Configuration and geometric improvement from Km. 125. 000 to Km 166 Package-3 on Aizawl Tuipang Section of NH-54 in the State of Mizoram Package-3,Mizoram,Roads & Highways,S.O. 3495(E)/2018,NH_SEC_3D,Competent Authority Land Acquisition (CALA) / SDM Tuipang Revenue Division,QUERY_RAISED,40.0,34.0,85.0,220,180,1,Section 3H disbursement in progress; joint revenue measurement (JGM) completed for 85.0% alignment.
618384,Widening and Up-gradation to 2- Lane with Paved Shoulder Configuration and geometric improvement from Km. 166. 000 to Km 208.000 Package-4 on Aizawl Tuipang Section of NH-54 in the State of Mizoram Package-4,Mizoram,Roads & Highways,S.O. 1046(E)/2023,NH_SEC_3D,Competent Authority Land Acquisition (CALA) / SDM Tuipang Revenue Division,QUERY_RAISED,56.0,42.56,76.0,220,180,1,Section 3H disbursement in progress; joint revenue measurement (JGM) completed for 76.0% alignment.
618379,Widening and Up-gradation to 2- Lane with Paved Shoulder Configuration and geometric improvement from Km. 208. 000 to Km 250.000 Package-5 on Aizawl Tuipang Section of NH-54 in the State of Mizoram Package-5,Mizoram,Roads & Highways,S.O. 3143(E)/2021,NH_SEC_3D,Competent Authority Land Acquisition (CALA) / SDM Tuipang Revenue Division,LOOPBACK,43.0,24.94,58.0,600,180,1,CALA Section 3G compensation award disputed in District Court; physical possession stalled for 18.1 Ha.
618381,Widening and up-gradation to 2-lane with paved shoulder configuration and geometric improvements from km 250.00 Lunglei to km 298.00 on Aizawl-Tuipang section under JICA ODA Loan assistance Phase-I Package-6,Mizoram,Roads & Highways,S.O. 3731(E)/2019,NH_SEC_3D,Competent Authority Land Acquisition (CALA) / SDM Mizoram Central Revenue Division,QUERY_RAISED,61.0,49.41,81.0,220,180,1,Section 3H disbursement in progress; joint revenue measurement (JGM) completed for 81.0% alignment.
618382,Widening and up-gradation to 2-lane with paved shoulder configuration and geometric improvements from km 298.00 to km 339.00 on Aizawl-Tuipang section under JICA ODA Loan assistance Phase-I Package-7,Mizoram,Roads & Highways,S.O. 2796(E)/2021,NH_SEC_3D,Competent Authority Land Acquisition (CALA) / SDM Mizoram Central Revenue Division,QUERY_RAISED,51.0,43.86,86.0,190,180,1,Section 3H disbursement in progress; joint revenue measurement (JGM) completed for 86.0% alignment.
618383,Widening and up-gradation to 2-lane with paved shoulder configuration and geometric improvements from km 339.00 to km 380.00 Siaha on Aizawl-Tuipang section under JICA ODA Loan assistance Phase-I Package-8,Mizoram,Roads & Highways,S.O. 2766(E)/2023,NH_SEC_3D,Competent Authority Land Acquisition (CALA) / SDM Mizoram Central Revenue Division,QUERY_RAISED,51.0,38.76,76.0,220,180,1,Section 3H disbursement in progress; joint revenue measurement (JGM) completed for 76.0% alignment.
618908,3L Major Bridge over River Brahmani at Km. 401.250 Duburi - Chandikhole Section of NH-200 New NH -53,Odisha,Roads & Highways,S.O. 2746(E)/2019,NH_SEC_3D,Competent Authority Land Acquisition (CALA) / SDM Chandikhole Revenue Division,LOOPBACK,56.0,28.56,51.0,600,180,1,CALA Section 3G compensation award disputed in District Court; physical possession stalled for 27.4 Ha.
619158,4 Laning of Duburi Chandikhole from km 388.376 to km 428.074 Pkg-III,Odisha,Roads & Highways,S.O. 4834(E)/2021,NH_SEC_3D,Competent Authority Land Acquisition (CALA) / SDM Odisha Central Revenue Division,LOOPBACK,74.0,51.06,69.0,600,180,1,CALA Section 3G compensation award disputed in District Court; physical possession stalled for 22.9 Ha.
619157,4 Laning of Talcher to end of Kamakhyanagar Bypass km 8.844 - km 15.725 of NH-149 and km 301.875 - km 335.946 of NH-53 Pkg-I,Odisha,Roads & Highways,S.O. 2605(E)/2022,NH_SEC_3D,Competent Authority Land Acquisition (CALA) / SDM Kamakhyanagar Revenue Division,LOOPBACK,65.0,39.0,60.0,600,180,1,CALA Section 3G compensation award disputed in District Court; physical possession stalled for 26.0 Ha.
618913,4-L of Rajamunda to Barkote Section of NH-23 from km. 287.200 to km. 337.185,Odisha,Roads & Highways,S.O. 1977(E)/2018,NH_SEC_3D,Competent Authority Land Acquisition (CALA) / SDM Barkote Revenue Division,LOOPBACK,57.0,35.34,62.0,600,180,1,CALA Section 3G compensation award disputed in District Court; physical possession stalled for 21.7 Ha.
618705,"4L Godibandha to Ballhar Chhak, Ballhar Chhak to Banarpal & Banarpal to Start of Angul bypass at Km.314.130 to Km.321.035 of NH53, at Km.75.200 to Km.84.000 of NH149 & at Km.84.000 to Km.86.100 of NH55",Odisha,Roads & Highways,S.O. 1610(E)/2023,NH_SEC_3D,Competent Authority Land Acquisition (CALA) / SDM Odisha Central Revenue Division,APPROVED,65.0,65.0,100.0,90,180,0,100% land possession handed over to executing agency under Section 3D/19 mutation certificate.
618704,6L Flyover including RE Wall approaches with Flexible Pavement in the Elephant Corridor of Angul  Sambalpur Section of NH-42 New NH-55 Km.202.533,Odisha,Roads & Highways,S.O. 3615(E)/2018,NH_SEC_3D,Competent Authority Land Acquisition (CALA) / SDM Sambalpur Revenue Division,APPROVED,65.0,65.0,100.0,103,180,0,100% land possession handed over to executing agency under Section 3D/19 mutation certificate.
618680,6L Greenfield  Kandili - Aluru Section of NH-130-CD Road from km 342500 to km 365033 Package-OD-8,Odisha,Roads & Highways,S.O. 3545(E)/2018,NH_SEC_3D,Competent Authority Land Acquisition (CALA) / SDM Aluru Revenue Division,QUERY_RAISED,65.0,48.75,75.0,220,180,1,Section 3H disbursement in progress; joint revenue measurement (JGM) completed for 75.0% alignment.
618678,6L Greenfield Baunsaguar - Baraja Section of NH-130-CD Road from km 293000 to km 338500 Package  OD-6,Odisha,Roads & Highways,S.O. 3981(E)/2023,NH_SEC_3D,Competent Authority Land Acquisition (CALA) / SDM Baraja Revenue Division,LOOPBACK,56.0,31.36,56.0,572,180,1,CALA Section 3G compensation award disputed in District Court; physical possession stalled for 24.6 Ha.
618677,6L Greenfield Kaliagura   Baunsaguar Section of NH-130-CD Road from km 249000 to km 293000 Package  OD-5,Odisha,Roads & Highways,S.O. 3340(E)/2021,NH_SEC_3D,Competent Authority Land Acquisition (CALA) / SDM Baunsaguar Revenue Division,LOOPBACK,50.0,22.5,45.0,550,180,1,CALA Section 3G compensation award disputed in District Court; physical possession stalled for 27.5 Ha.
619109,6L of Badakumari - Karki Section from Km 179.000 to km 226.500 of NH-130-CD Package  OD-3,Odisha,Roads & Highways,S.O. 1607(E)/2018,NH_SEC_3D,Competent Authority Land Acquisition (CALA) / SDM Karki Revenue Division,LOOPBACK,67.0,34.84,52.0,563,180,1,CALA Section 3G compensation award disputed in District Court; physical possession stalled for 32.2 Ha.
619075,6L of Bhubaneswar - Jagatpur - Chandikhole Section of NH-16,Odisha,Roads & Highways,S.O. 2829(E)/2022,NH_SEC_3D,Competent Authority Land Acquisition (CALA) / SDM Chandikhole Revenue Division,LOOPBACK,44.0,32.56,74.0,600,180,1,CALA Section 3G compensation award disputed in District Court; physical possession stalled for 11.4 Ha.
619213,6L of Hatibena - Badakumari Section from Km 146.50 to km 179.00 of NH-130-CD Package  OD-2,Odisha,Roads & Highways,S.O. 4619(E)/2020,NH_SEC_3D,Competent Authority Land Acquisition (CALA) / SDM Badakumari Revenue Division,LOOPBACK,64.0,40.96,64.0,600,180,1,CALA Section 3G compensation award disputed in District Court; physical possession stalled for 23.0 Ha.
618592,"Balance work of 8 nos. of Elephant Underpasses EUPs, 1 no. of Vehicular Underpass VUP, 1 nos. of Light Vehicular Underpass LVUP, 1 nos. of Pedestrian Underpass PUP, 1 nos. of Foot Over Bridge FOB and A2 side approach of Jharpokharia Flyover at Km.215.270 in Baharagora-Singhara section of NH-49",Odisha,Roads & Highways,S.O. 5420(E)/2018,NH_SEC_3D,Competent Authority Land Acquisition (CALA) / SDM Odisha Central Revenue Division,QUERY_RAISED,45.0,31.5,70.0,220,180,1,Section 3H disbursement in progress; joint revenue measurement (JGM) completed for 70.0% alignment.
618819,Balance work of Panikoili Rimoli Section of new NH-20 from Km 0.00 to Km. 163.000,Odisha,Roads & Highways,S.O. 4072(E)/2023,NH_SEC_3D,Competent Authority Land Acquisition (CALA) / SDM Rimoli Revenue Division,APPROVED,42.0,42.0,100.0,79,180,0,100% land possession handed over to executing agency under Section 3D/19 mutation certificate.
618593,Balance work of Rehabilitation and Upgradation to four laning of Baharagora  Singhara section of NH-49 from Km.229.727 to Km.238.990 Length  9.263 Km. including construction of five nos. of Elephant Underpasses EUP and fourteen nos. of Animal Underpasses AUP inside the buffer zone of Similipal Tiger Reserve Area in Bangriposi Ghat section in the State of Odisha on EPC Mode,Odisha,Roads & Highways,S.O. 3737(E)/2023,NH_SEC_3D,Competent Authority Land Acquisition (CALA) / SDM Odisha Central Revenue Division,APPROVED,42.0,42.0,100.0,84,180,0,100% land possession handed over to executing agency under Section 3D/19 mutation certificate.
618523,Bhadrak KM 136.500 to Baleshwar KM 199.141,Odisha,Roads & Highways,S.O. 1208(E)/2018,NH_SEC_3D,Competent Authority Land Acquisition (CALA) / SDM Odisha Central Revenue Division,LOOPBACK,68.0,49.64,73.0,600,180,1,CALA Section 3G compensation award disputed in District Court; physical possession stalled for 18.4 Ha.
617923,Construction of  Daspalla Bypass from km 195.250 To 200.635 of NH-57 including land acquisition in the state of Odisha on EPC mode under Annual Plan 2022-23.,Odisha,Roads & Highways,S.O. 1634(E)/2018,NH_SEC_3D,Competent Authority Land Acquisition (CALA) / SDM Daspalla Revenue Division,APPROVED,69.0,69.0,100.0,77,180,0,100% land possession handed over to executing agency under Section 3D/19 mutation certificate.
617905,Construction of 4 lane ROB with approaches in lieu of LC No. RV-172 at km 176.00 of NH-201 present NH-26 at Kesinga including land acquisition in the state of Odisha on EPC mode under Annual Plan 2021-22,Odisha,Roads & Highways,S.O. 3658(E)/2019,NH_SEC_3D,Competent Authority Land Acquisition (CALA) / SDM Odisha Central Revenue Division,QUERY_RAISED,43.0,37.84,88.0,220,180,1,Section 3H disbursement in progress; joint revenue measurement (JGM) completed for 88.0% alignment.
618591,"Construction of 6-lane flyover at Ainthapali junction and a 2-lane ROB LHS on NH-53 Earlier NH-6 in Sambalpur, on EPC mode in Odisha under NHO",Odisha,Roads & Highways,S.O. 2097(E)/2021,NH_SEC_3D,Competent Authority Land Acquisition (CALA) / SDM Odisha Central Revenue Division,APPROVED,57.0,57.0,100.0,74,180,0,100% land possession handed over to executing agency under Section 3D/19 mutation certificate.
617930,Construction of Bypass on NH-59 from Km 336/350 to 349/910 13.56 km near Berhampur town including 4-lane RoB in the state of Odisha.,Odisha,Roads & Highways,S.O. 4435(E)/2022,NH_SEC_3D,Competent Authority Land Acquisition (CALA) / SDM Odisha Central Revenue Division,APPROVED,60.0,60.0,100.0,60,180,0,100% land possession handed over to executing agency under Section 3D/19 mutation certificate.
617904,Construction of Bypass road to Balangir town from km 72/400 Desing km 0/0 to km 79/800 Design km 11/670 of NH-26 in the State of Odisha.,Odisha,Roads & Highways,S.O. 1310(E)/2022,NH_SEC_3D,Competent Authority Land Acquisition (CALA) / SDM Odisha Central Revenue Division,QUERY_RAISED,60.0,48.0,80.0,147,180,1,Section 3H disbursement in progress; joint revenue measurement (JGM) completed for 80.0% alignment.
617925,Construction of Bypass to Khordha town from Km 294/000 to 300/300 on NH-57 including LA in the State of Odisha on EPC mode.,Odisha,Roads & Highways,S.O. 4433(E)/2020,NH_SEC_3D,Competent Authority Land Acquisition (CALA) / SDM Odisha Central Revenue Division,APPROVED,58.0,58.0,100.0,69,180,0,100% land possession handed over to executing agency under Section 3D/19 mutation certificate.
617924,Construction of bypass to Nayagarh town from km 235.469 to 252.482 of NH-57 including land acquisition in the state of Odisha.,Odisha,Roads & Highways,S.O. 4862(E)/2021,NH_SEC_3D,Competent Authority Land Acquisition (CALA) / SDM Odisha Central Revenue Division,QUERY_RAISED,42.0,30.24,72.0,176,180,1,Section 3H disbursement in progress; joint revenue measurement (JGM) completed for 72.0% alignment.
618079,Construction of Dharmagarh Bypass on NH-130C including land acquisition in the state of Odisha on EPC Mode under Annual plan 2022-23.,Odisha,Roads & Highways,S.O. 2186(E)/2022,NH_SEC_3D,Competent Authority Land Acquisition (CALA) / SDM Dharmagarh Revenue Division,APPROVED,71.0,71.0,100.0,85,180,0,100% land possession handed over to executing agency under Section 3D/19 mutation certificate.
618003,Construction of four lane ROB and its approaches in lieu of existing Level Crossing No. RV-71 at km 435 on NH-217 New NH-353 at Khariar including land acquisition under NHO in Annual Plan 2021-22 for the state of Odisha for F.Y. 2021-22 to F.Y 2033-34,Odisha,Roads & Highways,S.O. 3640(E)/2023,NH_SEC_3D,Competent Authority Land Acquisition (CALA) / SDM Odisha Central Revenue Division,QUERY_RAISED,55.0,38.5,70.0,220,180,1,Section 3H disbursement in progress; joint revenue measurement (JGM) completed for 70.0% alignment.
617922,Construction of Jharsuguda Bypass including Land acqusition on NH-49 from km 258.636 to km 283.300 design chainage 258.636 to km 289.876 under NHO in Annual Plan 2022-23 for the state of Odisha Job No.NH-49-OD-2022-23-655,Odisha,Roads & Highways,S.O. 4519(E)/2019,NH_SEC_3D,Competent Authority Land Acquisition (CALA) / SDM Jharsuguda Revenue Division,APPROVED,69.0,69.0,100.0,60,180,0,100% land possession handed over to executing agency under Section 3D/19 mutation certificate.
617902,construction or By-pass road on NH-26 for Nabrangpur Town,Odisha,Roads & Highways,S.O. 3393(E)/2019,NH_SEC_3D,Competent Authority Land Acquisition (CALA) / SDM Odisha Central Revenue Division,APPROVED,43.0,43.0,100.0,68,180,0,100% land possession handed over to executing agency under Section 3D/19 mutation certificate.
619119,Cuttack-Angul Section of NH-42 New NH-55 from km 0.400 to km 60.200 Pkg-I in the State of Odisha,Odisha,Roads & Highways,S.O. 5318(E)/2019,NH_SEC_3D,Competent Authority Land Acquisition (CALA) / SDM Angul Revenue Division,LOOPBACK,68.0,49.64,73.0,600,180,1,CALA Section 3G compensation award disputed in District Court; physical possession stalled for 18.4 Ha.
619215,Cuttack-Angul Section of NH-42 New NH-55 from Km.60.200 to Km. 112.000 Pkg-II in the State of Odisha,Odisha,Roads & Highways,S.O. 4871(E)/2023,NH_SEC_3D,Competent Authority Land Acquisition (CALA) / SDM Angul Revenue Division,LOOPBACK,41.0,18.86,46.0,600,180,1,CALA Section 3G compensation award disputed in District Court; physical possession stalled for 22.1 Ha.
619118,Four Laning of Angul to Sambalpur from Km.112.000 to Km.265.000,Odisha,Roads & Highways,S.O. 3926(E)/2023,NH_SEC_3D,Competent Authority Land Acquisition (CALA) / SDM Odisha Central Revenue Division,LOOPBACK,51.0,31.11,61.0,600,180,1,CALA Section 3G compensation award disputed in District Court; physical possession stalled for 19.9 Ha.
617898,New construction of Major Bridge with Approaches from Km 0.000 to 1.200 Madhopur -Badabanta section of NH-20 under NHO in Annual Plan 2022-23 in the State of Odisha,Odisha,Roads & Highways,S.O. 2621(E)/2020,NH_SEC_3D,Competent Authority Land Acquisition (CALA) / SDM Odisha Central Revenue Division,APPROVED,66.0,66.0,100.0,69,180,0,100% land possession handed over to executing agency under Section 3D/19 mutation certificate.
618821,Rehabilitation and Up gradation from 4 to 8 laning of Chandikhole  Paradip Section of NH-53 Old NH  5A from Km 18.00 to Km 39.00 in the State of Odisha on HAM mode Package-2,Odisha,Roads & Highways,S.O. 1165(E)/2023,NH_SEC_3D,Competent Authority Land Acquisition (CALA) / SDM Paradip Revenue Division,APPROVED,65.0,65.0,100.0,72,180,0,100% land possession handed over to executing agency under Section 3D/19 mutation certificate.
618822,Rehabilitation and Up gradation from 4 to 8 laning of Chandikhole  Paradip Section of NH-53 Old NH  5A from Km.0.00 to Km.18.00Package-1,Odisha,Roads & Highways,S.O. 5185(E)/2021,NH_SEC_3D,Competent Authority Land Acquisition (CALA) / SDM Paradip Revenue Division,QUERY_RAISED,70.0,52.5,75.0,136,180,1,Section 3H disbursement in progress; joint revenue measurement (JGM) completed for 75.0% alignment.
618820,Rehabilitation and Up gradation from 4 to 8 laning of Chandikhole  Paradip Section of NH-53 Old NH  5A from Km.39.000 to Km.60.00 Package-3,Odisha,Roads & Highways,S.O. 3124(E)/2019,NH_SEC_3D,Competent Authority Land Acquisition (CALA) / SDM Paradip Revenue Division,QUERY_RAISED,54.0,39.96,74.0,220,180,1,Section 3H disbursement in progress; joint revenue measurement (JGM) completed for 74.0% alignment.
619181,Rehabilitation and Up gradation from 4 to 8 laning of Chandikhole  Paradip Section of NH-53 Old NH  5A from Km.60.000 to Km.76.646 Package-4,Odisha,Roads & Highways,S.O. 3183(E)/2022,NH_SEC_3D,Competent Authority Land Acquisition (CALA) / SDM Paradip Revenue Division,QUERY_RAISED,43.0,31.39,73.0,192,180,1,Section 3H disbursement in progress; joint revenue measurement (JGM) completed for 73.0% alignment.
618012,"Widening & strengthenlng to 2LPS from km 0,000 to 40.000 Dhaugaon- Podamari section of NH 326 in the State of Odisha under Annual Plan 2021.22.",Odisha,Roads & Highways,S.O. 2034(E)/2022,NH_SEC_3D,Competent Authority Land Acquisition (CALA) / SDM Odisha Central Revenue Division,APPROVED,59.0,59.0,100.0,106,180,0,100% land possession handed over to executing agency under Section 3D/19 mutation certificate.
617920,Widening and Strengthening to 2LPS including LA from km 318.970 to 353.450 Balikuda-Mulkani Section of NH-55 under NHO in Annual Plan 2022-23 in the State of Odisha. Job No. NH-55-OD-2022-23-656,Odisha,Roads & Highways,S.O. 4954(E)/2022,NH_SEC_3D,Competent Authority Land Acquisition (CALA) / SDM Mulkani Revenue Division,APPROVED,59.0,59.0,100.0,80,180,0,100% land possession handed over to executing agency under Section 3D/19 mutation certificate.
617921,Widening and strengthening to 2LPS including LA of Kandarpur-Balikuda from km 277/500 to 318/970 of NH-55 in the State of Odisha under Annual Plan 2021-22.,Odisha,Roads & Highways,S.O. 4465(E)/2018,NH_SEC_3D,Competent Authority Land Acquisition (CALA) / SDM Odisha Central Revenue Division,QUERY_RAISED,55.0,41.25,75.0,220,180,1,Section 3H disbursement in progress; joint revenue measurement (JGM) completed for 75.0% alignment.
617899,Widening and Strengthening to 4LPS/2LPS from km 0.000 to 35.800 Kuakhia - Mangalpur section of NH 20 in the state of Odisha on Annual Plan 2021-22,Odisha,Roads & Highways,S.O. 1956(E)/2019,NH_SEC_3D,Competent Authority Land Acquisition (CALA) / SDM Odisha Central Revenue Division,QUERY_RAISED,66.0,56.76,86.0,156,180,1,Section 3H disbursement in progress; joint revenue measurement (JGM) completed for 86.0% alignment.
618122,Widening to 2 lane with paved shoulded of Jareikela Jharkhand/Odisha Border - Dhabaleswar section from 0/0 to 36/0 of NH-320D in the State of Odisha under Annual Plan 2021-22.,Odisha,Roads & Highways,S.O. 1370(E)/2022,NH_SEC_3D,Competent Authority Land Acquisition (CALA) / SDM Odisha Central Revenue Division,APPROVED,60.0,60.0,100.0,81,180,0,100% land possession handed over to executing agency under Section 3D/19 mutation certificate.
618845,Puducherry Km.29.000 to Poondiyankuppam Km.67.000,Puducherry,Roads & Highways,S.O. 1486(E)/2020,NH_SEC_3D,Competent Authority Land Acquisition (CALA) / SDM Puducherry Central Revenue Division,LOOPBACK,61.0,31.11,51.0,600,180,1,CALA Section 3G compensation award disputed in District Court; physical possession stalled for 29.9 Ha.
618847,Sattanathapuram to Nagapattinam from Km 123.800 to Km 179.555,Puducherry,Roads & Highways,S.O. 5370(E)/2023,NH_SEC_3D,Competent Authority Land Acquisition (CALA) / SDM Puducherry Central Revenue Division,LOOPBACK,60.0,39.0,65.0,600,180,1,CALA Section 3G compensation award disputed in District Court; physical possession stalled for 21.0 Ha.
618844,Viluppuram Km.0.000 to Puducherry Km.29.000,Puducherry,Roads & Highways,S.O. 3385(E)/2018,NH_SEC_3D,Competent Authority Land Acquisition (CALA) / SDM Puducherry Central Revenue Division,LOOPBACK,60.0,36.0,60.0,600,180,1,CALA Section 3G compensation award disputed in District Court; physical possession stalled for 24.0 Ha.
619318,4/6L Greenfield Ludhiana Rupnagar highway from Jn. with NE-5 village near to ManewalLudhiana to Jn. with NH-205 near Bheora Village Rupnagar from Km. 0.00 to Km. 37.7 including spur to Kharar with Ludhiana bypass of NH-205K Pkg-1,Punjab,Roads & Highways,S.O. 2930(E)/2022,NH_SEC_3D,Competent Authority Land Acquisition (CALA) / SDM Punjab Central Revenue Division,LOOPBACK,55.0,30.25,55.0,600,180,1,CALA Section 3G compensation award disputed in District Court; physical possession stalled for 24.7 Ha.
618785,4/6L Greenfield LudhianaRupnagar highway from Jn. with NE-5 village near to ManewalLudhiana to Jn. with NH-205 near Bheora Village Rupnagar from Km 66.0 to Km 91.0 i/c spur to Kharar from Km 0.0 to Km 19.5 with Ludhiana bypass of NH-205K Pkg-3,Punjab,Roads & Highways,S.O. 5485(E)/2023,NH_SEC_3D,Competent Authority Land Acquisition (CALA) / SDM Punjab Central Revenue Division,QUERY_RAISED,40.0,30.0,75.0,220,180,1,Section 3H disbursement in progress; joint revenue measurement (JGM) completed for 75.0% alignment.
618906,4L of Amritsar-Ghoman - Tanda - Una Section from Km 8.270 to Km 54.000 of NH-503A Package-I,Punjab,Roads & Highways,S.O. 2709(E)/2020,NH_SEC_3D,Competent Authority Land Acquisition (CALA) / SDM Una Revenue Division,LOOPBACK,44.0,32.56,74.0,600,180,1,CALA Section 3G compensation award disputed in District Court; physical possession stalled for 11.4 Ha.
618809,4L of Beas-Mehta-Batala-Dera Baba Nanak from intersection with Jalandhar-Amritsar Highway NH-3 near Beas till start of Batala Bypass near Village Acchhal from Km. 0.000 to Km. 31.300 Pkg-1,Punjab,Roads & Highways,S.O. 1865(E)/2018,NH_SEC_3D,Competent Authority Land Acquisition (CALA) / SDM Batala Revenue Division,QUERY_RAISED,55.0,41.25,75.0,220,180,1,Section 3H disbursement in progress; joint revenue measurement (JGM) completed for 75.0% alignment.
618810,4L of existing Beas  Baba Bakala - Dera Baba Nanak Section from start of Batala Bypass  till intersection with Ajnala Gurdaspur Highway NH 354 near Dera Baba Nanak  from Km. 31.300 to Km. 69.100  with Additional batala Bypass Pkg-II,Punjab,Roads & Highways,S.O. 5207(E)/2023,NH_SEC_3D,Competent Authority Land Acquisition (CALA) / SDM Nanak Revenue Division,QUERY_RAISED,72.0,55.44,77.0,220,180,1,Section 3H disbursement in progress; joint revenue measurement (JGM) completed for 77.0% alignment.
618793,4L of Fazilka to Abohar section of NH-07 including construction of Greenfield Abohar & Fazilka Bypasses,Punjab,Roads & Highways,S.O. 3495(E)/2019,NH_SEC_3D,Competent Authority Land Acquisition (CALA) / SDM Fazilka Revenue Division,APPROVED,55.0,55.0,100.0,57,180,0,100% land possession handed over to executing agency under Section 3D/19 mutation certificate.
618776,4L of Greenfield section from  Sirhind to Mohali,Punjab,Roads & Highways,S.O. 3233(E)/2020,NH_SEC_3D,Competent Authority Land Acquisition (CALA) / SDM Punjab Central Revenue Division,QUERY_RAISED,48.0,39.84,83.0,220,180,1,Section 3H disbursement in progress; joint revenue measurement (JGM) completed for 83.0% alignment.
618786,4L of Phagwara - Hoshiarpur,Punjab,Roads & Highways,S.O. 3497(E)/2018,NH_SEC_3D,Competent Authority Land Acquisition (CALA) / SDM Punjab Central Revenue Division,APPROVED,42.0,42.0,100.0,69,180,0,100% land possession handed over to executing agency under Section 3D/19 mutation certificate.
618647,6L Access Controlled Ludhiana-Bathinda Greenfield highway from Jn. with Amritsar-Bathanda Greenfield Road NH-754A near Rampura Phul to Jn. with Moga-Barnala Road NH-703 near village Tallewal from Km 0.0 to Km 30.3 of NH-754AD Pkg-1,Punjab,Roads & Highways,S.O. 5283(E)/2022,NH_SEC_3D,Competent Authority Land Acquisition (CALA) / SDM Punjab Central Revenue Division,QUERY_RAISED,48.0,35.04,73.0,217,180,1,Section 3H disbursement in progress; joint revenue measurement (JGM) completed for 73.0% alignment.
619105,6L Access Controlled Ludhiana-Bathinda Greenfield highway from Jn. with Moga-Barnala Road NH-703 near village Tallewal to Jn. with Delhi-Katra Expressway NE-5 near Ludhiana village Ballowal from Km 30.300 to Km 75.543 of NH-754AD Pkg-2,Punjab,Roads & Highways,S.O. 2819(E)/2018,NH_SEC_3D,Competent Authority Land Acquisition (CALA) / SDM Punjab Central Revenue Division,APPROVED,49.0,49.0,100.0,82,180,0,100% land possession handed over to executing agency under Section 3D/19 mutation certificate.
619099,6L Amritsar-Bathinda Greenfield section  from Jn. with Moga Jalandhar road NH-703 near Dharamkot to Jn. with Bhagta Bhai Ka-Bhadaur Road near Dyalpura Bhai Ka from km 39.000 to km 93.000 of NH-754A Pkg-2,Punjab,Roads & Highways,S.O. 1910(E)/2021,NH_SEC_3D,Competent Authority Land Acquisition (CALA) / SDM Punjab Central Revenue Division,QUERY_RAISED,50.0,40.0,80.0,193,180,1,Section 3H disbursement in progress; joint revenue measurement (JGM) completed for 80.0% alignment.
618618,6L Amritsar-Bathinda Greenfield section from Jn. with Bhagta Bhai Ka-Bhadaur Road near Dyalpura Bhai Ka to Jn. with Mandi Dabwali Bathinda Road on NH-54 near Sangat Kalan from km 93.000 to km 154.866 of NH-754A Pkg-3,Punjab,Roads & Highways,S.O. 3600(E)/2023,NH_SEC_3D,Competent Authority Land Acquisition (CALA) / SDM Punjab Central Revenue Division,APPROVED,55.0,55.0,100.0,74,180,0,100% land possession handed over to executing agency under Section 3D/19 mutation certificate.
618617,6L Amritsar-Bathinda Greenfield section from village Tiba on NE-5A to Jn. with Moga Jalandhar road NH-703 near Dharamkot from km 0.000 to km 39.000 of NH-754A Pkg-1,Punjab,Roads & Highways,S.O. 5398(E)/2020,NH_SEC_3D,Competent Authority Land Acquisition (CALA) / SDM Punjab Central Revenue Division,LOOPBACK,43.0,27.09,63.0,600,180,1,CALA Section 3G compensation award disputed in District Court; physical possession stalled for 15.9 Ha.
618789,6L of IT City Chowk to Kurali Chandigarh Road,Punjab,Roads & Highways,S.O. 1242(E)/2022,NH_SEC_3D,Competent Authority Land Acquisition (CALA) / SDM Punjab Central Revenue Division,QUERY_RAISED,67.0,48.24,72.0,139,180,1,Section 3H disbursement in progress; joint revenue measurement (JGM) completed for 72.0% alignment.
618610,6L of Jodhpur Romana Bathinda - Mandi Dabwali Punjab Haryana Border section of NH-54 from km. 0.000 to km. 27.400 of NH-54,Punjab,Roads & Highways,S.O. 3154(E)/2018,NH_SEC_3D,Competent Authority Land Acquisition (CALA) / SDM Punjab Central Revenue Division,QUERY_RAISED,54.0,45.36,84.0,137,180,1,Section 3H disbursement in progress; joint revenue measurement (JGM) completed for 84.0% alignment.
618795,Amritsar Bypass Pkg III from km. 71.496 to km. 105.158,Punjab,Roads & Highways,S.O. 1809(E)/2021,NH_SEC_3D,Competent Authority Land Acquisition (CALA) / SDM Amritsar Revenue Division,LOOPBACK,44.0,32.56,74.0,600,180,1,CALA Section 3G compensation award disputed in District Court; physical possession stalled for 11.4 Ha.
618794,Amritsarairport Junction - Ramdas from km. 100.835 to km. 139.813 Pkg - IV,Punjab,Roads & Highways,S.O. 3033(E)/2019,NH_SEC_3D,Competent Authority Land Acquisition (CALA) / SDM Punjab Central Revenue Division,LOOPBACK,63.0,42.84,68.0,600,180,1,CALA Section 3G compensation award disputed in District Court; physical possession stalled for 20.2 Ha.
618489,Delhi-Amritsar-Katra Expressway Phase-I Pkg-IX from Junction with Ludhiana-Moga road NH-5 near Mullanpur Dakha to Junction with Jalandhar - Moga road NH-703 near Kang Sahibu village Km 260860 to km 303900,Punjab,Roads & Highways,S.O. 1672(E)/2022,NH_SEC_3D,Competent Authority Land Acquisition (CALA) / SDM Punjab Central Revenue Division,LOOPBACK,47.0,26.79,57.0,600,180,1,CALA Section 3G compensation award disputed in District Court; physical possession stalled for 20.2 Ha.
618487,Delhi-Amritsar-Katra Expressway Phase-I Pkg-VII from Junction with Patiala-Bathinda road NH-7 near Bhawanigarh to Junction with Ludhiana-Malerhkotla SH-11 near Bhogiwal village Km 188830 to km 225770,Punjab,Roads & Highways,S.O. 1988(E)/2018,NH_SEC_3D,Competent Authority Land Acquisition (CALA) / SDM Punjab Central Revenue Division,QUERY_RAISED,48.0,37.44,78.0,220,180,1,Section 3H disbursement in progress; joint revenue measurement (JGM) completed for 78.0% alignment.
618488,Delhi-Amritsar-Katra Expressway Phase-I Pkg-VIII from Junction with Ludhiana-Malerkotla SH-11 near Bhogiwal village to Junction with Ludhiana-Moga road NH-5 near Mullanpur Dakha Km 225770 to km 260860,Punjab,Roads & Highways,S.O. 1746(E)/2018,NH_SEC_3D,Competent Authority Land Acquisition (CALA) / SDM Punjab Central Revenue Division,QUERY_RAISED,51.0,38.76,76.0,220,180,1,Section 3H disbursement in progress; joint revenue measurement (JGM) completed for 76.0% alignment.
618490,Delhi-Amritsar-Katra Expressway Phase-I Pkg-X from Jn. with Jalandhar - Moga road NH-703 to Jn. with Jalandhar-Kapurthala road NH-703A and to Jn. with Kapurthala - Sultanpur Lodhi road NH-703A km 000 to km 24000 to Amritsar connectivity,Punjab,Roads & Highways,S.O. 3803(E)/2019,NH_SEC_3D,Competent Authority Land Acquisition (CALA) / SDM Punjab Central Revenue Division,LOOPBACK,48.0,27.84,58.0,543,180,1,CALA Section 3G compensation award disputed in District Court; physical possession stalled for 20.2 Ha.
618491,Delhi-Amritsar-Katra Expressway Phase-I Pkg-XI from Junction with Jalandhar - Kapurthala road NH-703A near khojewal village to Junction with Amritsar-Mehta-SriHargobindpur-Tanda road NH-503A near SriHargobindpur Km 319400 to km 362420,Punjab,Roads & Highways,S.O. 3293(E)/2023,NH_SEC_3D,Competent Authority Land Acquisition (CALA) / SDM Punjab Central Revenue Division,LOOPBACK,68.0,39.44,58.0,561,180,1,CALA Section 3G compensation award disputed in District Court; physical possession stalled for 28.6 Ha.
618492,Delhi-Amritsar-Katra Expressway Phase-I Pkg-XII from Junction with Amritsar-Mehta-SriHargobindpur-Tanda road NH-503A near SriHargobindpur to Junction with Pathankot-Gurdaspur road NH-54 near Gurdaspur Km 362420 to km 397700,Punjab,Roads & Highways,S.O. 2018(E)/2018,NH_SEC_3D,Competent Authority Land Acquisition (CALA) / SDM Punjab Central Revenue Division,APPROVED,53.0,53.0,100.0,91,180,0,100% land possession handed over to executing agency under Section 3D/19 mutation certificate.
618493,Delhi-Amritsar-Katra Expressway Phase-I Spur-I from Jn. with Kapurthala - Sultanpur Lodhi Road NH-703A near Isharwal village to Jn. with Kapurthala - Tarn Taran road NH-703AA near Goinwal Sahib [Km 24000 to Km 41000 of Amritsar connectivity],Punjab,Roads & Highways,S.O. 4964(E)/2022,NH_SEC_3D,Competent Authority Land Acquisition (CALA) / SDM Punjab Central Revenue Division,QUERY_RAISED,74.0,54.76,74.0,220,180,1,Section 3H disbursement in progress; joint revenue measurement (JGM) completed for 74.0% alignment.
619200,Delhi-Amritsar-Katra Expressway Phase-I Spur-III from Junction with Amritsar-Jalandhar road NH-3 near Bhishambarpura to Junction with Amritsar-Anjala road NH-354 near Amritsar Airport [Km 71000 to Km 99000 of Amritsar connectivity],Punjab,Roads & Highways,S.O. 1047(E)/2023,NH_SEC_3D,Competent Authority Land Acquisition (CALA) / SDM Punjab Central Revenue Division,LOOPBACK,67.0,41.54,62.0,600,180,1,CALA Section 3G compensation award disputed in District Court; physical possession stalled for 25.5 Ha.
618648,"Development of 6-lane Greenfield Southern Ludhiana Bypass from intersection with NH-44 near Village Rajgarh to intersection with Delhi Katra Expressway NE-5 near Village Ballowal, km 0000 to km 25240",Punjab,Roads & Highways,S.O. 5060(E)/2019,NH_SEC_3D,Competent Authority Land Acquisition (CALA) / SDM Ludhiana Revenue Division,APPROVED,55.0,55.0,100.0,67,180,0,100% land possession handed over to executing agency under Section 3D/19 mutation certificate.
618552,Development of 6L Greenfield Jalandhar Bypass starting from Kahlwan NH-03  ending at Kang Sahbu NH-703  via Sarmastpur NH-44 - Madara NH-03 - Khajurla NH-44,Punjab,Roads & Highways,S.O. 5129(E)/2020,NH_SEC_3D,Competent Authority Land Acquisition (CALA) / SDM Jalandhar Revenue Division,LOOPBACK,44.0,28.16,64.0,600,180,1,CALA Section 3G compensation award disputed in District Court; physical possession stalled for 15.8 Ha.
618010,Development to 4-lane with paved shoulder for the road section Talwandi Sabo-Raman road to refinery Road junction with Bathinda Dabwali Road of NH-254 from existing Km 131.600 to Km 155.650 Design Km 131600 to km 155600 in the State of Punjab. Job No NH-254-PB-2022-23-565,Punjab,Roads & Highways,S.O. 3862(E)/2021,NH_SEC_3D,Competent Authority Land Acquisition (CALA) / SDM Punjab Central Revenue Division,APPROVED,52.0,52.0,100.0,83,180,0,100% land possession handed over to executing agency under Section 3D/19 mutation certificate.
618551,Greenfield connectivity from Govindsar village on Delhi Amritsar Katra Expressway to Talwara village on NH-44 Pathankot by-pass,Punjab,Roads & Highways,S.O. 3138(E)/2022,NH_SEC_3D,Competent Authority Land Acquisition (CALA) / SDM Punjab Central Revenue Division,APPROVED,58.0,58.0,100.0,46,180,0,100% land possession handed over to executing agency under Section 3D/19 mutation certificate.
618764,Moga - Bagha Purana - Bajakhana from km. 0.00 to km. 43.32,Punjab,Roads & Highways,S.O. 3002(E)/2020,NH_SEC_3D,Competent Authority Land Acquisition (CALA) / SDM Punjab Central Revenue Division,APPROVED,62.0,62.0,100.0,61,180,0,100% land possession handed over to executing agency under Section 3D/19 mutation certificate.
618024,Up-gradation to two lane with paved shoulder configuration of NH-354 Section Arifkes-Ferozepur-Muktsar-Malaut from Km 201.500 to Km 212.500 & Km 229.690 to Km 269.960 and strengthening of existing pavement from Km 212.500 to Km 229.690 excluding Km 218.500 to 223.690 of NH-354 on EPC Mode in the State of Punjab. Job No. NH-354-PB-2020-21-532,Punjab,Roads & Highways,S.O. 1290(E)/2020,NH_SEC_3D,Competent Authority Land Acquisition (CALA) / SDM Punjab Central Revenue Division,QUERY_RAISED,60.0,48.0,80.0,220,180,1,Section 3H disbursement in progress; joint revenue measurement (JGM) completed for 80.0% alignment.
618023,Work of Widening/upgradation of 2-Lane with paved shoulder of Sri Muktsar Sahib to Malout road from Km 279.400 to Km 307.060 section of NH-354 in the State of Punjab on EPC mode. Job No. NH-354-PB-2021-22-555,Punjab,Roads & Highways,S.O. 1023(E)/2023,NH_SEC_3D,Competent Authority Land Acquisition (CALA) / SDM Punjab Central Revenue Division,QUERY_RAISED,48.0,35.04,73.0,184,180,1,Section 3H disbursement in progress; joint revenue measurement (JGM) completed for 73.0% alignment.
619063,4L Greenfield spur from Delhi-Vadodara Greenfield expressway near Bandikui to Jaipur,Rajasthan,Roads & Highways,S.O. 3671(E)/2023,NH_SEC_3D,Competent Authority Land Acquisition (CALA) / SDM Rajasthan Central Revenue Division,QUERY_RAISED,46.0,37.26,81.0,220,180,1,Section 3H disbursement in progress; joint revenue measurement (JGM) completed for 81.0% alignment.
618838,4L of Karwar Km. 281.980 of NH-62 Nagaur road to Dangiyavas of Jodhpur Ring Road Pkg-II,Rajasthan,Roads & Highways,S.O. 4225(E)/2023,NH_SEC_3D,Competent Authority Land Acquisition (CALA) / SDM Rajasthan Central Revenue Division,QUERY_RAISED,60.0,45.0,75.0,220,180,1,Section 3H disbursement in progress; joint revenue measurement (JGM) completed for 75.0% alignment.
618755,4L of left out existing road section from Lalgopalganj Km 161.450 to Nawabganj Km 180.200 in Prayagraj,Rajasthan,Roads & Highways,S.O. 2165(E)/2019,NH_SEC_3D,Competent Authority Land Acquisition (CALA) / SDM Rajasthan Central Revenue Division,APPROVED,65.0,65.0,100.0,80,180,0,100% land possession handed over to executing agency under Section 3D/19 mutation certificate.
618757,6L access controlled Highway from Km 40080 to Km 86513 Mator to Barodameo Section,Rajasthan,Roads & Highways,S.O. 2226(E)/2019,NH_SEC_3D,Competent Authority Land Acquisition (CALA) / SDM Barodameo Revenue Division,APPROVED,56.0,56.0,100.0,50,180,0,100% land possession handed over to executing agency under Section 3D/19 mutation certificate.
618758,6L accesscontrolled highway from km 0000 to km 40080 Paniyala to Mator Section of Paniyala-Barodameo ICR,Rajasthan,Roads & Highways,S.O. 5441(E)/2020,NH_SEC_3D,Competent Authority Land Acquisition (CALA) / SDM Mator Revenue Division,APPROVED,41.0,41.0,100.0,51,180,0,100% land possession handed over to executing agency under Section 3D/19 mutation certificate.
618235,Balance work of Rehabilitation and Up-gradation to 4-Lane configuration of Ras-Beawar Section Km 00.000 to km 30.050 of NH-158 in the State of Rajasthan under Green National Highway Corridor Project GNHCP.,Rajasthan,Roads & Highways,S.O. 1244(E)/2018,NH_SEC_3D,Competent Authority Land Acquisition (CALA) / SDM Beawar Revenue Division,APPROVED,74.0,74.0,100.0,82,180,0,100% land possession handed over to executing agency under Section 3D/19 mutation certificate.
617887,Beawer Gomti 4LPS from km 58.245 to km 108.600 Pkg-I,Rajasthan,Roads & Highways,S.O. 2314(E)/2018,NH_SEC_3D,Competent Authority Land Acquisition (CALA) / SDM Rajasthan Central Revenue Division,LOOPBACK,74.0,51.06,69.0,600,180,1,CALA Section 3G compensation award disputed in District Court; physical possession stalled for 22.9 Ha.
618200,Construction of 2 lane with Paved Shoulder for Northern Bypass Phase-II of Kota city in the State of Rajasthan.,Rajasthan,Roads & Highways,S.O. 3419(E)/2023,NH_SEC_3D,Competent Authority Land Acquisition (CALA) / SDM Northern Revenue Division,QUERY_RAISED,74.0,65.86,89.0,217,180,1,Section 3H disbursement in progress; joint revenue measurement (JGM) completed for 89.0% alignment.
618011,Construction of 2 lane with paved shoulder for the work of Development of remaining sections of NH-325 Balotra to sanderao via Jalore to 2 lane with paved shoulder configuration by Construction of Byasses for town portions1 Asotra- Brahmdham bypass 2Siwana Bypass 3 Mokalsar Bypass 4 Major realignment at Kathadi 5 Major realignment at Bishangarh 6 Jalore Bypass 7 Ahore Town portion 8 Dujana Bypass in the state of Rajasthan on EPC Mode,Rajasthan,Roads & Highways,S.O. 4883(E)/2021,NH_SEC_3D,Competent Authority Land Acquisition (CALA) / SDM Mokalsar Revenue Division,QUERY_RAISED,68.0,49.64,73.0,204,180,1,Section 3H disbursement in progress; joint revenue measurement (JGM) completed for 73.0% alignment.
619271,Construction of Elevated Corridor at Kherwara Town on Udaipur Ratanpur Shamlaji Section of NH-48 in Udaipur District in the State of Rajasthan on EPC mode,Rajasthan,Roads & Highways,S.O. 3007(E)/2018,NH_SEC_3D,Competent Authority Land Acquisition (CALA) / SDM Shamlaji Revenue Division,APPROVED,57.0,57.0,100.0,61,180,0,100% land possession handed over to executing agency under Section 3D/19 mutation certificate.
618853,Construction of Four lane Elevated Structure at Raniwada Circle in Sanchore City on NH-68,Rajasthan,Roads & Highways,S.O. 4950(E)/2020,NH_SEC_3D,Competent Authority Land Acquisition (CALA) / SDM Rajasthan Central Revenue Division,APPROVED,55.0,55.0,100.0,107,180,0,100% land possession handed over to executing agency under Section 3D/19 mutation certificate.
617891,"Construction of Two lane with Paved Shoulder for Fatehpur Bypass Design Km 0.000 to Km 7.400 , Mandawa Bypass Design Km 20.925 to Km 27.300 & Jhunjhunu Bypass Design Km 41.625 to Km 54.689 of NH-11 on EPC Mode in the state of Rajasthan .",Rajasthan,Roads & Highways,S.O. 3710(E)/2020,NH_SEC_3D,Competent Authority Land Acquisition (CALA) / SDM Fatehpur Revenue Division,QUERY_RAISED,70.0,56.0,80.0,158,180,1,Section 3H disbursement in progress; joint revenue measurement (JGM) completed for 80.0% alignment.
619251,Construction of two lane with paved shoulder of Ghatol Bypass from km 133.250 to km 140.950 of NH-56 old NH No. 113 on EPC mode in the State of Rajasthan.,Rajasthan,Roads & Highways,S.O. 3112(E)/2023,NH_SEC_3D,Competent Authority Land Acquisition (CALA) / SDM Ghatol Revenue Division,APPROVED,47.0,47.0,100.0,58,180,0,100% land possession handed over to executing agency under Section 3D/19 mutation certificate.
618457,Delhi-Vadodara Greenfield Alignment NH-148N Pkg-10 Ch. 292.950 to Ch. 319.400 [End of Interchange on NH-166 near village Mui to Hardeoganj village near Indergarh],Rajasthan,Roads & Highways,S.O. 5059(E)/2023,NH_SEC_3D,Competent Authority Land Acquisition (CALA) / SDM Rajasthan Central Revenue Division,LOOPBACK,64.0,34.56,54.0,600,180,1,CALA Section 3G compensation award disputed in District Court; physical possession stalled for 29.4 Ha.
618456,Delhi-Vadodara Greenfield Alignment NH-148N Pkg-14 Ch. 388.420 to Ch. 419.000 [Junction with NH- 76 to Junction with NH-12 near village Ummedpura],Rajasthan,Roads & Highways,S.O. 4946(E)/2020,NH_SEC_3D,Competent Authority Land Acquisition (CALA) / SDM Rajasthan Central Revenue Division,QUERY_RAISED,41.0,31.16,76.0,220,180,1,Section 3H disbursement in progress; joint revenue measurement (JGM) completed for 76.0% alignment.
618458,Delhi-Vadodara Greenfield Alignment NH-148N Pkg-15 Ch. 419.000 to Ch.427.300 [Junction with NH-12 near village Ummedpura to Major bridge over Takli river near Nayagaon Jageer village],Rajasthan,Roads & Highways,S.O. 4636(E)/2018,NH_SEC_3D,Competent Authority Land Acquisition (CALA) / SDM Rajasthan Central Revenue Division,LOOPBACK,51.0,26.01,51.0,565,180,1,CALA Section 3G compensation award disputed in District Court; physical possession stalled for 25.0 Ha.
618612,Deogarh near Dhandhaniya-Rajasthan/Gujarat Border Phase-I AJ/DRGB-Package-6,Rajasthan,Roads & Highways,S.O. 1077(E)/2023,NH_SEC_3D,Competent Authority Land Acquisition (CALA) / SDM Rajasthan Central Revenue Division,LOOPBACK,67.0,41.54,62.0,600,180,1,CALA Section 3G compensation award disputed in District Court; physical possession stalled for 25.5 Ha.
618613,Deogarh near Dhandhaniya-Rajasthan/Gujarat Border Phase-I AJ/DRGB-Package-7,Rajasthan,Roads & Highways,S.O. 2931(E)/2021,NH_SEC_3D,Competent Authority Land Acquisition (CALA) / SDM Rajasthan Central Revenue Division,LOOPBACK,61.0,34.16,56.0,600,180,1,CALA Section 3G compensation award disputed in District Court; physical possession stalled for 26.8 Ha.
618797,Mayjilar  Jaisalmer with Jaisalmer Bypass Link Road Section of NH-11 Part of BM-7 & Sundra  Myajilar  Ambsingh ki Dhani Road part of Munabao  Tanot project NH-70,Rajasthan,Roads & Highways,S.O. 4816(E)/2022,NH_SEC_3D,Competent Authority Land Acquisition (CALA) / SDM Jaisalmer Revenue Division,APPROVED,61.0,61.0,100.0,46,180,0,100% land possession handed over to executing agency under Section 3D/19 mutation certificate.
618611,Sangariya near Chautala-Rasisar near Bikaner section of NH-754K Phase-I AJ/SR-Package-7,Rajasthan,Roads & Highways,S.O. 5208(E)/2020,NH_SEC_3D,Competent Authority Land Acquisition (CALA) / SDM Rajasthan Central Revenue Division,LOOPBACK,58.0,30.74,53.0,600,180,1,CALA Section 3G compensation award disputed in District Court; physical possession stalled for 27.3 Ha.
618796,Tanot -Ramgarh-Bhadasar-Jaisalmer NH-68 and BhadasarMokal-Sarkaritala up to Pakisthan Border NH-968 Pkg-BM/5,Rajasthan,Roads & Highways,S.O. 1097(E)/2020,NH_SEC_3D,Competent Authority Land Acquisition (CALA) / SDM Rajasthan Central Revenue Division,LOOPBACK,62.0,32.24,52.0,600,180,1,CALA Section 3G compensation award disputed in District Court; physical possession stalled for 29.8 Ha.
618093,Up-gradation to 2 lane with Paved shoulder from Charbhuja at Design km 0.00 existing km 150.00 to Neechli Oden Nathdwara at Design ch. Km 88.800 existing km 55.950 of NH-162E on EPC mode.,Rajasthan,Roads & Highways,S.O. 2197(E)/2019,NH_SEC_3D,Competent Authority Land Acquisition (CALA) / SDM Rajasthan Central Revenue Division,APPROVED,42.0,42.0,100.0,81,180,0,100% land possession handed over to executing agency under Section 3D/19 mutation certificate.
618092,Up-gradation to 2 lane with paved shoulder from Neechli Oden Nathdwara at Design Km 88.800 existing km 55.95 to Bhatewar at Design Km 142.028 existing km 0.00 of NH-162E in the State of Rajasthan on EPC mode.,Rajasthan,Roads & Highways,S.O. 2398(E)/2020,NH_SEC_3D,Competent Authority Land Acquisition (CALA) / SDM Rajasthan Central Revenue Division,APPROVED,53.0,53.0,100.0,105,180,0,100% land possession handed over to executing agency under Section 3D/19 mutation certificate.
619270,"Upgradation of 6 laned Jaipur- Kishangarh section of NH-48 from km 274100 to 363885 involving construction of flyovers and Service road in Rajasthan On Engineering, Procurement & Construction EPC Mode",Rajasthan,Roads & Highways,S.O. 3454(E)/2018,NH_SEC_3D,Competent Authority Land Acquisition (CALA) / SDM Rajasthan Central Revenue Division,APPROVED,74.0,74.0,100.0,106,180,0,100% land possession handed over to executing agency under Section 3D/19 mutation certificate.
618118,Upgradation of two lane paved shoulder from Shahpura existing km. 0.00   Design Ch. 000    to Thanagazi existing Km.37352   Design Ch. 36810    of NH-248A on EPC mode in the State of Rajasthan.,Rajasthan,Roads & Highways,S.O. 5409(E)/2022,NH_SEC_3D,Competent Authority Land Acquisition (CALA) / SDM Rajasthan Central Revenue Division,QUERY_RAISED,44.0,34.76,79.0,220,180,1,Section 3H disbursement in progress; joint revenue measurement (JGM) completed for 79.0% alignment.
618117,Upgradation to 2-Lane with Paved Shoulder from Design Km 36300 to Design Chainage 47918 and from Design Ch 69900 to Design Ch 83940 of NH-248A Natni Ka Bara in the State of Rajasthan on EPC Mode.,Rajasthan,Roads & Highways,S.O. 3195(E)/2021,NH_SEC_3D,Competent Authority Land Acquisition (CALA) / SDM Rajasthan Central Revenue Division,APPROVED,40.0,40.0,100.0,101,180,0,100% land possession handed over to executing agency under Section 3D/19 mutation certificate.
617900,Upgradation to Two Lane Paved Shoulder in km 33/0 to 126/520 of NH-23 Old NH-11B Kothun-Lalsot-Karoli-Dholpur road in the state of Rajasthan under EPC mode Length-93.52 Km.,Rajasthan,Roads & Highways,S.O. 2582(E)/2018,NH_SEC_3D,Competent Authority Land Acquisition (CALA) / SDM Rajasthan Central Revenue Division,APPROVED,62.0,62.0,100.0,88,180,0,100% land possession handed over to executing agency under Section 3D/19 mutation certificate.
618069,Upgradation to Two-lane with paved shoulder of Hanumangarh to Kenchiyan section from Km 0.000existing chainage-Km 23.200 to Km 49.605existing chainage-Km 74.645 of NH-54 in the State of Rajasthan on EPC mode.,Rajasthan,Roads & Highways,S.O. 1680(E)/2022,NH_SEC_3D,Competent Authority Land Acquisition (CALA) / SDM Rajasthan Central Revenue Division,APPROVED,60.0,60.0,100.0,68,180,0,100% land possession handed over to executing agency under Section 3D/19 mutation certificate.
617901,Widening of Pachpadra-Bagundi Section to 4 Lane from Km 73/60 to 95/70 of  NH-25 on EPC mode in the state of Rajasthan.,Rajasthan,Roads & Highways,S.O. 1270(E)/2019,NH_SEC_3D,Competent Authority Land Acquisition (CALA) / SDM Bagundi Revenue Division,APPROVED,70.0,70.0,100.0,51,180,0,100% land possession handed over to executing agency under Section 3D/19 mutation certificate.
618449,Construction & Upgradation of existing road to 2-lane with paved shoulder from km27.200 End of Rongli bypass to km37.600New Rolep Bridge of Rhenok-Menla spur NH-717B on EPC Mode under SARDP-NE Phase-A in Sikkim Pkg-II B,Sikkim,Roads & Highways,S.O. 5173(E)/2020,NH_SEC_3D,Competent Authority Land Acquisition (CALA) / SDM Sikkim Central Revenue Division,LOOPBACK,73.0,35.04,48.0,600,180,1,CALA Section 3G compensation award disputed in District Court; physical possession stalled for 38.0 Ha.
618446,Construction & Upgradation of existing road to 2-lane with paved shoulder from New Rolep Bridge at km 37.600 to Chochenpheri at km 52.00 in the section of Rongli to Chochenpheri of NH 717B Pkg-II C,Sikkim,Roads & Highways,S.O. 3568(E)/2022,NH_SEC_3D,Competent Authority Land Acquisition (CALA) / SDM Sikkim Central Revenue Division,LOOPBACK,58.0,36.54,63.0,600,180,1,CALA Section 3G compensation award disputed in District Court; physical possession stalled for 21.5 Ha.
618448,Construction of 2-Laning with Paved Shoulder of New Greenfield Alignment From Chochenpheri at Km 52000 to Helipad near Menla at Km 82000 of Rhenock-Menla Spur NH-717B Package-IIIA on EPC Basis under SARDP-NE Phase 'A' in the State of Sikkim.,Sikkim,Roads & Highways,S.O. 4031(E)/2019,NH_SEC_3D,Competent Authority Land Acquisition (CALA) / SDM Sikkim Central Revenue Division,QUERY_RAISED,41.0,33.21,81.0,220,180,1,Section 3H disbursement in progress; joint revenue measurement (JGM) completed for 81.0% alignment.
618447,Construction of 2-Laning with Paved Shoulder of New Greenfield Alignment From Helipad near Menla at Km 82000 to Menla at Km 94030 of Rhenock-Menla Spur NH-717B Package-IIIB on EPC Basis under SARDP-NE Phase 'A' in the State of Sikkim.,Sikkim,Roads & Highways,S.O. 1558(E)/2023,NH_SEC_3D,Competent Authority Land Acquisition (CALA) / SDM Sikkim Central Revenue Division,LOOPBACK,68.0,42.84,63.0,600,180,1,CALA Section 3G compensation award disputed in District Court; physical possession stalled for 25.2 Ha.
618071,Construction of two lane with paved shoulder Gangtok Bypass Road from Ranipool to Burtuk Ch 0.00 Km to 23.316 L23.316 Km in the State of Sikkim,Sikkim,Roads & Highways,S.O. 2317(E)/2023,NH_SEC_3D,Competent Authority Land Acquisition (CALA) / SDM Gangtok Revenue Division,LOOPBACK,57.0,41.04,72.0,600,180,1,CALA Section 3G compensation award disputed in District Court; physical possession stalled for 16.0 Ha.
618426,Construction/Up gradation of Existing road to 2 Lane with Paved Shoulder including Geometric Improvement from Ranipool to Pakyong Balance work from Km 2.000 to 16.167 of NH-717-A on EPC basis under SARDP-NE Phase A in the State of Sikkim,Sikkim,Roads & Highways,S.O. 1711(E)/2019,NH_SEC_3D,Competent Authority Land Acquisition (CALA) / SDM Sikkim Central Revenue Division,LOOPBACK,61.0,40.26,66.0,600,180,1,CALA Section 3G compensation award disputed in District Court; physical possession stalled for 20.7 Ha.
618428,Realignment of NH-717A from Design Ch.0.00 Km 77.800 of NH-10 to Design Ch.2.00 Km 3.100 of NH-717A with two lane paved shoulder including Major Bridge of 680 m in the State of Sikkim on EPC Mode-COS work,Sikkim,Roads & Highways,S.O. 4660(E)/2020,NH_SEC_3D,Competent Authority Land Acquisition (CALA) / SDM Sikkim Central Revenue Division,LOOPBACK,40.0,18.0,45.0,600,180,1,CALA Section 3G compensation award disputed in District Court; physical possession stalled for 22.0 Ha.
618450,Rehabilitation & Upgradation of existing road to 2-lane with paved shoulder including geometric improvement of section from start of Rabangla km33.600 to km58.840 under SARDP-NE Phase A  Pkg- IV,Sikkim,Roads & Highways,S.O. 1799(E)/2020,NH_SEC_3D,Competent Authority Land Acquisition (CALA) / SDM Sikkim Central Revenue Division,LOOPBACK,54.0,34.56,64.0,600,180,1,CALA Section 3G compensation award disputed in District Court; physical possession stalled for 19.4 Ha.
619156,4 Laning of Paramakudi to Ramanathapuram Section of NH-87 Old NH-49,Tamil Nadu,Roads & Highways,S.O. 4929(E)/2018,NH_SEC_3D,Competent Authority Land Acquisition (CALA) / SDM Ramanathapuram Revenue Division,APPROVED,64.0,64.0,100.0,77,180,0,100% land possession handed over to executing agency under Section 3D/19 mutation certificate.
618481,4L Bangalore-Chennai Expressway from Km. 230.000 to Km. 261.705 of Kanchepuram to Sriperumbudur Section Phase-III/Package-IV,Tamil Nadu,Roads & Highways,S.O. 2419(E)/2018,NH_SEC_3D,Competent Authority Land Acquisition (CALA) / SDM Sriperumbudur Revenue Division,LOOPBACK,54.0,29.16,54.0,600,180,1,CALA Section 3G compensation award disputed in District Court; physical possession stalled for 24.8 Ha.
618608,4L of left-over works including additional structures from Kerala/Tamil Nadu border to Kanyakumari Section from Km 43.0 to Km 96.174 of NH66,Tamil Nadu,Roads & Highways,S.O. 2316(E)/2020,NH_SEC_3D,Competent Authority Land Acquisition (CALA) / SDM Kanyakumari Revenue Division,QUERY_RAISED,66.0,56.76,86.0,142,180,1,Section 3H disbursement in progress; joint revenue measurement (JGM) completed for 86.0% alignment.
618894,4L of Madathukulam - Pollachi from km. 74.38 to km. 116.95 of old NH-209 New NH-83,Tamil Nadu,Roads & Highways,S.O. 2632(E)/2023,NH_SEC_3D,Competent Authority Land Acquisition (CALA) / SDM Tamil Central Revenue Division,LOOPBACK,52.0,29.64,57.0,600,180,1,CALA Section 3G compensation award disputed in District Court; physical possession stalled for 22.4 Ha.
618563,4L of Madurai Ring Road Phase 1 [Vadipatti-Thamrapatti] from km 0.00 - km 29.960,Tamil Nadu,Roads & Highways,S.O. 1021(E)/2019,NH_SEC_3D,Competent Authority Land Acquisition (CALA) / SDM Tamil Central Revenue Division,LOOPBACK,71.0,46.86,66.0,600,180,1,CALA Section 3G compensation award disputed in District Court; physical possession stalled for 24.1 Ha.
619113,4L of Padalur - Trichy section from km. 285.00 to km. 325.00 of NH - 45 Pkg VI-C,Tamil Nadu,Roads & Highways,S.O. 1493(E)/2021,NH_SEC_3D,Competent Authority Land Acquisition (CALA) / SDM Tamil Central Revenue Division,LOOPBACK,58.0,33.64,58.0,600,180,1,CALA Section 3G compensation award disputed in District Court; physical possession stalled for 24.4 Ha.
618897,4L of Sethiyathope -Cholapuram section from Km. 65.960 to Km. 116.440 section of NH45 C Pkg-II,Tamil Nadu,Roads & Highways,S.O. 3082(E)/2018,NH_SEC_3D,Competent Authority Land Acquisition (CALA) / SDM Tamil Central Revenue Division,LOOPBACK,67.0,38.19,57.0,600,180,1,CALA Section 3G compensation award disputed in District Court; physical possession stalled for 28.8 Ha.
618744,4L of Thirumangalam to Vadugapatti section from km 0.000 to km 36.000 of NH-744,Tamil Nadu,Roads & Highways,S.O. 2413(E)/2018,NH_SEC_3D,Competent Authority Land Acquisition (CALA) / SDM Tamil Central Revenue Division,QUERY_RAISED,53.0,43.99,83.0,220,180,1,Section 3H disbursement in progress; joint revenue measurement (JGM) completed for 83.0% alignment.
618745,4L of Vadugapatti to Therkuvenganallur Rajapalyam section from km 36.000 to km 71.600 of NH-744,Tamil Nadu,Roads & Highways,S.O. 1683(E)/2019,NH_SEC_3D,Competent Authority Land Acquisition (CALA) / SDM Tamil Central Revenue Division,QUERY_RAISED,63.0,45.99,73.0,195,180,1,Section 3H disbursement in progress; joint revenue measurement (JGM) completed for 73.0% alignment.
619074,6-laning of Krishnagiri Km.0.000 to Walajahpet Km.148.300 section on NH-46 under NHDP-V,Tamil Nadu,Roads & Highways,S.O. 3192(E)/2018,NH_SEC_3D,Competent Authority Land Acquisition (CALA) / SDM Tamil Central Revenue Division,LOOPBACK,72.0,33.84,47.0,600,180,1,CALA Section 3G compensation award disputed in District Court; physical possession stalled for 38.2 Ha.
618635,6L of Pondavakkam to Kannigaipair from km 96.040 to km 116.100 of NH 716B Pkg-IV,Tamil Nadu,Roads & Highways,S.O. 1608(E)/2020,NH_SEC_3D,Competent Authority Land Acquisition (CALA) / SDM Tamil Central Revenue Division,QUERY_RAISED,68.0,53.04,78.0,150,180,1,Section 3H disbursement in progress; joint revenue measurement (JGM) completed for 78.0% alignment.
619161,Access Controlled Highway of 4 Lane with Paved Shoulders from Tiruvallur Design Chainage Km 1756 to TN/AP Broder Design Chainage Km 6151 of NH-716 Chennai-Tirupati Package-1,Tamil Nadu,Roads & Highways,S.O. 1007(E)/2020,NH_SEC_3D,Competent Authority Land Acquisition (CALA) / SDM Tamil Central Revenue Division,APPROVED,62.0,62.0,100.0,106,180,0,100% land possession handed over to executing agency under Section 3D/19 mutation certificate.
618898,Balance Works for Four laning of Vikravandi to Sethiyathope section from Km 0.0 to Km 65.96 of NH-45C in Tamil Nadu under NHDP Phase-IV on EPC mode,Tamil Nadu,Roads & Highways,S.O. 4900(E)/2018,NH_SEC_3D,Competent Authority Land Acquisition (CALA) / SDM Tamil Central Revenue Division,APPROVED,50.0,50.0,100.0,59,180,0,100% land possession handed over to executing agency under Section 3D/19 mutation certificate.
618522,Balance Works for six laning of Sriperumbudur to karaipettai section of NH-4 New NH-48 from 37000 Existing Km 37000 to Km 71015 Existing Km 71000 in Tamilnadu on EPC mode underNHDP Phase-V,Tamil Nadu,Roads & Highways,S.O. 3167(E)/2019,NH_SEC_3D,Competent Authority Land Acquisition (CALA) / SDM Tamil Central Revenue Division,APPROVED,62.0,62.0,100.0,53,180,0,100% land possession handed over to executing agency under Section 3D/19 mutation certificate.
619222,"Balance works of four lane from km 43.950 Thiruvallur Bypass to km 61.470 Veppampattu Bypass passing through Thannerkulam, Thozur and Sevapet Bypass 17.520 kms of Tirupathi- Tiruttani- Chennai section of NH 205",Tamil Nadu,Roads & Highways,S.O. 3677(E)/2020,NH_SEC_3D,Competent Authority Land Acquisition (CALA) / SDM Thiruvallur Revenue Division,QUERY_RAISED,67.0,58.29,87.0,220,180,1,Section 3H disbursement in progress; joint revenue measurement (JGM) completed for 87.0% alignment.
618478,Bangalore Chennai Expressway Phase-III  Package II Walajahpet to Arakkonam from Km 180.000 to Km 204.500,Tamil Nadu,Roads & Highways,S.O. 4619(E)/2021,NH_SEC_3D,Competent Authority Land Acquisition (CALA) / SDM Tamil Central Revenue Division,QUERY_RAISED,69.0,61.41,89.0,220,180,1,Section 3H disbursement in progress; joint revenue measurement (JGM) completed for 89.0% alignment.
618479,Bangalore Chennai Expressway Phase-III  Package III Arakkonam to Kancheepuram from Km 204.500 to Km 230.000,Tamil Nadu,Roads & Highways,S.O. 3771(E)/2021,NH_SEC_3D,Competent Authority Land Acquisition (CALA) / SDM Tamil Central Revenue Division,LOOPBACK,66.0,36.96,56.0,600,180,1,CALA Section 3G compensation award disputed in District Court; physical possession stalled for 29.0 Ha.
619086,Chengapalli km 102.035 to Neelambur Km144.680 and Madukkarai Km 170.880 to Walayar K183.010 Package No. NS-2/BOT/TN-08,Tamil Nadu,Roads & Highways,S.O. 4782(E)/2019,NH_SEC_3D,Competent Authority Land Acquisition (CALA) / SDM Tamil Central Revenue Division,LOOPBACK,47.0,22.09,47.0,600,180,1,CALA Section 3G compensation award disputed in District Court; physical possession stalled for 24.9 Ha.
617962,"Construction of Bypass to Madurai  Achambathu  Viratipathu in between km 6/850  10/382 of NH 49 Extn New NH 85 including Land Acquisition on Engineering, Procurement & Construction EPC basis Contract under NH O Annual Plan 2021-22 in the state of Tamil Nadu job No.NH-49 Extn New NH 85 - TN-2021-22-997",Tamil Nadu,Roads & Highways,S.O. 3391(E)/2022,NH_SEC_3D,Competent Authority Land Acquisition (CALA) / SDM Tamil Central Revenue Division,APPROVED,46.0,46.0,100.0,96,180,0,100% land possession handed over to executing agency under Section 3D/19 mutation certificate.
618801,Construction of New Double Tier 4-lane Elevated Corridor from Chennai Port to Maduravoyal in Chennai District from Km -0342 to Km 20223 Package 1 from Km -0342 to Km 4604,Tamil Nadu,Roads & Highways,S.O. 1915(E)/2021,NH_SEC_3D,Competent Authority Land Acquisition (CALA) / SDM Chennai Revenue Division,QUERY_RAISED,50.0,42.5,85.0,220,180,1,Section 3H disbursement in progress; joint revenue measurement (JGM) completed for 85.0% alignment.
618800,Construction of New Double Tier 4L Elevated Corridor from Chennai Port to Maduravoyal in Chennai District from km -0.342 to Km 20.593 and Package II from Km 4.604 to Km 9.700,Tamil Nadu,Roads & Highways,S.O. 4139(E)/2019,NH_SEC_3D,Competent Authority Land Acquisition (CALA) / SDM Chennai Revenue Division,LOOPBACK,49.0,31.36,64.0,600,180,1,CALA Section 3G compensation award disputed in District Court; physical possession stalled for 17.6 Ha.
619139,Construction of New Double Tier 4L Elevated Corridor from Chennai Port to Maduravoyal in Chennai District from km -0.342 to Km 20.593 and Package III from Km 9.700 to Km 14.185,Tamil Nadu,Roads & Highways,S.O. 3777(E)/2022,NH_SEC_3D,Competent Authority Land Acquisition (CALA) / SDM Chennai Revenue Division,LOOPBACK,52.0,32.24,62.0,600,180,1,CALA Section 3G compensation award disputed in District Court; physical possession stalled for 19.8 Ha.
619045,Construction of New Double Tier 4L Elevated Corridor from Chennai Port to Maduravoyal in Chennai District from km -0.342 to Km 20.593 and Package IV from Km 14.185 to Km 20.593,Tamil Nadu,Roads & Highways,S.O. 3024(E)/2021,NH_SEC_3D,Competent Authority Land Acquisition (CALA) / SDM Chennai Revenue Division,QUERY_RAISED,64.0,47.36,74.0,220,180,1,Section 3H disbursement in progress; joint revenue measurement (JGM) completed for 74.0% alignment.
618480,Construction of Trumpet Interchange Connecting Bangalore  Chennai Expressway km.261705 to km. 262800 with Maduravoyal to Walajapet Section of NH 48 near Sriperumbudur Toll Plaza at km. 35700,Tamil Nadu,Roads & Highways,S.O. 5101(E)/2021,NH_SEC_3D,Competent Authority Land Acquisition (CALA) / SDM Walajapet Revenue Division,QUERY_RAISED,51.0,36.21,71.0,220,180,1,Section 3H disbursement in progress; joint revenue measurement (JGM) completed for 71.0% alignment.
618562,Dindigul Bypass - Samyanallore from km. 373.275 to km. 426.00,Tamil Nadu,Roads & Highways,S.O. 2851(E)/2023,NH_SEC_3D,Competent Authority Land Acquisition (CALA) / SDM Dindigul Revenue Division,APPROVED,46.0,46.0,100.0,107,180,0,100% land possession handed over to executing agency under Section 3D/19 mutation certificate.
619131,Four Laning of Chettikulam to Natham section of NH-785,Tamil Nadu,Roads & Highways,S.O. 2375(E)/2019,NH_SEC_3D,Competent Authority Land Acquisition (CALA) / SDM Tamil Central Revenue Division,LOOPBACK,45.0,31.5,70.0,600,180,1,CALA Section 3G compensation award disputed in District Court; physical possession stalled for 13.5 Ha.
618874,Four Laning of Trichy - Dindigul from km. 333.00 to km. 421.273 of NH-45,Tamil Nadu,Roads & Highways,S.O. 3941(E)/2018,NH_SEC_3D,Competent Authority Land Acquisition (CALA) / SDM Tamil Central Revenue Division,LOOPBACK,41.0,18.86,46.0,600,180,1,CALA Section 3G compensation award disputed in District Court; physical possession stalled for 22.1 Ha.
618561,Improving the Alignment of Thoppur Ghat Section from Km 158.500 to Km 165.100 in Dharmapuri - Salem Section of NH-44,Tamil Nadu,Roads & Highways,S.O. 2794(E)/2019,NH_SEC_3D,Competent Authority Land Acquisition (CALA) / SDM Ghat Revenue Division,APPROVED,49.0,49.0,100.0,54,180,0,100% land possession handed over to executing agency under Section 3D/19 mutation certificate.
618899,Kallagam km.38.700 to Meensurutti Km.98.433 of NH-227 in Tamil Nadu,Tamil Nadu,Roads & Highways,S.O. 4592(E)/2019,NH_SEC_3D,Competent Authority Land Acquisition (CALA) / SDM Tamil Central Revenue Division,LOOPBACK,62.0,41.54,67.0,600,180,1,CALA Section 3G compensation award disputed in District Court; physical possession stalled for 20.5 Ha.
618895,Kamalapuram to Oddanchatram from km. 0.00 to km. 35.822,Tamil Nadu,Roads & Highways,S.O. 5302(E)/2020,NH_SEC_3D,Competent Authority Land Acquisition (CALA) / SDM Tamil Central Revenue Division,LOOPBACK,47.0,26.79,57.0,600,180,1,CALA Section 3G compensation award disputed in District Court; physical possession stalled for 20.2 Ha.
618521,Karaipettai to Walajapet from Km 71.015 to 107.091,Tamil Nadu,Roads & Highways,S.O. 3646(E)/2023,NH_SEC_3D,Competent Authority Land Acquisition (CALA) / SDM Tamil Central Revenue Division,LOOPBACK,56.0,28.56,51.0,600,180,1,CALA Section 3G compensation award disputed in District Court; physical possession stalled for 27.4 Ha.
619129,Mahabalipuram - Pondicherry Pkg-I [Mamallapuram to Mugaiyur],Tamil Nadu,Roads & Highways,S.O. 3898(E)/2018,NH_SEC_3D,Competent Authority Land Acquisition (CALA) / SDM Tamil Central Revenue Division,LOOPBACK,68.0,42.84,63.0,600,180,1,CALA Section 3G compensation award disputed in District Court; physical possession stalled for 25.2 Ha.
619130,Mahabalipuram - Pondicherry Pkg-II [Mugaiyur to Marakkanam],Tamil Nadu,Roads & Highways,S.O. 5455(E)/2018,NH_SEC_3D,Competent Authority Land Acquisition (CALA) / SDM Tamil Central Revenue Division,QUERY_RAISED,45.0,38.25,85.0,220,180,1,Section 3H disbursement in progress; joint revenue measurement (JGM) completed for 85.0% alignment.
618756,Melur - Pilayarpatti - Karaikudi from km 99.920 of NH 38 to km 12.9 of NH 383 Ext.,Tamil Nadu,Roads & Highways,S.O. 2095(E)/2020,NH_SEC_3D,Competent Authority Land Acquisition (CALA) / SDM Tamil Central Revenue Division,LOOPBACK,55.0,33.0,60.0,600,180,1,CALA Section 3G compensation award disputed in District Court; physical possession stalled for 22.0 Ha.
618846,Poondiyankuppam Km.67.000 to Sattanathapuram Km.123.800,Tamil Nadu,Roads & Highways,S.O. 2542(E)/2021,NH_SEC_3D,Competent Authority Land Acquisition (CALA) / SDM Tamil Central Revenue Division,LOOPBACK,67.0,38.19,57.0,600,180,1,CALA Section 3G compensation award disputed in District Court; physical possession stalled for 28.8 Ha.
618943,Salem - Ulundurpet section from km 0.313 to km 136.670 of NH-68,Tamil Nadu,Roads & Highways,S.O. 5375(E)/2022,NH_SEC_3D,Competent Authority Land Acquisition (CALA) / SDM Tamil Central Revenue Division,LOOPBACK,45.0,31.5,70.0,600,180,1,CALA Section 3G compensation award disputed in District Court; physical possession stalled for 13.5 Ha.
619084,Start of Karur Bypass - Dindigul from km. 292.600 to km. 305.600 Contract Package No. NS2/BOT/TN-4,Tamil Nadu,Roads & Highways,S.O. 2588(E)/2018,NH_SEC_3D,Competent Authority Land Acquisition (CALA) / SDM Karur Revenue Division,LOOPBACK,53.0,38.69,73.0,600,180,1,CALA Section 3G compensation award disputed in District Court; physical possession stalled for 14.3 Ha.
619094,Thorapalli - Agraharam - Jittandahalli Section from km 23.350 to km 60.100 [Hosur to Dhamrapuri Pkg-2],Tamil Nadu,Roads & Highways,S.O. 4358(E)/2019,NH_SEC_3D,Competent Authority Land Acquisition (CALA) / SDM Jittandahalli Revenue Division,QUERY_RAISED,73.0,64.24,88.0,220,180,1,Section 3H disbursement in progress; joint revenue measurement (JGM) completed for 88.0% alignment.
619083,Thumbipadi-Namakkal from km. 180.00 to km. 248.625 Package No. NS-2/BOT/TN-02,Tamil Nadu,Roads & Highways,S.O. 1365(E)/2021,NH_SEC_3D,Competent Authority Land Acquisition (CALA) / SDM Tamil Central Revenue Division,LOOPBACK,65.0,32.5,50.0,600,180,1,CALA Section 3G compensation award disputed in District Court; physical possession stalled for 32.5 Ha.
618743,Trichy 135.800 to Karur 218.000 section of NH-67 - Trichy Bypass,Tamil Nadu,Roads & Highways,S.O. 4355(E)/2020,NH_SEC_3D,Competent Authority Land Acquisition (CALA) / SDM Trichy Revenue Division,APPROVED,70.0,70.0,100.0,51,180,0,100% land possession handed over to executing agency under Section 3D/19 mutation certificate.
618773,Tuticorin - Tirunelveli from km. 0.00 to km. 47.250,Tamil Nadu,Roads & Highways,S.O. 5442(E)/2020,NH_SEC_3D,Competent Authority Land Acquisition (CALA) / SDM Tamil Central Revenue Division,APPROVED,72.0,72.0,100.0,64,180,0,100% land possession handed over to executing agency under Section 3D/19 mutation certificate.
618811,4L Access Controlled  Greenfield Highway Section Mancherial  Warangal from Pangidipalle village at Design Ch. 72.350 Km to Oorugonda village at Design Ch. 112.240 KmPackage-III,Telangana,Roads & Highways,S.O. 1869(E)/2019,NH_SEC_3D,Competent Authority Land Acquisition (CALA) / SDM Highway Revenue Division,APPROVED,64.0,64.0,100.0,64,180,0,100% land possession handed over to executing agency under Section 3D/19 mutation certificate.
618817,4L Access Controlled Greenfield Highway section on NH-163G Khammam Vijayawada from V. Venkatayapalem village at Design Ch. 220.480 Km to BrahmanapalliK village at Design Ch. 250.400 Km Package-I.,Telangana,Roads & Highways,S.O. 3525(E)/2022,NH_SEC_3D,Competent Authority Land Acquisition (CALA) / SDM Telangana Central Revenue Division,APPROVED,55.0,55.0,100.0,83,180,0,100% land possession handed over to executing agency under Section 3D/19 mutation certificate.
618816,4L Access Controlled Greenfield Highway section on NH-163G Warangal-Khammam from Thallasenkesa village at Design Ch. 189.650 km to V.Vekatayapalem village in Khammam District at Design Ch. 220.480 KmPackage-III,Telangana,Roads & Highways,S.O. 4912(E)/2021,NH_SEC_3D,Competent Authority Land Acquisition (CALA) / SDM Khammam Revenue Division,APPROVED,67.0,67.0,100.0,55,180,0,100% land possession handed over to executing agency under Section 3D/19 mutation certificate.
618815,4L Access Controlled Greenfield Highway section on NH-163G Warangal-Khammam from Venkatpur village in Warangal District at Design Ch. 150.240 Km to Thallasenkesa village in Mahabubabed District at Design Ch. 189.650 kmPackage-II,Telangana,Roads & Highways,S.O. 4973(E)/2023,NH_SEC_3D,Competent Authority Land Acquisition (CALA) / SDM Warangal Revenue Division,APPROVED,63.0,63.0,100.0,76,180,0,100% land possession handed over to executing agency under Section 3D/19 mutation certificate.
618814,4L Access Controlled Greenfield Highway section on NH163G Warangal-Khammam from Oorugonda village in Hanamkonda District at Design Ch. 112.240 Km to Venkatpur village in Warangal District at Design Ch. 150.240 KmPackage-I,Telangana,Roads & Highways,S.O. 5108(E)/2022,NH_SEC_3D,Competent Authority Land Acquisition (CALA) / SDM Hanamkonda Revenue Division,QUERY_RAISED,68.0,53.04,78.0,185,180,1,Section 3H disbursement in progress; joint revenue measurement (JGM) completed for 78.0% alignment.
618813,4L Access Controlled Greenfield Section Mancherial  Warangal from Narva village at Design Ch. 3.834 Km to Puttapaka village at Design Ch. 35.300 Km Package-I,Telangana,Roads & Highways,S.O. 5349(E)/2022,NH_SEC_3D,Competent Authority Land Acquisition (CALA) / SDM Greenfield Revenue Division,APPROVED,44.0,44.0,100.0,60,180,0,100% land possession handed over to executing agency under Section 3D/19 mutation certificate.
618812,4L Access Controlled Greenfield Section Mancherial  Warangal from Puttapaka village at Design Ch. 35.300 Km to Pangidipalle village at Design Ch. 72.350 KmPackage-II,Telangana,Roads & Highways,S.O. 3440(E)/2020,NH_SEC_3D,Competent Authority Land Acquisition (CALA) / SDM Greenfield Revenue Division,APPROVED,45.0,45.0,100.0,98,180,0,100% land possession handed over to executing agency under Section 3D/19 mutation certificate.
618765,4L of Karimnagar-Warangal section from km 49.500 to km 117.820 of NH-563,Telangana,Roads & Highways,S.O. 4681(E)/2019,NH_SEC_3D,Competent Authority Land Acquisition (CALA) / SDM Telangana Central Revenue Division,QUERY_RAISED,71.0,50.41,71.0,216,180,1,Section 3H disbursement in progress; joint revenue measurement (JGM) completed for 71.0% alignment.
618945,4L of Kodad Design Km 0.00/Existing Km 185.00 of NH-65 to Khammam Design Km 31.800/Existing Km 29.400 of NH-365A,Telangana,Roads & Highways,S.O. 1570(E)/2019,NH_SEC_3D,Competent Authority Land Acquisition (CALA) / SDM Telangana Central Revenue Division,QUERY_RAISED,70.0,56.0,80.0,220,180,1,Section 3H disbursement in progress; joint revenue measurement (JGM) completed for 80.0% alignment.
617913,6-laning of km 9.900 to km 19/948 Aramgarh to Shamshabad Section of Hyderabad-Bangalore section of NH-44 Under NHO EPC basis in the state of Telangana,Telangana,Roads & Highways,S.O. 2599(E)/2018,NH_SEC_3D,Competent Authority Land Acquisition (CALA) / SDM Shamshabad Revenue Division,QUERY_RAISED,49.0,43.61,89.0,220,180,1,Section 3H disbursement in progress; joint revenue measurement (JGM) completed for 89.0% alignment.
617939,6-Laning of Pune-Hyderabad Section of NH-65 from Km 493/0 to Km 524/0 from Sangareddy X Roads to Madinaguda in the State of Telangana,Telangana,Roads & Highways,S.O. 3824(E)/2020,NH_SEC_3D,Competent Authority Land Acquisition (CALA) / SDM Hyderabad Revenue Division,APPROVED,74.0,74.0,100.0,73,180,0,100% land possession handed over to executing agency under Section 3D/19 mutation certificate.
618559,6L of existing 4L from Gundlapochampally  to Bowenpally from km 471.300 to  km 481.331 of NH-44,Telangana,Roads & Highways,S.O. 5371(E)/2018,NH_SEC_3D,Competent Authority Land Acquisition (CALA) / SDM Telangana Central Revenue Division,QUERY_RAISED,66.0,53.46,81.0,220,180,1,Section 3H disbursement in progress; joint revenue measurement (JGM) completed for 81.0% alignment.
619253,Construction of 4 lane Bypass to Nalgonda Town lrorn Km 000 Existing Ch. 181590 to Km 14.00 Existing Ch. 28/685 ol Nakrekal to Nagarjunsagar Section of NH -565 in the State of Telangara on EPC under Annual Plan 2024 -25,Telangana,Roads & Highways,S.O. 4193(E)/2020,NH_SEC_3D,Competent Authority Land Acquisition (CALA) / SDM Nagarjunsagar Revenue Division,APPROVED,53.0,53.0,100.0,93,180,0,100% land possession handed over to executing agency under Section 3D/19 mutation certificate.
618001,"Construction of 4-lane flyover at Amberpet-X road, Hyderabad on NH-202 in the State of Telangana",Telangana,Roads & Highways,S.O. 4754(E)/2021,NH_SEC_3D,Competent Authority Land Acquisition (CALA) / SDM Telangana Central Revenue Division,QUERY_RAISED,69.0,57.96,84.0,148,180,1,Section 3H disbursement in progress; joint revenue measurement (JGM) completed for 84.0% alignment.
617980,Construction of six lane elevated corridor from km 7.950  Uppal to km 14.200 of NH-163 to De-Congest the urban limits of Hyderabad-Bhoopalapatnam section on EPC mode in the state of Telangana,Telangana,Roads & Highways,S.O. 1634(E)/2019,NH_SEC_3D,Competent Authority Land Acquisition (CALA) / SDM Telangana Central Revenue Division,LOOPBACK,54.0,26.46,49.0,600,180,1,CALA Section 3G compensation award disputed in District Court; physical possession stalled for 27.5 Ha.
618944,Hyderabad - Maneguda,Telangana,Roads & Highways,S.O. 5234(E)/2019,NH_SEC_3D,Competent Authority Land Acquisition (CALA) / SDM Telangana Central Revenue Division,APPROVED,59.0,59.0,100.0,102,180,0,100% land possession handed over to executing agency under Section 3D/19 mutation certificate.
618558,Improvement of Geometrics of Kalkallu to Gundla Pochanpalli from Km 454.00  to Km 471.00 of NH-44,Telangana,Roads & Highways,S.O. 3138(E)/2023,NH_SEC_3D,Competent Authority Land Acquisition (CALA) / SDM Telangana Central Revenue Division,LOOPBACK,68.0,36.04,53.0,576,180,1,CALA Section 3G compensation award disputed in District Court; physical possession stalled for 32.0 Ha.
618560,Improvement of Geometrics of Thondupally to Kothur from Km 22.300 to Km 34.14 of NH-44,Telangana,Roads & Highways,S.O. 4256(E)/2022,NH_SEC_3D,Competent Authority Land Acquisition (CALA) / SDM Telangana Central Revenue Division,LOOPBACK,71.0,43.31,61.0,536,180,1,CALA Section 3G compensation award disputed in District Court; physical possession stalled for 27.7 Ha.
618746,Khammam-Devarapalle Pkg I [4L  Access Controlled Greenfield from Thallampadu village to Somavaram village Design Chainage 0000 to 33604],Telangana,Roads & Highways,S.O. 2371(E)/2021,NH_SEC_3D,Competent Authority Land Acquisition (CALA) / SDM Telangana Central Revenue Division,QUERY_RAISED,41.0,33.21,81.0,220,180,1,Section 3H disbursement in progress; joint revenue measurement (JGM) completed for 81.0% alignment.
619128,Khammam-Devarapalle Pkg II [4L Access Controlled Greenfield from Somavaram village to Chintagudem village Design Chainage 33604 to 63117],Telangana,Roads & Highways,S.O. 2613(E)/2019,NH_SEC_3D,Competent Authority Land Acquisition (CALA) / SDM Telangana Central Revenue Division,QUERY_RAISED,68.0,56.44,83.0,220,180,1,Section 3H disbursement in progress; joint revenue measurement (JGM) completed for 83.0% alignment.
618025,Rehabiitation and upgradation from km 121/000 to 154/000 Nakrekal to Mallampally section of NH-365 to 2 lane with paved shoulders in the state of Telangana in the EPC mode,Telangana,Roads & Highways,S.O. 1754(E)/2022,NH_SEC_3D,Competent Authority Land Acquisition (CALA) / SDM Telangana Central Revenue Division,LOOPBACK,54.0,26.46,49.0,600,180,1,CALA Section 3G compensation award disputed in District Court; physical possession stalled for 27.5 Ha.
617992,Rehabilitation & upgradation of NH - 167 from design km 187.723 to 234.434  Miryalaguda to Kodad section  to two lane with paved shoulder on EPC mode in the state of Telangana,Telangana,Roads & Highways,S.O. 4547(E)/2019,NH_SEC_3D,Competent Authority Land Acquisition (CALA) / SDM Telangana Central Revenue Division,LOOPBACK,62.0,32.24,52.0,600,180,1,CALA Section 3G compensation award disputed in District Court; physical possession stalled for 29.8 Ha.
618186,"Rehabilitation and Up-gradation of Valigonda to Thorrur Section to Two Lane with Paved Shoulders from Km 39.180 to Km 108.300 of NH-930P in the State of Telangana on Engineering, Procurement and Construction EPC Basis",Telangana,Roads & Highways,S.O. 4081(E)/2020,NH_SEC_3D,Competent Authority Land Acquisition (CALA) / SDM Thorrur Revenue Division,APPROVED,61.0,61.0,100.0,101,180,0,100% land possession handed over to executing agency under Section 3D/19 mutation certificate.
617940,"Rehabilitation and Upgradation of LB-Nagar to Malkapur section to 6-Lane main carriageway with service roads, drains cum footpath, including VUPs and widening of Minor bridge & road safety provisions from Km. 15/00 to Km 40/00 of NH-65 Old NH-9 under NH O for the year 2020-21 in the state of Telangana on EPC Mode.",Telangana,Roads & Highways,S.O. 2840(E)/2021,NH_SEC_3D,Competent Authority Land Acquisition (CALA) / SDM Telangana Central Revenue Division,QUERY_RAISED,45.0,31.5,70.0,216,180,1,Section 3H disbursement in progress; joint revenue measurement (JGM) completed for 70.0% alignment.
617994,Rehabilitation and upgradation of NH-167 from design km 113.900 to 154.479 Mallepally Haliya section  to two lane with paved shoulders on EPC mode in the stte of Telangana,Telangana,Roads & Highways,S.O. 4979(E)/2019,NH_SEC_3D,Competent Authority Land Acquisition (CALA) / SDM Telangana Central Revenue Division,LOOPBACK,54.0,34.56,64.0,600,180,1,CALA Section 3G compensation award disputed in District Court; physical possession stalled for 19.4 Ha.
617993,Rehabilitation and upgradation of NH-167 from design km 157.707 to 187.723 design length 30.016 km to two lane with paved shoulders of Alinagar-Miryalaguda Sec on EPC mode in the state of Telangana,Telangana,Roads & Highways,S.O. 3882(E)/2022,NH_SEC_3D,Competent Authority Land Acquisition (CALA) / SDM Telangana Central Revenue Division,LOOPBACK,47.0,22.09,47.0,600,180,1,CALA Section 3G compensation award disputed in District Court; physical possession stalled for 24.9 Ha.
619193,Rehabilitation and upgradation of NH-221 from km 121/0 to 165/0 Rudrampur to Bhadrachalam section to two lane with paved shoulder under NHDPIV in the state of Telangana through EPC mode,Telangana,Roads & Highways,S.O. 4941(E)/2019,NH_SEC_3D,Competent Authority Land Acquisition (CALA) / SDM Telangana Central Revenue Division,LOOPBACK,51.0,28.56,56.0,600,180,1,CALA Section 3G compensation award disputed in District Court; physical possession stalled for 22.4 Ha.
618026,Rehabilitation and upgradation to two lane with paved shoulders from Km 0/000 to 72/6 of NH-365 Nakrekal to Tanamcherla section under NHDP IV in the state of Telangana under EPC mode,Telangana,Roads & Highways,S.O. 1048(E)/2019,NH_SEC_3D,Competent Authority Land Acquisition (CALA) / SDM Telangana Central Revenue Division,LOOPBACK,63.0,39.69,63.0,600,180,1,CALA Section 3G compensation award disputed in District Court; physical possession stalled for 23.3 Ha.
619165,Thanamcherla-Jamandlapally 2LPS,Telangana,Roads & Highways,S.O. 4504(E)/2023,NH_SEC_3D,Competent Authority Land Acquisition (CALA) / SDM Telangana Central Revenue Division,LOOPBACK,74.0,51.06,69.0,600,180,1,CALA Section 3G compensation award disputed in District Court; physical possession stalled for 22.9 Ha.
619009,Upgradation to Two Lane with Paved Shoulders from Km 0.000 to Km 41.920 Green Field Alignment of Gowrelly to Valigonda Section of NH-930P in the State of Telangana on EPC Mode under Annual Plan 2022-23,Telangana,Roads & Highways,S.O. 3261(E)/2022,NH_SEC_3D,Competent Authority Land Acquisition (CALA) / SDM Valigonda Revenue Division,APPROVED,71.0,71.0,100.0,83,180,0,100% land possession handed over to executing agency under Section 3D/19 mutation certificate.
617983,Widening & Strengthening of Existing 2LPS to 4 lane  PS from Km 150000 to Km 159000 and Km 165400 to Km 186000 of NH-163 old NH-202 under NH O for the year 2020-21 on EPC Mode in the state of Telangana.,Telangana,Roads & Highways,S.O. 3789(E)/2023,NH_SEC_3D,Competent Authority Land Acquisition (CALA) / SDM Telangana Central Revenue Division,QUERY_RAISED,54.0,42.66,79.0,139,180,1,Section 3H disbursement in progress; joint revenue measurement (JGM) completed for 79.0% alignment.
618132,Widening & strengthening of existing carriageway in 2 lane with paved shoulders from km 25/0 to 59/2 design Ch km 25.467 to 59.200 of NH - 353C on EPC mode in the state of Telangana,Telangana,Roads & Highways,S.O. 5348(E)/2021,NH_SEC_3D,Competent Authority Land Acquisition (CALA) / SDM Telangana Central Revenue Division,APPROVED,73.0,73.0,100.0,99,180,0,100% land possession handed over to executing agency under Section 3D/19 mutation certificate.
618141,Widening and Improvement of existing carriage way to 2 lane with paved shoulders from Km. 86/160 to 131/730 of Jangaon-Duddeda section of NH-365B in the State of Telangana on EPC Mode,Telangana,Roads & Highways,S.O. 3251(E)/2021,NH_SEC_3D,Competent Authority Land Acquisition (CALA) / SDM Telangana Central Revenue Division,APPROVED,46.0,46.0,100.0,84,180,0,100% land possession handed over to executing agency under Section 3D/19 mutation certificate.
617982,Widening and strengthening of existing 2-lane to 2- lane with paved shoulders from km 159/0 to 165/4 and 186/0 to 215/0 of NH-163 on EPC mode int the state of Telangana,Telangana,Roads & Highways,S.O. 4969(E)/2020,NH_SEC_3D,Competent Authority Land Acquisition (CALA) / SDM Telangana Central Revenue Division,QUERY_RAISED,49.0,38.71,79.0,193,180,1,Section 3H disbursement in progress; joint revenue measurement (JGM) completed for 79.0% alignment.
618106,Widening and Strengthening to 2/4 lane with paved shoulders of Mahabubnagar  Chincholi section from Km 0/0 to Km 60/255 of NH-167N in the state of Telangana under Annual plan 2021-22 on EPC modepackage-I under NHO Job No.167N-TS-2021-22-75,Telangana,Roads & Highways,S.O. 2432(E)/2020,NH_SEC_3D,Competent Authority Land Acquisition (CALA) / SDM Telangana Central Revenue Division,QUERY_RAISED,57.0,46.74,82.0,220,180,1,Section 3H disbursement in progress; joint revenue measurement (JGM) completed for 82.0% alignment.
618105,Widening and strengthening to 4 lane / 2-lane with paved shoulders of Mahabubnagar - Chincholi section from km 60/255 to Km 102/834 of NH-167N in the State of Telangana on EPC mode.,Telangana,Roads & Highways,S.O. 5209(E)/2022,NH_SEC_3D,Competent Authority Land Acquisition (CALA) / SDM Telangana Central Revenue Division,QUERY_RAISED,54.0,42.66,79.0,204,180,1,Section 3H disbursement in progress; joint revenue measurement (JGM) completed for 79.0% alignment.
618130,Widening to 2 lane with paved shoulders from 0.00 to 32.970 ofAdilabadto Bela section of NH 353B in the State of Telangana,Telangana,Roads & Highways,S.O. 4045(E)/2021,NH_SEC_3D,Competent Authority Land Acquisition (CALA) / SDM Telangana Central Revenue Division,APPROVED,70.0,70.0,100.0,52,180,0,100% land possession handed over to executing agency under Section 3D/19 mutation certificate.
618183,Widening to 2 lane with paved shoulders from Km 62/920 to km 106/830 of Medak - Yellareddy section in the State of Telangana under Annual Plan 2022-23 on EPC mode under NHO,Telangana,Roads & Highways,S.O. 4428(E)/2023,NH_SEC_3D,Competent Authority Land Acquisition (CALA) / SDM Telangana Central Revenue Division,APPROVED,43.0,43.0,100.0,57,180,0,100% land possession handed over to executing agency under Section 3D/19 mutation certificate.
618196,Widening to 2 lane with Paved Shoulders of  Siddipet-Elkathurthy section  from Km 69/978 to km 133/619 of NH-765DG in the State of Telangana under Annual plan 2021-22 on EPC mode,Telangana,Roads & Highways,S.O. 1752(E)/2022,NH_SEC_3D,Competent Authority Land Acquisition (CALA) / SDM Telangana Central Revenue Division,LOOPBACK,62.0,29.14,47.0,600,180,1,CALA Section 3G compensation award disputed in District Court; physical possession stalled for 32.9 Ha.
618197,Widening to 2 lane with Paved Shoulders of Medak - Siddipet section from Km 0/0 to km 69/978 of NH-765DG in the State of Telangana under Annual plan 2021-22 on EPC mode,Telangana,Roads & Highways,S.O. 5436(E)/2022,NH_SEC_3D,Competent Authority Land Acquisition (CALA) / SDM Telangana Central Revenue Division,APPROVED,51.0,51.0,100.0,71,180,0,100% land possession handed over to executing agency under Section 3D/19 mutation certificate.
617996,Widening to 2/4 Lane with paved shoulders from Km 182.120 to Km 227.600 of NH 167 on Haggari-Jadcherla Road on EPC mode under NHO in the state of Telangana,Telangana,Roads & Highways,S.O. 1825(E)/2020,NH_SEC_3D,Competent Authority Land Acquisition (CALA) / SDM Telangana Central Revenue Division,LOOPBACK,55.0,33.0,60.0,600,180,1,CALA Section 3G compensation award disputed in District Court; physical possession stalled for 22.0 Ha.
618182,Widening to Two lane with paved shoulders from 106/830 to 158/496 of Yellareddy-Rudrur Section of NH-765D in the state of Telangana on EPC mode under NHO under Annual plan 2022-23,Telangana,Roads & Highways,S.O. 1202(E)/2023,NH_SEC_3D,Competent Authority Land Acquisition (CALA) / SDM Rudrur Revenue Division,APPROVED,57.0,57.0,100.0,72,180,0,100% land possession handed over to executing agency under Section 3D/19 mutation certificate.
618091,Widening to two lane with paved shoulders from Km 0/000 to Km 45/946 of Nizampet-Narayankhed-bidar section of NH-161B in the state of Telangana under Annual Plan 2021-22 on EPC mode under NHO,Telangana,Roads & Highways,S.O. 3401(E)/2018,NH_SEC_3D,Competent Authority Land Acquisition (CALA) / SDM Telangana Central Revenue Division,QUERY_RAISED,46.0,32.66,71.0,208,180,1,Section 3H disbursement in progress; joint revenue measurement (JGM) completed for 71.0% alignment.
618104,Widening to two lane with paved shoulders from Km 0/000 to Km 79/300 of Kalwakurthy - Kollapur section of NH-167K in the state of Telangana under annual plan 2021-22 on EPC mode under NHO.,Telangana,Roads & Highways,S.O. 5001(E)/2018,NH_SEC_3D,Competent Authority Land Acquisition (CALA) / SDM Telangana Central Revenue Division,QUERY_RAISED,56.0,39.76,71.0,185,180,1,Section 3H disbursement in progress; joint revenue measurement (JGM) completed for 71.0% alignment.
617995,Widening to Two Lane with Paved Shoulders from Km 67.000 to Km 114.425 of Kalwakurthy- Mallapally Section of NH 167 Erstwhile section of SH 18 in the State of Telangana on EPC mode under NH O Annual Plan 2016-17,Telangana,Roads & Highways,S.O. 2314(E)/2023,NH_SEC_3D,Competent Authority Land Acquisition (CALA) / SDM Mallapally Revenue Division,LOOPBACK,49.0,33.81,69.0,574,180,1,CALA Section 3G compensation award disputed in District Court; physical possession stalled for 15.2 Ha.
618143,widening to two lane with Paved shoulders from Km.0/970 to Km.40/410 of Jangaon - Thirumal giriof NH- 365B in the state of Telanganaon EPC mode under NHO Annual Plan 2016-17,Telangana,Roads & Highways,S.O. 3816(E)/2021,NH_SEC_3D,Competent Authority Land Acquisition (CALA) / SDM Telangana Central Revenue Division,APPROVED,46.0,46.0,100.0,78,180,0,100% land possession handed over to executing agency under Section 3D/19 mutation certificate.
618142,Widening to Two lane with Paved shoulders from km.40/410 to 84/037 of Thirumanlagiri-- Suryapet Section of NH-365B earstwhile section of SH-16,Telangana,Roads & Highways,S.O. 4935(E)/2019,NH_SEC_3D,Competent Authority Land Acquisition (CALA) / SDM Suryapet Revenue Division,APPROVED,45.0,45.0,100.0,55,180,0,100% land possession handed over to executing agency under Section 3D/19 mutation certificate.
618190,Widening to two lane with paved shoulders of 'Bodhan Basar Bhainsa ' section from Km 38/900 to 95/300 of NH-161BB in the state of Telangana under Annual Plan 2021-22 on EPC Mode under NH  O.,Telangana,Roads & Highways,S.O. 5413(E)/2023,NH_SEC_3D,Competent Authority Land Acquisition (CALA) / SDM Telangana Central Revenue Division,QUERY_RAISED,58.0,48.14,83.0,216,180,1,Section 3H disbursement in progress; joint revenue measurement (JGM) completed for 83.0% alignment.
617981,Widening to Two with Paved shoulders from Km 59.500 to Km 132.033 of Manneguda- Ravunapally section of NH-163 Erstwhile SH-4 in the State of Telangana on EPC mode under NH O Annual Plan 2016-17,Telangana,Roads & Highways,S.O. 5264(E)/2023,NH_SEC_3D,Competent Authority Land Acquisition (CALA) / SDM Telangana Central Revenue Division,LOOPBACK,64.0,31.36,49.0,600,180,1,CALA Section 3G compensation award disputed in District Court; physical possession stalled for 32.6 Ha.
617936,Widening to two/four lane with paved shoulder from Km.180.600 to Km.223.000 of NH-63 on Nizamabad-Jagadalpur road on EPC mode under NHO in the state of Telangana.,Telangana,Roads & Highways,S.O. 4633(E)/2020,NH_SEC_3D,Competent Authority Land Acquisition (CALA) / SDM Telangana Central Revenue Division,APPROVED,43.0,43.0,100.0,65,180,0,100% land possession handed over to executing agency under Section 3D/19 mutation certificate.
618140,Widening to two/four lane with paved shoulders from Km.34.250 to Km.71.830 of NH-365A on Kodad-Khammam-Kurvi road.,Telangana,Roads & Highways,S.O. 2224(E)/2021,NH_SEC_3D,Competent Authority Land Acquisition (CALA) / SDM Telangana Central Revenue Division,APPROVED,54.0,54.0,100.0,75,180,0,100% land possession handed over to executing agency under Section 3D/19 mutation certificate.
618417,"Construction of 4-Lane with paved shoulder Agartala bypass Western side, length  25.402 km connecting NH-8 near Amtali to NH-108B near Lembuchhera in the state of Tripura on EPC basis under NHO-NE",Tripura,Roads & Highways,S.O. 1870(E)/2022,NH_SEC_3D,Competent Authority Land Acquisition (CALA) / SDM Tripura Central Revenue Division,APPROVED,40.0,40.0,100.0,67,180,0,100% land possession handed over to executing agency under Section 3D/19 mutation certificate.
618350,Improvement & widening of existing NH-08 to 4-lane with Paved Shoulder from Champak Nagar to Khayerpur section design Km 242500 to Km 261610 in the state of Tripura on EPC basis under NHO-NE,Tripura,Roads & Highways,S.O. 2284(E)/2022,NH_SEC_3D,Competent Authority Land Acquisition (CALA) / SDM Tripura Central Revenue Division,APPROVED,74.0,74.0,100.0,54,180,0,100% land possession handed over to executing agency under Section 3D/19 mutation certificate.
618368,Improvement and Widening to 2-lane with paved shoulder of road from design Km 36.000 Rangamati to design Km 72.000 Pati Chhari Total length 36.000 Km on Teliamura to Harina section of NH 208 in the state of Tripura on EPC mode under JICA ODA Loan Phase VI Package-3,Tripura,Roads & Highways,S.O. 4476(E)/2018,NH_SEC_3D,Competent Authority Land Acquisition (CALA) / SDM Tripura Central Revenue Division,QUERY_RAISED,61.0,52.46,86.0,142,180,1,Section 3H disbursement in progress; joint revenue measurement (JGM) completed for 86.0% alignment.
618367,Improvement and Widening to 2-lane with paved shoulder of road from design Km 72.000 Pati Chhari to design Km 107.654 Harina Total length 35.654 Km on Teliamura to Harina section of NH 208 in the state of Tripura on EPC mode under JICA ODA Loan Phase VI Package-4,Tripura,Roads & Highways,S.O. 1840(E)/2018,NH_SEC_3D,Competent Authority Land Acquisition (CALA) / SDM Tripura Central Revenue Division,APPROVED,70.0,70.0,100.0,65,180,0,100% land possession handed over to executing agency under Section 3D/19 mutation certificate.
618369,Improvement and Widening to 2-lane with paved shoulder of road from existing Km 438.170 Khowai Chowmuhani to existing Km 439.410 South Pulinpur of NH-08 and from design Km 0.000 South Pulinpur to design Km 36.00 near Rangamati of NH 208 on Khowai  Teliamura- Harina section Total length 37.24 in the state of Tripura on EPC mode under JICA ODA Loan Phase VI Package-2,Tripura,Roads & Highways,S.O. 1429(E)/2022,NH_SEC_3D,Competent Authority Land Acquisition (CALA) / SDM Tripura Central Revenue Division,APPROVED,54.0,54.0,100.0,45,180,0,100% land possession handed over to executing agency under Section 3D/19 mutation certificate.
618370,Improvement and Widening to 2-lane with paved shoulder of road from Km 101.300 to km 127.319 Total Length 26.019 Km i.e. the Khowai Teliamura-Amarpur-Harina-Sabroom section of NH 208 in the state of Tripura on EPC under JICA ODA Loan Phase VI Package-1,Tripura,Roads & Highways,S.O. 3151(E)/2020,NH_SEC_3D,Competent Authority Land Acquisition (CALA) / SDM Tripura Central Revenue Division,QUERY_RAISED,46.0,37.26,81.0,144,180,1,Section 3H disbursement in progress; joint revenue measurement (JGM) completed for 81.0% alignment.
618411,Melaghar-Srimantapur section on NH-08 Spur from Km 23 to Km 34.500 11.5 Km and overlay from Km 20.30 to Km 22.00 1.7 Km Total Length  13.2 Km,Tripura,Roads & Highways,S.O. 4187(E)/2018,NH_SEC_3D,Competent Authority Land Acquisition (CALA) / SDM Tripura Central Revenue Division,QUERY_RAISED,47.0,36.19,77.0,184,180,1,Section 3H disbursement in progress; joint revenue measurement (JGM) completed for 77.0% alignment.
618386,Rehabilitation & Upgradation of Road from Km 0.00 to Km 18.600 Total length-18.600 km of Kumarghat-Kailashahar section on NH-208 to 2-lane with Paved shoulder on EPC bais under NHO,Tripura,Roads & Highways,S.O. 1628(E)/2023,NH_SEC_3D,Competent Authority Land Acquisition (CALA) / SDM Tripura Central Revenue Division,LOOPBACK,43.0,31.39,73.0,600,180,1,CALA Section 3G compensation award disputed in District Court; physical possession stalled for 11.6 Ha.
618385,Rehabilitation and up-gradation of road from design km 25.250 to km 36.460 Total lengh 11.210 km of Kailashahar-Kurti Bridge section on NH-208A to 2-lane with paved shoulder on EPC basis under NHO Package-III- Balance Work,Tripura,Roads & Highways,S.O. 2391(E)/2023,NH_SEC_3D,Competent Authority Land Acquisition (CALA) / SDM Tripura Central Revenue Division,APPROVED,66.0,66.0,100.0,97,180,0,100% land possession handed over to executing agency under Section 3D/19 mutation certificate.
618307,Rehabilitation and up-gradation of road from km 16.077 to km 43.935 total length 27.858 km of Lalchara-Kanchanpur section via Shivbari on NH-44A to 2 lane with paved shoulder in the state of Tripura on EPC Mode Pkg-2 under BharatMala Pariyojana Manu-Simlung -2,Tripura,Roads & Highways,S.O. 1201(E)/2022,NH_SEC_3D,Competent Authority Land Acquisition (CALA) / SDM Tripura Central Revenue Division,QUERY_RAISED,66.0,46.86,71.0,201,180,1,Section 3H disbursement in progress; joint revenue measurement (JGM) completed for 71.0% alignment.
618842,"2L PS  Greenfield bypass lalganj ajhara, mohanganj and Raniganj on Raebareli - Jaunpur Section  Design km 0.00 to Km 53177 of NH-31",Uttar Pradesh,Roads & Highways,S.O. 4038(E)/2022,NH_SEC_3D,Competent Authority Land Acquisition (CALA) / SDM Jaunpur Revenue Division,APPROVED,58.0,58.0,100.0,102,180,0,100% land possession handed over to executing agency under Section 3D/19 mutation certificate.
618924,2L PS of Najibabad Kotdwar section from 112.575 to Km. 138.635 of NH 119,Uttar Pradesh,Roads & Highways,S.O. 1844(E)/2019,NH_SEC_3D,Competent Authority Land Acquisition (CALA) / SDM Uttar Central Revenue Division,QUERY_RAISED,59.0,43.66,74.0,214,180,1,Section 3H disbursement in progress; joint revenue measurement (JGM) completed for 74.0% alignment.
618854,2L PS of Raebareli - Jagdishpur with 4L Jagdishpur Bypass Spur,Uttar Pradesh,Roads & Highways,S.O. 3846(E)/2018,NH_SEC_3D,Competent Authority Land Acquisition (CALA) / SDM Jagdishpur Revenue Division,QUERY_RAISED,66.0,50.16,76.0,220,180,1,Section 3H disbursement in progress; joint revenue measurement (JGM) completed for 76.0% alignment.
618669,4 -Laning of MP/UP Border to Kabarai section of NH-34&35 from km 197.000 to km 242.991 Length 45.991 Km Sagar-Kabrai Package-5 under Bharat Mala Pariyojana EC in MP & UP on HAM,Uttar Pradesh,Roads & Highways,S.O. 2291(E)/2023,NH_SEC_3D,Competent Authority Land Acquisition (CALA) / SDM Uttar Central Revenue Division,APPROVED,61.0,61.0,100.0,105,180,0,100% land possession handed over to executing agency under Section 3D/19 mutation certificate.
618961,4 Lane Inner Ring Road around Allahabad City Pkg-1 Prayagraj Southern Bypass 34.400  43.200,Uttar Pradesh,Roads & Highways,S.O. 4948(E)/2020,NH_SEC_3D,Competent Authority Land Acquisition (CALA) / SDM Southern Revenue Division,APPROVED,48.0,48.0,100.0,82,180,0,100% land possession handed over to executing agency under Section 3D/19 mutation certificate.
618960,4 Lane Inner Ring Road around Allahabad City Pkg-2 Prayagraj Southern Bypass 43.200 - 50.860,Uttar Pradesh,Roads & Highways,S.O. 5373(E)/2019,NH_SEC_3D,Competent Authority Land Acquisition (CALA) / SDM Southern Revenue Division,QUERY_RAISED,53.0,43.99,83.0,192,180,1,Section 3H disbursement in progress; joint revenue measurement (JGM) completed for 83.0% alignment.
618690,"4 lanning of Aligarh Palwal section from km 0.00 to km 46.39 package -1 from khereshwar junction-kurana of NH33D  , including khair & jattari bypass in the state of UP on HAM mode",Uttar Pradesh,Roads & Highways,S.O. 4547(E)/2022,NH_SEC_3D,Competent Authority Land Acquisition (CALA) / SDM Uttar Central Revenue Division,APPROVED,52.0,52.0,100.0,49,180,0,100% land possession handed over to executing agency under Section 3D/19 mutation certificate.
618783,4-laning of Pilibhit - Sitarganj from Km. 32.500 to Km. 70.800 Pkg-2 of NH-30,Uttar Pradesh,Roads & Highways,S.O. 3173(E)/2021,NH_SEC_3D,Competent Authority Land Acquisition (CALA) / SDM Uttar Central Revenue Division,QUERY_RAISED,68.0,56.44,83.0,220,180,1,Section 3H disbursement in progress; joint revenue measurement (JGM) completed for 83.0% alignment.
618969,4/6L of  Spur to Haridwar Greenfield from Km. 0.000 to Km. 50.70,Uttar Pradesh,Roads & Highways,S.O. 4864(E)/2020,NH_SEC_3D,Competent Authority Land Acquisition (CALA) / SDM Uttar Central Revenue Division,QUERY_RAISED,64.0,47.36,74.0,220,180,1,Section 3H disbursement in progress; joint revenue measurement (JGM) completed for 74.0% alignment.
618567,4/6L of Northern Ayodhya Bypass starting Km. 112.540 and ending Km. 139.928 north of existing NH-27 part-1 and part-2 south of NH-27 from km 0.000 to km 5.000.,Uttar Pradesh,Roads & Highways,S.O. 3901(E)/2023,NH_SEC_3D,Competent Authority Land Acquisition (CALA) / SDM Ayodhya Revenue Division,APPROVED,41.0,41.0,100.0,74,180,0,100% land possession handed over to executing agency under Section 3D/19 mutation certificate.
618568,4/6L Southern Ayodhya Bypass from Km 5.000 to Km 37.172 starting near Km. 112.540 and ending at Km. 153.281 of NH-27,Uttar Pradesh,Roads & Highways,S.O. 4752(E)/2021,NH_SEC_3D,Competent Authority Land Acquisition (CALA) / SDM Ayodhya Revenue Division,APPROVED,72.0,72.0,100.0,81,180,0,100% land possession handed over to executing agency under Section 3D/19 mutation certificate.
618923,4L Behsuma at Km 39.250 Ex. Km 39240 To Bijnor at Km 78.810 Ex. Km 86590 Design Length 39.560 Km  of NH-119 Pkg-II,Uttar Pradesh,Roads & Highways,S.O. 5086(E)/2023,NH_SEC_3D,Competent Authority Land Acquisition (CALA) / SDM Uttar Central Revenue Division,APPROVED,66.0,66.0,100.0,81,180,0,100% land possession handed over to executing agency under Section 3D/19 mutation certificate.
618868,4L from Devinagar Bypass End Existing Km. 208.000 of NH 530B/Design Km. 66.000 to Kasganj Bypass End Existing Km.150.100 of NH 530B/ Design Km. 123.100 of NH 530B,Uttar Pradesh,Roads & Highways,S.O. 3142(E)/2019,NH_SEC_3D,Competent Authority Land Acquisition (CALA) / SDM Devinagar Revenue Division,APPROVED,52.0,52.0,100.0,103,180,0,100% land possession handed over to executing agency under Section 3D/19 mutation certificate.
618865,4L from Gaju Village at Km. 32.982 to Devinagar Bypass End at Km. 208.000 of NH-530B Pkg-1C.,Uttar Pradesh,Roads & Highways,S.O. 2977(E)/2023,NH_SEC_3D,Competent Authority Land Acquisition (CALA) / SDM Devinagar Revenue Division,APPROVED,57.0,57.0,100.0,54,180,0,100% land possession handed over to executing agency under Section 3D/19 mutation certificate.
618864,4L from Mathura Bypass Start at Existing Km. 154.20 of NH-44 to Gaju Village at Km 32.982 of NH-530B Pkg-IB,Uttar Pradesh,Roads & Highways,S.O. 4986(E)/2023,NH_SEC_3D,Competent Authority Land Acquisition (CALA) / SDM Mathura Revenue Division,QUERY_RAISED,71.0,53.96,76.0,220,180,1,Section 3H disbursement in progress; joint revenue measurement (JGM) completed for 76.0% alignment.
618566,4L Green Field Northern  East side Gorakhpur Bypass 26.616 Kms starting from NH-29E Chainage 83.308 and end at NH-28 Chainage 285.100,Uttar Pradesh,Roads & Highways,S.O. 1285(E)/2018,NH_SEC_3D,Competent Authority Land Acquisition (CALA) / SDM Gorakhpur Revenue Division,QUERY_RAISED,45.0,33.75,75.0,206,180,1,Section 3H disbursement in progress; joint revenue measurement (JGM) completed for 75.0% alignment.
618911,4L Greenfield Western Side spur of Rampur-Rudrapur Section from Km 0.000 to Km 13.700 connecting NH-24 to NH-87 bypassing rampur town,Uttar Pradesh,Roads & Highways,S.O. 2112(E)/2018,NH_SEC_3D,Competent Authority Land Acquisition (CALA) / SDM Rudrapur Revenue Division,LOOPBACK,57.0,26.79,47.0,600,180,1,CALA Section 3G compensation award disputed in District Court; physical possession stalled for 30.2 Ha.
618867,4L Kasganj-Badaun Section from Km. 123.100 to Km. 179.500 Pkg-III of NH530B,Uttar Pradesh,Roads & Highways,S.O. 5074(E)/2021,NH_SEC_3D,Competent Authority Land Acquisition (CALA) / SDM Badaun Revenue Division,APPROVED,54.0,54.0,100.0,74,180,0,100% land possession handed over to executing agency under Section 3D/19 mutation certificate.
618782,4L of Bareilly-Pilibhit-Sitarganj from Km. 0.000 to Km. 32.500 of NH-30 Pkg-1,Uttar Pradesh,Roads & Highways,S.O. 4542(E)/2023,NH_SEC_3D,Competent Authority Land Acquisition (CALA) / SDM Uttar Central Revenue Division,QUERY_RAISED,42.0,30.24,72.0,201,180,1,Section 3H disbursement in progress; joint revenue measurement (JGM) completed for 72.0% alignment.
619217,4L of Haridwar-Nagina section from km. 0.00 to km. 71.614 of NH-74,Uttar Pradesh,Roads & Highways,S.O. 3084(E)/2022,NH_SEC_3D,Competent Authority Land Acquisition (CALA) / SDM Uttar Central Revenue Division,LOOPBACK,44.0,25.96,59.0,600,180,1,CALA Section 3G compensation award disputed in District Court; physical possession stalled for 18.0 Ha.
618929,4L of Moradabad western side spur connecting NH-734 & NH-24 from Km. 0.000 to Km. 33.200 Pkg-I,Uttar Pradesh,Roads & Highways,S.O. 3140(E)/2022,NH_SEC_3D,Competent Authority Land Acquisition (CALA) / SDM Uttar Central Revenue Division,APPROVED,40.0,40.0,100.0,78,180,0,100% land possession handed over to executing agency under Section 3D/19 mutation certificate.
618927,4L of Moradabad-Thakurdwara-Kashipur Section from Km. 0.000 to Km. 38.77 of NH-734 Pkg-II,Uttar Pradesh,Roads & Highways,S.O. 1317(E)/2020,NH_SEC_3D,Competent Authority Land Acquisition (CALA) / SDM Kashipur Revenue Division,QUERY_RAISED,67.0,58.29,87.0,220,180,1,Section 3H disbursement in progress; joint revenue measurement (JGM) completed for 87.0% alignment.
618876,4L of Nagina-Kashipur section from km. 73.00 to km. 175.00 of NH-74,Uttar Pradesh,Roads & Highways,S.O. 2217(E)/2020,NH_SEC_3D,Competent Authority Land Acquisition (CALA) / SDM Uttar Central Revenue Division,QUERY_RAISED,42.0,36.54,87.0,220,180,1,Section 3H disbursement in progress; joint revenue measurement (JGM) completed for 87.0% alignment.
619162,4L of Najibabad Bypass  from Km. 105.423 to Km. 118.373 excluding 2.45 Km. of NH-74 Bypass of NH-119,Uttar Pradesh,Roads & Highways,S.O. 3226(E)/2022,NH_SEC_3D,Competent Authority Land Acquisition (CALA) / SDM Najibabad Revenue Division,LOOPBACK,51.0,26.01,51.0,556,180,1,CALA Section 3G compensation award disputed in District Court; physical possession stalled for 25.0 Ha.
618798,4L of Sonauli - Gorakhpur,Uttar Pradesh,Roads & Highways,S.O. 3341(E)/2019,NH_SEC_3D,Competent Authority Land Acquisition (CALA) / SDM Uttar Central Revenue Division,QUERY_RAISED,61.0,43.31,71.0,220,180,1,Section 3H disbursement in progress; joint revenue measurement (JGM) completed for 71.0% alignment.
618959,4L Prayagraj Greenfield By-pass from design Km 50860 near Nibi Kala Uperhar to design Km 64763 on NH-19 near Khodaypur Kasgaon including Interchange loop at NH-19,Uttar Pradesh,Roads & Highways,S.O. 4170(E)/2023,NH_SEC_3D,Competent Authority Land Acquisition (CALA) / SDM Uttar Central Revenue Division,APPROVED,65.0,65.0,100.0,70,180,0,100% land possession handed over to executing agency under Section 3D/19 mutation certificate.
618689,4L Rampur Bypass from Km. 181.000 to Km. 189.500,Uttar Pradesh,Roads & Highways,S.O. 4545(E)/2023,NH_SEC_3D,Competent Authority Land Acquisition (CALA) / SDM Rampur Revenue Division,QUERY_RAISED,55.0,41.25,75.0,152,180,1,Section 3H disbursement in progress; joint revenue measurement (JGM) completed for 75.0% alignment.
618761,4L Spur of Meerut-Garh-Mukteshwar section connecting NH-119 and NH-58 bypassing Meerut Town of NH 709 A,Uttar Pradesh,Roads & Highways,S.O. 2867(E)/2019,NH_SEC_3D,Competent Authority Land Acquisition (CALA) / SDM Uttar Central Revenue Division,QUERY_RAISED,42.0,32.34,77.0,220,180,1,Section 3H disbursement in progress; joint revenue measurement (JGM) completed for 77.0% alignment.
618770,4L Spur of Panipat - Shamli connecting NH-709AD Panipat  Shamli  Muzaffarnagar and NH-709A Karnal  Meerut bypassing Shamli district UP,Uttar Pradesh,Roads & Highways,S.O. 3731(E)/2021,NH_SEC_3D,Competent Authority Land Acquisition (CALA) / SDM Uttar Central Revenue Division,APPROVED,61.0,61.0,100.0,99,180,0,100% land possession handed over to executing agency under Section 3D/19 mutation certificate.
618968,6L access control Greenfield highway of Vill-Khyawari to Vill-Latifpur at Saharanpur Bypass  from Km. 82.000 to Km. 119.790 Pkg-4,Uttar Pradesh,Roads & Highways,S.O. 4939(E)/2018,NH_SEC_3D,Competent Authority Land Acquisition (CALA) / SDM Saharanpur Revenue Division,QUERY_RAISED,69.0,61.41,89.0,220,180,1,Section 3H disbursement in progress; joint revenue measurement (JGM) completed for 89.0% alignment.
618970,6L access control Greenfield highway of Vill-Lohadda to Vill-Karaunda Mahajan from Km. 27.000 to Km. 56.500 Pkg-2,Uttar Pradesh,Roads & Highways,S.O. 1882(E)/2020,NH_SEC_3D,Competent Authority Land Acquisition (CALA) / SDM Uttar Central Revenue Division,QUERY_RAISED,52.0,37.44,72.0,220,180,1,Section 3H disbursement in progress; joint revenue measurement (JGM) completed for 72.0% alignment.
618722,6L access Controlled Greenfield Highway from Gogwan Jalalpur Shamli to Ranipur Barsi Saharanpur of Shamli -Ambala section Package-I Design Ch. Form km 00.600 to km 45.500,Uttar Pradesh,Roads & Highways,S.O. 1772(E)/2021,NH_SEC_3D,Competent Authority Land Acquisition (CALA) / SDM Uttar Central Revenue Division,QUERY_RAISED,62.0,50.84,82.0,220,180,1,Section 3H disbursement in progress; joint revenue measurement (JGM) completed for 82.0% alignment.
619168,6L access controlled Greenfield highway of Junction of EPE Vill.-Mavikalan to Vill.-Lohadda from Km. 0.000  to Km. 27.000 Pkg-1,Uttar Pradesh,Roads & Highways,S.O. 5161(E)/2020,NH_SEC_3D,Competent Authority Land Acquisition (CALA) / SDM Uttar Central Revenue Division,QUERY_RAISED,71.0,50.41,71.0,220,180,1,Section 3H disbursement in progress; joint revenue measurement (JGM) completed for 71.0% alignment.
619308,6L access-controlled highway from  Ganeshpur tonear Mohand of Ganeshpur  Dehradun  section  from Km.0 to Km.8.3 of NH-72A  Package-1,Uttar Pradesh,Roads & Highways,S.O. 4538(E)/2022,NH_SEC_3D,Competent Authority Land Acquisition (CALA) / SDM Uttar Central Revenue Division,LOOPBACK,63.0,45.99,73.0,600,180,1,CALA Section 3G compensation award disputed in District Court; physical possession stalled for 17.0 Ha.
618499,6L Elevated Kanpur - Lucknow Exeressway Pkg-1 from Km. 10980 to Km. 28500,Uttar Pradesh,Roads & Highways,S.O. 2267(E)/2020,NH_SEC_3D,Competent Authority Land Acquisition (CALA) / SDM Uttar Central Revenue Division,QUERY_RAISED,42.0,32.34,77.0,192,180,1,Section 3H disbursement in progress; joint revenue measurement (JGM) completed for 77.0% alignment.
618498,6L Greenfield Kanpur - Lucknow Expressway Pkg II from km. 28.500 to km. 73.744,Uttar Pradesh,Roads & Highways,S.O. 1545(E)/2021,NH_SEC_3D,Competent Authority Land Acquisition (CALA) / SDM Uttar Central Revenue Division,QUERY_RAISED,50.0,37.5,75.0,177,180,1,Section 3H disbursement in progress; joint revenue measurement (JGM) completed for 75.0% alignment.
618553,6L of Agra Bypass Northern connecting Km. 174.500 of NH-2 new NH-19 to Km. 141.000 of Yamuna Expressways,Uttar Pradesh,Roads & Highways,S.O. 1467(E)/2021,NH_SEC_3D,Competent Authority Land Acquisition (CALA) / SDM Agra Revenue Division,QUERY_RAISED,57.0,43.89,77.0,220,180,1,Section 3H disbursement in progress; joint revenue measurement (JGM) completed for 77.0% alignment.
618711,6L with access control provision Saharanpur bypass to Ganeshpur section from 13.89 Km to 41.820 Km of Delhi- Dehradun Economic Corridor package-2,Uttar Pradesh,Roads & Highways,S.O. 2250(E)/2023,NH_SEC_3D,Competent Authority Land Acquisition (CALA) / SDM Uttar Central Revenue Division,QUERY_RAISED,60.0,48.0,80.0,220,180,1,Section 3H disbursement in progress; joint revenue measurement (JGM) completed for 80.0% alignment.
618692,Aligarh-Kanpur Pkg I [Aligarh-Bhadwas],Uttar Pradesh,Roads & Highways,S.O. 3845(E)/2023,NH_SEC_3D,Competent Authority Land Acquisition (CALA) / SDM Uttar Central Revenue Division,LOOPBACK,45.0,31.5,70.0,600,180,1,CALA Section 3G compensation award disputed in District Court; physical possession stalled for 13.5 Ha.
618009,Balance work of Construction of Ring Road for Raebareli City on eastern side of NH-24B Phase-1 on EPC mode.,Uttar Pradesh,Roads & Highways,S.O. 5338(E)/2022,NH_SEC_3D,Competent Authority Land Acquisition (CALA) / SDM Uttar Central Revenue Division,LOOPBACK,58.0,36.54,63.0,600,180,1,CALA Section 3G compensation award disputed in District Court; physical possession stalled for 21.5 Ha.
618925,Bijnor-Kotawali,Uttar Pradesh,Roads & Highways,S.O. 4771(E)/2023,NH_SEC_3D,Competent Authority Land Acquisition (CALA) / SDM Uttar Central Revenue Division,LOOPBACK,66.0,43.56,66.0,600,180,1,CALA Section 3G compensation award disputed in District Court; physical possession stalled for 22.4 Ha.
618247,Construction of 4 lane Mirzapur bypass including bridge over river Ganga from km 0.000 to km 15.000 of NH 135A in the State of Uttar Pradesh on HAM Mode.,Uttar Pradesh,Roads & Highways,S.O. 5040(E)/2019,NH_SEC_3D,Competent Authority Land Acquisition (CALA) / SDM Uttar Central Revenue Division,APPROVED,70.0,70.0,100.0,59,180,0,100% land possession handed over to executing agency under Section 3D/19 mutation certificate.
618166,Construction of 4-lane green field highway from Km. 35.000 to Km. 49.155 of NH-731A with paved shoulders on Hybrid Annuity Mode in the state of Uttar Pradesh,Uttar Pradesh,Roads & Highways,S.O. 3899(E)/2019,NH_SEC_3D,Competent Authority Land Acquisition (CALA) / SDM Uttar Central Revenue Division,QUERY_RAISED,64.0,56.96,89.0,132,180,1,Section 3H disbursement in progress; joint revenue measurement (JGM) completed for 89.0% alignment.
618165,Construction of 4-lane highway with paved shoulders from Km 49.155 to Km 74.700 of NH-731A on Hybrid Annuity Mode in the state of Uttar Pradesh,Uttar Pradesh,Roads & Highways,S.O. 2142(E)/2019,NH_SEC_3D,Competent Authority Land Acquisition (CALA) / SDM Uttar Central Revenue Division,APPROVED,67.0,67.0,100.0,73,180,0,100% land possession handed over to executing agency under Section 3D/19 mutation certificate.
618869,"Construction of 4/6 lane Highway of Southern Bareilly Bypass, starting at Ch. 237000 of NH 530 near Jhumka chauraha,  Dhantiya village and ending at Ch. 267000 of NH 30 near Invertis University including Trumpet Interchange",Uttar Pradesh,Roads & Highways,S.O. 2617(E)/2020,NH_SEC_3D,Competent Authority Land Acquisition (CALA) / SDM Bareilly Revenue Division,APPROVED,67.0,67.0,100.0,64,180,0,100% land possession handed over to executing agency under Section 3D/19 mutation certificate.
618500,Construction of 4L Connector from Delhi Meerut Expressway Km 50.000 of Pkg IV to Km 8.520 of NH-235 Pkg-5,Uttar Pradesh,Roads & Highways,S.O. 2701(E)/2019,NH_SEC_3D,Competent Authority Land Acquisition (CALA) / SDM Uttar Central Revenue Division,LOOPBACK,61.0,40.26,66.0,600,180,1,CALA Section 3G compensation award disputed in District Court; physical possession stalled for 20.7 Ha.
618233,Construction of 6-lane bridge on Ganga on NH-96 and its approaches in Phaphamau Allahabad on EPC mode,Uttar Pradesh,Roads & Highways,S.O. 1019(E)/2020,NH_SEC_3D,Competent Authority Land Acquisition (CALA) / SDM Uttar Central Revenue Division,LOOPBACK,54.0,34.56,64.0,600,180,1,CALA Section 3G compensation award disputed in District Court; physical possession stalled for 19.4 Ha.
618066,Construction of Amethi bypass Part-II at km.30.050 of NH-931 under EPC mode in the state of Uttar Pradesh,Uttar Pradesh,Roads & Highways,S.O. 2375(E)/2023,NH_SEC_3D,Competent Authority Land Acquisition (CALA) / SDM Uttar Central Revenue Division,APPROVED,55.0,55.0,100.0,79,180,0,100% land possession handed over to executing agency under Section 3D/19 mutation certificate.
618054,Construction of Balrampur bypass with 2L flexible pavement configuration from km.223.000 of NH-330 to km.328.300 of NH-730 under EPC mode,Uttar Pradesh,Roads & Highways,S.O. 2591(E)/2022,NH_SEC_3D,Competent Authority Land Acquisition (CALA) / SDM Uttar Central Revenue Division,APPROVED,41.0,41.0,100.0,63,180,0,100% land possession handed over to executing agency under Section 3D/19 mutation certificate.
618243,Construction of Basti Ring Road Phase-I with 4L configuration for Basti City in the state of Uttar Pradesh on HAM mode,Uttar Pradesh,Roads & Highways,S.O. 1276(E)/2023,NH_SEC_3D,Competent Authority Land Acquisition (CALA) / SDM Uttar Central Revenue Division,APPROVED,46.0,46.0,100.0,54,180,0,100% land possession handed over to executing agency under Section 3D/19 mutation certificate.
618262,Construction of Deoria Bypass from existing Km. 27.140 to existing Km. 46.780 Design Km. 49.109 on NH727A Design length 21.969 Km. to four lane with paved shoulder configuration under Hybrid Annuity Mode HAM in the State of Uttar Pradesh,Uttar Pradesh,Roads & Highways,S.O. 2266(E)/2020,NH_SEC_3D,Competent Authority Land Acquisition (CALA) / SDM Deoria Revenue Division,APPROVED,61.0,61.0,100.0,52,180,0,100% land possession handed over to executing agency under Section 3D/19 mutation certificate.
619194,"Construction of Four Lane Gola Flyover at Km 99.850 of NH 730 Major Junction with State Highways -93 of Engineering, Procurement and Construction EPC mode in the State of Uttar Pradesh.",Uttar Pradesh,Roads & Highways,S.O. 1377(E)/2019,NH_SEC_3D,Competent Authority Land Acquisition (CALA) / SDM Uttar Central Revenue Division,APPROVED,67.0,67.0,100.0,66,180,0,100% land possession handed over to executing agency under Section 3D/19 mutation certificate.
618883,Construction of Four Lane Highway form Ghazipur- Ballia-UP/Bihar State Border Greenfield section of NH-31 Package I [from Hridaipur km 0.000 to Shahapur km 42.500] on EPC Mode in the state of Uttar Pradesh.,Uttar Pradesh,Roads & Highways,S.O. 1158(E)/2022,NH_SEC_3D,Competent Authority Land Acquisition (CALA) / SDM Uttar Central Revenue Division,QUERY_RAISED,68.0,59.84,88.0,182,180,1,Section 3H disbursement in progress; joint revenue measurement (JGM) completed for 88.0% alignment.
618884,Construction of Four Lane Highway from Ghazipur- Ballia-UP/Bihar State Border Greenfield section of NH-31 Package II [from Shahapur km 42.500 to Pindari km 78.150] on EPC Mode in the state of Uttar Pradesh.,Uttar Pradesh,Roads & Highways,S.O. 1782(E)/2020,NH_SEC_3D,Competent Authority Land Acquisition (CALA) / SDM Uttar Central Revenue Division,QUERY_RAISED,62.0,44.64,72.0,145,180,1,Section 3H disbursement in progress; joint revenue measurement (JGM) completed for 72.0% alignment.
618885,Construction of Four Lane Highway from Ghazipur- Ballia-UP/Bihar State Border Greenfield section of NH-31 Package IV [from Buxur Spur of length km 17.270 on EPC Mode in the state of Uttar Pradesh.,Uttar Pradesh,Roads & Highways,S.O. 1062(E)/2020,NH_SEC_3D,Competent Authority Land Acquisition (CALA) / SDM Uttar Central Revenue Division,QUERY_RAISED,62.0,44.64,72.0,216,180,1,Section 3H disbursement in progress; joint revenue measurement (JGM) completed for 72.0% alignment.
618164,Construction of four lane highway with paved shoulder from Km.74.700 to Km.112.950 of NH-731A i/c Yamuna Bridge on HAM in the state of Uttar Pradesh.,Uttar Pradesh,Roads & Highways,S.O. 3346(E)/2021,NH_SEC_3D,Competent Authority Land Acquisition (CALA) / SDM Uttar Central Revenue Division,APPROVED,41.0,41.0,100.0,84,180,0,100% land possession handed over to executing agency under Section 3D/19 mutation certificate.
618008,"Construction of four-lane elevated viaduct from km.4634 to km.6345 on NH-24A including Retaining wall, service lane, at grade road and improvement of junctions,  on EPC mode",Uttar Pradesh,Roads & Highways,S.O. 2975(E)/2018,NH_SEC_3D,Competent Authority Land Acquisition (CALA) / SDM Uttar Central Revenue Division,APPROVED,40.0,40.0,100.0,81,180,0,100% land possession handed over to executing agency under Section 3D/19 mutation certificate.
617957,Construction of Jasra Bypass with four lane paved shoulder configurationfrom Km 379.670 on NH-76New NH-35  to Km 18.00 on NH-27New NH-30 on EPC in the State of Uttar Pradesh.,Uttar Pradesh,Roads & Highways,S.O. 1063(E)/2023,NH_SEC_3D,Competent Authority Land Acquisition (CALA) / SDM Jasra Revenue Division,APPROVED,73.0,73.0,100.0,101,180,0,100% land possession handed over to executing agency under Section 3D/19 mutation certificate.
618554,Construction of left out portion of Agra Inner Ring Road connecting village Deori to NH-44 village Bad from Km. 0.000 to Km. 7.772,Uttar Pradesh,Roads & Highways,S.O. 1811(E)/2019,NH_SEC_3D,Competent Authority Land Acquisition (CALA) / SDM Uttar Central Revenue Division,QUERY_RAISED,61.0,49.41,81.0,220,180,1,Section 3H disbursement in progress; joint revenue measurement (JGM) completed for 81.0% alignment.
618081,Construction of Mariahu Bypass with four lane paved shoulder configuration Km. 53.540 to Km.59.200 of NH-135A on EPC mode in the state of Uttar Pradesh,Uttar Pradesh,Roads & Highways,S.O. 5205(E)/2021,NH_SEC_3D,Competent Authority Land Acquisition (CALA) / SDM Mariahu Revenue Division,APPROVED,65.0,65.0,100.0,60,180,0,100% land possession handed over to executing agency under Section 3D/19 mutation certificate.
618055,Construction of Pratapgarh Bypass Extension connecting NH-31 to NH-330 on EPC mode in the State of Uttar Pradesh.,Uttar Pradesh,Roads & Highways,S.O. 4979(E)/2020,NH_SEC_3D,Competent Authority Land Acquisition (CALA) / SDM Pratapgarh Revenue Division,QUERY_RAISED,59.0,52.51,89.0,220,180,1,Section 3H disbursement in progress; joint revenue measurement (JGM) completed for 89.0% alignment.
618244,Construction of Raebareli Ring Road Phase-2 with four Lane configuration for Raebareli City in the state of Uttar Pradesh on Hybrid Annuity Model HAM basis,Uttar Pradesh,Roads & Highways,S.O. 1821(E)/2019,NH_SEC_3D,Competent Authority Land Acquisition (CALA) / SDM Uttar Central Revenue Division,APPROVED,51.0,51.0,100.0,104,180,0,100% land possession handed over to executing agency under Section 3D/19 mutation certificate.
618540,Construction of Ring Road  around Kanpur from Ch.23.325 to Ch.32.090 Chaudhariya to Transganga Package-IIA,Uttar Pradesh,Roads & Highways,S.O. 3539(E)/2018,NH_SEC_3D,Competent Authority Land Acquisition (CALA) / SDM Uttar Central Revenue Division,APPROVED,74.0,74.0,100.0,83,180,0,100% land possession handed over to executing agency under Section 3D/19 mutation certificate.
618538,Construction of Ring Road around kanpur from Ch.51.200 to Ch. 68.650  Badarka to Harbanch-Uchti Pkg-III,Uttar Pradesh,Roads & Highways,S.O. 5483(E)/2019,NH_SEC_3D,Competent Authority Land Acquisition (CALA) / SDM Uttar Central Revenue Division,APPROVED,63.0,63.0,100.0,96,180,0,100% land possession handed over to executing agency under Section 3D/19 mutation certificate.
618536,Construction of Ring Road around Kanpur from Ch.68.650 to Ch.93.209 Jarkala to Pakari Package-IV in State of Uttar Pradesh.,Uttar Pradesh,Roads & Highways,S.O. 4620(E)/2019,NH_SEC_3D,Competent Authority Land Acquisition (CALA) / SDM Uttar Central Revenue Division,APPROVED,40.0,40.0,100.0,79,180,0,100% land possession handed over to executing agency under Section 3D/19 mutation certificate.
618537,Construction of Ring Road around Kanpur from Km.000 to Km. 23.325 Chachendi Sachendi I to Maharajpur Package-I,Uttar Pradesh,Roads & Highways,S.O. 4722(E)/2020,NH_SEC_3D,Competent Authority Land Acquisition (CALA) / SDM Uttar Central Revenue Division,QUERY_RAISED,47.0,33.84,72.0,140,180,1,Section 3H disbursement in progress; joint revenue measurement (JGM) completed for 72.0% alignment.
618539,Construction of Ring Road Kanpur from Ch. 32.090 to Ch.51.200 Transganaga to Sathara Package-II B,Uttar Pradesh,Roads & Highways,S.O. 5063(E)/2019,NH_SEC_3D,Competent Authority Land Acquisition (CALA) / SDM Uttar Central Revenue Division,APPROVED,63.0,63.0,100.0,109,180,0,100% land possession handed over to executing agency under Section 3D/19 mutation certificate.
618912,Construction of Rudrapur Bypass Section from Km. 0.000 to 20.640 in the state of Uttar Pradesh & Uttarakhand,Uttar Pradesh,Roads & Highways,S.O. 2630(E)/2022,NH_SEC_3D,Competent Authority Land Acquisition (CALA) / SDM Rudrapur Revenue Division,APPROVED,70.0,70.0,100.0,108,180,0,100% land possession handed over to executing agency under Section 3D/19 mutation certificate.
618260,"Construction of Salempur bypass to 4LPS from km 64.000 of NH-727A Km 171.00 of Sonauli Balia Marg, old SH-01, near Mahadahan Chauraha to km 61.500 of NH-727B Km 178.500 of Sonauli Balia Marg, old SH-01, near near Ahirauli Village under Hybrid Annuity Mode HAM in the State of Uttar Pradesh",Uttar Pradesh,Roads & Highways,S.O. 2002(E)/2018,NH_SEC_3D,Competent Authority Land Acquisition (CALA) / SDM Uttar Central Revenue Division,APPROVED,57.0,57.0,100.0,101,180,0,100% land possession handed over to executing agency under Section 3D/19 mutation certificate.
618057,Construction of Shohratgarh Bypass on NH-730 under EPC mode in the State of Uttar Pradesh,Uttar Pradesh,Roads & Highways,S.O. 3391(E)/2020,NH_SEC_3D,Competent Authority Land Acquisition (CALA) / SDM Shohratgarh Revenue Division,QUERY_RAISED,46.0,37.26,81.0,220,180,1,Section 3H disbursement in progress; joint revenue measurement (JGM) completed for 81.0% alignment.
618075,Construction of two lane with paved shoulder from existing Km.0.000 to Km.55.610 design km. 0.000 to km. 54.048 of NH-124D,Uttar Pradesh,Roads & Highways,S.O. 5321(E)/2021,NH_SEC_3D,Competent Authority Land Acquisition (CALA) / SDM Uttar Central Revenue Division,APPROVED,41.0,41.0,100.0,55,180,0,100% land possession handed over to executing agency under Section 3D/19 mutation certificate.
618169,Construction of Two Lane with paved shoulder highway from Design Ch.0.000 to Ch.49.2OO of NH-731B on EPC Mode,Uttar Pradesh,Roads & Highways,S.O. 1333(E)/2019,NH_SEC_3D,Competent Authority Land Acquisition (CALA) / SDM Uttar Central Revenue Division,APPROVED,58.0,58.0,100.0,50,180,0,100% land possession handed over to executing agency under Section 3D/19 mutation certificate.
618843,Construction of two lane with paved shoulders bypass to Mungrabadshapur town starting from near Kodahu at Km 47/225 of NH-319D and ending near Nauwadandi at Km 219/720 of NH-31 under NHO in the state of Uttar Pradesh on EPC mode,Uttar Pradesh,Roads & Highways,S.O. 3350(E)/2022,NH_SEC_3D,Competent Authority Land Acquisition (CALA) / SDM Uttar Central Revenue Division,APPROVED,65.0,65.0,100.0,100,180,0,100% land possession handed over to executing agency under Section 3D/19 mutation certificate.
618848,Construction of Underpass beneath airport runway on NH-31 old NH-56 for proposed expansion of runway of Babatpur Airport Varanasi,Uttar Pradesh,Roads & Highways,S.O. 3682(E)/2022,NH_SEC_3D,Competent Authority Land Acquisition (CALA) / SDM Uttar Central Revenue Division,APPROVED,72.0,72.0,100.0,86,180,0,100% land possession handed over to executing agency under Section 3D/19 mutation certificate.
618710,DL/UP Border - EPE Crossing Pkg-02,Uttar Pradesh,Roads & Highways,S.O. 3008(E)/2020,NH_SEC_3D,Competent Authority Land Acquisition (CALA) / SDM Uttar Central Revenue Division,LOOPBACK,58.0,42.34,73.0,600,180,1,CALA Section 3G compensation award disputed in District Court; physical possession stalled for 15.7 Ha.
618866,"Four Lane Highway from Chandan Nagar Existing Km. 59.025 of NH 530B/Design Km. 179.5000 to Bareilly BypassStartExisting Km. 59.025 of NH 530B/Design Km. 218.000 Section of NH 530B, in the State of Uttar Pradesh on HAM Mode under NH0",Uttar Pradesh,Roads & Highways,S.O. 4753(E)/2023,NH_SEC_3D,Competent Authority Land Acquisition (CALA) / SDM Bareilly Revenue Division,APPROVED,53.0,53.0,100.0,77,180,0,100% land possession handed over to executing agency under Section 3D/19 mutation certificate.
618768,Four laning of Agra-Aligarh Section from Km. 0.000 Junction of NH-34 Aligarh Km 144.60 to Km. 28.000 near Asroi village in Hathras of NH-509 Package-I,Uttar Pradesh,Roads & Highways,S.O. 3040(E)/2023,NH_SEC_3D,Competent Authority Land Acquisition (CALA) / SDM Aligarh Revenue Division,APPROVED,50.0,50.0,100.0,48,180,0,100% land possession handed over to executing agency under Section 3D/19 mutation certificate.
618928,"Improvement & Up-gradation of NH-734 Section of Moradabad-Thakurdwara Kashipur including Moradabad & Kashipur Bypasse Package-III  Kashipur Bypass Length 14.490 Km., Starts from Ch. 38770 and ends at Ch. 53260 existing Ch. 05560",Uttar Pradesh,Roads & Highways,S.O. 1909(E)/2018,NH_SEC_3D,Competent Authority Land Acquisition (CALA) / SDM Kashipur Revenue Division,QUERY_RAISED,69.0,54.51,79.0,220,180,1,Section 3H disbursement in progress; joint revenue measurement (JGM) completed for 79.0% alignment.
618855,"Improvement and Up-Gradation of Existing Road to 2/4L PS from Km 40.000 to 88.750, start of Khutar bypass to start of Shahjahanpur bypass of NH 731Pkg-I",Uttar Pradesh,Roads & Highways,S.O. 5476(E)/2022,NH_SEC_3D,Competent Authority Land Acquisition (CALA) / SDM Uttar Central Revenue Division,APPROVED,71.0,71.0,100.0,56,180,0,100% land possession handed over to executing agency under Section 3D/19 mutation certificate.
618856,"Improvement and Up-Gradation of Existing Road to 4L PS from Km 123.650 to 175.080, from Start of Shahabad Bypass to End of Hardoi bypass of NH 731 Pkg-2B",Uttar Pradesh,Roads & Highways,S.O. 4422(E)/2023,NH_SEC_3D,Competent Authority Land Acquisition (CALA) / SDM Shahabad Revenue Division,APPROVED,67.0,67.0,100.0,74,180,0,100% land possession handed over to executing agency under Section 3D/19 mutation certificate.
618859,"Improvement and Up-Gradation of Existing Road to 4L PS from Km 229.070 to 260.800, End of Hardoi District to Lucknow Ring road of NH 731 Pkg-4",Uttar Pradesh,Roads & Highways,S.O. 4997(E)/2018,NH_SEC_3D,Competent Authority Land Acquisition (CALA) / SDM Hardoi Revenue Division,QUERY_RAISED,72.0,62.64,87.0,220,180,1,Section 3H disbursement in progress; joint revenue measurement (JGM) completed for 87.0% alignment.
618858,"Improvement and Up-Gradation of Existing Road to 4L PS from Km 88.750 to 123.650, from Start of Shahjahanpur Bypass to start of Shahabad bypass of NH 731Pkg.-2A",Uttar Pradesh,Roads & Highways,S.O. 1164(E)/2021,NH_SEC_3D,Competent Authority Land Acquisition (CALA) / SDM Shahjahanpur Revenue Division,APPROVED,64.0,64.0,100.0,47,180,0,100% land possession handed over to executing agency under Section 3D/19 mutation certificate.
618112,"Improvement and up-gradation of NH-227B 84 Kosi Parikrama Marg Package I, from km 228.920 Jagarnathpur to Km 235.960/0.000 MakhaudaDham to Km 29.000 Sarpur in the State of Uttar Pradesh on EPC basis",Uttar Pradesh,Roads & Highways,S.O. 5079(E)/2021,NH_SEC_3D,Competent Authority Land Acquisition (CALA) / SDM Uttar Central Revenue Division,APPROVED,69.0,69.0,100.0,79,180,0,100% land possession handed over to executing agency under Section 3D/19 mutation certificate.
618113,"Improvement and up-gradation of NH-227B 84 Kosi Parikrama Marg Package III, from Km.47.800 Gosaiganj to Km.73.300 Bikapur in the State of Uttar Pradesh on EPC basis.",Uttar Pradesh,Roads & Highways,S.O. 5370(E)/2020,NH_SEC_3D,Competent Authority Land Acquisition (CALA) / SDM Uttar Central Revenue Division,APPROVED,50.0,50.0,100.0,50,180,0,100% land possession handed over to executing agency under Section 3D/19 mutation certificate.
618114,"Improvement and up-gradation of NH-227B 84 Kosi Parikrama Marg PackageV, from Design Km.140.960 Patranga to Km.160.200 Bahuvan Madar Majha on EPC mode in the State of Uttar Pradesh",Uttar Pradesh,Roads & Highways,S.O. 4653(E)/2019,NH_SEC_3D,Competent Authority Land Acquisition (CALA) / SDM Uttar Central Revenue Division,APPROVED,48.0,48.0,100.0,67,180,0,100% land possession handed over to executing agency under Section 3D/19 mutation certificate.
618162,"Improvement and up-gradation to 2LPS of NH-227B 84-Kosi Parikrama Marg PackageVI, Design Km 160200 Bahuvan Madar Majha to Km 224040 Jagarnathpur under HAM",Uttar Pradesh,Roads & Highways,S.O. 3708(E)/2023,NH_SEC_3D,Competent Authority Land Acquisition (CALA) / SDM Uttar Central Revenue Division,APPROVED,43.0,43.0,100.0,105,180,0,100% land possession handed over to executing agency under Section 3D/19 mutation certificate.
618056,Improvement and Up-gradation to two Lane with Paved Shoulder Configuration from existing km. 420.00 Shohrathgarh to km. 454.00 Uska Bazar of NH-730 in the state of Uttar Pradesh EPC basis,Uttar Pradesh,Roads & Highways,S.O. 4592(E)/2021,NH_SEC_3D,Competent Authority Land Acquisition (CALA) / SDM Uttar Central Revenue Division,APPROVED,42.0,42.0,100.0,101,180,0,100% land possession handed over to executing agency under Section 3D/19 mutation certificate.
618252,"Improvement and Up-gradation to two Lane with Paved Shoulder/Four Lane configuration from existing Km 130.000 to Km 191.000 design km 131.500 to Km 188.735, Design length 57.235 Km of NH-227A near Barhalganj to Mehrauna Ghat in the state of Uttar Pradesh on Hybrid Annuity Model HAM basis",Uttar Pradesh,Roads & Highways,S.O. 3821(E)/2019,NH_SEC_3D,Competent Authority Land Acquisition (CALA) / SDM Uttar Central Revenue Division,APPROVED,71.0,71.0,100.0,80,180,0,100% land possession handed over to executing agency under Section 3D/19 mutation certificate.
618110,Improvement and upgradation to two lane with Paved Shoulder configuration from existing km 55.00 to km 90.00 Design length 34.76 of NH-227A near Chhapia Village to near Sikriganj in the State of UP on EPC Mode.,Uttar Pradesh,Roads & Highways,S.O. 4730(E)/2019,NH_SEC_3D,Competent Authority Land Acquisition (CALA) / SDM Uttar Central Revenue Division,QUERY_RAISED,65.0,52.0,80.0,220,180,1,Section 3H disbursement in progress; joint revenue measurement (JGM) completed for 80.0% alignment.
618111,Improvement and upgradation to two lane with paved shoulder configuration from existing km 90.00 to 130.00 Design length 39.15 of NH-227A  near Sikriganj to Barhalganj in the State of UP on EPC Mode.,Uttar Pradesh,Roads & Highways,S.O. 3432(E)/2020,NH_SEC_3D,Competent Authority Land Acquisition (CALA) / SDM Uttar Central Revenue Division,QUERY_RAISED,72.0,59.04,82.0,219,180,1,Section 3H disbursement in progress; joint revenue measurement (JGM) completed for 82.0% alignment.
618116,lmprovement and Up-gradation from Km. 73.300 Bikapur to Km.140.960 Patranga of NH-227B 84 Kosi Parikrama Marg to 2LPS along with Parikrama Path,Uttar Pradesh,Roads & Highways,S.O. 1747(E)/2021,NH_SEC_3D,Competent Authority Land Acquisition (CALA) / SDM Uttar Central Revenue Division,APPROVED,57.0,57.0,100.0,68,180,0,100% land possession handed over to executing agency under Section 3D/19 mutation certificate.
618067,"Rehabilitation & Up-gradation from design Km. 0.000 to Km. 69.280 of NH-931 Pratapgarh - Amethi - Gauriganj -Musafirkhana to two lane with paved shoulder on Engineering, Procurement & Construction EpC mode in the State of Uttar Pradesh",Uttar Pradesh,Roads & Highways,S.O. 3603(E)/2019,NH_SEC_3D,Competent Authority Land Acquisition (CALA) / SDM Uttar Central Revenue Division,APPROVED,53.0,53.0,100.0,100,180,0,100% land possession handed over to executing agency under Section 3D/19 mutation certificate.
618167,Rehabilitation & Upgradation of NH-731A from Km.0.00 to Km.35.00 to 2-lane with paved shoulder under EPC mode,Uttar Pradesh,Roads & Highways,S.O. 4311(E)/2018,NH_SEC_3D,Competent Authority Land Acquisition (CALA) / SDM Uttar Central Revenue Division,LOOPBACK,61.0,34.16,56.0,600,180,1,CALA Section 3G compensation award disputed in District Court; physical possession stalled for 26.8 Ha.
618163,"Rehabilitation and Up-gradation from km. 0000 to km.40390 of NH-730S MaharajganjNichloulThuthibari to two lane with paved shoulders in the State of U.P. on Engineering, Procurement & Construction EPC Basis.",Uttar Pradesh,Roads & Highways,S.O. 5204(E)/2020,NH_SEC_3D,Competent Authority Land Acquisition (CALA) / SDM Uttar Central Revenue Division,QUERY_RAISED,59.0,43.66,74.0,204,180,1,Section 3H disbursement in progress; joint revenue measurement (JGM) completed for 74.0% alignment.
618263,"Rehabilitation and Up-gradation to 2LPS from Km. 0.000 to Km. 7.800 and Km. 35.400 to Km. 52.345 Design length  24.745 Km., except Bihar portion of NH-727B Tamkuhiraj to Bihar Border and Bihar Border to Majhauli on EPC mode in the State of Uttar Pradesh",Uttar Pradesh,Roads & Highways,S.O. 3391(E)/2023,NH_SEC_3D,Competent Authority Land Acquisition (CALA) / SDM Uttar Central Revenue Division,APPROVED,71.0,71.0,100.0,107,180,0,100% land possession handed over to executing agency under Section 3D/19 mutation certificate.
618124,Rehabilitation and upgradation from km 51.600 to km 75.700 of NH-321G Nuhkhas to Etah section to two lane with paved shoulder configuration under EPC mode in the State of Uttar Pradesh,Uttar Pradesh,Roads & Highways,S.O. 2429(E)/2018,NH_SEC_3D,Competent Authority Land Acquisition (CALA) / SDM Uttar Central Revenue Division,QUERY_RAISED,64.0,50.56,79.0,148,180,1,Section 3H disbursement in progress; joint revenue measurement (JGM) completed for 79.0% alignment.
618187,"Rehabilitation and upgradation of Salon - Jais - Jagdishpur Road section of NH-931A, from design Chainage km 0.000 to km 5.740 to four lane divided carriageway and from design Chainage km 5.740 to km 53.500 to two lane with paved Total length km 53.500 along with One time improvement in 04 no's of realigned/bypassed built-up areas in a total length of 9.732 km in the state of Uttar Pradesh on EPC mode",Uttar Pradesh,Roads & Highways,S.O. 3771(E)/2020,NH_SEC_3D,Competent Authority Land Acquisition (CALA) / SDM Uttar Central Revenue Division,APPROVED,41.0,41.0,100.0,56,180,0,100% land possession handed over to executing agency under Section 3D/19 mutation certificate.
618266,Rehabilitation and upgradation to 2-lane with paved sholuders configuration of Bewar- Allahaganj-  section of NH-730C  Km.0.000 to Km 52.770     pakage-I    in state of Uttar Pradesh undergreen national Highway Corridor Project  GNHCP    with the loan assistance of world Bank on EPC mode.,Uttar Pradesh,Roads & Highways,S.O. 4285(E)/2022,NH_SEC_3D,Competent Authority Land Acquisition (CALA) / SDM Uttar Central Revenue Division,QUERY_RAISED,45.0,33.75,75.0,220,180,1,Section 3H disbursement in progress; joint revenue measurement (JGM) completed for 75.0% alignment.
618240,Rehabilitation and upgradation to 2-lane with paved sholuders configuration of Bewar-naer Karri village section   Km0.00 to Km30.00      Pakage-I    of NH-92 in state of Uttar Pradesh   undergreen national Highway Corridor Project  GNHCP    with the loan assistance of world Bank on EPC mode.,Uttar Pradesh,Roads & Highways,S.O. 4840(E)/2022,NH_SEC_3D,Competent Authority Land Acquisition (CALA) / SDM Uttar Central Revenue Division,LOOPBACK,70.0,31.5,45.0,600,180,1,CALA Section 3G compensation award disputed in District Court; physical possession stalled for 38.5 Ha.
618265,Rehabilitation and upgradation to 2-lane with paved sholuders configuration of Miranpur Katra to radhaita section of NH-730CKm.114.000 to Km 137.250pakage-III in state of Uttar Pradesh undergreen national Highway Corridor ProjectGNHCP with the loan assistance of world Bank on EPC mode.,Uttar Pradesh,Roads & Highways,S.O. 1178(E)/2018,NH_SEC_3D,Competent Authority Land Acquisition (CALA) / SDM Uttar Central Revenue Division,LOOPBACK,68.0,49.64,73.0,552,180,1,CALA Section 3G compensation award disputed in District Court; physical possession stalled for 18.4 Ha.
618229,Rehabilitation and upgradation to 2-lane with paved sholuders configuration of Near Karri village-Etawah section Km30.000 to Km 57.346 Pakage-II of NH-92 in state of Uttar Pradesh undergreen national Highway Corridor ProjectGNHCP with the loan assistance of world Bank on EPC mode.,Uttar Pradesh,Roads & Highways,S.O. 4726(E)/2020,NH_SEC_3D,Competent Authority Land Acquisition (CALA) / SDM Uttar Central Revenue Division,QUERY_RAISED,56.0,42.56,76.0,188,180,1,Section 3H disbursement in progress; joint revenue measurement (JGM) completed for 76.0% alignment.
617963,Rehabilitation and upgradation to four lane road from km 70.500 to km 78.600 of NH-92 under EPC mode in the State of Uttar Pradesh,Uttar Pradesh,Roads & Highways,S.O. 1557(E)/2020,NH_SEC_3D,Competent Authority Land Acquisition (CALA) / SDM Uttar Central Revenue Division,APPROVED,62.0,62.0,100.0,105,180,0,100% land possession handed over to executing agency under Section 3D/19 mutation certificate.
618886,Road Safety Improvement of Critical Junctions on MuzaffarnagarHaridwar Section of NH-334 from Km 143000 to Km 196000,Uttar Pradesh,Roads & Highways,S.O. 3977(E)/2019,NH_SEC_3D,Competent Authority Land Acquisition (CALA) / SDM Uttar Central Revenue Division,APPROVED,62.0,62.0,100.0,89,180,0,100% land possession handed over to executing agency under Section 3D/19 mutation certificate.
618565,Strengthening of existing 4L Ayodhya Bypass Section from design Km. 121 600 to Km. 144020 of NH 28 New NH 27Pkg-3,Uttar Pradesh,Roads & Highways,S.O. 3695(E)/2021,NH_SEC_3D,Competent Authority Land Acquisition (CALA) / SDM Ayodhya Revenue Division,APPROVED,50.0,50.0,100.0,97,180,0,100% land possession handed over to executing agency under Section 3D/19 mutation certificate.
618893,Varanasi Gorakhpur Section Packege IV from km. 149.540 to km. 215.160 Mau-Gorakhpur,Uttar Pradesh,Roads & Highways,S.O. 5237(E)/2020,NH_SEC_3D,Competent Authority Land Acquisition (CALA) / SDM Gorakhpur Revenue Division,LOOPBACK,42.0,21.84,52.0,600,180,1,CALA Section 3G compensation award disputed in District Court; physical possession stalled for 20.2 Ha.
618529,Varanasi Ring Road Pkg-II connecting Sandaha Village km 11.70 / NH-29 with Revasa Village km 818.80 / NH-2,Uttar Pradesh,Roads & Highways,S.O. 3143(E)/2022,NH_SEC_3D,Competent Authority Land Acquisition (CALA) / SDM Uttar Central Revenue Division,LOOPBACK,58.0,33.64,58.0,600,180,1,CALA Section 3G compensation award disputed in District Court; physical possession stalled for 24.4 Ha.
618063,Widening & Strenghteningof section from Bharthana chowk to Kodarkoot km.0.00 to km.40.00 of NH-91-A on EPC mode,Uttar Pradesh,Roads & Highways,S.O. 3167(E)/2020,NH_SEC_3D,Competent Authority Land Acquisition (CALA) / SDM Uttar Central Revenue Division,QUERY_RAISED,57.0,43.89,77.0,168,180,1,Section 3H disbursement in progress; joint revenue measurement (JGM) completed for 77.0% alignment.
618082,Widening & Upgradation to four lane configuration from Km.34.900 Bhadohi to km.73.134 Jaunpur of NH-135A on EPC mode,Uttar Pradesh,Roads & Highways,S.O. 2275(E)/2021,NH_SEC_3D,Competent Authority Land Acquisition (CALA) / SDM Uttar Central Revenue Division,LOOPBACK,55.0,33.0,60.0,600,180,1,CALA Section 3G compensation award disputed in District Court; physical possession stalled for 22.0 Ha.
618264,"Widening and Strengthening to two Lane with Paved Shoulder/Four Lane with paved shoulder configuration from km. 61.500 of NH-727B near Nawalpur km 178.500 of Sonauli  Balia Marg, Old SH-01 i.e. end point of Salempur Bypass to km. 106.495 of NH-727B near Sikanderpur under EPC mode",Uttar Pradesh,Roads & Highways,S.O. 1520(E)/2019,NH_SEC_3D,Competent Authority Land Acquisition (CALA) / SDM Salempur Revenue Division,APPROVED,65.0,65.0,100.0,87,180,0,100% land possession handed over to executing agency under Section 3D/19 mutation certificate.
618249,Widening to 4 lane from km. 108.50 to km 139.00 of NH-135A Pkg-II Jaunpur  Akbarpur section on Hybrid Annuity Mode in the state of Uttar Pradesh,Uttar Pradesh,Roads & Highways,S.O. 3474(E)/2023,NH_SEC_3D,Competent Authority Land Acquisition (CALA) / SDM Uttar Central Revenue Division,APPROVED,74.0,74.0,100.0,86,180,0,100% land possession handed over to executing agency under Section 3D/19 mutation certificate.
618248,Widening to 4 lane from km. 139.00 to km 179.20 of NH-135A Pkg-III Jaunpur  Akbarpur section and Akbarpur bypass on Hybrid Annuity Mode in the state of Uttar Pradesh.,Uttar Pradesh,Roads & Highways,S.O. 1996(E)/2022,NH_SEC_3D,Competent Authority Land Acquisition (CALA) / SDM Uttar Central Revenue Division,APPROVED,61.0,61.0,100.0,58,180,0,100% land possession handed over to executing agency under Section 3D/19 mutation certificate.
617964,"Widening to Four Lane rigid pavement configuration from Km 90.00 to Km 100.800 on NH-96 Km 42.0 to Km 53.300 as per new NH-330,design length of 11.300 km under EPC mode in the state of Uttar Pradesh.",Uttar Pradesh,Roads & Highways,S.O. 4663(E)/2022,NH_SEC_3D,Competent Authority Land Acquisition (CALA) / SDM Uttar Central Revenue Division,APPROVED,73.0,73.0,100.0,65,180,0,100% land possession handed over to executing agency under Section 3D/19 mutation certificate.
618168,Widening to four lane with paved shoulder from Design Km.49.200 to Km.89.285 of NH-731B on EPC mode in the state of Uttar Pradesh,Uttar Pradesh,Roads & Highways,S.O. 1125(E)/2021,NH_SEC_3D,Competent Authority Land Acquisition (CALA) / SDM Uttar Central Revenue Division,QUERY_RAISED,55.0,41.25,75.0,201,180,1,Section 3H disbursement in progress; joint revenue measurement (JGM) completed for 75.0% alignment.
618267,Widening/Upgradation to four lane configuration of Shahjahanpur-Bisalpur section from km 0.00 to km 47.026 of NH-731K on Hybrid Annuity Mode in the state of Uttar Pradesh.,Uttar Pradesh,Roads & Highways,S.O. 2703(E)/2018,NH_SEC_3D,Competent Authority Land Acquisition (CALA) / SDM Uttar Central Revenue Division,APPROVED,53.0,53.0,100.0,87,180,0,100% land possession handed over to executing agency under Section 3D/19 mutation certificate.
619292,4L Medinipur to Ballupur from Km. 458.65 to Km. 487.65 of NH-07Pkg-2,Uttarakhand,Roads & Highways,S.O. 5488(E)/2020,NH_SEC_3D,Competent Authority Land Acquisition (CALA) / SDM Uttarakhand Central Revenue Division,QUERY_RAISED,43.0,33.54,78.0,220,180,1,Section 3H disbursement in progress; joint revenue measurement (JGM) completed for 78.0% alignment.
618875,4L of Haridwar  Nagina section Design Ch. LME from km 13.829 to km 17.110 & km 26.077 to km 27.508 and Design Ch. RME from km 13.839 to km 17.120 & km 26.078 to km 27.509 of EUP mitigation measures on NH74,Uttarakhand,Roads & Highways,S.O. 4462(E)/2023,NH_SEC_3D,Competent Authority Land Acquisition (CALA) / SDM Uttarakhand Central Revenue Division,LOOPBACK,52.0,29.64,57.0,600,180,1,CALA Section 3G compensation award disputed in District Court; physical possession stalled for 22.4 Ha.
618209,Construction & up gradation of existing road to 2-Lane with paved shoulder from existing chainage km 468000 to km 489350 Design Chainage km 465150 to km 471500 of NH-07 Old NH-58 including Joshimath bypass on EPC mode in the state of Uttarakhand Length 6.35 km,Uttarakhand,Roads & Highways,S.O. 1904(E)/2018,NH_SEC_3D,Competent Authority Land Acquisition (CALA) / SDM Uttarakhand Central Revenue Division,QUERY_RAISED,59.0,43.66,74.0,220,180,1,Section 3H disbursement in progress; joint revenue measurement (JGM) completed for 74.0% alignment.
617968,Construction & Widening Including Augustmuni Bypass Ch-16.545 to Ch - 19.890 to 2L/PS from Km 16.545-Km 33.130 & 45.980 -57.975 Augustmuni to Kund & Guptkashi to Sitapur on NH 109 in UK,Uttarakhand,Roads & Highways,S.O. 2360(E)/2021,NH_SEC_3D,Competent Authority Land Acquisition (CALA) / SDM Augustmuni Revenue Division,LOOPBACK,40.0,22.0,55.0,600,180,1,CALA Section 3G compensation award disputed in District Court; physical possession stalled for 18.0 Ha.
618208,Construction and upgradation of existing road to 2-lane with paved shoulder from existing chainage Km 509.725 to Km 528.000 design chainage Km 490.550 to Km 507.850 of NH-58 new NH-07 Benakuli bend to Mana Village in EPC mode under Chardham Programme in the State of Uttarakhand.,Uttarakhand,Roads & Highways,S.O. 3955(E)/2018,NH_SEC_3D,Competent Authority Land Acquisition (CALA) / SDM Uttarakhand Central Revenue Division,APPROVED,50.0,50.0,100.0,97,180,0,100% land possession handed over to executing agency under Section 3D/19 mutation certificate.
618393,"Construction for Mitigation Measures  of 10 Nos. Landslides, 01 No. Sinking Zones and 1 No. of Minor Bridge in between at Ch. Km 368.00 to Km 433.00 on NH-07 on EPC Mode in Uttarakhand Package-1",Uttarakhand,Roads & Highways,S.O. 4164(E)/2022,NH_SEC_3D,Competent Authority Land Acquisition (CALA) / SDM Uttarakhand Central Revenue Division,APPROVED,69.0,69.0,100.0,108,180,0,100% land possession handed over to executing agency under Section 3D/19 mutation certificate.
618391,"Construction for Mitigation Measures of 5 Nos. Landslides, 05 No. Sinking Zones and 01 No. Bridge from Ch. 450.00 to Ch. 468.00 18 Km. Length on NH-07 Package-III",Uttarakhand,Roads & Highways,S.O. 4103(E)/2023,NH_SEC_3D,Competent Authority Land Acquisition (CALA) / SDM Uttarakhand Central Revenue Division,QUERY_RAISED,43.0,31.39,73.0,220,180,1,Section 3H disbursement in progress; joint revenue measurement (JGM) completed for 73.0% alignment.
618392,"Construction for Mitigation Measures of 5 Nos. Landslides, 5 Nos. Sinking Zones in between Ch. 433.00 to 450.00 BANERPANI VILLAGE on NH-07 on EPC mode in the state of Uttarakhand Package-2",Uttarakhand,Roads & Highways,S.O. 4884(E)/2022,NH_SEC_3D,Competent Authority Land Acquisition (CALA) / SDM Uttarakhand Central Revenue Division,APPROVED,49.0,49.0,100.0,81,180,0,100% land possession handed over to executing agency under Section 3D/19 mutation certificate.
617929,Construction of 2 lane with paved shoulder of Kund Bypass from Design Km 35.130 to Km 47.700 existing Km 33.130 to Km 41.260 of NH-109 in the State of Uttarakhand,Uttarakhand,Roads & Highways,S.O. 2027(E)/2022,NH_SEC_3D,Competent Authority Land Acquisition (CALA) / SDM Kund Revenue Division,LOOPBACK,52.0,27.04,52.0,600,180,1,CALA Section 3G compensation award disputed in District Court; physical possession stalled for 25.0 Ha.
619293,Construction of 4 Lane Access Controlled Bypass for Dehradun on NH307 from Design Chainage km 0050 Jhajra on NH-07 to Design Chainage km 12220 Asharori on EPC Mode in the State of Uttarakhand under NHO,Uttarakhand,Roads & Highways,S.O. 3231(E)/2023,NH_SEC_3D,Competent Authority Land Acquisition (CALA) / SDM Controlled Revenue Division,APPROVED,66.0,66.0,100.0,96,180,0,100% land possession handed over to executing agency under Section 3D/19 mutation certificate.
619142,Construction of 4-lane connectivity to Banbasa ICP at India Nepal border from NH-09 old NH-125 Sitarganj-Tanakpur at Km 40.00 near Jagbuda bridge under Bharatmala Priyojana of NH-109D on EPC mode in the State of Uttarakhand,Uttarakhand,Roads & Highways,S.O. 1267(E)/2019,NH_SEC_3D,Competent Authority Land Acquisition (CALA) / SDM Uttarakhand Central Revenue Division,LOOPBACK,67.0,48.24,72.0,600,180,1,CALA Section 3G compensation award disputed in District Court; physical possession stalled for 18.8 Ha.
617890,Construction of Champawat Bypass with two lane with paved shoulder configuration starting from existing chainage 121.700 to existing chainage 129.450 Design Length 9.847 of NH-125 in District-Champawat in the state of Uttrakhand on EPC mode.,Uttarakhand,Roads & Highways,S.O. 2359(E)/2018,NH_SEC_3D,Competent Authority Land Acquisition (CALA) / SDM Champawat Revenue Division,APPROVED,59.0,59.0,100.0,49,180,0,100% land possession handed over to executing agency under Section 3D/19 mutation certificate.
617967,Construction of Rudraprayag tunnel of length 900.30 MTR including approaches and one major bridge on river Alaknanda connecting NH-107/old-109 to NH-07old-58 on EPC mode in the state of Uttarakhand.,Uttarakhand,Roads & Highways,S.O. 3005(E)/2022,NH_SEC_3D,Competent Authority Land Acquisition (CALA) / SDM Uttarakhand Central Revenue Division,QUERY_RAISED,40.0,30.0,75.0,195,180,1,Section 3H disbursement in progress; joint revenue measurement (JGM) completed for 75.0% alignment.
618390,"Construction, Operation & Maintenance of 2-L Bi-directional Silkyara Bend- Barkot Tunnel with escape passage including approaches Tunnel-4.531 & Approach road- 0.328 on Dharasu-Yamunotri section b/w Chainage 25.400km and 51.00km falling along NH-134 Old NH-94 on EPC mode",Uttarakhand,Roads & Highways,S.O. 1976(E)/2019,NH_SEC_3D,Competent Authority Land Acquisition (CALA) / SDM Uttarakhand Central Revenue Division,LOOPBACK,56.0,34.16,61.0,600,180,1,CALA Section 3G compensation award disputed in District Court; physical possession stalled for 21.8 Ha.
619295,Four/Six laning of Bhaniyawala-Jollygrant-Rishikesh spur section of NH-07 from Km. 0.000 to Km 19.780,Uttarakhand,Roads & Highways,S.O. 1431(E)/2023,NH_SEC_3D,Competent Authority Land Acquisition (CALA) / SDM Uttarakhand Central Revenue Division,APPROVED,61.0,61.0,100.0,103,180,0,100% land possession handed over to executing agency under Section 3D/19 mutation certificate.
618211,Improvement/construction of 2-lane with paved shoulder of Askote Llipulekh road from Tawaghat village to Budhi village design km. 56935 to km 95748 and from end of Tunnel portal to Kali Mandir design km 113828 to km. 133078 [total design length  58.063 km] under project Hirak of BRO in the state of Uttarakhand under Bharatmala Pariyojna on EPC Mode,Uttarakhand,Roads & Highways,S.O. 2503(E)/2022,NH_SEC_3D,Competent Authority Land Acquisition (CALA) / SDM Uttarakhand Central Revenue Division,APPROVED,48.0,48.0,100.0,56,180,0,100% land possession handed over to executing agency under Section 3D/19 mutation certificate.
617888,Landslide treatment work on NH 58 from Kodiyala Km. 266.130 to Devprayag Km. 296.925 10 location under EPC mode in the State of Uttarakhand on EPC Mode,Uttarakhand,Roads & Highways,S.O. 2951(E)/2021,NH_SEC_3D,Competent Authority Land Acquisition (CALA) / SDM Uttarakhand Central Revenue Division,QUERY_RAISED,66.0,53.46,81.0,220,180,1,Section 3H disbursement in progress; joint revenue measurement (JGM) completed for 81.0% alignment.
617970,Reconstruction of existing 2 L/IL to 2L with paved shoulder from existing km 52.200 to 92.880 of NH-,Uttarakhand,Roads & Highways,S.O. 5287(E)/2023,NH_SEC_3D,Competent Authority Land Acquisition (CALA) / SDM Uttarakhand Central Revenue Division,QUERY_RAISED,57.0,43.89,77.0,220,180,1,Section 3H disbursement in progress; joint revenue measurement (JGM) completed for 77.0% alignment.
618218,Rehabilitation & upgradation of existing road to 2-lane with hard shoulder from Joshimath km 0.00 to Saraithota km 29.725 road on NH-107B under Bharatmala Pariyojna on EPC mode in the state of Uttarakhand,Uttarakhand,Roads & Highways,S.O. 5298(E)/2019,NH_SEC_3D,Competent Authority Land Acquisition (CALA) / SDM Uttarakhand Central Revenue Division,QUERY_RAISED,48.0,42.24,88.0,220,180,1,Section 3H disbursement in progress; joint revenue measurement (JGM) completed for 88.0% alignment.
618119,Rehabilitation and up-gradation to 2-lane configuration of Bageshwar to Kangarchina road from km 129.600 to Km 161.600 Existing Chainage 136.00 to Km 169.00 of NH-309Ain the State of Uttarakhand Package-IV under NHO Annual Plan 2021-22,Uttarakhand,Roads & Highways,S.O. 2926(E)/2020,NH_SEC_3D,Competent Authority Land Acquisition (CALA) / SDM Uttarakhand Central Revenue Division,APPROVED,51.0,51.0,100.0,85,180,0,100% land possession handed over to executing agency under Section 3D/19 mutation certificate.
617974,Rehabilitation and upgradation of 2 lane with paved shoulder from existing km. 195.175 to km. 220.000 Design Chainage km71.300 to Km. 95.947 Excluding existing chainage Km 200.300 to Km 202.400 Design chainage Km 76.400 to Km 78.400 on Dharasu to Yamunotri Road of NH- 134 Old NH-94,Uttarakhand,Roads & Highways,S.O. 2849(E)/2020,NH_SEC_3D,Competent Authority Land Acquisition (CALA) / SDM Uttarakhand Central Revenue Division,APPROVED,64.0,64.0,100.0,77,180,0,100% land possession handed over to executing agency under Section 3D/19 mutation certificate.
618210,Rehabilitation and upgradation of Askot-Lipulekh on EPC Basis for Phase-I Existing Km 72.00 to 107.620 Design Chainage Km 21330 to Km 56935 under Project Hirak of BRO in the state of Uttarakhand under Bharatmala Pariyojna Phase-I on EPC Mode Length-35.605 Km CA No EPC/MORT&H/HRK/01/2021-22,Uttarakhand,Roads & Highways,S.O. 1327(E)/2022,NH_SEC_3D,Competent Authority Land Acquisition (CALA) / SDM Uttarakhand Central Revenue Division,LOOPBACK,67.0,48.24,72.0,600,180,1,CALA Section 3G compensation award disputed in District Court; physical possession stalled for 18.8 Ha.
618213,Rehabilitation and Upgradation of road Rishikesh  Dharasu Old NH-94 with 2-lane with paved shoulder from km 76.000 to km 110.000 Design Chainage from km 74.733 to km 107.347 32.614 km including construction of Kamand re-alignment from existing Chainage Km 105.200 to Km 108.600 design chainage Km 103.436 to Km 105.949 - total length 2513 mtrs and land slide treatment work between design chainage Km 73.800 to Km 74.00 200m on EPC mode under improvement to NH connectivity to Chardham in,Uttarakhand,Roads & Highways,S.O. 2566(E)/2022,NH_SEC_3D,Competent Authority Land Acquisition (CALA) / SDM Uttarakhand Central Revenue Division,LOOPBACK,61.0,31.11,51.0,600,180,1,CALA Section 3G compensation award disputed in District Court; physical possession stalled for 29.9 Ha.
618214,Rehabilitation and upgradation to 2 lane / 2 lane with paved shoulder configuration for design chainage km 107.347 to km 129.208 & km 133.878 to km 138.570 existing chainage km 110.000 to km 133.020 & km 137.330 to km 142.028 and land slide treatment at existing km 138.500 Design chainage km 134.970 of NH -94 on EPC mode under improvement to NH connectivity to Chardham in the state of Uttarakhand.,Uttarakhand,Roads & Highways,S.O. 2295(E)/2018,NH_SEC_3D,Competent Authority Land Acquisition (CALA) / SDM Uttarakhand Central Revenue Division,LOOPBACK,45.0,22.5,50.0,600,180,1,CALA Section 3G compensation award disputed in District Court; physical possession stalled for 22.5 Ha.
617975,Rehabilitation and upgradation to 2 lane with paved shoulder configuration from km 122.00 Dharasu Bend to km 147.230 Silkyara Bend of NH-94 in the state of Uttarakhand,Uttarakhand,Roads & Highways,S.O. 2419(E)/2018,NH_SEC_3D,Competent Authority Land Acquisition (CALA) / SDM Uttarakhand Central Revenue Division,LOOPBACK,44.0,23.76,54.0,600,180,1,CALA Section 3G compensation award disputed in District Court; physical possession stalled for 20.2 Ha.
618040,Rehabilitation and Upgradation to Two lanes with Paved Shoulders configuration and Strengthening from Km 175.00 to Km 196.00 Gumkhal to Satpuli of NH-119 New NH-534 in the State of Uttarakhand under NHO Annual Plan 2021-22 under EPC mode,Uttarakhand,Roads & Highways,S.O. 3521(E)/2018,NH_SEC_3D,Competent Authority Land Acquisition (CALA) / SDM Uttarakhand Central Revenue Division,APPROVED,71.0,71.0,100.0,86,180,0,100% land possession handed over to executing agency under Section 3D/19 mutation certificate.
618041,Rehabilitation and upgrading to two lanes with paved shoulders and Strengthening of Kotdwar-Pauri-Srinagar road section from Km 232.00 to 274.470 on NH-119 New 534 Paidul to Srinagar in the State of Uttarakhand on EPC Mode under NHO Annual Plan 2021-22.,Uttarakhand,Roads & Highways,S.O. 5120(E)/2023,NH_SEC_3D,Competent Authority Land Acquisition (CALA) / SDM Uttarakhand Central Revenue Division,APPROVED,60.0,60.0,100.0,59,180,0,100% land possession handed over to executing agency under Section 3D/19 mutation certificate.
619294,Road Safety Improvement of existing four lane section of Dehradun-Lal Tappar-Nepali Farm Section of NH-7 and Nepali Farm-Motichur NH-34 on EPC Mode in Uttarakhand under NHO.,Uttarakhand,Roads & Highways,S.O. 2016(E)/2018,NH_SEC_3D,Competent Authority Land Acquisition (CALA) / SDM Farm Revenue Division,APPROVED,71.0,71.0,100.0,96,180,0,100% land possession handed over to executing agency under Section 3D/19 mutation certificate.
618212,"STABILIZATION OF LAND SLIDE AND SLOPE PROTECTION AT KM 11.00 TO KM 11.08, 29,730 KM TO 30,060 KM, 30,400 KM TO 31,060 KM, 34,750 KM TO 35,300 KM, 38,950 KM TO 39,030 KM & 39,460 KM TO 39,540 KM TWO LOC CLUBBED, KM 40,400 TO KM 40,650, KM 43,500  KM 43,680,  52,460  RISHIKESH - DHARASU ROAD NH-94 ON EPC MODE IN THE STATE OF UTTARAKHAND. NOSE OF LAND SLIDE - 12 NOS",Uttarakhand,Roads & Highways,S.O. 4904(E)/2022,NH_SEC_3D,Competent Authority Land Acquisition (CALA) / SDM Uttarakhand Central Revenue Division,APPROVED,69.0,69.0,100.0,110,180,0,100% land possession handed over to executing agency under Section 3D/19 mutation certificate.
617889,Treatment of landslide zone from location no. 01 to 28 km 62.860 to 152.750 on NH-12509 in the State of Uttarakhand under EPC mode in NHO Annual Plan 2022-23,Uttarakhand,Roads & Highways,S.O. 5496(E)/2021,NH_SEC_3D,Competent Authority Land Acquisition (CALA) / SDM Uttarakhand Central Revenue Division,LOOPBACK,66.0,46.86,71.0,556,180,1,CALA Section 3G compensation award disputed in District Court; physical possession stalled for 19.1 Ha.
619155,Upgradation and 4L of Haridwar Bypass from Km 0.000 Km 188.100 of NH-58 to Km. 15.100 Km 5.100 of NH 74 PKg-1,Uttarakhand,Roads & Highways,S.O. 5432(E)/2020,NH_SEC_3D,Competent Authority Land Acquisition (CALA) / SDM Haridwar Revenue Division,QUERY_RAISED,67.0,54.94,82.0,220,180,1,Section 3H disbursement in progress; joint revenue measurement (JGM) completed for 82.0% alignment.
618219,Upgradation to 2-lane with Hard shoulder configuration of Suraithota Ch. 29.725 km to Malari Ch. 60.550 km road on NH- 107B under in the state of Uttarakhand.,Uttarakhand,Roads & Highways,S.O. 3768(E)/2022,NH_SEC_3D,Competent Authority Land Acquisition (CALA) / SDM Uttarakhand Central Revenue Division,APPROVED,68.0,68.0,100.0,45,180,0,100% land possession handed over to executing agency under Section 3D/19 mutation certificate.
618039,Widening to 2 Lane from Existing Chainage Km 74.700  Km 100.660 Design Chainage Km 53.365 to Km 78.785 on NH- 507 in the State of Uttarakhand.,Uttarakhand,Roads & Highways,S.O. 3488(E)/2023,NH_SEC_3D,Competent Authority Land Acquisition (CALA) / SDM Uttarakhand Central Revenue Division,APPROVED,68.0,68.0,100.0,104,180,0,100% land possession handed over to executing agency under Section 3D/19 mutation certificate.
618207,Widening to 2-lane with Hard Shoulder configuration of Mana Ch. 0.00 to Mana Pass Ch. 50.987 road on NH-07 under Bharatmala Pariyojna in the state of Uttarakhand under Annual Plan 2022-23 length 50.987,Uttarakhand,Roads & Highways,S.O. 4367(E)/2020,NH_SEC_3D,Competent Authority Land Acquisition (CALA) / SDM Uttarakhand Central Revenue Division,QUERY_RAISED,42.0,32.34,77.0,192,180,1,Section 3H disbursement in progress; joint revenue measurement (JGM) completed for 77.0% alignment.
618823,4 laning of Barasat - Barajaguli Section of NH-12 from Km. 31.000 to Km. 48.679 in the district of North 24 - Parganas,West Bengal,Roads & Highways,S.O. 1153(E)/2018,NH_SEC_3D,Competent Authority Land Acquisition (CALA) / SDM Barajaguli Revenue Division,QUERY_RAISED,48.0,39.84,83.0,220,180,1,Section 3H disbursement in progress; joint revenue measurement (JGM) completed for 83.0% alignment.
618910,4L of Purulia Bypass section from Km 84.030 to Km 94.345 of NH-32,West Bengal,Roads & Highways,S.O. 2213(E)/2018,NH_SEC_3D,Competent Authority Land Acquisition (CALA) / SDM Purulia Revenue Division,LOOPBACK,48.0,27.84,58.0,600,180,1,CALA Section 3G compensation award disputed in District Court; physical possession stalled for 20.2 Ha.
618808,6L Elevated Kona Expressway from Km. 0.145 to Km. 7.337 of NH-117,West Bengal,Roads & Highways,S.O. 1745(E)/2021,NH_SEC_3D,Competent Authority Land Acquisition (CALA) / SDM West Central Revenue Division,QUERY_RAISED,60.0,45.0,75.0,206,180,1,Section 3H disbursement in progress; joint revenue measurement (JGM) completed for 75.0% alignment.
618574,Balance Works of 4L of NH-31D from Km. 113.200 to Km. 154.854 Package-II A Ghoshpukur-Salsalabari Section,West Bengal,Roads & Highways,S.O. 1009(E)/2020,NH_SEC_3D,Competent Authority Land Acquisition (CALA) / SDM Salsalabari Revenue Division,APPROVED,54.0,54.0,100.0,97,180,0,100% land possession handed over to executing agency under Section 3D/19 mutation certificate.
618572,Binnaguri Bypass-Descoped portion of Ghoshpukur-Dhupguri Section of NH-31Dpkg-1,West Bengal,Roads & Highways,S.O. 4460(E)/2019,NH_SEC_3D,Competent Authority Land Acquisition (CALA) / SDM Binnaguri Revenue Division,APPROVED,60.0,60.0,100.0,51,180,0,100% land possession handed over to executing agency under Section 3D/19 mutation certificate.
618825,Bridge over Ganga River at d/s of Farraka Barrage including Approaches connecting Farakka-Raiganj,West Bengal,Roads & Highways,S.O. 1510(E)/2023,NH_SEC_3D,Competent Authority Land Acquisition (CALA) / SDM West Central Revenue Division,LOOPBACK,70.0,31.5,45.0,600,180,1,CALA Section 3G compensation award disputed in District Court; physical possession stalled for 38.5 Ha.
618427,Construction & upgradation of existing road to 2-lane with paved shoulder including geometric improvement of Kafer- Lava More section from km 40.00 to km 61.100 of NH717-A on EPC under SARDP-NE A in state of West Bengal Pkg-VA,West Bengal,Roads & Highways,S.O. 5436(E)/2022,NH_SEC_3D,Competent Authority Land Acquisition (CALA) / SDM West Central Revenue Division,LOOPBACK,66.0,46.86,71.0,600,180,1,CALA Section 3G compensation award disputed in District Court; physical possession stalled for 19.1 Ha.
618429,Construction & upgradation of existing road to 2-lane with paved shoulder including geometric improvement of sect. from Pedong bypass to Reshi Border km 79.700 to km 96.254 of NH-717A under SARDP-NE-A on EPC as part of Alternate connectivity to Gangtok Lava More-Reshi Border  Pkg-VB,West Bengal,Roads & Highways,S.O. 1851(E)/2023,NH_SEC_3D,Competent Authority Land Acquisition (CALA) / SDM West Central Revenue Division,LOOPBACK,56.0,31.36,56.0,600,180,1,CALA Section 3G compensation award disputed in District Court; physical possession stalled for 24.6 Ha.
617893,Construction of additional major Bridge with 4- lane configuration of length 1.48 km on NH-60   NH-14    over River Kangshabati from Km. 117.770 to Km 119.250 and additional major Bridge with 4- lane configuration of length 0.900 km on NH-60   NH-14    over River Shilabati from Km. 173.220 to Km 174.120 in the district of Paschim Medinipur of West Bengal under Annual Plan for FY 2023-24 on EPC mode.   Job No 014-W8-2023-24/527   .,West Bengal,Roads & Highways,S.O. 3888(E)/2019,NH_SEC_3D,Competent Authority Land Acquisition (CALA) / SDM West Central Revenue Division,APPROVED,68.0,68.0,100.0,69,180,0,100% land possession handed over to executing agency under Section 3D/19 mutation certificate.
618430,Construction of alternative highway to Gangtok in Sikkim via Bagrakot -Chuikhim-Nimbong -Kafer-Bakhim-Algarah-Rhenock in the State of West Bengal and from Rhenok-Rorathang-Pakyong along with spur from Aritar-Rolep-Menla in the State of Sikkim from Km 0.00 to Km 13.00 of Bagrakot -Kafer section of NH 717A on EPC Mode under Phase-A of SARDP-NE in the State of West Bengal PKG- IVA,West Bengal,Roads & Highways,S.O. 1377(E)/2019,NH_SEC_3D,Competent Authority Land Acquisition (CALA) / SDM West Central Revenue Division,LOOPBACK,62.0,38.44,62.0,600,180,1,CALA Section 3G compensation award disputed in District Court; physical possession stalled for 23.6 Ha.
618431,Construction of alternative highway to Gangtok in Sikkim via Bagrakot -Chuikhim-Nimbong -Kafer-Bakhim-Algarah-Rhenock in the State of West Bengal and from Rhenok-Rorathang-Pakyong along with spur from Aritar-Rolep-Menla in the State of Sikkim from Km 13.00 to Km 25.60 of Bagrakot -Kafer section of NH 717A on EPC Mode under Phase-A of SARDP-NE in the State of West Bengal PKG- IVB,West Bengal,Roads & Highways,S.O. 2709(E)/2018,NH_SEC_3D,Competent Authority Land Acquisition (CALA) / SDM West Central Revenue Division,QUERY_RAISED,69.0,54.51,79.0,220,180,1,Section 3H disbursement in progress; joint revenue measurement (JGM) completed for 79.0% alignment.
619004,"Construction of Dubrajpur Bypass with 4-lane configuration of length 5.676 km on NH-60   new NH-14    from design chainage 0.00   existing km 316.135 on NH-60    to design chainage 5.676   existing km 320.980 on NH-60    in the district of Birbhum, West Bengal under Annual Plan 2022-23 in EPC Mode- reg.    Job. No. 014-WB-2022-23/518   .",West Bengal,Roads & Highways,S.O. 2530(E)/2019,NH_SEC_3D,Competent Authority Land Acquisition (CALA) / SDM Dubrajpur Revenue Division,APPROVED,65.0,65.0,100.0,91,180,0,100% land possession handed over to executing agency under Section 3D/19 mutation certificate.
617960,Construction of new road at the missing link portion of NH-81 along approved alignment between Harishchandrapur and Eastern approach of Kalindri Bridge from Km 46.550 to Km 59.697 in the district of Malda.,West Bengal,Roads & Highways,S.O. 4633(E)/2020,NH_SEC_3D,Competent Authority Land Acquisition (CALA) / SDM West Central Revenue Division,LOOPBACK,68.0,32.64,48.0,600,180,1,CALA Section 3G compensation award disputed in District Court; physical possession stalled for 35.4 Ha.
617931,Construction of ROB and its approaches in lieu of  LC No. 10/B/T at Km 307.050 of NH-60.,West Bengal,Roads & Highways,S.O. 3717(E)/2020,NH_SEC_3D,Competent Authority Land Acquisition (CALA) / SDM West Central Revenue Division,QUERY_RAISED,42.0,36.54,87.0,220,180,1,Section 3H disbursement in progress; joint revenue measurement (JGM) completed for 87.0% alignment.
617894,"Construction or 4 lane Raniganj Bypass of length 5.261 km on NH-60   new NH-14    from km 273.00 of NH to km 478.18 of NH-2   New NH 16    in paschim Bardhaman, West Bengal in EPC Mode- reg.   Job No. 014-WB-2022-23/514",West Bengal,Roads & Highways,S.O. 3181(E)/2018,NH_SEC_3D,Competent Authority Land Acquisition (CALA) / SDM Raniganj Revenue Division,QUERY_RAISED,41.0,29.11,71.0,220,180,1,Section 3H disbursement in progress; joint revenue measurement (JGM) completed for 71.0% alignment.
618824,"Development to 4-laning of the de-scoped stretches from Km 115.342 to Km 191.700 of NH-34 in Nadia District 3.962 & Murshidabad District 5.538 pertaining to Krishnagar to Berhampore section of NH-34 New NH-12 , in the state of West Bengal under NHO.",West Bengal,Roads & Highways,S.O. 3865(E)/2019,NH_SEC_3D,Competent Authority Land Acquisition (CALA) / SDM Nadia Revenue Division,APPROVED,60.0,60.0,100.0,108,180,0,100% land possession handed over to executing agency under Section 3D/19 mutation certificate.
618227,Development to 4/6-lanning of NH-31 New NH-10 with both side service roads from km 569.258 to km 581.030 end of AH-02 project on NH- 31 near Shivmandir to Sevoke Army Cantonment in districts of Darjeeling and Jalpaiguri in the state of West Bengal on EPC Mode Job No. 010/WB/2021-22/490,West Bengal,Roads & Highways,S.O. 2507(E)/2019,NH_SEC_3D,Competent Authority Land Acquisition (CALA) / SDM West Central Revenue Division,QUERY_RAISED,72.0,55.44,77.0,220,180,1,Section 3H disbursement in progress; joint revenue measurement (JGM) completed for 77.0% alignment.
619187,"Slope protection and landslide mitigation at 4 vulnerable locations km 1.950 to Km 2.100, km 11.100 to 11.450, km 22.435 to km 22.485 and km 22.610 to km 22.680 within Sevoke-Rangpo section of NH-10 old NH-31A in Darjeeling & Kalimpong district in the State of West Bengal on EPC mode",West Bengal,Roads & Highways,S.O. 4186(E)/2021,NH_SEC_3D,Competent Authority Land Acquisition (CALA) / SDM West Central Revenue Division,APPROVED,41.0,41.0,100.0,101,180,0,100% land possession handed over to executing agency under Section 3D/19 mutation certificate.
618328,4-Laning of Balance work of Dimapur-Kohima Road from design km 152.490 to km 166.700 Existing km 156.000 to km 172.900 Excluding Dimapur & Kohima Bypass under SARDP-NE Package-III,Nagaland,Roads & Highways,S.O. 4845(E)/2018,NH_SEC_3D,Competent Authority Land Acquisition (CALA) / SDM Kohima Revenue Division,QUERY_RAISED,60.0,45.0,75.0,160,180,1,Section 3H disbursement in progress; joint revenue measurement (JGM) completed for 75.0% alignment.
618296,Balance work of Construction of 2-lane with hard shoulder of Kohima - Jessami road on NH-29 old NH-150 from existing km 98.380 near Chizami vill. to km120.367 Nagaland/Manipur Border [Design km 95.700 to design km 117.200] [Design Length 21.500 km] in the state of Nagaland Under Bharatmala Pariyojna on EPC Mode Package-V under NHO,Nagaland,Roads & Highways,S.O. 3470(E)/2018,NH_SEC_3D,Competent Authority Land Acquisition (CALA) / SDM Nagaland Central Revenue Division,QUERY_RAISED,45.0,36.0,80.0,132,180,1,Section 3H disbursement in progress; joint revenue measurement (JGM) completed for 80.0% alignment.
618413,Construction of 2 laning with Hard shoulder of Peren-Dimapur section on NH 129A from Design Km 146.208 to Km 163.592 Length- 17.384 km in the state of Nagaland on EPC mode under NHO-TSP Package-III,Nagaland,Roads & Highways,S.O. 4882(E)/2018,NH_SEC_3D,Competent Authority Land Acquisition (CALA) / SDM Nagaland Central Revenue Division,QUERY_RAISED,42.0,30.24,72.0,220,180,1,Section 3H disbursement in progress; joint revenue measurement (JGM) completed for 72.0% alignment.
618297,Construction of 2-lane with hard shoulder of Kohima - Jessami road on NH-29 Old NH-150 from existing Km 30.474 Near Kidwema road Chakahabama to existing Km 53.220 Near Kikruma Village Design Km 29.60 to Km 51.50 Design length-21.90 Km  in the state of Nagaland Under Bharatmala Pariyojna on EPC Mode under NHO Package-II -Balance work,Nagaland,Roads & Highways,S.O. 1195(E)/2021,NH_SEC_3D,Competent Authority Land Acquisition (CALA) / SDM Nagaland Central Revenue Division,QUERY_RAISED,60.0,51.0,85.0,190,180,1,Section 3H disbursement in progress; joint revenue measurement (JGM) completed for 85.0% alignment.
618423,Construction of 2-Lane with hard shoulders of Merangkong-Tamlu-Mon MTM Road from existing Km 20.456 to Km 41.065 Design Km. 20 to Km. 40.0 Design Length-20.000 Km in the State of Nagaland under SARDP-NE Phase-A Pkg-2 Balance work,Nagaland,Roads & Highways,S.O. 4689(E)/2023,NH_SEC_3D,Competent Authority Land Acquisition (CALA) / SDM Nagaland Central Revenue Division,APPROVED,64.0,64.0,100.0,51,180,0,100% land possession handed over to executing agency under Section 3D/19 mutation certificate.
619059,Construction of 2-Lane with hard shoulders of Merangkong-Tamlu-Mon Road on EPC Basis from existing road Km. 76.640 to Km 98.065 Design chainage Km. 63.800 to Km. 86.835 Design Length-23.035 Km in the state of Nagaland under SARDP-NE  PKG-IV Balance work,Nagaland,Roads & Highways,S.O. 5358(E)/2021,NH_SEC_3D,Competent Authority Land Acquisition (CALA) / SDM Nagaland Central Revenue Division,QUERY_RAISED,68.0,59.84,88.0,220,180,1,Section 3H disbursement in progress; joint revenue measurement (JGM) completed for 88.0% alignment.
618422,"Construction of 2-lane with hard shoulders of Merangkong-Tamlu-Mon road Wakching Twon portion on EPC basis from existing Chainage Km 59000 to Km 73640 [Design Km. 59000 to Km, 72450] Design length - 13.450 Km under SARDP-NE package-V  Balance work",Nagaland,Roads & Highways,S.O. 2564(E)/2023,NH_SEC_3D,Competent Authority Land Acquisition (CALA) / SDM Nagaland Central Revenue Division,APPROVED,54.0,54.0,100.0,71,180,0,100% land possession handed over to executing agency under Section 3D/19 mutation certificate.
618290,"Construction of 2-lane with Paved shoulder of Kohima- Bypass Road Connecting NH-39New NH-02, NH-150New NH-02, NH-61New NH-29, NH-39New NH-02 from Design Km 32.00 to Design Km 43.454Design Length-11.454 Km in the State of Nagaland under SARDP-NE on EPC Mode Package-IV",Nagaland,Roads & Highways,S.O. 4768(E)/2022,NH_SEC_3D,Competent Authority Land Acquisition (CALA) / SDM Nagaland Central Revenue Division,LOOPBACK,63.0,39.69,63.0,600,180,1,CALA Section 3G compensation award disputed in District Court; physical possession stalled for 23.3 Ha.
618292,Construction of 2-Lane with paved shoulder of Kohima-Bypass Road connecting New NH-02 and New NH-29 from Design Km 10.500 to design Km 21.000 [Design Length- 10.500 km]  including TUNNEL of 500m at Ch. 11.000 in the state of Nagaland Under SARDP-NE on EPC Mode Package-2,Nagaland,Roads & Highways,S.O. 2654(E)/2022,NH_SEC_3D,Competent Authority Land Acquisition (CALA) / SDM Nagaland Central Revenue Division,QUERY_RAISED,44.0,36.96,84.0,220,180,1,Section 3H disbursement in progress; joint revenue measurement (JGM) completed for 84.0% alignment.
618291,"Construction of 2-lane with Paved shoulder of Kohima-Bypass Road connecting NH- 39 New NH-02, NH150New NH-02, NH7-61 New NH-29 and NH-39 New NH-02 from Design km 21.000 to km 32.268 [Design length11.268 km] in the state of Nagaland Under SARDP-NE on EPC Mode Package- 3",Nagaland,Roads & Highways,S.O. 4467(E)/2018,NH_SEC_3D,Competent Authority Land Acquisition (CALA) / SDM Nagaland Central Revenue Division,APPROVED,72.0,72.0,100.0,79,180,0,100% land possession handed over to executing agency under Section 3D/19 mutation certificate.
618293,"Construction of 2-Lane with paved shoulder of Kohima-Bypass Road connecting NH-39New NH-02, NH-150New NH-02, NH-61New NH-29 and NH-39New NH-02 from design Km 0.00 to Km 10.500 in the State of Nagaland under SARDP-NE on EPC Mode Package-1 -Balance work",Nagaland,Roads & Highways,S.O. 2901(E)/2022,NH_SEC_3D,Competent Authority Land Acquisition (CALA) / SDM Nagaland Central Revenue Division,APPROVED,71.0,71.0,100.0,61,180,0,100% land possession handed over to executing agency under Section 3D/19 mutation certificate.
618329,Construction of 4/6 Laning from Km 132.375 to Km 153.058 Total New Alignment length of 20.683 Km  of Daboka-Dimapur Section Dimapur Bypass Nagaland Portion of NH-36 & 39 in the State of Nagaland on EPC basis  under PhaseA of SARDP-NE,Nagaland,Roads & Highways,S.O. 2899(E)/2020,NH_SEC_3D,Competent Authority Land Acquisition (CALA) / SDM Dimapur Revenue Division,LOOPBACK,74.0,39.96,54.0,600,180,1,CALA Section 3G compensation award disputed in District Court; physical possession stalled for 34.0 Ha.
618414,Construction of Balance work for 2-lane with hard shoulder of Peren- Dimapur section on NH-129A from Design Km 126.775 to Km 146.208 Length 19.433 Km in the state of Nagaland on EPC mode under NHO-TSP Package-II,Nagaland,Roads & Highways,S.O. 3913(E)/2023,NH_SEC_3D,Competent Authority Land Acquisition (CALA) / SDM Nagaland Central Revenue Division,APPROVED,48.0,48.0,100.0,81,180,0,100% land possession handed over to executing agency under Section 3D/19 mutation certificate.
617886,Widening of existing Single lane / Intermediate lane road to 2 lane from Km 101 to Km 125 of NH 61,Nagaland,Roads & Highways,S.O. 1371(E)/2019,NH_SEC_3D,Competent Authority Land Acquisition (CALA) / SDM Nagaland Central Revenue Division,QUERY_RAISED,46.0,37.26,81.0,150,180,1,Section 3H disbursement in progress; joint revenue measurement (JGM) completed for 81.0% alignment.
618002,Widening of existing single lane to intermediate lane road from Mokokchung to Chare via Dikhu in the state of Nagaland on EPC mode,Nagaland,Roads & Highways,S.O. 1490(E)/2018,NH_SEC_3D,Competent Authority Land Acquisition (CALA) / SDM Nagaland Central Revenue Division,APPROVED,50.0,50.0,100.0,101,180,0,100% land possession handed over to executing agency under Section 3D/19 mutation certificate.
618364,"Widening to 2 Lane with Hard shoulder of Akegwo-Avangkhu section of NH-202K for Package-I Design Chainage 0000 Km to 34795 Km, in the State of Nagaland on EPC mode under NH O-NE",Nagaland,Roads & Highways,S.O. 2871(E)/2018,NH_SEC_3D,Competent Authority Land Acquisition (CALA) / SDM Nagaland Central Revenue Division,APPROVED,56.0,56.0,100.0,107,180,0,100% land possession handed over to executing agency under Section 3D/19 mutation certificate.
618366,Widening to 2 Lane with Hard shoulder of Akegwo-Avangkhu section of NH-202K for Package-II Design Chainage 34795 Km to 69875 Km in the State of Nagaland on EPC mode under NHO-NE,Nagaland,Roads & Highways,S.O. 5247(E)/2018,NH_SEC_3D,Competent Authority Land Acquisition (CALA) / SDM Nagaland Central Revenue Division,APPROVED,72.0,72.0,100.0,60,180,0,100% land possession handed over to executing agency under Section 3D/19 mutation certificate.
618365,Widening to 2 Lane with Hard shoulder of Akegwo-Avangkhu section of NH-202K for Package-III Design Chainage 69875 Km to 106816 Km in the State of Nagaland on EPC mode under NHO-NE,Nagaland,Roads & Highways,S.O. 1887(E)/2020,NH_SEC_3D,Competent Authority Land Acquisition (CALA) / SDM Nagaland Central Revenue Division,APPROVED,52.0,52.0,100.0,48,180,0,100% land possession handed over to executing agency under Section 3D/19 mutation certificate.
618072,Widening to Existing single lane /intermediate lane to 2 lane from Km185.00 to Km 220.00 of NH-61 New NH-02 in the state of Nagaland.,Nagaland,Roads & Highways,S.O. 3365(E)/2022,NH_SEC_3D,Competent Authority Land Acquisition (CALA) / SDM Nagaland Central Revenue Division,QUERY_RAISED,40.0,30.0,75.0,220,180,1,Section 3H disbursement in progress; joint revenue measurement (JGM) completed for 75.0% alignment.
