paimana_idx,project_id,project_name,state,sector,reason,best_candidate
0,706718,C/o NITB Imphal Airport,,Aviation & Aviation Infrastructure,No FC proposals found for state+category,
1,701121,Construction of New  Domestic Terminal Building  at Rajahmundry Airport.,,Aviation & Aviation Infrastructure,No FC proposals found for state+category,
2,701101,"Construction of New Domestic Terminal Building [Phase-I and II] and other allied structures at JPNI Airport, Patna",,Aviation & Aviation Infrastructure,No FC proposals found for state+category,
3,612788,Construction of New Domestic Terminal Building and Miscellaneous Works at Belagavi Airport.,,Aviation & Aviation Infrastructure,No FC proposals found for state+category,
4,612787,Construction of New Domestic Terminal Building and Miscellaneous works at Hubli Airport,,Aviation & Aviation Infrastructure,No FC proposals found for state+category,
5,612786,"Construction of New Domestic Terminal Building Building and miscellaneous works including maintenance, operations and AICMC at Kadapa Airport",,Aviation & Aviation Infrastructure,No FC proposals found for state+category,
6,701128,Construction of New Integrated Passenger Terminal Building at Udaipur Airport,,Aviation & Aviation Infrastructure,No FC proposals found for state+category,
7,701107,Construction of New Integrated Terminal Building and associated works including apron to park 3 code E type of aircraft or 6 code C type of aircraft at Vijayawada Airport.,,Aviation & Aviation Infrastructure,No FC proposals found for state+category,
8,701127,Construction of New Passenger Terminal Building for Domestic Operations at Jodhpur Airport.,,Aviation & Aviation Infrastructure,No FC proposals found for state+category,
9,612063,"Construction of New Terminal Building, Second Link Taxi Track, Apron Expansion, and associated works at Prayagraj Airport- On Design & Build Basis.",,Aviation & Aviation Infrastructure,No FC proposals found for state+category,
10,611047,"Construction of NTB complex including apron, taxi track and other associated civil works and electrical & mechanical installations towards Tawi River side at CA Jammu.",,Aviation & Aviation Infrastructure,No FC proposals found for state+category,
11,400010,"Construction of Terminal Building & Associated works at Leh Airport, Ladakh",,Aviation & Aviation Infrastructure,No FC proposals found for state+category,
12,612789,"Development of additional RESA on either end on Runway 10-28  at Calicut Airport.  Construction of embankment with slope protection, drainage system and associated works for additional RESA on either end on Runway 10-28",,Aviation & Aviation Infrastructure,No FC proposals found for state+category,
13,701126,"Development of Dholera International Greenfield Airport , Gujarat",,Aviation & Aviation Infrastructure,No FC proposals found for state+category,
14,619054,Development of Keshod Airport.,,Aviation & Aviation Infrastructure,No FC proposals found for state+category,
15,701113,"Development of Lal Bahadur Shastri International airport, Varanasi including C/o New Terminal Building, Apron Extension, Runway Extension, PTT and allied works.",,Aviation & Aviation Infrastructure,No FC proposals found for state+category,
16,612194,Development of New Civil Enclave and associated works at Darbhanga Airport,,Aviation & Aviation Infrastructure,No FC proposals found for state+category,
17,611495,Development of New Civil Enclave at Bagdogra Airport,,Aviation & Aviation Infrastructure,No FC proposals found for state+category,
18,612183,Development of New Civil Enclave at Bihta,,Aviation & Aviation Infrastructure,No FC proposals found for state+category,
19,618977,"Development of New Greenfield Airport at Bundi, Kota Rajasthan.",,Aviation & Aviation Infrastructure,No FC proposals found for state+category,
20,701122,Development of New Integrated Civil Enclave at Agra Airport,,Aviation & Aviation Infrastructure,No FC proposals found for state+category,
21,701105,Goa Airport Terminal Building Extension Project,,Aviation & Aviation Infrastructure,No FC proposals found for state+category,
22,706724,Guwahati Airport New Integrated Terminal Building Construction Project,,Aviation & Aviation Infrastructure,No FC proposals found for state+category,
23,701091,Lucknow Airport-Terminal 3- Phase 1 & Other Associated Works,,Aviation & Aviation Infrastructure,No FC proposals found for state+category,
24,611602,"Modernization of Chennai Airport, Phase II, Part 2",,Aviation & Aviation Infrastructure,No FC proposals found for state+category,
25,611440,Procurment of 30 Nos ACFTs of WT Capacity 10KL at Various Airports,,Aviation & Aviation Infrastructure,No FC proposals found for state+category,
26,612791,"Re-Construction of Rigid portions of Secondary Runway, K and  A Taxiway and Strengthening of C Taxiway at NSCBI Airport Kolkata.",,Aviation & Aviation Infrastructure,No FC proposals found for state+category,
27,611570,"SITC of ATM Automation System and ASMGCS [Including SMR & MLAT] for Mumbai, Navi Mumbai, Jewar [earlier MOPA, without ASMGCS], HIAL & BIAL",,Aviation & Aviation Infrastructure,No FC proposals found for state+category,
28,612793,"Widening of basic strip at Western Side of Runway Chainage 80m to 920m i/c slope stabilization Measures [Balance work] of uphill and Improvement of Storm Water Drainage System at Pakyong Airport, Sikkim on design & build basis [EPC] with integrated 10 years maintenance.",,Aviation & Aviation Infrastructure,No FC proposals found for state+category,
29,613800, JAGANNATHPUR OC RCE PROJECT,,Coal,Best score 15 < threshold 45,Forest Diversion Proposal (19.56 Ha including 2.17 Ha of safety zone and 9.87 ha. of broken area and
30,400142, Pachwara South Coal Block,,Coal,Best score 34 < threshold 45,Forest Diversion Proposal (19.56 Ha including 2.17 Ha of safety zone and 9.87 ha. of broken area and
31,611016,2.0 MTPA BHOJUDIH NLW WASHERY,,Coal,Best score 12 < threshold 45,Forest Diversion Proposal (19.56 Ha including 2.17 Ha of safety zone and 9.87 ha. of broken area and
32,611017,2.5 MTPA PATHERDIH NLW WASHERY,,Coal,No FC proposals found for state+category,
33,616223,ADASA UG TO OC MINE,,Coal,No FC proposals found for state+category,
34,400148,AMADAND OCP[4.0MTY],,Coal,No FC proposals found for state+category,
35,616229,AMAL GONDEGAON GHATROHANA EXPN,,Coal,No FC proposals found for state+category,
36,611864,AMALAGAMATED NTST KUJAMA OCP 8.5MTY,,Coal,No FC proposals found for state+category,
37,615185,AMALGAMATED DHANKASA & JAMUNIA,,Coal,No FC proposals found for state+category,
38,616050,AMALGAMATED INDER-KAMPTEE DEEP,,Coal,No FC proposals found for state+category,
39,400177,AMALGAMATED YEKONA I & YEKONA,,Coal,No FC proposals found for state+category,
40,613798,AMERA OC RCE [1.0 MTY],,Coal,No FC proposals found for state+category,
41,613799,AMGAON OC RCE [1.0 MTY],,Coal,No FC proposals found for state+category,
42,615916,AMLG GAURI PAUNI EXPANSION OC,,Coal,No FC proposals found for state+category,
43,616233,BALABHADRA OCP,,Coal,No FC proposals found for state+category,
44,400183,BALARAM EXPANSION OCP,,Coal,No FC proposals found for state+category,
45,615330,BALLARPUR NORTH WEST OC MINE,,Coal,No FC proposals found for state+category,
46,400149,BAROUD OC EXPANSION [3.0-10.0M,,Coal,No FC proposals found for state+category,
47,615193,BASUNDHARA WEST EXTENSION OPEN,,Coal,No FC proposals found for state+category,
48,400392,BHARATPUR RE-ORGANIZATION OCP,,Coal,No FC proposals found for state+category,
49,400033,BHATADI EXPANSION OC,,Coal,No FC proposals found for state+category,
52,400369,BINA KAKRI AMALGAMATION EXPANS,,Coal,No FC proposals found for state+category,
53,400162,BLOCK B EXPANSION  [3.5 TO 8.0,,Coal,No FC proposals found for state+category,
54,616253,BLOCK E OCP,,Coal,No FC proposals found for state+category,
55,400180,BONJEMEHARI EXPANSION OCP,,Coal,No FC proposals found for state+category,
56,400138,CHANDRAGUPT OCP,,Coal,No FC proposals found for state+category,
57,400145,CHHAL OC SEAM III [6 MTY],,Coal,No FC proposals found for state+category,
58,400172,CHITRA EAST OC,,Coal,No FC proposals found for state+category,
59,616225,CHUPERBHITA SIMLONG OCP MDO 6,,Coal,No FC proposals found for state+category,
60,400353,DHUPTALA OC [SASTI UG TO OC ],,Coal,No FC proposals found for state+category,
61,400178,DINESH[MAKARDHOKRA-III] OC,,Coal,No FC proposals found for state+category,
62,400354,DIPKA EXPANSION OCP [40 MTY],,Coal,No FC proposals found for state+category,
63,612838,DIPKA OC,,Coal,No FC proposals found for state+category,
64,400156,EPR AMRAPALI OCP,,Coal,No FC proposals found for state+category,
65,400155,EPR ASHOK OC,,Coal,No FC proposals found for state+category,
66,400154,EPR PUNDI OCP,,Coal,No FC proposals found for state+category,
67,400153,EPR ROHINI - KARKETTA OCP,,Coal,No FC proposals found for state+category,
68,615331,GADEGAON OC 3 MTY,,Coal,No FC proposals found for state+category,
69,615206,GANDHIGRAM UG MINE,,Coal,No FC proposals found for state+category,
70,615917,GAURIDEEP/GAURI CENTRAL OCP 7.,,Coal,No FC proposals found for state+category,
71,400424,GEVRA OC [70 MTY],,Coal,No FC proposals found for state+category,
72,615914,GHONSA EXPANSION DEEP OC MINE,,Coal,No FC proposals found for state+category,
73,615860,Godavarikhani Coal Mine - 5,,Coal,No FC proposals found for state+category,
74,615192,GOKUL EXTENSION OC MINE,,Coal,No FC proposals found for state+category,
75,615862,Goleti Opencast Mine,,Coal,No FC proposals found for state+category,
76,400185,GOPALJI KANIHA OCP [10 TO 30 M,,Coal,No FC proposals found for state+category,
77,616232,HINGULA II OC EXPN PH III 15 M,,Coal,No FC proposals found for state+category,
78,400018,HURA C OCP,,Coal,No FC proposals found for state+category,
79,615861,Indaram Opencast Project,,Coal,No FC proposals found for state+category,
80,616226,INTEGRATED KULDA GARJANBAHAL O,,Coal,No FC proposals found for state+category,
81,400187,INTEGRATED LAKHANPUR-BELPAHAR-,,Coal,No FC proposals found for state+category,
82,612816,ITAPARA OCP,,Coal,No FC proposals found for state+category,
83,613795,JAMPALI OC RCE [2.0 MTY],,Coal,No FC proposals found for state+category,
84,616236,JARANGDIH EXPN. OCP 1.5 MTY,,Coal,No FC proposals found for state+category,
85,615818,Jawahar Khani Open Cast Mine,,Coal,No FC proposals found for state+category,
86,619032,JAYANT EXPN. [20 TO 38 MTPA],,Coal,No FC proposals found for state+category,
87,400312,JHANJRA EXPANSION UG,,Coal,No FC proposals found for state+category,
88,400352,JHARKHAND-LAIYO OCP,,Coal,No FC proposals found for state+category,
89,613803,JHIRIA WEST OCP [1.5 MTY],,Coal,No FC proposals found for state+category,
90,615859,Kakathiya Khani Opencast - III Project Phase - I,,Coal,No FC proposals found for state+category,
91,615865,Kakatiyakhani OC - 2 Project,,Coal,No FC proposals found for state+category,
92,615858,Kalyanikhani Opencast Project,,Coal,No FC proposals found for state+category,
93,613802,KANCHAN OC EXP,,Coal,No FC proposals found for state+category,
94,400074,KARO EXPANSION OCP,,Coal,No FC proposals found for state+category,
95,615191,KATKONA RO UG MINE,,Coal,No FC proposals found for state+category,
96,615183,KHADIA EXPANSION [10 TO 16 MTP,,Coal,No FC proposals found for state+category,
97,617278,KOLARPIMPRI EXPANSION OC [2.5,,Coal,No FC proposals found for state+category,
98,615199,KOLGAON EXPANSION DEEP OC MINE,,Coal,No FC proposals found for state+category,
99,400073,KONAR EXPANSION OCP,,Coal,No FC proposals found for state+category,
100,400139,KOTRE BASANTPUR PACHMO OCP,,Coal,No FC proposals found for state+category,
101,400147,KUSMUNDA OC EXPANSION [15 TO 50 MTY],,Coal,No FC proposals found for state+category,
102,617287,KUSMUNDA OC EXPANSION PROJECT,,Coal,No FC proposals found for state+category,
103,619172,MADANNAGAR OCP 12 MTY - MDO,,Coal,No FC proposals found for state+category,
104,613801,MAHAMAYA OCP [1.50 MTY],,Coal,No FC proposals found for state+category,
105,615189,MAKARDHOKRA EXPN OC 4.9 MTY,,Coal,No FC proposals found for state+category,
106,617288,MANIKPUR OC EXPANSION PROJECT,,Coal,No FC proposals found for state+category,
107,400313,Master Plan for Jharia and Raniganj Coalfields,,Coal,No FC proposals found for state+category,
108,400173,MOHANPUR EXPANSION OC -PHASE I,,Coal,No FC proposals found for state+category,
109,400425,MOONIDIH XV SEAM UG,,Coal,No FC proposals found for state+category,
110,613808,MURAIDIH UG PROJECT,,Coal,No FC proposals found for state+category,
111,615919,N. EXTN. MUNGOLI NIRGUDA D OCP,,Coal,No FC proposals found for state+category,
112,615857,Naini Coal Mine,,Coal,No FC proposals found for state+category,
113,400181,NAKRAKONDA KUMARDIH- B OCP,,Coal,No FC proposals found for state+category,
114,615188,NEW MAJRI UG TO OC 3 MTY COST,,Coal,No FC proposals found for state+category,
115,400321,NIGAHI EXPANSION [15 TO 25 MTP,,Coal,No FC proposals found for state+category,
116,615982,NILJAI EXPANSION DEEP  OCP,,Coal,No FC proposals found for state+category,
117,617764,North Dhadu Western Part OCP,,Coal,No FC proposals found for state+category,
118,400151,NORTH URIMARI EXPANSION OCP,,Coal,No FC proposals found for state+category,
119,616230,PARASCOLE JAMBAD OCP,,Coal,No FC proposals found for state+category,
120,613794,PARASEA-BELBAID UG PROJECT,,Coal,No FC proposals found for state+category,
121,616234,PELMA OC MDO,,Coal,No FC proposals found for state+category,
122,400144,PORDA CHIMTAPANI OCP [10 MTY],,Coal,No FC proposals found for state+category,
123,400160,RAJRAPPA RCE OCP,,Coal,No FC proposals found for state+category,
124,615864,Ramagundam OC-II Extension Project,,Coal,No FC proposals found for state+category,
125,400152,RAMPUR BATURA OCP [4.0MTY],,Coal,No FC proposals found for state+category,
126,617416,"Revised Jharia Master Plan for Dealing with Fire, Subsidence & Rehabilitation of affected families in Jharia Coalfield- Reg.",,Coal,No FC proposals found for state+category,
127,619171,RPR FOR DURGAPUR OCP 10 MTY,,Coal,No FC proposals found for state+category,
128,619053,RPR FOR RAMPUR BATURA OCP,,Coal,No FC proposals found for state+category,
129,400150,RPR MAGADH EXP OCP,,Coal,No FC proposals found for state+category,
130,615918,RPR OF BHANEGAON OC,,Coal,No FC proposals found for state+category,
131,615187,RPR OF VISHNUPURI UG TO OC,,Coal,No FC proposals found for state+category,
132,613804,RPR TAWA-III UG 0.84 MTY,,Coal,No FC proposals found for state+category,
133,400136,SANGHMITRA OC,,Coal,No FC proposals found for state+category,
134,615184,SAONER UG MINE -1 EXPANSION 1.,,Coal,No FC proposals found for state+category,
135,619055,SAONER-III EXPN UG MINE 1.54,,Coal,No FC proposals found for state+category,
136,615186,SASTI  EXPANSION OPENCAST,,Coal,No FC proposals found for state+category,
137,615195,SHARDA UG MINE,,Coal,No FC proposals found for state+category,
138,613793,SHYAMSUNDARPUR UG INCLUDING SA,,Coal,No FC proposals found for state+category,
139,400166,SIARMAL OCP,,Coal,No FC proposals found for state+category,
140,400182,SIDULI [OC & UG],,Coal,No FC proposals found for state+category,
141,615190,SINGHORI DEEP OC MIN 2.0 MTY,,Coal,No FC proposals found for state+category,
142,615822,SIRKA OC,,Coal,No FC proposals found for state+category,
143,400315,SONEPUR BAZARI EXPANSION OCP [,,Coal,No FC proposals found for state+category,
144,400165,SUBHADRA OCP,,Coal,No FC proposals found for state+category,
145,618982,Talabira II & III OCP - FMC,,Coal,No FC proposals found for state+category,
146,615349,TAPIN SOUTH EXPN,,Coal,No FC proposals found for state+category,
147,615843,TETARIAKHAR OC,,Coal,No FC proposals found for state+category,
148,615820,TIKAK EXTENSION OCP,,Coal,No FC proposals found for state+category,
149,400186,TILABONI UG,,Coal,No FC proposals found for state+category,
150,615821,TIRAP OCP,,Coal,No FC proposals found for state+category,
151,616044,UKNI DEEP OC MINE -COST PLUS,,Coal,No FC proposals found for state+category,
152,615194,URDHAN EXPANSION OC COST PLUS,,Coal,No FC proposals found for state+category,
153,615863,Venkatesh Khani Coal Mine,,Coal,No FC proposals found for state+category,
154,617233,WAGHODA UG MINE [1.02 MTY],,Coal,No FC proposals found for state+category,
155,603293,Badam Coal Mining project of NTPC,,Coal,No FC proposals found for state+category,
156,400192,Tubed Coal Mine,,Coal,No FC proposals found for state+category,
195,618992,100 MW SPP part of SECI 150 MW Hybrid,,Electricity Generation,No FC proposals found for state+category,
196,618991,200 MW SPP part of 510 MW CPSU scheme,,Electricity Generation,No FC proposals found for state+category,
197,612819,300 MW SPP part of 510 MW CPSU scheme,,Electricity Generation,No FC proposals found for state+category,
198,615327,50 MW Solar PP Minedout Area,,Electricity Generation,No FC proposals found for state+category,
199,617299,50 MW Wind Power Project,,Electricity Generation,No FC proposals found for state+category,
200,617730,600 MW Khavda Solar Power Project,,Electricity Generation,No FC proposals found for state+category,
201,618981,810 MW Solar Power Project - Rajasthan,,Electricity Generation,No FC proposals found for state+category,
202,400259,Ghatampur Thermal Power Plant 3 X 660 MW,,Electricity Generation,No FC proposals found for state+category,
203,400231,NLC Talabira Thermal Power Project,,Electricity Generation,No FC proposals found for state+category,
204,611699,186 MW Tato-I H E Project,,Electricity Generation,No FC proposals found for state+category,
205,611698,240MW Heo HE Project,,Electricity Generation,No FC proposals found for state+category,
206,602633,382 MW Sunni Dam HEP,,Electricity Generation,No FC proposals found for state+category,
207,611716,700 MW Tato-II HE Project,,Electricity Generation,No FC proposals found for state+category,
208,709747,Bagodara Solar Power Project,,Electricity Generation,No FC proposals found for state+category,
209,709748,BIKANER SOLAR POWER PROJECT,,Electricity Generation,No FC proposals found for state+category,
210,602579,Buxar Thermal Power Project [1320 MW],,Electricity Generation,No FC proposals found for state+category,
211,619056,"Darlipali Super Thermal Power Project, Stage-II [1x800 MW]",,Electricity Generation,No FC proposals found for state+category,
212,602582,Dhaulasidh Hydro Electric Project [66 MW],,Electricity Generation,No FC proposals found for state+category,
213,602182,Dibang Multipurpose Project,,Electricity Generation,No FC proposals found for state+category,
214,618976,"Gadarwara Super Thermal Power Project, Stage-II [2x800 MW]",,Electricity Generation,No FC proposals found for state+category,
215,602538,Installation of FGD for 4x210 & 2x250 MW MTPS U 1-6,,Electricity Generation,No FC proposals found for state+category,
216,619311,Kalai-II Hydro Electric Project [1200 MW],,Electricity Generation,No FC proposals found for state+category,
217,602194,Khurja super Thermal Power Plant [2X660 MW],,Electricity Generation,No FC proposals found for state+category,
218,602532,Kiru HE Project,,Electricity Generation,No FC proposals found for state+category,
219,611509,"Koderma Thermal Power Station Phase II [2X800 MW] At Koderma, Jharkhand",,Electricity Generation,No FC proposals found for state+category,
220,605155,Kwar HE Project,,Electricity Generation,No FC proposals found for state+category,
221,611930,Lara Super Thermal Power Project Stage-II [2 x 800 MW],,Electricity Generation,No FC proposals found for state+category,
222,602593,Luhri Stage-I Hydro Electric Project [210 MW],,Electricity Generation,No FC proposals found for state+category,
223,619051,"Nabinagar Super Thermal Power Project, Stage-II [3x800 MW]",,Electricity Generation,No FC proposals found for state+category,
224,709820,OMKARESHWAR FLOATING SOLAR POWER PROJECT [90 MW]    ,,Electricity Generation,No FC proposals found for state+category,
225,602525,"Pakal Dul [Drangdhuran] Hydroelectric Project, 1000 MW",,Electricity Generation,No FC proposals found for state+category,
226,400261,Patratu Thermal Power Station Expansion Project Phase-I [3x800 MW],,Electricity Generation,No FC proposals found for state+category,
227,400062,"Raghunathpur Thermal Power Station Phase II [2X660 MW] at Raghunathpur, Purulia, West Bengal",,Electricity Generation,No FC proposals found for state+category,
228,602184,Rammam-III HEPP [3x40 MW],,Electricity Generation,No FC proposals found for state+category,
229,605156,Rangit-IV HE Project [120 MW]  executed by Jal Power Corporation Ltd. [JPCL] - A wholly owned subsidiary of NHPC Ltd. acquired through NCLT,,Electricity Generation,No FC proposals found for state+category,
230,602535,"Ratle HE Project - 850 MW, Ratle Hydroelectric Power Corporation Limited.",,Electricity Generation,No FC proposals found for state+category,
231,612142,"Singrauli Super Thermal Power Project, Stage-III [2x800 MW]",,Electricity Generation,No FC proposals found for state+category,
232,617188,"Sipat Super Thermal Power Project, Stage-III [1x800 MW]",,Electricity Generation,No FC proposals found for state+category,
233,602096,Subansiri Lower HE Project [2000 MW],,Electricity Generation,No FC proposals found for state+category,
234,611586,Sunni Dam Hydro Electric Project [382 MW],,Electricity Generation,No FC proposals found for state+category,
235,602961,Talcher Thermal Power Station Stage III [2 x 660 MW] Expansion,,Electricity Generation,Best score 10 < threshold 45,Upper Indravati Pump Storage Hydro Project
236,602185,Tapovan-Vishnugad HEP [4x130 MW],,Electricity Generation,No FC proposals found for state+category,
237,602181,"TEESTA-VI HE PROJECT, SIKKIM [500 MW], executed by LANCO TEESTA HYDRO POWER LIMITED [A wholly owned Subsidiary of NHPC LTD. acquired through NCLT]",,Electricity Generation,No FC proposals found for state+category,
238,602193,Tehri Pumped Storage Plant Project [4x250 MW],,Electricity Generation,No FC proposals found for state+category,
239,619341,"Telangana Super Thermal Power Project , Stage-II [3 x 800 MW]",,Electricity Generation,No FC proposals found for state+category,
240,602195,Vishnugad Pipalkoti Hydro Electric Project [444 MW],,Electricity Generation,No FC proposals found for state+category,
312,702668,Chennai Metro Rail Phase-II Development Project,,Inland Waterways,No FC proposals found for state+category,
313,609424,"Development of Container Terminal at Tuna-Tekra, Deendayal Port on BOT Basis Under PPP Mode",,Shipping,No FC proposals found for state+category,
314,611142,Fairway Development in West Bengal Farakka - Kahelgaon,,Inland Waterways,No FC proposals found for state+category,
315,701565,Jal Marg Vikas Project,,Inland Waterways,No FC proposals found for state+category,
316,705515,3rd & 4th Railway Line Project from Salegaon to Budhapank via Rajathgarh.,,Inland Waterways,No FC proposals found for state+category,
317,705742,Jeypore-Malkanagiri New Railway Line Project,,Inland Waterways,No FC proposals found for state+category,
318,705741,Jeypore-Navarangpur New  Rail Line Project,,Inland Waterways,No FC proposals found for state+category,
321,701570,"Replacement and revamping of pipeline projects in oil jetty area, Kandla",,Shipping,No FC proposals found for state+category,
322,709832,25.5 MW WIND POWER PROJECT AT KAYATHAR IN TAMILNADU,,Metals & Mining,No FC proposals found for state+category,
323,709830,CONVERSION OF FLAT BOTTOM SETTLERS AND WASHERS WITH A SINGLE TRAIN OF HRDS AND DCWS IN STREAMS 1 AND,,Metals & Mining,No FC proposals found for state+category,
324,400141,Expansion of Alumina Refinery Plant with addition of 5th Stream having capacity enhancement of 1.0 Million Tonee Per Annum,,Metals & Mining,No FC proposals found for state+category,
325,400426,Expansion of Malanjkhand Copper Project,,Metals & Mining,No FC proposals found for state+category,
326,400299,Pottangi Bauxite Mines Project,,Metals & Mining,No FC proposals found for state+category,
327,611798,Rakha Underground Mining Project,,Metals & Mining,No FC proposals found for state+category,
328,709831,SOURCING OF BAUXITE ARRANGEMENT FOR 5TH STREAM ALUMINA REFINERY FROM SOUTH BLOCK MINING LEASE OF PANCHPATMAILI MINES,,Metals & Mining,No FC proposals found for state+category,
329,611800,Surda Underground Copper Mining Project,,Metals & Mining,No FC proposals found for state+category,
330,709829,UTKAL D AND E COAL BLOCK,,Metals & Mining,No FC proposals found for state+category,
331,615202,Capacity expansion of Deposit-14 and 14 NMZ at Kirandul,,Metals & Mining,No FC proposals found for state+category,
332,400171,2G Ethanol Biorefinery at Bathinda,,Oil & Gas,Best score 19 < threshold 45,Laying of Proposed 8” & 12” Dia. Steel Gas Pipeline Along & Across various Asphalt Road & Amloh Mino
333,400168,"500 KTA PDHPP Project, Usar",,Oil & Gas,Best score 16 < threshold 45,Construction of 700 mm underground MIDC regular water supply line from MIDC Water Treatment Plant Po
334,709801,71 MWp [DC] Solar power project at Prayagraj,,Oil & Gas,Best score 11 < threshold 45,Steel Line laying GAIL Gas Limited
335,604792,"Assam Bio Refinery, ABRPL",,Oil & Gas,No FC proposals found for state+category,
336,617822,ATF Pipeline from BPCLs Malkapur POL Installation to  Hyderabad International airport,,Oil & Gas,Best score 13 < threshold 45,Laying of UG steel gas pipeline  for the supply of Piped Natural gas with in the existing RoW  in Si
337,709782,ATF Pipeline from Jawaharlal Nehru Port Trust to Navi Mumbai International Airport ,,Oil & Gas,Best score 16 < threshold 45,Construction of 700 mm underground MIDC regular water supply line from MIDC Water Treatment Plant Po
338,617838,Augmentation of CCKPL and IDPL Pipelines capacity along with setting up of Palakkad TOP,,Oil & Gas,No FC proposals found for state+category,
339,619224,Augmentation of DUPL-DPPL Pipeline,,Oil & Gas,No FC proposals found for state+category,
340,709786,"Augmentation/ Revamping of Dimapur Depot, Dimapur",,Oil & Gas,No FC proposals found for state+category,
341,709776,Augmentation/Revamping of Facilities at existing Guwahati Terminal at Betkuchi,,Oil & Gas,Best score 11 < threshold 45,Laying of underground Oil & Gas Pipelines along Upper Dehing Reserve Forest portion of Duliajan- Dig
342,701324,Barauni Refinery Capacity Expansion from 6.0 to 9.0 MMTPA,,Oil & Gas,No FC proposals found for state+category,
343,612998,Bathinda Sangrur Pipeline,,Oil & Gas,Best score 26 < threshold 45,Laying of Proposed 8” & 12” Dia. Steel Gas Pipeline Along & Across various Asphalt Road & Amloh Mino
344,709850,Borholla GGS Life Extension Project [BLEP],,Oil & Gas,No FC proposals found for state+category,
345,619312,Bulk Loading Hub- Kanpur,,Oil & Gas,Best score 10 < threshold 45,Steel Line laying GAIL Gas Limited
346,617830,C2/C3 Vijaipur Pata Pipeline,,Oil & Gas,Best score 15 < threshold 45,“Laying of  Under ground of  8”/12” Dia Carbon Steel Gas Pipeline Along  the NH-8  Road Within the E
347,709779,Capacity Expansion of Digboi Refinery from 0.65 to 1.0 MMTPA,,Oil & Gas,No FC proposals found for state+category,
348,701289,Capacity Expansion of Panipat Refinery from 15 to 25 MMTPA,,Oil & Gas,No FC proposals found for state+category,
349,604795,CBR 9 MMTPA Project,,Oil & Gas,No FC proposals found for state+category,
350,709757,"CGD Project in Banka, Dumka, Godda, Jamtara, Pakur, Sahibganj GA ID 11A.02",,Oil & Gas,No FC proposals found for state+category,
351,709758,"CGD Project in Malda, Birbhum, Murshidabad, Dakshin Dinajpur GA ID 11A.03",,Oil & Gas,No FC proposals found for state+category,
352,619196,Change of service of existing Mundra-Panipat Pipeline [Panipat - Churwa section] from Crude oil to Product,,Oil & Gas,No FC proposals found for state+category,
353,617818,"City Gas Distribution [CGD] Project in Gajapati, Kandhamal, Boudh, & Sonepur GA",,Oil & Gas,No FC proposals found for state+category,
354,617819,"City Gas Distribution [CGD] Project in Kondagaon, Bastar, Sukma, Narayanpur, Bijapur & Dantewada GA",,Oil & Gas,No FC proposals found for state+category,
355,701338,City Gas Distribution Maharashtra Natural Gas Limited,,Oil & Gas,No FC proposals found for state+category,
356,709771,"City Gas Distribution Project at Beed, Jalgaon and Jalna Districts",,Oil & Gas,No FC proposals found for state+category,
357,709768,City Gas Distribution Project at Dharmapuri and Krishnagiri Districts,,Oil & Gas,No FC proposals found for state+category,
358,709772,"City Gas Distribution Project at East Mednipore, West Mednipore & Jhargram Districts",,Oil & Gas,No FC proposals found for state+category,
359,709773,"City Gas Distribution Project at Jammu, Udhampur, Reasi, Samba and Kathua Districts",,Oil & Gas,No FC proposals found for state+category,
360,617303,"City Gas Distribution Project at Khagaria, Saharsa and Madhepura",,Oil & Gas,No FC proposals found for state+category,
361,709766,"City Gas Distribution Project at Kurnool, Guntur & Prakasam Districts",,Oil & Gas,Best score 12 < threshold 45,Laying of pipeline for development of Centre for Coastal aquaculture activities by National Fisherie
362,709770,City Gas Distribution Project at Pathankot District,,Oil & Gas,No FC proposals found for state+category,
363,709791,City Gas Distribution Projects at Alipurduar and Cooch Behar,,Oil & Gas,No FC proposals found for state+category,
364,709792,"City Gas Distribution Projects at Darbhanga, Madhubani, Supaul, Sitamarhi and Sheohar districts",,Oil & Gas,No FC proposals found for state+category,
365,709794,"City Gas Distribution Projects at Fazilka [except area already authorized], Ganganagar and Hanumangarh districts",,Oil & Gas,No FC proposals found for state+category,
366,709793,"City Gas Distribution Projects at Gopalganj, Siwan, West Champaran, East Champaran and Deoria districts",,Oil & Gas,No FC proposals found for state+category,
367,709795,"City Gas Distribution Projects at Lakhimpur Kheri , Sitapur, Bahraich, Shravasti,Balrampur, Siddharth Nagar & Maharajganj districts",,Oil & Gas,No FC proposals found for state+category,
368,709796,City Gas Distribution Projects at the Nilgiris and Erode districts,,Oil & Gas,No FC proposals found for state+category,
369,617836,Coke Drum Structure Package,,Oil & Gas,No FC proposals found for state+category,
370,709838,Commercial Polymer Flooding Project in Bechraji field,,Oil & Gas,No FC proposals found for state+category,
371,709780,Construction of Additional Tankages and Allied Facilities at JNPT Terminal,,Oil & Gas,No FC proposals found for state+category,
372,616858,"Construction of Field Gas Gathering Station at Baghjan area for collection, processing & transportation of natural Gas to be produced from Baghjan Field",,Oil & Gas,No FC proposals found for state+category,
373,610985,Construction of lube oil blending plant at Rasayani,,Oil & Gas,No FC proposals found for state+category,
374,709837,"Creation of Gas Dehydration  Facilities, Tripura Asset",,Oil & Gas,No FC proposals found for state+category,
375,709800,"CUF POL Depot at Sadashibpur [Meramundali], Odisha",,Oil & Gas,No FC proposals found for state+category,
376,709839,Daman Upside Development Project,,Oil & Gas,No FC proposals found for state+category,
377,709864,DCU Revamp Project,,Oil & Gas,No FC proposals found for state+category,
378,400158,Debottlenecking and Augmentation of Cryogenic facilities at Uran LPG Import Terminal,,Oil & Gas,No FC proposals found for state+category,
379,616879,Demo Bio-ATF Project,,Oil & Gas,No FC proposals found for state+category,
380,610984,Development of Jharia CBM Block [Phase-1],,Oil & Gas,No FC proposals found for state+category,
381,604863,Development of Surface Facilities for production and evacuation of Crude Oil and Natural Gas from Nadua and East Khagorija,,Oil & Gas,No FC proposals found for state+category,
382,701344,Dhamra Haldia Pipeline Project,,Oil & Gas,No FC proposals found for state+category,
383,617302,Durgapur - Haldia Pipeline [Section-3B of JHBDPL Project],,Oil & Gas,No FC proposals found for state+category,
384,709798,Ethylene Cracker Project at Bina Refinery including downstream Petrochemical Plants and expansion of Refinery,,Oil & Gas,No FC proposals found for state+category,
385,619316,"Group Gathering Station, Lakwagaon",,Oil & Gas,No FC proposals found for state+category,
386,612853,Gurdaspur Jammu Pipeline,,Oil & Gas,No FC proposals found for state+category,
387,607701,"Guwahati Refinery Expansion [1.0 to 1.2 MMTPA] along with installation of CRU, Guwahati Refinery",,Oil & Gas,Best score 16 < threshold 45,Laying of underground Oil & Gas Pipelines along Upper Dehing Reserve Forest portion of Duliajan- Dig
388,709753,Haldia Panagarh Pipeline Project,,Oil & Gas,No FC proposals found for state+category,
389,709760,HP TDAE Unit in Mumbai Refinery,,Oil & Gas,Best score 16 < threshold 45,Construction of 700 mm underground MIDC regular water supply line from MIDC Water Treatment Plant Po
390,709761,HP Trijet Unit in Visakh Refinery,,Oil & Gas,No FC proposals found for state+category,
391,709752,HP-COAT [Crude to Olefins and Aromatics Technology] demo unit at Visakh Refinery,,Oil & Gas,No FC proposals found for state+category,
392,604853,"Indian Oil Technology Development and Deployment Centre at R&D Campus-II, Faridabad",,Oil & Gas,No FC proposals found for state+category,
393,709777,Installation of Bitumen Manufacturing Unit along with allied facilities at Barauni Refinery,,Oil & Gas,No FC proposals found for state+category,
394,619225,Installation of Compression facility at GAIL Usar,,Oil & Gas,Best score 16 < threshold 45,Construction of 700 mm underground MIDC regular water supply line from MIDC Water Treatment Plant Po
395,709789,Installation of Independent De- Aromatized Solvents [DAS] production facilities at MR,,Oil & Gas,No FC proposals found for state+category,
396,709783,"Installation of Multiple Effect Evaporator [MEE] for ETP-1, 2 & 4 of Panipat Refinery and Petrochemical Complex.",,Oil & Gas,No FC proposals found for state+category,
397,709778,Installation of new Biturox Unit along with allied facilities at Gujarat Refinery,,Oil & Gas,No FC proposals found for state+category,
398,709851,Integrated Development of 4 Contract Areas under DSF-II,,Oil & Gas,No FC proposals found for state+category,
399,604859,Integrated Para Xylene [PX] and Purified Terephthalic Acid [PTA] Project at Paradip Refinery,,Oil & Gas,No FC proposals found for state+category,
400,709842,"Kalol Redevelopment Project, Ahmedabad Asset",,Oil & Gas,Best score 12 < threshold 45,Laying of 250 mm Dia Steel Water Pipeline by GIDC Along and Across on various Roads of Gandhinagar
401,619191,Kanpur LPG Bottling Plant,,Oil & Gas,Best score 11 < threshold 45,Steel Line laying GAIL Gas Limited
402,400120,KG-DWN-98/2 Cluster - II Development Project - NELP Block,,Oil & Gas,No FC proposals found for state+category,
403,701228,Kochi - Koottanad - Bangalore - Mangalore Pipeline Phase-II,,Oil & Gas,Best score 10 < threshold 45,THE CONSTUCTION OF NEW LIFT IRRIGATION SCHEME TO SINGTRAYANKERE TANK IN MUNDARGI TALUK GADAG DISTRIC
404,709785,Laying of Natural Gas Pipeline from Hazaribagh to Ranchi [HRPL],,Oil & Gas,Best score 16 < threshold 45,Pipe Line
405,709750,Laying of new 28 inch Desal Water Pipeline and 10 inch Reject Water Pipeline between CPCL Manali Refinery and CPCL Desalination plant at Ennore,,Oil & Gas,No FC proposals found for state+category,
406,400119,Life Extension of 48 well platforms of Mumbai High & Heera Fields,,Oil & Gas,Best score 13 < threshold 45,Construction of 700 mm underground MIDC regular water supply line from MIDC Water Treatment Plant Po
407,616933,Lube Modernization & Bottom Upgradation Project at Mumbai Refinery,,Oil & Gas,Best score 17 < threshold 45,Construction of 700 mm underground MIDC regular water supply line from MIDC Water Treatment Plant Po
408,701330,Mehsana-Bhatinda & Bhatinda-Jammu Natural Gas Pipeline,,Oil & Gas,No FC proposals found for state+category,
409,709848,MHN TCPP PGC BGC Project [MTPBP],,Oil & Gas,No FC proposals found for state+category,
410,701341,Multi-product Pipeline from Krishnapatnam Coastal Installation to the proposed Installation at Hyderabad [Malkapur],,Oil & Gas,Best score 14 < threshold 45,Laying of UG steel gas pipeline  for the supply of Piped Natural gas with in the existing RoW  in Si
412,701346,North East Gas Grid,,Oil & Gas,No FC proposals found for state+category,
413,604791,Numaligarh Refinery Expansion Project,,Oil & Gas,No FC proposals found for state+category,
414,709841,Old Pipe Line Replacement [OPRP] Group-A,,Oil & Gas,No FC proposals found for state+category,
415,619328,ONGC-BP Redevelopment Phase-1 Scheme of Mumbai High Field,,Oil & Gas,Best score 14 < threshold 45,Construction of 700 mm underground MIDC regular water supply line from MIDC Water Treatment Plant Po
416,709846,Part Replacement Pipeline Project  [PRPP],,Oil & Gas,No FC proposals found for state+category,
417,619223,Petro Resid Fluidized Catalytic Cracking [PRFCC] Unit and its associated facilities at Mumbai Refinery,,Oil & Gas,Best score 17 < threshold 45,Construction of 700 mm underground MIDC regular water supply line from MIDC Water Treatment Plant Po
418,701329,Petrochemical and Lube Integration Project at Gujarat Refinery,,Oil & Gas,No FC proposals found for state+category,
419,709847,Pipeline Network Project Rudrasagar,,Oil & Gas,No FC proposals found for state+category,
420,617827,"Pipeline Rehabilitation Project, Phase-II",,Oil & Gas,No FC proposals found for state+category,
421,619314,Pipeline Replacement Project- PRP-IX,,Oil & Gas,No FC proposals found for state+category,
422,709797,POL & LOBS Installations with Receipt Pipelines at Rasayani,,Oil & Gas,No FC proposals found for state+category,
423,611917,Poly Butadiene Rubber plant at Panipat,,Oil & Gas,No FC proposals found for state+category,
424,709865,Power Recovery Turbine [PRT] in PFCCU unit as an Energy Conservation Scheme,,Oil & Gas,No FC proposals found for state+category,
425,612790,Power System Upgradation Project,,Oil & Gas,No FC proposals found for state+category,
426,400161,"PP Project, Pata",,Oil & Gas,No FC proposals found for state+category,
427,619226,Provision of four bitumen tanks with capacity of 5 TMT each at Visakh Refinery,,Oil & Gas,No FC proposals found for state+category,
428,616950,PRP-VIII [Group-A],,Oil & Gas,No FC proposals found for state+category,
429,709849,PRP-VIII Group B [NH & BS Asset],,Oil & Gas,No FC proposals found for state+category,
430,400169,Redevelopment of Linch Field,,Oil & Gas,No FC proposals found for state+category,
431,400167,Redevelopment of Santhal Field [Onshore-Mehsana Asset],,Oil & Gas,No FC proposals found for state+category,
432,400087,Redevelopment of Sobhasan Complex,,Oil & Gas,No FC proposals found for state+category,
433,709790,Replacement and Extension of Jetty Pipelines [REJP] at KR,,Oil & Gas,No FC proposals found for state+category,
434,709840,"Restoration of Gas Terminal, Phase-I [Part-A], Hazira",,Oil & Gas,No FC proposals found for state+category,
435,709781,Revamping / Augmentation of Facilities at Mathura Bitumen Plant,,Oil & Gas,No FC proposals found for state+category,
436,709845,"Revamping of SV Stations, Gas Terminal & Kribhco Terminal",,Oil & Gas,No FC proposals found for state+category,
437,709774,Revamping/ Augmentation of facilities at existing port terminal at Mangalore,,Oil & Gas,No FC proposals found for state+category,
438,617304,"Setting up of LPG Plant with Rail Unloading Facility at Hathua, Dist. Gopalganj, Bihar",,Oil & Gas,No FC proposals found for state+category,
439,709799,Setting up Polypropylene Unit at Kochi Refinery,,Oil & Gas,Best score 10 < threshold 45,Rehabilitation of Muppini LI Scheme in Chungathara GP
440,617837,Siliguri Marketing Terminal [SMT] Capacity Augmentation Project,,Oil & Gas,No FC proposals found for state+category,
441,617828,Siliguri-Jhapa Pipeline Project,,Oil & Gas,No FC proposals found for state+category,
442,701350,Upgradation of Facilities of Numaligarh-Siliguri Product Pipeline [NSPL] for transportation of additional products from existing 1.72 MMTPA to 5.5 MMTPA,,Oil & Gas,No FC proposals found for state+category,
443,616254,Visakh Raipur Pipeline Project,,Oil & Gas,Best score 15 < threshold 45,B S Sponge Pvt Ltd Laying of Pipeline
444,701568,Construction of oil jetty No.8 at old kandla through internal resources,,Shipping,No FC proposals found for state+category,
445,400203,Dharamjaigarh-Korba,,Railways,Best score 10 < threshold 45,3rd Line in between Paniajob-Bortalao in lieu of 3rd line Project between Rajnandgaon- Nagpur (Kalum
446,400416,Shivpur-Kathautia New Rail [BG] Line [49 km] [Package II of Tori-Shivpur-Kathautia line],,Railways,No FC proposals found for state+category,
447,612834,3rd & 4th line between Sarla - Sason [8 km] [PB 73/2023-24/NR],,Railways,No FC proposals found for state+category,
448,616697,3rd & 4th line between Vadlapudi -Gate Jn. cabin and Tie line between Gate Junction to Gangavaram port,,Railways,No FC proposals found for state+category,
449,709819,3RD AND 4TH LINE - SARAGBUNDIA AND MADWARANI,,Railways,No FC proposals found for state+category,
450,617216,3rd Line between Gudur Renigunta 83.17 Km,,Railways,No FC proposals found for state+category,
451,705498,3rd Line Kalyan - Kasara [67.35 Kilometres],,Railways,No FC proposals found for state+category,
452,705506,3rd Line Manmad - Jalgaon [160 Kilometres],,Railways,No FC proposals found for state+category,
453,705502,3rd Line Wardha - Ballarshah [132 Kilometres],,Railways,No FC proposals found for state+category,
454,705500,3rd Line Wardha - Sewagram - Nagpur,,Railways,Best score 13 < threshold 45,Railway Narrow Gauge line from Nagbhir to Itwari
455,709815,4TH LINE - BHATAPARA-HATHBAND [8.8 KM] [PB-72/NR/2022-23],,Railways,No FC proposals found for state+category,
456,709816,4TH LINE - BHILAI-BHILAI NAGAR [8.8 KM] [PB-72/NR/2022-23],,Railways,No FC proposals found for state+category,
457,709817,4TH LINE - DADHAPARA-BELHA [9.2 KM] [PB-72/NR/2022-23],,Railways,No FC proposals found for state+category,
458,612072,4th LINE BETWEEN BAREJADI NANDEJ-SANAND-AHMEDABAD BYPASS,,Railways,Best score 12 < threshold 45,MUMBAI-AHEMDABAD HIGH SPEED RAILWAY PROJECT
459,612815,4th line between Nipania Bhatapara 14.4 Km,,Railways,No FC proposals found for state+category,
460,709818,4TH LINE RAJNANDGAON-DONGARHGARH [31.2 KM] [PB-72/NR/2022-23],,Railways,No FC proposals found for state+category,
461,705505,4th Line Wardha - Nagpur [78.7 Kilometres],,Railways,Best score 12 < threshold 45,Railway Narrow Gauge line from Nagbhir to Itwari
462,611937,Adraj Moti Vijapur 40 Kms,,Railways,No FC proposals found for state+category,
463,705919,Agra Fort-Bandikui Doubling Line Project,,Railways,No FC proposals found for state+category,
464,613788,AGTHORI KAMAKHYA SECTION WITH CONSTRUCTION OF NEW RAIL CUM-ROAD BRIDGE AT SARAIGHAT - 7.062KM,,Railways,No FC proposals found for state+category,
465,705356,Ahmednagar - Beed - Parli - Vaijnath  New Broad Gauge Line Railway Project [261.3 km],,Railways,No FC proposals found for state+category,
466,616843,AJMER- CHANDERIYA DOUBLING,,Railways,No FC proposals found for state+category,
467,705774,Aligarh -Daud Khan Flyover Construction & 3rd Railway Line Project,,Railways,No FC proposals found for state+category,
468,705918,Allahabad division - Aligarh - Harduaganj Flyover,,Railways,No FC proposals found for state+category,
469,705771,Allahabad-Bamhrauli Flyover Construction & 4th Railway Line Project,,Railways,No FC proposals found for state+category,
470,705583,Anand Vihar-Tilak Bridge 3rd & 4th line,,Railways,No FC proposals found for state+category,
471,617252,Anandnagar - Ghugli via Maharajganj 50 km,,Railways,No FC proposals found for state+category,
472,705368,Araria Supaul New BG Line,,Railways,No FC proposals found for state+category,
473,611751,AURANGABAD-ANKAI - DOUBLING PROJECT 98.25 Km,,Railways,No FC proposals found for state+category,
474,617361,Babupeth - Sasti New Rail Line [13.114 KMs],,Railways,No FC proposals found for state+category,
475,616587,Badampahar-Kendujhargarh new line [82.06 km],,Railways,No FC proposals found for state+category,
476,705495,Bagalkot-Kudachi New Railway Line [142 km],,Railways,No FC proposals found for state+category,
477,705767,Baghuapal Flyover  Construction Project,,Railways,No FC proposals found for state+category,
478,705863,Bahraich - Nanpara - Nepalganj Road Gauge Conversion,,Railways,No FC proposals found for state+category,
479,400204,Bahraich-Shravasti-Balrampur-Siddharthnagar -Santkabir nagar,,Railways,No FC proposals found for state+category,
480,703586,Baiyyappanahalli - Hosur Doubling Project [48 km],,Railways,No FC proposals found for state+category,
481,617824,Bakhtiyarpur-Rajgir-Tilaiya [Single line section]104km,,Railways,No FC proposals found for state+category,
482,705941,Bangalore Suburban Railway Project,,Railways,Best score 35 < threshold 45,Construction of New BG Railway line in Forest lands in various villages of Shivamoogga and Dsvangere
483,705464,Bangalore-Satyamanglam New Line Project [260 Km] - Part Hejjala - Chamarajanagar [142 Km],,Railways,Best score 13 < threshold 45,Construction of New BG Railway line in Forest lands in various villages of Shivamoogga and Dsvangere
484,705663,Bangalore-Whitefield-Bangalore City-Krishnarajapuram [23.08 km] - Quadrupling,,Railways,Best score 12 < threshold 45,Construction of New BG Railway line in Forest lands in various villages of Shivamoogga and Dsvangere
485,616586,Bangriposi-Gorumahisani new line [ 85.60 km ],,Railways,No FC proposals found for state+category,
486,705782,Barabanki-Malhaur 3rd & 4th Railway Line Project,,Railways,No FC proposals found for state+category,
487,705357,Baramati Lonand New Line Project,,Railways,No FC proposals found for state+category,
488,706777,Baranagar-Barrackpore and Dakshineshwar- Construction of Metro Railway,,Railways,No FC proposals found for state+category,
489,706860,Barauni-Bachwara [16 km] - 3rd & 4th line incl. Barauni yard remodelling [32 km],,Railways,No FC proposals found for state+category,
490,706835,Belgaum-Dharwad via Kittur [73.10Km],,Railways,No FC proposals found for state+category,
491,705510,Bhadrak-Nergundi Third Line,,Railways,No FC proposals found for state+category,
492,705777,Bhandai - Flyover for Etawah bound down train- 10 Km,,Railways,No FC proposals found for state+category,
493,705428,Bhanupalli-Bilaspur-Beri New Railway Line Project,,Railways,No FC proposals found for state+category,
494,705780,Bhatni-Aurnihar with electrification excluding Indara-Mau,,Railways,No FC proposals found for state+category,
495,611884,Bhiwani - Dobh Bahali Doubling Project [42.30 Km],,Railways,No FC proposals found for state+category,
496,706854,Boridand - Ambikapur Doubling Line Project,,Railways,No FC proposals found for state+category,
497,705722,BRM Machine Procurement Project,,Railways,No FC proposals found for state+category,
498,400232,Brundamal-Jharsuguda- flyover connection for joining downline,,Railways,No FC proposals found for state+category,
499,616588,Buramara-Chakulia new line [59.96 km],,Railways,No FC proposals found for state+category,
500,705567,Burhwal Gonda 3rd line,,Railways,No FC proposals found for state+category,
501,705396,Byrnihat-Shillong New Rail Line- 108 km,,Railways,No FC proposals found for state+category,
502,706865,Chandargaon - Cansaulium Rail Flyover Project [16 Km],,Railways,No FC proposals found for state+category,
503,705424,Chandigarh-Baddi New Rail Line- 36 km,,Railways,Best score 12 < threshold 45,Construction of Limited Height Subway in lieu of Level Crossing No. C-36 at Km. No. 32/7-9 on Jaland
504,616227,Chandil - Anara - Damodar - 3rd line [121.26 km],,Railways,No FC proposals found for state+category,
505,705562,Chhapra-Ballia Patch Doubling,,Railways,No FC proposals found for state+category,
506,705454,Chhota Udaipur - Dhar New Line Project [157 km],,Railways,No FC proposals found for state+category,
508,611969,Choranda Motikoral 18 Kms,,Railways,No FC proposals found for state+category,
509,617284,Chunar-Chopan doubling project,,Railways,No FC proposals found for state+category,
510,705244,Coach Production Factory Upgradation Project,,Railways,No FC proposals found for state+category,
511,612096,Construction of Balurghat-Hilli new BG Line,,Railways,No FC proposals found for state+category,
512,617231,Construction of Bulb line at Nabinagar  Ankorah of East Central Railway,,Railways,No FC proposals found for state+category,
513,705762,Construction of New BG line between Hassan [Alur] to Belur [ Km 27.34],,Railways,No FC proposals found for state+category,
514,400023,Construction of New BG line between Hassan to Belur [27 Km],,Railways,No FC proposals found for state+category,
515,611977,Dahod Creation of Infrastructure facilities for 9000 HP Electric locomotives Manufacturing  at,,Railways,No FC proposals found for state+category,
516,611978,Dahod Rolling Stock Workshop Provision of Infrastructure for CBS at,,Railways,No FC proposals found for state+category,
517,617374,"Dallirajhara - Rowghat New Rail Line Project, Phase-I",,Railways,No FC proposals found for state+category,
518,705433,Dallirajhra- Rowghat New Railway Line - Phase I [95 km],,Railways,No FC proposals found for state+category,
519,706836,Dedicated Test Track for RDSO /Phase-II Project,,Railways,No FC proposals found for state+category,
520,611614,Dedicated Test Track for RDSO Phase II,,Railways,No FC proposals found for state+category,
521,617880,Desalpar-Hajipir-Luna and Vayor-Lakhpat New Line,,Railways,No FC proposals found for state+category,
522,618972,Devbhumi Dwarka [Okha] - Kanalus Doubling,,Railways,No FC proposals found for state+category,
523,617379,Development of New Bijwasan Railway Terminal,,Railways,No FC proposals found for state+category,
524,611849,Devgarh Madariya - Nathdwara Gauge Conversion [82.54 Km] part of Marwar - Mavli Gauge Conversion [152 Km],,Railways,No FC proposals found for state+category,
525,611855,Devgarh Madariya - Nathdwara Gauge Conversion [82.54 Km] part of Marwar - Mavli Gauge Conversion [152 Km],,Railways,No FC proposals found for state+category,
526,613003,Dharamjaigarh-Korba 63 km,,Railways,Best score 10 < threshold 45,3rd Line in between Paniajob-Bortalao in lieu of 3rd line Project between Rajnandgaon- Nagpur (Kalum
527,705482,Dholpur - Sirmuttra Gauge Conversion,,Railways,No FC proposals found for state+category,
528,400019,DHULE [BORVIHIR] - NARDANA NEW LINE [50.60 KMS],,Railways,No FC proposals found for state+category,
529,705392,Dimapur [Dhansiri]-Sukhobi Kohima [Zubza] NL [82.5 Km],,Railways,No FC proposals found for state+category,
530,705566,Domingarh-Gorakhpur-Gorakhpur Cantt.-Kusumhi - 3rd Railway Line Project,,Railways,No FC proposals found for state+category,
531,617364,Double Chord line Between Nilaje-Kopar,,Railways,No FC proposals found for state+category,
532,616856,Doubling between Bhadrachalam Road and Dornakal,,Railways,No FC proposals found for state+category,
533,617370,Doubling between Jaunpur Jn - Zaffarabad 6.28 km,,Railways,No FC proposals found for state+category,
534,900872,DOUBLING BETWEEN JAUNPUR JN-ZAFFARABAD [6.28 KM],,Railways,No FC proposals found for state+category,
535,616857,Doubling between Motumari  Vishnupuram - 88.81 Km and Rail over Rail - RoR at Motumari - 10.877 Km,,Railways,No FC proposals found for state+category,
536,617212,Doubling between Mudkhed  Medchal & Mahbubnagar  Dhone section 417.88 Km,,Railways,No FC proposals found for state+category,
537,617215,Doubling between Parbhani  Parli Vaijanath stations  64.71 Km,,Railways,No FC proposals found for state+category,
538,617372,Doubling between Pradhankunta-Patherih-Bhojudih of East Central Railway,,Railways,Best score 14 < threshold 45,Diversion of 6.80 Ha of Forest land for construction Rail and Road Pathway for transportation of coa
539,705504,Doubling of Daund Manmad Line [247.6 km],,Railways,No FC proposals found for state+category,
540,617211,Doubling of Guntur Bibinagar 239 Km,,Railways,No FC proposals found for state+category,
541,705628,Doubling of Hatia [Ranchi]-Bondamunda Rail Line - 159 km,,Railways,Best score 15 < threshold 45,Diversion of 6.80 Ha of Forest land for construction Rail and Road Pathway for transportation of coa
542,705660,Doubling of Katni - Singrauli Railway Line [261 km],,Railways,No FC proposals found for state+category,
543,400291,Doubling of Kirandul-Jagdalpur Line [150 km],,Railways,No FC proposals found for state+category,
544,705512,Doubling of Kottavalasa-Koraput Rail Line [189 KM],,Railways,No FC proposals found for state+category,
545,400048,Doubling of lines connecting the loading spurs in Talcher Yard.,,Railways,Best score 13 < threshold 45,"Jeypore- Malkangiri New BG Line,East Coast Railway."
546,400047,Doubling of Lingaraj SILO connectivity of NTPC line and augmentation of NTPC exchange yard and NTPC Block Cabin.,,Railways,No FC proposals found for state+category,
547,617239,Doubling of Narkatiaganj  Raxaul Sitamarhi Darbhanga & Sitamarhi  Muzaffarpur 256 KM,,Railways,No FC proposals found for state+category,
548,705572,Doubling of New Bonggigaon to Kamakhya via Goalpara - 176 km,,Railways,No FC proposals found for state+category,
549,705721,DTS Machine Procurement Project,,Railways,No FC proposals found for state+category,
550,400277,Dum Dum Airport-New Garia via Rajarhat-Construction of Metro Railway,,Railways,No FC proposals found for state+category,
551,705639,Ernakulam-Kumbalam doubling project [7.71 Km],,Railways,No FC proposals found for state+category,
552,705373,"Fatuha-Islampur incl. MM for extn.of NL from Neora to Daniawan , Daniawan to  Biharsharif, Biharsharif to Barbigha , Barbigha to Shekhpura",,Railways,No FC proposals found for state+category,
553,612827,Flyover between Pendurthi and Simhachalam North to avoid surface crossing at Simhachalam  7.135 km    PB 73 of 2023  24 NR,,Railways,No FC proposals found for state+category,
554,616694,Flyover between Siju and Paradeep coaching Yard to avoid Surface crossing of trains,,Railways,No FC proposals found for state+category,
555,618986,Furkating-New Tinsukia[194 Km],,Railways,No FC proposals found for state+category,
556,705490,Gadag-Wadi New Railway Line [257 km],,Railways,No FC proposals found for state+category,
557,709811,GANDHAMARDAN IRON ORE MINES TO GOALDIH STATION/12.76kms,,Railways,No FC proposals found for state+category,
558,602792,Gauge Conversion of Kendri-Dhamtari  including Abhanpur - Rajim Branch line 67.20 Kms - 2nd Material Modification to Raipur Titlagarh doubling.,,Railways,Best score 12 < threshold 45,3rd Line in between Paniajob-Bortalao in lieu of 3rd line Project between Rajnandgaon- Nagpur (Kalum
559,612845,Gauge Conversion of Pachora-Jamner with Extension upto Malkapur [Bodwad] [84.34 Kms],,Railways,No FC proposals found for state+category,
560,705444,Gevra Road-Pendra Road New Railway Line [135 km],,Railways,No FC proposals found for state+category,
561,617321,Godhani-Kalumna Chord 13.7 km,,Railways,No FC proposals found for state+category,
562,705765,Gomoh - Flyover for DN trains,,Railways,No FC proposals found for state+category,
563,618978,Gondia - Dongargarh 4th line [84 Km],,Railways,No FC proposals found for state+category,
564,617201,Gondia-Balharshah [Chanda Fort] Doubling [240 Km],,Railways,No FC proposals found for state+category,
565,611752,GOOTY-PENDEKALLU DOUBLING  29.225 Km,,Railways,No FC proposals found for state+category,
566,617224,Gorakhpur-Valmikinagar Doubling project,,Railways,No FC proposals found for state+category,
567,705752,Gudha-Thatha Mithri Construction of Railway Track Project,,Railways,No FC proposals found for state+category,
568,611754,GUNTAKAL WEST-MALLAPPA GATE RAIL OVER RAIL - ROR TRACK,,Railways,No FC proposals found for state+category,
569,705633,Guntur-Guntakal Doubling Project,,Railways,No FC proposals found for state+category,
570,706922,Guwahati-Dibrugarh via Tinsukia & Simaluguri-Dibrugarh,,Railways,Best score 8 < threshold 45,Construction of Traction Sub-Station & approach road in Tingrai Railway Station in connection with R
571,705419,Gwalior - Seopurkala with extension to Kota [Gauge Conversion],,Railways,No FC proposals found for state+category,
572,705366,Hajipur-Sagauli New line,,Railways,No FC proposals found for state+category,
573,706942,Harmuty-Murkongselek Branch Line Electrification Project,,Railways,No FC proposals found for state+category,
574,611939,Himatnagar Khedbrahma  55 km,,Railways,No FC proposals found for state+category,
575,705650,Hospet - Tinaighat - Vasco Rail Doubling Project,,Railways,No FC proposals found for state+category,
576,706950,Hospet-Hubli-Vasco da Gama Line Electrification Project,,Railways,No FC proposals found for state+category,
577,705662,Hotgi-Kudgi-Gadag Doubling Project,,Railways,No FC proposals found for state+category,
578,705493,Hubli-Ankola New Line Project [164.44 km],,Railways,No FC proposals found for state+category,
579,705763,Indore - Budni New Railway Line [198 kms],,Railways,Best score 23 < threshold 45,Chhotaudepur to Dhar New Broad Gauge railway line project
580,705507,Itarsi - Nagpur Third Railway Line [280 km],,Railways,Best score 17 < threshold 45,Railway Narrow Gauge line from Nagbhir to Itwari
581,705511,Jagdalpur-Koraput,,Railways,No FC proposals found for state+category,
582,611972,Jambusar Kavi 26 Kms,,Railways,Best score 10 < threshold 45,Railway Narrow Gauge line from Nagbhir to Itwari
583,705784,Janghai-Phaphamau Doubling Rail Line Project,,Railways,No FC proposals found for state+category,
584,705588,Janghai-Pratapgarh- Amethi,,Railways,No FC proposals found for state+category,
585,705514,Jarapada- Budhapank with flyover at Talcher road 3rd and 4th Line,,Railways,Best score 23 < threshold 45,"Jeypore- Malkangiri New BG Line,East Coast Railway."
586,705362,"Jaynagar-Bijalpura, incl. extn. Bet, Bijalpura-Bardibas [Nepal]",,Railways,No FC proposals found for state+category,
587,617290,Jeypore - Malkangiri New BG Line Project,,Railways,No FC proposals found for state+category,
588,900874,JHAJHA - BATIA,,Railways,No FC proposals found for state+category,
589,617373,Jhajha-Batai New Line Project,,Railways,No FC proposals found for state+category,
590,705598,Jhansi - Bina Third Railway Line [153 Km],,Railways,No FC proposals found for state+category,
591,705608,Jhansi-Khairar-Manikpur & Khirar-Bhimsen,,Railways,No FC proposals found for state+category,
592,400006,Jharsuguda-Barpali-Sardega Ph II Works- Rail Connectivity for Coal Loading Bulb at Barpali.,,Railways,No FC proposals found for state+category,
593,705616,Jharsuguda-Bilaspur Fourth Railway Line [206 km],,Railways,No FC proposals found for state+category,
594,705391,Jiribam-Imphal new line project,,Railways,No FC proposals found for state+category,
595,705450,Jogbani-Biratnagar New Rail Line project,,Railways,No FC proposals found for state+category,
596,611976,Jogeshwari AT Development of JOS-AT as Trainset Maintenance Depot for energy efficient Vande Bharat Sleeper Trains,,Railways,No FC proposals found for state+category,
597,705730,Joka-BBD Bag new metro project,,Railways,No FC proposals found for state+category,
598,611980,Junagarh Visavadar 42 Kms,,Railways,No FC proposals found for state+category,
599,705492,Kadur - Chickamagalur - Sakleshpur [93km],,Railways,No FC proposals found for state+category,
600,400247,Kalinarayanpur-Krishnanagar Doubling Alongwith Krishnanagar - Chapra New Line And Naihati-Ranaghat 3rd Line.,,Railways,No FC proposals found for state+category,
601,617322,Kalipahari Bakhtarnagar 5th line,,Railways,No FC proposals found for state+category,
602,709809,KALYAN-MURBAD VIA ULHASNAGAR  [UMBRELLA WORK] ,,Railways,No FC proposals found for state+category,
603,706844,Katihar - Kumedpur Doubling Line Project,,Railways,No FC proposals found for state+category,
604,617245,Katihar Kumedpur & Katihar Mukuria BG Doubling Project,,Railways,No FC proposals found for state+category,
605,705651,Katni - Bina Third Railway Line [279 km],,Railways,No FC proposals found for state+category,
606,705661,Katni Grade Separator/Bye Pass,,Railways,No FC proposals found for state+category,
607,705252,Kazipet Wagon Overhauling Project,,Railways,No FC proposals found for state+category,
608,705612,Kazipet-Vijayawada 3rd line with electrification [220 km],,Railways,Best score 12 < threshold 45,Proposal for Diversion of 3.21 Ha. Forest land for construction of New Double line and Electrificati
609,705364,Khagaria-Kusheshwar Asthan [42Km] new line project,,Railways,No FC proposals found for state+category,
610,705668,KHARAGPUR-ADITYAPUR THIRD RAIL LINE- 132 KM,,Railways,No FC proposals found for state+category,
611,617200,KHARSIA- NAYA RAIPUR-PARMALKASA 5th and 6th Line [278KM],,Railways,Best score 11 < threshold 45,3rd Line in between Paniajob-Bortalao in lieu of 3rd line Project between Rajnandgaon- Nagpur (Kalum
612,400220,Kharsia-Dharamjaygarh with Spur line [East Corridor-Phase 1],,Railways,No FC proposals found for state+category,
613,706898,Khurda Road - Balangir Electrification of Railway Track Project,,Railways,No FC proposals found for state+category,
614,705358,Khurda-Bolangir New Broad Gauge Rail Link [301km],,Railways,No FC proposals found for state+category,
615,617832,Koderma-Arigada Doubling 133.38 Km of East Central Railway,,Railways,No FC proposals found for state+category,
616,705375,Koderma-Tilaiya New Line,,Railways,No FC proposals found for state+category,
617,709810,KODINGAMALI BAUXITE MINES TO SINGARAM RAILWAY STATION,,Railways,No FC proposals found for state+category,
618,705513,Koraput - Singapur Railway Doubling,,Railways,No FC proposals found for state+category,
619,611918,Kosamba Umarpada 70 Km,,Railways,No FC proposals found for state+category,
620,616983,Kosamba Umarpada GC PROJECT,,Railways,No FC proposals found for state+category,
621,705436,Kotapalli - Narasapur New Line,,Railways,No FC proposals found for state+category,
622,705638,Kumbalam-Turavur doubling project [15.59 Km],,Railways,No FC proposals found for state+category,
623,611927,Kurnool - Setting up facilities for coach midlife rehabilitation workshop,,Railways,Best score 12 < threshold 45,Proposal for Diversion of 3.21 Ha. Forest land for construction of New Double line and Electrificati
624,705253,Kurnool Coach Midlife Rehabilitation Project,,Railways,Best score 13 < threshold 45,Proposal for Diversion of 3.21 Ha. Forest land for construction of New Double line and Electrificati
625,705766,Lalitpur-Birari with flyover at Lalitpur- 16 Km,,Railways,No FC proposals found for state+category,
626,705480,"Lalitpur-Satna, Rewa-Singrauli & Mahoba-Khajuraho",,Railways,No FC proposals found for state+category,
627,705785,Lodhma - Piska - Link Line bypassing Hatia/Ranchi with Y connection,,Railways,Best score 15 < threshold 45,Diversion of 6.80 Ha of Forest land for construction Rail and Road Pathway for transportation of coa
628,607653,Ludhiana Mullanpur 21Km Doubling Railway project,,Railways,No FC proposals found for state+category,
629,705783,Ludhiana- Killa Raipur Railway  Doubling Project,,Railways,Best score 15 < threshold 45,3rd Line in between Paniajob-Bortalao in lieu of 3rd line Project between Rajnandgaon- Nagpur (Kalum
630,616701,Lumding Furkating Doubling Project 140 km,,Railways,No FC proposals found for state+category,
631,616842,LUNI- SAMDARI- BHILDI DOUBLING,,Railways,No FC proposals found for state+category,
632,705489,Madurai- Tuticorin New Line,,Railways,No FC proposals found for state+category,
633,611929,Maintenance cum workshop depot for Vande Bharat Sleeper Trains as per conditions under WTA 527,,Railways,No FC proposals found for state+category,
634,616702,Malkangiri Pandurangapuram new railway line project,,Railways,No FC proposals found for state+category,
635,611615,Malugur- Palasamudram New Line Project [17.975 Km],,Railways,No FC proposals found for state+category,
636,705437,Manoharabad-Kothapalli New Rail Line [151 km],,Railways,No FC proposals found for state+category,
637,706940,"Mariani-Jorhat, Tinsukia-Dangri and Makum -TirapTrack Electrification Project",,Railways,No FC proposals found for state+category,
638,705491,Marikuppam - Kuppam New Line Project [23.70 Km],,Railways,No FC proposals found for state+category,
639,705667,Mathura-Jhansi Third Railway Line [274 Km],,Railways,No FC proposals found for state+category,
640,611973,miyagam karjan Choranda maalsar 37 kms,,Railways,No FC proposals found for state+category,
641,705458,Miyagam-Karjan-Dabhoi-Samlaya [GC],,Railways,No FC proposals found for state+category,
642,706757,Modasa-Shamlaji Road Railway Line Project,,Railways,No FC proposals found for state+category,
643,705755,Morappur - Dharmpuri New Railway Line Project,,Railways,No FC proposals found for state+category,
644,705772,"Mughalsarai-Allahabad, 3rd line",,Railways,No FC proposals found for state+category,
645,616699,Multi tracking of Son Nagar-Andal [374.53 rkm & 814.38 tkm],,Railways,No FC proposals found for state+category,
646,611452,MUMBAI CENTRAL VIRAR VADODARA AHMEDABAAD TRAIN PROTECTION SYSTEM 500 RKM,,Railways,Best score 14 < threshold 45,Railway Narrow Gauge line from Nagbhir to Itwari
647,706780,Mumbai Urban Transport Project [MUTP]  Phase-IIIA,,Railways,Best score 18 < threshold 45,Railway Narrow Gauge line from Nagbhir to Itwari
648,706779,Mumbai Urban Transport Project [MUTP] - PHASE II,,Railways,Best score 18 < threshold 45,Railway Narrow Gauge line from Nagbhir to Itwari
649,706781,Mumbai Urban Transport Project Phase-III,,Railways,Best score 18 < threshold 45,Railway Narrow Gauge line from Nagbhir to Itwari
651,617240,Murarai - Barharwa 3rd line,,Railways,No FC proposals found for state+category,
652,705401,Murkongselek-Pasighat,,Railways,No FC proposals found for state+category,
653,705528,Muzaffarpur-Sugauli,,Railways,No FC proposals found for state+category,
654,709812,NADIAD-PETLAD [37.26 KM],,Railways,No FC proposals found for state+category,
655,400298,Nadikudi - Srikalahasti New Line,,Railways,No FC proposals found for state+category,
656,400223,Nagapattinam-Tiruturaipundi and Karaikal-Peralam New Line,,Railways,No FC proposals found for state+category,
657,705799,Nagpur- Nagbhir Railway Line Gauge Conversion Project,,Railways,Best score 25 < threshold 45,Railway Narrow Gauge line from Nagbhir to Itwari
658,705410,Nangal Dam-Talwara New Broad Gauge Line [84 KM] and Taking Over Siding Mukerian-Talwara [29 KM],,Railways,No FC proposals found for state+category,
659,705629,Narayangarh-Bhadrak 3rd line,,Railways,No FC proposals found for state+category,
660,617408,NATHDWARA- NATHDWARA TOWN NL,,Railways,No FC proposals found for state+category,
661,616839,Naupada-Gunupur - New line upto Theruvali [73.62 km],,Railways,No FC proposals found for state+category,
662,611669,NER Provision of Automatic Block Signalling on Gorakhpur Cantt[Excl]  Chhapra Gramin & Burhwal Jn [Excl]  Sitapur Jn section of high density routes,,Railways,No FC proposals found for state+category,
663,617320,New B.G Railway Line between Jeypore & Navarangpur [38 Km] with Electrification,,Railways,No FC proposals found for state+category,
664,705400,New B.G. Railway Line- Araria to Galgalia  [Thakurgunj],,Railways,No FC proposals found for state+category,
665,709813,NEW BG LINE INTERSECTION [5 NOS] BETWEEN GERATPUR-SANAND & BOTAD-AHMEDABAD [16.51 KM]  [PB#29/NR/202,,Railways,Best score 13 < threshold 45,MUMBAI-AHEMDABAD HIGH SPEED RAILWAY PROJECT
666,611943,New broad gauge line between Naliya Jakhau Port 25 Kms,,Railways,No FC proposals found for state+category,
667,705794,New Delhi- Howrah Speed Booster[160Kmph] Project,,Railways,No FC proposals found for state+category,
668,705793,Raising of speed to 160 kmph/200 kmph on existing New Delhi-Mumbai route incl. Vadodara-Ahmedabad,,Railways,No FC proposals found for state+category,
669,618995,New Line between Junagarh - Nabarangpur [116.21 Km],,Railways,No FC proposals found for state+category,
670,705453,"New line Dahod-Indore via Sardarpur, Jabuwa and Dhar",,Railways,Best score 23 < threshold 45,Chhotaudepur to Dhar New Broad Gauge railway line project
671,705434,New Railway Line between Ginigera and Raichur [165.57 km],,Railways,No FC proposals found for state+category,
672,619326,Nidadavolu-Duvvada 3rd & 4th Lines,,Railways,No FC proposals found for state+category,
673,705764,Nimach-Badi Sadri  New Rail Line Project,,Railways,No FC proposals found for state+category,
674,705933,Nimach-Ratlam Doubling [133 Km],,Railways,No FC proposals found for state+category,
675,709814,NIPANIA-BHATAPRA [14.4 KM] 4TH LINE [PB-72/NR/2022-23],,Railways,No FC proposals found for state+category,
676,706776,Noapara-Barasat via Bimanbandar - Construction of Metro railway [18 km],,Railways,No FC proposals found for state+category,
677,705298,North Region Video Surveillance Project,,Railways,No FC proposals found for state+category,
678,709808,PACHORA-JAMNER WITH EXTENSION UPTO MALKAPUR NG TO BG,,Railways,No FC proposals found for state+category,
679,616695,Paradeep - Badabandha 3rd & 4th Line / 18.51kms,,Railways,No FC proposals found for state+category,
680,705747,Parasnath-Madhuban-Giridih new line,,Railways,No FC proposals found for state+category,
681,705710,PCT Machine Procurement Project,,Railways,No FC proposals found for state+category,
682,705789,Penukonda - Dharmavaram Doubling Project [41.5 Km],,Railways,No FC proposals found for state+category,
683,611945,Petlad Bhadran 23 Kms,,Railways,No FC proposals found for state+category,
684,400280,Ph II extension of MRTS from Velachery to St Thomas Mount,,Railways,No FC proposals found for state+category,
685,705779,"Phephna-Indara, Mau-Shahganj doubling excluding Indara-Mau",,Railways,No FC proposals found for state+category,
686,705385,Pirpainti - Jasidih [100.52 Km] New BG line,,Railways,No FC proposals found for state+category,
687,617404,POKHRAN - RAMDEVRA New Line,,Railways,No FC proposals found for state+category,
688,706837,Pradhan Kuntha Jn Line Doubling Project,,Railways,No FC proposals found for state+category,
689,400045,Proposed 6 nos Road Over Bridge [ROB] at different locations under MCL Talcher Under Deposit Scheme.,,Railways,Best score 12 < threshold 45,"Jeypore- Malkangiri New BG Line,East Coast Railway."
690,705694,Provision of Work-site Tampers [WST] Railway Project,,Railways,No FC proposals found for state+category,
691,705503,Pune - Miraj-Londa  [467 Kilometres],,Railways,Best score 19 < threshold 45,Railway Narrow Gauge line from Nagbhir to Itwari
692,616841,PUSHKAR- MERTA CITY NEW LINE,,Railways,No FC proposals found for state+category,
693,611944,Quadrupling between Gandhidham Adipur with Y connection at Adipur for providing direct entry towards Mundra Port and Bhuj and high level platform at Gopalpur 11Kms,,Railways,No FC proposals found for state+category,
694,617214,Rail Connectivity to Errupalem Amravati Namburu 57 Km,,Railways,No FC proposals found for state+category,
695,617409,Railway Manufacturing Unit,,Railways,No FC proposals found for state+category,
696,706763,Rajkot - Kanalus Doubling Project [111.2 Kms],,Railways,No FC proposals found for state+category,
697,705617,Rajnandgaon - Nagpur [Kalumna] Third Railway Line [228.30 km],,Railways,Best score 23 < threshold 45,Railway Narrow Gauge line from Nagbhir to Itwari
699,706759,Rampur Dumra-Tal-Rajendrapul Additional Bridge and Railway Line Doubling,,Railways,No FC proposals found for state+category,
700,616840,RAS- MERTA CITY NEW LINE INCL BYPASS AT MERTA ROAD,,Railways,No FC proposals found for state+category,
701,617406,RATLAM- DUNGARPUR VIA BANSWARA NEW LINE PROJECT,,Railways,No FC proposals found for state+category,
702,705457,Ratlam-Mhow-Khandwa-Akola Gauge Conversion,,Railways,No FC proposals found for state+category,
703,705494,Rayadurg-Tumkur via Kalyandurg New Line [207 km],,Railways,No FC proposals found for state+category,
704,705712,RBMV Machine Procurement Project,,Railways,No FC proposals found for state+category,
705,613786,"Redevelopment of Ahmedabad railway station and associated infrastructure on engineering, procurement and construction mode",,Railways,Best score 12 < threshold 45,MUMBAI-AHEMDABAD HIGH SPEED RAILWAY PROJECT
706,613002,Redevelopment of Chennai Egmore Station,,Railways,Best score 12 < threshold 45,Restoration of Rail connectivity between Rameswaram and Dhanushkodi
707,613015,Redevelopment of Chhatrapati Shivaji Maharaj Terminus [CSMT] and construction of associated infrastructure,,Railways,No FC proposals found for state+category,
708,613785,Redevelopment of New Delhi Railway Station and construction of associated infrastructure,,Railways,No FC proposals found for state+category,
709,705610,"Renigunta, Wadi & Gooty Bypass Railway Project",,Railways,No FC proposals found for state+category,
710,611861,Rewari - Kathuwas Doubling Project [27.72 Km],,Railways,No FC proposals found for state+category,
711,616696,RINGUS KHATUSHYAMJI NEW LINE,,Railways,No FC proposals found for state+category,
712,705429,Rishikesh-Karnaprayag New Rail Line- 125 km,,Railways,No FC proposals found for state+category,
713,706856,Rourkela - Bondamunda 5th Line Doubling Project,,Railways,No FC proposals found for state+category,
714,615915,Rourkela-Bondamunda A-Cabin 5th line [9.6 km],,Railways,No FC proposals found for state+category,
715,611979,Sabarmati  Setting up of Maintenance Facilities for Train Sets Phase ii,,Railways,No FC proposals found for state+category,
716,617403,SADULPUR - CHURU  DOUBLING PROJECT,,Railways,No FC proposals found for state+category,
717,705527,Sagauli-Valmiknagar,,Railways,No FC proposals found for state+category,
718,400205,Sahjanwa-Dohrighat,,Railways,No FC proposals found for state+category,
719,602797,"Sainthia, Sitarampur, Mughalsarai, Allahabad & Etawah - Bypass Line Project",,Railways,No FC proposals found for state+category,
720,400254,Sakri -Hasanpur [via Harnagar - Kusheshwar Asthan] New Railway line,,Railways,No FC proposals found for state+category,
721,705363,Sakri-Hasanpur Road New  Rail Line Project,,Railways,No FC proposals found for state+category,
722,705526,Samastipur-Darbhanga Doubling Railway Project,,Railways,No FC proposals found for state+category,
723,611970,Samlaya Timba Road 54 km,,Railways,No FC proposals found for state+category,
724,611971,Samni Jambusar 24 km,,Railways,Best score 9 < threshold 45,Railway Narrow Gauge line from Nagbhir to Itwari
725,617390,Sardega -Bhalumuda New Double line [37.24 Km],,Railways,No FC proposals found for state+category,
726,705659,Satna-Rewa Railway Line Doubling Project,,Railways,No FC proposals found for state+category,
727,705912,Sawai Madhopur-Jaipur Railway Line Project,,Railways,Best score 14 < threshold 45,Construction of Mathura-Jhansi BG Third Railway Line (Dholpur Section)
728,706866,Sawaimadhopur Bye Pass Line Project,,Railways,No FC proposals found for state+category,
729,617345,SER Upgradation of maintenance infrastructure at Shalimar into Vande Bharat Chair Car maintenance cum workshop depot.,,Railways,No FC proposals found for state+category,
730,705761,SHIMOGA - SHIKARIPURA - RANEBENNUR [96 Km],,Railways,No FC proposals found for state+category,
731,705432,Sivok-Rangpo New Rail Line,,Railways,No FC proposals found for state+category,
732,705735,Solapur-tuljapur-Osmanabad,,Railways,No FC proposals found for state+category,
733,705717,SRGM Machine Procurement Project,,Railways,No FC proposals found for state+category,
734,617333,Surface triangle line bet. Bhadura stn and new crossing stn Karma,,Railways,No FC proposals found for state+category,
735,705743,Talcher-Angul  New Line with Y-Connection at Talcher,,Railways,Best score 14 < threshold 45,"Jeypore- Malkangiri New BG Line,East Coast Railway."
736,705359,Talcher-Bimlagarh New Railway Line,,Railways,Best score 19 < threshold 45,"Jeypore- Malkangiri New BG Line,East Coast Railway."
737,400273,Tarakeshwar-Bishnupur New Line [82.47 km],,Railways,No FC proposals found for state+category,
738,400022,Taranga Hill-Abu Road via Ambaji,,Railways,No FC proposals found for state+category,
739,705394,Tetlia-Byrnihat New Railway Line,,Railways,No FC proposals found for state+category,
740,705613,Third Line [new] between Kazipet - Balharshah  with electrification [201.04 Km],,Railways,No FC proposals found for state+category,
741,400234,Third Railway Line between Patratu-Sonnagar [281 kms],,Railways,No FC proposals found for state+category,
742,400275,Tindivanam-Nagari New Line Project [184.5 km],,Railways,No FC proposals found for state+category,
743,617210,Tiupati Katpadi 104.39 kms,,Railways,No FC proposals found for state+category,
744,705726,Track Machine Procurement Project,,Railways,No FC proposals found for state+category,
745,705635,Trivandrum- Kanyakumari,,Railways,No FC proposals found for state+category,
746,705496,Tumkur-Chitradurga-Davangere New Rail Line Project [191 km],,Railways,No FC proposals found for state+category,
747,617213,Varanasi-Pt. Deen Dayal Upadhyaya multitracking 15km including construction of new Rail-cum-Road Bridge across Ganga River.,,Railways,Best score 12 < threshold 45,"KANPUR METRO RAIL PROJECT , Kanpur Nagar , UP."
748,611938,Vijapur Ambliyasan 42 km,,Railways,No FC proposals found for state+category,
749,705632,Vijayawada - Kazipet Byepass line,,Railways,Best score 16 < threshold 45,Proposal for Diversion of 3.21 Ha. Forest land for construction of New Double line and Electrificati
750,705648,Vijaywada-Gudur 3rd Line,,Railways,No FC proposals found for state+category,
751,400253,Vizianagaram - Titlagarh 3rd line  [272 Km including By - pass line of 7.68 KM],,Railways,No FC proposals found for state+category,
752,705520,Vizianagaram-Sambhalpur 3rd Line Project,,Railways,No FC proposals found for state+category,
753,705479,Wadsa-Gadchiroli,,Railways,No FC proposals found for state+category,
754,705497,Wardha - Yavatmal Nanded Railway Line Project,,Railways,No FC proposals found for state+category,
755,400271,Wardha-Nanded Via Yavatmal New BG Line,,Railways,No FC proposals found for state+category,
756,705237,Western Dedicated Freight Corridor,,Railways,No FC proposals found for state+category,
757,611974,Western Railway Samakhiali Gandhidham Quadrupiling 53 Kms,,Railways,No FC proposals found for state+category,
758,611975,Western Railway Vasai bypass double line between Naigaon  Juchandra 6 km,,Railways,No FC proposals found for state+category,
759,705300,Western Region Video Surveillance Project,,Railways,No FC proposals found for state+category,
760,705720,WST Machine Procurement Project,,Railways,No FC proposals found for state+category,
761,705708,WST Machine Procurement Project,,Railways,No FC proposals found for state+category,
762,703585,Yeshvanthpur - Channasandra Doubling Project [21.70 Km],,Railways,No FC proposals found for state+category,
781,701576,Berth No. 2 [previously Berth 3] of HDC Mechanization Project,,Shipping,No FC proposals found for state+category,
782,701564,"Construction of new dry dock at exisitng Cochin Shipyard Limited premises at Perumanoor, Kochi 682 015",,Shipping,No FC proposals found for state+category,
783,701574,Deepening and Optimization of Inner Harbour facilities including development of Western Dock on BOT basis to handle Cape size vessels,,Shipping,No FC proposals found for state+category,
784,619229,"Integrated development of Outer Container Terminal and berth No. 1 though 5 NSD at KDS, SMPK on DBFOT basis through PPP mode",,Shipping,No FC proposals found for state+category,
785,617804,Mechanization of Berth No.14 for handling Containers and other cargo on DBFOT basis - Phase II,,Shipping,No FC proposals found for state+category,
786,708655,Operationalization of Coastal Berth & Shallow Water Berth through PPP,,Shipping,No FC proposals found for state+category,
787,400382,Rewas Port Project,,Shipping,No FC proposals found for state+category,
788,701586,Setting up of a Floating Storage and Regasification Unit [FSRU] - Mumbai,,Shipping,No FC proposals found for state+category,
789,701577,Shalukkhali Liquid Cargo Handling Facility Development Project,,Shipping,No FC proposals found for state+category,
790,709827,CONSTRUCTION OF RESIDENTIAL TOWERS AT BIOM KIRANDUL COMPLEX,,Steel,No FC proposals found for state+category,
791,400121,"Construction of Screening Plant-II for Donimalai and Kumaraswamy Iron Ore Mining Complex of NMDC Limited at Ballari Dt, Karnataka.",,Steel,No FC proposals found for state+category,
792,400065,Installation of 4th Slab Caster along with its Auxiliaries and a New Ladle Furnace in SMS-II at Rourkela Steel Plant,,Steel,No FC proposals found for state+category,
793,617242,Installation of New Bar Mill at Durgapur Steel Plant,,Steel,No FC proposals found for state+category,
794,400174,"New Sinter Plant at BSL, SAIL",,Steel,No FC proposals found for state+category,
795,706811,NMDC Slurry Pipeline Project Phase-1,,Steel,No FC proposals found for state+category,
796,612781,Rebuilding of COB 4 at Durgapur Steel Plant,,Steel,No FC proposals found for state+category,
797,617257,Rebuilding of Coke Oven Battery No.6 at Bokaro Steel Plant,,Steel,No FC proposals found for state+category,
798,617256,Rebuilding of Coke Oven Battery No.7 & 8 at Bhilai Steel Plant,,Steel,No FC proposals found for state+category,
799,617255,"Replacement of Converter Vessels, Trunnion Rings, Support System & Installation of Secondary Emission at Bhilai Steel Plant",,Steel,No FC proposals found for state+category,
800,617249,Replacement of existing Grinders in CRM-I & II at Bokaro Steel Plant,,Steel,No FC proposals found for state+category,
801,617243,Replacement of Hot Leveller No.1 of Plate Mill at Bhilai Steel Plant,,Steel,No FC proposals found for state+category,
802,617254,Replacement of remaining 04 sets  of Battery Cyclones with 04 Nos. of ESPs in Sinter Plant-1 at Bokaro Steel Plant,,Steel,No FC proposals found for state+category,
803,617251,Revamping of Air Pollution Control Systems of SP-1 at Durgapur Steel Plant,,Steel,No FC proposals found for state+category,
804,617253,Revamping of old sub-systems of Blast Furnace 3 at Bokaro Steel Plant,,Steel,No FC proposals found for state+category,
805,709826,SCREENING PLANT-III AT KIRANDUL,,Steel,No FC proposals found for state+category,
806,617250,Secondary Emission Control in Converters of SMS-II at Bokaro Steel Plant,,Steel,No FC proposals found for state+category,
807,617338,Stamp Charge Battery No.12 Battery Proper at IISCO Steel Plant,,Steel,No FC proposals found for state+category,
808,617248,Third Ladle Furnace in Secondary Refinery Unit at IISCO Steel Plant,,Steel,No FC proposals found for state+category,
809,617246,Up-gradation of Blast Furnace No. 3 at Durgapur Steel Plant,,Steel,No FC proposals found for state+category,
831,615337,Additional Transmission System for evacuation of Power from Bhadla-III PS as part of Rajasthan REZ Phase III Scheme [20 GW] [SPV Name POWERGRID Bhadla-III Power Transmission Limited],,Transmission & Distribution,Best score 17 < threshold 45,Construction of 220kV S/C Transmission line on D/C towers laying between proposed ABCSIPL 300MW Sola
832,617181,"Augmentation at Fatehgarh-II PS, Fatehgarh-IV PS [Section-II] and Barmer-I PS [POWERGRID Fatehgarh Barmer Augmentation Transmission Limited]",,Transmission & Distribution,Best score 16 < threshold 45,Construction of 220kV S/C Transmission line on D/C towers laying between proposed ABCSIPL 300MW Sola
833,612856,Augmentation of 1x1500 MVA 3rd  765/400 kV transformation capacity at Kurnool New Substation,,Transmission & Distribution,Best score 16 < threshold 45,Erection of 220 KV DC line from 400/220 KV SS Jammalamadugu to the proposed 220/132/33 KV SS at Beth
834,619028,Augmentation of 1x500 MVA 400/220kV ICT [3rd] at Thrissur VSC HVDC Station in Kerala,,Transmission & Distribution,No FC proposals found for state+category,
835,617182,Augmentation of Banaskantha [Raghanesda] PS [GIS] [POWERGRID Banaskantha Transco Limited],,Transmission & Distribution,No FC proposals found for state+category,
836,617802,Augmentation of Transformation Capacity and Implementation of Line Bays at  Mandsaur S/S for RE Interconnection [SPV Name- POWERGRID Mandsaur I RE Transmission Limited],,Transmission & Distribution,No FC proposals found for state+category,
837,617391,Augmentation of Transformation Capacity at Bhuj-II PS [GIS],,Transmission & Distribution,No FC proposals found for state+category,
838,615342,Augmentation of Transformation Capacity at jam Khambhaliya PS [GIS] [SPV Name POWERGRID Jam Khambhaliya Transmission Limited],,Transmission & Distribution,No FC proposals found for state+category,
839,617069,Augmentation of Transformation Capacity at KPS1 [GIS] and KPS2 [GIS] [Phase-V Part B1 and Part B2 Scheme]  [SPV Name- POWERGRID KPS1 and 2 Augmentation Transmission Limited],,Transmission & Distribution,No FC proposals found for state+category,
840,617068,"Augmentation of Transformation Capacity by 3x500 MVA, 400/220 KV ICTS [6th-8th] and 1x1500 MVA, 765/400 KV ICT [4th] at Bidar PS  [SPV Name- POWERGRID Bidar Augmentation Transmission Limited]",,Transmission & Distribution,No FC proposals found for state+category,
841,602223,Comprehensive Scheme for Strengthening of Transmission and Distribution [T&D] Systems [CSST&DS] in Arunachal Pradesh and Sikkim,,Transmission & Distribution,No FC proposals found for state+category,
842,617271,Eastern Region  Expansion Scheme-43 [ERES-43],,Transmission & Distribution,No FC proposals found for state+category,
843,617270,Eastern Region  Expansion Scheme-44 [ERES-44],,Transmission & Distribution,No FC proposals found for state+category,
844,611660,Establishment of Khavda Pooling Station-2 KPS2 in Khavda RE Park KPS2 TRANSMISSION SYSTEM LIMITED,,Transmission & Distribution,No FC proposals found for state+category,
845,617272,Implementation of LILO of both circuits of 400KV vindhyachal PS-Sasan D/C Line at Hindalco Switchyard,,Transmission & Distribution,No FC proposals found for state+category,
846,617326,Implementation of Transmission Systems in the State of Jharkhand consisting of 400/220/132/33 kV transmission lines and substations under Jharkhand Consultancy Project,,Transmission & Distribution,No FC proposals found for state+category,
847,617807,Inter-regional [NR-WR] Transmission System strengthening to relieve the loading of 765 kV Vindhyachal-Varanasi D/c line,,Transmission & Distribution,Best score 15 < threshold 45,132 KV D/C Talheri TSS (DFCCIL)- Jarauda Nara TSS (Railway) Transmission line falling in Saharanpur 
848,619030,Inter-Regional Strengthening between SR Grid and ER Grid,,Transmission & Distribution,No FC proposals found for state+category,
849,617808,Inter-Regional Strengthening between SR Grid and WR Grid,,Transmission & Distribution,No FC proposals found for state+category,
850,617405,Jamnagar Transmission Limited,,Transmission & Distribution,No FC proposals found for state+category,
851,619049,Khavda IVA Power Transmission Limited,,Transmission & Distribution,No FC proposals found for state+category,
852,619026,KPSIII HVDC Transmission Limited,,Transmission & Distribution,No FC proposals found for state+category,
853,619024,Mahan Transmission Limited,,Transmission & Distribution,No FC proposals found for state+category,
854,619227,Network Expansion Scheme in Maharashtra for removal of Transmission constraints in Pune Region-I [765/400kV AIS Pune East],,Transmission & Distribution,Best score 16 < threshold 45,Replacement of existing Tower No. 24 of 110 kV Khopoli-Davdi-Bhira transmission line.
855,617375,North Eastern Region Expansion Scheme-XXIII [NERES-XXIII],,Transmission & Distribution,No FC proposals found for state+category,
856,607709,NORTH EASTERN REGION POWER SYSTEM IMPROVEMENT PROJECT [NERPSIP],,Transmission & Distribution,No FC proposals found for state+category,
857,615343,Provision of Dynamic Reactive Compensation at Khavda pooling Station 1 [KPS1] and Khavda Pooling station 3 [KPS3],,Transmission & Distribution,No FC proposals found for state+category,
858,617801,Provision of ICT Augmentation & Bus Reactor at Bhuj-II PS,,Transmission & Distribution,No FC proposals found for state+category,
859,619025,RAJASTHAN PART I POWER TRANSMISSION LIMITED,,Transmission & Distribution,No FC proposals found for state+category,
860,617186,Rajasthan REZ Ph-V [Part-1- 4 GW] [Sirohi/Nagaur] Complex [Rajasthan V Power Transmission Limited],,Transmission & Distribution,No FC proposals found for state+category,
861,616672,System Strengthening at Koppal-II and GadagII for integration of RE generation projects [SPV Name POWERGRID Koppal Gadag Augmentation Transmission Limited],,Transmission & Distribution,No FC proposals found for state+category,
862,400005,Transmission Network Expansion in Gujarat to increase its ATC from ISTS Part B,,Transmission & Distribution,No FC proposals found for state+category,
863,611656,Transmission scheme for evacuation of 4.5GW RE injection at Khavda PS under Phase II- Part B,,Transmission & Distribution,No FC proposals found for state+category,
864,611657,Transmission scheme for evacuation of 4.5GW RE injection at Khavda PS under Phase II- Part C,,Transmission & Distribution,No FC proposals found for state+category,
865,617179,Transmission Scheme for evacuation of Power from Ratle HEP [850 MW] & kiru [624 MW] Part B,,Transmission & Distribution,No FC proposals found for state+category,
866,612132,Transmission Scheme for Evacuation of power from REZ in Rajasthan [20 GW] under Phase-III Part D [Sikar Khetri Transmission Ltd],,Transmission & Distribution,No FC proposals found for state+category,
867,617184,Transmission Scheme for integration of Davanagere/ Chitradurga and Bellary REZ in Karnataka  [POWERGRID Chitradurga Bellary REZ Transmission Limited],,Transmission & Distribution,No FC proposals found for state+category,
868,612140,Transmission Scheme for Integration of Renewable Energy Zone [Phase II] in Koppal II [Phase A&B] and gadag II[Phase A] in Karnataka [POWERGRID KOPPAL GADAG TRANSMISSION LIMITED],,Transmission & Distribution,No FC proposals found for state+category,
869,611967,Transmission Scheme for Solar Energy Zone in Ananthpuram 2500MW and Kurnool 1000MW,,Transmission & Distribution,Best score 15 < threshold 45,Erection of 220 KV DC line from 400/220 KV SS Jammalamadugu to the proposed 220/132/33 KV SS at Beth
870,612138,"Transmission Scheme for Solar Energy Zone in Bidar [2500 MW], Karnataka [Bidar Transmission Ltd]",,Transmission & Distribution,No FC proposals found for state+category,
871,612139,Transmission system for Evacuation of Additional 7 GW RE power from Khavda RE park under Phase-III Part B [Vataman Transmission Limited],,Transmission & Distribution,No FC proposals found for state+category,
872,617279,Transmission System for evacuation of power from Mahan Energen Limited Generating Station in Madhya Pradesh [SPV Name - POWERGRID MEL Power Transmission Limited],,Transmission & Distribution,No FC proposals found for state+category,
873,608302,Transmission system for evacuation of Power from Pakaldul HEP in Chenab Valley HEPs - LTA System,,Transmission & Distribution,No FC proposals found for state+category,
874,612855,Transmission System for Evacuation of Power from Potential Energy Renewable Zone in Khavda Area of Gujarat under Ph-IV [7GW] Part E2,,Transmission & Distribution,No FC proposals found for state+category,
875,611966,Transmission System for Evacuation of power from Potential RE Zone in Khavda Area of Gujarat under phase IV 7GW-Part E4,,Transmission & Distribution,No FC proposals found for state+category,
876,612151,Transmission System for Evacuation of Power from potential Renewable Energy zone in Khavda Area of Gujarat under Phase IV [7 GW] Part E3,,Transmission & Distribution,No FC proposals found for state+category,
877,615345,Transmission System for Evacuation of Power from Potential Renewable Energy Zone in Khavda area of Gujarat under Phase-IV [7GW] Part B [SPV Name POWERGRID South Olpad Transmission Limited],,Transmission & Distribution,No FC proposals found for state+category,
878,615347,TRANSMISSION SYSTEM FOR EVACUATION OF POWER FROM POTENTIAL RENEWABLE ENERGY ZONE IN KHAVDA AREA OF GUJARAT UNDER PHASE-V [8 GW] PART A   [SPV Name POWERGRID West Central Transmission Limited],,Transmission & Distribution,No FC proposals found for state+category,
879,615338,TRANSMISSION SYSTEM FOR EVACUATION OF POWER FROM RAJASTHAN REZ PH -IV [PART-2 5.5 GW] [JAISALMER/BARMER COMPLEX] PART F [SPV Name POWERGRID BARMER I TRANSMISSION LIMITED],,Transmission & Distribution,Best score 15 < threshold 45,Construction of 220kV S/C Transmission line on D/C towers laying between proposed ABCSIPL 300MW Sola
880,612134,Transmission System for Evacuation of power from Rajasthan REZ Ph-IV [Part-1] [Bikaner Complex] Part A [Bikaner Neemrana  Transmission Ltd],,Transmission & Distribution,No FC proposals found for state+category,
881,612133,Transmission System for Evacuation of power from Rajasthan REZ Ph-IV [Part-1] [Bikaner Complex] Part D [Neemrana Bareilly Transmission Ltd],,Transmission & Distribution,No FC proposals found for state+category,
882,615344,Transmission System for Evacuation of Power from Rajasthan REZ Ph-IV [Part-2  5.5GW] [Jaisalmer/Barmer Complex] Part H1 [POWERGRID KURAWAR TRANSMISSION LIMITED],,Transmission & Distribution,Best score 17 < threshold 45,Construction of 220kV S/C Transmission line on D/C towers laying between proposed ABCSIPL 300MW Sola
883,615346,Transmission System for Evacuation of Power from Rajasthan REZ Ph-IV [Part-2 5.5 GW] [Jaisalmer/Barmer Complex] Part C [SPV Name POWERGRID Mandsaur Transmission Limited],,Transmission & Distribution,Best score 17 < threshold 45,Construction of 220kV S/C Transmission line on D/C towers laying between proposed ABCSIPL 300MW Sola
884,615333,Transmission System for Evacuation of Power from Rajasthan REZ Ph-IV [Part-2 5.5 GW] [Jaisalmer/Barmer Complex] Part D [SPV Name POWERGRID Beawar Mandsaur Transmission Limited],,Transmission & Distribution,Best score 17 < threshold 45,Construction of 220kV S/C Transmission line on D/C towers laying between proposed ABCSIPL 300MW Sola
885,615334,Transmission System for Evacuation of Power from Rajasthan REZ Ph-IV [Part-2 5.5 GW] [Jaisalmer/Barmer Complex] Part E [SPV Name POWERGRID Mewar Transmission Limited],,Transmission & Distribution,Best score 17 < threshold 45,Construction of 220kV S/C Transmission line on D/C towers laying between proposed ABCSIPL 300MW Sola
886,615332,Transmission System for Evacuation of Power from Rajasthan REZ Ph-IV [Part-2 5.5 GW][Jaisalmer/Barmer Complex] Part B [SPV Name  POWERGRID Sirohi Transmission Limited],,Transmission & Distribution,Best score 17 < threshold 45,Construction of 220kV S/C Transmission line on D/C towers laying between proposed ABCSIPL 300MW Sola
887,615340,TRANSMISSION SYSTEM FOR EVACUATION OF POWER FROM RAJASTHAN REZ PH-IV [PART-3/ 6 GW] [BIKANER COMPLEX] PART B [SPV Name POWERGRID Siwani Transmission Limited],,Transmission & Distribution,No FC proposals found for state+category,
888,615339,Transmission system for evacuation of power from Rajasthan REZ Ph-IV [Part-3/6GW] [Bikaner complex] Part A [SPV Name POWERGRID Bikaner IV Transmission Limited],,Transmission & Distribution,No FC proposals found for state+category,
889,616670,Transmission System for evacuation of Power from Rajasthan REZ Ph-IV [Part-4 3.5 GW] Part A  [SPV name POWERGRID Ghiror Transmission Limited],,Transmission & Distribution,No FC proposals found for state+category,
890,615336,Transmission system for evacuation of Power from REZ in Rajasthan [20 GW] under phase-III Part-D Phase-II,,Transmission & Distribution,No FC proposals found for state+category,
891,611950,Transmission system for evacuation of power from REZ in Rajasthan 20 GW under Phase-III part B1,,Transmission & Distribution,No FC proposals found for state+category,
892,611949,Transmission system for evacuation of power from REZ in Rajasthan 20 GW under Phase-III part C1,,Transmission & Distribution,No FC proposals found for state+category,
893,611948,Transmission system for evacuation of power from REZ in Rajasthan 20 GW under Phase-III part H,,Transmission & Distribution,No FC proposals found for state+category,
894,611947,Transmission System for Evacuation of Power from REZ in Rajasthan 20GW under Phase III- Part E2,,Transmission & Distribution,No FC proposals found for state+category,
895,611951,Transmission system for evacuation of power from REZ in Rajasthan 20GW under Phase-III Part E1,,Transmission & Distribution,No FC proposals found for state+category,
896,611735,Transmission system for evacuation of power from REZ in Rajasthan 20GW under Phase-III Part J,,Transmission & Distribution,No FC proposals found for state+category,
897,617806,Transmission System for Integration of Ananthapur 2 REZ Phase 1 for 4.5 GW. SPV Name Anantapuram 2 REZ Transmission Ltd,,Transmission & Distribution,No FC proposals found for state+category,
898,617185,Transmission System for Integration of Kurnool-IV REZ  Phase-I [for 4.5 GW] [POWERGRID Kurnool-IV Transmission Limited],,Transmission & Distribution,Best score 15 < threshold 45,Erection of 220 KV DC line from 400/220 KV SS Jammalamadugu to the proposed 220/132/33 KV SS at Beth
899,900808,Transmission System for Kurnool Wind Energy Zone/ Solar Energy Zone  Part-A and Part-B,,Transmission & Distribution,Best score 12 < threshold 45,Erection of 220 KV DC line from 400/220 KV SS Jammalamadugu to the proposed 220/132/33 KV SS at Beth
900,619029,Transmission System for Reliable Power Supply to Dholera,,Transmission & Distribution,No FC proposals found for state+category,
901,606781,Transmission System for Strengthening of Srinagar-Leh Tr. System,,Transmission & Distribution,Best score 13 < threshold 45,Stabilization of existing 220 KV Single Circuit Gladni Udhampur Transmission Line alongwith realignm
902,617269,Transmission System for Strengthening to facilitate evacuation of power from Bhadla/Bikaner Complex,,Transmission & Distribution,Best score 22 < threshold 45,Construction of 220kV S/C Transmission line on D/C towers laying between proposed ABCSIPL 300MW Sola
903,617803,Transmission System Strengthening at Davanagere for Integration of RE Generation [SPV Name - POWERGRID Davanagere Power Transmission Limited],,Transmission & Distribution,No FC proposals found for state+category,
904,617183,Transmission system strengthening at Kurnool- III PS for integration of additional RE generation projects [POWERGRID Kurnool III PS RE Transmission Limited],,Transmission & Distribution,Best score 14 < threshold 45,Erection of 220 KV DC line from 400/220 KV SS Jammalamadugu to the proposed 220/132/33 KV SS at Beth
905,619228,Transmission System Strengthening for integration of additional RE Potential at Davanagere [0.25 GW] and Bellary [2.75 GW],,Transmission & Distribution,No FC proposals found for state+category,
906,615335,Transmission System Strengthening for Interconnections of  Bhadla-III & Bikaner III Complex [SPV Name POWERGRID BHADLA BIKANER TRANSMISSION LIMITED],,Transmission & Distribution,Best score 18 < threshold 45,Construction of 220kV S/C Transmission line on D/C towers laying between proposed ABCSIPL 300MW Sola
907,608922,Transmission System Strengthening Scheme for evacuation of power from SEZ in Rajasthan 8.1 GW under Phase II Part G,,Transmission & Distribution,No FC proposals found for state+category,
908,608301,Transmission system strengthening scheme for evacuation of power from solar energy zones in Rajasthan 8.1 GW under Phase II- Part- G1,,Transmission & Distribution,No FC proposals found for state+category,
909,611659,Transmission system strengthening scheme for evacuation of power from solar energy zones in Rajasthan[8.1 GW] under phase-II- Part E,,Transmission & Distribution,No FC proposals found for state+category,
910,616671,Transmission System under ISTS for evacuation of Power from Kudankulam Unit-3&4 [2x1000 MW]  [SPV Name POWERGRID Kudankulam Tarnsmission Limited],,Transmission & Distribution,No FC proposals found for state+category,
911,611737,Western Region Expansion Scheme-XXV,,Transmission & Distribution,No FC proposals found for state+category,
912,619027,WRNES Talegaon Power Transmission Limited,,Transmission & Distribution,No FC proposals found for state+category,
978,400117,Arjun Sahayak Project,,Water Resources,No FC proposals found for state+category,
979,701390,Arjuna Medium Irrigation project,,Water Resources,No FC proposals found for state+category,
980,701391,Aruna Medium Irrigation Project,,Water Resources,No FC proposals found for state+category,
981,400116,Bargi Diversion Project Phase - III [km. 104 to km 154],,Water Resources,No FC proposals found for state+category,
982,400115,Bargi Diversion Project Phase - IV [km. 154 to km 197],,Water Resources,No FC proposals found for state+category,
983,701388,Bembla Irrigation Project,,Water Resources,No FC proposals found for state+category,
984,617422,Bodwad Parisar Sinchan Yojna,,Water Resources,No FC proposals found for state+category,
985,701370,Borolia Irrigation Project,,Water Resources,No FC proposals found for state+category,
986,701371,Durgawati Reservoir Project,,Water Resources,No FC proposals found for state+category,
987,400095,Gosikhurd CADWM Project,,Water Resources,No FC proposals found for state+category,
988,701386,Gosikhurd Project,,Water Resources,No FC proposals found for state+category,
989,400101,Gundlakamma project,,Water Resources,No FC proposals found for state+category,
990,400103,Indiramma Flood Flow Canal Project,,Water Resources,No FC proposals found for state+category,
991,603945,Integrated Anandpur Barrage Project,,Water Resources,No FC proposals found for state+category,
992,400094,J. ChokhaRao LIS CADWM Project,,Water Resources,No FC proposals found for state+category,
993,701405,J. Chokka Rao Devadula Lift Irrigation Scheme,,Water Resources,No FC proposals found for state+category,
994,613787,Jamrani Dam Multipurpose Project,,Water Resources,No FC proposals found for state+category,
995,400112,Jigaon Irrigation Project,,Water Resources,No FC proposals found for state+category,
996,701404,Kanupur Irrigation Project,,Water Resources,No FC proposals found for state+category,
997,400111,Kelo Irrigation Project,,Water Resources,No FC proposals found for state+category,
998,701530,Ken-Betwa Linking Development Project,,Water Resources,No FC proposals found for state+category,
999,701392,Krishna Koyana Lift Irrigation Project,,Water Resources,No FC proposals found for state+category,
1000,701399,Kudali Irrigation Project,,Water Resources,No FC proposals found for state+category,
1001,701396,Lower Pedhi Project,,Water Resources,No FC proposals found for state+category,
1002,701408,Madhya Ganga canal Phase-II,,Water Resources,No FC proposals found for state+category,
1003,701395,Morna [Gureghar] Irrigation Project,,Water Resources,No FC proposals found for state+category,
1004,701398,Nardave Medium Irrigation Project,,Water Resources,No FC proposals found for state+category,
1005,701412,North Koel Reservoir Project,,Water Resources,No FC proposals found for state+category,
1006,400096,Omkareshwar CADWM Project,,Water Resources,No FC proposals found for state+category,
1007,701415,Polavaram Irrigation Project,,Water Resources,No FC proposals found for state+category,
1008,400104,Punpun Barrage Project,,Water Resources,No FC proposals found for state+category,
1009,400109,Purna Barrage-2 [Ner Dhamana] Medium Irrigation Project,,Water Resources,No FC proposals found for state+category,
1010,701406,Rajiv Bhima Lift Irrigation Scheme,,Water Resources,No FC proposals found for state+category,
1011,701410,Relining of  Rajasthan feeder and Sirhind Feeder canal,,Water Resources,No FC proposals found for state+category,
1012,400100,Sardar Gouthu Latchanna Thotapalli Barrage Project,,Water Resources,No FC proposals found for state+category,
1013,400097,Sardar Sarovar CADWM Project,,Water Resources,No FC proposals found for state+category,
1014,701372,Sardar Sarovar Project,,Water Resources,No FC proposals found for state+category,
1015,400093,Saryu Nahar CADWM Project,,Water Resources,No FC proposals found for state+category,
1016,701411,Shahpur Kandi Dam Project,,Water Resources,No FC proposals found for state+category,
1017,400102,Sri Ram Sagar Project Stage - II,,Water Resources,No FC proposals found for state+category,
1018,701376,"Subernarekha   Multipurpose Project, Jharkhand",,Water Resources,No FC proposals found for state+category,
1019,701402,"Subernarekha Project, Odisha",,Water Resources,No FC proposals found for state+category,
1020,400107,Sulwade-Jamphal-Kanoli Lift Irrigation Scheme,,Water Resources,No FC proposals found for state+category,
1021,701400,Thoubal Multipurpose Project,,Water Resources,No FC proposals found for state+category,
1022,701384,Tillari Irrigation Project,,Water Resources,No FC proposals found for state+category,
1023,701377,Upper Tunga Irrigation Project,,Water Resources,No FC proposals found for state+category,
1024,400105,Urmodi Irrigation Project,,Water Resources,No FC proposals found for state+category,
1025,701383,Waghur Project,,Water Resources,No FC proposals found for state+category,
1026,619186,Construction of Balance works of Major Bridge over Middle Strait Creek between Km.106.590 to km108.553 of NH-04 connecting South Andaman  & Baratang Island in the Union Territory of Andaman & Nicobar Islands on EPC basis,Andaman & Nicobar,Roads & Highways,No FC proposals found for state+category,
1027,619185,Rehabilitation and up-gradation and completion of balance work of section from Km 155.00 to Km 181.00 End of Jarwa to Rangat of NH -4 Total length 26 Km to Intermediate Lane/2-lane with hard shoulders in the UT of A&N Islands on EPC basis - Package-III.B Balance work,Andaman & Nicobar,Roads & Highways,No FC proposals found for state+category,
1028,619184,"Rehabilitation and up-gradation and completion of balance works of the section from Km 107.760 km to 129.445 km After Middle strait to Humphrey, Km 130.600 to 138.300 After Humphrey to Kadamtala of NH-4 Intermediate/2-Lane with hard shoulder in the Union Territory of Andaman & Nicobar Islands on EPC basis Package-IIIA",Andaman & Nicobar,Roads & Highways,No FC proposals found for state+category,
1030,618826,4 Laning of NH-544D from Km 0.000 to km 37.000 of Anantapur- Muchukota section Pkg-1,Andhra Pradesh,Roads & Highways,Best score 33 < threshold 45,CONSTRUCTION OF FOUR LANING PILERU – KALUR FROM KM 55+900 TO KM 95+717  SECTION OF  NH-71   OF TIRUP
1031,618827,4 Laning of NH-544D from Km 37.000 to km 69.000 of Muchukota- Bugga section Pkg-2,Andhra Pradesh,Roads & Highways,Best score 15 < threshold 45,CONSTRUCTION OF FOUR LANING PILERU – KALUR FROM KM 55+900 TO KM 95+717  SECTION OF  NH-71   OF TIRUP
1032,618013,4-laning of  Puttaparthi-Koduru Section of NH-342,Andhra Pradesh,Roads & Highways,Best score 12 < threshold 45,CONSTRUCTION OF FOUR LANING PILERU – KALUR FROM KM 55+900 TO KM 95+717  SECTION OF  NH-71   OF TIRUP
1033,619143,4L Access Controlled Greenfield Highway section on NH-163G Khammam  Vijayawada from BrahmanapalliK village at Design Ch. 250.400 Km to Remidicherla village at Design Ch. 280.200 KmPackage-II,Andhra Pradesh,Roads & Highways,Best score 14 < threshold 45,CONSTRUCTION OF FOUR LANING PILERU – KALUR FROM KM 55+900 TO KM 95+717  SECTION OF  NH-71   OF TIRUP
1034,618818,4L Access Controlled Greenfield Highway section on NH-163G Khammam Vijayawada from Remidicherla village at Design Ch. 280.200 Km to Jakkampudi village on NH-16 at Design Ch. 309.909 Km Package-III,Andhra Pradesh,Roads & Highways,Best score 13 < threshold 45,CONSTRUCTION OF FOUR LANING PILERU – KALUR FROM KM 55+900 TO KM 95+717  SECTION OF  NH-71   OF TIRUP
1035,618807,"4L Greenfield Road connecting North and South industrial cluster of Khandaleru Creek near Krishnapatnam port at Thamminapatnam to Mollur  from Km 0.0 to Km 16.046, Part I & 6L  extension of dedicated port road of NH-67 Km 18.0 to Km 19.3, Part II",Andhra Pradesh,Roads & Highways,Best score 23 < threshold 45,CONSTRUCTION OF FOUR LANING PILERU – KALUR FROM KM 55+900 TO KM 95+717  SECTION OF  NH-71   OF TIRUP
1039,618919,4L PS from Mandlem Existing Km. 38.000/Design Km.30.600 to Atmakur Existing Km.73.000/Design Km 66.115 of NH340C  Package2,Andhra Pradesh,Roads & Highways,Best score 12 < threshold 45,CONSTRUCTION OF FOUR LANING PILERU – KALUR FROM KM 55+900 TO KM 95+717  SECTION OF  NH-71   OF TIRUP
1040,618759,4L PS Mydukur - Badvel from Km 585.820 to Km 630.960 of NH-67,Andhra Pradesh,Roads & Highways,Best score 12 < threshold 45,CONSTRUCTION OF FOUR LANING PILERU – KALUR FROM KM 55+900 TO KM 95+717  SECTION OF  NH-71   OF TIRUP
1041,619077,6 laning of Balance Work of Chennai - Tada from km. 21.40 to km. 54.40,Andhra Pradesh,Roads & Highways,Best score 24 < threshold 45,CONSTRUCTION OF FOUR LANING PILERU – KALUR FROM KM 55+900 TO KM 95+717  SECTION OF  NH-71   OF TIRUP
1042,618720,6L  Access Controlled Greenfield Highway from Audireddipalle Ch. 160000 to Mallapalle Ch. 176000Package-07,Andhra Pradesh,Roads & Highways,Best score 11 < threshold 45,CONSTRUCTION OF FOUR LANING PILERU – KALUR FROM KM 55+900 TO KM 95+717  SECTION OF  NH-71   OF TIRUP
1043,618721,6L  Access Controlled Greenfield Highway from Chandrasekharapuram Ch. 228000 to Polavaram Ch. 260000of [NH-544G] Package-11,Andhra Pradesh,Roads & Highways,Best score 11 < threshold 45,CONSTRUCTION OF FOUR LANING PILERU – KALUR FROM KM 55+900 TO KM 95+717  SECTION OF  NH-71   OF TIRUP
1044,618718,6L  Access Controlled Greenfield Highway from Kavulakuntla Ch. 196000 to Narayanmpet Ch. 203500Package-09,Andhra Pradesh,Roads & Highways,Best score 12 < threshold 45,CONSTRUCTION OF FOUR LANING PILERU – KALUR FROM KM 55+900 TO KM 95+717  SECTION OF  NH-71   OF TIRUP
1045,618719,6L  Access Controlled Greenfield Highway from Mallapalle Ch. 176000 to Kavulakuntla Ch. 196000 Package-08,Andhra Pradesh,Roads & Highways,Best score 12 < threshold 45,CONSTRUCTION OF FOUR LANING PILERU – KALUR FROM KM 55+900 TO KM 95+717  SECTION OF  NH-71   OF TIRUP
1046,619126,6L  Access Controlled Greenfield Highway from Marripudi Ch. 285500 to Somavarappadu Ch. 314600 of [NH-544G] Package-13,Andhra Pradesh,Roads & Highways,Best score 12 < threshold 45,CONSTRUCTION OF FOUR LANING PILERU – KALUR FROM KM 55+900 TO KM 95+717  SECTION OF  NH-71   OF TIRUP
1047,619123,6L  Access Controlled Greenfield Highway from Narayanmpet Ch. 203500 to Chandrasekharpuram Ch. 228000Package-10,Andhra Pradesh,Roads & Highways,Best score 11 < threshold 45,CONSTRUCTION OF FOUR LANING PILERU – KALUR FROM KM 55+900 TO KM 95+717  SECTION OF  NH-71   OF TIRUP
1048,619125,6L  Access Controlled Greenfield Highway from Somavarappadu Ch.314.600 to Muppavaram Ch.343240 of [NH-544G] Package-14,Andhra Pradesh,Roads & Highways,Best score 12 < threshold 45,CONSTRUCTION OF FOUR LANING PILERU – KALUR FROM KM 55+900 TO KM 95+717  SECTION OF  NH-71   OF TIRUP
1049,618712,6L Access Controlled Greenfield Highway from Kodur Ch. 0000 to Vanavolu Ch. 24300 of [NH-544G]  Package-1,Andhra Pradesh,Roads & Highways,Best score 12 < threshold 45,CONSTRUCTION OF FOUR LANING PILERU – KALUR FROM KM 55+900 TO KM 95+717  SECTION OF  NH-71   OF TIRUP
1050,618714,6L Access Controlled Greenfield Highway from Nallacheruvu palli Ch. 96300 to Yerragudipadu Ch. 129000 of [NH-544G]  Package-5,Andhra Pradesh,Roads & Highways,Best score 11 < threshold 45,CONSTRUCTION OF FOUR LANING PILERU – KALUR FROM KM 55+900 TO KM 95+717  SECTION OF  NH-71   OF TIRUP
1051,618715,6L Access Controlled Greenfield Highway from Odulapalle Ch. 72000 to Nallacheruvu-palli Ch. 96300 of [NH-544G]Package-4,Andhra Pradesh,Roads & Highways,Best score 12 < threshold 45,CONSTRUCTION OF FOUR LANING PILERU – KALUR FROM KM 55+900 TO KM 95+717  SECTION OF  NH-71   OF TIRUP
1052,619124,6L Access Controlled Greenfield Highway from Polavaram Ch. 260000 to Marripudi Ch. 285500 of [NH-544G]Package-12,Andhra Pradesh,Roads & Highways,Best score 12 < threshold 45,CONSTRUCTION OF FOUR LANING PILERU – KALUR FROM KM 55+900 TO KM 95+717  SECTION OF  NH-71   OF TIRUP
1053,618717,6L Access Controlled Greenfield Highway from Vanavolu Ch. 24300 to Vankarakunta Ch. 45700 of [NH-544G]  Package-2,Andhra Pradesh,Roads & Highways,Best score 12 < threshold 45,CONSTRUCTION OF FOUR LANING PILERU – KALUR FROM KM 55+900 TO KM 95+717  SECTION OF  NH-71   OF TIRUP
1054,618716,6L Access Controlled Greenfield Highway from Vankarakunta Ch. 45700 to Odulapalle Ch. 72000 of [NH-544G]Package-3,Andhra Pradesh,Roads & Highways,Best score 11 < threshold 45,CONSTRUCTION OF FOUR LANING PILERU – KALUR FROM KM 55+900 TO KM 95+717  SECTION OF  NH-71   OF TIRUP
1055,618713,6L Access Controlled Greenfield Highway from Yerragudipadu Ch. 129000 to Audireddipalle Ch. 160000 of [NH  544G]  Package-6,Andhra Pradesh,Roads & Highways,Best score 11 < threshold 45,CONSTRUCTION OF FOUR LANING PILERU – KALUR FROM KM 55+900 TO KM 95+717  SECTION OF  NH-71   OF TIRUP
1056,619212,6L Access Controlled Greenfield Highway of Julekal village to Dinnedevarapadu village from Km 242.200 to Km 280.400 Pkg-2,Andhra Pradesh,Roads & Highways,Best score 12 < threshold 45,CONSTRUCTION OF FOUR LANING PILERU – KALUR FROM KM 55+900 TO KM 95+717  SECTION OF  NH-71   OF TIRUP
1062,618579,6L of Anandapuram Pendurthi Anakapalli Section from km. 681.000 to km. 731.780 of NH-16,Andhra Pradesh,Roads & Highways,Best score 14 < threshold 45,CONSTRUCTION OF FOUR LANING PILERU – KALUR FROM KM 55+900 TO KM 95+717  SECTION OF  NH-71   OF TIRUP
1065,619140,6L of Naidupeta Junction - Turpukanupur Section from km 57.046 to km 91.927 ,Andhra Pradesh,Roads & Highways,Best score 13 < threshold 45,CONSTRUCTION OF FOUR LANING PILERU – KALUR FROM KM 55+900 TO KM 95+717  SECTION OF  NH-71   OF TIRUP
1069,619160,Balance works in AP Portion and punch list items in TN & AP portion of NH-205,Andhra Pradesh,Roads & Highways,Best score 13 < threshold 45,CONSTRUCTION OF FOUR LANING PILERU – KALUR FROM KM 55+900 TO KM 95+717  SECTION OF  NH-71   OF TIRUP
1070,619199,Bangalore Chennai Expressway Phase-II Pkg-I from km.71.000 to Km 96.000 Bethamangala in the state of Karnataka to Byreddypalli,Andhra Pradesh,Roads & Highways,Best score 19 < threshold 45,CONSTRUCTION OF FOUR LANING PILERU – KALUR FROM KM 55+900 TO KM 95+717  SECTION OF  NH-71   OF TIRUP
1071,618475,Bangalore Chennai Expressway Phase-II Pkg-II from km.96.000 to Km 127.000 Baireddypalle to Bangarupalem section,Andhra Pradesh,Roads & Highways,Best score 18 < threshold 45,CONSTRUCTION OF FOUR LANING PILERU – KALUR FROM KM 55+900 TO KM 95+717  SECTION OF  NH-71   OF TIRUP
1072,618476,Bangalore Chennai Expressway Phase-II Pkg-III from km.127.000 to Km 156.000 Bangarupalem to Gudipala section,Andhra Pradesh,Roads & Highways,Best score 28 < threshold 45,CONSTRUCTION OF FOUR LANING PILERU – KALUR FROM KM 55+900 TO KM 95+717  SECTION OF  NH-71   OF TIRUP
1073,618477,Bangalore Chennai Expressway Phase-III  Package I Gudipala to Walajajhpet from Km 156.000 to Km 180.000,Andhra Pradesh,Roads & Highways,Best score 17 < threshold 45,CONSTRUCTION OF FOUR LANING PILERU – KALUR FROM KM 55+900 TO KM 95+717  SECTION OF  NH-71   OF TIRUP
1074,618696,Bellary to Byrapura Section km 253.600 to km 308.550 of NH-150A,Andhra Pradesh,Roads & Highways,Best score 12 < threshold 45,CONSTRUCTION OF FOUR LANING PILERU – KALUR FROM KM 55+900 TO KM 95+717  SECTION OF  NH-71   OF TIRUP
1075,618524,Construction of 6 lane elevated corridor including its approaches from Km. 629880 to Km. 634470 Design Chainage of NH-16 in Ranasthalam Town portion in the state of Andhra Pradesh on EPC Mode under NHO.,Andhra Pradesh,Roads & Highways,Best score 22 < threshold 45,CONSTRUCTION OF FOUR LANING PILERU – KALUR FROM KM 55+900 TO KM 95+717  SECTION OF  NH-71   OF TIRUP
1076,617990,Construction of bypass road to Adoni town connecting NH-167 Hagari - Jadcharla road from km.62/700 to 71/400 in Kurnool District in the State of Andhra Pradesh.,Andhra Pradesh,Roads & Highways,Best score 21 < threshold 45,CONSTRUCTION OF FOUR LANING PILERU – KALUR FROM KM 55+900 TO KM 95+717  SECTION OF  NH-71   OF TIRUP
1077,618525,Construction of flyover at Gammon Junction at Km.903.265 on NH16 including vent at Diwancheruvu junction at Km.902.308 Blackspot ID No.AP03299 in Andhra Pradesh on EPC mode under NHO,Andhra Pradesh,Roads & Highways,Best score 19 < threshold 45,CONSTRUCTION OF FOUR LANING PILERU – KALUR FROM KM 55+900 TO KM 95+717  SECTION OF  NH-71   OF TIRUP
1079,618412,Construction of i Connecting Road from Z-Morh Tunnel to Zojila Tunnel Road Length 18.475km and ii 14.150 Km long 2-L Bi-directional single tube Zoji-la Tunnel across Zojila Pass on Sonamarg - Kargil section from Km 82 to Km 118 of NH-01 under PMDP,Andhra Pradesh,Roads & Highways,Best score 15 < threshold 45,CONSTRUCTION OF FOUR LANING PILERU – KALUR FROM KM 55+900 TO KM 95+717  SECTION OF  NH-71   OF TIRUP
1081,618804,Dedicated Port road to Krishnapatnam Port Package-I from Km. 0.000 to Km. 18.000,Andhra Pradesh,Roads & Highways,Best score 28 < threshold 45,CONSTRUCTION OF FOUR LANING PILERU – KALUR FROM KM 55+900 TO KM 95+717  SECTION OF  NH-71   OF TIRUP
1082,618803,Development of 4L Road from Samarlakota to Achampeta Junction as part of Kakinada Port Connectivity to NH-16 Rajanagaram Junction in East Godavari District,Andhra Pradesh,Roads & Highways,Best score 19 < threshold 45,CONSTRUCTION OF FOUR LANING PILERU – KALUR FROM KM 55+900 TO KM 95+717  SECTION OF  NH-71   OF TIRUP
1083,618062,Dornala to Kunta Junction from Design Chainage Km 244000 to 267990 section of NH-765 Package-2,Andhra Pradesh,Roads & Highways,Best score 13 < threshold 45,CONSTRUCTION OF FOUR LANING PILERU – KALUR FROM KM 55+900 TO KM 95+717  SECTION OF  NH-71   OF TIRUP
1084,618192,Duttalur at NH-565 Junction to Kavali Joining on NH-16 Chainage Km. 36/400 to Km. 107/224 excluding the stretch from Km 101.880 to 105.300 67.404 Km of NH-167BG from in the State of Andhra Pradesh on EPC mode,Andhra Pradesh,Roads & Highways,Best score 20 < threshold 45,CONSTRUCTION OF FOUR LANING PILERU – KALUR FROM KM 55+900 TO KM 95+717  SECTION OF  NH-71   OF TIRUP
1086,617984,"Gudivada Town 2 RoB, and Road improvement NH-165",Andhra Pradesh,Roads & Highways,Best score 14 < threshold 45,CONSTRUCTION OF FOUR LANING PILERU – KALUR FROM KM 55+900 TO KM 95+717  SECTION OF  NH-71   OF TIRUP
1087,618806,Improvement of 4L road to 6L road and 4L dedicated Port Roads for the Port connectivity road from Convent junction to Sheelanagar Junction,Andhra Pradesh,Roads & Highways,Best score 16 < threshold 45,CONSTRUCTION OF FOUR LANING PILERU – KALUR FROM KM 55+900 TO KM 95+717  SECTION OF  NH-71   OF TIRUP
1088,618747,Khammam-Devarapalle Pkg III [4L Access Controlled Greenfield from Chintagudem village to Recherla village Design Chainage 63117 to 105236],Andhra Pradesh,Roads & Highways,Best score 13 < threshold 45,CONSTRUCTION OF FOUR LANING PILERU – KALUR FROM KM 55+900 TO KM 95+717  SECTION OF  NH-71   OF TIRUP
1089,618748,Khammam-Devarapalle Pkg IV [4L Access Controlled Greenfield from Recherla village to Gurvaygudem village Design Chainage 105236 to 132664],Andhra Pradesh,Roads & Highways,Best score 13 < threshold 45,CONSTRUCTION OF FOUR LANING PILERU – KALUR FROM KM 55+900 TO KM 95+717  SECTION OF  NH-71   OF TIRUP
1090,618749,Khammam-Devarapalle Pkg V [4L Access Controlled Greenfield from Gurvaygudem village to Devarapalle village Design Chainage 132664 to 162126,Andhra Pradesh,Roads & Highways,Best score 12 < threshold 45,CONSTRUCTION OF FOUR LANING PILERU – KALUR FROM KM 55+900 TO KM 95+717  SECTION OF  NH-71   OF TIRUP
1091,618101,Kondamodu to Perecherla Section Design Ch. Km 000 to Km 49917 of NH-167AG to to 4LPS,Andhra Pradesh,Roads & Highways,Best score 13 < threshold 45,CONSTRUCTION OF FOUR LANING PILERU – KALUR FROM KM 55+900 TO KM 95+717  SECTION OF  NH-71   OF TIRUP
1092,617986,Kurnool/Kadapa Border-Jammalamadugu section of NH-167K i.e. Design Ch. Km 248010 to km 269900 to 2,Andhra Pradesh,Roads & Highways,Best score 13 < threshold 45,CONSTRUCTION OF FOUR LANING PILERU – KALUR FROM KM 55+900 TO KM 95+717  SECTION OF  NH-71   OF TIRUP
1094,618629,Nandigama Bypass and Kanchikacherla bypass,Andhra Pradesh,Roads & Highways,Best score 11 < threshold 45,CONSTRUCTION OF FOUR LANING PILERU – KALUR FROM KM 55+900 TO KM 95+717  SECTION OF  NH-71   OF TIRUP
1095,617987,Nandyala-Kurnool/Kadapa Border section of NH-167K i.e. Km 186/000 to Km 250/000Design Ch.186000 to 248010 to 2LPS,Andhra Pradesh,Roads & Highways,Best score 14 < threshold 45,CONSTRUCTION OF FOUR LANING PILERU – KALUR FROM KM 55+900 TO KM 95+717  SECTION OF  NH-71   OF TIRUP
1096,618239,"Rehabilitation & Upgradation of NH214  New NH-216    from Km 34/230 to Km 84/550   Losari to Machavaram Section    to two lane with paved shoulder in the state of Andhrapradesh under NHDP-IV through Engineering, Procurement& Construction   EPC    mode.",Andhra Pradesh,Roads & Highways,Best score 19 < threshold 45,CONSTRUCTION OF FOUR LANING PILERU – KALUR FROM KM 55+900 TO KM 95+717  SECTION OF  NH-71   OF TIRUP
1097,617907,Rehabilitation and Up-gradation from Km 170700 Bhadrachalam to Km 234567 Konta on NH-30 to Two lane with Paved Shoulder in the State of Andra Pradesh on EPC mode.,Andhra Pradesh,Roads & Highways,Best score 23 < threshold 45,CONSTRUCTION OF FOUR LANING PILERU – KALUR FROM KM 55+900 TO KM 95+717  SECTION OF  NH-71   OF TIRUP
1098,618236,Rehabilitation and Up-gradation of Dhindi - Digamarru section from Km 126/510 to Km 135/740 of NH -214  New NH -216    and digamarru -Losari section from Km 0/000 tp Km 34/230 of NH-214 A  New Nh-216    to two lane with paved shoulder in the state of AP-NH,Andhra Pradesh,Roads & Highways,Best score 19 < threshold 45,CONSTRUCTION OF FOUR LANING PILERU – KALUR FROM KM 55+900 TO KM 95+717  SECTION OF  NH-71   OF TIRUP
1100,617991,"Rehabilitation and up-gradation of NH-167 from Km 14/900 to Km70/000 Design Ch. 14/900 to 69/700 Chintakunta to Adoni section to two lane with paved shoulders in the State of Andhra Pradesh under Corridor Approach through Engineering, Procurement",Andhra Pradesh,Roads & Highways,Best score 25 < threshold 45,CONSTRUCTION OF FOUR LANING PILERU – KALUR FROM KM 55+900 TO KM 95+717  SECTION OF  NH-71   OF TIRUP
1101,618237,Rehabilitation and Up-gradation of Pasarlapudi to Dhindi section from Km 105/170 to Km 126/510 of NH -214 New NH -216 to two lane with paved shoulder in the state of Andhra Pradesh under NHDP-IV,Andhra Pradesh,Roads & Highways,Best score 30 < threshold 45,CONSTRUCTION OF FOUR LANING PILERU – KALUR FROM KM 55+900 TO KM 95+717  SECTION OF  NH-71   OF TIRUP
1102,618238,Rehabilitation and Up-gradation of Thimmapuram to Gurajanapalli section from Km 26/150 to Km 41/161 of NH - 214    New NH - 216    to two lane with paved shoulder in the state of Andhra Pradesh under NHDP-IV,Andhra Pradesh,Roads & Highways,Best score 29 < threshold 45,CONSTRUCTION OF FOUR LANING PILERU – KALUR FROM KM 55+900 TO KM 95+717  SECTION OF  NH-71   OF TIRUP
1103,618103,Rehabilitation and upgradation from Km 22300 to 58635 of MudireddyPalle to Kadapa/Nellore Border via porumamilla Section of NH 167 Two Lane with paved Shoulder in,Andhra Pradesh,Roads & Highways,Best score 18 < threshold 45,CONSTRUCTION OF FOUR LANING PILERU – KALUR FROM KM 55+900 TO KM 95+717  SECTION OF  NH-71   OF TIRUP
1104,618194,Rehabilitation and upgradation of New NH 544DD from design Chainage Km. 56/000 to 102/20 of Kalyandrg - Molakalmuru Section,Andhra Pradesh,Roads & Highways,Best score 16 < threshold 45,CONSTRUCTION OF FOUR LANING PILERU – KALUR FROM KM 55+900 TO KM 95+717  SECTION OF  NH-71   OF TIRUP
1105,618125,Rehabilitation and upgradation of NH 326A from km 0/0 to 41/979 excluding km 2/255 to 3/372 and km 36/820 to 38/275 Odisha border to Narasamapeta to two lane with paved Shoulders in the State of Andhra Pradesh under NHO on EPC Mode,Andhra Pradesh,Roads & Highways,Best score 28 < threshold 45,CONSTRUCTION OF FOUR LANING PILERU – KALUR FROM KM 55+900 TO KM 95+717  SECTION OF  NH-71   OF TIRUP
1106,618191,"Rehabilitation and upgradation of NH-167AD from Macherla to Dachepalli via Paluvai Junction, Rentachinthala, Gurazala from Km.0.000 to 43.659 to two lane with paved shoulders in the state of Andhra Pradesh job-729",Andhra Pradesh,Roads & Highways,Best score 43 < threshold 45,CONSTRUCTION OF FOUR LANING PILERU – KALUR FROM KM 55+900 TO KM 95+717  SECTION OF  NH-71   OF TIRUP
1110,617988,Sangameswaram - Atmakuru section   from Km 96 to Km 124    & Velegodu- Nandyal section   including Nandyal Bypass      from Km 143/6 to 185/9       NH-167K,Andhra Pradesh,Roads & Highways,Best score 14 < threshold 45,CONSTRUCTION OF FOUR LANING PILERU – KALUR FROM KM 55+900 TO KM 95+717  SECTION OF  NH-71   OF TIRUP
1111,619076,Six Laning of Vijayawada Bypass from Chinna Avutapalli to Gollapudi in Vijayawada - Gundugolanu Section from km. 0.00 to km. 30.00 Pkg-III,Andhra Pradesh,Roads & Highways,Best score 37 < threshold 45,CONSTRUCTION OF FOUR LANING PILERU – KALUR FROM KM 55+900 TO KM 95+717  SECTION OF  NH-71   OF TIRUP
1112,618527,Six Laning of Vijayawada Bypass from Gollapudi to Chinnakakani in Vijayawada - Gundugolanu Section from km. 30.00 to km. 47.881 Pkg-IV,Andhra Pradesh,Roads & Highways,Best score 20 < threshold 45,CONSTRUCTION OF FOUR LANING PILERU – KALUR FROM KM 55+900 TO KM 95+717  SECTION OF  NH-71   OF TIRUP
1113,617949,Tadipatri Bypass Km 0000 to Km 6285 of 4-Lane on NH-67 in Anantapuramu district of AP state under NHO on EPC Mode under Annual Plan 2022-23,Andhra Pradesh,Roads & Highways,Best score 15 < threshold 45,CONSTRUCTION OF FOUR LANING PILERU – KALUR FROM KM 55+900 TO KM 95+717  SECTION OF  NH-71   OF TIRUP
1117,618769,Walajahpet/Ranipet to TN/AP Border Section of from Km.106.800 to  Km.133.36 NH-4,Andhra Pradesh,Roads & Highways,Best score 13 < threshold 45,CONSTRUCTION OF FOUR LANING PILERU – KALUR FROM KM 55+900 TO KM 95+717  SECTION OF  NH-71   OF TIRUP
1119,618193,Widening of Existing Road to Two Lane with Paved Shoulder Configuration from Km 0.00 to 26.000 & Km 45.200 To 59.622 Of NH 365BB in the State of Andhra Pradesh Under Annual Plan 2023-24 through EPC Mode,Andhra Pradesh,Roads & Highways,Best score 34 < threshold 45,CONSTRUCTION OF FOUR LANING PILERU – KALUR FROM KM 55+900 TO KM 95+717  SECTION OF  NH-71   OF TIRUP
1121,617985,Widening to two lane with paved shoulders from Km 0/0 to 64/020 Pamarru to Akiveedu,Andhra Pradesh,Roads & Highways,Best score 16 < threshold 45,CONSTRUCTION OF FOUR LANING PILERU – KALUR FROM KM 55+900 TO KM 95+717  SECTION OF  NH-71   OF TIRUP
1125,618424,Construction of 2-Laning with hard shoulders of Hayuliang Hawai bypass Road on EPC basis from design Km. 51.825 to Km. 63.131 Existing Km 45.050 of HayuliangHawai road to Hawai Town under SARDP-NE -Balance work Pkg - IV,Arunachal Pradesh,Roads & Highways,Best score 16 < threshold 45,Improvement of road Migging-Tuting from Design Chainage 15.000 to 35.134  to NH Double Lane specific
1126,618433,Construction of Balance work of 2-Lane with PS of Joram  Koloriang Road from existing Km122.600 to km138.00 [Design Km108.724 to Km123.714] in Arunachal Pradesh on EPC Mode under SARDP-NE Pkg-7,Arunachal Pradesh,Roads & Highways,Best score 23 < threshold 45,Improvement of road Migging-Tuting from Design Chainage 15.000 to 35.134  to NH Double Lane specific
1127,618432,Construction of Balance work of 2-Lane with PS of Joram-Koloriang Road NH-713 on EPC basis from Design Km 44.989 to Km 61.547 Existing Km 50.050 to Km 70.000 in the state of Arunachal Pradesh under SARDP-NE Pkg-3,Arunachal Pradesh,Roads & Highways,Best score 24 < threshold 45,Improvement of road Migging-Tuting from Design Chainage 15.000 to 35.134  to NH Double Lane specific
1128,618405,"Construction of Intermediate Lane of Pango to Jorging Road from 0000 to Design Km Design Km 40000 Design Length 40.00 Km, Pkg-l, Greenfield Alignment in the State of Arunachal Pradesh on EPC mode Pkg-1",Arunachal Pradesh,Roads & Highways,Best score 25 < threshold 45,Improvement of road Migging-Tuting from Design Chainage 15.000 to 35.134  to NH Double Lane specific
1129,618403,Construction of Intermediate Lane Road with hard shoulder from design Km 0.000 to Km 17.387 Total length 17.387 km of Hunli to Ithun Bridge section on NH-913 Frontier Highway in State of Arunachal Pradesh on EPC mode under NHO-NE,Arunachal Pradesh,Roads & Highways,Best score 39 < threshold 45,Improvement of road Migging-Tuting from Design Chainage 15.000 to 35.134  to NH Double Lane specific
1130,618402,"Construction of Intermediate Lane with Hard Shoulder of Hunli to Hayuliang from Design Km 0.000 to Km 53.000 Design Length 53.000 km, Greenfield Section of Frontier Highway NH-913 in the State of Arunachal Pradesh on EPC Mode Package-I",Arunachal Pradesh,Roads & Highways,Best score 36 < threshold 45,Improvement of road Migging-Tuting from Design Chainage 15.000 to 35.134  to NH Double Lane specific
1131,618401,"Construction of Intermediate Lane with Hard Shoulder of Hunli to Hayuliang Package-III from design Km 60.000 to Km 121.500 Design Length 61.500 km, Greenfield Section of Frontier Highway NH-913 in the State of Arunachal Pradesh on EPC Mode Pkg-3",Arunachal Pradesh,Roads & Highways,Best score 25 < threshold 45,Improvement of road Migging-Tuting from Design Chainage 15.000 to 35.134  to NH Double Lane specific
1132,618404,Construction of lntermediate Lane Road with hard shoulder from design chainage Km 0.000 to Km 53.040 Existing Length68.500 Km & Total Design length 53.04 km of Tato to Monigong section of NH-913 Frontier Highway on Nafra Bomdila to Vijaynagar along China border in state of Arunachal pradesh on EPC mode,Arunachal Pradesh,Roads & Highways,Best score 33 < threshold 45,Improvement of road Migging-Tuting from Design Chainage 15.000 to 35.134  to NH Double Lane specific
1135,618434,Roing-Hunli Road Greenfield Alignment Project,Arunachal Pradesh,Roads & Highways,Best score 13 < threshold 45,Improvement of road Migging-Tuting from Design Chainage 15.000 to 35.134  to NH Double Lane specific
1136,618359,Widening/Improvement to 4-Lane with Paved Shoulder from km 55000 Nagabang Gamsuk to km 82514 Oyan in the State of Assam and Arunachal Pradesh on EPC mode under Bharatmala Pariyojna of Length 27.514 Km Package-3,Arunachal Pradesh,Roads & Highways,Best score 20 < threshold 45,Improvement of road Migging-Tuting from Design Chainage 15.000 to 35.134  to NH Double Lane specific
1137,618958,2L with ES of Yagyi - Kalewa section from Milepost 40/0 to Milepost 115/5 in Myanmar,Assam,Roads & Highways,Best score 12 < threshold 45,Diversion of forest land for non-forest purpose of road 4 Laning of Silchar-Churaibari Section Desig
1138,618282,4-L Bilasipara-Guwahati Package-10,Assam,Roads & Highways,Best score 13 < threshold 45,Diversion of forest land for non-forest purpose of road 4 Laning of Silchar-Churaibari Section Desig
1139,618283,4-L Bilasipara-Guwahati Package-9,Assam,Roads & Highways,Best score 13 < threshold 45,Diversion of forest land for non-forest purpose of road 4 Laning of Silchar-Churaibari Section Desig
1140,618435,4-Laning from Rangagara to Kaliabor Tiniali from km 297.00 to km 315.315 of NH-37 on EPC basis under SARDP-NE in state of Assam,Assam,Roads & Highways,Best score 15 < threshold 45,Diversion of forest land for non-forest purpose of road 4 Laning of Silchar-Churaibari Section Desig
1141,618314,4-Laning of Dhanehari Lailapur / Vairengte section from Existing Chainage km 12920 to km 43000 of NH 306 Design Chainage km 20000 to km 49360 on Silchar - Vairengte Sairang road in the State of Assam under Bharatmala Pariyojna on EPC mode. Project Length 29.360 km under NHO-NE Package-2,Assam,Roads & Highways,Best score 19 < threshold 45,Diversion of forest land for non-forest purpose of road 4 Laning of Silchar-Churaibari Section Desig
1142,618436,4-Laning of Jamugurihat to end of Biswanath Chariali By-Pass from Km 182.000 to Km 208.000 of NH-52 on EPC mode in state of Assam under SARDP-NE,Assam,Roads & Highways,Best score 16 < threshold 45,Diversion of forest land for non-forest purpose of road 4 Laning of Silchar-Churaibari Section Desig
1143,618438,"4-Laning of NH-37 Section between Demow to End of Moran Bypass From Km. 534.800 to Km. 561.700 including Emergency Landing Facility ELF under SARDP-NE, Phase 'A' in the State of Assam on EPC mode",Assam,Roads & Highways,Best score 16 < threshold 45,Diversion of forest land for non-forest purpose of road 4 Laning of Silchar-Churaibari Section Desig
1144,618315,4-Laning of Silchar - Dhanehari section from Existing Chainage km 263800 of NH 37 to km 12920 of NH 306 Design Chainage km 0000 to km 20000 on Silchar - Vairengte - Sairang road in the State of Assam under Bharatmala Pariyojna on EPC mode Package-1,Assam,Roads & Highways,Best score 21 < threshold 45,Diversion of forest land for non-forest purpose of road 4 Laning of Silchar-Churaibari Section Desig
1145,618575,"6L Standalone Flyovers at Bongaigaon, Chapaguri, Pathsala, Simlaguri chowk and Baihata Bypass Junctions on stretches of NH-31 and NH-27 ",Assam,Roads & Highways,Best score 12 < threshold 45,Diversion of forest land for non-forest purpose of road 4 Laning of Silchar-Churaibari Section Desig
1146,618576,"6L Standalone Flyovers at Raha, Demow, Borghat, Kathiatali junctions and ROB at Jagiroad on stretches of NH 36 and NH 27 ",Assam,Roads & Highways,Best score 12 < threshold 45,Diversion of forest land for non-forest purpose of road 4 Laning of Silchar-Churaibari Section Desig
1147,619089,Balance work of 4L of NarimbangloJatinga Junction- Harangajoroad section from Km 0.000 to Km 49.230 of NH-27,Assam,Roads & Highways,Best score 12 < threshold 45,Diversion of forest land for non-forest purpose of road 4 Laning of Silchar-Churaibari Section Desig
1148,618289,Construction and up gradation to 4-Lane of existing two lane with paved shoulder from Hapachara to Tulungia road of NH-117 of existing Km 0.00 to km 14.050 and Design Km 0.000 to km 14.660 under BMP on EPC mode,Assam,Roads & Highways,Best score 14 < threshold 45,Diversion of forest land for non-forest purpose of road 4 Laning of Silchar-Churaibari Section Desig
1149,618034,Construction of 2 lane Barpeta Bypass from Km 77900Baradi to Km 86150 Deurikuchi Length8.25Km on NH-427 in the state of Assam under EPC ModeJob No.427/AS/2022-23/245,Assam,Roads & Highways,Best score 16 < threshold 45,Diversion of forest land for non-forest purpose of road 4 Laning of Silchar-Churaibari Section Desig
1150,618160,"Construction of 2 lane Major Bridge including approaches over Brahmaputra between Majuli on North Bank and Jorhat on South Bank from km. 11.690 to km. 19.715 length of bridge 6,812.5m Package - II on NH-715K in the state of Assam Job no. 715/AS/2020-21/213",Assam,Roads & Highways,Best score 15 < threshold 45,Diversion of forest land for non-forest purpose of road 4 Laning of Silchar-Churaibari Section Desig
1151,617896,"Construction of 4 lane Gauripur Bypass Starting bfrom Km 852.56 of NH-31Dumardoha Pt-II and Terminating at Km 862.17 Baladmara via. Khudimari Pt.- II, Fulkumari, Charaldanga, Sajuakuti,Geramari Pt.-III and finally meeting at km 862.17 of NH-17New/ NH-31Old in the State of Assam under EPC Mode Job no. 31/AS/ 2023-24/265",Assam,Roads & Highways,Best score 14 < threshold 45,Diversion of forest land for non-forest purpose of road 4 Laning of Silchar-Churaibari Section Desig
1153,618373,"Construction of 4-Lane Bridge including approaches over River Brahmaputra between Dhubri on North Bank,Assam and Phulbari on south Bank,Meghalaya on NH-127B under JICA ODA Loan assistance Phase-III",Assam,Roads & Highways,Best score 15 < threshold 45,Diversion of forest land for non-forest purpose of road 4 Laning of Silchar-Churaibari Section Desig
1155,618330,Construction of 4/6 Laning from existing Km 159.400 of NH-36 to existing Km 102.500 of NH-39 and upto end point of Assam portion [Design Km 118.050 to design Km 132.375] Total New Alignment length of 14.325 Km  of Daboka -Dimapur Section Dimapur Bypass in the state of Assam under SARDP-NE 'Phase-A' on EPC mode Assam Portion,Assam,Roads & Highways,Best score 16 < threshold 45,Diversion of forest land for non-forest purpose of road 4 Laning of Silchar-Churaibari Section Desig
1156,618437,"Construction of Balance Work of 4-Laning of NH-37 Section between End of Moran Bypass to Bogibeel junction near Lapetketa Km. 561.700-Km. 580.875 under SARDP-NE, Phase 'A' in the State of Assam on EPC mode Pkg-I Road works & Toll Plaza ",Assam,Roads & Highways,Best score 15 < threshold 45,Diversion of forest land for non-forest purpose of road 4 Laning of Silchar-Churaibari Section Desig
1157,618441,"Construction of Balance Work of 4-Laning of the Section from Jhanji to Demow of NH-37 Old from Km 490.800 to Km 501.800 11.000 Km, under SARDP- NE under EPC Mode in the state of Assam Pkg-I Road Works",Assam,Roads & Highways,Best score 18 < threshold 45,Diversion of forest land for non-forest purpose of road 4 Laning of Silchar-Churaibari Section Desig
1158,618440,"Construction of Balance Work of 4-Laning of the Section from Jhanji to Demow of NH-37 Old from Km 490.800 to Km 534.800, under SARDP- NE on EPC Mode in the state of Assam Pkg- IV Structures & Toll Plaza",Assam,Roads & Highways,Best score 19 < threshold 45,Diversion of forest land for non-forest purpose of road 4 Laning of Silchar-Churaibari Section Desig
1159,619013,"Construction of Balance Work of 4-Laning of the Section from Jhanji to Demow of NH-37 Old from Km 501.800 to Km 514.800 13.000 Km, under SARDP- NE under EPC Mode in the state of Assam Pkg-II Road Works",Assam,Roads & Highways,Best score 18 < threshold 45,Diversion of forest land for non-forest purpose of road 4 Laning of Silchar-Churaibari Section Desig
1160,619060,"Construction of Balance Work of 4-Laning of the Section from Jhanji to Demow of NH-37 Old from Km 514.800 to Km 534.800 20.000 Km, under SARDP- NE under EPC Mode in the state of Assam Pkg-III Road Works",Assam,Roads & Highways,Best score 18 < threshold 45,Diversion of forest land for non-forest purpose of road 4 Laning of Silchar-Churaibari Section Desig
1161,618439,"Construction of Balance Work of 4-Laning of the Section from Jorhat to Jhanji of NH-37 Old  from Km 453000 to Km 463000 10.000 Km, under SARDP- NE under EPC Mode in the state of Assam Pkg-I Road Works",Assam,Roads & Highways,Best score 18 < threshold 45,Diversion of forest land for non-forest purpose of road 4 Laning of Silchar-Churaibari Section Desig
1162,618444,"Construction of Balance Work of the 4-Laning of the Section from Jorhat to Jhanji of NH-37 Old  from Km 453.000 to Km 490.800, under SARDP- NE , under EPC Mode in the state of Assam  Pkg-IV Structures & Toll Plaza",Assam,Roads & Highways,Best score 18 < threshold 45,Diversion of forest land for non-forest purpose of road 4 Laning of Silchar-Churaibari Section Desig
1163,618443,"Construction of Balance Work of the 4-Laning of the Section from Jorhat to Jhanji of NH-37 Old from Km 463.00 to Km 477.000 14.000 Km, under SARDP- NE under EPC Mode in the state of Assam Pkg-II Road Works",Assam,Roads & Highways,Best score 18 < threshold 45,Diversion of forest land for non-forest purpose of road 4 Laning of Silchar-Churaibari Section Desig
1164,618442,"Construction of Balance Work of the 4-Laning of the Section from Jorhat to Jhanji of NH-37 Old from Km 477.000 to Km 490800 13.800 Km, under SARDP- NE under EPC Mode in the state of Assam Pkg-III Road Works",Assam,Roads & Highways,Best score 18 < threshold 45,Diversion of forest land for non-forest purpose of road 4 Laning of Silchar-Churaibari Section Desig
1165,617895,Construction of Mangaldoi Bypass NH-15 starting at Ch 26400 and terminating at Ch 41505 under Rangia NH Division  L 15.105 Km in the State of Assam. Job No. 15/AS/2021-22/234,Assam,Roads & Highways,Best score 15 < threshold 45,Diversion of forest land for non-forest purpose of road 4 Laning of Silchar-Churaibari Section Desig
1166,618159,"Construction of new 2 Lane with paved shoulders of NH Standards from km 0.080 to km 11.690 L11.610 km in Majuli and from km 19.715 to km 27.484 L 7.769 km in Jorhat on the newly declared NH 715K and construction of 1.10 km flyover on NH-715 with its approaches and service roads L1.10 km, Total Length  20.479 km in the State of Assam Job No. 715K/AS/2023-24/256",Assam,Roads & Highways,Best score 15 < threshold 45,Diversion of forest land for non-forest purpose of road 4 Laning of Silchar-Churaibari Section Desig
1167,618286,Construction of New 2-Lane Bridge with its approaches from km 0000 to Km 4385 across River Brahmaputra on NH-17 at Jogighopa in Assam on EPC mode,Assam,Roads & Highways,Best score 15 < threshold 45,Diversion of forest land for non-forest purpose of road 4 Laning of Silchar-Churaibari Section Desig
1168,618455,Development of External Trunk Connectivity and Internal Infrastructure Works at Multi Model Logistics ParkMMLP at Jogighopa in the State of Assam on EPC Mode Package-I Road and Utility Works,Assam,Roads & Highways,Best score 15 < threshold 45,Diversion of forest land for non-forest purpose of road 4 Laning of Silchar-Churaibari Section Desig
1169,618325,Dillai to Lahorijan Package-7,Assam,Roads & Highways,Best score 9 < threshold 45,Diversion of forest land for non-forest purpose of road 4 Laning of Silchar-Churaibari Section Desig
1170,618454,"Earthwork in Formation, Road Work, Construction of Bridges, Blanketing, P. Way Linking works including Supply of P. Way Fittings and Track Ballast in connection with Construction of Railway Siding from Jogighopa Railway Station to MMLP at Jogighopa from Ch. 00 to 3760 on Item Rate basis Package -3, Railway Siding from Jogighopa Railway Station to MMLP",Assam,Roads & Highways,Best score 11 < threshold 45,Diversion of forest land for non-forest purpose of road 4 Laning of Silchar-Churaibari Section Desig
1171,618934,Guwahati Ring Road in the State of Assam,Assam,Roads & Highways,Best score 16 < threshold 45,Diversion of forest land for non-forest purpose of road 4 Laning of Silchar-Churaibari Section Desig
1172,618331,lmprovement to 4-Lane with Paved Shoulder from existing km 260000 Design Ch.4560 km to existing km Ch.233000 D. Ch.24560 of Silchar near Nutan Dayapur village - Budha Nagar Section Length-20.00 Km of NH-37 under Package Silchar-Jiribam Pkg-1 in the state of Assam on HAM Mode,Assam,Roads & Highways,Best score 18 < threshold 45,Diversion of forest land for non-forest purpose of road 4 Laning of Silchar-Churaibari Section Desig
1173,618354,Wideinig & Upgradation to 2-lanes with paved shoulders road from Tamenglong to Mahur NH-137 in the State of Assam starting from km 96.870 near Jiri River to km 116.550 near Hangrum Package-7 on EPC mode Package7,Assam,Roads & Highways,Best score 14 < threshold 45,Diversion of forest land for non-forest purpose of road 4 Laning of Silchar-Churaibari Section Desig
1174,618352,Widening & Upgradation to 2 lanes with paved shoulders road from Tamenglong to Mahur NH-137 in the State of Assam starting from km 136.500 near Hejaichak to km 156.489 near P. Leikul Package-9 on EPC mode under  NHO-NE Package-9,Assam,Roads & Highways,Best score 15 < threshold 45,Diversion of forest land for non-forest purpose of road 4 Laning of Silchar-Churaibari Section Desig
1175,618351,Widening & Upgradation to 2 lanes with paved shoulders road from Tamenglong to Mahur NH-137 in the State of Assam starting from km 156.489 near P. Leikul to km 176.410 near Borowapu on EPC mode under NHO-NE Assam portion Package-10,Assam,Roads & Highways,Best score 15 < threshold 45,Diversion of forest land for non-forest purpose of road 4 Laning of Silchar-Churaibari Section Desig
1176,618353,Widening & Upgradation to 2-lanes with paved shoulders road from  Tamenglong to Mahur NH-137 in the State of Assam starting from km 116.480  near Hangrum to km 136.500 near Hejaichak Package-8 on EPC mode under  NHO-NE Package 8,Assam,Roads & Highways,Best score 16 < threshold 45,Diversion of forest land for non-forest purpose of road 4 Laning of Silchar-Churaibari Section Desig
1177,618372,"Widening / Improvement to 4-Lane with Paved Shoulder  configuration of existing single lane road from Kachukhana Harichara  Paglagaunj to Dhubri - Phulbari Bridge approach Package-II of  Srirampur - Dhubri Section of NH-127B from existing Km 28.050 to Km  55.060 Design Km 27.650 to Km 54.154, Design Length26.504 Km under JICA ODA Loan assistance Phase-V [Srirampur - Dhubri Pkg-2]",Assam,Roads & Highways,Best score 13 < threshold 45,Diversion of forest land for non-forest purpose of road 4 Laning of Silchar-Churaibari Section Desig
1178,618339,Widening/Improvement to 2-Lane Lane with Paved Shoulder from km 16900 Bogapani to km 27150 Golai Goan on existing Dibrugarh to Ledo section with proposed Digboi Bypass Green Field and Brownfield 2-LanePS of NH-315 OLD NH-38 in Tinsukia District under NHO- NE Package-4,Assam,Roads & Highways,Best score 14 < threshold 45,Diversion of forest land for non-forest purpose of road 4 Laning of Silchar-Churaibari Section Desig
1179,618285,Widening/Improvement to 4 -Lane with Paved Shoulder from Ch. 88.000km to Ch.99.930 km Design Ch.84.100km to Ch.96.000 km of Sagunbashi forest near Nichinta to starting of Krishnai Bypass Section of Bilasipura Guwahati road NH 17 on EPC Package-7,Assam,Roads & Highways,Best score 14 < threshold 45,Diversion of forest land for non-forest purpose of road 4 Laning of Silchar-Churaibari Section Desig
1180,618371,"Widening/Improvement to 4-Lane with Paved Shoulder configuration of existing single lane road from Srirampur near Bhairiguri Village to Kachukhana Harichara Paglagaunj Package-I of Srirampur - Dhubri Section of NH-127B from existing Km 0.000 to Km 28.050 Design Km 0.000 to Km 27.650, Design Length27.650 Km under JICA ODA Loan assistance Phase-V -Balance work",Assam,Roads & Highways,Best score 14 < threshold 45,Diversion of forest land for non-forest purpose of road 4 Laning of Silchar-Churaibari Section Desig
1181,618287,"Widening/Improvement to 4-Lane with paved Shoulder from Ch. 25.633 Km to Ch. 52.470 Km Design Ch. 21.850 Km to Ch.48.670 Km for Package-2 of Bilasipura- Guwahati road NH-17 Section Near Mowatari, before Chapar Bypass to Tulungia junction with NH-17 in the state of Assam on HAM mode under NHO-NE Package-2",Assam,Roads & Highways,Best score 16 < threshold 45,Diversion of forest land for non-forest purpose of road 4 Laning of Silchar-Churaibari Section Desig
1182,618327,Widening/Improvement to 4-Lane with Paved Shoulder from KM 113300 to Km 146230 Design Chainage 113830 to 145712 of Kwaram Taro Village - Dillai Section in Assam on EPC Package-6,Assam,Roads & Highways,Best score 18 < threshold 45,Diversion of forest land for non-forest purpose of road 4 Laning of Silchar-Churaibari Section Desig
1184,618340,Widening/Improvement to 4-Lane with Paved Shoulder from km 626030 Nalani hulla Gaon to km 650450 Chotahapjan on existing Tinsukhia -Makum Bypass of NH-15 OLD NH-37 and Strengthening of existing NH-315 OLD NH-38 from Km 0000 Chotahapjan to Km 16900 Bogapani section 2-Lane PS in Assam on EPCMode under NHO-NE Package-3,Assam,Roads & Highways,Best score 15 < threshold 45,Diversion of forest land for non-forest purpose of road 4 Laning of Silchar-Churaibari Section Desig
1185,618284,Widening/Improvement to 4-Lane with paved shoulder from Km 99930 to Km 143680 Design Chainage 96000 to 139750 of Paikan to Dhupdhara Sahar of Bilasipura-Guwahati Road on NH-17 in the state of Assam on EPC mode under Bharatmala Pariyojana in Economic Corridors Project Length  43.750km under NHO-NE Package-8,Assam,Roads & Highways,Best score 16 < threshold 45,Diversion of forest land for non-forest purpose of road 4 Laning of Silchar-Churaibari Section Desig
1186,618313,Widening/lmprovement of Existing 2 lane to 4-Laning of Karimganj-Silchar section of NH-37 from Design Ch 0.000 near Silchar ISBT to Design Ch 15.970 near Kalinagar Pt I on NH-37 in Assam on HAM Mode Pkg-1,Assam,Roads & Highways,Best score 21 < threshold 45,Diversion of forest land for non-forest purpose of road 4 Laning of Silchar-Churaibari Section Desig
1189,618288,"Widening/lmprovement to 4-Lane with Paved Shoulder from Ch.5.580 Km to Ch.25.633 Km Design Ch.0.000 Km to Ch.17.737km Km 901.100 to Km 921.145 of old NH-31 of Bilasipara- Guwahati road NH-17 Section Near Chirakuta to near Mowatari, before Chapar Bypass  in the state ol Assam on HAM mode Package-1",Assam,Roads & Highways,Best score 15 < threshold 45,Diversion of forest land for non-forest purpose of road 4 Laning of Silchar-Churaibari Section Desig
1192,618955,2L PS of Majhauli to Charout section from km. 0.00 to km. 63.655,Bihar,Roads & Highways,Best score 23 < threshold 45,Construction HL RCC Bridge over salkhan jor at Narganjo to Bakhoribathan Road under PMGSY Package No
1194,618914,"4L Elevated Corridor and at-grade improvements from Design Ch0000 to Design Ch 19870 of Danapur  Bihta Section, Design Ch0000 to Design Ch0231 connecting the existing RoB near Danapur station ,1.35 Km ramps and at-grade improvements to 4-lane section on Danapur side and Upgradation of existing Two lane carriageway to Four Lane carriageway from Design Ch19870 to Design Ch23500 of Bihta - Koilwar section",Bihar,Roads & Highways,Best score 13 < threshold 45,Construction HL RCC Bridge over salkhan jor at Narganjo to Bakhoribathan Road under PMGSY Package No
1195,618570,4L Elevated Highway and at grade improvements at Gopalganj Town from Km. 384.000 to Km. 386.750 on NH-27,Bihar,Roads & Highways,Best score 13 < threshold 45,Construction HL RCC Bridge over salkhan jor at Narganjo to Bakhoribathan Road under PMGSY Package No
1200,618584,4L of Kishanganj - Bahadurganj section from Km. 0.000 to Km. 23.649 & interchange at Start Point Length - 1.200 Km of NH-27,Bihar,Roads & Highways,Best score 24 < threshold 45,Construction HL RCC Bridge over salkhan jor at Narganjo to Bakhoribathan Road under PMGSY Package No
1201,618779,4L of Aurangabad-Paithan,Bihar,Roads & Highways,Best score 16 < threshold 45,Construction HL RCC Bridge over salkhan jor at Narganjo to Bakhoribathan Road under PMGSY Package No
1208,619307,4L of Munger  Mirzachauki section from Km 157350 to Km 193931 Pkg-4,Bihar,Roads & Highways,Best score 12 < threshold 45,Construction HL RCC Bridge over salkhan jor at Narganjo to Bakhoribathan Road under PMGSY Package No
1209,619306,4L of Munger  Mirzachauki section from Km 95580 to Km 125000 Pkg-2,Bihar,Roads & Highways,Best score 12 < threshold 45,Construction HL RCC Bridge over salkhan jor at Narganjo to Bakhoribathan Road under PMGSY Package No
1210,619289,4L of Munger  Mirzachauki section from Munger to Kharia village junction from Km 69520 to Km 95580 Pkg-1,Bihar,Roads & Highways,Best score 13 < threshold 45,Construction HL RCC Bridge over salkhan jor at Narganjo to Bakhoribathan Road under PMGSY Package No
1211,619305,4L of Munger  Mirzachauki section from start of existing Bhagalpur bypass to Rasulpur from Km 125000 to Km 157350 Pkg-3,Bihar,Roads & Highways,Best score 17 < threshold 45,Construction HL RCC Bridge over salkhan jor at Narganjo to Bakhoribathan Road under PMGSY Package No
1212,618952,4L of Sahibganj - Manihari Ganga Bridge including Manihari Bypass,Bihar,Roads & Highways,Best score 13 < threshold 45,Construction HL RCC Bridge over salkhan jor at Narganjo to Bakhoribathan Road under PMGSY Package No
1217,618724,6L Greenfield Varanasi-Ranchi-Kolkata Highway from  Anarbansalea village to Sagrampur village From KM. 151200 to KM. 184700Package-7,Bihar,Roads & Highways,Best score 12 < threshold 45,Construction HL RCC Bridge over salkhan jor at Narganjo to Bakhoribathan Road under PMGSY Package No
1218,618727,6L Greenfield Varanasi-Ranchi-Kolkata Highway from junction with Bhabhua-Adhaura road in Bhairopur village to Konki village From KM. 54.000 to KM. 90.000Pkg-3,Bihar,Roads & Highways,Best score 14 < threshold 45,Construction HL RCC Bridge over salkhan jor at Narganjo to Bakhoribathan Road under PMGSY Package No
1219,618726,6L Greenfield Varanasi-Ranchi-Kolkata Highway from junction with Chandauli-Chainpur Road near Khainti village to junction with Bhabhua-Adhaura road near Palka village from Km. 27.000 to Km. 54.000 Pkg-2,Bihar,Roads & Highways,Best score 19 < threshold 45,Construction HL RCC Bridge over salkhan jor at Narganjo to Bakhoribathan Road under PMGSY Package No
1221,618725,6L Greenfield Varanasi-Ranchi-Kolkata Highway from Pachmon village to Anarbansalea village From KM. 116000 to KM. 151200 Package-6,Bihar,Roads & Highways,Best score 13 < threshold 45,Construction HL RCC Bridge over salkhan jor at Narganjo to Bakhoribathan Road under PMGSY Package No
1223,618531,6L of Aurangabad to Bihar-Jharkhand border Chordaha section from km. 180.000 to km. 209.827 of NH-2 PKG-01,Bihar,Roads & Highways,Best score 29 < threshold 45,Construction HL RCC Bridge over salkhan jor at Narganjo to Bakhoribathan Road under PMGSY Package No
1224,618774,Ara - Mohania Pkg-II,Bihar,Roads & Highways,Best score 13 < threshold 45,Construction HL RCC Bridge over salkhan jor at Narganjo to Bakhoribathan Road under PMGSY Package No
1225,618775,Ara Bypass,Bihar,Roads & Highways,Best score 7 < threshold 45,Construction HL RCC Bridge over salkhan jor at Narganjo to Bakhoribathan Road under PMGSY Package No
1226,618839,Aunta - Simaria including Ganga Bridge,Bihar,Roads & Highways,Best score 13 < threshold 45,Construction HL RCC Bridge over salkhan jor at Narganjo to Bakhoribathan Road under PMGSY Package No
1227,619152,Bakhtiyarpur Km 153.300 to Mokama Km 197.900,Bihar,Roads & Highways,Best score 15 < threshold 45,Construction HL RCC Bridge over salkhan jor at Narganjo to Bakhoribathan Road under PMGSY Package No
1228,618861,Bakhtiyarpur-Rajauli Pkg-II from km. 54.405 to km.101.630,Bihar,Roads & Highways,Best score 22 < threshold 45,Construction HL RCC Bridge over salkhan jor at Narganjo to Bakhoribathan Road under PMGSY Package No
1229,618862,Bakhtiyarpur-Rajauli Pkg-III from km. 101.630 to km.152.520,Bihar,Roads & Highways,Best score 25 < threshold 45,Construction HL RCC Bridge over salkhan jor at Narganjo to Bakhoribathan Road under PMGSY Package No
1230,618569,Balance work - WB-10 Gandak Bridge Km 402.00 to Km 440.00 Devanpur - Kotwa,Bihar,Roads & Highways,Best score 11 < threshold 45,Construction HL RCC Bridge over salkhan jor at Narganjo to Bakhoribathan Road under PMGSY Package No
1231,618904,Chhapra - Hajipur from km. 143.200 to km. 209.200,Bihar,Roads & Highways,Best score 14 < threshold 45,Construction HL RCC Bridge over salkhan jor at Narganjo to Bakhoribathan Road under PMGSY Package No
1236,618234,Construction of a new 4-lane major bridge across river Kosi at Phulaut including Rehabilitation and upgradation of existing Birpur and Bihpur section of NH-106 from km 106.000 to km 136.000 to 2-lane with paved shoulders in the State of Bihar on EPC mode,Bihar,Roads & Highways,Best score 35 < threshold 45,Construction HL RCC Bridge over salkhan jor at Narganjo to Bakhoribathan Road under PMGSY Package No
1237,618882,Construction of additional 3-Lane Bridge over River Ganga for connection between Buxar and Bharauli on NH-922 in the State of Uttar Pradesh and Bihar on Hybrid Annuity Mode,Bihar,Roads & Highways,Best score 17 < threshold 45,Construction HL RCC Bridge over salkhan jor at Narganjo to Bakhoribathan Road under PMGSY Package No
1242,618120,construction of Four-Lane of chausa-Buxar Bypass from Km 45.000 to Km 65.915 Package - 2 in the State of Bihar on EPC Mode.,Bihar,Roads & Highways,Best score 21 < threshold 45,Construction HL RCC Bridge over salkhan jor at Narganjo to Bakhoribathan Road under PMGSY Package No
1243,618956,Construction of Major Bridge over Baghmati and Lakhandei River along with Approaches from Design km.16.500 to km.21.500,Bihar,Roads & Highways,Best score 15 < threshold 45,Construction HL RCC Bridge over salkhan jor at Narganjo to Bakhoribathan Road under PMGSY Package No
1246,618146,Estimate for Improvement to two lane with paved shoulder from Ramnagar to Roseda from km 3.500 to 43.000 of NH 527 E on EPC mode in State of Bihar,Bihar,Roads & Highways,Best score 25 < threshold 45,Construction HL RCC Bridge over salkhan jor at Narganjo to Bakhoribathan Road under PMGSY Package No
1248,618951,Hariharganj to Parwa Mode section from km 23.284 to km 57.049 of NH-98,Bihar,Roads & Highways,Best score 18 < threshold 45,Construction HL RCC Bridge over salkhan jor at Narganjo to Bakhoribathan Road under PMGSY Package No
1253,618007,Jaynagar-Narahia Section km 156.500 to km 219.945 Lot-III,Bihar,Roads & Highways,Best score 15 < threshold 45,Construction HL RCC Bridge over salkhan jor at Narganjo to Bakhoribathan Road under PMGSY Package No
1254,618903,Maheshkunt -Saharsa-Purnea Pkg II,Bihar,Roads & Highways,Best score 11 < threshold 45,Construction HL RCC Bridge over salkhan jor at Narganjo to Bakhoribathan Road under PMGSY Package No
1255,618902,Maheshkunt-Saharsa-Purnea Pkg I km 0.00 to km. 90.00 of NH-107,Bihar,Roads & Highways,Best score 27 < threshold 45,Construction HL RCC Bridge over salkhan jor at Narganjo to Bakhoribathan Road under PMGSY Package No
1256,619320,Muzaffarpur - Sonbarsa Section of NH-77 from km 2.800 to km 89.000,Bihar,Roads & Highways,Best score 27 < threshold 45,Construction HL RCC Bridge over salkhan jor at Narganjo to Bakhoribathan Road under PMGSY Package No
1257,618571,Permanent rectification of 3 nos. of black spots in project Highway NH-27 of U.P border - Dewapur - Kotwa section from Km.360.915 to km.440.000 Total Length of 79.085 Km of NH-27& Permanent rectification of 5 nos. of black spots of project Highway NH-27 of Kotwa - Mehsi - Muzaffarpur Section from km.440.000 to km.520.000 Total length 80.00Km ,Bihar,Roads & Highways,Best score 12 < threshold 45,Construction HL RCC Bridge over salkhan jor at Narganjo to Bakhoribathan Road under PMGSY Package No
1261,619136,Rehabilitation and Upgradation of  Chorma - Bairgania Section of National Highway No 227F to 2 lane with paved shoulders from Design Ch.0.000 to Ch. 34.566 ,Bihar,Roads & Highways,Best score 18 < threshold 45,Construction HL RCC Bridge over salkhan jor at Narganjo to Bakhoribathan Road under PMGSY Package No
1262,617966,Rehabilitation and Upgrading to 2 lanes/2-lane with paved shoulders configuration and strengthening of of Birpur and Bihpur Section from km 0.0 to Km 106 of NH  106 under phase I of National Highways Interconnectivity Improvement Projects NHIIP ICB No.  NHIIP-BR-106-7 [NHIIP-BR-106-7],Bihar,Roads & Highways,Best score 37 < threshold 45,Construction HL RCC Bridge over salkhan jor at Narganjo to Bakhoribathan Road under PMGSY Package No
1263,618005,Sheohar-Sitamarhi Section km 40.000 to 79.400 km Lot-I,Bihar,Roads & Highways,Best score 17 < threshold 45,Construction HL RCC Bridge over salkhan jor at Narganjo to Bakhoribathan Road under PMGSY Package No
1264,618840,Simaria Km. 206.050 to Khagaria Km. 266.282,Bihar,Roads & Highways,Best score 12 < threshold 45,Construction HL RCC Bridge over salkhan jor at Narganjo to Bakhoribathan Road under PMGSY Package No
1265,618006,Sitamarhi-Jaynagar Section km 79.400 to km 156.500 Lot-II,Bihar,Roads & Highways,Best score 19 < threshold 45,Construction HL RCC Bridge over salkhan jor at Narganjo to Bakhoribathan Road under PMGSY Package No
1266,619078,Six Laning of Bihar - Jharkhand Border Chordaha - Gorhar section of NH-2 from km 249.525 to km 320.810,Bihar,Roads & Highways,Best score 17 < threshold 45,Construction HL RCC Bridge over salkhan jor at Narganjo to Bakhoribathan Road under PMGSY Package No
1267,618530,Six Laning of Varanasi to Aurangabad from km. 786.00 to km. 978.40 of Old NH-2,Bihar,Roads & Highways,Best score 17 < threshold 45,Construction HL RCC Bridge over salkhan jor at Narganjo to Bakhoribathan Road under PMGSY Package No
1269,618953,Umagaon-Saharsa Package-IV Koshi Bridge & approach Road - Bheja-Bakaur,Bihar,Roads & Highways,Best score 18 < threshold 45,Construction HL RCC Bridge over salkhan jor at Narganjo to Bakhoribathan Road under PMGSY Package No
1270,619166,Umagaon-Saharsa Package-V Bakaur-Parsarma-Bangaon-Bariyahi & Spur to Mahishi,Bihar,Roads & Highways,Best score 14 < threshold 45,Construction HL RCC Bridge over salkhan jor at Narganjo to Bakhoribathan Road under PMGSY Package No
1273,618957,4 laning of Champa - Korba from km 0.00 to km 38.2,Chhattisgarh,Roads & Highways,Best score 13 < threshold 45,The New Construction work to done to existing Road on Damera to Charaidand Road length 6.00 Km of Di
1274,619167,4 Laning with PS of Pathrapalli-Katghora km 53.3 to km 92.6 Pkg-II of Bilaspur Kathghora,Chhattisgarh,Roads & Highways,Best score 17 < threshold 45,The New Construction work to done to existing Road on Damera to Charaidand Road length 6.00 Km of Di
1275,619103,4/6 Laning of Raipur-Simga Pkg-I from km. 0.00 to km. 48.58,Chhattisgarh,Roads & Highways,Best score 12 < threshold 45,The New Construction work to done to existing Road on Damera to Charaidand Road length 6.00 Km of Di
1276,618639,4L of Bilaspur to Urga km 0.00 to 70.2 of NH-130A,Chhattisgarh,Roads & Highways,Best score 18 < threshold 45,The New Construction work to done to existing Road on Damera to Charaidand Road length 6.00 Km of Di
1277,618646,4L of Pathalgaon-Kunkuri-CG/JH Border section of NH-43 from Km. 00.000 to Km.104.250,Chhattisgarh,Roads & Highways,Best score 14 < threshold 45,The New Construction work to done to existing Road on Damera to Charaidand Road length 6.00 Km of Di
1278,618640,4L of Urga - Pathalgaon from Km. 70.200 to km. 157.745 of NH-130A,Chhattisgarh,Roads & Highways,Best score 11 < threshold 45,The New Construction work to done to existing Road on Damera to Charaidand Road length 6.00 Km of Di
1279,618676,6L of  Dhanara - Hatibena Section from Km 124.611 to km 146.50 of NH-130-CD Package  OD-1,Chhattisgarh,Roads & Highways,Best score 12 < threshold 45,The New Construction work to done to existing Road on Damera to Charaidand Road length 6.00 Km of Di
1280,619347,Balance Work Estimate of Rehabilitation and Up-gradation of NH- 43 from Km. 468.600 to Km. 531.250 Pathalgaon to kunkuri Section to two-lane with paved shoulder in the State of Chhattisgarh on SBD mode under NHO under Annual plan 2025-26 ,Chhattisgarh,Roads & Highways,Best score 20 < threshold 45,The New Construction work to done to existing Road on Damera to Charaidand Road length 6.00 Km of Di
1283,617919,Construction of 4 Nos Grade separtor between km. 281.000 to km. 307.600 km. 286.400 kumhari km. 299.000 Transport Nagar km. 302.000 Power House km. 304.000 Chandra Moura Chowk to km. 305.000 supeia of NH-53 old NH-06 Raipur -Durg 4 Lane on EPC mode in the state of chhattisgarh job NO. NH-53old NH-06 CG-2017-18-56,Chhattisgarh,Roads & Highways,Best score 13 < threshold 45,The New Construction work to done to existing Road on Damera to Charaidand Road length 6.00 Km of Di
1284,618849,Conversion of Partially Excavated Escape Tunnel to Uni-Directional 2L Tunnelincluding construction of cross passages and approach roads on either side of the tunnel from Km 12.732 to Km 14.568 of Kiratpur to Nerchowk Section of NH-21,Chhattisgarh,Roads & Highways,Best score 14 < threshold 45,The New Construction work to done to existing Road on Damera to Charaidand Road length 6.00 Km of Di
1285,618675,Development of 6L of Basanwahi  Marangpuri Section from km 99.500 to km 124.661 of NH-130-CD,Chhattisgarh,Roads & Highways,Best score 12 < threshold 45,The New Construction work to done to existing Road on Damera to Charaidand Road length 6.00 Km of Di
1286,618673,Development of 6L of Jhanki  Sargi Section  Road from km 0.000 to km 42.800 of NH-130CD Pkg-CG-1,Chhattisgarh,Roads & Highways,Best score 12 < threshold 45,The New Construction work to done to existing Road on Damera to Charaidand Road length 6.00 Km of Di
1287,618674,Development of 6L Sargi  Basanwahi Section from km 42.800 to km 99.500 of NH-130CD Pkg-CG-2,Chhattisgarh,Roads & Highways,Best score 12 < threshold 45,The New Construction work to done to existing Road on Damera to Charaidand Road length 6.00 Km of Di
1288,618589,Durg-Raipur Bypass Section Package - 1 from km. 0.00 to km. 44.50 near Tendesara to near Khatti Village,Chhattisgarh,Roads & Highways,Best score 13 < threshold 45,The New Construction work to done to existing Road on Damera to Charaidand Road length 6.00 Km of Di
1289,618590,Durg-Raipur-Arang Package - 2 from km. 44.50 to km. 92.23 near Khatti Village to near Aurang,Chhattisgarh,Roads & Highways,Best score 11 < threshold 45,The New Construction work to done to existing Road on Damera to Charaidand Road length 6.00 Km of Di
1290,617973,Strengthening and widening of existing 2 lane road to two lane paved shoulder from km 7.750 to 26.542 & km. 32.093 to 45.786 of NH-130 on EPC mode in the state of chhattisgarh.job No. 130-CG-2017-18-348,Chhattisgarh,Roads & Highways,Best score 15 < threshold 45,The New Construction work to done to existing Road on Damera to Charaidand Road length 6.00 Km of Di
1291,618078,Up-gradation of NH-130C Abhanpur to Paund from NH Km. 0000 to KM 40380 to two lane with paved shoulders in the State of Chhattisgarh on EPC mode.,Chhattisgarh,Roads & Highways,Best score 21 < threshold 45,The New Construction work to done to existing Road on Damera to Charaidand Road length 6.00 Km of Di
1292,618064,Up-gradation of NH-930 Sherpar to Kohka from Km.67880 to Km.114860 to 2LPS in Chhattisgarh under EPC mode ,Chhattisgarh,Roads & Highways,Best score 16 < threshold 45,The New Construction work to done to existing Road on Damera to Charaidand Road length 6.00 Km of Di
1293,617971,Up-gradation to Two/Four lane with paved shoulder Configuration of Kondagaon- Narayanpur from design ch. 0.00 - 48.693   Design Length    47.493 Km. 1.20 Km. retained    on NH-130D under EPC mode in the State Chhattisgarh.,Chhattisgarh,Roads & Highways,Best score 19 < threshold 45,The New Construction work to done to existing Road on Damera to Charaidand Road length 6.00 Km of Di
1294,618016,"Upgradation of Ambikapur  Ramanujganj - Garhwa Road NH 343 of Package-I, Rajpuri Khurd Village to Padih Village section from existing km 7.830 to km 57.650 Design Ch. 13.700 to Ch. 62.700 of total length 49.00 km to two lane with paved shoulders under EPC mode in the state of Chhattisgarh",Chhattisgarh,Roads & Highways,Best score 18 < threshold 45,The New Construction work to done to existing Road on Damera to Charaidand Road length 6.00 Km of Di
1295,618014,"Upgradation of Ambikapur-Ramanujganj-Garwa road of NH-343, Package-III, Badki mahri village to Ramanujganj section from existing km 80.600 to km 110.330 Design Ch. 85.370 to Ch. 114.800 of total length 29.430 km to two lane with paved shoulders udner corridor scheme under EPC Mode in the of Chhattisgarh",Chhattisgarh,Roads & Highways,Best score 18 < threshold 45,The New Construction work to done to existing Road on Damera to Charaidand Road length 6.00 Km of Di
1296,618018,Upgradation of Bilaspur-Takhatpur-Mungeli-Pandariya-Pondi Road on N.H.-130A Package  IIIA Takhatpur By-pass from existing Ch. 26.542 to 32.093 [Design Ch. 18.700 to 25.900] & Mungeli By-pass from existing Ch. 45.786 to 56.275 [Design Ch. 29.600 to 51.600] and Package  IIIB Pandariya By-Pass from existing Ch. 82.582 to 87.133 [Design Ch. 77.900 to 81.1000 & Pondi By-pass from existing Ch. 103.166 to 104.756 [Design Ch. 97.000 to 103.395] to two lane with paved shoulder configuration in the,Chhattisgarh,Roads & Highways,Best score 13 < threshold 45,The New Construction work to done to existing Road on Damera to Charaidand Road length 6.00 Km of Di
1299,617972,Upgradation to Two lane with Paved Shoulder Configuration of Narayanpur Kasturmeta pkg-II from design ch. 48.693 to 70.453  design length21.760 Km.    on NH-130D under EPC mode in the state of Chhattisgarh.,Chhattisgarh,Roads & Highways,Best score 20 < threshold 45,The New Construction work to done to existing Road on Damera to Charaidand Road length 6.00 Km of Di
1300,619064,Vadodara Mumbai Expressway Talsari to Karvad Phase IB - Pkg X [Km 103.400 to Km 128.000],Dadra & Nagar Haveli and Daman & Diu,Roads & Highways,No FC proposals found for state+category,
1301,619183,Widening of Existing Road from Intermediate Lane 2-lane to 4-lane Between Km 19.994 to Km 35.180 of NH-848A Rakholi-Khadoli-Velugam Section in U.T. of Dadra and Nagar Haveli and Daman and Diu,Dadra & Nagar Haveli and Daman & Diu,Roads & Highways,No FC proposals found for state+category,
1304,619122,Akshardham - DL/UP Border Pkg-01,Delhi,Roads & Highways,Best score 12 < threshold 45,Construction of 6 Lane access controlled Highway from DND Maharani Bagh to Junction with Jaitpur-Pus
1306,619202,Dwarka Expressway from Km -0.600 to Km 5.300 - Pkg-I Shivmurti Chowk-RuB near Dwarka Sector 21,Delhi,Roads & Highways,Best score 15 < threshold 45,Construction of 6 Lane access controlled Highway from DND Maharani Bagh to Junction with Jaitpur-Pus
1307,618577,Dwarka Expressway Pkg-III Delhi/HR Border to Start of RoB Gurugram,Delhi,Roads & Highways,Best score 17 < threshold 45,Construction of 6 Lane access controlled Highway from DND Maharani Bagh to Junction with Jaitpur-Pus
1310,618942,Balance work of 2L PS  from Km 30.800 to Km 70.800 and 2L with Rigid Carriageway from Km 70.800 to  km 84.120 of Khanapur- KA/GOA Border section of NH-4A,Goa,Roads & Highways,Best score 13 < threshold 45,Construction of Approach Road (Expressway) to Mopa Airport
1311,618609,Construction of 4L Flyover from MES College Junction to Bogmalo Junction on NH-566 from Km. 7.106 to Km. 10.460 and 4L VUP at Queeny Nagar Junction from Km. 3.330 to Km. 4.550,Goa,Roads & Highways,Best score 12 < threshold 45,Construction of Approach Road (Expressway) to Mopa Airport
1319,618901,4L PS Divided Carriageway  from Patan Near Rajpur to Gojariya From Km 52.000  to Km 128.940 of NH-68,Gujarat,Roads & Highways,Best score 15 < threshold 45,Construction of Kukvav-Bhonyni Road km 0/00 to 3/300 in Taluka of Detroj-Rampura District of Ahmedab
1324,618501,Ahmedabad - Dholera Pkg I from km. 0.00 to km. 22.00 [Sardar Patel Ring Road - Sindhrej Village],Gujarat,Roads & Highways,Best score 27 < threshold 45,Construction of Kukvav-Bhonyni Road km 0/00 to 3/300 in Taluka of Detroj-Rampura District of Ahmedab
1325,618502,Ahmedabad - Dholera Pkg II from km. 22.00 to km. 48.52 [Sindhrej Village - Vejallka Village],Gujarat,Roads & Highways,Best score 16 < threshold 45,Construction of Kukvav-Bhonyni Road km 0/00 to 3/300 in Taluka of Detroj-Rampura District of Ahmedab
1326,618503,Ahmedabad - Dholera Pkg III from km. 48.52 to km. 71.06 [Vejallka Village - Start of DSIR zone],Gujarat,Roads & Highways,Best score 19 < threshold 45,Construction of Kukvav-Bhonyni Road km 0/00 to 3/300 in Taluka of Detroj-Rampura District of Ahmedab
1327,618504,Ahmedabad - Dholera Pkg IV from km. 71.06 to km. 109.019 [Start of DSIR zone - Adhelai Village],Gujarat,Roads & Highways,Best score 18 < threshold 45,Construction of Kukvav-Bhonyni Road km 0/00 to 3/300 in Taluka of Detroj-Rampura District of Ahmedab
1328,618637,Bal. Works of Fagne Km. 510.000 to Maharashtra/Gujarat Border Km. 650.794,Gujarat,Roads & Highways,Best score 17 < threshold 45,Construction of Kukvav-Bhonyni Road km 0/00 to 3/300 in Taluka of Detroj-Rampura District of Ahmedab
1330,619061,Construction of 4 lane with PS Idar-Badoli bypass section from design km 81/300 to km 95/500 of NH 168G in the State of Gujarat,Gujarat,Roads & Highways,Best score 21 < threshold 45,Construction of Kukvav-Bhonyni Road km 0/00 to 3/300 in Taluka of Detroj-Rampura District of Ahmedab
1338,617977,Development of Chiloda - Gandhinagar- Sarkhej ofNH-147 Package -II,Gujarat,Roads & Highways,Best score 16 < threshold 45,Construction of Kukvav-Bhonyni Road km 0/00 to 3/300 in Taluka of Detroj-Rampura District of Ahmedab
1339,619145,Four Laning of Una to Kodinar from km. 180.478 to km. 221.610 Package-V,Gujarat,Roads & Highways,Best score 15 < threshold 45,Construction of Kukvav-Bhonyni Road km 0/00 to 3/300 in Taluka of Detroj-Rampura District of Ahmedab
1340,619146,Kagvadar - Una Package-IV,Gujarat,Roads & Highways,Best score 12 < threshold 45,Construction of Kukvav-Bhonyni Road km 0/00 to 3/300 in Taluka of Detroj-Rampura District of Ahmedab
1342,618699,Pipli Bhavnagar-Package 1 from km 136.025 to km 169.328,Gujarat,Roads & Highways,Best score 15 < threshold 45,Construction of Kukvav-Bhonyni Road km 0/00 to 3/300 in Taluka of Detroj-Rampura District of Ahmedab
1345,618108,Up-gradation and strengthening to 2lanePS from Km 95/500 to km 129/775 of Nh 168G Idar-Bhiloda-Samlaji in the state of Gujarat Length  34.275 km,Gujarat,Roads & Highways,Best score 19 < threshold 45,Construction of Kukvav-Bhonyni Road km 0/00 to 3/300 in Taluka of Detroj-Rampura District of Ahmedab
1347,618022,Upgradation  to two lane with paved Shoulder Configuaration from Km. 0/00 to 47/000 of NH 351    Mahuva  to Badhada section    in the State of Gujarat,Gujarat,Roads & Highways,Best score 19 < threshold 45,Construction of Kukvav-Bhonyni Road km 0/00 to 3/300 in Taluka of Detroj-Rampura District of Ahmedab
1348,618107,Upgradation of Mehsana-Visnagar-vadnagar-Kheralu-Idar section from km 0/00 to 81/300 of NH 168G Mehsana to Idar in the State of GujaratTotal Length 81.300 Km on Hybrid Annuity Mode HAM,Gujarat,Roads & Highways,Best score 15 < threshold 45,Construction of Kukvav-Bhonyni Road km 0/00 to 3/300 in Taluka of Detroj-Rampura District of Ahmedab
1349,618787,"Upgradation to 4L PS  from Bhimasar, Junction of NH-41 to Anjar- Bhuj upto Airport Junction from Km 0.000 to Km 65.478 of NH-341",Gujarat,Roads & Highways,Best score 25 < threshold 45,Construction of Kukvav-Bhonyni Road km 0/00 to 3/300 in Taluka of Detroj-Rampura District of Ahmedab
1350,618464,Vadodara Mumbai Expressway Ena -Kim Phase IB - Pkg VI [Km 217.500 to Km 254.430],Gujarat,Roads & Highways,Best score 13 < threshold 45,Construction of Kukvav-Bhonyni Road km 0/00 to 3/300 in Taluka of Detroj-Rampura District of Ahmedab
1351,618465,Vadodara Mumbai Expressway Gandeva to Ena Phase IB - Pkg VII [Km 190.00 to Km 217.500],Gujarat,Roads & Highways,Best score 14 < threshold 45,Construction of Kukvav-Bhonyni Road km 0/00 to 3/300 in Taluka of Detroj-Rampura District of Ahmedab
1352,618466,Vadodara Mumbai Expressway Jujuwa - Gandeva from Km. 154.600 to Km. 190.000 Phase-I Package-VIII,Gujarat,Roads & Highways,Best score 13 < threshold 45,Construction of Kukvav-Bhonyni Road km 0/00 to 3/300 in Taluka of Detroj-Rampura District of Ahmedab
1353,618467,Vadodara Mumbai Expressway Karvad - Jujuwa from Km. 128.000 to Km. 154.600 Phase-I Package-IX,Gujarat,Roads & Highways,Best score 13 < threshold 45,Construction of Kukvav-Bhonyni Road km 0/00 to 3/300 in Taluka of Detroj-Rampura District of Ahmedab
1354,618463,Vadodara Mumbai Expressway Kim to Ankleshwar Phase IA - Pkg V,Gujarat,Roads & Highways,Best score 13 < threshold 45,Construction of Kukvav-Bhonyni Road km 0/00 to 3/300 in Taluka of Detroj-Rampura District of Ahmedab
1358,617916,Work of 6 laning/Construction of elevated corridor from km 0/0 to 10/170 Narol Junction to Sarkhej junction including 4 lane Shastri Bridge on Sabarmati river on NH 47 in the State of Gujarat on HAM mode,Gujarat,Roads & Highways,Best score 18 < threshold 45,Construction of Kukvav-Bhonyni Road km 0/00 to 3/300 in Taluka of Detroj-Rampura District of Ahmedab
1359,617976,Work of development and construction of elevated corridorfrom km 38/660 to km 42/690 Iscon junction to start point of approach of sanand flyover of NH-147 in the sate of Gujarat,Gujarat,Roads & Highways,Best score 22 < threshold 45,Construction of Kukvav-Bhonyni Road km 0/00 to 3/300 in Taluka of Detroj-Rampura District of Ahmedab
1365,618760,4L Greenfield a Malout bypass from ch. Km 44.500 to ch. Km 35.500 on NH-07 and Ch. Km 0.000 to Km 6.984 on NH-09 bMandi Dabwali Bypass from Ch. 38.450 Km to  Km 27.910 Pkg-02,Haryana,Roads & Highways,Best score 35 < threshold 45,Diversion of 0.4391 hactare of Forest Land for widening of existing road from Badkhal chowk to Badkh
1369,619216,6L access Controlled Greenfield Highway from Adhoya Musalmana to Sadopur section of Shamli -Ambala Package-III Design Ch. Form km 84.400 to km 121.786,Haryana,Roads & Highways,Best score 18 < threshold 45,Diversion of 0.4391 hactare of Forest Land for widening of existing road from Badkhal chowk to Badkh
1370,618723,6L access Controlled Greenfield Highway from Ranipur Barsi to Adhoya Musalmana  section of Shamli -Ambala Package-II Design Ch. Form km 45.500 to km 84.400,Haryana,Roads & Highways,Best score 18 < threshold 45,Diversion of 0.4391 hactare of Forest Land for widening of existing road from Badkhal chowk to Badkh
1371,619134,6L of Ambala-Chandigarh greenfield section from Km. 0.000 to Km. 25.000 with 4L spur to Lalru from Km. 0.000 to Km. 5.828  & spur to PR-7 road from Km. 0.000 to Km. 11.157,Haryana,Roads & Highways,Best score 32 < threshold 45,Diversion of 0.4391 hactare of Forest Land for widening of existing road from Badkhal chowk to Badkh
1372,618505,Additional Structures on 6LGurgaon-Jaipur Section of NH-48 between KM 42.700 to KM 273.00,Haryana,Roads & Highways,Best score 13 < threshold 45,Diversion of 0.4391 hactare of Forest Land for widening of existing road from Badkhal chowk to Badkh
1373,618506,"Construction of Additional Structures, Improvement of Service Road & Maintenance of Six Lane Gurgaon-Jaipur Section of NH-48 old NH-8 between km 42700 to km 107100 in the State of Haryana ",Haryana,Roads & Highways,Best score 17 < threshold 45,Diversion of 0.4391 hactare of Forest Land for widening of existing road from Badkhal chowk to Badkh
1374,619068,Construction of Greenfield Connectivity to Jewar International Airport from DND-Faridabad-Ballabhgarh Bypass KMP Link - Spur to Delhi Mumbai Expressway,Haryana,Roads & Highways,Best score 26 < threshold 45,Diversion of 0.4391 hactare of Forest Land for widening of existing road from Badkhal chowk to Badkh
1380,618580,Gohana - Sonipat PKG-2,Haryana,Roads & Highways,Best score 12 < threshold 45,Diversion of 0.4391 hactare of Forest Land for widening of existing road from Badkhal chowk to Badkh
1382,619201,Karnal ring road Lot-4/Pkg-1,Haryana,Roads & Highways,Best score 12 < threshold 45,Diversion of 0.4391 hactare of Forest Land for widening of existing road from Badkhal chowk to Badkh
1384,618907,2L/4L of Hoshiarpur to Una section including Hoshiarpur Bypass of NH 503A,Himachal Pradesh,Roads & Highways,Best score 15 < threshold 45,CONSTRUCTION OF FAGLA TO RAILA VIA MOBHA ROAD KM 7.340 TO 11.400
1389,618921,4L of Kathlighat to Shakral Village from Km 128.835 to Km 146.300 of NH- 5 Shimla Bypass - Pkg I,Himachal Pradesh,Roads & Highways,Best score 22 < threshold 45,CONSTRUCTION OF FAGLA TO RAILA VIA MOBHA ROAD KM 7.340 TO 11.400
1390,618922,4L of Shakral Village to Dhalli Section from Km 146.300 to Km 156.560 Shimla Bypass - Pkg II and Shimla connectivity from Km 0.000 to Km 0.725 of NH-5,Himachal Pradesh,Roads & Highways,Best score 26 < threshold 45,CONSTRUCTION OF FAGLA TO RAILA VIA MOBHA ROAD KM 7.340 TO 11.400
1391,619291,4L Poanta SahebMednipur from Km. 435.65 to km. 458.65 of NH-07Pkg-1,Himachal Pradesh,Roads & Highways,Best score 14 < threshold 45,CONSTRUCTION OF FAGLA TO RAILA VIA MOBHA ROAD KM 7.340 TO 11.400
1394,618253,Construction of missing link from Birhu to Lathiani from Km 35/550 Design chainage Km 0.000 to Km 42/800 Design Chainage Km 8.153on NH-503A including Lathiani Bridge on back water of Govindsagar and its approaches in Himachal Pradesh.,Himachal Pradesh,Roads & Highways,Best score 22 < threshold 45,CONSTRUCTION OF FAGLA TO RAILA VIA MOBHA ROAD KM 7.340 TO 11.400
1395,618216,"Improvement/construction of existing CL-5 Road to NH Intermediate lane specification with hard shoulder from Km 133.000 to 166.000 net Length 33.000 kms of NH-505 Sumdo-Kaza-Gramphoo road  in the state of Himachal Pradesh on EPC mode under project Deepak, BRO",Himachal Pradesh,Roads & Highways,Best score 24 < threshold 45,CONSTRUCTION OF FAGLA TO RAILA VIA MOBHA ROAD KM 7.340 TO 11.400
1396,618215,"Improvement/construction of existing CL-5 Road to NH Intermediate lane specification with hard shoulder from Km 166.000 to 203.77   net Length 37.770 kms    of NH-505   Sumdo-Kaza-Gramphoo road     in the state of Himachal Pradesh on EPC mode under project Deepak, BRO",Himachal Pradesh,Roads & Highways,Best score 34 < threshold 45,CONSTRUCTION OF FAGLA TO RAILA VIA MOBHA ROAD KM 7.340 TO 11.400
1397,618217,Improvement/construction of existing Class-5 Road to NH Intermediate lane specification with hard shoulder from existing Km 76/340 to 134/940 Design chainage from Km 76/300 to 133/000 net Length 56.700 kms of NH-505 Sumdo-Kaza-Gramphoo road  in the state of Himachal Pradesh Package I,Himachal Pradesh,Roads & Highways,Best score 20 < threshold 45,CONSTRUCTION OF FAGLA TO RAILA VIA MOBHA ROAD KM 7.340 TO 11.400
1398,618850,Nerchowk km 190.000 to Pandoh including Pandoh bypass  km221.305,Himachal Pradesh,Roads & Highways,Best score 15 < threshold 45,CONSTRUCTION OF FAGLA TO RAILA VIA MOBHA ROAD KM 7.340 TO 11.400
1402,618231,Rehabilitation and Upgradation to 2-lane configuration of Hamirpur-Karnohal Section km 141.00 to 181.00 of NH-70 in the State of Himachal Pradesh under Green National Highways Corridor Project GNHCP with the loan assistance of World Bank on EPC mode.Package-1,Himachal Pradesh,Roads & Highways,Best score 21 < threshold 45,CONSTRUCTION OF FAGLA TO RAILA VIA MOBHA ROAD KM 7.340 TO 11.400
1403,618230,Rehabilitation and Upgradation to 2-lane configuration of Kalwahn-Mandi Section km 208.950 to 250.592 of NH-70 in the State of Himachal Pradesh under Green National Highways Corridor Project GNHCP with the loan assistance of World Bank on EPC mode.Package-3,Himachal Pradesh,Roads & Highways,Best score 25 < threshold 45,CONSTRUCTION OF FAGLA TO RAILA VIA MOBHA ROAD KM 7.340 TO 11.400
1404,618232,Rehabilitation and Upgradation to 2-lane configuration of Karnohal- Kalwahn Section km 181.00 to 208.950 of NH-70 in the State of Himachal Pradesh under Green National Highways Corridor Project GNHCP with the loan assistance of World Bank on EPC mode.Package-2,Himachal Pradesh,Roads & Highways,Best score 39 < threshold 45,CONSTRUCTION OF FAGLA TO RAILA VIA MOBHA ROAD KM 7.340 TO 11.400
1415,618541,4L Ring road/bypass around Srinagar city from km 0.000 to km 42.100 Phase-I,Jammu & Kashmir,Roads & Highways,Best score 15 < threshold 45,construction of link road from Mohalla Gagiyan W.No. 06 Lathoung Kallar Kattal
1420,618202,Construction of 2 lane with paved shoulders Baramulla Bypass Greenfield bypass from existing Ch. Km 47020 to Km 56720 and Design Ch. From 48500 to 62600 Total length 14.100 km on road Srinagar Baramulla  Uri NH-01 in the UT of Jammu & Kashmir under Project.Package-III,Jammu & Kashmir,Roads & Highways,Best score 20 < threshold 45,construction of link road from Mohalla Gagiyan W.No. 06 Lathoung Kallar Kattal
1422,618203,"Construction of 4 lane with paved shoulder Pattan bypass Greenfield bypass from existing Ch. Km 24320 to Km 33760 and Design Ch. from Km 24400 to Km 35300, total length 10.900 km on road SrinagarBaramulla  Uri NH-01 in the UT of Jammu & Kashmir under Project BEACON, Border Roads Organization BRO on EPC mode. Package-II",Jammu & Kashmir,Roads & Highways,Best score 19 < threshold 45,construction of link road from Mohalla Gagiyan W.No. 06 Lathoung Kallar Kattal
1423,618399,Construction of Kishtwar bypass with 2 lane with paved shoulder from Design Km. 80.675 Dulhasti to km 95.550 Bandarkoot  of 14.88 km & a link road to Kishtwar town from 0000 to 1.871 of length1.871 Km on Khellani - Kishtwar - Chattroo section in UT of Jammu and Kashmir on EPC Mode Pkg-4,Jammu & Kashmir,Roads & Highways,Best score 26 < threshold 45,construction of link road from Mohalla Gagiyan W.No. 06 Lathoung Kallar Kattal
1425,618038,Construction of Shopian Bypass  on NH-444 taking off  from existing chainage Km 36500 and re-joining at km 47588  of existing Chainage   New Design Ch.  From km 28000 to km 36925 as 2- lane with paved shoulder in the UT of Jammu & Kashmir on EPC mode.,Jammu & Kashmir,Roads & Highways,Best score 22 < threshold 45,construction of link road from Mohalla Gagiyan W.No. 06 Lathoung Kallar Kattal
1431,619066,Delhi-Amritsar-Katra Expressway Phase-II Pkg-XIV from Junction with Pathankot-Gurdaspur road NH-54 near Balsua to Junction with Hiranagar Road near village Gurha Baildaran km 423500 to km 468100,Jammu & Kashmir,Roads & Highways,Best score 15 < threshold 45,construction of link road from Mohalla Gagiyan W.No. 06 Lathoung Kallar Kattal
1434,618407,Jammu-Akhnoor Road Pkg-I,Jammu & Kashmir,Roads & Highways,Best score 15 < threshold 45,construction of link road from Mohalla Gagiyan W.No. 06 Lathoung Kallar Kattal
1435,618220,Reconstruction and widening to 2 lane with paved shoulder from existing chainage km 102000 to km 134950 Design chainage km 90150 to km 116980 including construction of Naushera Tunnel Total length of tunnel 0.700 km under 31 TF on Akhnoor-Poonch road NH-144A in the UT of Jammu & Kashmir under Project Sampark BRO on EPC mode Package-V Job no  NH-144A-J&K-2020-21-104,Jammu & Kashmir,Roads & Highways,Best score 19 < threshold 45,construction of link road from Mohalla Gagiyan W.No. 06 Lathoung Kallar Kattal
1436,618225,Rehabilitation and up-gradation to 2 lane with paved shoulder from existing chainage km 134950 to km 166100 Design chainage km 116980 to km 146700 under 31 TF on Akhnoor-Poonch road NH-144A in the UT of Jammu & Kashmir under Project Sampark BRO on EPC mode Package-VI Job no  NH-144A-J&K-2021-22-106,Jammu & Kashmir,Roads & Highways,Best score 20 < threshold 45,construction of link road from Mohalla Gagiyan W.No. 06 Lathoung Kallar Kattal
1437,618224,Rehabilitation and up-gradation to 2 lane with paved shoulder from existing chainage km 49150 to km 64535 Design chainage km 46.450 to km 55.800 including construction of Sungal Tunnel Total length of Tunnel 2.79 km under 13 TF on Akhnoor-Poonch road NH-144A under Project Sampark BRO in the UT of Jammu & Kashmir on EPC mode Package-II Job no  NH-144A-J&K-2019-20-78,Jammu & Kashmir,Roads & Highways,Best score 20 < threshold 45,construction of link road from Mohalla Gagiyan W.No. 06 Lathoung Kallar Kattal
1438,618223,Rehabilitation and up-gradation to 2 lane with paved shoulder from existing chainage km 64535 to km 85385 Design chainage km 55800 to km 74350 under 13 TF on Akhnoor-Poonch road NH-144A under Project Sampark BRO in the UT of Jammu & Kashmir on EPC mode Package-III Job no  NH-144A-J&K-2019-20-79,Jammu & Kashmir,Roads & Highways,Best score 20 < threshold 45,construction of link road from Mohalla Gagiyan W.No. 06 Lathoung Kallar Kattal
1439,618221,Rehabilitation and upgradation to 2 lane with paved shoulder from existing chainage Km 166.100 to Km 192.98 design chainage Km 146.700 to Km 162.800 including construction of Bhimber Gali Tunnel Total Length of Tunnel 1.100 Km under 31 BRTF on Akhnoor-Poonch Roads on EPC mode NH-144A Package-VII,Jammu & Kashmir,Roads & Highways,Best score 17 < threshold 45,construction of link road from Mohalla Gagiyan W.No. 06 Lathoung Kallar Kattal
1440,618226,Rehabilitation and upgradation to 2 lane with paved shoulder from existing chainage Km 30.053 to Km 49.150 design chainage Km 30.000 to Km 46.450 including Kandi Tunnel under 31 BRTF on Akhnoor-Poonch Road NH-144A Under Project Sampark in the UT of Jammu & Kashmir EPC modePackage-I Job no NH-144A-J&K-2020-21-83.,Jammu & Kashmir,Roads & Highways,Best score 18 < threshold 45,construction of link road from Mohalla Gagiyan W.No. 06 Lathoung Kallar Kattal
1441,618548,Stand-alone Ring road/bypass around Jammu City from Raya Morh km. -0.687 to Jagti km. 57.568,Jammu & Kashmir,Roads & Highways,Best score 14 < threshold 45,construction of link road from Mohalla Gagiyan W.No. 06 Lathoung Kallar Kattal
1444,618406,Up-gradation to 4-lane with Paved Shoulder of Jammu-Akhnoor road section of NH-144A from Ganesh Vihar Km 6.000 to Khati Chowk Km 26.350 in UT of Jammu and Kashmir on EPC basis Pkg-3A,Jammu & Kashmir,Roads & Highways,Best score 19 < threshold 45,construction of link road from Mohalla Gagiyan W.No. 06 Lathoung Kallar Kattal
1446,618206,Widening and Strengthening of Rafiabad-Kupwara-Chowkibal-Tangdhar-Chamkot NH-701 road from design Ch. From 0000 to 51000 to two lanes with paved shoulders under Project Beacon in the UT of Jammu & Kashmir on EPC mode Package-I.,Jammu & Kashmir,Roads & Highways,Best score 19 < threshold 45,construction of link road from Mohalla Gagiyan W.No. 06 Lathoung Kallar Kattal
1447,618201,"Widening and strengthening to 2 lane with paved shoulder from existing Ch. Km 56720 to Km 100820 and Design Ch. From Km 62600 to Km 106360 Total Length43.760 Km on SRINAGAR -BARAMULA  URINH-01 in the UT of Jammu & Kashmir under project BEACON, Border Roads Organization BRO on EPC mode.",Jammu & Kashmir,Roads & Highways,Best score 20 < threshold 45,construction of link road from Mohalla Gagiyan W.No. 06 Lathoung Kallar Kattal
1448,618222,Widening and Strengthening up gradation to 2 lane with paved shoulder from existing chainage Km 192.98 to Km 229.820 design chainage Km 162.800 to Km 198.18 under 31 BRTF on Akhnoor-Poonch Road NH-144A in the UT of Jammu and Kashmir under Project Sampark Border Roads Organisation BRO on EPC Mode Package-VIII Job No NH-144A-J&K-2022-2023-111,Jammu & Kashmir,Roads & Highways,Best score 17 < threshold 45,construction of link road from Mohalla Gagiyan W.No. 06 Lathoung Kallar Kattal
1451,618641,4 Lane of CG/JH Border-Gumla from km 0.000 to km 32.370 of  NH-43 in the State of Jhrkhand,Jharkhand,Roads & Highways,Best score 19 < threshold 45,Widening/Reconstruction of Existing Pavement to Two Lane with Paved Shoulder from Km 60.50 to Km 79.
1458,618949,4L of Basukinath- Deoghar Section of NH-114A,Jharkhand,Roads & Highways,Best score 14 < threshold 45,Widening/Reconstruction of Existing Pavement to Two Lane with Paved Shoulder from Km 60.50 to Km 79.
1466,618730,6 Lane Greenfield Varanasi- Ranchi- Kolkata Highway from Deoria village to Donoreshan village from km 253.000 to km 288.600  Pkg -10,Jharkhand,Roads & Highways,Best score 15 < threshold 45,Widening/Reconstruction of Existing Pavement to Two Lane with Paved Shoulder from Km 60.50 to Km 79.
1471,618533,Barwa Adda Km. 398.240 to Panagarh Km. 521.120,Jharkhand,Roads & Highways,Best score 12 < threshold 45,Widening/Reconstruction of Existing Pavement to Two Lane with Paved Shoulder from Km 60.50 to Km 79.
1472,618127,Construction of 2- Lane with paved shoulder from km 56.45 Dharampur More to 93.050 Pakur of NH-333A in the State of Jharkhand on EPC mode,Jharkhand,Roads & Highways,Best score 22 < threshold 45,Widening/Reconstruction of Existing Pavement to Two Lane with Paved Shoulder from Km 60.50 to Km 79.
1473,618083,Construction of byepass around Lohardaga town of NH-143A in the Sate of Jharkhand under EPC mode.,Jharkhand,Roads & Highways,Best score 29 < threshold 45,Widening/Reconstruction of Existing Pavement to Two Lane with Paved Shoulder from Km 60.50 to Km 79.
1476,618535,Construction of Six lane elevated flyover including reconstruction/rehabilitation of existing pavement from Km 406100 to Km 411150 Length  5.05 Km at Gobindpur area in the Barwa Adda Panagarh section of NH-19 from Km.398.240 to Km.521.120 including Panagarh Bypass in the State of Jharkhand on EPC Mode.,Jharkhand,Roads & Highways,Best score 17 < threshold 45,Widening/Reconstruction of Existing Pavement to Two Lane with Paved Shoulder from Km 60.50 to Km 79.
1477,618534,Construction of Six lane elevated flyover including reconstruction/rehabilitation of existing pavement from Km 426230 to Km 430500  Length  4.27 Km at Nirsa in the Barwa Adda Panagarh section of NH-19 from Km.398.240 to Km.521.120 including Panagarh Bypass in the State of Jharkhand on EPC Mode.,Jharkhand,Roads & Highways,Best score 17 < threshold 45,Widening/Reconstruction of Existing Pavement to Two Lane with Paved Shoulder from Km 60.50 to Km 79.
1479,618242,Widening and Reconstruction to 4-lane/4-lane with service road including structures from Pokharia More at Km 47.600 Ex. Km 50.230 to Govindpur at km 62.949 Ex. Km 65.325 of Nh-419 in the State of Jharkhand on EPC mode.,Jharkhand,Roads & Highways,Best score 21 < threshold 45,Widening/Reconstruction of Existing Pavement to Two Lane with Paved Shoulder from Km 60.50 to Km 79.
1482,618084,Widening to 2-lane with paved shoulder from km 0.00 to 44.00 Kuru-Ghaghra section of NH-143A including re-construction of culverts and bridges.,Jharkhand,Roads & Highways,Best score 23 < threshold 45,Widening/Reconstruction of Existing Pavement to Two Lane with Paved Shoulder from Km 60.50 to Km 79.
1483,618649,4 Lane with PS  from Des. Ch 228.500 to Des. Ch. 273.400 of Belgaum-Hungund-Raichur Section of NH 748 A  Package-6 ,Karnataka,Roads & Highways,Best score 14 < threshold 45,"Diversion of 0.0456 ha of forest land in Sy No.7 of Gowdalli Village, Sirsi (T), U.K (D) for connect"
1484,619108,4 Lane with PS from Des. Ch 0.000 to Des. Ch. 43.800 of Belgaum-Hungund-Raichur Section of NH-748A Package-1,Karnataka,Roads & Highways,Best score 14 < threshold 45,"Diversion of 0.0456 ha of forest land in Sy No.7 of Gowdalli Village, Sirsi (T), U.K (D) for connect"
1485,619107,4 Lane with PS from Des. Ch 136.100 to Des. Ch. 182.300 of Belgaum-Hungund-Raichur Section of NH-748A Package-4,Karnataka,Roads & Highways,Best score 14 < threshold 45,"Diversion of 0.0456 ha of forest land in Sy No.7 of Gowdalli Village, Sirsi (T), U.K (D) for connect"
1486,619106,4 Lane with PS from Des. Ch 182.300 to Des. Ch. 228.500 of Belgaum-Hungund-Raichur Section of NH 748 A  Package-5,Karnataka,Roads & Highways,Best score 14 < threshold 45,"Diversion of 0.0456 ha of forest land in Sy No.7 of Gowdalli Village, Sirsi (T), U.K (D) for connect"
1487,618651,4 Lane with PS from Des. Ch 43.800 to Des. Ch. 89.900 of Belgaum-Hungund-Raichur Section of NH-748A Package-2,Karnataka,Roads & Highways,Best score 14 < threshold 45,"Diversion of 0.0456 ha of forest land in Sy No.7 of Gowdalli Village, Sirsi (T), U.K (D) for connect"
1488,618650,4 Lane with PS from Des. Ch 89.900 to Des. Ch. 136.100 of Belgaum-Hungund-Raichur Section of NH-748A Package-3,Karnataka,Roads & Highways,Best score 14 < threshold 45,"Diversion of 0.0456 ha of forest land in Sy No.7 of Gowdalli Village, Sirsi (T), U.K (D) for connect"
1489,618517,4/6L of Bangalore - Pune Section of bypass connecting Dharwad - Hubli from km. 403.80 to km. 433.20,Karnataka,Roads & Highways,Best score 15 < threshold 45,"Diversion of 0.0456 ha of forest land in Sy No.7 of Gowdalli Village, Sirsi (T), U.K (D) for connect"
1490,619065,4L Expressway from Km 26.400 to km 53.500 of Malur to Bangarpet section of Bangalore-Chennai Expressway Phase-I Package-II,Karnataka,Roads & Highways,Best score 24 < threshold 45,"Diversion of 0.0456 ha of forest land in Sy No.7 of Gowdalli Village, Sirsi (T), U.K (D) for connect"
1493,618887,4L of Bettadahalli- Shivamogga section from Km.170.415 to km. 226.750 of NH-206 Tumkur- Shivamogga Pkg-IV,Karnataka,Roads & Highways,Best score 13 < threshold 45,"Diversion of 0.0456 ha of forest land in Sy No.7 of Gowdalli Village, Sirsi (T), U.K (D) for connect"
1495,619214,4L of Channarayapatna Bypass and Hassan Bypass with structures in Devihalli - Hassan section,Karnataka,Roads & Highways,Best score 14 < threshold 45,"Diversion of 0.0456 ha of forest land in Sy No.7 of Gowdalli Village, Sirsi (T), U.K (D) for connect"
1496,619121,4L of Hubli - Hospet Section of NH-63 from Km 128.850 to Km 272.571,Karnataka,Roads & Highways,Best score 14 < threshold 45,"Diversion of 0.0456 ha of forest land in Sy No.7 of Gowdalli Village, Sirsi (T), U.K (D) for connect"
1498,618709,4L of Left-Over Works of Hospet-Bellary -Karnataka/AP border from Km.280.080 Dec.Ch. to Km.375450Des.Ch. of NH-63 New-67,Karnataka,Roads & Highways,Best score 14 < threshold 45,"Diversion of 0.0456 ha of forest land in Sy No.7 of Gowdalli Village, Sirsi (T), U.K (D) for connect"
1499,618896,4L of Sannur to Bikarnakatte section from Km 691.350 to Km 736.362 of NH-169 Karkala - Mangalore Package-III,Karnataka,Roads & Highways,Best score 14 < threshold 45,"Diversion of 0.0456 ha of forest land in Sy No.7 of Gowdalli Village, Sirsi (T), U.K (D) for connect"
1500,619219,4L of Tumkur-Shimoga Pkg-II from Km 65.195 Karadi to Km 121.900 Banawara of NH-206,Karnataka,Roads & Highways,Best score 13 < threshold 45,"Diversion of 0.0456 ha of forest land in Sy No.7 of Gowdalli Village, Sirsi (T), U.K (D) for connect"
1501,618871,4L PS from Near Guddehosur to Start of Kushalnagara Bypass to near Hemmige Village Periyapatna - Hassan Road Jn from Km. 122.200 to Km. 144.900 of NH-275  Pkg. II ,Karnataka,Roads & Highways,Best score 19 < threshold 45,"Diversion of 0.0456 ha of forest land in Sy No.7 of Gowdalli Village, Sirsi (T), U.K (D) for connect"
1502,618870,4L PS from near Hemmige Village Periyapatna - Hassan Road Jn. to near Hunsur - KR Nagar Jn section from Km. 144.900 to Km. 169.000 of NH-275  Pkg. III ,Karnataka,Roads & Highways,Best score 14 < threshold 45,"Diversion of 0.0456 ha of forest land in Sy No.7 of Gowdalli Village, Sirsi (T), U.K (D) for connect"
1503,618872,4L PS from near Hunsur - KR Nagar Junction to near Yalachahalli village KR Nagara - Yelawala Road Junction fcrom Km 169.000 to Km 195.550 of NH-275 Pkg-IV,Karnataka,Roads & Highways,Best score 14 < threshold 45,"Diversion of 0.0456 ha of forest land in Sy No.7 of Gowdalli Village, Sirsi (T), U.K (D) for connect"
1504,618873,4L PS from near Yalachahalli village KR Nagara - Yelawala Road junction to Srirangapatna Bypass Near Paschima Vahini from km 195.550 to Km 214.535 of NH-275 Pkg-V,Karnataka,Roads & Highways,Best score 13 < threshold 45,"Diversion of 0.0456 ha of forest land in Sy No.7 of Gowdalli Village, Sirsi (T), U.K (D) for connect"
1505,619218,4L Tumkur-Shimoga Pkg-I from Mallasandra to Karadi village of NH-206 from Km. 12.300 to Km. 65.195,Karnataka,Roads & Highways,Best score 27 < threshold 45,"Diversion of 0.0456 ha of forest land in Sy No.7 of Gowdalli Village, Sirsi (T), U.K (D) for connect"
1507,618632,6L Access Controlled Greenfield Highway of Nandinne village to Julekal village from Km 202.900 to Km 242.200 Pkg-1,Karnataka,Roads & Highways,Best score 13 < threshold 45,"Diversion of 0.0456 ha of forest land in Sy No.7 of Gowdalli Village, Sirsi (T), U.K (D) for connect"
1513,618707,Additional works under BM1 to ensure road safety under 6L of Bengaluru  Mysuru Access control with close toll from Km.17.300 to  Km.136.300 of NH-275,Karnataka,Roads & Highways,Best score 29 < threshold 45,"Diversion of 0.0456 ha of forest land in Sy No.7 of Gowdalli Village, Sirsi (T), U.K (D) for connect"
1515,618031,Balance work of Construction of Two/Four lane with paved shoulder from Km 422.000 to 523.600  Chitradurga to Shivamogga  of NH-13 in the state of Kanataka on EPC mode.,Karnataka,Roads & Highways,Best score 25 < threshold 45,"Diversion of 0.0456 ha of forest land in Sy No.7 of Gowdalli Village, Sirsi (T), U.K (D) for connect"
1516,617954,Balance work of Rehabilitation and upgrading to 2lane/2lane with paved shoulder configuration and strengthening from from Km 343.80 to 400.33 of Gowribidanur-Chik Ballapur section in the state of Karnataka Under Annual Plan 2021-22 under EPC Mode.-952,Karnataka,Roads & Highways,Best score 16 < threshold 45,"Diversion of 0.0456 ha of forest land in Sy No.7 of Gowdalli Village, Sirsi (T), U.K (D) for connect"
1518,618706,Bangalore-Nidagatta Pkg. I,Karnataka,Roads & Highways,Best score 9 < threshold 45,"Diversion of 0.0456 ha of forest land in Sy No.7 of Gowdalli Village, Sirsi (T), U.K (D) for connect"
1519,619072,Bangalore/TN border to Hoskote,Karnataka,Roads & Highways,Best score 12 < threshold 45,"Diversion of 0.0456 ha of forest land in Sy No.7 of Gowdalli Village, Sirsi (T), U.K (D) for connect"
1520,618799,Belakeri Port to Kumta - Sirsi road from km 0.00 - km 4.265 of Belekeri Port Road Link Rd. and km 4.965 - km 60.00 of SH-69,Karnataka,Roads & Highways,Best score 17 < threshold 45,"Diversion of 0.0456 ha of forest land in Sy No.7 of Gowdalli Village, Sirsi (T), U.K (D) for connect"
1525,618028,"Construction of Bypass at Kuknoor, Yelburga, Gajendragada of Bhanapur Gaddanakeri section of NH-367 in the State of Karnataka under NHO on EPC mode under Annual Plan 2022-23. NH-367-KNT-2022-23-973 dated 08.02.2023",Karnataka,Roads & Highways,Best score 15 < threshold 45,"Diversion of 0.0456 ha of forest land in Sy No.7 of Gowdalli Village, Sirsi (T), U.K (D) for connect"
1526,617951,Construction of Chintamani Bypass from Design Ch.0000 Existing Ch.428880 to Design Ch.15400 Existing Ch.444010 on NH-69 in the State of Karnataka in EPC Mode under NHO Annual Plan 2022-23. NH-69-KNT-2022-23-989 dated 24.03.2023,Karnataka,Roads & Highways,Best score 16 < threshold 45,"Diversion of 0.0456 ha of forest land in Sy No.7 of Gowdalli Village, Sirsi (T), U.K (D) for connect"
1528,618144,Construction of Major Bridge Across Sharavathi Backwaters and approches between Ambargodu and Kalasavalli Near Sigandhur in Sagar Taluk on NH 369E in the State of Karnataka on EPC mode.Job No. NH-369E-KNT-2018-19-895 dated 06.03.2019.,Karnataka,Roads & Highways,Best score 16 < threshold 45,"Diversion of 0.0456 ha of forest land in Sy No.7 of Gowdalli Village, Sirsi (T), U.K (D) for connect"
1529,617989,Construction of Major Bridge at Km.180.865 across river Krishna on NH 167 Hagari Jadcherla section,Karnataka,Roads & Highways,Best score 14 < threshold 45,"Diversion of 0.0456 ha of forest land in Sy No.7 of Gowdalli Village, Sirsi (T), U.K (D) for connect"
1530,617950,Construction of Srinivasapura Bypass from existing Km 453.890   Design Ch. 0000    to existing Km 461.450   Design Ch 10080    on NH-69 in the State of Karnataka Under NH   O    in EPC mode under Annual Plan 2022-23  NH-69-KNT-2022-23-966 dated 22.11.2022,Karnataka,Roads & Highways,Best score 15 < threshold 45,"Diversion of 0.0456 ha of forest land in Sy No.7 of Gowdalli Village, Sirsi (T), U.K (D) for connect"
1532,619096,Goa / Karnataka Km.93.700 to Kundapur Km.283.30,Karnataka,Roads & Highways,Best score 21 < threshold 45,"Diversion of 0.0456 ha of forest land in Sy No.7 of Gowdalli Village, Sirsi (T), U.K (D) for connect"
1534,619144,Hospet - Chitradurga from km. 299.00 to km. 418.750,Karnataka,Roads & Highways,Best score 11 < threshold 45,"Diversion of 0.0456 ha of forest land in Sy No.7 of Gowdalli Village, Sirsi (T), U.K (D) for connect"
1535,618581,Hosur to Dhamrapuri Pkg-1 [Neraluru - Thorapalli Agraharam],Karnataka,Roads & Highways,Best score 13 < threshold 45,"Diversion of 0.0456 ha of forest land in Sy No.7 of Gowdalli Village, Sirsi (T), U.K (D) for connect"
1536,619120,Nidagatta-Mysore Pkg II,Karnataka,Roads & Highways,Best score 8 < threshold 45,"Diversion of 0.0456 ha of forest land in Sy No.7 of Gowdalli Village, Sirsi (T), U.K (D) for connect"
1537,619205,Six Laning of KT/KL Border Thalapaddy -Chengala from Km. 17.200 to Km. 57.20,Karnataka,Roads & Highways,Best score 24 < threshold 45,"Diversion of 0.0456 ha of forest land in Sy No.7 of Gowdalli Village, Sirsi (T), U.K (D) for connect"
1538,619071,Tumkur - Nelamangala 6L,Karnataka,Roads & Highways,Best score 8 < threshold 45,"Diversion of 0.0456 ha of forest land in Sy No.7 of Gowdalli Village, Sirsi (T), U.K (D) for connect"
1539,619070,Tumkur-Chitradurga,Karnataka,Roads & Highways,Best score 8 < threshold 45,"Diversion of 0.0456 ha of forest land in Sy No.7 of Gowdalli Village, Sirsi (T), U.K (D) for connect"
1540,619220,Tumkur-Shimoga Pkg-III from Km 121.900 Banawara to Km 170.415 Bettadahalli of Old NH-206,Karnataka,Roads & Highways,Best score 14 < threshold 45,"Diversion of 0.0456 ha of forest land in Sy No.7 of Gowdalli Village, Sirsi (T), U.K (D) for connect"
1541,617997,Widening of existing 2 lane to 4 lane with paved shoulder from Designed km 25.15 to km 56.70 Except Km 52.70 to 53.50 of NH-169  Nellisara Camp to Thirthahalli  of NH-169 on Shimoga-Mangalore section in the state of Karnataka on EPC mode under Annual plan 2022-23 NH-169-KNT-2022-23-978 dated 08.03.2023,Karnataka,Roads & Highways,Best score 35 < threshold 45,"Diversion of 0.0456 ha of forest land in Sy No.7 of Gowdalli Village, Sirsi (T), U.K (D) for connect"
1542,618030,Widening to 2 lane with paved shoulder from Km. 103.225 Pattadakal to Km. 133.00 Shirur cross of NH-367 in the state of Karnataka on EPC Mode.Job No. NH-367-KNT-2021-22-934,Karnataka,Roads & Highways,Best score 23 < threshold 45,"Diversion of 0.0456 ha of forest land in Sy No.7 of Gowdalli Village, Sirsi (T), U.K (D) for connect"
1543,618147,Widening to 2 Lane with Paved Shoulders from design Km 103.200 Existing Km 103.200 to design Km 116.700 Existing Km 118.470 on AP/KNT Border to Sira Section of NH-544E in the State of Karnatakaon EPC mode under Annual plan 2022-23,Karnataka,Roads & Highways,Best score 18 < threshold 45,"Diversion of 0.0456 ha of forest land in Sy No.7 of Gowdalli Village, Sirsi (T), U.K (D) for connect"
1547,618027,Widening to 2LPS from Km 71.00 to 104.00 Existing chainages Sarjapur to Pattadkallu on Bhanapur to Gaddanakeri section NH-367 in the State of Karnataka under NHO on EPC mode under Annual Plan 2022-23 NH-367-KNT-2022-23-972 dated 08.02.2023,Karnataka,Roads & Highways,Best score 22 < threshold 45,"Diversion of 0.0456 ha of forest land in Sy No.7 of Gowdalli Village, Sirsi (T), U.K (D) for connect"
1548,618109,Widening to 4 lane from Km 51.60 to 76.20 Hebri to Parkala and from Km 85.20 to 88.90 Karavali junction to Malpe of Thirthahalli-Udupi-Malpe Section of NH-169A in the State of Karnataka on EPC Mode under Annual plan 2021-22 Job No. NH-169A-KNT-2021-22-927,Karnataka,Roads & Highways,Best score 28 < threshold 45,"Diversion of 0.0456 ha of forest land in Sy No.7 of Gowdalli Village, Sirsi (T), U.K (D) for connect"
1549,618029,Widening to 4 lane from Km. 133.00 to 158.04 design Chainage Km. 130.88 to 155.145 Shirur Cross to Gaddankeri of NH-367 in the State of Karnataka on EPC mode. Job No. NH-367-KNT-2021-22-930,Karnataka,Roads & Highways,Best score 21 < threshold 45,"Diversion of 0.0456 ha of forest land in Sy No.7 of Gowdalli Village, Sirsi (T), U.K (D) for connect"
1550,618151,Widening to 4LPS of NH-548B from Km 118.450 Near Shirguppi to Km 128.450 Near Ankali in the State of Karnataka under NH O on EPC Mode Under Annual Plan 2022-23 NH-548B-KNT-2022-23-982,Karnataka,Roads & Highways,Best score 15 < threshold 45,"Diversion of 0.0456 ha of forest land in Sy No.7 of Gowdalli Village, Sirsi (T), U.K (D) for connect"
1551,618148,Widening to 4LPS of NH-548B from Km 80.000 Near Murgundi to Km 140.200 Near Chikkodi excluding length from Km 118.450 to Km 128.450 in the State of Karnataka under NH O on EPC Mode under Annual Plan 2022-23 - Package  1 NH-548B-KNT-2022-23-979 dated 09.03.2023,Karnataka,Roads & Highways,Best score 18 < threshold 45,"Diversion of 0.0456 ha of forest land in Sy No.7 of Gowdalli Village, Sirsi (T), U.K (D) for connect"
1552,617998,Widening to existing 2 lane with paved Shoulder to 4 Lane with paved shoulder from design Km 153.00 to 168.27 Mala Gate to Karkala of NH -169 on Shimoga - Mangalore section in the state of Karnataka on EPC mode under Annula Plan 2021-22 Job No. NH-169-KNT-2021-22-949,Karnataka,Roads & Highways,Best score 20 < threshold 45,"Diversion of 0.0456 ha of forest land in Sy No.7 of Gowdalli Village, Sirsi (T), U.K (D) for connect"
1554,618189,Widening to two lane with paved shoulder of NH-73New spur road Ujire - Dharmasthala - Periyashanthi in the State of Karnataka under NHO on HAM Mode Job No. NH-73Spur-KNT-2023-24-996 ,Karnataka,Roads & Highways,Best score 22 < threshold 45,"Diversion of 0.0456 ha of forest land in Sy No.7 of Gowdalli Village, Sirsi (T), U.K (D) for connect"
1556,618095,Widening to Two Lane with Paved Shoulders from Km 0.00 Design Chainage 0.00 to Km 23.338 Design Chainage 23310 of NH-166E MH/KNT Border- Kanamadi- Bijjargi- Tikota section in the state of Karnataka in EPC Mode under Annual plan 2022-23 NH-166E-KNT-2022-23-974,Karnataka,Roads & Highways,Best score 21 < threshold 45,"Diversion of 0.0456 ha of forest land in Sy No.7 of Gowdalli Village, Sirsi (T), U.K (D) for connect"
1557,618149,Widening to two lane with paved shoulders from Km 0.00 to 102.310 Design Chainage of NH-548B Murrum-Maharashtra Border in the State of Karnataka,Karnataka,Roads & Highways,Best score 44 < threshold 45,"Diversion of 0.0456 ha of forest land in Sy No.7 of Gowdalli Village, Sirsi (T), U.K (D) for connect"
1558,617955,Widening to two lane with paved Shoulders from Km 40.00 to Km 75.00   Existing chainages    of Mangalore - Tumkur section of NH-73 in the State of Karnataka on EPC Mode under Annual Plan 2021-22   Job No NH-73-KNT-2021-22-945,Karnataka,Roads & Highways,Best score 37 < threshold 45,"Diversion of 0.0456 ha of forest land in Sy No.7 of Gowdalli Village, Sirsi (T), U.K (D) for connect"
1559,619138,Yekkambi-Haveri,Karnataka,Roads & Highways,Best score 6 < threshold 45,"Diversion of 0.0456 ha of forest land in Sy No.7 of Gowdalli Village, Sirsi (T), U.K (D) for connect"
1560,618598,6L Minor Bridge Paloli Palam at km. 203.160 & Major Bridge Morad at km. 204.895 and allied works,Kerala,Roads & Highways,Best score 12 < threshold 45,Hill Highway in Wayanad District – Kuttiyadi Churam Stretch
1561,618601,6L of  Kappirikkad to Thalikulam section from km 335.85 to km 369.015 of NH - 66 old NH-17,Kerala,Roads & Highways,Best score 12 < threshold 45,Hill Highway in Wayanad District – Kuttiyadi Churam Stretch
1562,618597,6L of Azhiyur-Vengalam from km. 189.200 to km. 230.400 of NH-66,Kerala,Roads & Highways,Best score 12 < threshold 45,Hill Highway in Wayanad District – Kuttiyadi Churam Stretch
1563,618595,6L of Chengala - Neeleshwaram from km. 56.200 to km. 93.468,Kerala,Roads & Highways,Best score 13 < threshold 45,Hill Highway in Wayanad District – Kuttiyadi Churam Stretch
1564,618603,6L of Kodugallur to Edapppally section from km 397.750 to km 423.780 of NH - 66 old NH-17,Kerala,Roads & Highways,Best score 13 < threshold 45,Hill Highway in Wayanad District – Kuttiyadi Churam Stretch
1565,619206,6L of Perole Nileshwar town to Taliparamba from Km 94.248 to Km 134.650 of NH-66,Kerala,Roads & Highways,Best score 12 < threshold 45,Hill Highway in Wayanad District – Kuttiyadi Churam Stretch
1566,618599,6L of Ramanatukkara Junction to start of Valanchery bypass section of NH-66,Kerala,Roads & Highways,Best score 16 < threshold 45,Hill Highway in Wayanad District – Kuttiyadi Churam Stretch
1567,618596,6L of Taliparamba to Muzhappilangad from Km 134.650 to Km 170.6 of NH-66,Kerala,Roads & Highways,Best score 12 < threshold 45,Hill Highway in Wayanad District – Kuttiyadi Churam Stretch
1568,618602,6L of Thalikulam to Kodugallur section from km 369.015 to km 397.850 of NH - 66 old NH-17,Kerala,Roads & Highways,Best score 13 < threshold 45,Hill Highway in Wayanad District – Kuttiyadi Churam Stretch
1569,618600,6L of Valanchery bypass to Kappirikkad of NH  66 from km. 298500 to km 335850,Kerala,Roads & Highways,Best score 13 < threshold 45,Hill Highway in Wayanad District – Kuttiyadi Churam Stretch
1570,618604,Aroor-Thuravoor Thekku,Kerala,Roads & Highways,Best score 9 < threshold 45,Hill Highway in Wayanad District – Kuttiyadi Churam Stretch
1571,619208,Kadambattukonam-Kazhakuttom,Kerala,Roads & Highways,Best score 11 < threshold 45,Hill Highway in Wayanad District – Kuttiyadi Churam Stretch
1572,618607,Kottankulangara- Start of Kollam Bypass,Kerala,Roads & Highways,Best score 12 < threshold 45,Hill Highway in Wayanad District – Kuttiyadi Churam Stretch
1573,619098,Kozhikode Bypass Calicut Bypass Vengalam Jn. to Ramanattukara Jn.,Kerala,Roads & Highways,Best score 15 < threshold 45,Hill Highway in Wayanad District – Kuttiyadi Churam Stretch
1574,618606,Paravoor-Kottankulangara,Kerala,Roads & Highways,Best score 11 < threshold 45,Hill Highway in Wayanad District – Kuttiyadi Churam Stretch
1575,619207,Start of Kollam Bypass - Kadambattukonam,Kerala,Roads & Highways,Best score 11 < threshold 45,Hill Highway in Wayanad District – Kuttiyadi Churam Stretch
1576,619097,Thalassery Mahe Bypass Km 170.600 to Km 189.200 of NH-17New NH-66 in Kerala,Kerala,Roads & Highways,Best score 16 < threshold 45,Hill Highway in Wayanad District – Kuttiyadi Churam Stretch
1577,618605,Thuravoor Thekku-Paravoor,Kerala,Roads & Highways,Best score 11 < threshold 45,Hill Highway in Wayanad District – Kuttiyadi Churam Stretch
1578,618070,Widening to 2 Lanes with paved shoulders from Km.87/000 to 133/720 Nattukal to Thanau Jn. in Palakkad of NH-966 Old NH-213 on EPC mode Basis under NHO Annual Plan 2016-17 in the state of Kerala,Kerala,Roads & Highways,Best score 16 < threshold 45,Hill Highway in Wayanad District – Kuttiyadi Churam Stretch
1580,618408,Kargil Zanskar Road,Ladakh,Roads & Highways,Best score 5 < threshold 45,Construction of Re-Alignment Of Various Stretches  Between Pandrass - Pashkyum (Net Length – 31.00 K
1581,618410,Widening & Up-gradation to 2 lane with paved shoulder of NH-301 Kargil- Zanskar Road from Design Km .30.040 Ex. Km. 30.000 to Design Km 57.000 Ex. Km. 57.905 of 26.960 Km length Pkg-II,Ladakh,Roads & Highways,Best score 13 < threshold 45,Construction of Re-Alignment Of Various Stretches  Between Pandrass - Pashkyum (Net Length – 31.00 K
1582,618409,Widening & Up-gradation to 2 lane with Paved shoulder of NH-301 Kargil- Zanskar Road from Design km 57.000 Ex. Km. 57.905 to Km 87.000 Ex. Km. 88.2491 of 30.000 Km length Pkg-lll,Ladakh,Roads & Highways,Best score 13 < threshold 45,Construction of Re-Alignment Of Various Stretches  Between Pandrass - Pashkyum (Net Length – 31.00 K
1585,618964,4 Laning of Sandalpur to Nasrullaganj Pkg-1 section of NH-146B Length 43.2 Km.,Madhya Pradesh,Roads & Highways,Best score 19 < threshold 45,Diversion of 6.93 ha of forest land under FCA 1980 for Construction of Garhi Ahmedpur Road
1587,618672,4-lanning of Gyaraspur to Rahatgarh section of NH-146 from Design Ch. 88361 to Ch 124470 in the state of MP on HAM mode,Madhya Pradesh,Roads & Highways,Best score 15 < threshold 45,Diversion of 6.93 ha of forest land under FCA 1980 for Construction of Garhi Ahmedpur Road
1588,618671,4-lanning of Rahatgarh to Berkhedi section of NH-146 from Design Ch 124470 to Ch. 134.549,Madhya Pradesh,Roads & Highways,Best score 13 < threshold 45,Diversion of 6.93 ha of forest land under FCA 1980 for Construction of Garhi Ahmedpur Road
1590,618661,4L from km 0.000 to 42.040 Bhopal Ratnaigiri Tiraha to Vidisha Morikodi,Madhya Pradesh,Roads & Highways,Best score 28 < threshold 45,Diversion of 6.93 ha of forest land under FCA 1980 for Construction of Garhi Ahmedpur Road
1591,618654,4L Greenfield Rudhi to Deshgaon Pkg V of Betul-Khandwa/Deshgaon,Madhya Pradesh,Roads & Highways,Best score 14 < threshold 45,Diversion of 6.93 ha of forest land under FCA 1980 for Construction of Garhi Ahmedpur Road
1593,618962,4L of Budhni to Shahganj Bypass End Package-III of NH-146B from Km. 73.750 to Km. 102.000,Madhya Pradesh,Roads & Highways,Best score 18 < threshold 45,Diversion of 6.93 ha of forest land under FCA 1980 for Construction of Garhi Ahmedpur Road
1597,618665,4L of Sagar - Mohari from Km.8 to Km.50 Pkg-I,Madhya Pradesh,Roads & Highways,Best score 17 < threshold 45,Diversion of 6.93 ha of forest land under FCA 1980 for Construction of Garhi Ahmedpur Road
1599,618662,4L Vidisha Gyaraspur section of NH-146 from Design Chainage km 59475 existing chainage km 81240  to Design Chainage km 88361 existing chainage km 110.315 ,Madhya Pradesh,Roads & Highways,Best score 15 < threshold 45,Diversion of 6.93 ha of forest land under FCA 1980 for Construction of Garhi Ahmedpur Road
1600,618620,"Additional works 2VUPs, MR-10 junction flyover and underpass in Six lane Indore-Dewas section of NH-52 in the state of Madhya Pradesh on EPC Mode",Madhya Pradesh,Roads & Highways,Best score 20 < threshold 45,Diversion of 6.93 ha of forest land under FCA 1980 for Construction of Garhi Ahmedpur Road
1601,618701,Balance work of 4L of Nauradehi Sanctuary de-scoped stretch of Hiran River to Sindoor River from Km. 66.00 to 130.00  NH-12 New NH-45,Madhya Pradesh,Roads & Highways,Best score 20 < threshold 45,Diversion of 6.93 ha of forest land under FCA 1980 for Construction of Garhi Ahmedpur Road
1603,618664,Berkhedi to Godpehra on NH-44 Sagar link road,Madhya Pradesh,Roads & Highways,Best score 19 < threshold 45,Diversion of 6.93 ha of forest land under FCA 1980 for Construction of Garhi Ahmedpur Road
1604,618619,Bypass on Western side of Gwalior City,Madhya Pradesh,Roads & Highways,Best score 30 < threshold 45,Diversion of 6.93 ha of forest land under FCA 1980 for Construction of Garhi Ahmedpur Road
1605,618556,"Construction of 26 VUPs, Major Bridge, Service Road etc. on Lalitpur-Sagar-Lakhnadon section of NH-44 NS",Madhya Pradesh,Roads & Highways,Best score 15 < threshold 45,Diversion of 6.93 ha of forest land under FCA 1980 for Construction of Garhi Ahmedpur Road
1606,618932,Construction of 6 lane Indore western bypass from km 0000 to Km 34000 Pkg -l  in the State of Madhya Pradesh on Hybrid Annuity Mode under NHO,Madhya Pradesh,Roads & Highways,Best score 22 < threshold 45,Diversion of 6.93 ha of forest land under FCA 1980 for Construction of Garhi Ahmedpur Road
1607,618933,Construction of 6 lane Indore western bypass from km 34000 to Km 64000 Pkg-II in the state of Madhya Pradesh on Hybrid Annuity Mode under NHO,Madhya Pradesh,Roads & Highways,Best score 22 < threshold 45,Diversion of 6.93 ha of forest land under FCA 1980 for Construction of Garhi Ahmedpur Road
1608,618157,Construction of Ater realignment & Bhind bypass Total length. 21.50 km Section of NH-552Extn. to Two lane with paved shoulder configuration in the State of Madhya Pradesh on EPC mode.,Madhya Pradesh,Roads & Highways,Best score 22 < threshold 45,Diversion of 6.93 ha of forest land under FCA 1980 for Construction of Garhi Ahmedpur Road
1609,618068,"Construction of Kaithi-Padaria Kala bypass, Patna-Tamoli bypass, Jaso bypass and Nagod bypass   total length 15.44 Km    to 2-lane with paved shoulders flexible pavement on NH-943 in the State of Madhya Pradesh on EPC Mode.",Madhya Pradesh,Roads & Highways,Best score 17 < threshold 45,Diversion of 6.93 ha of forest land under FCA 1980 for Construction of Garhi Ahmedpur Road
1611,618045,"Construction of Mihona bypass, Lahar bypass, Daboh bypass & Bhander Bypass total length 20.60 km to 2-lane with paved shoulder from on Mihona-Bhander-MP/UP border section of NH 552E in the State of Madhya Pradesh on EPC mode",Madhya Pradesh,Roads & Highways,Best score 19 < threshold 45,Diversion of 6.93 ha of forest land under FCA 1980 for Construction of Garhi Ahmedpur Road
1612,618156,"Construction of Morena bypass, Ambah bypass & Porsa bypass Totat length 27.16 km Section of NH-552 Ext. to TWo lane with paved shoulder configuration in the state of Madhya Pradesh on EPC mode",Madhya Pradesh,Roads & Highways,Best score 20 < threshold 45,Diversion of 6.93 ha of forest land under FCA 1980 for Construction of Garhi Ahmedpur Road
1613,617909,Construction of Rewa Bypass to 4-lane with paved shoulder along with service road from Ratahara Chowk to Chorhata Chowk Road section of NH-30 from km 00.000 to 19.200 in the State of Madhya Pradesh on Hybrid Annuity Mode HAM.,Madhya Pradesh,Roads & Highways,Best score 30 < threshold 45,Diversion of 6.93 ha of forest land under FCA 1980 for Construction of Garhi Ahmedpur Road
1614,618170,Construction of Two lane with paved shoulder configuration of Shujalpur Bypass section of NH-752C from km 33100 Design to km. 42570 Design total design length 10.470 km in the State of Madhya Pradesh on EPC mode.,Madhya Pradesh,Roads & Highways,Best score 21 < threshold 45,Diversion of 6.93 ha of forest land under FCA 1980 for Construction of Garhi Ahmedpur Road
1615,618963,Construction work of 4-laning of Shahganj bypass end to Badi Package-IV of NH-146B from design km 102.000 to design km 142.357 Design length 40.357 km ,Madhya Pradesh,Roads & Highways,Best score 14 < threshold 45,Diversion of 6.93 ha of forest land under FCA 1980 for Construction of Garhi Ahmedpur Road
1616,619100,Dhangaon - Borgaon section km 81.000 to km 139.000 [Indore - Edlabad Pkg IV],Madhya Pradesh,Roads & Highways,Best score 19 < threshold 45,Diversion of 6.93 ha of forest land under FCA 1980 for Construction of Garhi Ahmedpur Road
1618,618621,Indore - Edlabad Pkg-II [Tejajinagar to Balwara],Madhya Pradesh,Roads & Highways,Best score 18 < threshold 45,Diversion of 6.93 ha of forest land under FCA 1980 for Construction of Garhi Ahmedpur Road
1620,618694,Indore - Harda Pkg-I [Indore to Raghav Garh from km. 0.25 to km. 26.903],Madhya Pradesh,Roads & Highways,Best score 34 < threshold 45,Diversion of 6.93 ha of forest land under FCA 1980 for Construction of Garhi Ahmedpur Road
1621,619114,Indore - Harda Pkg-II [Raghavgarh to Nanasa from km. 29.30 to km. 92.30],Madhya Pradesh,Roads & Highways,Best score 17 < threshold 45,Diversion of 6.93 ha of forest land under FCA 1980 for Construction of Garhi Ahmedpur Road
1622,618695,Indore - Harda Pkg-III [Nanasa to Pidgaon Section from km 95.000 to km 142.445],Madhya Pradesh,Roads & Highways,Best score 18 < threshold 45,Diversion of 6.93 ha of forest land under FCA 1980 for Construction of Garhi Ahmedpur Road
1624,618688,Outer Ring Road of Jabalpur Town from  Amjhar Road including Airport Connectivity to barela Pkg-V,Madhya Pradesh,Roads & Highways,Best score 15 < threshold 45,Diversion of 6.93 ha of forest land under FCA 1980 for Construction of Garhi Ahmedpur Road
1625,618687,Outer Ring Road of Jabalpur Town from Barela to Manegaon Pkg-1,Madhya Pradesh,Roads & Highways,Best score 15 < threshold 45,Diversion of 6.93 ha of forest land under FCA 1980 for Construction of Garhi Ahmedpur Road
1626,618686,Outer Ring Road of Jabalpur Town from Kushner to Amjhar Road including Airport Connectivity Pkg-IV,Madhya Pradesh,Roads & Highways,Best score 15 < threshold 45,Diversion of 6.93 ha of forest land under FCA 1980 for Construction of Garhi Ahmedpur Road
1627,618684,Outer Ring Road of Jabalpur Town from Manegaon to NH-45 Pkg-2,Madhya Pradesh,Roads & Highways,Best score 13 < threshold 45,Diversion of 6.93 ha of forest land under FCA 1980 for Construction of Garhi Ahmedpur Road
1628,618685,Outer Ring Road of Jabalpur Town from NH45 to Kushner Pkg-3,Madhya Pradesh,Roads & Highways,Best score 14 < threshold 45,Diversion of 6.93 ha of forest land under FCA 1980 for Construction of Garhi Ahmedpur Road
1631,617911,Rehabilitation and upgradation Umaria to Shahdol section of NH-78 from Existing Km. 68/4 to Km. 142/2 to 2LPS including construction of Birshinghpur and Shahdol Bypass on EPC mode under NHDP-IVA,Madhya Pradesh,Roads & Highways,Best score 19 < threshold 45,Diversion of 6.93 ha of forest land under FCA 1980 for Construction of Garhi Ahmedpur Road
1632,618966,Six laning with both sides Service Road of Ayodhya Bypass from Design Km 0000 near Ashram Tiraha on NH-46 to Km 16439 end at Ratnagiri Tiraha on Nh-146,Madhya Pradesh,Roads & Highways,Best score 15 < threshold 45,Diversion of 6.93 ha of forest land under FCA 1980 for Construction of Garhi Ahmedpur Road
1635,618043,Upgradation and reconstruction of Dindori - Mandla Section of NH 543 from Km 77100 Design to Km 170580 Design Total length 93.48km to Two lane with paved shoulder configuration along with One time improvement in 04 nos of bypassed built-up areas in a total length of 7.23 km in the state of Madhya Pradesh on EPC mode,Madhya Pradesh,Roads & Highways,Best score 20 < threshold 45,Diversion of 6.93 ha of forest land under FCA 1980 for Construction of Garhi Ahmedpur Road
1637,617914,Upgradation and reconstruction of Shahpura-Dindori Section of NH 45 from Km 103.700 Design to Km 164.580 Design including 3 bypasses Total length 60.88km to Two lane with paved shoulder configuration along with One time improvement in 03 nos of bypassed built-up areas in a total length of 12.341 km in the State of Madhya Pradesh on EPC mode,Madhya Pradesh,Roads & Highways,Best score 19 < threshold 45,Diversion of 6.93 ha of forest land under FCA 1980 for Construction of Garhi Ahmedpur Road
1638,617915,Upgradation of Dindori-Sagartola-kabichabutra MP-CG border section of NH -45 from km 000Design to km 77.00 Design to Two lane with paved shoulder configration along with one time improvement in 04 nos. of bypaased built-up areas in a total length of 9.1 km in the state of Madhya Pradesh on EPC mode.,Madhya Pradesh,Roads & Highways,Best score 20 < threshold 45,Diversion of 6.93 ha of forest land under FCA 1980 for Construction of Garhi Ahmedpur Road
1639,618158,"Upgradation of Goras to Shyampur Road section of NH-552 Ext., from Design Chainge 48.400 to 111.800 Km Total length 63.40 km to two lane with paved shoulder configuration along with One time improvement of 8.91 km in the state of Madhya Pradesh on EPC mode",Madhya Pradesh,Roads & Highways,Best score 20 < threshold 45,Diversion of 6.93 ha of forest land under FCA 1980 for Construction of Garhi Ahmedpur Road
1640,618085,Upgradation of Nasrullagani-Rehti-Budhni Scction  to 2-lane with paved shoulder from Km 0150 to Km 50500 of NH-146B in the state of Madhya Pradesh on EPC mode.,Madhya Pradesh,Roads & Highways,Best score 22 < threshold 45,Diversion of 6.93 ha of forest land under FCA 1980 for Construction of Garhi Ahmedpur Road
1642,618044,Upgradation of Shahdol- Sagartola Section of NH 543 from km 0000 to km 69400 to 2 lane with paved shoulders under Hybrid Annuity Mode HAM in the State of Madhya Pradesh,Madhya Pradesh,Roads & Highways,Best score 23 < threshold 45,Diversion of 6.93 ha of forest land under FCA 1980 for Construction of Garhi Ahmedpur Road
1643,618171,"Work of Upgradation of Jirapur-Pachore Road including Pachore, Jirapur, Chhapiheda & Khujner Bypasses from 0000 to 58790 Design Length 58.79 Km section of NH-752C to 2LPS in the State of Madhya Pradesh under EPC mode",Madhya Pradesh,Roads & Highways,Best score 20 < threshold 45,Diversion of 6.93 ha of forest land under FCA 1980 for Construction of Garhi Ahmedpur Road
1644,619095, Balance works of 4L Panvel  Indapur section of NH66 old NH17 from km 42.300 kasu to km 84.600 Indapur,Maharashtra,Roads & Highways,Best score 16 < threshold 45,Diversion of Forest land involved under the project of construction of Murud Roha Kolad MSH 05 Distr
1646,618941,4L of Bamni - Rajura - Warur - Devada upto M.S. Border of NH - 930D from km 19.000 to km 51.985,Maharashtra,Roads & Highways,Best score 27 < threshold 45,Diversion of Forest land involved under the project of construction of Murud Roha Kolad MSH 05 Distr
1649,618557,4L of Indora Chowk to Pachpaoli and Agrasen Chowk - Ashoka Chowk,Maharashtra,Roads & Highways,Best score 12 < threshold 45,Diversion of Forest land involved under the project of construction of Murud Roha Kolad MSH 05 Distr
1656,618513,6L of Kagal-Satara section from Km 592.500 to Km 658.000 of NH-48 Pkg-I,Maharashtra,Roads & Highways,Best score 16 < threshold 45,Diversion of Forest land involved under the project of construction of Murud Roha Kolad MSH 05 Distr
1657,618514,6L of Kagal-Satara section from Km 658.000 to Km 725.000 of NH-48 Pkg-II,Maharashtra,Roads & Highways,Best score 15 < threshold 45,Diversion of Forest land involved under the project of construction of Murud Roha Kolad MSH 05 Distr
1658,617947,Arawali Kante section of NH-17New NH-66 4L  PS from Km.241/300 to 281/300,Maharashtra,Roads & Highways,Best score 14 < threshold 45,Diversion of Forest land involved under the project of construction of Murud Roha Kolad MSH 05 Distr
1659,618594,Balance work of 4L Panvel to Indapur section of NH-66 Old NH- 17 from km 0.000 Panvel to km 42.300 Kasu,Maharashtra,Roads & Highways,Best score 15 < threshold 45,Diversion of Forest land involved under the project of construction of Murud Roha Kolad MSH 05 Distr
1660,617945,Balance work of NH-66 from design Km 84/00 to Km 87/100 Indapur Bypass and Km 91/600 to Km 99/100 Mangaon Bypass to four lane with paved shoulder in State of Maharashtra under NHO on EPC Mode.,Maharashtra,Roads & Highways,Best score 21 < threshold 45,Diversion of Forest land involved under the project of construction of Murud Roha Kolad MSH 05 Distr
1662,618693,Bodhre - Dhule,Maharashtra,Roads & Highways,Best score 10 < threshold 45,Diversion of Forest land involved under the project of construction of Murud Roha Kolad MSH 05 Distr
1666,619298,Construction of 6 Lane Elevated corridor from KM 612582 to KM 617540 including construction of Service Roads in Kolhapur City on NH -48 in the State of Maharashtra on EPC mode under NHO,Maharashtra,Roads & Highways,Best score 20 < threshold 45,Diversion of Forest land involved under the project of construction of Murud Roha Kolad MSH 05 Distr
1667,617912,Construction of 6 lane flyover from Khapari ROB to Mihan Interchange design chainage km 8760 to 11450 L- 2.69 km and upgradation of existing 4L PS road to 6LPS with service road by flexible pavement design chainage km 11450 to 14500 L-3.05 [total project length 5.74 km] in section of Nagpur - Hyderabad NH-44 Old NH-7 in Nagpur district in the state of Maharashtra on HAM mode.,Maharashtra,Roads & Highways,Best score 18 < threshold 45,Diversion of Forest land involved under the project of construction of Murud Roha Kolad MSH 05 Distr
1668,618627,Construction of 7 Nos of Standalone safety structures/works at different locations on various NHs,Maharashtra,Roads & Highways,Best score 16 < threshold 45,Diversion of Forest land involved under the project of construction of Murud Roha Kolad MSH 05 Distr
1669,619299,Construction of a 6-Lane Elevated Corridor from Km 593766  to Km 596620 Including Construction of Service Roads in Kagal City  on NH-48 in the State of Maharashtra on EPC Mode. ,Maharashtra,Roads & Highways,Best score 19 < threshold 45,Diversion of Forest land involved under the project of construction of Murud Roha Kolad MSH 05 Distr
1673,619042,"Construction of six lane Flyover at Katraj junction at Km, 3/880 of NH 548-DD   Vadgaon - Katraj - Kondhwa - Mantarwadi Chowk - Loni Kalbhor - Theur Phata - Lonikand Road    in Pune Dist of the State of Maharashtra. On Engineering Procurement and construction   EPC    Basis mode   L.1.326 Km,   ",Maharashtra,Roads & Highways,Best score 16 < threshold 45,Diversion of Forest land involved under the project of construction of Murud Roha Kolad MSH 05 Distr
1675,618155,Development/Widening of Talegaon Chakan Shikrapur Nhavara Section of NH-548D from existing chainage km. 54/000 to 82/300 and Design chainage Km. 54/000 to 82/120 Shikrapur to Nhavara Section to 2LPS/4L Configuration on EPC Mode in the State of Maharashtra.,Maharashtra,Roads & Highways,Best score 19 < threshold 45,Diversion of Forest land involved under the project of construction of Murud Roha Kolad MSH 05 Distr
1676,619210,Dharampuri-Lonand from km. 117.00 to 166.40 Pkg-IV on Mohol-Alandi Section,Maharashtra,Roads & Highways,Best score 23 < threshold 45,Diversion of Forest land involved under the project of construction of Murud Roha Kolad MSH 05 Distr
1677,618555,"Flyover at Km.544.650 including ROB, Service Roads ,Footpath for RCC drains on urban link to Nagpur -Raipur road Pardi octroi Naka to Itwari",Maharashtra,Roads & Highways,Best score 14 < threshold 45,Diversion of Forest land involved under the project of construction of Murud Roha Kolad MSH 05 Distr
1681,617948,Kante - Wakad section of NH-66 4L  PS from Km.281/300 to 332/200,Maharashtra,Roads & Highways,Best score 13 < threshold 45,Diversion of Forest land involved under the project of construction of Murud Roha Kolad MSH 05 Distr
1682,617944,Kashedi ghat tunnel NH-66 [Bhogaon Khurd - Kashedi section] 4 lanes under NHDP on EPC mode,Maharashtra,Roads & Highways,Best score 13 < threshold 45,Diversion of Forest land involved under the project of construction of Murud Roha Kolad MSH 05 Distr
1683,617946,Kashedi to Parshuram Ghat section of NH-66 from Km 161/600 - Km 205/400 - 4L  PS,Maharashtra,Roads & Highways,Best score 14 < threshold 45,Diversion of Forest land involved under the project of construction of Murud Roha Kolad MSH 05 Distr
1684,617965,Kopargaon to Savali Vihir section,Maharashtra,Roads & Highways,Best score 14 < threshold 45,Diversion of Forest land involved under the project of construction of Murud Roha Kolad MSH 05 Distr
1686,618624,Mangloor to Telangana Maharashtra Border,Maharashtra,Roads & Highways,Best score 16 < threshold 45,Diversion of Forest land involved under the project of construction of Murud Roha Kolad MSH 05 Distr
1687,618152,Mhaswad to Tembhurni section of NH-548C - 2L  PS,Maharashtra,Roads & Highways,Best score 13 < threshold 45,Diversion of Forest land involved under the project of construction of Murud Roha Kolad MSH 05 Distr
1688,618088,Nandurshingote to Kolhar,Maharashtra,Roads & Highways,Best score 16 < threshold 45,Diversion of Forest land involved under the project of construction of Murud Roha Kolad MSH 05 Distr
1690,618172,Paithan - Shirur section 2LPS Km 0.0 to 55.00,Maharashtra,Roads & Highways,Best score 30 < threshold 45,Diversion of Forest land involved under the project of construction of Murud Roha Kolad MSH 05 Distr
1691,618177,Pal Phata Phulambri - Khultabad 2LPS,Maharashtra,Roads & Highways,Best score 12 < threshold 45,Diversion of Forest land involved under the project of construction of Murud Roha Kolad MSH 05 Distr
1692,618094,Pen to Khopoli 2LPS,Maharashtra,Roads & Highways,Best score 13 < threshold 45,Diversion of Forest land involved under the project of construction of Murud Roha Kolad MSH 05 Distr
1696,618046,Rehabilitation & Up-gradation of Sabalkhed to Ashti Section from Km 37900 to Km 55100 & Chinchpur to Jamkhed Section from km 70000 to km 72922 of NH-561 to Two lane with Paved shoulder/ Four lane configuration in the State of Maharashtra on EPC Mode Length20.122km.,Maharashtra,Roads & Highways,Best score 22 < threshold 45,Diversion of Forest land involved under the project of construction of Murud Roha Kolad MSH 05 Distr
1697,618154,"Rehabilitation & upgradation of Jamkhed to Sautada Section of NH548 D from km 195.375 to km 208.774, Length  13.399 Km to 2L PS /4L configuration with rigid pavement in the state of Maharashtra on EPC mode.",Maharashtra,Roads & Highways,Best score 23 < threshold 45,Diversion of Forest land involved under the project of construction of Murud Roha Kolad MSH 05 Distr
1702,618150,Rehabilitation and Up-gradation of i. Deogaon phata to Digras phata Ch. 0/000 to 15/000 & Selu to Borgavhan Ch 20/900 to 35/800 [Length 29.9km] ii. Injegaon Dhamoni to Pohner Phata Ch.58/200 to Ch. 83/700 [Length25.5 km] and iii. Pohner phata to Pathri Design Ch. 42/700 to 58/200 [Length 15.5 km] sections of NH-548B to Two lane with paved shoulder configuartion in the state of Maharashtra on EPC mode Total project length  70.9 Km.,Maharashtra,Roads & Highways,Best score 16 < threshold 45,Diversion of Forest land involved under the project of construction of Murud Roha Kolad MSH 05 Distr
1709,617938,Rehabilitation And Upgradation to four lane with paved shoulder configuration from km 24350 to km 61875 Jawale - Borgaon Kale of NH-63 in the State of Maharashtra on EPC mode under Annual Plan 2024-25 Total length - 37.525 Km.,Maharashtra,Roads & Highways,Best score 21 < threshold 45,Diversion of Forest land involved under the project of construction of Murud Roha Kolad MSH 05 Distr
1714,618042,"Rehabilitation/ Upgradation of existing Highway to four lane standards in Kurkheda town from km.413257 to km 410775, Two lane in Shankarpur Gurnuli km 42400 to km 43100 section and Reconstruction of Major Bridge at Ch. 448558 Bhuti Nallah and Ch. 411695 Sati River bridge, Minor Bridge at Ch. 411477 and Ch. 405800 Lendhari Bridge of NH 543 Bhamhapuri-wadsa-kurkheda-korchi-Deori-Amgaon road on EPC mode in the State of Maharashtra",Maharashtra,Roads & Highways,Best score 15 < threshold 45,Diversion of Forest land involved under the project of construction of Murud Roha Kolad MSH 05 Distr
1715,618065,"Rehabilitation/Upgradation of existing Highway to 2LPS/4 lane of Dhawali to Rajoli from Design Km.149476 to 163476 existing Km.150000 to 164000, Pandhasala to Mohadongri from design Km.170476 to 181476 existing Km.171000 to 182000, Ambeshivni Fata to Bodli from design Km.183476 to 185476 existing Km.184000 to 186000 and Made Tukum to Gadchiroli from design Km.188476 to 189476 existing Km.188000 to 18900 having length  28 km of NH-930 of Dhawali to Gadchroli road in the",Maharashtra,Roads & Highways,Best score 12 < threshold 45,Diversion of Forest land involved under the project of construction of Murud Roha Kolad MSH 05 Distr
1718,618153,Satara to Mhaswad,Maharashtra,Roads & Highways,Best score 17 < threshold 45,Diversion of Forest land involved under the project of construction of Murud Roha Kolad MSH 05 Distr
1719,618173,Shirur-Kharda section from 55937 km to 114486 km to 2LPS/4L,Maharashtra,Roads & Highways,Best score 13 < threshold 45,Diversion of Forest land involved under the project of construction of Murud Roha Kolad MSH 05 Distr
1724,618512,Tunnel at Khambataki Ghat Section and its approaches from existing Km. 771.730 to existing Km. 782.000,Maharashtra,Roads & Highways,Best score 14 < threshold 45,Diversion of Forest land involved under the project of construction of Murud Roha Kolad MSH 05 Distr
1725,617937,Udgir Raavi Degloor Aadampur phata to Sagroli fata,Maharashtra,Roads & Highways,Best score 14 < threshold 45,Diversion of Forest land involved under the project of construction of Murud Roha Kolad MSH 05 Distr
1726,618049,Up-gradation to 2/4 lane with paved shoulder configuration of NH-652 from Tuljapur Naldurg-Akkalkot road Chainage from Km. 00.000 to km 30.982 in the State of Maharashtra on EPC mode.,Maharashtra,Roads & Highways,Best score 36 < threshold 45,Diversion of Forest land involved under the project of construction of Murud Roha Kolad MSH 05 Distr
1730,618511,Upgradation & rehabilitation of Service Roads on both sides in urban areas of Pune City on PuneSatara section of NH48,Maharashtra,Roads & Highways,Best score 15 < threshold 45,Diversion of Forest land involved under the project of construction of Murud Roha Kolad MSH 05 Distr
1734,618468,Vadodara Mumbai Expressway Phase II - Pkg XI [Km. 77.000 to Km. 103.400] Ganjad - Talsari,Maharashtra,Roads & Highways,Best score 26 < threshold 45,Diversion of Forest land involved under the project of construction of Murud Roha Kolad MSH 05 Distr
1735,619198,Vadodara Mumbai Expressway Phase II - Pkg XII [Km. 50.700 to Km. 77.000] Masvan - Ganjad,Maharashtra,Roads & Highways,Best score 26 < threshold 45,Diversion of Forest land involved under the project of construction of Murud Roha Kolad MSH 05 Distr
1736,618469,Vadodara Mumbai Expressway Phase II - Pkg XIII [Km. 26.582 to Km. 50.700] Shirsad - Masvan,Maharashtra,Roads & Highways,Best score 26 < threshold 45,Diversion of Forest land involved under the project of construction of Murud Roha Kolad MSH 05 Distr
1737,618470,Vadodara Mumbai Expressway Phase II - Pkg XIV [Km. 3.000 to Km. 20.200 of Spur] Shirsad - Akloli,Maharashtra,Roads & Highways,Best score 23 < threshold 45,Diversion of Forest land involved under the project of construction of Murud Roha Kolad MSH 05 Distr
1738,618471,Vadodara Mumbai Expressway Phase II - Pkg XV [Km. 20.200 to Km. 43.000 of Spur] Akloli - Amne,Maharashtra,Roads & Highways,Best score 34 < threshold 45,Diversion of Forest land involved under the project of construction of Murud Roha Kolad MSH 05 Distr
1739,618472,Vadodara Mumbai Expressway Phase II - Pkg XVI [Km. 43.000 to Km. 69.800 of Spur] Amne - Bhoj,Maharashtra,Roads & Highways,Best score 24 < threshold 45,Diversion of Forest land involved under the project of construction of Murud Roha Kolad MSH 05 Distr
1740,618473,Vadodara Mumbai Expressway Phase II - Pkg XVII [Km. 69.800 to Km. 79.783 of Spur] Bhoj - Morbe,Maharashtra,Roads & Highways,Best score 25 < threshold 45,Diversion of Forest land involved under the project of construction of Murud Roha Kolad MSH 05 Distr
1742,618047,"Widening, Reconstruction & Up-gradation to 2 lane with Paved Shoulder/Four Lane configuration for the work of Ahmednagar to Sabalkhed & Ashti to Chinchpur Section of NH-561 from Design km 2915 to km 37728 & Design km 55100 to km 70000 in the State of Maharashtra on EPC mode. Length  49.713 km",Maharashtra,Roads & Highways,Best score 21 < threshold 45,Diversion of Forest land involved under the project of construction of Murud Roha Kolad MSH 05 Distr
1743,618138,"Widening, Reconstruction & Up-gradation to 2 lane with Paved Shoulder/Four Lane configuration for the work of Sautada to Shirapur Section of NH-561 from Design km 86300 to km 125589 in the state of Maharashtra on EPC mode. Design length  39.289 km",Maharashtra,Roads & Highways,Best score 22 < threshold 45,Diversion of Forest land involved under the project of construction of Murud Roha Kolad MSH 05 Distr
1746,618356,Construction of 2 -Lane with paved shoulders road from Tamenglong to Mahur in the state of Manipur  from km 31.430 at Old Tamenglong to km 43.480 ending near Phelong on EPC Mode Package-3,Manipur,Roads & Highways,Best score 34 < threshold 45,Forest Proposal for widening / improvement of existing road chakpikarong - sajik -  Aiqejang (0 to 1
1747,618357,Construction of 2 -Lane with paved shoulders road from Tamenglong to Mahur NH-137 in Manipur starting from km 54.180 near Azuram to km 80.630 near Mandeu on EPC Mode Package 5,Manipur,Roads & Highways,Best score 35 < threshold 45,Forest Proposal for widening / improvement of existing road chakpikarong - sajik -  Aiqejang (0 to 1
1748,618358,Construction of 2 -Lane with paved shoulders road from Tamenglong to Mahur NH-137 starting from km 80.630 near Mandeu to km 96.870 near Jiri River on EPC Mode Package-6,Manipur,Roads & Highways,Best score 33 < threshold 45,Forest Proposal for widening / improvement of existing road chakpikarong - sajik -  Aiqejang (0 to 1
1752,618355,"Construction of of 2 -Lane with paved shoulders road from Tamenglong-Tousem-Lisang-Mahur Road NH-137 starting near Dialong Village from km 10.000 at Dialong to km 31.430 near Old Tamenglong , near Barak River on EPC Mode Package-2",Manipur,Roads & Highways,Best score 27 < threshold 45,Forest Proposal for widening / improvement of existing road chakpikarong - sajik -  Aiqejang (0 to 1
1762,618345,Widening to 2-lane with Hard shoulder of Churachandpur to Tuivai Section from Km 48.587 to Km 69.875 in the State of Manipur on EPC mode under NHO Package-2B,Manipur,Roads & Highways,Best score 32 < threshold 45,Forest Proposal for widening / improvement of existing road chakpikarong - sajik -  Aiqejang (0 to 1
1770,618304,"Widening/Improvement to 2 Lane with earthen shoulder of Jessami to Laynen bridge Nagaland border section of NH-29 of Imphal -Ukhrul - Jessami Economic Corridor from km 0.000 to km 11.009 in the State of Manipur on EPC mode under Bharatmala Pariyojana, under NHO-NE Package-7",Manipur,Roads & Highways,Best score 38 < threshold 45,Forest Proposal for widening / improvement of existing road chakpikarong - sajik -  Aiqejang (0 to 1
1777,618294,Improvement and Widening of National Highway No. 127B Darugiri - Songsak - Williamnagar Junction Section to two lane with paved shoulder from design Km 0000 to Km 36635 Design length 36.635 Km existing Km 112000 to Km 151060 of NH-1278 under Bharatmala Pariyojana Lot-1 Pkg-1B Meghalaya portion,Meghalaya,Roads & Highways,Best score 16 < threshold 45,Greater Shillong Water Supply Project (Phase III)
1778,618076,Improvement and Widening two lannig with paved Shoulder of NH 127B from km 31.500 Goeragre to km 63.224 Package-II in state of Meghalaya,Meghalaya,Roads & Highways,Best score 14 < threshold 45,Greater Shillong Water Supply Project (Phase III)
1779,618295,Improvement/Widening of New NH-217 Dainadubi-Darugiri section to Two lane with paved shoulder in Meghalaya from design Km 0000 to Km 40840 existing Km 8600 to Km 53000 of Old NH-62 under BMP Lot-1 Pkg-1B Meghalaya portion,Meghalaya,Roads & Highways,Best score 15 < threshold 45,Greater Shillong Water Supply Project (Phase III)
1782,618376,Improvement/Widening to 2-Lane with Paved Shoulder between Shillong-Dawki road up to Bangladesh Border from design Km 10.670 to Km 37.550 under JICA ODA Loan assistance Phase-II -Balance Work-Pkg-2,Meghalaya,Roads & Highways,Best score 16 < threshold 45,Greater Shillong Water Supply Project (Phase III)
1783,618375,Improvement/Widening to 2-Lane with Paved Shoulder from design Km 45.760 to Km 63.530 between Shillong-Dawki under JICA ODA Loan assistance Phase-II -Balance work Pkg-4,Meghalaya,Roads & Highways,Best score 22 < threshold 45,Greater Shillong Water Supply Project (Phase III)
1784,618418,Rehabilitation and up gradation of Nongstoin-Rambrai-Kyrshai road up to Meghalaya-Assam border from Km 0.335 to km 34.039 to 2-Lane under NHO - NE in the State of Meghalaya  Package-1,Meghalaya,Roads & Highways,Best score 14 < threshold 45,Greater Shillong Water Supply Project (Phase III)
1785,617885,Rehabilitation and Up-gradation of Nongstoin  Wahkaji section of Project Road Km 0000 to Km 43060 to Intermediate Lane with earthern shoulder under SARDP-NE Phase-A in the State of Meghalaya on EPC mode.   Job No- SARDP-NE  ong-Don-Maw/MG/2020-21/294   ,Meghalaya,Roads & Highways,Best score 14 < threshold 45,Greater Shillong Water Supply Project (Phase III)
1786,618452,"2-laning of Zorinpui - Longmasu section of NH-502A from km 0.000 to km 28.244 in the State of Mizoram on EPC mode under NHO-NE, stretch of IMBR",Mizoram,Roads & Highways,Best score 20 < threshold 45,Construction of 2-laning with hard shoulder configuration of NH 302 and NH54 (A) from Lunglei-Tlabun
1787,618316,4-Laning  of Vairengte - Chhimluang section Package-3 of NH-306 from Existing Chainage km 43000 to Km 59700 Design Chainage km 46000 to km 60850 on Silchar - Vairengte- Sairang road in the State of Mizoram under Bharatmala Pariyojna under NHO-NE. Package-1&2 in Assam state,Mizoram,Roads & Highways,Best score 18 < threshold 45,Construction of 2-laning with hard shoulder configuration of NH 302 and NH54 (A) from Lunglei-Tlabun
1791,619321,Balance work of widening to two laning/re-alignment and geometric improvement from Km. 11000 to Km. 114618 with rectification of damaged stretches and provision of protection works in vulnerable location of NH-44 in the State of Mizoram.,Mizoram,Roads & Highways,Best score 23 < threshold 45,Construction of 2-laning with hard shoulder configuration of NH 302 and NH54 (A) from Lunglei-Tlabun
1798,618343,"Rehabilitation and Up gradation to 2-lane with paved shoulder of Keifang Section Economic Corridor of NH-06 from Existing Chainage Km 30050 Keifang to Km 50360 Keifang, Design Chainage Km 27400 to Km 45040  PkgIII  in the State of Mizoram under Bharatmala Pariyojna on EPC Mode Seling-Dulte - III",Mizoram,Roads & Highways,Best score 25 < threshold 45,Construction of 2-laning with hard shoulder configuration of NH 302 and NH54 (A) from Lunglei-Tlabun
1801,618341,Up-gradation to 2-lane with paved shoulders of Ngopa - Pawlrang section of NH 102B of Aizawl - Imphal Economic Corridor from Existing Chainage km 32.796 to km 72.030 [Design Chainage km 31.280 to km 68.170] in the State of Mizoram under Bharatmala Pariyojna on EPC mode under NHO-NE Package-2  Keifang- Tuivai Pkg-2,Mizoram,Roads & Highways,Best score 20 < threshold 45,Construction of 2-laning with hard shoulder configuration of NH 302 and NH54 (A) from Lunglei-Tlabun
1805,618381,Widening and up-gradation to 2-lane with paved shoulder configuration and geometric improvements from km 250.00 Lunglei to km 298.00 on Aizawl-Tuipang section under JICA ODA Loan assistance Phase-I Package-6,Mizoram,Roads & Highways,Best score 18 < threshold 45,Construction of 2-laning with hard shoulder configuration of NH 302 and NH54 (A) from Lunglei-Tlabun
1806,618382,Widening and up-gradation to 2-lane with paved shoulder configuration and geometric improvements from km 298.00 to km 339.00 on Aizawl-Tuipang section under JICA ODA Loan assistance Phase-I Package-7,Mizoram,Roads & Highways,Best score 20 < threshold 45,Construction of 2-laning with hard shoulder configuration of NH 302 and NH54 (A) from Lunglei-Tlabun
1807,618383,Widening and up-gradation to 2-lane with paved shoulder configuration and geometric improvements from km 339.00 to km 380.00 Siaha on Aizawl-Tuipang section under JICA ODA Loan assistance Phase-I Package-8,Mizoram,Roads & Highways,Best score 20 < threshold 45,Construction of 2-laning with hard shoulder configuration of NH 302 and NH54 (A) from Lunglei-Tlabun
1809,619158,4 Laning of Duburi Chandikhole from km 388.376 to km 428.074 Pkg-III,Odisha,Roads & Highways,Best score 12 < threshold 45,Construction of access road from Jafarabad to Dagara for Subarnarekha Port.
1813,618704,6L Flyover including RE Wall approaches with Flexible Pavement in the Elephant Corridor of Angul  Sambalpur Section of NH-42 New NH-55 Km.202.533,Odisha,Roads & Highways,Best score 12 < threshold 45,Construction of access road from Jafarabad to Dagara for Subarnarekha Port.
1814,618680,6L Greenfield  Kandili - Aluru Section of NH-130-CD Road from km 342500 to km 365033 Package-OD-8,Odisha,Roads & Highways,Best score 14 < threshold 45,Construction of access road from Jafarabad to Dagara for Subarnarekha Port.
1815,618678,6L Greenfield Baunsaguar - Baraja Section of NH-130-CD Road from km 293000 to km 338500 Package  OD-6,Odisha,Roads & Highways,Best score 13 < threshold 45,Construction of access road from Jafarabad to Dagara for Subarnarekha Port.
1816,618677,6L Greenfield Kaliagura   Baunsaguar Section of NH-130-CD Road from km 249000 to km 293000 Package  OD-5,Odisha,Roads & Highways,Best score 14 < threshold 45,Construction of access road from Jafarabad to Dagara for Subarnarekha Port.
1817,619109,6L of Badakumari - Karki Section from Km 179.000 to km 226.500 of NH-130-CD Package  OD-3,Odisha,Roads & Highways,Best score 13 < threshold 45,Construction of access road from Jafarabad to Dagara for Subarnarekha Port.
1818,619075,6L of Bhubaneswar - Jagatpur - Chandikhole Section of NH-16,Odisha,Roads & Highways,Best score 12 < threshold 45,Construction of access road from Jafarabad to Dagara for Subarnarekha Port.
1819,619213,6L of Hatibena - Badakumari Section from Km 146.50 to km 179.00 of NH-130-CD Package  OD-2,Odisha,Roads & Highways,Best score 13 < threshold 45,Construction of access road from Jafarabad to Dagara for Subarnarekha Port.
1820,618592,"Balance work of 8 nos. of Elephant Underpasses EUPs, 1 no. of Vehicular Underpass VUP, 1 nos. of Light Vehicular Underpass LVUP, 1 nos. of Pedestrian Underpass PUP, 1 nos. of Foot Over Bridge FOB and A2 side approach of Jharpokharia Flyover at Km.215.270 in Baharagora-Singhara section of NH-49",Odisha,Roads & Highways,Best score 13 < threshold 45,Construction of access road from Jafarabad to Dagara for Subarnarekha Port.
1821,618819,Balance work of Panikoili Rimoli Section of new NH-20 from Km 0.00 to Km. 163.000,Odisha,Roads & Highways,Best score 14 < threshold 45,Construction of access road from Jafarabad to Dagara for Subarnarekha Port.
1822,618593,Balance work of Rehabilitation and Upgradation to four laning of Baharagora  Singhara section of NH-49 from Km.229.727 to Km.238.990 Length  9.263 Km. including construction of five nos. of Elephant Underpasses EUP and fourteen nos. of Animal Underpasses AUP inside the buffer zone of Similipal Tiger Reserve Area in Bangriposi Ghat section in the State of Odisha on EPC Mode,Odisha,Roads & Highways,Best score 41 < threshold 45,Construction of access road from Jafarabad to Dagara for Subarnarekha Port.
1823,618523,Bhadrak KM 136.500 to Baleshwar KM 199.141,Odisha,Roads & Highways,Best score 10 < threshold 45,Construction of access road from Jafarabad to Dagara for Subarnarekha Port.
1824,617923,Construction of  Daspalla Bypass from km 195.250 To 200.635 of NH-57 including land acquisition in the state of Odisha on EPC mode under Annual Plan 2022-23.,Odisha,Roads & Highways,Best score 17 < threshold 45,Construction of access road from Jafarabad to Dagara for Subarnarekha Port.
1825,617905,Construction of 4 lane ROB with approaches in lieu of LC No. RV-172 at km 176.00 of NH-201 present NH-26 at Kesinga including land acquisition in the state of Odisha on EPC mode under Annual Plan 2021-22,Odisha,Roads & Highways,Best score 17 < threshold 45,Construction of access road from Jafarabad to Dagara for Subarnarekha Port.
1828,617904,Construction of Bypass road to Balangir town from km 72/400 Desing km 0/0 to km 79/800 Design km 11/670 of NH-26 in the State of Odisha.,Odisha,Roads & Highways,Best score 19 < threshold 45,Construction of access road from Jafarabad to Dagara for Subarnarekha Port.
1829,617925,Construction of Bypass to Khordha town from Km 294/000 to 300/300 on NH-57 including LA in the State of Odisha on EPC mode.,Odisha,Roads & Highways,Best score 21 < threshold 45,Construction of access road from Jafarabad to Dagara for Subarnarekha Port.
1830,617924,Construction of bypass to Nayagarh town from km 235.469 to 252.482 of NH-57 including land acquisition in the state of Odisha.,Odisha,Roads & Highways,Best score 22 < threshold 45,Construction of access road from Jafarabad to Dagara for Subarnarekha Port.
1831,618079,Construction of Dharmagarh Bypass on NH-130C including land acquisition in the state of Odisha on EPC Mode under Annual plan 2022-23.,Odisha,Roads & Highways,Best score 17 < threshold 45,Construction of access road from Jafarabad to Dagara for Subarnarekha Port.
1832,618003,Construction of four lane ROB and its approaches in lieu of existing Level Crossing No. RV-71 at km 435 on NH-217 New NH-353 at Khariar including land acquisition under NHO in Annual Plan 2021-22 for the state of Odisha for F.Y. 2021-22 to F.Y 2033-34,Odisha,Roads & Highways,Best score 15 < threshold 45,Construction of access road from Jafarabad to Dagara for Subarnarekha Port.
1833,617922,Construction of Jharsuguda Bypass including Land acqusition on NH-49 from km 258.636 to km 283.300 design chainage 258.636 to km 289.876 under NHO in Annual Plan 2022-23 for the state of Odisha Job No.NH-49-OD-2022-23-655,Odisha,Roads & Highways,Best score 15 < threshold 45,Construction of access road from Jafarabad to Dagara for Subarnarekha Port.
1834,617902,construction or By-pass road on NH-26 for Nabrangpur Town,Odisha,Roads & Highways,Best score 16 < threshold 45,Construction of access road from Jafarabad to Dagara for Subarnarekha Port.
1835,619119,Cuttack-Angul Section of NH-42 New NH-55 from km 0.400 to km 60.200 Pkg-I in the State of Odisha,Odisha,Roads & Highways,Best score 20 < threshold 45,Construction of access road from Jafarabad to Dagara for Subarnarekha Port.
1836,619215,Cuttack-Angul Section of NH-42 New NH-55 from Km.60.200 to Km. 112.000 Pkg-II in the State of Odisha,Odisha,Roads & Highways,Best score 20 < threshold 45,Construction of access road from Jafarabad to Dagara for Subarnarekha Port.
1837,619118,Four Laning of Angul to Sambalpur from Km.112.000 to Km.265.000,Odisha,Roads & Highways,Best score 12 < threshold 45,Construction of access road from Jafarabad to Dagara for Subarnarekha Port.
1838,617898,New construction of Major Bridge with Approaches from Km 0.000 to 1.200 Madhopur -Badabanta section of NH-20 under NHO in Annual Plan 2022-23 in the State of Odisha,Odisha,Roads & Highways,Best score 16 < threshold 45,Construction of access road from Jafarabad to Dagara for Subarnarekha Port.
1843,618012,"Widening & strengthenlng to 2LPS from km 0,000 to 40.000 Dhaugaon- Podamari section of NH 326 in the State of Odisha under Annual Plan 2021.22.",Odisha,Roads & Highways,Best score 20 < threshold 45,Construction of access road from Jafarabad to Dagara for Subarnarekha Port.
1844,617920,Widening and Strengthening to 2LPS including LA from km 318.970 to 353.450 Balikuda-Mulkani Section of NH-55 under NHO in Annual Plan 2022-23 in the State of Odisha. Job No. NH-55-OD-2022-23-656,Odisha,Roads & Highways,Best score 19 < threshold 45,Construction of access road from Jafarabad to Dagara for Subarnarekha Port.
1845,617921,Widening and strengthening to 2LPS including LA of Kandarpur-Balikuda from km 277/500 to 318/970 of NH-55 in the State of Odisha under Annual Plan 2021-22.,Odisha,Roads & Highways,Best score 20 < threshold 45,Construction of access road from Jafarabad to Dagara for Subarnarekha Port.
1846,617899,Widening and Strengthening to 4LPS/2LPS from km 0.000 to 35.800 Kuakhia - Mangalpur section of NH 20 in the state of Odisha on Annual Plan 2021-22,Odisha,Roads & Highways,Best score 23 < threshold 45,Construction of access road from Jafarabad to Dagara for Subarnarekha Port.
1847,618122,Widening to 2 lane with paved shoulded of Jareikela Jharkhand/Odisha Border - Dhabaleswar section from 0/0 to 36/0 of NH-320D in the State of Odisha under Annual Plan 2021-22.,Odisha,Roads & Highways,Best score 19 < threshold 45,Construction of access road from Jafarabad to Dagara for Subarnarekha Port.
1848,618845,Puducherry Km.29.000 to Poondiyankuppam Km.67.000,Puducherry,Roads & Highways,No FC proposals found for state+category,
1849,618847,Sattanathapuram to Nagapattinam from Km 123.800 to Km 179.555,Puducherry,Roads & Highways,No FC proposals found for state+category,
1850,618844,Viluppuram Km.0.000 to Puducherry Km.29.000,Puducherry,Roads & Highways,No FC proposals found for state+category,
1851,619318,4/6L Greenfield Ludhiana Rupnagar highway from Jn. with NE-5 village near to ManewalLudhiana to Jn. with NH-205 near Bheora Village Rupnagar from Km. 0.00 to Km. 37.7 including spur to Kharar with Ludhiana bypass of NH-205K Pkg-1,Punjab,Roads & Highways,Best score 28 < threshold 45,Development of 6 Lane Access Controlled Greenfield Highway of Shamli - Ambala Sec. from Km Ch. 0+000
1852,618785,4/6L Greenfield LudhianaRupnagar highway from Jn. with NE-5 village near to ManewalLudhiana to Jn. with NH-205 near Bheora Village Rupnagar from Km 66.0 to Km 91.0 i/c spur to Kharar from Km 0.0 to Km 19.5 with Ludhiana bypass of NH-205K Pkg-3,Punjab,Roads & Highways,Best score 14 < threshold 45,Development of 6 Lane Access Controlled Greenfield Highway of Shamli - Ambala Sec. from Km Ch. 0+000
1857,618776,4L of Greenfield section from  Sirhind to Mohali,Punjab,Roads & Highways,Best score 28 < threshold 45,Development of 6 Lane Access Controlled Greenfield Highway of Shamli - Ambala Sec. from Km Ch. 0+000
1858,618786,4L of Phagwara - Hoshiarpur,Punjab,Roads & Highways,Best score 12 < threshold 45,Development of 6 Lane Access Controlled Greenfield Highway of Shamli - Ambala Sec. from Km Ch. 0+000
1864,618789,6L of IT City Chowk to Kurali Chandigarh Road,Punjab,Roads & Highways,Best score 16 < threshold 45,Development of 6 Lane Access Controlled Greenfield Highway of Shamli - Ambala Sec. from Km Ch. 0+000
1866,618795,Amritsar Bypass Pkg III from km. 71.496 to km. 105.158,Punjab,Roads & Highways,Best score 16 < threshold 45,Development of 6 Lane Access Controlled Greenfield Highway of Shamli - Ambala Sec. from Km Ch. 0+000
1867,618794,Amritsarairport Junction - Ramdas from km. 100.835 to km. 139.813 Pkg - IV,Punjab,Roads & Highways,Best score 14 < threshold 45,Development of 6 Lane Access Controlled Greenfield Highway of Shamli - Ambala Sec. from Km Ch. 0+000
1869,618487,Delhi-Amritsar-Katra Expressway Phase-I Pkg-VII from Junction with Patiala-Bathinda road NH-7 near Bhawanigarh to Junction with Ludhiana-Malerhkotla SH-11 near Bhogiwal village Km 188830 to km 225770,Punjab,Roads & Highways,Best score 19 < threshold 45,Development of 6 Lane Access Controlled Greenfield Highway of Shamli - Ambala Sec. from Km Ch. 0+000
1870,618488,Delhi-Amritsar-Katra Expressway Phase-I Pkg-VIII from Junction with Ludhiana-Malerkotla SH-11 near Bhogiwal village to Junction with Ludhiana-Moga road NH-5 near Mullanpur Dakha Km 225770 to km 260860,Punjab,Roads & Highways,Best score 18 < threshold 45,Development of 6 Lane Access Controlled Greenfield Highway of Shamli - Ambala Sec. from Km Ch. 0+000
1880,618764,Moga - Bagha Purana - Bajakhana from km. 0.00 to km. 43.32,Punjab,Roads & Highways,Best score 27 < threshold 45,Development of 6 Lane Access Controlled Greenfield Highway of Shamli - Ambala Sec. from Km Ch. 0+000
1883,619063,4L Greenfield spur from Delhi-Vadodara Greenfield expressway near Bandikui to Jaipur,Rajasthan,Roads & Highways,Best score 16 < threshold 45,Paraniya to Chattarganj road
1885,618755,4L of left out existing road section from Lalgopalganj Km 161.450 to Nawabganj Km 180.200 in Prayagraj,Rajasthan,Roads & Highways,Best score 15 < threshold 45,Paraniya to Chattarganj road
1886,618757,6L access controlled Highway from Km 40080 to Km 86513 Mator to Barodameo Section,Rajasthan,Roads & Highways,Best score 14 < threshold 45,Paraniya to Chattarganj road
1887,618758,6L accesscontrolled highway from km 0000 to km 40080 Paniyala to Mator Section of Paniyala-Barodameo ICR ,Rajasthan,Roads & Highways,Best score 15 < threshold 45,Paraniya to Chattarganj road
1888,618235,Balance work of Rehabilitation and Up-gradation to 4-Lane configuration of Ras-Beawar Section Km 00.000 to km 30.050 of NH-158 in the State of Rajasthan under Green National Highway Corridor Project GNHCP.,Rajasthan,Roads & Highways,Best score 24 < threshold 45,Paraniya to Chattarganj road
1889,617887,Beawer Gomti 4LPS from km 58.245 to km 108.600 Pkg-I,Rajasthan,Roads & Highways,Best score 11 < threshold 45,Paraniya to Chattarganj road
1890,618200,Construction of 2 lane with Paved Shoulder for Northern Bypass Phase-II of Kota city in the State of Rajasthan.,Rajasthan,Roads & Highways,Best score 19 < threshold 45,Paraniya to Chattarganj road
1891,618011,Construction of 2 lane with paved shoulder for the work of Development of remaining sections of NH-325 Balotra to sanderao via Jalore to 2 lane with paved shoulder configuration by Construction of Byasses for town portions1 Asotra- Brahmdham bypass 2Siwana Bypass 3 Mokalsar Bypass 4 Major realignment at Kathadi 5 Major realignment at Bishangarh 6 Jalore Bypass 7 Ahore Town portion 8 Dujana Bypass in the state of Rajasthan on EPC Mode,Rajasthan,Roads & Highways,Best score 13 < threshold 45,Paraniya to Chattarganj road
1892,619271,Construction of Elevated Corridor at Kherwara Town on Udaipur Ratanpur Shamlaji Section of NH-48 in Udaipur District in the State of Rajasthan on EPC mode,Rajasthan,Roads & Highways,Best score 17 < threshold 45,Paraniya to Chattarganj road
1895,619251,Construction of two lane with paved shoulder of Ghatol Bypass from km 133.250 to km 140.950 of NH-56 old NH No. 113 on EPC mode in the State of Rajasthan.,Rajasthan,Roads & Highways,Best score 19 < threshold 45,Paraniya to Chattarganj road
1899,618612,Deogarh near Dhandhaniya-Rajasthan/Gujarat Border Phase-I AJ/DRGB-Package-6,Rajasthan,Roads & Highways,Best score 13 < threshold 45,Paraniya to Chattarganj road
1900,618613,Deogarh near Dhandhaniya-Rajasthan/Gujarat Border Phase-I AJ/DRGB-Package-7,Rajasthan,Roads & Highways,Best score 13 < threshold 45,Paraniya to Chattarganj road
1902,618611,Sangariya near Chautala-Rasisar near Bikaner section of NH-754K Phase-I AJ/SR-Package-7,Rajasthan,Roads & Highways,Best score 15 < threshold 45,Paraniya to Chattarganj road
1904,618093,Up-gradation to 2 lane with Paved shoulder from Charbhuja at Design km 0.00 existing km 150.00 to Neechli Oden Nathdwara at Design ch. Km 88.800 existing km 55.950 of NH-162E on EPC mode.,Rajasthan,Roads & Highways,Best score 14 < threshold 45,Paraniya to Chattarganj road
1905,618092,Up-gradation to 2 lane with paved shoulder from Neechli Oden Nathdwara at Design Km 88.800 existing km 55.95 to Bhatewar at Design Km 142.028 existing km 0.00 of NH-162E in the State of Rajasthan on EPC mode.,Rajasthan,Roads & Highways,Best score 19 < threshold 45,Paraniya to Chattarganj road
1906,619270,"Upgradation of 6 laned Jaipur- Kishangarh section of NH-48 from km 274100 to 363885 involving construction of flyovers and Service road in Rajasthan On Engineering, Procurement & Construction EPC Mode",Rajasthan,Roads & Highways,Best score 17 < threshold 45,Paraniya to Chattarganj road
1910,618069,Upgradation to Two-lane with paved shoulder of Hanumangarh to Kenchiyan section from Km 0.000existing chainage-Km 23.200 to Km 49.605existing chainage-Km 74.645 of NH-54 in the State of Rajasthan on EPC mode.,Rajasthan,Roads & Highways,Best score 21 < threshold 45,Paraniya to Chattarganj road
1911,617901,Widening of Pachpadra-Bagundi Section to 4 Lane from Km 73/60 to 95/70 of  NH-25 on EPC mode in the state of Rajasthan.,Rajasthan,Roads & Highways,Best score 19 < threshold 45,Paraniya to Chattarganj road
1916,618071,Construction of two lane with paved shoulder Gangtok Bypass Road from Ranipool to Burtuk Ch 0.00 Km to 23.316 L23.316 Km in the State of Sikkim,Sikkim,Roads & Highways,Best score 18 < threshold 45,Diversion of 1.1384 Ha Forest Land for Construction of road from Nayabazar Soreng to Gelling Dara to
1919,618450,Rehabilitation & Upgradation of existing road to 2-lane with paved shoulder including geometric improvement of section from start of Rabangla km33.600 to km58.840 under SARDP-NE Phase A  Pkg- IV,Sikkim,Roads & Highways,Best score 16 < threshold 45,Diversion of 1.1384 Ha Forest Land for Construction of road from Nayabazar Soreng to Gelling Dara to
1920,619156,4 Laning of Paramakudi to Ramanathapuram Section of NH-87 Old NH-49,Tamil Nadu,Roads & Highways,Best score 20 < threshold 45,Formation of Cement Conrete road from Nduhatty  Kallhaty road of  Naduhatty  Panchayat
1921,618481,4L Bangalore-Chennai Expressway from Km. 230.000 to Km. 261.705 of Kanchepuram to Sriperumbudur Section Phase-III/Package-IV,Tamil Nadu,Roads & Highways,Best score 12 < threshold 45,Formation of Cement Conrete road from Nduhatty  Kallhaty road of  Naduhatty  Panchayat
1922,618608,4L of left-over works including additional structures from Kerala/Tamil Nadu border to Kanyakumari Section from Km 43.0 to Km 96.174 of NH66 ,Tamil Nadu,Roads & Highways,Best score 13 < threshold 45,Formation of Cement Conrete road from Nduhatty  Kallhaty road of  Naduhatty  Panchayat
1924,618563,4L of Madurai Ring Road Phase 1 [Vadipatti-Thamrapatti] from km 0.00 - km 29.960,Tamil Nadu,Roads & Highways,Best score 19 < threshold 45,Formation of Cement Conrete road from Nduhatty  Kallhaty road of  Naduhatty  Panchayat
1927,618744,4L of Thirumangalam to Vadugapatti section from km 0.000 to km 36.000 of NH-744,Tamil Nadu,Roads & Highways,Best score 13 < threshold 45,Formation of Cement Conrete road from Nduhatty  Kallhaty road of  Naduhatty  Panchayat
1928,618745,4L of Vadugapatti to Therkuvenganallur Rajapalyam section from km 36.000 to km 71.600 of NH-744,Tamil Nadu,Roads & Highways,Best score 14 < threshold 45,Formation of Cement Conrete road from Nduhatty  Kallhaty road of  Naduhatty  Panchayat
1929,619074,6-laning of Krishnagiri Km.0.000 to Walajahpet Km.148.300 section on NH-46 under NHDP-V,Tamil Nadu,Roads & Highways,Best score 13 < threshold 45,Formation of Cement Conrete road from Nduhatty  Kallhaty road of  Naduhatty  Panchayat
1933,618522,Balance Works for six laning of Sriperumbudur to karaipettai section of NH-4 New NH-48 from 37000 Existing Km 37000 to Km 71015 Existing Km 71000 in Tamilnadu on EPC mode underNHDP Phase-V,Tamil Nadu,Roads & Highways,Best score 16 < threshold 45,Formation of Cement Conrete road from Nduhatty  Kallhaty road of  Naduhatty  Panchayat
1934,619222,"Balance works of four lane from km 43.950 Thiruvallur Bypass to km 61.470 Veppampattu Bypass passing through Thannerkulam, Thozur and Sevapet Bypass 17.520 kms of Tirupathi- Tiruttani- Chennai section of NH 205",Tamil Nadu,Roads & Highways,Best score 13 < threshold 45,Formation of Cement Conrete road from Nduhatty  Kallhaty road of  Naduhatty  Panchayat
1935,618478,Bangalore Chennai Expressway Phase-III  Package II Walajahpet to Arakkonam from Km 180.000 to Km 204.500,Tamil Nadu,Roads & Highways,Best score 12 < threshold 45,Formation of Cement Conrete road from Nduhatty  Kallhaty road of  Naduhatty  Panchayat
1936,618479,Bangalore Chennai Expressway Phase-III  Package III Arakkonam to Kancheepuram from Km 204.500 to Km 230.000,Tamil Nadu,Roads & Highways,Best score 12 < threshold 45,Formation of Cement Conrete road from Nduhatty  Kallhaty road of  Naduhatty  Panchayat
1937,619086,Chengapalli km 102.035 to Neelambur Km144.680 and Madukkarai Km 170.880 to Walayar K183.010 Package No. NS-2/BOT/TN-08,Tamil Nadu,Roads & Highways,Best score 13 < threshold 45,Formation of Cement Conrete road from Nduhatty  Kallhaty road of  Naduhatty  Panchayat
1938,617962,"Construction of Bypass to Madurai  Achambathu  Viratipathu in between km 6/850  10/382 of NH 49 Extn New NH 85 including Land Acquisition on Engineering, Procurement & Construction EPC basis Contract under NH O Annual Plan 2021-22 in the state of Tamil Nadu job No.NH-49 Extn New NH 85 - TN-2021-22-997",Tamil Nadu,Roads & Highways,Best score 12 < threshold 45,Formation of Cement Conrete road from Nduhatty  Kallhaty road of  Naduhatty  Panchayat
1939,618801,Construction of New Double Tier 4-lane Elevated Corridor from Chennai Port to Maduravoyal in Chennai District from Km -0342 to Km 20223 Package 1 from Km -0342 to Km 4604,Tamil Nadu,Roads & Highways,Best score 14 < threshold 45,Formation of Cement Conrete road from Nduhatty  Kallhaty road of  Naduhatty  Panchayat
1940,618800,Construction of New Double Tier 4L Elevated Corridor from Chennai Port to Maduravoyal in Chennai District from km -0.342 to Km 20.593 and Package II from Km 4.604 to Km 9.700,Tamil Nadu,Roads & Highways,Best score 13 < threshold 45,Formation of Cement Conrete road from Nduhatty  Kallhaty road of  Naduhatty  Panchayat
1941,619139,Construction of New Double Tier 4L Elevated Corridor from Chennai Port to Maduravoyal in Chennai District from km -0.342 to Km 20.593 and Package III from Km 9.700 to Km 14.185,Tamil Nadu,Roads & Highways,Best score 13 < threshold 45,Formation of Cement Conrete road from Nduhatty  Kallhaty road of  Naduhatty  Panchayat
1942,619045,Construction of New Double Tier 4L Elevated Corridor from Chennai Port to Maduravoyal in Chennai District from km -0.342 to Km 20.593 and Package IV from Km 14.185 to Km 20.593,Tamil Nadu,Roads & Highways,Best score 13 < threshold 45,Formation of Cement Conrete road from Nduhatty  Kallhaty road of  Naduhatty  Panchayat
1943,618480,Construction of Trumpet Interchange Connecting Bangalore  Chennai Expressway km.261705 to km. 262800 with Maduravoyal to Walajapet Section of NH 48 near Sriperumbudur Toll Plaza at km. 35700,Tamil Nadu,Roads & Highways,Best score 13 < threshold 45,Formation of Cement Conrete road from Nduhatty  Kallhaty road of  Naduhatty  Panchayat
1944,618562,Dindigul Bypass - Samyanallore from km. 373.275 to km. 426.00,Tamil Nadu,Roads & Highways,Best score 13 < threshold 45,Formation of Cement Conrete road from Nduhatty  Kallhaty road of  Naduhatty  Panchayat
1947,618561,Improving the Alignment of Thoppur Ghat Section from Km 158.500 to Km 165.100 in Dharmapuri - Salem Section of NH-44,Tamil Nadu,Roads & Highways,Best score 15 < threshold 45,Formation of Cement Conrete road from Nduhatty  Kallhaty road of  Naduhatty  Panchayat
1948,618899,Kallagam km.38.700 to Meensurutti Km.98.433 of NH-227 in Tamil Nadu,Tamil Nadu,Roads & Highways,Best score 11 < threshold 45,Formation of Cement Conrete road from Nduhatty  Kallhaty road of  Naduhatty  Panchayat
1949,618895,Kamalapuram to Oddanchatram from km. 0.00 to km. 35.822,Tamil Nadu,Roads & Highways,Best score 13 < threshold 45,Formation of Cement Conrete road from Nduhatty  Kallhaty road of  Naduhatty  Panchayat
1950,618521,Karaipettai to Walajapet from Km 71.015 to 107.091,Tamil Nadu,Roads & Highways,Best score 12 < threshold 45,Formation of Cement Conrete road from Nduhatty  Kallhaty road of  Naduhatty  Panchayat
1951,619129,Mahabalipuram - Pondicherry Pkg-I [Mamallapuram to Mugaiyur],Tamil Nadu,Roads & Highways,Best score 13 < threshold 45,Formation of Cement Conrete road from Nduhatty  Kallhaty road of  Naduhatty  Panchayat
1952,619130,Mahabalipuram - Pondicherry Pkg-II [Mugaiyur to Marakkanam],Tamil Nadu,Roads & Highways,Best score 12 < threshold 45,Formation of Cement Conrete road from Nduhatty  Kallhaty road of  Naduhatty  Panchayat
1953,618756,Melur - Pilayarpatti - Karaikudi from km 99.920 of NH 38 to km 12.9 of NH 383 Ext.,Tamil Nadu,Roads & Highways,Best score 14 < threshold 45,Formation of Cement Conrete road from Nduhatty  Kallhaty road of  Naduhatty  Panchayat
1954,618846,Poondiyankuppam Km.67.000 to Sattanathapuram Km.123.800,Tamil Nadu,Roads & Highways,Best score 15 < threshold 45,Formation of Cement Conrete road from Nduhatty  Kallhaty road of  Naduhatty  Panchayat
1955,618943,Salem - Ulundurpet section from km 0.313 to km 136.670 of NH-68,Tamil Nadu,Roads & Highways,Best score 12 < threshold 45,Formation of Cement Conrete road from Nduhatty  Kallhaty road of  Naduhatty  Panchayat
1956,619084,Start of Karur Bypass - Dindigul from km. 292.600 to km. 305.600 Contract Package No. NS2/BOT/TN-4,Tamil Nadu,Roads & Highways,Best score 14 < threshold 45,Formation of Cement Conrete road from Nduhatty  Kallhaty road of  Naduhatty  Panchayat
1957,619094,Thorapalli - Agraharam - Jittandahalli Section from km 23.350 to km 60.100 [Hosur to Dhamrapuri Pkg-2],Tamil Nadu,Roads & Highways,Best score 21 < threshold 45,Formation of Cement Conrete road from Nduhatty  Kallhaty road of  Naduhatty  Panchayat
1958,619083,Thumbipadi-Namakkal from km. 180.00 to km. 248.625 Package No. NS-2/BOT/TN-02,Tamil Nadu,Roads & Highways,Best score 11 < threshold 45,Formation of Cement Conrete road from Nduhatty  Kallhaty road of  Naduhatty  Panchayat
1959,618743,Trichy 135.800 to Karur 218.000 section of NH-67 - Trichy Bypass,Tamil Nadu,Roads & Highways,Best score 13 < threshold 45,Formation of Cement Conrete road from Nduhatty  Kallhaty road of  Naduhatty  Panchayat
1960,618773,Tuticorin - Tirunelveli from km. 0.00 to km. 47.250,Tamil Nadu,Roads & Highways,Best score 13 < threshold 45,Formation of Cement Conrete road from Nduhatty  Kallhaty road of  Naduhatty  Panchayat
1961,618811,4L Access Controlled  Greenfield Highway Section Mancherial  Warangal from Pangidipalle village at Design Ch. 72.350 Km to Oorugonda village at Design Ch. 112.240 KmPackage-III,Telangana,Roads & Highways,Best score 15 < threshold 45,"Formation of approach road from main road to M/s.GMR rock sand crusher  situated in Sy.No.89/B , Bas"
1966,618813,4L Access Controlled Greenfield Section Mancherial  Warangal from Narva village at Design Ch. 3.834 Km to Puttapaka village at Design Ch. 35.300 Km Package-I,Telangana,Roads & Highways,Best score 15 < threshold 45,"Formation of approach road from main road to M/s.GMR rock sand crusher  situated in Sy.No.89/B , Bas"
1967,618812,4L Access Controlled Greenfield Section Mancherial  Warangal from Puttapaka village at Design Ch. 35.300 Km to Pangidipalle village at Design Ch. 72.350 KmPackage-II,Telangana,Roads & Highways,Best score 16 < threshold 45,"Formation of approach road from main road to M/s.GMR rock sand crusher  situated in Sy.No.89/B , Bas"
1968,618765,4L of Karimnagar-Warangal section from km 49.500 to km 117.820 of NH-563,Telangana,Roads & Highways,Best score 30 < threshold 45,"Formation of approach road from main road to M/s.GMR rock sand crusher  situated in Sy.No.89/B , Bas"
1970,617913,6-laning of km 9.900 to km 19/948 Aramgarh to Shamshabad Section of Hyderabad-Bangalore section of NH-44 Under NHO EPC basis in the state of Telangana,Telangana,Roads & Highways,Best score 24 < threshold 45,"Formation of approach road from main road to M/s.GMR rock sand crusher  situated in Sy.No.89/B , Bas"
1971,617939,6-Laning of Pune-Hyderabad Section of NH-65 from Km 493/0 to Km 524/0 from Sangareddy X Roads to Madinaguda in the State of Telangana,Telangana,Roads & Highways,Best score 22 < threshold 45,"Formation of approach road from main road to M/s.GMR rock sand crusher  situated in Sy.No.89/B , Bas"
1972,618559,6L of existing 4L from Gundlapochampally  to Bowenpally from km 471.300 to  km 481.331 of NH-44,Telangana,Roads & Highways,Best score 15 < threshold 45,"Formation of approach road from main road to M/s.GMR rock sand crusher  situated in Sy.No.89/B , Bas"
1973,619253,Construction of 4 lane Bypass to Nalgonda Town lrorn Km 000 Existing Ch. 181590 to Km 14.00 Existing Ch. 28/685 ol Nakrekal to Nagarjunsagar Section of NH -565 in the State of Telangara on EPC under Annual Plan 2024 -25,Telangana,Roads & Highways,Best score 15 < threshold 45,"Formation of approach road from main road to M/s.GMR rock sand crusher  situated in Sy.No.89/B , Bas"
1974,618001,"Construction of 4-lane flyover at Amberpet-X road, Hyderabad on NH-202 in the State of Telangana",Telangana,Roads & Highways,Best score 22 < threshold 45,"Formation of approach road from main road to M/s.GMR rock sand crusher  situated in Sy.No.89/B , Bas"
1976,618944,Hyderabad - Maneguda,Telangana,Roads & Highways,Best score 11 < threshold 45,"Formation of approach road from main road to M/s.GMR rock sand crusher  situated in Sy.No.89/B , Bas"
1977,618558,Improvement of Geometrics of Kalkallu to Gundla Pochanpalli from Km 454.00  to Km 471.00 of NH-44,Telangana,Roads & Highways,Best score 17 < threshold 45,"Formation of approach road from main road to M/s.GMR rock sand crusher  situated in Sy.No.89/B , Bas"
1978,618560,Improvement of Geometrics of Thondupally to Kothur from Km 22.300 to Km 34.14 of NH-44,Telangana,Roads & Highways,Best score 21 < threshold 45,"Formation of approach road from main road to M/s.GMR rock sand crusher  situated in Sy.No.89/B , Bas"
1979,618746,Khammam-Devarapalle Pkg I [4L  Access Controlled Greenfield from Thallampadu village to Somavaram village Design Chainage 0000 to 33604],Telangana,Roads & Highways,Best score 22 < threshold 45,"Formation of approach road from main road to M/s.GMR rock sand crusher  situated in Sy.No.89/B , Bas"
1980,619128,Khammam-Devarapalle Pkg II [4L Access Controlled Greenfield from Somavaram village to Chintagudem village Design Chainage 33604 to 63117],Telangana,Roads & Highways,Best score 19 < threshold 45,"Formation of approach road from main road to M/s.GMR rock sand crusher  situated in Sy.No.89/B , Bas"
1982,617992,Rehabilitation & upgradation of NH - 167 from design km 187.723 to 234.434  Miryalaguda to Kodad section  to two lane with paved shoulder on EPC mode in the state of Telangana,Telangana,Roads & Highways,Best score 18 < threshold 45,"Formation of approach road from main road to M/s.GMR rock sand crusher  situated in Sy.No.89/B , Bas"
1983,618186,"Rehabilitation and Up-gradation of Valigonda to Thorrur Section to Two Lane with Paved Shoulders from Km 39.180 to Km 108.300 of NH-930P in the State of Telangana on Engineering, Procurement and Construction EPC Basis",Telangana,Roads & Highways,Best score 30 < threshold 45,"Formation of approach road from main road to M/s.GMR rock sand crusher  situated in Sy.No.89/B , Bas"
1984,617940,"Rehabilitation and Upgradation of LB-Nagar to Malkapur section to 6-Lane main carriageway with service roads, drains cum footpath, including VUPs and widening of Minor bridge & road safety provisions from Km. 15/00 to Km 40/00 of NH-65 Old NH-9 under NH O for the year 2020-21 in the state of Telangana on EPC Mode. ",Telangana,Roads & Highways,Best score 18 < threshold 45,"Formation of approach road from main road to M/s.GMR rock sand crusher  situated in Sy.No.89/B , Bas"
1985,617994,Rehabilitation and upgradation of NH-167 from design km 113.900 to 154.479 Mallepally Haliya section  to two lane with paved shoulders on EPC mode in the stte of Telangana,Telangana,Roads & Highways,Best score 22 < threshold 45,"Formation of approach road from main road to M/s.GMR rock sand crusher  situated in Sy.No.89/B , Bas"
1986,617993,Rehabilitation and upgradation of NH-167 from design km 157.707 to 187.723 design length 30.016 km to two lane with paved shoulders of Alinagar-Miryalaguda Sec on EPC mode in the state of Telangana,Telangana,Roads & Highways,Best score 19 < threshold 45,"Formation of approach road from main road to M/s.GMR rock sand crusher  situated in Sy.No.89/B , Bas"
1987,619193,Rehabilitation and upgradation of NH-221 from km 121/0 to 165/0 Rudrampur to Bhadrachalam section to two lane with paved shoulder under NHDPIV in the state of Telangana through EPC mode,Telangana,Roads & Highways,Best score 19 < threshold 45,"Formation of approach road from main road to M/s.GMR rock sand crusher  situated in Sy.No.89/B , Bas"
1989,619165,Thanamcherla-Jamandlapally 2LPS,Telangana,Roads & Highways,Best score 10 < threshold 45,"Formation of approach road from main road to M/s.GMR rock sand crusher  situated in Sy.No.89/B , Bas"
1990,619009,Upgradation to Two Lane with Paved Shoulders from Km 0.000 to Km 41.920 Green Field Alignment of Gowrelly to Valigonda Section of NH-930P in the State of Telangana on EPC Mode under Annual Plan 2022-23,Telangana,Roads & Highways,Best score 37 < threshold 45,"Formation of approach road from main road to M/s.GMR rock sand crusher  situated in Sy.No.89/B , Bas"
1995,618106,Widening and Strengthening to 2/4 lane with paved shoulders of Mahabubnagar  Chincholi section from Km 0/0 to Km 60/255 of NH-167N in the state of Telangana under Annual plan 2021-22 on EPC modepackage-I under NHO Job No.167N-TS-2021-22-75,Telangana,Roads & Highways,Best score 18 < threshold 45,"Formation of approach road from main road to M/s.GMR rock sand crusher  situated in Sy.No.89/B , Bas"
1996,618105,Widening and strengthening to 4 lane / 2-lane with paved shoulders of Mahabubnagar - Chincholi section from km 60/255 to Km 102/834 of NH-167N in the State of Telangana on EPC mode.,Telangana,Roads & Highways,Best score 21 < threshold 45,"Formation of approach road from main road to M/s.GMR rock sand crusher  situated in Sy.No.89/B , Bas"
1998,618183,Widening to 2 lane with paved shoulders from Km 62/920 to km 106/830 of Medak - Yellareddy section in the State of Telangana under Annual Plan 2022-23 on EPC mode under NHO,Telangana,Roads & Highways,Best score 19 < threshold 45,"Formation of approach road from main road to M/s.GMR rock sand crusher  situated in Sy.No.89/B , Bas"
2001,617996,Widening to 2/4 Lane with paved shoulders from Km 182.120 to Km 227.600 of NH 167 on Haggari-Jadcherla Road on EPC mode under NHO in the state of Telangana,Telangana,Roads & Highways,Best score 20 < threshold 45,"Formation of approach road from main road to M/s.GMR rock sand crusher  situated in Sy.No.89/B , Bas"
2004,618104,Widening to two lane with paved shoulders from Km 0/000 to Km 79/300 of Kalwakurthy - Kollapur section of NH-167K in the state of Telangana under annual plan 2021-22 on EPC mode under NHO.,Telangana,Roads & Highways,Best score 20 < threshold 45,"Formation of approach road from main road to M/s.GMR rock sand crusher  situated in Sy.No.89/B , Bas"
2005,617995,Widening to Two Lane with Paved Shoulders from Km 67.000 to Km 114.425 of Kalwakurthy- Mallapally Section of NH 167 Erstwhile section of SH 18 in the State of Telangana on EPC mode under NH O Annual Plan 2016-17,Telangana,Roads & Highways,Best score 33 < threshold 45,"Formation of approach road from main road to M/s.GMR rock sand crusher  situated in Sy.No.89/B , Bas"
2013,618350,Improvement & widening of existing NH-08 to 4-lane with Paved Shoulder from Champak Nagar to Khayerpur section design Km 242500 to Km 261610 in the state of Tripura on EPC basis under NHO-NE,Tripura,Roads & Highways,Best score 26 < threshold 45,Up-gradation of selected road stretches/Corridors to two lane with Paved Shoulder NH up-gradation of
2018,618411,Melaghar-Srimantapur section on NH-08 Spur from Km 23 to Km 34.500 11.5 Km and overlay from Km 20.30 to Km 22.00 1.7 Km Total Length  13.2 Km,Tripura,Roads & Highways,Best score 24 < threshold 45,Up-gradation of selected road stretches/Corridors to two lane with Paved Shoulder NH up-gradation of
2024,618854,2L PS of Raebareli - Jagdishpur with 4L Jagdishpur Bypass Spur,Uttar Pradesh,Roads & Highways,Best score 14 < threshold 45,Diverted for Road Widening and Strengthening of Bhadewara to Dramandganj Road (NH-135C) in Km. No. 1
2026,618961,4 Lane Inner Ring Road around Allahabad City Pkg-1 Prayagraj Southern Bypass 34.400  43.200,Uttar Pradesh,Roads & Highways,Best score 14 < threshold 45,Diverted for Road Widening and Strengthening of Bhadewara to Dramandganj Road (NH-135C) in Km. No. 1
2027,618960,4 Lane Inner Ring Road around Allahabad City Pkg-2 Prayagraj Southern Bypass 43.200 - 50.860,Uttar Pradesh,Roads & Highways,Best score 14 < threshold 45,Diverted for Road Widening and Strengthening of Bhadewara to Dramandganj Road (NH-135C) in Km. No. 1
2028,618690,"4 lanning of Aligarh Palwal section from km 0.00 to km 46.39 package -1 from khereshwar junction-kurana of NH33D  , including khair & jattari bypass in the state of UP on HAM mode",Uttar Pradesh,Roads & Highways,Best score 35 < threshold 45,Diverted for Road Widening and Strengthening of Bhadewara to Dramandganj Road (NH-135C) in Km. No. 1
2029,618783,4-laning of Pilibhit - Sitarganj from Km. 32.500 to Km. 70.800 Pkg-2 of NH-30,Uttar Pradesh,Roads & Highways,Best score 28 < threshold 45,Diverted for Road Widening and Strengthening of Bhadewara to Dramandganj Road (NH-135C) in Km. No. 1
2030,618969,4/6L of  Spur to Haridwar Greenfield from Km. 0.000 to Km. 50.70,Uttar Pradesh,Roads & Highways,Best score 32 < threshold 45,Diverted for Road Widening and Strengthening of Bhadewara to Dramandganj Road (NH-135C) in Km. No. 1
2031,618567,4/6L of Northern Ayodhya Bypass starting Km. 112.540 and ending Km. 139.928 north of existing NH-27 part-1 and part-2 south of NH-27 from km 0.000 to km 5.000.,Uttar Pradesh,Roads & Highways,Best score 31 < threshold 45,Diverted for Road Widening and Strengthening of Bhadewara to Dramandganj Road (NH-135C) in Km. No. 1
2032,618568,4/6L Southern Ayodhya Bypass from Km 5.000 to Km 37.172 starting near Km. 112.540 and ending at Km. 153.281 of NH-27,Uttar Pradesh,Roads & Highways,Best score 24 < threshold 45,Diverted for Road Widening and Strengthening of Bhadewara to Dramandganj Road (NH-135C) in Km. No. 1
2034,618868,4L from Devinagar Bypass End Existing Km. 208.000 of NH 530B/Design Km. 66.000 to Kasganj Bypass End Existing Km.150.100 of NH 530B/ Design Km. 123.100 of NH 530B,Uttar Pradesh,Roads & Highways,Best score 15 < threshold 45,Diverted for Road Widening and Strengthening of Bhadewara to Dramandganj Road (NH-135C) in Km. No. 1
2035,618865,4L from Gaju Village at Km. 32.982 to Devinagar Bypass End at Km. 208.000 of NH-530B Pkg-1C.,Uttar Pradesh,Roads & Highways,Best score 13 < threshold 45,Diverted for Road Widening and Strengthening of Bhadewara to Dramandganj Road (NH-135C) in Km. No. 1
2039,618867,4L Kasganj-Badaun Section from Km. 123.100 to Km. 179.500 Pkg-III of NH530B,Uttar Pradesh,Roads & Highways,Best score 30 < threshold 45,Diverted for Road Widening and Strengthening of Bhadewara to Dramandganj Road (NH-135C) in Km. No. 1
2040,618782,4L of Bareilly-Pilibhit-Sitarganj from Km. 0.000 to Km. 32.500 of NH-30 Pkg-1,Uttar Pradesh,Roads & Highways,Best score 27 < threshold 45,Diverted for Road Widening and Strengthening of Bhadewara to Dramandganj Road (NH-135C) in Km. No. 1
2046,618798,4L of Sonauli - Gorakhpur,Uttar Pradesh,Roads & Highways,Best score 10 < threshold 45,Diverted for Road Widening and Strengthening of Bhadewara to Dramandganj Road (NH-135C) in Km. No. 1
2048,618689,4L Rampur Bypass from Km. 181.000 to Km. 189.500,Uttar Pradesh,Roads & Highways,Best score 13 < threshold 45,Diverted for Road Widening and Strengthening of Bhadewara to Dramandganj Road (NH-135C) in Km. No. 1
2051,618968,6L access control Greenfield highway of Vill-Khyawari to Vill-Latifpur at Saharanpur Bypass  from Km. 82.000 to Km. 119.790 Pkg-4,Uttar Pradesh,Roads & Highways,Best score 29 < threshold 45,Diverted for Road Widening and Strengthening of Bhadewara to Dramandganj Road (NH-135C) in Km. No. 1
2052,618970,6L access control Greenfield highway of Vill-Lohadda to Vill-Karaunda Mahajan from Km. 27.000 to Km. 56.500 Pkg-2,Uttar Pradesh,Roads & Highways,Best score 25 < threshold 45,Diverted for Road Widening and Strengthening of Bhadewara to Dramandganj Road (NH-135C) in Km. No. 1
2053,618722,6L access Controlled Greenfield Highway from Gogwan Jalalpur Shamli to Ranipur Barsi Saharanpur of Shamli -Ambala section Package-I Design Ch. Form km 00.600 to km 45.500,Uttar Pradesh,Roads & Highways,Best score 33 < threshold 45,Diverted for Road Widening and Strengthening of Bhadewara to Dramandganj Road (NH-135C) in Km. No. 1
2054,619168,6L access controlled Greenfield highway of Junction of EPE Vill.-Mavikalan to Vill.-Lohadda from Km. 0.000  to Km. 27.000 Pkg-1,Uttar Pradesh,Roads & Highways,Best score 32 < threshold 45,Diverted for Road Widening and Strengthening of Bhadewara to Dramandganj Road (NH-135C) in Km. No. 1
2056,618499,6L Elevated Kanpur - Lucknow Exeressway Pkg-1 from Km. 10980 to Km. 28500,Uttar Pradesh,Roads & Highways,Best score 11 < threshold 45,Diverted for Road Widening and Strengthening of Bhadewara to Dramandganj Road (NH-135C) in Km. No. 1
2057,618498,6L Greenfield Kanpur - Lucknow Expressway Pkg II from km. 28.500 to km. 73.744,Uttar Pradesh,Roads & Highways,Best score 26 < threshold 45,Diverted for Road Widening and Strengthening of Bhadewara to Dramandganj Road (NH-135C) in Km. No. 1
2059,618711,6L with access control provision Saharanpur bypass to Ganeshpur section from 13.89 Km to 41.820 Km of Delhi- Dehradun Economic Corridor package-2 ,Uttar Pradesh,Roads & Highways,Best score 18 < threshold 45,Diverted for Road Widening and Strengthening of Bhadewara to Dramandganj Road (NH-135C) in Km. No. 1
2060,618692,Aligarh-Kanpur Pkg I [Aligarh-Bhadwas],Uttar Pradesh,Roads & Highways,Best score 10 < threshold 45,Diverted for Road Widening and Strengthening of Bhadewara to Dramandganj Road (NH-135C) in Km. No. 1
2062,618925,Bijnor-Kotawali,Uttar Pradesh,Roads & Highways,Best score 8 < threshold 45,Diverted for Road Widening and Strengthening of Bhadewara to Dramandganj Road (NH-135C) in Km. No. 1
2066,618869,"Construction of 4/6 lane Highway of Southern Bareilly Bypass, starting at Ch. 237000 of NH 530 near Jhumka chauraha,  Dhantiya village and ending at Ch. 267000 of NH 30 near Invertis University including Trumpet Interchange",Uttar Pradesh,Roads & Highways,Best score 16 < threshold 45,Diverted for Road Widening and Strengthening of Bhadewara to Dramandganj Road (NH-135C) in Km. No. 1
2068,618233,Construction of 6-lane bridge on Ganga on NH-96 and its approaches in Phaphamau Allahabad on EPC mode,Uttar Pradesh,Roads & Highways,Best score 15 < threshold 45,Diverted for Road Widening and Strengthening of Bhadewara to Dramandganj Road (NH-135C) in Km. No. 1
2069,618066,Construction of Amethi bypass Part-II at km.30.050 of NH-931 under EPC mode in the state of Uttar Pradesh,Uttar Pradesh,Roads & Highways,Best score 24 < threshold 45,Diverted for Road Widening and Strengthening of Bhadewara to Dramandganj Road (NH-135C) in Km. No. 1
2071,618243,Construction of Basti Ring Road Phase-I with 4L configuration for Basti City in the state of Uttar Pradesh on HAM mode,Uttar Pradesh,Roads & Highways,Best score 21 < threshold 45,Diverted for Road Widening and Strengthening of Bhadewara to Dramandganj Road (NH-135C) in Km. No. 1
2072,618262,Construction of Deoria Bypass from existing Km. 27.140 to existing Km. 46.780 Design Km. 49.109 on NH727A Design length 21.969 Km. to four lane with paved shoulder configuration under Hybrid Annuity Mode HAM in the State of Uttar Pradesh,Uttar Pradesh,Roads & Highways,Best score 23 < threshold 45,Diverted for Road Widening and Strengthening of Bhadewara to Dramandganj Road (NH-135C) in Km. No. 1
2083,618244,Construction of Raebareli Ring Road Phase-2 with four Lane configuration for Raebareli City in the state of Uttar Pradesh on Hybrid Annuity Model HAM basis,Uttar Pradesh,Roads & Highways,Best score 20 < threshold 45,Diverted for Road Widening and Strengthening of Bhadewara to Dramandganj Road (NH-135C) in Km. No. 1
2084,618540,Construction of Ring Road  around Kanpur from Ch.23.325 to Ch.32.090 Chaudhariya to Transganga Package-IIA,Uttar Pradesh,Roads & Highways,Best score 15 < threshold 45,Diverted for Road Widening and Strengthening of Bhadewara to Dramandganj Road (NH-135C) in Km. No. 1
2085,618538,Construction of Ring Road around kanpur from Ch.51.200 to Ch. 68.650  Badarka to Harbanch-Uchti Pkg-III,Uttar Pradesh,Roads & Highways,Best score 14 < threshold 45,Diverted for Road Widening and Strengthening of Bhadewara to Dramandganj Road (NH-135C) in Km. No. 1
2086,618536,Construction of Ring Road around Kanpur from Ch.68.650 to Ch.93.209 Jarkala to Pakari Package-IV in State of Uttar Pradesh.,Uttar Pradesh,Roads & Highways,Best score 22 < threshold 45,Diverted for Road Widening and Strengthening of Bhadewara to Dramandganj Road (NH-135C) in Km. No. 1
2087,618537,Construction of Ring Road around Kanpur from Km.000 to Km. 23.325 Chachendi Sachendi I to Maharajpur Package-I,Uttar Pradesh,Roads & Highways,Best score 38 < threshold 45,Diverted for Road Widening and Strengthening of Bhadewara to Dramandganj Road (NH-135C) in Km. No. 1
2088,618539,Construction of Ring Road Kanpur from Ch. 32.090 to Ch.51.200 Transganaga to Sathara Package-II B,Uttar Pradesh,Roads & Highways,Best score 15 < threshold 45,Diverted for Road Widening and Strengthening of Bhadewara to Dramandganj Road (NH-135C) in Km. No. 1
2089,618912,Construction of Rudrapur Bypass Section from Km. 0.000 to 20.640 in the state of Uttar Pradesh & Uttarakhand,Uttar Pradesh,Roads & Highways,Best score 43 < threshold 45,Diverted for Road Widening and Strengthening of Bhadewara to Dramandganj Road (NH-135C) in Km. No. 1
2090,618260,"Construction of Salempur bypass to 4LPS from km 64.000 of NH-727A Km 171.00 of Sonauli Balia Marg, old SH-01, near Mahadahan Chauraha to km 61.500 of NH-727B Km 178.500 of Sonauli Balia Marg, old SH-01, near near Ahirauli Village under Hybrid Annuity Mode HAM in the State of Uttar Pradesh",Uttar Pradesh,Roads & Highways,Best score 19 < threshold 45,Diverted for Road Widening and Strengthening of Bhadewara to Dramandganj Road (NH-135C) in Km. No. 1
2092,618075,Construction of two lane with paved shoulder from existing Km.0.000 to Km.55.610 design km. 0.000 to km. 54.048 of NH-124D,Uttar Pradesh,Roads & Highways,Best score 34 < threshold 45,Diverted for Road Widening and Strengthening of Bhadewara to Dramandganj Road (NH-135C) in Km. No. 1
2096,618710,DL/UP Border - EPE Crossing Pkg-02,Uttar Pradesh,Roads & Highways,Best score 8 < threshold 45,Diverted for Road Widening and Strengthening of Bhadewara to Dramandganj Road (NH-135C) in Km. No. 1
2097,618866,"Four Lane Highway from Chandan Nagar Existing Km. 59.025 of NH 530B/Design Km. 179.5000 to Bareilly BypassStartExisting Km. 59.025 of NH 530B/Design Km. 218.000 Section of NH 530B, in the State of Uttar Pradesh on HAM Mode under NH0",Uttar Pradesh,Roads & Highways,Best score 23 < threshold 45,Diverted for Road Widening and Strengthening of Bhadewara to Dramandganj Road (NH-135C) in Km. No. 1
2104,618112,"Improvement and up-gradation of NH-227B 84 Kosi Parikrama Marg Package I, from km 228.920 Jagarnathpur to Km 235.960/0.000 MakhaudaDham to Km 29.000 Sarpur in the State of Uttar Pradesh on EPC basis",Uttar Pradesh,Roads & Highways,Best score 22 < threshold 45,Diverted for Road Widening and Strengthening of Bhadewara to Dramandganj Road (NH-135C) in Km. No. 1
2105,618113,"Improvement and up-gradation of NH-227B 84 Kosi Parikrama Marg Package III, from Km.47.800 Gosaiganj to Km.73.300 Bikapur in the State of Uttar Pradesh on EPC basis.",Uttar Pradesh,Roads & Highways,Best score 22 < threshold 45,Diverted for Road Widening and Strengthening of Bhadewara to Dramandganj Road (NH-135C) in Km. No. 1
2106,618114,"Improvement and up-gradation of NH-227B 84 Kosi Parikrama Marg PackageV, from Design Km.140.960 Patranga to Km.160.200 Bahuvan Madar Majha on EPC mode in the State of Uttar Pradesh",Uttar Pradesh,Roads & Highways,Best score 20 < threshold 45,Diverted for Road Widening and Strengthening of Bhadewara to Dramandganj Road (NH-135C) in Km. No. 1
2107,618162,"Improvement and up-gradation to 2LPS of NH-227B 84-Kosi Parikrama Marg PackageVI, Design Km 160200 Bahuvan Madar Majha to Km 224040 Jagarnathpur under HAM",Uttar Pradesh,Roads & Highways,Best score 18 < threshold 45,Diverted for Road Widening and Strengthening of Bhadewara to Dramandganj Road (NH-135C) in Km. No. 1
2109,618252,"Improvement and Up-gradation to two Lane with Paved Shoulder/Four Lane configuration from existing Km 130.000 to Km 191.000 design km 131.500 to Km 188.735, Design length 57.235 Km of NH-227A near Barhalganj to Mehrauna Ghat in the state of Uttar Pradesh on Hybrid Annuity Model HAM basis",Uttar Pradesh,Roads & Highways,Best score 38 < threshold 45,Diverted for Road Widening and Strengthening of Bhadewara to Dramandganj Road (NH-135C) in Km. No. 1
2110,618110,Improvement and upgradation to two lane with Paved Shoulder configuration from existing km 55.00 to km 90.00 Design length 34.76 of NH-227A near Chhapia Village to near Sikriganj in the State of UP on EPC Mode.,Uttar Pradesh,Roads & Highways,Best score 37 < threshold 45,Diverted for Road Widening and Strengthening of Bhadewara to Dramandganj Road (NH-135C) in Km. No. 1
2111,618111,Improvement and upgradation to two lane with paved shoulder configuration from existing km 90.00 to 130.00 Design length 39.15 of NH-227A  near Sikriganj to Barhalganj in the State of UP on EPC Mode.,Uttar Pradesh,Roads & Highways,Best score 36 < threshold 45,Diverted for Road Widening and Strengthening of Bhadewara to Dramandganj Road (NH-135C) in Km. No. 1
2112,618116,lmprovement and Up-gradation from Km. 73.300 Bikapur to Km.140.960 Patranga of NH-227B 84 Kosi Parikrama Marg to 2LPS along with Parikrama Path,Uttar Pradesh,Roads & Highways,Best score 16 < threshold 45,Diverted for Road Widening and Strengthening of Bhadewara to Dramandganj Road (NH-135C) in Km. No. 1
2113,618067,"Rehabilitation & Up-gradation from design Km. 0.000 to Km. 69.280 of NH-931 Pratapgarh - Amethi - Gauriganj -Musafirkhana to two lane with paved shoulder on Engineering, Procurement & Construction EpC mode in the State of Uttar Pradesh",Uttar Pradesh,Roads & Highways,Best score 42 < threshold 45,Diverted for Road Widening and Strengthening of Bhadewara to Dramandganj Road (NH-135C) in Km. No. 1
2116,618263,"Rehabilitation and Up-gradation to 2LPS from Km. 0.000 to Km. 7.800 and Km. 35.400 to Km. 52.345 Design length  24.745 Km., except Bihar portion of NH-727B Tamkuhiraj to Bihar Border and Bihar Border to Majhauli on EPC mode in the State of Uttar Pradesh",Uttar Pradesh,Roads & Highways,Best score 38 < threshold 45,Diverted for Road Widening and Strengthening of Bhadewara to Dramandganj Road (NH-135C) in Km. No. 1
2118,618187,"Rehabilitation and upgradation of Salon - Jais - Jagdishpur Road section of NH-931A, from design Chainage km 0.000 to km 5.740 to four lane divided carriageway and from design Chainage km 5.740 to km 53.500 to two lane with paved Total length km 53.500 along with One time improvement in 04 no's of realigned/bypassed built-up areas in a total length of 9.732 km in the state of Uttar Pradesh on EPC mode",Uttar Pradesh,Roads & Highways,Best score 31 < threshold 45,Diverted for Road Widening and Strengthening of Bhadewara to Dramandganj Road (NH-135C) in Km. No. 1
2126,618893,Varanasi Gorakhpur Section Packege IV from km. 149.540 to km. 215.160 Mau-Gorakhpur,Uttar Pradesh,Roads & Highways,Best score 24 < threshold 45,Diverted for Road Widening and Strengthening of Bhadewara to Dramandganj Road (NH-135C) in Km. No. 1
2128,618063,Widening & Strenghteningof section from Bharthana chowk to Kodarkoot km.0.00 to km.40.00 of NH-91-A on EPC mode,Uttar Pradesh,Roads & Highways,Best score 28 < threshold 45,Diverted for Road Widening and Strengthening of Bhadewara to Dramandganj Road (NH-135C) in Km. No. 1
2130,618264,"Widening and Strengthening to two Lane with Paved Shoulder/Four Lane with paved shoulder configuration from km. 61.500 of NH-727B near Nawalpur km 178.500 of Sonauli  Balia Marg, Old SH-01 i.e. end point of Salempur Bypass to km. 106.495 of NH-727B near Sikanderpur under EPC mode",Uttar Pradesh,Roads & Highways,Best score 16 < threshold 45,Diverted for Road Widening and Strengthening of Bhadewara to Dramandganj Road (NH-135C) in Km. No. 1
2136,619292,4L Medinipur to Ballupur from Km. 458.65 to Km. 487.65 of NH-07Pkg-2,Uttarakhand,Roads & Highways,Best score 13 < threshold 45,Construction of 4-laning of Kotdwar bypass of NH-119 connecting Najibabad-Kotdwar to Kotdwar-Pauri r
2139,617968,Construction & Widening Including Augustmuni Bypass Ch-16.545 to Ch - 19.890 to 2L/PS from Km 16.545-Km 33.130 & 45.980 -57.975 Augustmuni to Kund & Guptkashi to Sitapur on NH 109 in UK,Uttarakhand,Roads & Highways,Best score 30 < threshold 45,Construction of 4-laning of Kotdwar bypass of NH-119 connecting Najibabad-Kotdwar to Kotdwar-Pauri r
2141,618393,"Construction for Mitigation Measures  of 10 Nos. Landslides, 01 No. Sinking Zones and 1 No. of Minor Bridge in between at Ch. Km 368.00 to Km 433.00 on NH-07 on EPC Mode in Uttarakhand Package-1",Uttarakhand,Roads & Highways,Best score 15 < threshold 45,Construction of 4-laning of Kotdwar bypass of NH-119 connecting Najibabad-Kotdwar to Kotdwar-Pauri r
2142,618391,"Construction for Mitigation Measures of 5 Nos. Landslides, 05 No. Sinking Zones and 01 No. Bridge from Ch. 450.00 to Ch. 468.00 18 Km. Length on NH-07 Package-III",Uttarakhand,Roads & Highways,Best score 15 < threshold 45,Construction of 4-laning of Kotdwar bypass of NH-119 connecting Najibabad-Kotdwar to Kotdwar-Pauri r
2143,618392,"Construction for Mitigation Measures of 5 Nos. Landslides, 5 Nos. Sinking Zones in between Ch. 433.00 to 450.00 BANERPANI VILLAGE on NH-07 on EPC mode in the state of Uttarakhand Package-2",Uttarakhand,Roads & Highways,Best score 14 < threshold 45,Construction of 4-laning of Kotdwar bypass of NH-119 connecting Najibabad-Kotdwar to Kotdwar-Pauri r
2144,617929,Construction of 2 lane with paved shoulder of Kund Bypass from Design Km 35.130 to Km 47.700 existing Km 33.130 to Km 41.260 of NH-109 in the State of Uttarakhand,Uttarakhand,Roads & Highways,Best score 19 < threshold 45,Construction of 4-laning of Kotdwar bypass of NH-119 connecting Najibabad-Kotdwar to Kotdwar-Pauri r
2145,619293,Construction of 4 Lane Access Controlled Bypass for Dehradun on NH307 from Design Chainage km 0050 Jhajra on NH-07 to Design Chainage km 12220 Asharori on EPC Mode in the State of Uttarakhand under NHO,Uttarakhand,Roads & Highways,Best score 16 < threshold 45,Construction of 4-laning of Kotdwar bypass of NH-119 connecting Najibabad-Kotdwar to Kotdwar-Pauri r
2146,619142,Construction of 4-lane connectivity to Banbasa ICP at India Nepal border from NH-09 old NH-125 Sitarganj-Tanakpur at Km 40.00 near Jagbuda bridge under Bharatmala Priyojana of NH-109D on EPC mode in the State of Uttarakhand,Uttarakhand,Roads & Highways,Best score 19 < threshold 45,Construction of 4-laning of Kotdwar bypass of NH-119 connecting Najibabad-Kotdwar to Kotdwar-Pauri r
2147,617890,Construction of Champawat Bypass with two lane with paved shoulder configuration starting from existing chainage 121.700 to existing chainage 129.450 Design Length 9.847 of NH-125 in District-Champawat in the state of Uttrakhand on EPC mode.,Uttarakhand,Roads & Highways,Best score 17 < threshold 45,Construction of 4-laning of Kotdwar bypass of NH-119 connecting Najibabad-Kotdwar to Kotdwar-Pauri r
2148,617967,Construction of Rudraprayag tunnel of length 900.30 MTR including approaches and one major bridge on river Alaknanda connecting NH-107/old-109 to NH-07old-58 on EPC mode in the state of Uttarakhand.,Uttarakhand,Roads & Highways,Best score 17 < threshold 45,Construction of 4-laning of Kotdwar bypass of NH-119 connecting Najibabad-Kotdwar to Kotdwar-Pauri r
2149,618390,"Construction, Operation & Maintenance of 2-L Bi-directional Silkyara Bend- Barkot Tunnel with escape passage including approaches Tunnel-4.531 & Approach road- 0.328 on Dharasu-Yamunotri section b/w Chainage 25.400km and 51.00km falling along NH-134 Old NH-94 on EPC mode",Uttarakhand,Roads & Highways,Best score 14 < threshold 45,Construction of 4-laning of Kotdwar bypass of NH-119 connecting Najibabad-Kotdwar to Kotdwar-Pauri r
2150,619295,Four/Six laning of Bhaniyawala-Jollygrant-Rishikesh spur section of NH-07 from Km. 0.000 to Km 19.780,Uttarakhand,Roads & Highways,Best score 43 < threshold 45,Construction of 4-laning of Kotdwar bypass of NH-119 connecting Najibabad-Kotdwar to Kotdwar-Pauri r
2151,618211,Improvement/construction of 2-lane with paved shoulder of Askote Llipulekh road from Tawaghat village to Budhi village design km. 56935 to km 95748 and from end of Tunnel portal to Kali Mandir design km 113828 to km. 133078 [total design length  58.063 km] under project Hirak of BRO in the state of Uttarakhand under Bharatmala Pariyojna on EPC Mode,Uttarakhand,Roads & Highways,Best score 16 < threshold 45,Construction of 4-laning of Kotdwar bypass of NH-119 connecting Najibabad-Kotdwar to Kotdwar-Pauri r
2153,617970,Reconstruction of existing 2 L/IL to 2L with paved shoulder from existing km 52.200 to 92.880 of NH-,Uttarakhand,Roads & Highways,Best score 14 < threshold 45,Construction of 4-laning of Kotdwar bypass of NH-119 connecting Najibabad-Kotdwar to Kotdwar-Pauri r
2154,618218,Rehabilitation & upgradation of existing road to 2-lane with hard shoulder from Joshimath km 0.00 to Saraithota km 29.725 road on NH-107B under Bharatmala Pariyojna on EPC mode in the state of Uttarakhand,Uttarakhand,Roads & Highways,Best score 19 < threshold 45,Construction of 4-laning of Kotdwar bypass of NH-119 connecting Najibabad-Kotdwar to Kotdwar-Pauri r
2156,617974,Rehabilitation and upgradation of 2 lane with paved shoulder from existing km. 195.175 to km. 220.000 Design Chainage km71.300 to Km. 95.947 Excluding existing chainage Km 200.300 to Km 202.400 Design chainage Km 76.400 to Km 78.400 on Dharasu to Yamunotri Road of NH- 134 Old NH-94,Uttarakhand,Roads & Highways,Best score 20 < threshold 45,Construction of 4-laning of Kotdwar bypass of NH-119 connecting Najibabad-Kotdwar to Kotdwar-Pauri r
2157,618210,Rehabilitation and upgradation of Askot-Lipulekh on EPC Basis for Phase-I Existing Km 72.00 to 107.620 Design Chainage Km 21330 to Km 56935 under Project Hirak of BRO in the state of Uttarakhand under Bharatmala Pariyojna Phase-I on EPC Mode Length-35.605 Km CA No EPC/MORT&H/HRK/01/2021-22,Uttarakhand,Roads & Highways,Best score 17 < threshold 45,Construction of 4-laning of Kotdwar bypass of NH-119 connecting Najibabad-Kotdwar to Kotdwar-Pauri r
2158,618213,Rehabilitation and Upgradation of road Rishikesh  Dharasu Old NH-94 with 2-lane with paved shoulder from km 76.000 to km 110.000 Design Chainage from km 74.733 to km 107.347 32.614 km including construction of Kamand re-alignment from existing Chainage Km 105.200 to Km 108.600 design chainage Km 103.436 to Km 105.949 - total length 2513 mtrs and land slide treatment work between design chainage Km 73.800 to Km 74.00 200m on EPC mode under improvement to NH connectivity to Chardham in,Uttarakhand,Roads & Highways,Best score 11 < threshold 45,Construction of 4-laning of Kotdwar bypass of NH-119 connecting Najibabad-Kotdwar to Kotdwar-Pauri r
2159,618214,Rehabilitation and upgradation to 2 lane / 2 lane with paved shoulder configuration for design chainage km 107.347 to km 129.208 & km 133.878 to km 138.570 existing chainage km 110.000 to km 133.020 & km 137.330 to km 142.028 and land slide treatment at existing km 138.500 Design chainage km 134.970 of NH -94 on EPC mode under improvement to NH connectivity to Chardham in the state of Uttarakhand.,Uttarakhand,Roads & Highways,Best score 14 < threshold 45,Construction of 4-laning of Kotdwar bypass of NH-119 connecting Najibabad-Kotdwar to Kotdwar-Pauri r
2160,617975,Rehabilitation and upgradation to 2 lane with paved shoulder configuration from km 122.00 Dharasu Bend to km 147.230 Silkyara Bend of NH-94 in the state of Uttarakhand,Uttarakhand,Roads & Highways,Best score 20 < threshold 45,Construction of 4-laning of Kotdwar bypass of NH-119 connecting Najibabad-Kotdwar to Kotdwar-Pauri r
2164,618212,"STABILIZATION OF LAND SLIDE AND SLOPE PROTECTION AT KM 11.00 TO KM 11.08, 29,730 KM TO 30,060 KM, 30,400 KM TO 31,060 KM, 34,750 KM TO 35,300 KM, 38,950 KM TO 39,030 KM & 39,460 KM TO 39,540 KM TWO LOC CLUBBED, KM 40,400 TO KM 40,650, KM 43,500  KM 43,680,  52,460  RISHIKESH - DHARASU ROAD NH-94 ON EPC MODE IN THE STATE OF UTTARAKHAND. NOSE OF LAND SLIDE - 12 NOS",Uttarakhand,Roads & Highways,Best score 11 < threshold 45,Construction of 4-laning of Kotdwar bypass of NH-119 connecting Najibabad-Kotdwar to Kotdwar-Pauri r
2165,617889,Treatment of landslide zone from location no. 01 to 28 km 62.860 to 152.750 on NH-12509 in the State of Uttarakhand under EPC mode in NHO Annual Plan 2022-23,Uttarakhand,Roads & Highways,Best score 18 < threshold 45,Construction of 4-laning of Kotdwar bypass of NH-119 connecting Najibabad-Kotdwar to Kotdwar-Pauri r
2167,618219,Upgradation to 2-lane with Hard shoulder configuration of Suraithota Ch. 29.725 km to Malari Ch. 60.550 km road on NH- 107B under in the state of Uttarakhand.,Uttarakhand,Roads & Highways,Best score 20 < threshold 45,Construction of 4-laning of Kotdwar bypass of NH-119 connecting Najibabad-Kotdwar to Kotdwar-Pauri r
2168,618039,Widening to 2 Lane from Existing Chainage Km 74.700  Km 100.660 Design Chainage Km 53.365 to Km 78.785 on NH- 507 in the State of Uttarakhand.,Uttarakhand,Roads & Highways,Best score 19 < threshold 45,Construction of 4-laning of Kotdwar bypass of NH-119 connecting Najibabad-Kotdwar to Kotdwar-Pauri r
2169,618207,Widening to 2-lane with Hard Shoulder configuration of Mana Ch. 0.00 to Mana Pass Ch. 50.987 road on NH-07 under Bharatmala Pariyojna in the state of Uttarakhand under Annual Plan 2022-23 length 50.987,Uttarakhand,Roads & Highways,Best score 18 < threshold 45,Construction of 4-laning of Kotdwar bypass of NH-119 connecting Najibabad-Kotdwar to Kotdwar-Pauri r
2170,618823,4 laning of Barasat - Barajaguli Section of NH-12 from Km. 31.000 to Km. 48.679 in the district of North 24 - Parganas,West Bengal,Roads & Highways,Best score 13 < threshold 45,Muck Dumping for Construction Rehabilitation and upgrading of two lane paved shoulders of NH717A
2171,618910,4L of Purulia Bypass section from Km 84.030 to Km 94.345 of NH-32,West Bengal,Roads & Highways,Best score 11 < threshold 45,Muck Dumping for Construction Rehabilitation and upgrading of two lane paved shoulders of NH717A
2172,618808,6L Elevated Kona Expressway from Km. 0.145 to Km. 7.337 of NH-117,West Bengal,Roads & Highways,Best score 8 < threshold 45,Muck Dumping for Construction Rehabilitation and upgrading of two lane paved shoulders of NH717A
2175,618825,Bridge over Ganga River at d/s of Farraka Barrage including Approaches connecting Farakka-Raiganj,West Bengal,Roads & Highways,Best score 10 < threshold 45,Muck Dumping for Construction Rehabilitation and upgrading of two lane paved shoulders of NH717A
2178,617893,Construction of additional major Bridge with 4- lane configuration of length 1.48 km on NH-60   NH-14    over River Kangshabati from Km. 117.770 to Km 119.250 and additional major Bridge with 4- lane configuration of length 0.900 km on NH-60   NH-14    over River Shilabati from Km. 173.220 to Km 174.120 in the district of Paschim Medinipur of West Bengal under Annual Plan for FY 2023-24 on EPC mode.   Job No 014-W8-2023-24/527   .,West Bengal,Roads & Highways,Best score 17 < threshold 45,Muck Dumping for Construction Rehabilitation and upgrading of two lane paved shoulders of NH717A
2181,619004,"Construction of Dubrajpur Bypass with 4-lane configuration of length 5.676 km on NH-60   new NH-14    from design chainage 0.00   existing km 316.135 on NH-60    to design chainage 5.676   existing km 320.980 on NH-60    in the district of Birbhum, West Bengal under Annual Plan 2022-23 in EPC Mode- reg.    Job. No. 014-WB-2022-23/518   .",West Bengal,Roads & Highways,Best score 19 < threshold 45,Muck Dumping for Construction Rehabilitation and upgrading of two lane paved shoulders of NH717A
2182,617960,Construction of new road at the missing link portion of NH-81 along approved alignment between Harishchandrapur and Eastern approach of Kalindri Bridge from Km 46.550 to Km 59.697 in the district of Malda.,West Bengal,Roads & Highways,Best score 19 < threshold 45,Muck Dumping for Construction Rehabilitation and upgrading of two lane paved shoulders of NH717A
2183,617931,Construction of ROB and its approaches in lieu of  LC No. 10/B/T at Km 307.050 of NH-60.,West Bengal,Roads & Highways,Best score 12 < threshold 45,Muck Dumping for Construction Rehabilitation and upgrading of two lane paved shoulders of NH717A
2184,617894,"Construction or 4 lane Raniganj Bypass of length 5.261 km on NH-60   new NH-14    from km 273.00 of NH to km 478.18 of NH-2   New NH 16    in paschim Bardhaman, West Bengal in EPC Mode- reg.   Job No. 014-WB-2022-23/514   ",West Bengal,Roads & Highways,Best score 19 < threshold 45,Muck Dumping for Construction Rehabilitation and upgrading of two lane paved shoulders of NH717A
2185,618824,"Development to 4-laning of the de-scoped stretches from Km 115.342 to Km 191.700 of NH-34 in Nadia District 3.962 & Murshidabad District 5.538 pertaining to Krishnagar to Berhampore section of NH-34 New NH-12 , in the state of West Bengal under NHO.",West Bengal,Roads & Highways,Best score 19 < threshold 45,Muck Dumping for Construction Rehabilitation and upgrading of two lane paved shoulders of NH717A
2188,618328,4-Laning of Balance work of Dimapur-Kohima Road from design km 152.490 to km 166.700 Existing km 156.000 to km 172.900 Excluding Dimapur & Kohima Bypass under SARDP-NE Package-III,Nagaland,Roads & Highways,Best score 11 < threshold 45,Engaging Technical Consultant for Preparation of Feasibility Study (FS) and Detailed Project Report 
2189,618296,Balance work of Construction of 2-lane with hard shoulder of Kohima - Jessami road on NH-29 old NH-150 from existing km 98.380 near Chizami vill. to km120.367 Nagaland/Manipur Border [Design km 95.700 to design km 117.200] [Design Length 21.500 km] in the state of Nagaland Under Bharatmala Pariyojna on EPC Mode Package-V under NHO,Nagaland,Roads & Highways,Best score 14 < threshold 45,Engaging Technical Consultant for Preparation of Feasibility Study (FS) and Detailed Project Report 
2191,618297,Construction of 2-lane with hard shoulder of Kohima - Jessami road on NH-29 Old NH-150 from existing Km 30.474 Near Kidwema road Chakahabama to existing Km 53.220 Near Kikruma Village Design Km 29.60 to Km 51.50 Design length-21.90 Km  in the state of Nagaland Under Bharatmala Pariyojna on EPC Mode under NHO Package-II -Balance work,Nagaland,Roads & Highways,Best score 14 < threshold 45,Engaging Technical Consultant for Preparation of Feasibility Study (FS) and Detailed Project Report 
2192,618423,Construction of 2-Lane with hard shoulders of Merangkong-Tamlu-Mon MTM Road from existing Km 20.456 to Km 41.065 Design Km. 20 to Km. 40.0 Design Length-20.000 Km in the State of Nagaland under SARDP-NE Phase-A Pkg-2 Balance work,Nagaland,Roads & Highways,Best score 16 < threshold 45,Engaging Technical Consultant for Preparation of Feasibility Study (FS) and Detailed Project Report 
2193,619059,Construction of 2-Lane with hard shoulders of Merangkong-Tamlu-Mon Road on EPC Basis from existing road Km. 76.640 to Km 98.065 Design chainage Km. 63.800 to Km. 86.835 Design Length-23.035 Km in the state of Nagaland under SARDP-NE  PKG-IV Balance work,Nagaland,Roads & Highways,Best score 16 < threshold 45,Engaging Technical Consultant for Preparation of Feasibility Study (FS) and Detailed Project Report 
2194,618422,"Construction of 2-lane with hard shoulders of Merangkong-Tamlu-Mon road Wakching Twon portion on EPC basis from existing Chainage Km 59000 to Km 73640 [Design Km. 59000 to Km, 72450] Design length - 13.450 Km under SARDP-NE package-V  Balance work",Nagaland,Roads & Highways,Best score 13 < threshold 45,Engaging Technical Consultant for Preparation of Feasibility Study (FS) and Detailed Project Report 
2195,618290,"Construction of 2-lane with Paved shoulder of Kohima- Bypass Road Connecting NH-39New NH-02, NH-150New NH-02, NH-61New NH-29, NH-39New NH-02 from Design Km 32.00 to Design Km 43.454Design Length-11.454 Km in the State of Nagaland under SARDP-NE on EPC Mode Package-IV",Nagaland,Roads & Highways,Best score 16 < threshold 45,Engaging Technical Consultant for Preparation of Feasibility Study (FS) and Detailed Project Report 
2196,618292,Construction of 2-Lane with paved shoulder of Kohima-Bypass Road connecting New NH-02 and New NH-29 from Design Km 10.500 to design Km 21.000 [Design Length- 10.500 km]  including TUNNEL of 500m at Ch. 11.000 in the state of Nagaland Under SARDP-NE on EPC Mode Package-2,Nagaland,Roads & Highways,Best score 17 < threshold 45,Engaging Technical Consultant for Preparation of Feasibility Study (FS) and Detailed Project Report 
2197,618291,"Construction of 2-lane with Paved shoulder of Kohima-Bypass Road connecting NH- 39 New NH-02, NH150New NH-02, NH7-61 New NH-29 and NH-39 New NH-02 from Design km 21.000 to km 32.268 [Design length11.268 km] in the state of Nagaland Under SARDP-NE on EPC Mode Package- 3",Nagaland,Roads & Highways,Best score 16 < threshold 45,Engaging Technical Consultant for Preparation of Feasibility Study (FS) and Detailed Project Report 
2198,618293,"Construction of 2-Lane with paved shoulder of Kohima-Bypass Road connecting NH-39New NH-02, NH-150New NH-02, NH-61New NH-29 and NH-39New NH-02 from design Km 0.00 to Km 10.500 in the State of Nagaland under SARDP-NE on EPC Mode Package-1 -Balance work",Nagaland,Roads & Highways,Best score 16 < threshold 45,Engaging Technical Consultant for Preparation of Feasibility Study (FS) and Detailed Project Report 
2199,618329,Construction of 4/6 Laning from Km 132.375 to Km 153.058 Total New Alignment length of 20.683 Km  of Daboka-Dimapur Section Dimapur Bypass Nagaland Portion of NH-36 & 39 in the State of Nagaland on EPC basis  under PhaseA of SARDP-NE ,Nagaland,Roads & Highways,Best score 16 < threshold 45,Engaging Technical Consultant for Preparation of Feasibility Study (FS) and Detailed Project Report 
2201,617886,Widening of existing Single lane / Intermediate lane road to 2 lane from Km 101 to Km 125 of NH 61,Nagaland,Roads & Highways,Best score 27 < threshold 45,Engaging Technical Consultant for Preparation of Feasibility Study (FS) and Detailed Project Report 
2202,618002,Widening of existing single lane to intermediate lane road from Mokokchung to Chare via Dikhu in the state of Nagaland on EPC mode,Nagaland,Roads & Highways,Best score 17 < threshold 45,Engaging Technical Consultant for Preparation of Feasibility Study (FS) and Detailed Project Report 
2203,618364,"Widening to 2 Lane with Hard shoulder of Akegwo-Avangkhu section of NH-202K for Package-I Design Chainage 0000 Km to 34795 Km, in the State of Nagaland on EPC mode under NH O-NE",Nagaland,Roads & Highways,Best score 18 < threshold 45,Engaging Technical Consultant for Preparation of Feasibility Study (FS) and Detailed Project Report 
2204,618366,Widening to 2 Lane with Hard shoulder of Akegwo-Avangkhu section of NH-202K for Package-II Design Chainage 34795 Km to 69875 Km in the State of Nagaland on EPC mode under NHO-NE,Nagaland,Roads & Highways,Best score 18 < threshold 45,Engaging Technical Consultant for Preparation of Feasibility Study (FS) and Detailed Project Report 
2205,618365,Widening to 2 Lane with Hard shoulder of Akegwo-Avangkhu section of NH-202K for Package-III Design Chainage 69875 Km to 106816 Km in the State of Nagaland on EPC mode under NHO-NE,Nagaland,Roads & Highways,Best score 18 < threshold 45,Engaging Technical Consultant for Preparation of Feasibility Study (FS) and Detailed Project Report 
2206,618072,Widening to Existing single lane /intermediate lane to 2 lane from Km185.00 to Km 220.00 of NH-61 New NH-02 in the state of Nagaland.,Nagaland,Roads & Highways,Best score 15 < threshold 45,Engaging Technical Consultant for Preparation of Feasibility Study (FS) and Detailed Project Report 
